time,x,y,vx,vz,eta,distance_remaining,recoveries,battery
184.60000000000002,0.04016406783275084,-0.011536082261638048,0.0,0.0,0.0,0.0,0,99.99998474121094
184.60000000000002,0.04016406783275084,-0.011536082261638048,0.0,0.0,0.0,0.0,0,99.99998474121094
184.60000000000002,0.04016406783275084,-0.011536082261638048,0.0,0.0,0.0,4.822528839111328,0,99.99998474121094
184.60000000000002,0.04016405845311555,-0.011536082513988355,0.0,0.0,0.0,4.822528839111328,0,99.99998474121094
184.70000000000002,0.04016405845311555,-0.011536082513988355,0.0,0.0,0.0,4.822528839111328,0,99.99998474121094
184.70000000000002,0.04016405845311555,-0.011536082513988355,0.125,-0.16,0.0,4.822528839111328,0,99.99998474121094
184.70000000000002,0.040164009326888905,-0.011536081538398857,0.125,-0.16,0.0,4.822528839111328,0,99.99998474121094
184.70000000000002,0.040164009326888905,-0.011536081538398857,0.125,-0.16,0.0,4.822528839111328,0,99.99998474121094
184.70000000000002,0.040164009326888905,-0.011536081538398857,0.125,-0.16,0.0,4.822528839111328,0,99.99998474121094
184.70000000000002,0.040164009326888905,-0.011536081538398857,0.125,-0.16,0.0,4.822528839111328,0,99.99998474121094
184.70000000000002,0.040164009326888905,-0.011536081538398857,0.125,-0.16,0.0,4.822528839111328,0,99.99998474121094
184.70000000000002,0.040164009326888905,-0.011536081538398857,0.19684210526315787,-0.32,0.0,4.822528839111328,0,99.99998474121094
184.70000000000002,0.041317620084394324,-0.011542958465315833,0.19684210526315787,-0.32,0.0,4.822528839111328,0,99.99998474121094
184.70000000000002,0.041317620084394324,-0.011542958465315833,0.19684210526315787,-0.32,0.0,4.822528839111328,0,99.99998474121094
184.70000000000002,0.041317620084394324,-0.011542958465315833,0.19684210526315787,-0.32,0.0,4.822528839111328,0,99.99998474121094
184.70000000000002,0.041317620084394324,-0.011542958465315833,0.19684210526315787,-0.32,0.0,4.822528839111328,0,99.99998474121094
184.70000000000002,0.0436258710987929,-0.01155671444168832,0.19684210526315787,-0.48,429.326715668,4.822528839111328,0,99.99998474121094
184.70000000000002,0.0436258710987929,-0.01155671444168832,0.19684210526315787,-0.48,429.326715668,4.822528839111328,0,99.99998474121094
184.70000000000002,0.0436258710987929,-0.01155671444168832,0.19684210526315787,-0.48,429.326715668,4.822528839111328,0,99.99998474121094
184.8,0.0436258710987929,-0.01155671444168832,0.19684210526315787,-0.48,429.326715668,4.822528839111328,0,99.99998474121094
184.8,0.04708899729697413,-0.011577355493973762,0.19684210526315787,-0.48,429.326715668,4.822528839111328,0,99.99998474121094
184.8,0.04708899729697413,-0.011577355493973762,0.19684210526315787,-0.64,214.105320394,4.822528839111328,0,99.99998474121094
184.8,0.04708899729697413,-0.011577355493973762,0.19684210526315787,-0.64,214.105320394,4.822528839111328,0,99.99998474121094
184.8,0.04708899729697413,-0.011577355493973762,0.19684210526315787,-0.64,214.105320394,4.822528839111328,0,99.99998474121094
184.8,0.05170704175035046,-0.01160487686670747,0.19684210526315787,-0.64,128.283490434,4.822528839111328,0,99.99998474121094
184.8,0.05170704175035046,-0.01160487686670747,0.19684210526315787,-0.64,128.283490434,4.822528839111328,0,99.99998474121094
184.8,0.05170704175035046,-0.01160487686670747,0.19684210526315787,-0.8,128.283490434,4.822528839111328,0,99.99998474121094
184.8,0.05170704175035046,-0.01160487686670747,0.19684210526315787,-0.8,128.283490434,4.822528839111328,0,99.99998474121094
184.8,0.05707192648281656,-0.01164183430318827,0.19684210526315787,-0.8,87.47533408,4.822528839111328,0,99.99998474121094
184.9,0.05707192648281656,-0.01164183430318827,0.19684210526315787,-0.8,87.47533408,4.822528839111328,0,99.99998474121094
184.9,0.05707192648281656,-0.01164183430318827,0.19684210526315787,-0.9600000000000001,87.47533408,4.822528839111328,0,99.99998474121094
184.9,0.05707192648281656,-0.01164183430318827,0.19684210526315787,-0.9600000000000001,87.47533408,4.822528839111328,0,99.99998474121094
184.9,0.05707192648281656,-0.01164183430318827,0.19684210526315787,-0.9600000000000001,87.47533408,4.822528839111328,0,99.99998474121094
184.9,0.06280746018494221,-0.011722730804676174,0.19684210526315787,-0.9600000000000001,65.241549023,4.822528839111328,0,99.99998474121094
184.9,0.06280746018494221,-0.011722730804676174,0.19684210526315787,-0.9600000000000001,65.241549023,4.822528839111328,0,99.99998474121094
184.9,0.06280746018494221,-0.011722730804676174,0.19684210526315787,-0.9600000000000001,65.241549023,4.822528839111328,0,99.99998474121094
184.9,0.06891996594915728,-0.011931274613213583,0.19684210526315787,-1.0,51.352473591,4.822528839111328,0,99.99998474121094
184.9,0.06891996594915728,-0.011931274613213583,0.19684210526315787,-1.0,51.352473591,4.822528839111328,0,99.99998474121094
184.9,0.06891996594915728,-0.011931274613213583,0.19684210526315787,-1.0,51.352473591,4.822528839111328,0,99.99998474121094
184.9,0.06891996594915728,-0.011931274613213583,0.19684210526315787,-1.0,51.352473591,4.822528839111328,0,99.99998474121094
184.9,0.07556785890564277,-0.012363309098180397,0.19684210526315787,-1.0,51.352473591,4.822528839111328,0,99.99998474121094
184.9,0.07556785890564277,-0.012363309098180397,0.18526315789473682,-1.0,41.690418646,4.822528839111328,0,99.99998474121094
184.9,0.07556785890564277,-0.012363309098180397,0.18526315789473682,-1.0,41.690418646,4.822528839111328,0,99.99998474121094
185.0,0.07556785890564277,-0.012363309098180397,0.18526315789473682,-1.0,41.690418646,4.822528839111328,0,99.99998474121094
185.0,0.07556785890564277,-0.012363309098180397,0.18526315789473682,-1.0,41.690418646,4.822528839111328,0,99.96456909179688
185.0,0.08228798563406592,-0.013039581470015549,0.18526315789473682,-1.0,35.016044797,4.822528839111328,0,99.96456909179688
185.0,0.08228798563406592,-0.013039581470015549,0.20842105263157892,-1.0,35.016044797,4.822528839111328,0,99.96456909179688
185.0,0.08228798563406592,-0.013039581470015549,0.20842105263157892,-1.0,35.016044797,4.822528839111328,0,99.96456909179688
185.0,0.08228798563406592,-0.013039581470015549,0.20842105263157892,-1.0,35.016044797,4.822528839111328,0,99.96456909179688
185.0,0.08228798563406592,-0.013039581470015549,0.20842105263157892,-1.0,35.016044797,4.822528839111328,0,99.96456909179688
185.0,0.0884998364243823,-0.013881131092073118,0.20842105263157892,-1.0,31.220529167,4.822528839111328,0,99.96456909179688
185.0,0.0884998364243823,-0.013881131092073118,0.20842105263157892,-1.0,31.220529167,4.822528839111328,0,99.96456909179688
185.0,0.0884998364243823,-0.013881131092073118,0.20842105263157892,-1.0,31.220529167,4.822528839111328,0,99.96456909179688
185.0,0.0884998364243823,-0.013881131092073118,0.20842105263157892,-1.0,31.220529167,4.822528839111328,0,99.96456909179688
185.0,0.09554320384167814,-0.015066095342882446,0.20842105263157892,-1.0,28.319169423,4.822528839111328,0,99.96456909179688
185.0,0.09554320384167814,-0.015066095342882446,0.20842105263157892,-1.0,28.319169423,4.822528839111328,0,99.96456909179688
185.10000000000002,0.09554320384167814,-0.015066095342882446,0.19684210526315787,-1.0,28.319169423,4.822528839111328,0,99.96456909179688
185.10000000000002,0.09554320384167814,-0.015066095342882446,0.19684210526315787,-1.0,28.319169423,4.822528839111328,0,99.96456909179688
185.10000000000002,0.09554320384167814,-0.015066095342882446,0.19684210526315787,-1.0,28.319169423,4.822528839111328,0,99.96456909179688
185.10000000000002,0.1025484667018024,-0.016487259847881464,0.19684210526315787,-1.0,26.446918428,4.822528839111328,0,99.96456909179688
185.10000000000002,0.1025484667018024,-0.016487259847881464,0.19684210526315787,-1.0,26.446918428,4.822528839111328,0,99.96456909179688
185.10000000000002,0.1025484667018024,-0.016487259847881464,0.19684210526315787,-1.0,26.446918428,4.822528839111328,0,99.96456909179688
185.10000000000002,0.1025484667018024,-0.016487259847881464,0.19684210526315787,-1.0,26.446918428,4.822528839111328,0,99.96456909179688
185.10000000000002,0.10911827631151128,-0.018061836201736015,0.19684210526315787,-1.0,25.47251069,4.822528839111328,0,99.96456909179688
185.10000000000002,0.10911827631151128,-0.018061836201736015,0.19684210526315787,-1.0,25.47251069,4.822528839111328,0,99.96456909179688
185.10000000000002,0.10911827631151128,-0.018061836201736015,0.19684210526315787,-1.0,25.47251069,4.822528839111328,0,99.96456909179688
185.10000000000002,0.10911827631151128,-0.018061836201736015,0.18526315789473682,-0.9487179487179487,25.47251069,4.822528839111328,0,99.96456909179688
185.10000000000002,0.1156288252275377,-0.01985758939365667,0.18526315789473682,-0.9487179487179487,25.47251069,4.822528839111328,0,99.96456909179688
185.10000000000002,0.1156288252275377,-0.01985758939365667,0.18526315789473682,-0.9487179487179487,24.8818283,4.822528839111328,0,99.96456909179688
185.10000000000002,0.1156288252275377,-0.01985758939365667,0.18526315789473682,-0.9487179487179487,24.8818283,4.822528839111328,0,99.96456909179688
185.20000000000002,0.1156288252275377,-0.01985758939365667,0.18526315789473682,-0.9487179487179487,24.8818283,4.822528839111328,0,99.96456909179688
185.20000000000002,0.1156288252275377,-0.01985758939365667,0.18526315789473682,-0.9487179487179487,24.8818283,4.822528839111328,0,99.96456909179688
185.20000000000002,0.1217015669297632,-0.021750552211143526,0.18526315789473682,-0.9487179487179487,24.8818283,4.822528839111328,0,99.96456909179688
185.20000000000002,0.1217015669297632,-0.021750552211143526,0.18526315789473682,-0.9487179487179487,24.272908918,4.7518181800842285,0,99.96456909179688
185.20000000000002,0.1217015669297632,-0.021750552211143526,0.18526315789473682,-0.9487179487179487,24.272908918,4.7518181800842285,0,99.96456909179688
185.20000000000002,0.1217015669297632,-0.021750552211143526,0.18526315789473682,-0.9487179487179487,24.272908918,4.7518181800842285,0,99.96456909179688
185.20000000000002,0.1217015669297632,-0.021750552211143526,0.21999999999999997,-1.0,24.272908918,4.7518181800842285,0,99.96456909179688
185.20000000000002,0.12770871735133316,-0.023837540735142215,0.21999999999999997,-1.0,24.182221536,4.7518181800842285,0,99.96456909179688
185.20000000000002,0.12770871735133316,-0.023837540735142215,0.21999999999999997,-1.0,24.182221536,4.7518181800842285,0,99.96456909179688
185.20000000000002,0.12770871735133316,-0.023837540735142215,0.21999999999999997,-1.0,24.182221536,4.7518181800842285,0,99.96456909179688
185.20000000000002,0.12770871735133316,-0.023837540735142215,0.21999999999999997,-1.0,24.182221536,4.7518181800842285,0,99.96456909179688
185.3,0.13467187928348778,-0.026509070079524966,0.21999999999999997,-1.0,23.870597606,4.7518181800842285,0,99.96456909179688
185.3,0.13467187928348778,-0.026509070079524966,0.21999999999999997,-1.0,23.870597606,4.7518181800842285,0,99.96456909179688
185.3,0.13467187928348778,-0.026509070079524966,0.21999999999999997,-1.0,23.870597606,4.7518181800842285,0,99.96456909179688
185.3,0.14162175895650186,-0.02944386171581015,0.21999999999999997,-1.0,23.567519565,4.7518181800842285,0,99.96456909179688
185.3,0.14162175895650186,-0.02944386171581015,0.19684210526315787,-0.9487179487179487,23.567519565,4.7518181800842285,0,99.96456909179688
185.3,0.14162175895650186,-0.02944386171581015,0.19684210526315787,-0.9487179487179487,23.567519565,4.7518181800842285,0,99.96456909179688
185.3,0.1484676673838945,-0.032617374975257185,0.19684210526315787,-0.9487179487179487,23.09257772,4.7518181800842285,0,99.96456909179688
185.3,0.1484676673838945,-0.032617374975257185,0.19684210526315787,-0.9487179487179487,23.09257772,4.7518181800842285,0,99.96456909179688
185.3,0.1484676673838945,-0.032617374975257185,0.19684210526315787,-0.9487179487179487,23.09257772,4.7518181800842285,0,99.96456909179688
185.3,0.1484676673838945,-0.032617374975257185,0.19684210526315787,-0.9487179487179487,23.09257772,4.7518181800842285,0,99.96456909179688
185.3,0.1484676673838945,-0.032617374975257185,0.19684210526315787,-0.9487179487179487,23.09257772,4.7518181800842285,0,99.96456909179688
185.3,0.15442501916031737,-0.035625926191168555,0.19684210526315787,-0.9487179487179487,23.09257772,4.7518181800842285,0,99.96456909179688
185.4,0.15442501916031737,-0.035625926191168555,0.19684210526315787,-0.9487179487179487,23.272774308,4.7518181800842285,0,99.96456909179688
185.4,0.15442501916031737,-0.035625926191168555,0.19684210526315787,-0.9487179487179487,23.272774308,4.7518181800842285,0,99.96456909179688
185.4,0.15442501916031737,-0.035625926191168555,0.19684210526315787,-0.9487179487179487,23.272774308,4.7518181800842285,0,99.96456909179688
185.4,0.16035653880844225,-0.03885308894075179,0.19684210526315787,-0.8974358974358974,23.425683584,4.7518181800842285,0,99.96456909179688
185.4,0.16035653880844225,-0.03885308894075179,0.19684210526315787,-0.8974358974358974,23.425683584,4.7518181800842285,0,99.96456909179688
185.4,0.16035653880844225,-0.03885308894075179,0.19684210526315787,-0.8974358974358974,23.425683584,4.7518181800842285,0,99.96456909179688
185.4,0.16035653880844225,-0.03885308894075179,0.19684210526315787,-0.8974358974358974,23.425683584,4.7518181800842285,0,99.96456909179688
185.4,0.16618842133743317,-0.042262833710085546,0.19684210526315787,-0.8974358974358974,23.427909232,4.7518181800842285,0,99.96456909179688
185.4,0.16618842133743317,-0.042262833710085546,0.19684210526315787,-0.8974358974358974,23.427909232,4.7518181800842285,0,99.96456909179688
185.4,0.16618842133743317,-0.042262833710085546,0.19684210526315787,-0.8974358974358974,23.427909232,4.7518181800842285,0,99.96456909179688
185.4,0.16618842133743317,-0.042262833710085546,0.19684210526315787,-0.8974358974358974,23.427909232,4.7518181800842285,0,99.96456909179688
185.4,0.16618842133743317,-0.042262833710085546,0.19684210526315787,-0.8974358974358974,23.427909232,4.7518181800842285,0,99.96456909179688
185.4,0.16618842133743317,-0.042262833710085546,0.19684210526315787,-0.8974358974358974,23.427909232,4.7518181800842285,0,99.96456909179688
185.4,0.16618842133743317,-0.042262833710085546,0.21999999999999997,-0.8974358974358974,23.427909232,4.7518181800842285,0,99.96456909179688
185.5,0.17190969784248433,-0.04585351451593034,0.21999999999999997,-0.8974358974358974,23.529892928,4.772246837615967,0,99.8625717163086
185.5,0.17190969784248433,-0.04585351451593034,0.21999999999999997,-0.8974358974358974,23.529892928,4.772246837615967,0,99.8625717163086
185.5,0.17190969784248433,-0.04585351451593034,0.21999999999999997,-0.8974358974358974,23.529892928,4.772246837615967,0,99.8625717163086
185.5,0.17190969784248433,-0.04585351451593034,0.21999999999999997,-0.8974358974358974,23.529892928,4.772246837615967,0,99.8625717163086
185.5,0.1781051633652555,-0.05000803004042892,0.21999999999999997,-0.8974358974358974,22.879803187,4.7222466468811035,0,99.8625717163086
185.5,0.1781051633652555,-0.05000803004042892,0.21999999999999997,-0.8974358974358974,22.879803187,4.7222466468811035,0,99.8625717163086
185.5,0.1781051633652555,-0.05000803004042892,0.21999999999999997,-0.8974358974358974,22.879803187,4.7222466468811035,0,99.8625717163086
185.5,0.18423780864085937,-0.054398740524387645,0.21999999999999997,-0.8974358974358974,22.458656623,4.7222466468811035,0,99.8625717163086
185.5,0.18423780864085937,-0.054398740524387645,0.21999999999999997,-0.8974358974358974,22.458656623,4.7222466468811035,0,99.8625717163086
185.5,0.18423780864085937,-0.054398740524387645,0.21999999999999997,-0.8974358974358974,22.458656623,4.7222466468811035,0,99.8625717163086
185.5,0.18423780864085937,-0.054398740524387645,0.17368421052631577,-0.7948717948717947,22.458656623,4.7222466468811035,0,99.8625717163086
185.5,0.18423780864085937,-0.054398740524387645,0.17368421052631577,-0.7948717948717947,22.458656623,4.7222466468811035,0,99.8625717163086
185.60000000000002,0.1902314459027039,-0.058977556896404715,0.17368421052631577,-0.7948717948717947,22.430376741,4.7222466468811035,0,99.8625717163086
185.60000000000002,0.1902314459027039,-0.058977556896404715,0.17368421052631577,-0.7948717948717947,22.430376741,4.7222466468811035,0,99.8625717163086
185.60000000000002,0.1902314459027039,-0.058977556896404715,0.17368421052631577,-0.7948717948717947,22.430376741,4.7222466468811035,0,99.8625717163086
185.60000000000002,0.1902314459027039,-0.058977556896404715,0.17368421052631577,-0.7948717948717947,22.430376741,4.7222466468811035,0,99.8625717163086
185.60000000000002,0.19512591575968408,-0.06295621577082167,0.17368421052631577,-0.7948717948717947,22.430376741,4.7222466468811035,0,99.8625717163086
185.60000000000002,0.19512591575968408,-0.06295621577082167,0.17368421052631577,-0.7948717948717947,22.872322616,4.7222466468811035,0,99.8625717163086
185.60000000000002,0.19512591575968408,-0.06295621577082167,0.17368421052631577,-0.7948717948717947,22.872322616,4.7222466468811035,0,99.8625717163086
185.60000000000002,0.19512591575968408,-0.06295621577082167,0.16210526315789472,-0.7435897435897434,22.872322616,4.7222466468811035,0,99.8625717163086
185.60000000000002,0.19964090849089677,-0.06685840985644398,0.16210526315789472,-0.7435897435897434,22.872322616,4.7222466468811035,0,99.8625717163086
185.60000000000002,0.19964090849089677,-0.06685840985644398,0.16210526315789472,-0.7435897435897434,23.457846406,4.7222466468811035,0,99.8625717163086
185.60000000000002,0.19964090849089677,-0.06685840985644398,0.16210526315789472,-0.7435897435897434,23.457846406,4.7222466468811035,0,99.8625717163086
185.60000000000002,0.19964090849089677,-0.06685840985644398,0.16210526315789472,-0.7435897435897434,23.457846406,4.7222466468811035,0,99.8625717163086
185.60000000000002,0.19964090849089677,-0.06685840985644398,0.16210526315789472,-0.7435897435897434,23.457846406,4.7222466468811035,0,99.8625717163086
185.70000000000002,0.2037547018441841,-0.0706106047447771,0.16210526315789472,-0.7435897435897434,23.887852191,4.7222466468811035,0,99.8625717163086
185.70000000000002,0.2037547018441841,-0.0706106047447771,0.16210526315789472,-0.7435897435897434,23.887852191,4.7222466468811035,0,99.8625717163086
185.70000000000002,0.2037547018441841,-0.0706106047447771,0.16210526315789472,-0.7435897435897434,23.887852191,4.7222466468811035,0,99.8625717163086
185.70000000000002,0.2037547018441841,-0.0706106047447771,0.16210526315789472,-0.7435897435897434,23.887852191,4.7222466468811035,0,99.8625717163086
185.70000000000002,0.20777983773867592,-0.07445664333389501,0.21999999999999997,-0.7948717948717947,24.361638373,4.7222466468811035,0,99.8625717163086
185.70000000000002,0.20777983773867592,-0.07445664333389501,0.21999999999999997,-0.7948717948717947,24.361638373,4.7222466468811035,0,99.8625717163086
185.70000000000002,0.20777983773867592,-0.07445664333389501,0.21999999999999997,-0.7948717948717947,24.361638373,4.7222466468811035,0,99.8625717163086
185.70000000000002,0.20777983773867592,-0.07445664333389501,0.21999999999999997,-0.7948717948717947,24.361638373,4.7222466468811035,0,99.8625717163086
185.70000000000002,0.21252343428354936,-0.07922170977455056,0.21999999999999997,-0.7948717948717947,24.361638373,4.7222466468811035,0,99.8625717163086
185.70000000000002,0.21252343428354936,-0.07922170977455056,0.21999999999999997,-0.7948717948717947,24.369117022,4.7222466468811035,0,99.8625717163086
185.70000000000002,0.21252343428354936,-0.07922170977455056,0.21999999999999997,-0.7948717948717947,24.369117022,4.7222466468811035,0,99.8625717163086
185.70000000000002,0.21252343428354936,-0.07922170977455056,0.21999999999999997,-0.7948717948717947,24.369117022,4.7222466468811035,0,99.8625717163086
185.8,0.21769472726426842,-0.08470211561174323,0.21999999999999997,-0.7948717948717947,23.800744512,4.672246932983398,0,99.8625717163086
185.8,0.21769472726426842,-0.08470211561174323,0.21999999999999997,-0.7948717948717947,23.800744512,4.672246932983398,0,99.8625717163086
185.8,0.21769472726426842,-0.08470211561174323,0.21999999999999997,-0.7435897435897434,23.800744512,4.672246932983398,0,99.8625717163086
185.8,0.21769472726426842,-0.08470211561174323,0.21999999999999997,-0.7435897435897434,23.800744512,4.672246932983398,0,99.8625717163086
185.8,0.22271548337515745,-0.09031940484216483,0.21999999999999997,-0.7435897435897434,23.771558287,4.672246932983398,0,99.8625717163086
185.8,0.22271548337515745,-0.09031940484216483,0.21999999999999997,-0.7435897435897434,23.771558287,4.672246932983398,0,99.8625717163086
185.8,0.22271548337515745,-0.09031940484216483,0.21999999999999997,-0.7435897435897434,23.771558287,4.672246932983398,0,99.8625717163086
185.8,0.22758011690418734,-0.09606613162933664,0.21999999999999997,-0.7435897435897434,23.771558287,4.672246932983398,0,99.8625717163086
185.8,0.22758011690418734,-0.09606613162933664,0.21999999999999997,-0.7435897435897434,23.776780748,4.672246932983398,0,99.8625717163086
185.8,0.22758011690418734,-0.09606613162933664,0.21999999999999997,-0.7435897435897434,23.776780748,4.672246932983398,0,99.8625717163086
185.8,0.22758011690418734,-0.09606613162933664,0.21999999999999997,-0.7435897435897434,23.776780748,4.672246932983398,0,99.8625717163086
185.9,0.22758011690418734,-0.09606613162933664,0.21999999999999997,-0.7435897435897434,23.776780748,4.672246932983398,0,99.8625717163086
185.9,0.2322972286364231,-0.10193118103768661,0.19684210526315787,-0.6923076923076921,23.776780748,4.672246932983398,0,99.8625717163086
185.9,0.2322972286364231,-0.10193118103768661,0.19684210526315787,-0.6923076923076921,23.777010956,4.672246932983398,0,99.8625717163086
185.9,0.2322972286364231,-0.10193118103768661,0.19684210526315787,-0.6923076923076921,23.777010956,4.672246932983398,0,99.8625717163086
185.9,0.2322972286364231,-0.10193118103768661,0.19684210526315787,-0.6923076923076921,23.777010956,4.672246932983398,0,99.8625717163086
185.9,0.23639174598749557,-0.1072846344660251,0.19684210526315787,-0.6923076923076921,23.777010956,4.672246932983398,0,99.8625717163086
185.9,0.23639174598749557,-0.1072846344660251,0.19684210526315787,-0.6923076923076921,23.608279799,4.672246932983398,0,99.8625717163086
185.9,0.23639174598749557,-0.1072846344660251,0.19684210526315787,-0.6923076923076921,23.608279799,4.672246932983398,0,99.8625717163086
185.9,0.23639174598749557,-0.1072846344660251,0.19684210526315787,-0.6923076923076921,23.608279799,4.672246932983398,0,99.8625717163086
185.9,0.23639174598749557,-0.1072846344660251,0.19684210526315787,-0.6923076923076921,23.608279799,4.672246932983398,0,99.8625717163086
185.9,0.24034726153458252,-0.11273767033022847,0.19684210526315787,-0.6923076923076921,23.302907693,4.672246932983398,0,99.8625717163086
185.9,0.24034726153458252,-0.11273767033022847,0.21999999999999997,-0.6410256410256407,23.302907693,4.672246932983398,0,99.8625717163086
185.9,0.24034726153458252,-0.11273767033022847,0.21999999999999997,-0.6410256410256407,23.302907693,4.672246932983398,0,99.8625717163086
186.0,0.24034726153458252,-0.11273767033022847,0.21999999999999997,-0.6410256410256407,23.302907693,4.672246932983398,0,99.8625717163086
186.0,0.24417023285075135,-0.1182816782025391,0.21999999999999997,-0.6410256410256407,22.867862433,4.672246932983398,0,99.76687622070312
186.0,0.24417023285075135,-0.1182816782025391,0.21999999999999997,-0.6410256410256407,22.867862433,4.672246932983398,0,99.76687622070312
186.0,0.24417023285075135,-0.1182816782025391,0.21999999999999997,-0.6410256410256407,22.867862433,4.672246932983398,0,99.76687622070312
186.0,0.24417023285075135,-0.1182816782025391,0.21999999999999997,-0.6410256410256407,22.867862433,4.672246932983398,0,99.76687622070312
186.0,0.24829909531256944,-0.12456865893096092,0.21999999999999997,-0.6410256410256407,21.942272906,4.622246742248535,0,99.76687622070312
186.0,0.24829909531256944,-0.12456865893096092,0.21999999999999997,-0.6410256410256407,21.942272906,4.622246742248535,0,99.76687622070312
186.0,0.24829909531256944,-0.12456865893096092,0.21999999999999997,-0.6410256410256407,21.942272906,4.622246742248535,0,99.76687622070312
186.0,0.24829909531256944,-0.12456865893096092,0.21999999999999997,-0.6410256410256407,21.942272906,4.622246742248535,0,99.76687622070312
186.0,0.25227732628731725,-0.1309480163356629,0.21999999999999997,-0.6410256410256407,21.680025742,4.622246742248535,0,99.76687622070312
186.0,0.25227732628731725,-0.1309480163356629,0.21999999999999997,-0.6410256410256407,21.680025742,4.622246742248535,0,99.76687622070312
186.10000000000002,0.25227732628731725,-0.1309480163356629,0.21999999999999997,-0.6410256410256407,21.680025742,4.622246742248535,0,99.76687622070312
186.10000000000002,0.25606717993424066,-0.13732699976540397,0.21999999999999997,-0.6410256410256407,21.680025742,4.622246742248535,0,99.76687622070312
186.10000000000002,0.25606717993424066,-0.13732699976540397,0.21999999999999997,-0.6410256410256407,21.72064474,4.622246742248535,0,99.76687622070312
186.10000000000002,0.25606717993424066,-0.13732699976540397,0.21999999999999997,-0.6410256410256407,21.72064474,4.622246742248535,0,99.76687622070312
186.10000000000002,0.25606717993424066,-0.13732699976540397,0.21999999999999997,-0.6410256410256407,21.72064474,4.622246742248535,0,99.76687622070312
186.10000000000002,0.25606717993424066,-0.13732699976540397,0.21999999999999997,-0.6410256410256407,21.72064474,4.622246742248535,0,99.76687622070312
186.10000000000002,0.265088435684131,-0.1471462395408133,0.21999999999999997,-0.6410256410256407,21.762490661,4.622246742248535,0,99.76687622070312
186.10000000000002,0.265088435684131,-0.1471462395408133,0.19684210526315787,-0.5897435897435894,21.762490661,4.622246742248535,0,99.76687622070312
186.10000000000002,0.265088435684131,-0.1471462395408133,0.19684210526315787,-0.5897435897435894,21.762490661,4.622246742248535,0,99.76687622070312
186.10000000000002,0.265088435684131,-0.1471462395408133,0.19684210526315787,-0.5897435897435894,21.762490661,4.622246742248535,0,99.76687622070312
186.10000000000002,0.2741106354784497,-0.15713218298009107,0.19684210526315787,-0.5897435897435894,21.7679978,4.622246742248535,0,99.76687622070312
186.10000000000002,0.2741106354784497,-0.15713218298009107,0.19684210526315787,-0.5897435897435894,21.7679978,4.622246742248535,0,99.76687622070312
186.20000000000002,0.2741106354784497,-0.15713218298009107,0.19684210526315787,-0.5897435897435894,21.7679978,4.622246742248535,0,99.76687622070312
186.20000000000002,0.2741106354784497,-0.15713218298009107,0.19684210526315787,-0.5897435897435894,21.7679978,4.622246742248535,0,99.76687622070312
186.20000000000002,0.2826375482521333,-0.16651392162226675,0.19684210526315787,-0.5897435897435894,22.046960751,4.622246742248535,0,99.76687622070312
186.20000000000002,0.2826375482521333,-0.16651392162226675,0.19684210526315787,-0.5897435897435894,22.046960751,4.622246742248535,0,99.76687622070312
186.20000000000002,0.2826375482521333,-0.16651392162226675,0.19684210526315787,-0.5897435897435894,22.046960751,4.622246742248535,0,99.76687622070312
186.20000000000002,0.2826375482521333,-0.16651392162226675,0.21999999999999997,-0.43589743589743557,22.046960751,4.622246742248535,0,99.76687622070312
186.20000000000002,0.29103002314801607,-0.17595516926449356,0.21999999999999997,-0.43589743589743557,21.685856311,4.548640251159668,0,99.76687622070312
186.20000000000002,0.29103002314801607,-0.17595516926449356,0.21999999999999997,-0.43589743589743557,21.685856311,4.548640251159668,0,99.76687622070312
186.20000000000002,0.29103002314801607,-0.17595516926449356,0.21999999999999997,-0.43589743589743557,21.685856311,4.548640251159668,0,99.76687622070312
186.20000000000002,0.29103002314801607,-0.17595516926449356,0.21999999999999997,-0.43589743589743557,21.685856311,4.548640251159668,0,99.76687622070312
186.20000000000002,0.2996134148129532,-0.18614675575390816,0.21999999999999997,-0.43589743589743557,21.406684915,4.548640251159668,0,99.76687622070312
186.20000000000002,0.2996134148129532,-0.18614675575390816,0.21999999999999997,-0.43589743589743557,21.406684915,4.548640251159668,0,99.76687622070312
186.3,0.2996134148129532,-0.18614675575390816,0.21999999999999997,-0.43589743589743557,21.406684915,4.548640251159668,0,99.76687622070312
186.3,0.2996134148129532,-0.18614675575390816,0.21999999999999997,-0.43589743589743557,21.406684915,4.548640251159668,0,99.76687622070312
186.3,0.30779290564435957,-0.196263175951311,0.21999999999999997,-0.43589743589743557,21.145652913,4.548640251159668,0,99.76687622070312
186.3,0.30779290564435957,-0.196263175951311,0.20842105263157892,-0.3846153846153843,21.145652913,4.548640251159668,0,99.76687622070312
186.3,0.30779290564435957,-0.196263175951311,0.20842105263157892,-0.3846153846153843,21.145652913,4.548640251159668,0,99.76687622070312
186.3,0.30779290564435957,-0.196263175951311,0.20842105263157892,-0.3846153846153843,21.145652913,4.548640251159668,0,99.76687622070312
186.3,0.31065770962901507,-0.20320793568521844,0.20842105263157892,-0.3846153846153843,21.143464402,4.548640251159668,0,99.76687622070312
186.3,0.31065770962901507,-0.20320793568521844,0.20842105263157892,-0.3846153846153843,21.261722439,4.5740814208984375,0,99.76687622070312
186.3,0.31065770962901507,-0.20320793568521844,0.20842105263157892,-0.3846153846153843,21.261722439,4.5740814208984375,0,99.76687622070312
186.3,0.31065770962901507,-0.20320793568521844,0.20842105263157892,-0.3846153846153843,21.261722439,4.5740814208984375,0,99.76687622070312
186.3,0.31065770962901507,-0.20320793568521844,0.20842105263157892,-0.3846153846153843,21.261722439,4.5740814208984375,0,99.76687622070312
186.3,0.3132679556158444,-0.20980469643859462,0.20842105263157892,-0.3846153846153843,21.395767366,4.5740814208984375,0,99.76687622070312
186.4,0.3132679556158444,-0.20980469643859462,0.20842105263157892,-0.3846153846153843,21.395767366,4.5740814208984375,0,99.76687622070312
186.4,0.3132679556158444,-0.20980469643859462,0.19684210526315787,-0.3846153846153843,21.395767366,4.5740814208984375,0,99.76687622070312
186.4,0.3132679556158444,-0.20980469643859462,0.19684210526315787,-0.3846153846153843,21.395767366,4.5740814208984375,0,99.76687622070312
186.4,0.3157860746281542,-0.2164630495175155,0.19684210526315787,-0.3846153846153843,21.395767366,4.5740814208984375,0,99.76687622070312
186.4,0.3157860746281542,-0.2164630495175155,0.19684210526315787,-0.3846153846153843,21.482640298,4.5740814208984375,0,99.76687622070312
186.4,0.3157860746281542,-0.2164630495175155,0.19684210526315787,-0.3846153846153843,21.482640298,4.5740814208984375,0,99.76687622070312
186.4,0.3157860746281542,-0.2164630495175155,0.19684210526315787,-0.3846153846153843,21.482640298,4.5740814208984375,0,99.76687622070312
186.4,0.3157860746281542,-0.2164630495175155,0.19684210526315787,-0.3846153846153843,21.482640298,4.5740814208984375,0,99.76687622070312
186.4,0.3157860746281542,-0.2164630495175155,0.19684210526315787,-0.3846153846153843,21.482640298,4.5740814208984375,0,99.76687622070312
186.4,0.3180718543874197,-0.222761790310544,0.19684210526315787,-0.3846153846153843,21.717964274,4.5740814208984375,0,99.76687622070312
186.4,0.3180718543874197,-0.222761790310544,0.19684210526315787,-0.3846153846153843,21.717964274,4.5740814208984375,0,99.76687622070312
186.4,0.3180718543874197,-0.222761790310544,0.21999999999999997,-0.33333333333333304,21.717964274,4.5740814208984375,0,99.76687622070312
186.4,0.3180718543874197,-0.222761790310544,0.21999999999999997,-0.33333333333333304,21.717964274,4.5740814208984375,0,99.76687622070312
186.4,0.3180718543874197,-0.222761790310544,0.21999999999999997,-0.33333333333333304,21.717964274,4.5740814208984375,0,99.76687622070312
186.4,0.3202796534782748,-0.2291134901875379,0.21999999999999997,-0.33333333333333304,21.980977481,4.5740814208984375,0,99.76687622070312
186.4,0.3202796534782748,-0.2291134901875379,0.21999999999999997,-0.33333333333333304,21.980977481,4.5740814208984375,0,99.76687622070312
186.5,0.3202796534782748,-0.2291134901875379,0.21999999999999997,-0.33333333333333304,21.980977481,4.5740814208984375,0,99.76687622070312
186.5,0.3202796534782748,-0.2291134901875379,0.21999999999999997,-0.33333333333333304,21.980977481,4.5740814208984375,0,99.62569427490234
186.5,0.3202796534782748,-0.2291134901875379,0.21999999999999997,-0.33333333333333304,21.980977481,4.5740814208984375,0,99.62569427490234
186.5,0.3229405446523461,-0.23681548557917348,0.21999999999999997,-0.33333333333333304,21.980977481,4.5740814208984375,0,99.62569427490234
186.5,0.3229405446523461,-0.23681548557917348,0.21999999999999997,-0.33333333333333304,21.715343413,4.5740814208984375,0,99.62569427490234
186.5,0.3229405446523461,-0.23681548557917348,0.21999999999999997,-0.33333333333333304,21.715343413,4.5740814208984375,0,99.62569427490234
186.5,0.3229405446523461,-0.23681548557917348,0.21999999999999997,-0.33333333333333304,21.715343413,4.5740814208984375,0,99.62569427490234
186.5,0.3229405446523461,-0.23681548557917348,0.21999999999999997,-0.33333333333333304,21.715343413,4.5740814208984375,0,99.62569427490234
186.5,0.3229405446523461,-0.23681548557917348,0.21999999999999997,-0.33333333333333304,21.715343413,4.5740814208984375,0,99.62569427490234
186.5,0.3229405446523461,-0.23681548557917348,0.21999999999999997,-0.33333333333333304,21.715343413,4.5740814208984375,0,99.62569427490234
186.5,0.3272758432037024,-0.2480540998828793,0.20842105263157892,-0.33333333333333304,21.462076854,4.5740814208984375,0,99.62569427490234
186.5,0.3272758432037024,-0.2480540998828793,0.20842105263157892,-0.33333333333333304,21.462076854,4.5740814208984375,0,99.62569427490234
186.5,0.3272758432037024,-0.2480540998828793,0.20842105263157892,-0.33333333333333304,21.462076854,4.5740814208984375,0,99.62569427490234
186.5,0.3272758432037024,-0.2480540998828793,0.20842105263157892,-0.33333333333333304,21.462076854,4.5740814208984375,0,99.62569427490234
186.5,0.3314021804536993,-0.25891901234316905,0.20842105263157892,-0.33333333333333304,21.462076854,4.5740814208984375,0,99.62569427490234
186.5,0.3314021804536993,-0.25891901234316905,0.19684210526315787,-0.28205128205128177,21.39440494,4.524081230163574,0,99.62569427490234
186.60000000000002,0.3314021804536993,-0.25891901234316905,0.19684210526315787,-0.28205128205128177,21.39440494,4.524081230163574,0,99.62569427490234
186.60000000000002,0.3314021804536993,-0.25891901234316905,0.19684210526315787,-0.28205128205128177,21.39440494,4.524081230163574,0,99.62569427490234
186.60000000000002,0.3314021804536993,-0.25891901234316905,0.19684210526315787,-0.28205128205128177,21.39440494,4.524081230163574,0,99.62569427490234
186.60000000000002,0.33533435106637444,-0.26945373666334793,0.19684210526315787,-0.28205128205128177,21.658803065,4.524081230163574,0,99.62569427490234
186.60000000000002,0.33533435106637444,-0.26945373666334793,0.19684210526315787,-0.28205128205128177,21.658803065,4.524081230163574,0,99.62569427490234
186.60000000000002,0.33533435106637444,-0.26945373666334793,0.19684210526315787,-0.28205128205128177,21.658803065,4.524081230163574,0,99.62569427490234
186.60000000000002,0.33533435106637444,-0.26945373666334793,0.19684210526315787,-0.28205128205128177,21.658803065,4.524081230163574,0,99.62569427490234
186.60000000000002,0.33533435106637444,-0.26945373666334793,0.19684210526315787,-0.28205128205128177,21.658803065,4.524081230163574,0,99.62569427490234
186.60000000000002,0.33919133997102713,-0.280005941194684,0.19684210526315787,-0.28205128205128177,21.935253032,4.524081230163574,0,99.62569427490234
186.60000000000002,0.33919133997102713,-0.280005941194684,0.19684210526315787,-0.28205128205128177,21.935253032,4.524081230163574,0,99.62569427490234
186.60000000000002,0.33919133997102713,-0.280005941194684,0.19684210526315787,-0.28205128205128177,21.935253032,4.524081230163574,0,99.62569427490234
186.60000000000002,0.33919133997102713,-0.280005941194684,0.19684210526315787,-0.28205128205128177,21.935253032,4.524081230163574,0,99.62569427490234
186.60000000000002,0.33919133997102713,-0.280005941194684,0.19684210526315787,-0.28205128205128177,21.935253032,4.524081230163574,0,99.62569427490234
186.60000000000002,0.3429897615167514,-0.2905731700490858,0.19684210526315787,-0.28205128205128177,22.070473251,4.524081230163574,0,99.62569427490234
186.70000000000002,0.3429897615167514,-0.2905731700490858,0.19684210526315787,-0.28205128205128177,22.070473251,4.524081230163574,0,99.62569427490234
186.70000000000002,0.3429897615167514,-0.2905731700490858,0.19684210526315787,-0.28205128205128177,22.070473251,4.524081230163574,0,99.62569427490234
186.70000000000002,0.3429897615167514,-0.2905731700490858,0.19684210526315787,-0.28205128205128177,22.070473251,4.524081230163574,0,99.62569427490234
186.70000000000002,0.3465404217940853,-0.30079758595387274,0.19684210526315787,-0.28205128205128177,22.219802107,4.524081230163574,0,99.62569427490234
186.70000000000002,0.3465404217940853,-0.30079758595387274,0.21999999999999997,-0.17948717948717924,22.219802107,4.524081230163574,0,99.62569427490234
186.70000000000002,0.3465404217940853,-0.30079758595387274,0.21999999999999997,-0.17948717948717924,22.219802107,4.524081230163574,0,99.62569427490234
186.70000000000002,0.3465404217940853,-0.30079758595387274,0.21999999999999997,-0.17948717948717924,22.219802107,4.524081230163574,0,99.62569427490234
186.70000000000002,0.3481528645861254,-0.3073084857390567,0.21999999999999997,-0.17948717948717924,22.219802107,4.524081230163574,0,99.62569427490234
186.70000000000002,0.3481528645861254,-0.3073084857390567,0.21999999999999997,-0.17948717948717924,21.966100354,4.474081039428711,0,99.62569427490234
186.70000000000002,0.3481528645861254,-0.3073084857390567,0.21999999999999997,-0.17948717948717924,21.966100354,4.474081039428711,0,99.62569427490234
186.70000000000002,0.3481528645861254,-0.3073084857390567,0.21999999999999997,-0.17948717948717924,21.966100354,4.474081039428711,0,99.62569427490234
186.70000000000002,0.3481528645861254,-0.3073084857390567,0.21999999999999997,-0.17948717948717924,21.966100354,4.474081039428711,0,99.62569427490234
186.70000000000002,0.3481528645861254,-0.3073084857390567,0.21999999999999997,-0.17948717948717924,21.966100354,4.474081039428711,0,99.62569427490234
186.8,0.34988835544956154,-0.3145929022929715,0.21999999999999997,-0.17948717948717924,21.698941739,4.474081039428711,0,99.62569427490234
186.8,0.34988835544956154,-0.3145929022929715,0.21999999999999997,-0.17948717948717924,21.698941739,4.474081039428711,0,99.62569427490234
186.8,0.34988835544956154,-0.3145929022929715,0.20842105263157892,-0.17948717948717924,21.698941739,4.474081039428711,0,99.62569427490234
186.8,0.34988835544956154,-0.3145929022929715,0.20842105263157892,-0.17948717948717924,21.698941739,4.474081039428711,0,99.62569427490234
186.8,0.34988835544956154,-0.3145929022929715,0.20842105263157892,-0.17948717948717924,21.698941739,4.474081039428711,0,99.62569427490234
186.8,0.34988835544956154,-0.3145929022929715,0.20842105263157892,-0.17948717948717924,21.698941739,4.474081039428711,0,99.62569427490234
186.8,0.35158438934394787,-0.32188557544792423,0.20842105263157892,-0.17948717948717924,21.698941739,4.474081039428711,0,99.62569427490234
186.8,0.35158438934394787,-0.32188557544792423,0.20842105263157892,-0.17948717948717924,21.70092467,4.474081039428711,0,99.62569427490234
186.8,0.35158438934394787,-0.32188557544792423,0.20842105263157892,-0.17948717948717924,21.70092467,4.474081039428711,0,99.62569427490234
186.8,0.35158438934394787,-0.32188557544792423,0.20842105263157892,-0.17948717948717924,21.70092467,4.474081039428711,0,99.62569427490234
186.8,0.35158438934394787,-0.32188557544792423,0.20842105263157892,-0.17948717948717924,21.70092467,4.474081039428711,0,99.62569427490234
186.8,0.35158438934394787,-0.32188557544792423,0.20842105263157892,-0.17948717948717924,21.70092467,4.474081039428711,0,99.62569427490234
186.8,0.3531581545836071,-0.3288054563313067,0.19684210526315787,-0.12820512820512797,21.846006815,4.474081039428711,0,99.62569427490234
186.8,0.3531581545836071,-0.3288054563313067,0.19684210526315787,-0.12820512820512797,21.846006815,4.474081039428711,0,99.62569427490234
186.8,0.3531581545836071,-0.3288054563313067,0.19684210526315787,-0.12820512820512797,21.846006815,4.474081039428711,0,99.62569427490234
186.8,0.3546840728103069,-0.3357370117364487,0.19684210526315787,-0.12820512820512797,21.838565157,4.474081039428711,0,99.62569427490234
186.9,0.3546840728103069,-0.3357370117364487,0.19684210526315787,-0.12820512820512797,21.838565157,4.474081039428711,0,99.62569427490234
186.9,0.3546840728103069,-0.3357370117364487,0.19684210526315787,-0.12820512820512797,21.838565157,4.474081039428711,0,99.62569427490234
186.9,0.3546840728103069,-0.3357370117364487,0.19684210526315787,-0.12820512820512797,21.838565157,4.474081039428711,0,99.62569427490234
186.9,0.3558448272267445,-0.3421916468949416,0.19684210526315787,-0.12820512820512797,21.847080732,4.474081039428711,0,99.62569427490234
186.9,0.3558448272267445,-0.3421916468949416,0.19684210526315787,-0.12820512820512797,21.847080732,4.474081039428711,0,99.62569427490234
186.9,0.3558448272267445,-0.3421916468949416,0.19684210526315787,-0.12820512820512797,21.847080732,4.474081039428711,0,99.62569427490234
186.9,0.35655942662181883,-0.34846341382238605,0.21999999999999997,-0.12820512820512797,21.847080732,4.474081039428711,0,99.62569427490234
186.9,0.35655942662181883,-0.34846341382238605,0.21999999999999997,-0.12820512820512797,21.847080732,4.474081039428711,0,99.62569427490234
186.9,0.35655942662181883,-0.34846341382238605,0.21999999999999997,-0.12820512820512797,21.851886007,4.474081039428711,0,99.62569427490234
186.9,0.35655942662181883,-0.34846341382238605,0.21999999999999997,-0.12820512820512797,21.851886007,4.474081039428711,0,99.62569427490234
186.9,0.35655942662181883,-0.34846341382238605,0.21999999999999997,-0.12820512820512797,21.851886007,4.474081039428711,0,99.62569427490234
186.9,0.35655942662181883,-0.34846341382238605,0.21999999999999997,-0.12820512820512797,21.851886007,4.474081039428711,0,99.62569427490234
186.9,0.35743483876644944,-0.3555063491259144,0.21999999999999997,-0.12820512820512797,21.583600888,4.474081039428711,0,99.62569427490234
187.0,0.35743483876644944,-0.3555063491259144,0.21999999999999997,-0.12820512820512797,21.583600888,4.474081039428711,0,99.62569427490234
187.0,0.35743483876644944,-0.3555063491259144,0.21999999999999997,-0.12820512820512797,21.583600888,4.474081039428711,0,99.49395751953125
187.0,0.35743483876644944,-0.3555063491259144,0.21999999999999997,-0.12820512820512797,21.583600888,4.474081039428711,0,99.49395751953125
187.0,0.35829722119607776,-0.3625515860806293,0.20842105263157892,-0.12820512820512797,21.342393808,4.424081325531006,0,99.49395751953125
187.0,0.35829722119607776,-0.3625515860806293,0.20842105263157892,-0.12820512820512797,21.081710152,4.424081325531006,0,99.49395751953125
187.0,0.35829722119607776,-0.3625515860806293,0.20842105263157892,-0.12820512820512797,21.081710152,4.424081325531006,0,99.49395751953125
187.0,0.35829722119607776,-0.3625515860806293,0.20842105263157892,-0.12820512820512797,21.081710152,4.424081325531006,0,99.49395751953125
187.0,0.359071309278868,-0.3692137852401105,0.20842105263157892,-0.12820512820512797,20.956372446,4.424081325531006,0,99.49395751953125
187.0,0.359071309278868,-0.3692137852401105,0.20842105263157892,-0.12820512820512797,20.956372446,4.424081325531006,0,99.49395751953125
187.0,0.359071309278868,-0.3692137852401105,0.20842105263157892,-0.12820512820512797,20.956372446,4.424081325531006,0,99.49395751953125
187.0,0.359071309278868,-0.3692137852401105,0.20842105263157892,-0.12820512820512797,20.908247018,4.413921356201172,0,99.49395751953125
187.0,0.359071309278868,-0.3692137852401105,0.20842105263157892,-0.12820512820512797,20.908247018,4.413921356201172,0,99.49395751953125
187.10000000000002,0.35984145246430055,-0.37587570366249584,0.20842105263157892,-0.12820512820512797,21.040668553,4.413921356201172,0,99.49395751953125
187.10000000000002,0.35984145246430055,-0.37587570366249584,0.19684210526315787,-0.12820512820512797,21.040668553,4.413921356201172,0,99.49395751953125
187.10000000000002,0.35984145246430055,-0.37587570366249584,0.19684210526315787,-0.12820512820512797,21.040668553,4.413921356201172,0,99.49395751953125
187.10000000000002,0.35984145246430055,-0.37587570366249584,0.19684210526315787,-0.12820512820512797,21.040668553,4.413921356201172,0,99.49395751953125
187.10000000000002,0.35984145246430055,-0.37587570366249584,0.19684210526315787,-0.12820512820512797,21.040668553,4.413921356201172,0,99.49395751953125
187.10000000000002,0.3608672601558307,-0.38267344632966693,0.19684210526315787,-0.12820512820512797,21.169500164,4.413921356201172,0,99.49395751953125
187.10000000000002,0.3608672601558307,-0.38267344632966693,0.19684210526315787,-0.12820512820512797,21.169500164,4.413921356201172,0,99.49395751953125
187.10000000000002,0.3608672601558307,-0.38267344632966693,0.19684210526315787,-0.12820512820512797,21.169500164,4.413921356201172,0,99.49395751953125
187.10000000000002,0.3621265260935571,-0.389260877437083,0.19684210526315787,-0.12820512820512797,21.296156327,4.413921356201172,0,99.49395751953125
187.10000000000002,0.3621265260935571,-0.389260877437083,0.19684210526315787,-0.12820512820512797,21.296156327,4.413921356201172,0,99.49395751953125
187.10000000000002,0.3621265260935571,-0.389260877437083,0.19684210526315787,-0.12820512820512797,21.296156327,4.413921356201172,0,99.49395751953125
187.10000000000002,0.3621265260935571,-0.389260877437083,0.21999999999999997,-0.12820512820512797,21.296156327,4.413921356201172,0,99.49395751953125
187.20000000000002,0.3633563159546749,-0.3958521670554219,0.21999999999999997,-0.12820512820512797,21.436009558,4.413921356201172,0,99.49395751953125
187.20000000000002,0.3633563159546749,-0.3958521670554219,0.21999999999999997,-0.12820512820512797,21.436009558,4.413921356201172,0,99.49395751953125
187.20000000000002,0.3633563159546749,-0.3958521670554219,0.21999999999999997,-0.12820512820512797,21.436009558,4.413921356201172,0,99.49395751953125
187.20000000000002,0.3633563159546749,-0.3958521670554219,0.21999999999999997,-0.12820512820512797,21.436009558,4.413921356201172,0,99.49395751953125
187.20000000000002,0.3646986767425686,-0.4032223446202527,0.21999999999999997,-0.12820512820512797,20.930742535,4.363921642303467,0,99.49395751953125
187.20000000000002,0.3646986767425686,-0.4032223446202527,0.21999999999999997,-0.12820512820512797,20.930742535,4.363921642303467,0,99.49395751953125
187.20000000000002,0.3646986767425686,-0.4032223446202527,0.21999999999999997,-0.12820512820512797,20.930742535,4.363921642303467,0,99.49395751953125
187.20000000000002,0.3646986767425686,-0.4032223446202527,0.21999999999999997,-0.12820512820512797,20.930742535,4.363921642303467,0,99.49395751953125
187.20000000000002,0.3660079126671729,-0.41059603347499724,0.21999999999999997,-0.12820512820512797,20.670992231,4.363921642303467,0,99.49395751953125
187.20000000000002,0.3660079126671729,-0.41059603347499724,0.21999999999999997,0.03179487179487203,20.670992231,4.363921642303467,0,99.49395751953125
187.20000000000002,0.3660079126671729,-0.41059603347499724,0.21999999999999997,0.03179487179487203,20.670992231,4.363921642303467,0,99.49395751953125
187.20000000000002,0.3660079126671729,-0.41059603347499724,0.21999999999999997,0.03179487179487203,20.670992231,4.363921642303467,0,99.49395751953125
187.3,0.3672841689018793,-0.4179739663069599,0.21999999999999997,0.03179487179487203,20.66829766,4.363921642303467,0,99.49395751953125
187.3,0.3672841689018793,-0.4179739663069599,0.21999999999999997,0.03179487179487203,20.66829766,4.363921642303467,0,99.49395751953125
187.3,0.3672841689018793,-0.4179739663069599,0.21999999999999997,0.12820512820512842,20.66829766,4.363921642303467,0,99.49395751953125
187.3,0.3682187944698929,-0.4254675677408309,0.21999999999999997,0.12820512820512842,20.669748365,4.363921642303467,0,99.49395751953125
187.3,0.3682187944698929,-0.4254675677408309,0.21999999999999997,0.12820512820512842,20.669748365,4.363921642303467,0,99.49395751953125
187.3,0.3682187944698929,-0.4254675677408309,0.21999999999999997,0.12820512820512842,20.669748365,4.363921642303467,0,99.49395751953125
187.3,0.3682187944698929,-0.4254675677408309,0.21999999999999997,0.12820512820512842,20.669748365,4.363921642303467,0,99.49395751953125
187.3,0.3682187944698929,-0.4254675677408309,0.20842105263157892,0.12820512820512842,20.669748365,4.363921642303467,0,99.49395751953125
187.3,0.36885695450511635,-0.4330663235811866,0.20842105263157892,0.12820512820512842,20.547824508,4.363921642303467,0,99.49395751953125
187.3,0.36885695450511635,-0.4330663235811866,0.20842105263157892,0.12820512820512842,20.547824508,4.363921642303467,0,99.49395751953125
187.3,0.36885695450511635,-0.4330663235811866,0.20842105263157892,0.12820512820512842,20.547824508,4.363921642303467,0,99.49395751953125
187.4,0.36947884617851345,-0.44027421297526637,0.20842105263157892,0.12820512820512842,20.547824508,4.363921642303467,0,99.49395751953125
187.4,0.36947884617851345,-0.44027421297526637,0.20842105263157892,0.12820512820512842,20.561053224,4.363921642303467,0,99.49395751953125
187.4,0.36947884617851345,-0.44027421297526637,0.20842105263157892,0.12820512820512842,20.561053224,4.363921642303467,0,99.49395751953125
187.4,0.36947884617851345,-0.44027421297526637,0.20842105263157892,0.12820512820512842,20.561053224,4.363921642303467,0,99.49395751953125
187.4,0.3701191243613582,-0.4474746378641513,0.20842105263157892,0.12820512820512842,20.561053224,4.363921642303467,0,99.49395751953125
187.4,0.3701191243613582,-0.4474746378641513,0.20842105263157892,0.12820512820512842,20.562705648,4.363921642303467,0,99.49395751953125
187.4,0.3701191243613582,-0.4474746378641513,0.21999999999999997,0.12820512820512842,20.562705648,4.363921642303467,0,99.49395751953125
187.4,0.3701191243613582,-0.4474746378641513,0.21999999999999997,0.12820512820512842,20.562705648,4.363921642303467,0,99.49395751953125
187.4,0.37077636074595066,-0.45466960613490115,0.21999999999999997,0.12820512820512842,20.208998787,4.3139214515686035,0,99.49395751953125
187.4,0.37077636074595066,-0.45466960613490115,0.21999999999999997,0.12820512820512842,20.208998787,4.3139214515686035,0,99.49395751953125
187.4,0.37077636074595066,-0.45466960613490115,0.21999999999999997,0.12820512820512842,20.208998787,4.3139214515686035,0,99.49395751953125
187.5,0.37155405983637646,-0.4622466276559196,0.21999999999999997,0.12820512820512842,19.977688303,4.3139214515686035,0,99.3938980102539
187.5,0.37155405983637646,-0.4622466276559196,0.21999999999999997,0.12820512820512842,19.977688303,4.3139214515686035,0,99.3938980102539
187.5,0.37155405983637646,-0.4622466276559196,0.21999999999999997,0.12820512820512842,19.977688303,4.3139214515686035,0,99.3938980102539
187.5,0.37155405983637646,-0.4622466276559196,0.21999999999999997,0.12820512820512842,19.977688303,4.3139214515686035,0,99.3938980102539
187.5,0.37155405983637646,-0.4622466276559196,0.21999999999999997,0.12820512820512842,19.977688303,4.3139214515686035,0,99.3938980102539
187.5,0.3727135161345616,-0.46967967452626574,0.21999999999999997,0.07692307692307715,19.983982802,4.3139214515686035,0,99.3938980102539
187.5,0.3727135161345616,-0.46967967452626574,0.21999999999999997,0.07692307692307715,19.983982802,4.3139214515686035,0,99.3938980102539
187.5,0.3727135161345616,-0.46967967452626574,0.21999999999999997,0.07692307692307715,19.983982802,4.3139214515686035,0,99.3938980102539
187.5,0.3727135161345616,-0.46967967452626574,0.21999999999999997,0.07692307692307715,19.983982802,4.3139214515686035,0,99.3938980102539
187.5,0.37413857897623104,-0.47701563314055956,0.21999999999999997,0.07692307692307715,19.993971753,4.3139214515686035,0,99.3938980102539
187.5,0.37413857897623104,-0.47701563314055956,0.21999999999999997,0.07692307692307715,19.993971753,4.3139214515686035,0,99.3938980102539
187.5,0.37413857897623104,-0.47701563314055956,0.21999999999999997,0.07692307692307715,19.993971753,4.3139214515686035,0,99.3938980102539
187.5,0.37413857897623104,-0.47701563314055956,0.21999999999999997,0.07692307692307715,19.993971753,4.3139214515686035,0,99.3938980102539
187.60000000000002,0.3755929610283435,-0.48434633620859446,0.21999999999999997,0.07692307692307715,19.993971753,4.3139214515686035,0,99.3938980102539
187.60000000000002,0.3755929610283435,-0.48434633620859446,0.21999999999999997,0.07692307692307715,20.006102644,4.3139214515686035,0,99.3938980102539
187.60000000000002,0.3755929610283435,-0.48434633620859446,0.21999999999999997,0.23076923076923095,20.006102644,4.3139214515686035,0,99.3938980102539
187.60000000000002,0.3755929610283435,-0.48434633620859446,0.21999999999999997,0.23076923076923095,20.006102644,4.3139214515686035,0,99.3938980102539
187.60000000000002,0.37706822591093614,-0.49167498078427363,0.21999999999999997,0.23076923076923095,20.012674977,4.3139214515686035,0,99.3938980102539
187.60000000000002,0.37706822591093614,-0.49167498078427363,0.21999999999999997,0.23076923076923095,20.012674977,4.3139214515686035,0,99.3938980102539
187.60000000000002,0.37706822591093614,-0.49167498078427363,0.21999999999999997,0.23076923076923095,20.012674977,4.3139214515686035,0,99.3938980102539
187.60000000000002,0.37706822591093614,-0.49167498078427363,0.21999999999999997,0.23076923076923095,20.012674977,4.3139214515686035,0,99.3938980102539
187.60000000000002,0.3785604584498299,-0.49899631561607266,0.21999999999999997,0.23076923076923095,20.011722945,4.3139214515686035,0,99.3938980102539
187.60000000000002,0.3785604584498299,-0.49899631561607266,0.21999999999999997,0.23076923076923095,20.011722945,4.3139214515686035,0,99.3938980102539
187.60000000000002,0.3785604584498299,-0.49899631561607266,0.21999999999999997,0.23076923076923095,20.011722945,4.3139214515686035,0,99.3938980102539
187.60000000000002,0.3785604584498299,-0.49899631561607266,0.21999999999999997,0.23076923076923095,20.011722945,4.3139214515686035,0,99.3938980102539
187.70000000000002,0.3785604584498299,-0.49899631561607266,0.21999999999999997,0.23076923076923095,20.011722945,4.3139214515686035,0,99.3938980102539
187.70000000000002,0.3801027874599634,-0.5063012170389498,0.21999999999999997,0.23076923076923095,19.654466359,4.26392126083374,0,99.3938980102539
187.70000000000002,0.3801027874599634,-0.5063012170389498,0.21999999999999997,0.23076923076923095,19.654466359,4.26392126083374,0,99.3938980102539
187.70000000000002,0.3801027874599634,-0.5063012170389498,0.21999999999999997,0.23076923076923095,19.654466359,4.26392126083374,0,99.3938980102539
187.70000000000002,0.3801027874599634,-0.5063012170389498,0.21999999999999997,0.17948717948717968,19.654466359,4.26392126083374,0,99.3938980102539
187.70000000000002,0.3801027874599634,-0.5063012170389498,0.21999999999999997,0.17948717948717968,19.654466359,4.26392126083374,0,99.3938980102539
187.70000000000002,0.3801027874599634,-0.5063012170389498,0.21999999999999997,0.17948717948717968,19.654466359,4.26392126083374,0,99.3938980102539
187.70000000000002,0.3801027874599634,-0.5063012170389498,0.21999999999999997,0.17948717948717968,19.654466359,4.26392126083374,0,99.3938980102539
187.70000000000002,0.38171749453144366,-0.5135908315329591,0.21999999999999997,0.17948717948717968,19.545979561,4.26392126083374,0,99.3938980102539
187.70000000000002,0.38171749453144366,-0.5135908315329591,0.21999999999999997,0.17948717948717968,19.545979561,4.26392126083374,0,99.3938980102539
187.70000000000002,0.38171749453144366,-0.5135908315329591,0.21999999999999997,0.17948717948717968,19.545979561,4.26392126083374,0,99.3938980102539
187.70000000000002,0.38171749453144366,-0.5135908315329591,0.21999999999999997,0.17948717948717968,19.545979561,4.26392126083374,0,99.3938980102539
187.70000000000002,0.38171749453144366,-0.5135908315329591,0.21999999999999997,0.17948717948717968,19.545979561,4.26392126083374,0,99.3938980102539
187.70000000000002,0.3833870638446357,-0.5208723138330849,0.21999999999999997,0.17948717948717968,19.434892936,4.26392126083374,0,99.3938980102539
187.70000000000002,0.3833870638446357,-0.5208723138330849,0.21999999999999997,0.17948717948717968,19.434892936,4.26392126083374,0,99.3938980102539
187.8,0.3833870638446357,-0.5208723138330849,0.21999999999999997,0.17948717948717968,19.434892936,4.26392126083374,0,99.3938980102539
187.8,0.38509194811112524,-0.528145865537055,0.21999999999999997,0.17948717948717968,19.426243674,4.26392126083374,0,99.3938980102539
187.8,0.38509194811112524,-0.528145865537055,0.21999999999999997,0.17948717948717968,19.426243674,4.26392126083374,0,99.3938980102539
187.8,0.38509194811112524,-0.528145865537055,0.21999999999999997,0.17948717948717968,19.426243674,4.26392126083374,0,99.3938980102539
187.8,0.38509194811112524,-0.528145865537055,0.21999999999999997,0.17948717948717968,19.426243674,4.26392126083374,0,99.3938980102539
187.8,0.3868377483062473,-0.5354079442003152,0.20842105263157892,0.17948717948717968,19.42645488,4.26392126083374,0,99.3938980102539
187.8,0.3868377483062473,-0.5354079442003152,0.20842105263157892,0.17948717948717968,19.42645488,4.26392126083374,0,99.3938980102539
187.8,0.3868377483062473,-0.5354079442003152,0.20842105263157892,0.17948717948717968,19.42645488,4.26392126083374,0,99.3938980102539
187.8,0.3868377483062473,-0.5354079442003152,0.20842105263157892,0.17948717948717968,19.42645488,4.26392126083374,0,99.3938980102539
187.8,0.388539273121274,-0.5422767319257993,0.20842105263157892,0.17948717948717968,19.534765557,4.26392126083374,0,99.3938980102539
187.8,0.388539273121274,-0.5422767319257993,0.20842105263157892,0.17948717948717968,19.534765557,4.26392126083374,0,99.3938980102539
187.8,0.388539273121274,-0.5422767319257993,0.20842105263157892,0.17948717948717968,19.534765557,4.26392126083374,0,99.3938980102539
187.9,0.388539273121274,-0.5422767319257993,0.20842105263157892,0.17948717948717968,19.534765557,4.26392126083374,0,99.3938980102539
187.9,0.39028406399361737,-0.5491328265193576,0.20842105263157892,0.17948717948717968,19.645210425,4.26392126083374,0,99.3938980102539
187.9,0.39028406399361737,-0.5491328265193576,0.20842105263157892,0.17948717948717968,19.645210425,4.26392126083374,0,99.3938980102539
187.9,0.39028406399361737,-0.5491328265193576,0.21999999999999997,0.2820512820512822,19.176684649,4.162229537963867,0,99.3938980102539
187.9,0.39028406399361737,-0.5491328265193576,0.21999999999999997,0.2820512820512822,19.176684649,4.162229537963867,0,99.3938980102539
187.9,0.39206796001607036,-0.5559781879115742,0.21999999999999997,0.2820512820512822,19.286398345,4.162229537963867,0,99.3938980102539
187.9,0.39206796001607036,-0.5559781879115742,0.21999999999999997,0.2820512820512822,19.286398345,4.162229537963867,0,99.3938980102539
187.9,0.39206796001607036,-0.5559781879115742,0.21999999999999997,0.2820512820512822,19.286398345,4.162229537963867,0,99.3938980102539
187.9,0.39206796001607036,-0.5559781879115742,0.21999999999999997,0.2820512820512822,19.286398345,4.162229537963867,0,99.3938980102539
187.9,0.39399760168689113,-0.5631854145148032,0.21999999999999997,0.2820512820512822,19.287286593,4.162229537963867,0,99.3938980102539
187.9,0.39399760168689113,-0.5631854145148032,0.21999999999999997,0.2820512820512822,19.287286593,4.162229537963867,0,99.3938980102539
187.9,0.39399760168689113,-0.5631854145148032,0.21999999999999997,0.2820512820512822,19.287286593,4.162229537963867,0,99.3938980102539
188.0,0.39399760168689113,-0.5631854145148032,0.21999999999999997,0.2820512820512822,19.287286593,4.162229537963867,0,99.28292846679688
188.0,0.3960008025572084,-0.5703683608845096,0.21999999999999997,0.23076923076923095,19.290099702,4.162229537963867,0,99.28292846679688
188.0,0.3960008025572084,-0.5703683608845096,0.21999999999999997,0.23076923076923095,19.290099702,4.162229537963867,0,99.28292846679688
188.0,0.3960008025572084,-0.5703683608845096,0.21999999999999997,0.23076923076923095,19.290099702,4.162229537963867,0,99.28292846679688
188.0,0.3960008025572084,-0.5703683608845096,0.21999999999999997,0.23076923076923095,19.290099702,4.162229537963867,0,99.28292846679688
188.0,0.39808381223204026,-0.5775298217941697,0.21999999999999997,0.23076923076923095,19.288957689,4.162229537963867,0,99.28292846679688
188.0,0.39808381223204026,-0.5775298217941697,0.21999999999999997,0.23076923076923095,19.288957689,4.162229537963867,0,99.28292846679688
188.0,0.39808381223204026,-0.5775298217941697,0.21999999999999997,0.23076923076923095,19.288957689,4.162229537963867,0,99.28292846679688
188.0,0.39808381223204026,-0.5775298217941697,0.21999999999999997,0.23076923076923095,19.288957689,4.162229537963867,0,99.28292846679688
188.0,0.4002286884136599,-0.5846775426030011,0.21999999999999997,0.23076923076923095,19.289724305,4.162229537963867,0,99.28292846679688
188.0,0.4002286884136599,-0.5846775426030011,0.21999999999999997,0.23076923076923095,19.289724305,4.162229537963867,0,99.28292846679688
188.0,0.4002286884136599,-0.5846775426030011,0.21999999999999997,0.3333333333333335,19.289724305,4.162229537963867,0,99.28292846679688
188.0,0.4002286884136599,-0.5846775426030011,0.21999999999999997,0.3333333333333335,19.289724305,4.162229537963867,0,99.28292846679688
188.10000000000002,0.4002286884136599,-0.5846775426030011,0.21999999999999997,0.3333333333333335,19.289724305,4.162229537963867,0,99.28292846679688
188.10000000000002,0.4024242122583501,-0.5918106636173373,0.21999999999999997,0.3333333333333335,19.291968395,4.162229537963867,0,99.28292846679688
188.10000000000002,0.4024242122583501,-0.5918106636173373,0.21999999999999997,0.3333333333333335,19.291968395,4.162229537963867,0,99.28292846679688
188.10000000000002,0.4024242122583501,-0.5918106636173373,0.21999999999999997,0.3333333333333335,19.291968395,4.162229537963867,0,99.28292846679688
188.10000000000002,0.4024242122583501,-0.5918106636173373,0.21999999999999997,0.3333333333333335,19.291968395,4.162229537963867,0,99.28292846679688
188.10000000000002,0.4046773859893389,-0.5989201041539749,0.21999999999999997,0.3333333333333335,19.062929241,4.112229824066162,0,99.28292846679688
188.10000000000002,0.4046773859893389,-0.5989201041539749,0.21999999999999997,0.3333333333333335,19.062929241,4.112229824066162,0,99.28292846679688
188.10000000000002,0.4046773859893389,-0.5989201041539749,0.21999999999999997,0.3333333333333335,19.062929241,4.112229824066162,0,99.28292846679688
188.10000000000002,0.4046773859893389,-0.5989201041539749,0.21999999999999997,0.3333333333333335,19.062929241,4.112229824066162,0,99.28292846679688
188.10000000000002,0.40701505824888473,-0.6059996387375823,0.21999999999999997,0.3333333333333335,18.957830602,4.112229824066162,0,99.28292846679688
188.10000000000002,0.40701505824888473,-0.6059996387375823,0.21999999999999997,0.3333333333333335,18.957830602,4.112229824066162,0,99.28292846679688
188.20000000000002,0.40701505824888473,-0.6059996387375823,0.21999999999999997,0.3333333333333335,18.957830602,4.112229824066162,0,99.28292846679688
188.20000000000002,0.40701505824888473,-0.6059996387375823,0.21999999999999997,0.3333333333333335,18.957830602,4.112229824066162,0,99.28292846679688
188.20000000000002,0.4094430458691358,-0.6130514620614755,0.21999999999999997,0.3333333333333335,18.849894904,4.112229824066162,0,99.28292846679688
188.20000000000002,0.4094430458691358,-0.6130514620614755,0.21999999999999997,0.3333333333333335,18.849894904,4.112229824066162,0,99.28292846679688
188.20000000000002,0.4094430458691358,-0.6130514620614755,0.21999999999999997,0.3333333333333335,18.849894904,4.112229824066162,0,99.28292846679688
188.20000000000002,0.4094430458691358,-0.6130514620614755,0.21999999999999997,0.3333333333333335,18.849894904,4.112229824066162,0,99.28292846679688
188.20000000000002,0.4119466134362497,-0.6200792760161399,0.21999999999999997,0.3333333333333335,18.744549774,4.112229824066162,0,99.28292846679688
188.20000000000002,0.4119466134362497,-0.6200792760161399,0.21999999999999997,0.23076923076923095,18.744549774,4.112229824066162,0,99.28292846679688
188.20000000000002,0.4119466134362497,-0.6200792760161399,0.21999999999999997,0.23076923076923095,18.744549774,4.112229824066162,0,99.28292846679688
188.20000000000002,0.4119466134362497,-0.6200792760161399,0.21999999999999997,0.23076923076923095,18.744549774,4.112229824066162,0,99.28292846679688
188.20000000000002,0.4119466134362497,-0.6200792760161399,0.21999999999999997,0.23076923076923095,18.744549774,4.112229824066162,0,99.28292846679688
188.20000000000002,0.41452520110273183,-0.6270788825192777,0.21999999999999997,0.23076923076923095,18.749342114,4.112229824066162,0,99.28292846679688
188.3,0.41452520110273183,-0.6270788825192777,0.21999999999999997,0.23076923076923095,18.749342114,4.112229824066162,0,99.28292846679688
188.3,0.41452520110273183,-0.6270788825192777,0.21999999999999997,0.23076923076923095,18.749342114,4.112229824066162,0,99.28292846679688
188.3,0.4171839809403348,-0.6340534196573258,0.21999999999999997,0.23076923076923095,18.749342114,4.112229824066162,0,99.28292846679688
188.3,0.4171839809403348,-0.6340534196573258,0.21999999999999997,0.23076923076923095,18.749010592,4.112229824066162,0,99.28292846679688
188.3,0.4171839809403348,-0.6340534196573258,0.21999999999999997,0.23076923076923095,18.749010592,4.112229824066162,0,99.28292846679688
188.3,0.4171839809403348,-0.6340534196573258,0.21999999999999997,0.23076923076923095,18.749010592,4.112229824066162,0,99.28292846679688
188.3,0.4198989609330057,-0.6410112328025617,0.21999999999999997,0.23076923076923095,18.517028566,4.062229633331299,0,99.28292846679688
188.3,0.4198989609330057,-0.6410112328025617,0.21999999999999997,0.23076923076923095,18.517028566,4.062229633331299,0,99.28292846679688
188.3,0.4198989609330057,-0.6410112328025617,0.21999999999999997,0.23076923076923095,18.517028566,4.062229633331299,0,99.28292846679688
188.3,0.4198989609330057,-0.6410112328025617,0.21999999999999997,0.23076923076923095,18.517028566,4.062229633331299,0,99.28292846679688
188.3,0.42265483767010936,-0.6479512631914524,0.21999999999999997,0.23076923076923095,18.516916587,4.062229633331299,0,99.28292846679688
188.3,0.42265483767010936,-0.6479512631914524,0.21999999999999997,0.23076923076923095,18.516916587,4.062229633331299,0,99.28292846679688
188.4,0.42265483767010936,-0.6479512631914524,0.21999999999999997,0.23076923076923095,18.516916587,4.062229633331299,0,99.28292846679688
188.4,0.42265483767010936,-0.6479512631914524,0.21999999999999997,0.23076923076923095,18.516916587,4.062229633331299,0,99.28292846679688
188.4,0.42265483767010936,-0.6479512631914524,0.21999999999999997,0.23076923076923095,18.516916587,4.062229633331299,0,99.28292846679688
188.4,0.42546802023846464,-0.6548656662958763,0.21999999999999997,0.23076923076923095,18.516916587,4.062229633331299,0,99.28292846679688
188.4,0.42546802023846464,-0.6548656662958763,0.21999999999999997,0.23076923076923095,18.517492373,4.062229633331299,0,99.28292846679688
188.4,0.42546802023846464,-0.6548656662958763,0.21999999999999997,0.23076923076923095,18.517492373,4.062229633331299,0,99.28292846679688
188.4,0.42546802023846464,-0.6548656662958763,0.21999999999999997,0.23076923076923095,18.517492373,4.062229633331299,0,99.28292846679688
188.4,0.42546802023846464,-0.6548656662958763,0.21999999999999997,0.23076923076923095,18.517492373,4.062229633331299,0,99.28292846679688
188.4,0.42834090567729377,-0.6617560107553011,0.20842105263157892,0.23076923076923095,18.517492373,4.062229633331299,0,99.28292846679688
188.4,0.42834090567729377,-0.6617560107553011,0.20842105263157892,0.23076923076923095,18.517492373,4.062229633331299,0,99.28292846679688
188.4,0.42834090567729377,-0.6617560107553011,0.20842105263157892,0.23076923076923095,18.516256591,4.062229633331299,0,99.28292846679688
188.4,0.42834090567729377,-0.6617560107553011,0.20842105263157892,0.23076923076923095,18.516256591,4.062229633331299,0,99.28292846679688
188.4,0.42834090567729377,-0.6617560107553011,0.20842105263157892,0.23076923076923095,18.516256591,4.062229633331299,0,99.28292846679688
188.4,0.42834090567729377,-0.6617560107553011,0.20842105263157892,0.23076923076923095,18.516256591,4.062229633331299,0,99.28292846679688
188.4,0.4311129971265175,-0.6682624745376022,0.20842105263157892,0.23076923076923095,18.617968775,4.062229633331299,0,99.28292846679688
188.5,0.4311129971265175,-0.6682624745376022,0.20842105263157892,0.23076923076923095,18.617968775,4.062229633331299,0,99.28292846679688
188.5,0.4311129971265175,-0.6682624745376022,0.20842105263157892,0.23076923076923095,18.617968775,4.062229633331299,0,99.1714859008789
188.5,0.4311129971265175,-0.6682624745376022,0.20842105263157892,0.23076923076923095,18.617968775,4.062229633331299,0,99.1714859008789
188.5,0.43394378235208997,-0.6747382566831679,0.21999999999999997,0.38461538461538475,18.617968775,4.062229633331299,0,99.1714859008789
188.5,0.43394378235208997,-0.6747382566831679,0.21999999999999997,0.38461538461538475,18.723159055,4.062229633331299,0,99.1714859008789
188.5,0.43394378235208997,-0.6747382566831679,0.21999999999999997,0.38461538461538475,18.723159055,4.062229633331299,0,99.1714859008789
188.5,0.43394378235208997,-0.6747382566831679,0.21999999999999997,0.38461538461538475,18.723159055,4.062229633331299,0,99.1714859008789
188.5,0.43394378235208997,-0.6747382566831679,0.21999999999999997,0.38461538461538475,18.723159055,4.062229633331299,0,99.1714859008789
188.5,0.43394378235208997,-0.6747382566831679,0.21999999999999997,0.23076923076923095,18.723159055,4.062229633331299,0,99.1714859008789
188.5,0.43699974641546646,-0.6815416317582681,0.21999999999999997,0.23076923076923095,18.724684347,4.062229633331299,0,99.1714859008789
188.5,0.43699974641546646,-0.6815416317582681,0.21999999999999997,0.23076923076923095,18.724684347,4.062229633331299,0,99.1714859008789
188.5,0.43699974641546646,-0.6815416317582681,0.21999999999999997,0.23076923076923095,18.724684347,4.062229633331299,0,99.1714859008789
188.5,0.4401440211112011,-0.6882977873016927,0.21999999999999997,0.23076923076923095,18.725229063,4.062229633331299,0,99.1714859008789
188.60000000000002,0.4401440211112011,-0.6882977873016927,0.21999999999999997,0.23076923076923095,18.725229063,4.062229633331299,0,99.1714859008789
188.60000000000002,0.4401440211112011,-0.6882977873016927,0.21999999999999997,0.23076923076923095,18.725229063,4.062229633331299,0,99.1714859008789
188.60000000000002,0.4401440211112011,-0.6882977873016927,0.21999999999999997,0.23076923076923095,18.725229063,4.062229633331299,0,99.1714859008789
188.60000000000002,0.4433636458436754,-0.6950344325500011,0.21999999999999997,0.23076923076923095,18.725229063,4.062229633331299,0,99.1714859008789
188.60000000000002,0.4433636458436754,-0.6950344325500011,0.21999999999999997,0.23076923076923095,18.720453611,4.062229633331299,0,99.1714859008789
188.60000000000002,0.4433636458436754,-0.6950344325500011,0.21999999999999997,0.2820512820512822,18.461666579,4.00607442855835,0,99.1714859008789
188.60000000000002,0.4433636458436754,-0.6950344325500011,0.21999999999999997,0.2820512820512822,18.461666579,4.00607442855835,0,99.1714859008789
188.60000000000002,0.4433636458436754,-0.6950344325500011,0.21999999999999997,0.2820512820512822,18.461666579,4.00607442855835,0,99.1714859008789
188.60000000000002,0.44661438839654033,-0.7017583531485079,0.21999999999999997,0.2820512820512822,18.464078477,4.00607442855835,0,99.1714859008789
188.60000000000002,0.44661438839654033,-0.7017583531485079,0.21999999999999997,0.2820512820512822,18.464078477,4.00607442855835,0,99.1714859008789
188.60000000000002,0.44661438839654033,-0.7017583531485079,0.21999999999999997,0.2820512820512822,18.464078477,4.00607442855835,0,99.1714859008789
188.60000000000002,0.44661438839654033,-0.7017583531485079,0.21999999999999997,0.2820512820512822,18.464078477,4.00607442855835,0,99.1714859008789
188.60000000000002,0.4499129413560432,-0.7084480461939615,0.21999999999999997,0.2820512820512822,18.464078477,4.00607442855835,0,99.1714859008789
188.60000000000002,0.4499129413560432,-0.7084480461939615,0.21999999999999997,0.2820512820512822,18.468050642,4.00607442855835,0,99.1714859008789
188.70000000000002,0.4499129413560432,-0.7084480461939615,0.21999999999999997,0.2820512820512822,18.468050642,4.00607442855835,0,99.1714859008789
188.70000000000002,0.4499129413560432,-0.7084480461939615,0.21999999999999997,0.23076923076923095,18.468050642,4.00607442855835,0,99.1714859008789
188.70000000000002,0.4499129413560432,-0.7084480461939615,0.21999999999999997,0.23076923076923095,18.468050642,4.00607442855835,0,99.1714859008789
188.70000000000002,0.4531470981458665,-0.7147573792446831,0.21999999999999997,0.23076923076923095,18.33270549,3.9765751361846924,0,99.1714859008789
188.70000000000002,0.4531470981458665,-0.7147573792446831,0.21999999999999997,0.23076923076923095,18.33270549,3.9765751361846924,0,99.1714859008789
188.70000000000002,0.4531470981458665,-0.7147573792446831,0.21999999999999997,0.23076923076923095,18.33270549,3.9765751361846924,0,99.1714859008789
188.70000000000002,0.4531470981458665,-0.7147573792446831,0.21999999999999997,0.23076923076923095,18.33270549,3.9765751361846924,0,99.1714859008789
188.70000000000002,0.45580668244301914,-0.7194441036866317,0.21999999999999997,0.23076923076923095,18.332274152,3.9765751361846924,0,99.1714859008789
188.70000000000002,0.45580668244301914,-0.7194441036866317,0.21999999999999997,0.23076923076923095,18.332274152,3.9765751361846924,0,99.1714859008789
188.70000000000002,0.45580668244301914,-0.7194441036866317,0.21999999999999997,0.23076923076923095,18.332274152,3.9765751361846924,0,99.1714859008789
188.70000000000002,0.45580668244301914,-0.7194441036866317,0.21999999999999997,0.23076923076923095,18.332274152,3.9765751361846924,0,99.1714859008789
188.70000000000002,0.45580668244301914,-0.7194441036866317,0.20842105263157892,0.17948717948717968,18.332274152,3.9765751361846924,0,99.1714859008789
188.70000000000002,0.4585383369699363,-0.7240961967001065,0.20842105263157892,0.17948717948717968,18.332274152,3.9765751361846924,0,99.1714859008789
188.8,0.4585383369699363,-0.7240961967001065,0.20842105263157892,0.17948717948717968,18.227836659,3.9765751361846924,0,99.1714859008789
188.8,0.4585383369699363,-0.7240961967001065,0.20842105263157892,0.17948717948717968,18.227836659,3.9765751361846924,0,99.1714859008789
188.8,0.4585383369699363,-0.7240961967001065,0.20842105263157892,0.17948717948717968,18.227836659,3.9765751361846924,0,99.1714859008789
188.8,0.4585383369699363,-0.7240961967001065,0.20842105263157892,0.17948717948717968,18.227836659,3.9765751361846924,0,99.1714859008789
188.8,0.4611540625396682,-0.728361415860622,0.20842105263157892,0.17948717948717968,18.226572004,3.9765751361846924,0,99.1714859008789
188.8,0.4611540625396682,-0.728361415860622,0.20842105263157892,0.17948717948717968,18.226572004,3.9765751361846924,0,99.1714859008789
188.8,0.4611540625396682,-0.728361415860622,0.20842105263157892,0.17948717948717968,18.226572004,3.9765751361846924,0,99.1714859008789
188.8,0.4638416351011929,-0.7325889672582286,0.21999999999999997,0.23076923076923095,18.329902475,3.9765751361846924,0,99.1714859008789
188.8,0.4638416351011929,-0.7325889672582286,0.21999999999999997,0.23076923076923095,18.329902475,3.9765751361846924,0,99.1714859008789
188.8,0.4638416351011929,-0.7325889672582286,0.21999999999999997,0.23076923076923095,18.329902475,3.9765751361846924,0,99.1714859008789
188.8,0.4638416351011929,-0.7325889672582286,0.21999999999999997,0.23076923076923095,18.329902475,3.9765751361846924,0,99.1714859008789
188.8,0.4638416351011929,-0.7325889672582286,0.21999999999999997,0.23076923076923095,18.329902475,3.9765751361846924,0,99.1714859008789
188.9,0.46659138702073033,-0.7367836292594541,0.21999999999999997,0.23076923076923095,18.432716787,3.9765751361846924,0,99.1714859008789
188.9,0.46659138702073033,-0.7367836292594541,0.21999999999999997,0.23076923076923095,18.432716787,3.9765751361846924,0,99.1714859008789
188.9,0.46659138702073033,-0.7367836292594541,0.21999999999999997,0.23076923076923095,18.432716787,3.9765751361846924,0,99.1714859008789
188.9,0.46984711406603785,-0.7419785408329052,0.21999999999999997,0.23076923076923095,18.435457023,3.9765751361846924,0,99.1714859008789
188.9,0.46984711406603785,-0.7419785408329052,0.21999999999999997,0.23076923076923095,18.435457023,3.9765751361846924,0,99.1714859008789
188.9,0.46984711406603785,-0.7419785408329052,0.21999999999999997,0.23076923076923095,18.435457023,3.9765751361846924,0,99.1714859008789
188.9,0.46984711406603785,-0.7419785408329052,0.21999999999999997,0.17948717948717968,18.435457023,3.9765751361846924,0,99.1714859008789
188.9,0.46984711406603785,-0.7419785408329052,0.21999999999999997,0.17948717948717968,18.435457023,3.9765751361846924,0,99.1714859008789
188.9,0.46984711406603785,-0.7419785408329052,0.21999999999999997,0.17948717948717968,18.435457023,3.9765751361846924,0,99.1714859008789
188.9,0.4736232126588855,-0.7484155316057179,0.21999999999999997,0.17948717948717968,18.436348763,3.9765751361846924,0,99.1714859008789
188.9,0.4736232126588855,-0.7484155316057179,0.21999999999999997,0.17948717948717968,18.436348763,3.9765751361846924,0,99.1714859008789
188.9,0.4736232126588855,-0.7484155316057179,0.21999999999999997,0.17948717948717968,18.436348763,3.9765751361846924,0,99.1714859008789
188.9,0.4736232126588855,-0.7484155316057179,0.21999999999999997,0.17948717948717968,18.436348763,3.9765751361846924,0,99.1714859008789
188.9,0.4774572891192035,-0.7548236763993981,0.21999999999999997,0.17948717948717968,18.430819817,3.9765751361846924,0,99.1714859008789
189.0,0.4774572891192035,-0.7548236763993981,0.21999999999999997,0.17948717948717968,18.199077427,3.926574945449829,0,99.07330322265625
189.0,0.4774572891192035,-0.7548236763993981,0.21999999999999997,0.17948717948717968,18.199077427,3.926574945449829,0,99.07330322265625
189.0,0.4774572891192035,-0.7548236763993981,0.21999999999999997,0.17948717948717968,18.199077427,3.926574945449829,0,99.07330322265625
189.0,0.4774572891192035,-0.7548236763993981,0.21999999999999997,0.17948717948717968,18.199077427,3.926574945449829,0,99.07330322265625
189.0,0.4813265659021928,-0.7612155189710761,0.21999999999999997,0.17948717948717968,18.195122403,3.926574945449829,0,99.07330322265625
189.0,0.4813265659021928,-0.7612155189710761,0.21999999999999997,0.17948717948717968,18.195122403,3.926574945449829,0,99.07330322265625
189.0,0.4813265659021928,-0.7612155189710761,0.21999999999999997,0.17948717948717968,18.195122403,3.926574945449829,0,99.07330322265625
189.0,0.4813265659021928,-0.7612155189710761,0.21999999999999997,0.17948717948717968,18.195122403,3.926574945449829,0,99.07330322265625
189.0,0.48522657573320394,-0.7675845260958283,0.21999999999999997,0.23076923076923095,18.196708912,3.926574945449829,0,99.07330322265625
189.0,0.48522657573320394,-0.7675845260958283,0.21999999999999997,0.23076923076923095,18.196708912,3.926574945449829,0,99.07330322265625
189.0,0.48522657573320394,-0.7675845260958283,0.21999999999999997,0.23076923076923095,18.196708912,3.926574945449829,0,99.07330322265625
189.0,0.48522657573320394,-0.7675845260958283,0.21999999999999997,0.23076923076923095,18.196708912,3.926574945449829,0,99.07330322265625
189.10000000000002,0.4891698083595215,-0.7739219813170943,0.20842105263157892,0.17948717948717968,18.196422716,3.926574945449829,0,99.07330322265625
189.10000000000002,0.4891698083595215,-0.7739219813170943,0.20842105263157892,0.17948717948717968,18.196422716,3.926574945449829,0,99.07330322265625
189.10000000000002,0.4891698083595215,-0.7739219813170943,0.20842105263157892,0.17948717948717968,18.196422716,3.926574945449829,0,99.07330322265625
189.10000000000002,0.4891698083595215,-0.7739219813170943,0.20842105263157892,0.17948717948717968,18.196422716,3.926574945449829,0,99.07330322265625
189.10000000000002,0.4891698083595215,-0.7739219813170943,0.20842105263157892,0.17948717948717968,18.196422716,3.926574945449829,0,99.07330322265625
189.10000000000002,0.49295472165440835,-0.7798952806931743,0.20842105263157892,0.17948717948717968,18.196328831,3.926574945449829,0,99.07330322265625
189.10000000000002,0.49295472165440835,-0.7798952806931743,0.20842105263157892,0.17948717948717968,18.196328831,3.926574945449829,0,99.07330322265625
189.10000000000002,0.49295472165440835,-0.7798952806931743,0.20842105263157892,0.17948717948717968,18.196328831,3.926574945449829,0,99.07330322265625
189.10000000000002,0.49295472165440835,-0.7798952806931743,0.20842105263157892,0.17948717948717968,18.196328831,3.926574945449829,0,99.07330322265625
189.10000000000002,0.49678121617742055,-0.7858470888330713,0.20842105263157892,0.17948717948717968,18.196328831,3.926574945449829,0,99.07330322265625
189.10000000000002,0.49678121617742055,-0.7858470888330713,0.19684210526315787,0.17948717948717968,18.196328831,3.926574945449829,0,99.07330322265625
189.10000000000002,0.49678121617742055,-0.7858470888330713,0.19684210526315787,0.17948717948717968,18.196328831,3.926574945449829,0,99.07330322265625
189.10000000000002,0.49678121617742055,-0.7858470888330713,0.19684210526315787,0.17948717948717968,18.196680269,3.926574945449829,0,99.07330322265625
189.10000000000002,0.49678121617742055,-0.7858470888330713,0.19684210526315787,0.17948717948717968,18.196680269,3.926574945449829,0,99.07330322265625
189.10000000000002,0.49678121617742055,-0.7858470888330713,0.19684210526315787,0.17948717948717968,18.196680269,3.926574945449829,0,99.07330322265625
189.10000000000002,0.49678121617742055,-0.7858470888330713,0.19684210526315787,0.17948717948717968,18.196680269,3.926574945449829,0,99.07330322265625
189.10000000000002,0.49678121617742055,-0.7858470888330713,0.19684210526315787,0.17948717948717968,18.196680269,3.926574945449829,0,99.07330322265625
189.20000000000002,0.49678121617742055,-0.7858470888330713,0.19684210526315787,0.17948717948717968,18.196680269,3.926574945449829,0,99.07330322265625
189.20000000000002,0.49678121617742055,-0.7858470888330713,0.19684210526315787,0.17948717948717968,18.196680269,3.926574945449829,0,99.07330322265625
189.20000000000002,0.49678121617742055,-0.7858470888330713,0.21999999999999997,0.17948717948717968,18.196680269,3.926574945449829,0,99.07330322265625
189.20000000000002,0.5004244124277835,-0.7914490479377794,0.21999999999999997,0.17948717948717968,18.30268419,3.926574945449829,0,99.07330322265625
189.20000000000002,0.5004244124277835,-0.7914490479377794,0.21999999999999997,0.17948717948717968,18.30268419,3.926574945449829,0,99.07330322265625
189.20000000000002,0.5004244124277835,-0.7914490479377794,0.21999999999999997,0.17948717948717968,18.30268419,3.926574945449829,0,99.07330322265625
189.20000000000002,0.5004244124277835,-0.7914490479377794,0.21999999999999997,0.17948717948717968,18.30268419,3.926574945449829,0,99.07330322265625
189.20000000000002,0.5004244124277835,-0.7914490479377794,0.21999999999999997,0.17948717948717968,18.30268419,3.926574945449829,0,99.07330322265625
189.20000000000002,0.5004244124277835,-0.7914490479377794,0.21999999999999997,0.17948717948717968,18.30268419,3.926574945449829,0,99.07330322265625
189.20000000000002,0.5045351659734376,-0.7976797303611793,0.21999999999999997,0.17948717948717968,18.016883784,3.864771604537964,0,99.07330322265625
189.20000000000002,0.5045351659734376,-0.7976797303611793,0.21999999999999997,0.17948717948717968,18.016883784,3.864771604537964,0,99.07330322265625
189.20000000000002,0.5045351659734376,-0.7976797303611793,0.21999999999999997,0.17948717948717968,18.016883784,3.864771604537964,0,99.07330322265625
189.20000000000002,0.5045351659734376,-0.7976797303611793,0.21999999999999997,0.17948717948717968,18.016883784,3.864771604537964,0,99.07330322265625
189.20000000000002,0.5045351659734376,-0.7976797303611793,0.21999999999999997,0.01948717948717968,18.016883784,3.864771604537964,0,99.07330322265625
189.20000000000002,0.5086903437550554,-0.8038844501329612,0.21999999999999997,0.01948717948717968,18.012859205,3.864771604537964,0,99.07330322265625
189.20000000000002,0.5086903437550554,-0.8038844501329612,0.21999999999999997,0.01948717948717968,18.012859205,3.864771604537964,0,99.07330322265625
189.20000000000002,0.5086903437550554,-0.8038844501329612,0.21999999999999997,0.01948717948717968,18.012859205,3.864771604537964,0,99.07330322265625
189.3,0.5086903437550554,-0.8038844501329612,0.21999999999999997,0.01948717948717968,18.012859205,3.864771604537964,0,99.07330322265625
189.3,0.5128793719710356,-0.8100742765474667,0.21999999999999997,0.01948717948717968,18.012859205,3.864771604537964,0,99.07330322265625
189.3,0.5128793719710356,-0.8100742765474667,0.21999999999999997,-0.02564102564102541,18.01092389,3.864771604537964,0,99.07330322265625
189.3,0.5128793719710356,-0.8100742765474667,0.21999999999999997,-0.02564102564102541,18.01092389,3.864771604537964,0,99.07330322265625
189.3,0.5128793719710356,-0.8100742765474667,0.21999999999999997,-0.02564102564102541,18.01092389,3.864771604537964,0,99.07330322265625
189.3,0.5128793719710356,-0.8100742765474667,0.21999999999999997,-0.02564102564102541,18.01092389,3.864771604537964,0,99.07330322265625
189.3,0.5128793719710356,-0.8100742765474667,0.21999999999999997,0.1343589743589746,18.01092389,3.864771604537964,0,99.07330322265625
189.3,0.5128793719710356,-0.8100742765474667,0.21999999999999997,0.1343589743589746,18.01092389,3.864771604537964,0,99.07330322265625
189.3,0.5170725962297194,-0.8162742447043607,0.21999999999999997,0.1343589743589746,18.01092389,3.864771604537964,0,99.07330322265625
189.3,0.5170725962297194,-0.8162742447043607,0.21999999999999997,0.1343589743589746,18.006204525,3.864771604537964,0,99.07330322265625
189.3,0.5170725962297194,-0.8162742447043607,0.21999999999999997,0.1343589743589746,18.006204525,3.864771604537964,0,99.07330322265625
189.3,0.5170725962297194,-0.8162742447043607,0.21999999999999997,0.17948717948717968,18.006204525,3.864771604537964,0,99.07330322265625
189.3,0.5170725962297194,-0.8162742447043607,0.21999999999999997,0.17948717948717968,18.006204525,3.864771604537964,0,99.07330322265625
189.3,0.5170725962297194,-0.8162742447043607,0.21999999999999997,0.17948717948717968,18.006204525,3.864771604537964,0,99.07330322265625
189.3,0.5170725962297194,-0.8162742447043607,0.21999999999999997,0.17948717948717968,18.006204525,3.864771604537964,0,99.07330322265625
189.3,0.5212500363755228,-0.8224743523628151,0.21999999999999997,0.17948717948717968,18.006804518,3.864771604537964,0,99.07330322265625
189.3,0.5212500363755228,-0.8224743523628151,0.21999999999999997,0.07692307692307715,18.006804518,3.864771604537964,0,99.07330322265625
189.3,0.5212500363755228,-0.8224743523628151,0.21999999999999997,0.07692307692307715,18.006804518,3.864771604537964,0,99.07330322265625
189.3,0.5212500363755228,-0.8224743523628151,0.21999999999999997,0.07692307692307715,18.006804518,3.864771604537964,0,99.07330322265625
189.4,0.5212500363755228,-0.8224743523628151,0.21999999999999997,0.07692307692307715,18.006804518,3.864771604537964,0,99.07330322265625
189.4,0.5254618492749576,-0.8286313669222869,0.21999999999999997,0.07692307692307715,18.009369595,3.864771604537964,0,99.07330322265625
189.4,0.5254618492749576,-0.8286313669222869,0.21999999999999997,0.07692307692307715,18.010007058,3.864908456802368,0,99.07330322265625
189.4,0.5254618492749576,-0.8286313669222869,0.21999999999999997,0.07692307692307715,18.010007058,3.864908456802368,0,99.07330322265625
189.4,0.5297374772053289,-0.8347567025833165,0.21999999999999997,0.07692307692307715,18.010007058,3.864908456802368,0,99.07330322265625
189.4,0.5297374772053289,-0.8347567025833165,0.21999999999999997,0.07692307692307715,17.901524156,3.864908456802368,0,99.07330322265625
189.4,0.5297374772053289,-0.8347567025833165,0.21999999999999997,0.07692307692307715,17.901524156,3.864908456802368,0,99.07330322265625
189.4,0.5297374772053289,-0.8347567025833165,0.21999999999999997,0.07692307692307715,17.901524156,3.864908456802368,0,99.07330322265625
189.4,0.5297374772053289,-0.8347567025833165,0.21999999999999997,0.07692307692307715,17.901524156,3.864908456802368,0,99.07330322265625
189.4,0.5340270583654108,-0.8408900723118935,0.21999999999999997,0.07692307692307715,17.901524156,3.864908456802368,0,99.07330322265625
189.4,0.5340270583654108,-0.8408900723118935,0.21999999999999997,0.07692307692307715,17.793582245,3.864908456802368,0,99.07330322265625
189.4,0.5340270583654108,-0.8408900723118935,0.21999999999999997,0.07692307692307715,17.793582245,3.864908456802368,0,99.07330322265625
189.5,0.5340270583654108,-0.8408900723118935,0.21999999999999997,0.12820512820512842,17.793582245,3.864908456802368,0,99.07330322265625
189.5,0.5340270583654108,-0.8408900723118935,0.21999999999999997,0.12820512820512842,17.793582245,3.864908456802368,0,99.07330322265625
189.5,0.5383085849078579,-0.8470196197806619,0.21999999999999997,0.12820512820512842,17.363432586,3.814908504486084,0,98.97030639648438
189.5,0.5383085849078579,-0.8470196197806619,0.21999999999999997,0.12820512820512842,17.363432586,3.814908504486084,0,98.97030639648438
189.5,0.5383085849078579,-0.8470196197806619,0.21999999999999997,0.12820512820512842,17.363432586,3.814908504486084,0,98.97030639648438
189.5,0.5420016509182743,-0.8511484874563715,0.21999999999999997,0.12820512820512842,17.363432586,3.814908504486084,0,98.97030639648438
189.5,0.5420016509182743,-0.8511484874563715,0.21999999999999997,0.12820512820512842,17.360038093,3.814908504486084,0,98.97030639648438
189.5,0.5420016509182743,-0.8511484874563715,0.21999999999999997,0.12820512820512842,17.360038093,3.814908504486084,0,98.97030639648438
189.5,0.5420016509182743,-0.8511484874563715,0.21999999999999997,0.12820512820512842,17.360038093,3.814908504486084,0,98.97030639648438
189.5,0.5455464518910265,-0.8545172928198812,0.21999999999999997,0.12820512820512842,17.360038093,3.814908504486084,0,98.97030639648438
189.5,0.5455464518910265,-0.8545172928198812,0.21999999999999997,0.07692307692307715,17.359913917,3.814908504486084,0,98.97030639648438
189.5,0.5455464518910265,-0.8545172928198812,0.21999999999999997,0.07692307692307715,17.359913917,3.814908504486084,0,98.97030639648438
189.60000000000002,0.5455464518910265,-0.8545172928198812,0.21999999999999997,0.07692307692307715,17.359913917,3.814908504486084,0,98.97030639648438
189.60000000000002,0.5491561731581192,-0.8578412315297396,0.21999999999999997,0.07692307692307715,17.361072468,3.814908504486084,0,98.97030639648438
189.60000000000002,0.5491561731581192,-0.8578412315297396,0.21999999999999997,0.07692307692307715,17.361072468,3.814908504486084,0,98.97030639648438
189.60000000000002,0.5491561731581192,-0.8578412315297396,0.20842105263157892,0.02564102564102587,17.361072468,3.814908504486084,0,98.97030639648438
189.60000000000002,0.5491561731581192,-0.8578412315297396,0.20842105263157892,0.02564102564102587,17.361072468,3.814908504486084,0,98.97030639648438
189.60000000000002,0.5528264435920616,-0.8611188440976663,0.20842105263157892,0.02564102564102587,17.365155586,3.814908504486084,0,98.97030639648438
189.60000000000002,0.5528264435920616,-0.8611188440976663,0.20842105263157892,0.02564102564102587,17.365155586,3.814908504486084,0,98.97030639648438
189.60000000000002,0.5528264435920616,-0.8611188440976663,0.20842105263157892,0.02564102564102587,17.365155586,3.814908504486084,0,98.97030639648438
189.60000000000002,0.5563209366080584,-0.8640361142053737,0.20842105263157892,0.02564102564102587,17.463964527,3.814908504486084,0,98.97030639648438
189.60000000000002,0.5563209366080584,-0.8640361142053737,0.20842105263157892,0.02564102564102587,17.463964527,3.814908504486084,0,98.97030639648438
189.60000000000002,0.5563209366080584,-0.8640361142053737,0.20842105263157892,0.02564102564102587,17.463964527,3.814908504486084,0,98.97030639648438
189.70000000000002,0.5563209366080584,-0.8640361142053737,0.20842105263157892,0.02564102564102587,17.463964527,3.814908504486084,0,98.97030639648438
189.70000000000002,0.5598736955987507,-0.8669090777517057,0.20842105263157892,0.02564102564102587,17.561133058,3.814908504486084,0,98.97030639648438
189.70000000000002,0.5598736955987507,-0.8669090777517057,0.21999999999999997,0.07692307692307715,17.561133058,3.814908504486084,0,98.97030639648438
189.70000000000002,0.5598736955987507,-0.8669090777517057,0.21999999999999997,0.07692307692307715,17.561133058,3.814908504486084,0,98.97030639648438
189.70000000000002,0.5598736955987507,-0.8669090777517057,0.21999999999999997,0.07692307692307715,17.561133058,3.814908504486084,0,98.97030639648438
189.70000000000002,0.5638984149335757,-0.8714817429660282,0.21999999999999997,0.07692307692307715,17.663158791,3.814908504486084,0,98.97030639648438
189.70000000000002,0.5638984149335757,-0.8714817429660282,0.21999999999999997,0.07692307692307715,17.663158791,3.814908504486084,0,98.97030639648438
189.70000000000002,0.5638984149335757,-0.8714817429660282,0.21999999999999997,0.07692307692307715,17.663158791,3.814908504486084,0,98.97030639648438
189.70000000000002,0.5638984149335757,-0.8714817429660282,0.21999999999999997,0.07692307692307715,17.663158791,3.814908504486084,0,98.97030639648438
189.70000000000002,0.5684284095543484,-0.8774254448137362,0.21999999999999997,0.07692307692307715,17.663158791,3.814908504486084,0,98.97030639648438
189.70000000000002,0.5684284095543484,-0.8774254448137362,0.21999999999999997,0.07692307692307715,17.665993512,3.814908504486084,0,98.97030639648438
189.70000000000002,0.5684284095543484,-0.8774254448137362,0.21999999999999997,0.07692307692307715,17.665993512,3.814908504486084,0,98.97030639648438
189.8,0.5684284095543484,-0.8774254448137362,0.21999999999999997,0.02564102564102587,17.665993512,3.814908504486084,0,98.97030639648438
189.8,0.5684284095543484,-0.8774254448137362,0.21999999999999997,0.02564102564102587,17.665993512,3.814908504486084,0,98.97030639648438
189.8,0.5729895287796025,-0.8833342592381854,0.21999999999999997,0.02564102564102587,17.435204901,3.7649083137512207,0,98.97030639648438
189.8,0.5729895287796025,-0.8833342592381854,0.21999999999999997,0.02564102564102587,17.435204901,3.7649083137512207,0,98.97030639648438
189.8,0.5729895287796025,-0.8833342592381854,0.21999999999999997,0.02564102564102587,17.435204901,3.7649083137512207,0,98.97030639648438
189.8,0.577587603988182,-0.8892303892900513,0.21999999999999997,0.02564102564102587,17.432462362,3.7649083137512207,0,98.97030639648438
189.8,0.577587603988182,-0.8892303892900513,0.21999999999999997,0.02564102564102587,17.432462362,3.7649083137512207,0,98.97030639648438
189.8,0.577587603988182,-0.8892303892900513,0.21999999999999997,0.02564102564102587,17.432462362,3.7649083137512207,0,98.97030639648438
189.8,0.577587603988182,-0.8892303892900513,0.21999999999999997,0.02564102564102587,17.432462362,3.7649083137512207,0,98.97030639648438
189.8,0.577587603988182,-0.8892303892900513,0.21999999999999997,0.02564102564102587,17.432462362,3.7649083137512207,0,98.97030639648438
189.8,0.5821793776239967,-0.8951399594595961,0.21999999999999997,0.17948717948717968,17.430932064,3.7649083137512207,0,98.97030639648438
189.8,0.5821793776239967,-0.8951399594595961,0.21999999999999997,0.17948717948717968,17.430932064,3.7649083137512207,0,98.97030639648438
189.9,0.5867663321774166,-0.9010286995508934,0.21999999999999997,0.17948717948717968,17.430932064,3.7649083137512207,0,98.97030639648438
189.9,0.5867663321774166,-0.9010286995508934,0.21999999999999997,0.17948717948717968,17.439539584,3.7649083137512207,0,98.97030639648438
189.9,0.5867663321774166,-0.9010286995508934,0.21999999999999997,0.17948717948717968,17.439539584,3.7649083137512207,0,98.97030639648438
189.9,0.5867663321774166,-0.9010286995508934,0.21999999999999997,0.17948717948717968,17.439539584,3.7649083137512207,0,98.97030639648438
189.9,0.5867663321774166,-0.9010286995508934,0.21999999999999997,0.17948717948717968,17.439539584,3.7649083137512207,0,98.97030639648438
189.9,0.5867663321774166,-0.9010286995508934,0.21999999999999997,0.17948717948717968,17.439539584,3.7649083137512207,0,98.97030639648438
189.9,0.5914231808268804,-0.9068435134176029,0.21999999999999997,0.17948717948717968,17.441744917,3.7649083137512207,0,98.97030639648438
189.9,0.5914231808268804,-0.9068435134176029,0.21999999999999997,0.17948717948717968,17.441744917,3.7649083137512207,0,98.97030639648438
189.9,0.5914231808268804,-0.9068435134176029,0.21999999999999997,0.12820512820512842,17.441744917,3.7649083137512207,0,98.97030639648438
189.9,0.5961556934547354,-0.9126246924196948,0.21999999999999997,0.12820512820512842,17.336687428,3.7649083137512207,0,98.97030639648438
189.9,0.5961556934547354,-0.9126246924196948,0.21999999999999997,0.12820512820512842,17.336687428,3.7649083137512207,0,98.97030639648438
190.0,0.5961556934547354,-0.9126246924196948,0.21999999999999997,0.12820512820512842,17.336687428,3.7649083137512207,0,98.97030639648438
190.0,0.6009004640102458,-0.918407144022521,0.21999999999999997,0.12820512820512842,17.007286969,3.7149083614349365,0,98.87540435791016
190.0,0.6009004640102458,-0.918407144022521,0.21999999999999997,0.12820512820512842,17.007286969,3.7149083614349365,0,98.87540435791016
190.0,0.6009004640102458,-0.918407144022521,0.21999999999999997,0.12820512820512842,17.007286969,3.7149083614349365,0,98.87540435791016
190.0,0.6009004640102458,-0.918407144022521,0.21999999999999997,0.12820512820512842,17.007286969,3.7149083614349365,0,98.87540435791016
190.0,0.6009004640102458,-0.918407144022521,0.21999999999999997,0.12820512820512842,17.007286969,3.7149083614349365,0,98.87540435791016
190.0,0.6056557956600539,-0.9241686480051041,0.21999999999999997,0.12820512820512842,16.914220399,3.7149083614349365,0,98.87540435791016
190.0,0.6056557956600539,-0.9241686480051041,0.19684210526315787,0.12820512820512842,16.914220399,3.7149083614349365,0,98.87540435791016
190.0,0.6056557956600539,-0.9241686480051041,0.19684210526315787,0.12820512820512842,16.914220399,3.7149083614349365,0,98.87540435791016
190.0,0.6056557956600539,-0.9241686480051041,0.19684210526315787,0.12820512820512842,16.914220399,3.7149083614349365,0,98.87540435791016
190.0,0.6104481843888243,-0.9298981000072821,0.19684210526315787,0.12820512820512842,16.91272056,3.7149083614349365,0,98.87540435791016
190.10000000000002,0.6104481843888243,-0.9298981000072821,0.19684210526315787,0.12820512820512842,16.91272056,3.7149083614349365,0,98.87540435791016
190.10000000000002,0.6104481843888243,-0.9298981000072821,0.19684210526315787,0.12820512820512842,16.91272056,3.7149083614349365,0,98.87540435791016
190.10000000000002,0.6104481843888243,-0.9298981000072821,0.19684210526315787,0.12820512820512842,16.91272056,3.7149083614349365,0,98.87540435791016
190.10000000000002,0.6147646968952254,-0.9350063261903574,0.19684210526315787,0.12820512820512842,17.103781511,3.7149083614349365,0,98.87540435791016
190.10000000000002,0.6147646968952254,-0.9350063261903574,0.19684210526315787,0.12820512820512842,17.103781511,3.7149083614349365,0,98.87540435791016
190.10000000000002,0.6147646968952254,-0.9350063261903574,0.19684210526315787,0.12820512820512842,17.103781511,3.7149083614349365,0,98.87540435791016
190.10000000000002,0.6147646968952254,-0.9350063261903574,0.21999999999999997,0.07692307692307715,17.103781511,3.7149083614349365,0,98.87540435791016
190.10000000000002,0.6191045805033986,-0.9400908836104394,0.21999999999999997,0.07692307692307715,17.103781511,3.7149083614349365,0,98.87540435791016
190.10000000000002,0.6191045805033986,-0.9400908836104394,0.21999999999999997,0.07692307692307715,17.311773198,3.7149083614349365,0,98.87540435791016
190.10000000000002,0.6191045805033986,-0.9400908836104394,0.21999999999999997,0.07692307692307715,17.311773198,3.7149083614349365,0,98.87540435791016
190.10000000000002,0.6239851829385639,-0.9457482846990908,0.21999999999999997,0.07692307692307715,17.311773198,3.7149083614349365,0,98.87540435791016
190.10000000000002,0.6239851829385639,-0.9457482846990908,0.21999999999999997,0.07692307692307715,17.315233134,3.7149083614349365,0,98.87540435791016
190.20000000000002,0.6239851829385639,-0.9457482846990908,0.21999999999999997,0.07692307692307715,17.315233134,3.7149083614349365,0,98.87540435791016
190.20000000000002,0.6239851829385639,-0.9457482846990908,0.21999999999999997,0.07692307692307715,17.315233134,3.7149083614349365,0,98.87540435791016
190.20000000000002,0.6288894790917654,-0.9513891420626761,0.21999999999999997,0.07692307692307715,17.305800988,3.7149083614349365,0,98.87540435791016
190.20000000000002,0.6288894790917654,-0.9513891420626761,0.21999999999999997,0.07692307692307715,17.305800988,3.7149083614349365,0,98.87540435791016
190.20000000000002,0.6288894790917654,-0.9513891420626761,0.21999999999999997,0.12820512820512842,17.305800988,3.7149083614349365,0,98.87540435791016
190.20000000000002,0.6288894790917654,-0.9513891420626761,0.21999999999999997,0.12820512820512842,17.305800988,3.7149083614349365,0,98.87540435791016
190.20000000000002,0.6288894790917654,-0.9513891420626761,0.21999999999999997,0.12820512820512842,17.305800988,3.7149083614349365,0,98.87540435791016
190.20000000000002,0.6338074995204634,-0.9570204201818566,0.21999999999999997,0.12820512820512842,17.071575005,3.6649084091186523,0,98.87540435791016
190.20000000000002,0.6338074995204634,-0.9570204201818566,0.21999999999999997,0.12820512820512842,17.071575005,3.6649084091186523,0,98.87540435791016
190.20000000000002,0.6338074995204634,-0.9570204201818566,0.21999999999999997,0.12820512820512842,17.071575005,3.6649084091186523,0,98.87540435791016
190.20000000000002,0.6338074995204634,-0.9570204201818566,0.21999999999999997,0.12820512820512842,17.071575005,3.6649084091186523,0,98.87540435791016
190.20000000000002,0.6338074995204634,-0.9570204201818566,0.21999999999999997,0.12820512820512842,17.071575005,3.6649084091186523,0,98.87540435791016
190.20000000000002,0.6387365381672294,-0.9626369652995896,0.21999999999999997,0.12820512820512842,17.204860553,3.6935219764709473,0,98.87540435791016
190.20000000000002,0.6387365381672294,-0.9626369652995896,0.21999999999999997,0.12820512820512842,17.206703019,3.6935219764709473,0,98.87540435791016
190.3,0.6387365381672294,-0.9626369652995896,0.20842105263157892,0.12820512820512842,17.206703019,3.6935219764709473,0,98.87540435791016
190.3,0.6387365381672294,-0.9626369652995896,0.20842105263157892,0.12820512820512842,17.206703019,3.6935219764709473,0,98.87540435791016
190.3,0.6387365381672294,-0.9626369652995896,0.20842105263157892,0.12820512820512842,17.206703019,3.6935219764709473,0,98.87540435791016
190.3,0.6436896400789653,-0.968226217278984,0.20842105263157892,0.12820512820512842,17.20759459,3.6935219764709473,0,98.87540435791016
190.3,0.6436896400789653,-0.968226217278984,0.20842105263157892,0.12820512820512842,17.20759459,3.6935219764709473,0,98.87540435791016
190.3,0.6436896400789653,-0.968226217278984,0.20842105263157892,0.12820512820512842,17.20759459,3.6935219764709473,0,98.87540435791016
190.3,0.6436896400789653,-0.968226217278984,0.20842105263157892,0.12820512820512842,17.20759459,3.6935219764709473,0,98.87540435791016
190.3,0.6484116513101303,-0.9734978449507075,0.20842105263157892,0.12820512820512842,17.306783195,3.6935219764709473,0,98.87540435791016
190.3,0.6484116513101303,-0.9734978449507075,0.20842105263157892,0.12820512820512842,17.306783195,3.6935219764709473,0,98.87540435791016
190.3,0.6484116513101303,-0.9734978449507075,0.20842105263157892,0.12820512820512842,17.306783195,3.6935219764709473,0,98.87540435791016
190.3,0.6484116513101303,-0.9734978449507075,0.21999999999999997,0.23076923076923095,17.306783195,3.6935219764709473,0,98.87540435791016
190.3,0.6531558775692501,-0.9787511774631936,0.21999999999999997,0.23076923076923095,17.173894228,3.643522024154663,0,98.87540435791016
190.4,0.6531558775692501,-0.9787511774631936,0.21999999999999997,0.23076923076923095,17.173894228,3.643522024154663,0,98.87540435791016
190.4,0.6531558775692501,-0.9787511774631936,0.21999999999999997,0.23076923076923095,17.173894228,3.643522024154663,0,98.87540435791016
190.4,0.6531558775692501,-0.9787511774631936,0.21999999999999997,0.23076923076923095,17.173894228,3.643522024154663,0,98.87540435791016
190.4,0.6531558775692501,-0.9787511774631936,0.21999999999999997,0.23076923076923095,17.173894228,3.643522024154663,0,98.87540435791016
190.4,0.658185939585745,-0.9842684783301712,0.21999999999999997,0.23076923076923095,16.977991935,3.643522024154663,0,98.87540435791016
190.4,0.658185939585745,-0.9842684783301712,0.21999999999999997,0.23076923076923095,16.977991935,3.643522024154663,0,98.87540435791016
190.4,0.658185939585745,-0.9842684783301712,0.21999999999999997,0.23076923076923095,16.977991935,3.643522024154663,0,98.87540435791016
190.4,0.658185939585745,-0.9842684783301712,0.21999999999999997,0.23076923076923095,16.977991935,3.643522024154663,0,98.87540435791016
190.4,0.658185939585745,-0.9842684783301712,0.20842105263157892,0.23076923076923095,16.977991935,3.643522024154663,0,98.87540435791016
190.4,0.6632590612459606,-0.9897379471820646,0.20842105263157892,0.23076923076923095,16.77997607,3.643522024154663,0,98.87540435791016
190.4,0.6632590612459606,-0.9897379471820646,0.20842105263157892,0.23076923076923095,16.77997607,3.643522024154663,0,98.87540435791016
190.4,0.6632590612459606,-0.9897379471820646,0.20842105263157892,0.23076923076923095,16.77997607,3.643522024154663,0,98.87540435791016
190.4,0.6632590612459606,-0.9897379471820646,0.20842105263157892,0.23076923076923095,16.77997607,3.643522024154663,0,98.87540435791016
190.4,0.6681166450079565,-0.994876577183925,0.20842105263157892,0.23076923076923095,16.879012984,3.643522024154663,0,98.87540435791016
190.5,0.6681166450079565,-0.994876577183925,0.20842105263157892,0.23076923076923095,16.879012984,3.643522024154663,0,98.76612091064453
190.5,0.6681166450079565,-0.994876577183925,0.20842105263157892,0.23076923076923095,16.879012984,3.643522024154663,0,98.76612091064453
190.5,0.6681166450079565,-0.994876577183925,0.20842105263157892,0.23076923076923095,16.879012984,3.643522024154663,0,98.76612091064453
190.5,0.673013226902246,-0.9999821235062549,0.20842105263157892,0.23076923076923095,16.981415744,3.643522024154663,0,98.76612091064453
190.5,0.673013226902246,-0.9999821235062549,0.21999999999999997,0.23076923076923095,16.981415744,3.643522024154663,0,98.76612091064453
190.5,0.673013226902246,-0.9999821235062549,0.21999999999999997,0.23076923076923095,16.981415744,3.643522024154663,0,98.76612091064453
190.5,0.6779453216899589,-1.0050510756078688,0.21999999999999997,0.23076923076923095,17.083532583,3.643522024154663,0,98.76612091064453
190.5,0.6779453216899589,-1.0050510756078688,0.21999999999999997,0.23076923076923095,17.083532583,3.643522024154663,0,98.76612091064453
190.5,0.6779453216899589,-1.0050510756078688,0.21999999999999997,0.23076923076923095,17.083532583,3.643522024154663,0,98.76612091064453
190.5,0.6779453216899589,-1.0050510756078688,0.21999999999999997,0.23076923076923095,17.083532583,3.643522024154663,0,98.76612091064453
190.5,0.6831950937590783,-1.0103568468298005,0.21999999999999997,0.23076923076923095,17.083532583,3.643522024154663,0,98.76612091064453
190.60000000000002,0.6831950937590783,-1.0103568468298005,0.21999999999999997,0.23076923076923095,17.087562929,3.643522024154663,0,98.76612091064453
190.60000000000002,0.6831950937590783,-1.0103568468298005,0.21999999999999997,0.23076923076923095,17.087562929,3.643522024154663,0,98.76612091064453
190.60000000000002,0.6831950937590783,-1.0103568468298005,0.21999999999999997,0.23076923076923095,17.087562929,3.643522024154663,0,98.76612091064453
190.60000000000002,0.6884897632453899,-1.0156207229698035,0.20842105263157892,0.2820512820512822,17.090391961,3.643522024154663,0,98.76612091064453
190.60000000000002,0.6884897632453899,-1.0156207229698035,0.20842105263157892,0.2820512820512822,17.090391961,3.643522024154663,0,98.76612091064453
190.60000000000002,0.6884897632453899,-1.0156207229698035,0.20842105263157892,0.2820512820512822,17.090391961,3.643522024154663,0,98.76612091064453
190.60000000000002,0.6935444487946356,-1.0205671433461487,0.20842105263157892,0.2820512820512822,17.090391961,3.643522024154663,0,98.76612091064453
190.60000000000002,0.6935444487946356,-1.0205671433461487,0.20842105263157892,0.2820512820512822,17.090391961,3.643522024154663,0,98.76612091064453
190.60000000000002,0.6935444487946356,-1.0205671433461487,0.20842105263157892,0.2820512820512822,17.09415324,3.643522024154663,0,98.76612091064453
190.60000000000002,0.6935444487946356,-1.0205671433461487,0.20842105263157892,0.2820512820512822,17.09415324,3.643522024154663,0,98.76612091064453
190.60000000000002,0.6935444487946356,-1.0205671433461487,0.20842105263157892,0.2820512820512822,17.09415324,3.643522024154663,0,98.76612091064453
190.70000000000002,0.6986437252938662,-1.0254611677052479,0.20842105263157892,0.2820512820512822,17.097808448,3.643522024154663,0,98.76612091064453
190.70000000000002,0.6986437252938662,-1.0254611677052479,0.20842105263157892,0.2820512820512822,17.097808448,3.643522024154663,0,98.76612091064453
190.70000000000002,0.6986437252938662,-1.0254611677052479,0.20842105263157892,0.23076923076923095,17.097808448,3.643522024154663,0,98.76612091064453
190.70000000000002,0.7037951350029421,-1.0303018906746584,0.20842105263157892,0.23076923076923095,17.097808448,3.643522024154663,0,98.76612091064453
190.70000000000002,0.7037951350029421,-1.0303018906746584,0.20842105263157892,0.23076923076923095,16.76986564,3.552100658416748,0,98.76612091064453
190.70000000000002,0.7037951350029421,-1.0303018906746584,0.20842105263157892,0.23076923076923095,16.76986564,3.552100658416748,0,98.76612091064453
190.70000000000002,0.7037951350029421,-1.0303018906746584,0.20842105263157892,0.23076923076923095,16.76986564,3.552100658416748,0,98.76612091064453
190.70000000000002,0.7089921257241907,-1.0350989151763343,0.20842105263157892,0.23076923076923095,16.868371061,3.552100658416748,0,98.76612091064453
190.70000000000002,0.7089921257241907,-1.0350989151763343,0.20842105263157892,0.23076923076923095,16.868371061,3.552100658416748,0,98.76612091064453
190.70000000000002,0.7089921257241907,-1.0350989151763343,0.20842105263157892,0.23076923076923095,16.868371061,3.552100658416748,0,98.76612091064453
190.70000000000002,0.7089921257241907,-1.0350989151763343,0.20842105263157892,0.23076923076923095,16.868371061,3.552100658416748,0,98.76612091064453
190.70000000000002,0.7089921257241907,-1.0350989151763343,0.20842105263157892,0.23076923076923095,16.868371061,3.552100658416748,0,98.76612091064453
190.8,0.7142250862904791,-1.039858728335807,0.21999999999999997,0.2820512820512822,16.867952898,3.552100658416748,0,98.76612091064453
190.8,0.7142250862904791,-1.039858728335807,0.21999999999999997,0.2820512820512822,16.867952898,3.552100658416748,0,98.76612091064453
190.8,0.7142250862904791,-1.039858728335807,0.21999999999999997,0.2820512820512822,16.867952898,3.552100658416748,0,98.76612091064453
190.8,0.7142250862904791,-1.039858728335807,0.21999999999999997,0.2820512820512822,16.867952898,3.552100658416748,0,98.76612091064453
190.8,0.7194911391682102,-1.0445784632638744,0.21999999999999997,0.2820512820512822,16.869548409,3.552100658416748,0,98.76612091064453
190.8,0.7194911391682102,-1.0445784632638744,0.21999999999999997,0.2820512820512822,16.869548409,3.552100658416748,0,98.76612091064453
190.8,0.7194911391682102,-1.0445784632638744,0.21999999999999997,0.2820512820512822,16.869548409,3.552100658416748,0,98.76612091064453
190.8,0.7250904468775121,-1.0495074624947933,0.21999999999999997,0.2820512820512822,16.773698381,3.552100658416748,0,98.76612091064453
190.8,0.7250904468775121,-1.0495074624947933,0.21999999999999997,0.2820512820512822,16.773698381,3.552100658416748,0,98.76612091064453
190.8,0.7250904468775121,-1.0495074624947933,0.21999999999999997,0.2820512820512822,16.773698381,3.552100658416748,0,98.76612091064453
190.8,0.7250904468775121,-1.0495074624947933,0.21999999999999997,0.23076923076923095,16.773698381,3.552100658416748,0,98.76612091064453
190.9,0.7307436380498638,-1.0543687678684055,0.21999999999999997,0.23076923076923095,16.775666277,3.552100658416748,0,98.76612091064453
190.9,0.7307436380498638,-1.0543687678684055,0.21999999999999997,0.23076923076923095,16.775666277,3.552100658416748,0,98.76612091064453
190.9,0.7307436380498638,-1.0543687678684055,0.21999999999999997,0.23076923076923095,16.775666277,3.552100658416748,0,98.76612091064453
190.9,0.7307436380498638,-1.0543687678684055,0.21999999999999997,0.23076923076923095,16.775666277,3.552100658416748,0,98.76612091064453
190.9,0.7364256687070356,-1.0583843037100544,0.21999999999999997,0.23076923076923095,16.772656787,3.552100658416748,0,98.76612091064453
190.9,0.7364256687070356,-1.0583843037100544,0.21999999999999997,0.23076923076923095,16.772656787,3.552100658416748,0,98.76612091064453
190.9,0.7364256687070356,-1.0583843037100544,0.21999999999999997,0.23076923076923095,16.772656787,3.552100658416748,0,98.76612091064453
190.9,0.7421262358685523,-1.0614569411064378,0.21999999999999997,0.23076923076923095,16.772656787,3.552100658416748,0,98.76612091064453
190.9,0.7421262358685523,-1.0614569411064378,0.21999999999999997,0.23076923076923095,16.674058909,3.552100658416748,0,98.76612091064453
190.9,0.7421262358685523,-1.0614569411064378,0.20842105263157892,0.23076923076923095,16.674058909,3.552100658416748,0,98.76612091064453
190.9,0.7421262358685523,-1.0614569411064378,0.20842105263157892,0.23076923076923095,16.674058909,3.552100658416748,0,98.76612091064453
190.9,0.7421262358685523,-1.0614569411064378,0.20842105263157892,0.23076923076923095,16.674058909,3.552100658416748,0,98.76612091064453
191.0,0.7478768821372537,-1.0644617079629777,0.20842105263157892,0.23076923076923095,16.674058909,3.552100658416748,0,98.76612091064453
191.0,0.7478768821372537,-1.0644617079629777,0.20842105263157892,0.23076923076923095,16.576828363,3.552100658416748,0,98.66657257080078
191.0,0.7478768821372537,-1.0644617079629777,0.20842105263157892,0.23076923076923095,16.576828363,3.552100658416748,0,98.66657257080078
191.0,0.7478768821372537,-1.0644617079629777,0.20842105263157892,0.23076923076923095,16.576828363,3.552100658416748,0,98.66657257080078
191.0,0.7533815273635214,-1.0671388276903733,0.20842105263157892,0.23076923076923095,16.343230867,3.502100706100464,0,98.66657257080078
191.0,0.7533815273635214,-1.0671388276903733,0.20842105263157892,0.23076923076923095,16.343230867,3.502100706100464,0,98.66657257080078
191.0,0.7533815273635214,-1.0671388276903733,0.20842105263157892,0.23076923076923095,16.343230867,3.502100706100464,0,98.66657257080078
191.0,0.7533815273635214,-1.0671388276903733,0.21999999999999997,0.23076923076923095,16.343230867,3.502100706100464,0,98.66657257080078
191.0,0.7589553725147062,-1.069727440728308,0.21999999999999997,0.23076923076923095,16.343296522,3.502100706100464,0,98.66657257080078
191.0,0.7589553725147062,-1.069727440728308,0.21999999999999997,0.23076923076923095,16.343296522,3.502100706100464,0,98.66657257080078
191.0,0.7589553725147062,-1.069727440728308,0.21999999999999997,0.23076923076923095,16.343296522,3.502100706100464,0,98.66657257080078
191.10000000000002,0.7589553725147062,-1.069727440728308,0.21999999999999997,0.23076923076923095,16.343296522,3.502100706100464,0,98.66657257080078
191.10000000000002,0.7589553725147062,-1.069727440728308,0.21999999999999997,0.23076923076923095,16.343296522,3.502100706100464,0,98.66657257080078
191.10000000000002,0.7649048662327809,-1.0724813279081786,0.21999999999999997,0.23076923076923095,16.249613431,3.502100706100464,0,98.66657257080078
191.10000000000002,0.7649048662327809,-1.0724813279081786,0.21999999999999997,0.23076923076923095,16.249613431,3.502100706100464,0,98.66657257080078
191.10000000000002,0.7649048662327809,-1.0724813279081786,0.21999999999999997,0.23076923076923095,16.249613431,3.502100706100464,0,98.66657257080078
191.10000000000002,0.7709039806640112,-1.0761967498505078,0.21999999999999997,0.17948717948717968,16.196577278,3.5109264850616455,0,98.66657257080078
191.10000000000002,0.7709039806640112,-1.0761967498505078,0.21999999999999997,0.17948717948717968,16.196577278,3.5109264850616455,0,98.66657257080078
191.10000000000002,0.7709039806640112,-1.0761967498505078,0.21999999999999997,0.17948717948717968,16.196577278,3.5109264850616455,0,98.66657257080078
191.10000000000002,0.7709039806640112,-1.0761967498505078,0.21999999999999997,0.17948717948717968,16.196577278,3.5109264850616455,0,98.66657257080078
191.10000000000002,0.7769445764689771,-1.0805843716317223,0.21999999999999997,0.17948717948717968,16.19272025,3.5109264850616455,0,98.66657257080078
191.10000000000002,0.7769445764689771,-1.0805843716317223,0.21999999999999997,0.17948717948717968,16.19272025,3.5109264850616455,0,98.66657257080078
191.10000000000002,0.7769445764689771,-1.0805843716317223,0.21999999999999997,0.17948717948717968,16.19272025,3.5109264850616455,0,98.66657257080078
191.20000000000002,0.7769445764689771,-1.0805843716317223,0.21999999999999997,0.17948717948717968,16.19272025,3.5109264850616455,0,98.66657257080078
191.20000000000002,0.7830180328100163,-1.08493381541084,0.21999999999999997,0.17948717948717968,16.186839441,3.5109264850616455,0,98.66657257080078
191.20000000000002,0.7830180328100163,-1.08493381541084,0.21999999999999997,0.17948717948717968,16.186839441,3.5109264850616455,0,98.66657257080078
191.20000000000002,0.7830180328100163,-1.08493381541084,0.20842105263157892,0.12820512820512842,16.186839441,3.5109264850616455,0,98.66657257080078
191.20000000000002,0.7830180328100163,-1.08493381541084,0.20842105263157892,0.12820512820512842,16.186839441,3.5109264850616455,0,98.66657257080078
191.20000000000002,0.7830180328100163,-1.08493381541084,0.20842105263157892,0.12820512820512842,16.186839441,3.5109264850616455,0,98.66657257080078
191.20000000000002,0.7891153224563026,-1.0892505712024738,0.20842105263157892,0.12820512820512842,16.188594397,3.5109264850616455,0,98.66657257080078
191.20000000000002,0.7891153224563026,-1.0892505712024738,0.20842105263157892,0.12820512820512842,16.188594397,3.5109264850616455,0,98.66657257080078
191.20000000000002,0.7891153224563026,-1.0892505712024738,0.20842105263157892,0.12820512820512842,16.188594397,3.5109264850616455,0,98.66657257080078
191.20000000000002,0.7891153224563026,-1.0892505712024738,0.20842105263157892,0.12820512820512842,16.188594397,3.5109264850616455,0,98.66657257080078
191.20000000000002,0.7949145322235327,-1.0932993793934334,0.20842105263157892,0.12820512820512842,16.284664766,3.5109264850616455,0,98.66657257080078
191.20000000000002,0.7949145322235327,-1.0932993793934334,0.20842105263157892,0.12820512820512842,16.284664766,3.5109264850616455,0,98.66657257080078
191.20000000000002,0.7949145322235327,-1.0932993793934334,0.20842105263157892,0.12820512820512842,16.284664766,3.5109264850616455,0,98.66657257080078
191.3,0.7949145322235327,-1.0932993793934334,0.20842105263157892,0.12820512820512842,16.284664766,3.5109264850616455,0,98.66657257080078
191.3,0.8007501501512329,-1.0972924965869228,0.21999999999999997,0.23076923076923095,16.046009946,3.440215826034546,0,98.66657257080078
191.3,0.8007501501512329,-1.0972924965869228,0.21999999999999997,0.23076923076923095,16.046009946,3.440215826034546,0,98.66657257080078
191.3,0.8007501501512329,-1.0972924965869228,0.21999999999999997,0.23076923076923095,16.046009946,3.440215826034546,0,98.66657257080078
191.3,0.8007501501512329,-1.0972924965869228,0.21999999999999997,0.23076923076923095,16.046009946,3.440215826034546,0,98.66657257080078
191.3,0.8069426077311892,-1.1014749594562971,0.21999999999999997,0.23076923076923095,15.950421873,3.440215826034546,0,98.66657257080078
191.3,0.8069426077311892,-1.1014749594562971,0.21999999999999997,0.23076923076923095,15.950421873,3.440215826034546,0,98.66657257080078
191.3,0.8069426077311892,-1.1014749594562971,0.21999999999999997,0.23076923076923095,15.950421873,3.440215826034546,0,98.66657257080078
191.3,0.8131502283200989,-1.105622962667395,0.21999999999999997,0.23076923076923095,15.858110655,3.440215826034546,0,98.66657257080078
191.3,0.8131502283200989,-1.105622962667395,0.21999999999999997,0.23076923076923095,15.858110655,3.440215826034546,0,98.66657257080078
191.3,0.8131502283200989,-1.105622962667395,0.21999999999999997,0.23076923076923095,15.858110655,3.440215826034546,0,98.66657257080078
191.4,0.8131502283200989,-1.105622962667395,0.21999999999999997,0.17948717948717968,15.858110655,3.440215826034546,0,98.66657257080078
191.4,0.8131502283200989,-1.105622962667395,0.21999999999999997,0.17948717948717968,15.858110655,3.440215826034546,0,98.66657257080078
191.4,0.8193916381557329,-1.1097099639849752,0.21999999999999997,0.17948717948717968,15.857565316,3.440215826034546,0,98.66657257080078
191.4,0.8193916381557329,-1.1097099639849752,0.21999999999999997,0.17948717948717968,15.857565316,3.440215826034546,0,98.66657257080078
191.4,0.8193916381557329,-1.1097099639849752,0.21999999999999997,0.17948717948717968,15.857565316,3.440215826034546,0,98.66657257080078
191.4,0.8193916381557329,-1.1097099639849752,0.21999999999999997,0.17948717948717968,15.857565316,3.440215826034546,0,98.66657257080078
191.4,0.8256737209566989,-1.1137456263721395,0.21999999999999997,0.17948717948717968,15.853589959,3.440215826034546,0,98.66657257080078
191.4,0.8256737209566989,-1.1137456263721395,0.21999999999999997,0.17948717948717968,15.853589959,3.440215826034546,0,98.66657257080078
191.4,0.8256737209566989,-1.1137456263721395,0.21999999999999997,0.17948717948717968,15.853589959,3.440215826034546,0,98.66657257080078
191.4,0.8256737209566989,-1.1137456263721395,0.21999999999999997,0.17948717948717968,15.853589959,3.440215826034546,0,98.66657257080078
191.4,0.8319796580371797,-1.1177530810822387,0.20842105263157892,0.12820512820512842,15.852603354,3.440215826034546,0,98.66657257080078
191.4,0.8319796580371797,-1.1177530810822387,0.20842105263157892,0.12820512820512842,15.852603354,3.440215826034546,0,98.66657257080078
191.5,0.8319796580371797,-1.1177530810822387,0.20842105263157892,0.12820512820512842,15.852603354,3.440215826034546,0,98.66657257080078
191.5,0.8319796580371797,-1.1177530810822387,0.20842105263157892,0.12820512820512842,15.852603354,3.440215826034546,0,98.56053924560547
191.5,0.8379695634102358,-1.1215183230967811,0.20842105263157892,0.12820512820512842,15.948277338,3.440215826034546,0,98.56053924560547
191.5,0.8379695634102358,-1.1215183230967811,0.20842105263157892,0.12820512820512842,15.948277338,3.440215826034546,0,98.56053924560547
191.5,0.8379695634102358,-1.1215183230967811,0.20842105263157892,0.12820512820512842,15.948277338,3.440215826034546,0,98.56053924560547
191.5,0.8379695634102358,-1.1215183230967811,0.20842105263157892,0.12820512820512842,15.948277338,3.440215826034546,0,98.56053924560547
191.5,0.8379695634102358,-1.1215183230967811,0.20842105263157892,0.12820512820512842,15.948277338,3.440215826034546,0,98.56053924560547
191.5,0.8439841247357502,-1.125243900725203,0.20842105263157892,0.12820512820512842,16.039703737,3.440215826034546,0,98.56053924560547
191.5,0.8439841247357502,-1.125243900725203,0.21999999999999997,0.17948717948717968,16.039703737,3.440215826034546,0,98.56053924560547
191.5,0.8439841247357502,-1.125243900725203,0.21999999999999997,0.17948717948717968,16.039703737,3.440215826034546,0,98.56053924560547
191.5,0.8439841247357502,-1.125243900725203,0.21999999999999997,0.17948717948717968,16.039703737,3.440215826034546,0,98.56053924560547
191.5,0.8500201210588785,-1.1289453732155519,0.21999999999999997,0.17948717948717968,16.03455613,3.440215826034546,0,98.56053924560547
191.5,0.8500201210588785,-1.1289453732155519,0.21999999999999997,0.17948717948717968,16.03455613,3.440215826034546,0,98.56053924560547
191.60000000000002,0.8500201210588785,-1.1289453732155519,0.21999999999999997,0.17948717948717968,16.03455613,3.440215826034546,0,98.56053924560547
191.60000000000002,0.8500201210588785,-1.1289453732155519,0.21999999999999997,0.17948717948717968,16.03455613,3.440215826034546,0,98.56053924560547
191.60000000000002,0.8500201210588785,-1.1289453732155519,0.21999999999999997,0.17948717948717968,16.03455613,3.440215826034546,0,98.56053924560547
191.60000000000002,0.8564017638760371,-1.1328260959895469,0.21999999999999997,0.17948717948717968,15.945408095,3.440215826034546,0,98.56053924560547
191.60000000000002,0.8564017638760371,-1.1328260959895469,0.21999999999999997,0.17948717948717968,15.945408095,3.440215826034546,0,98.56053924560547
191.60000000000002,0.8564017638760371,-1.1328260959895469,0.21999999999999997,0.12820512820512842,15.945408095,3.440215826034546,0,98.56053924560547
191.60000000000002,0.8564017638760371,-1.1328260959895469,0.21999999999999997,0.12820512820512842,15.945408095,3.440215826034546,0,98.56053924560547
191.60000000000002,0.8564017638760371,-1.1328260959895469,0.21999999999999997,0.12820512820512842,15.945408095,3.440215826034546,0,98.56053924560547
191.60000000000002,0.8628082612151746,-1.136652974133636,0.21999999999999997,0.12820512820512842,15.617243483,3.3695051670074463,0,98.56053924560547
191.60000000000002,0.8628082612151746,-1.136652974133636,0.21999999999999997,0.12820512820512842,15.617243483,3.3695051670074463,0,98.56053924560547
191.60000000000002,0.8628082612151746,-1.136652974133636,0.21999999999999997,0.12820512820512842,15.617243483,3.3695051670074463,0,98.56053924560547
191.60000000000002,0.8628082612151746,-1.136652974133636,0.21999999999999997,0.12820512820512842,15.617243483,3.3695051670074463,0,98.56053924560547
191.60000000000002,0.8692508269612769,-1.1404348467506185,0.21999999999999997,0.12820512820512842,15.615142803,3.3695051670074463,0,98.56053924560547
191.60000000000002,0.8692508269612769,-1.1404348467506185,0.21999999999999997,0.12820512820512842,15.615142803,3.3695051670074463,0,98.56053924560547
191.70000000000002,0.8692508269612769,-1.1404348467506185,0.21999999999999997,0.12820512820512842,15.615142803,3.3695051670074463,0,98.56053924560547
191.70000000000002,0.8692508269612769,-1.1404348467506185,0.20842105263157892,0.07692307692307715,15.615142803,3.3695051670074463,0,98.56053924560547
191.70000000000002,0.8757092249185201,-1.1442018554912783,0.20842105263157892,0.07692307692307715,15.612050966,3.3695051670074463,0,98.56053924560547
191.70000000000002,0.8757092249185201,-1.1442018554912783,0.20842105263157892,0.07692307692307715,15.612050966,3.3695051670074463,0,98.56053924560547
191.70000000000002,0.8757092249185201,-1.1442018554912783,0.20842105263157892,0.07692307692307715,15.612050966,3.3695051670074463,0,98.56053924560547
191.70000000000002,0.8818344387342074,-1.147747416510673,0.20842105263157892,0.07692307692307715,15.70508366,3.3695051670074463,0,98.56053924560547
191.70000000000002,0.8818344387342074,-1.147747416510673,0.20842105263157892,0.07692307692307715,15.70508366,3.3695051670074463,0,98.56053924560547
191.70000000000002,0.8818344387342074,-1.147747416510673,0.20842105263157892,0.07692307692307715,15.70508366,3.3695051670074463,0,98.56053924560547
191.70000000000002,0.8818344387342074,-1.147747416510673,0.20842105263157892,0.07692307692307715,15.70508366,3.3695051670074463,0,98.56053924560547
191.70000000000002,0.8879819622034029,-1.1512504417068392,0.20842105263157892,0.07692307692307715,15.79500149,3.3695051670074463,0,98.56053924560547
191.8,0.8879819622034029,-1.1512504417068392,0.20842105263157892,0.07692307692307715,15.79500149,3.3695051670074463,0,98.56053924560547
191.8,0.8879819622034029,-1.1512504417068392,0.21999999999999997,0.17948717948717968,15.79500149,3.3695051670074463,0,98.56053924560547
191.8,0.8941508557858049,-1.1547370964310975,0.21999999999999997,0.17948717948717968,15.79500149,3.3695051670074463,0,98.56053924560547
191.8,0.8941508557858049,-1.1547370964310975,0.21999999999999997,0.17948717948717968,15.557292845,3.319505214691162,0,98.56053924560547
191.8,0.8941508557858049,-1.1547370964310975,0.21999999999999997,0.17948717948717968,15.557292845,3.319505214691162,0,98.56053924560547
191.8,0.8941508557858049,-1.1547370964310975,0.21999999999999997,0.17948717948717968,15.557292845,3.319505214691162,0,98.56053924560547
191.8,0.8941508557858049,-1.1547370964310975,0.21999999999999997,0.17948717948717968,15.557292845,3.319505214691162,0,98.56053924560547
191.8,0.9006598909576691,-1.1584042995981003,0.21999999999999997,0.17948717948717968,15.470742042,3.319505214691162,0,98.56053924560547
191.8,0.9006598909576691,-1.1584042995981003,0.21999999999999997,0.17948717948717968,15.470742042,3.319505214691162,0,98.56053924560547
191.8,0.9006598909576691,-1.1584042995981003,0.21999999999999997,0.17948717948717968,15.470742042,3.319505214691162,0,98.56053924560547
191.8,0.9006598909576691,-1.1584042995981003,0.21999999999999997,0.17948717948717968,15.470742042,3.319505214691162,0,98.56053924560547
191.8,0.907191931569101,-1.1620006512205205,0.20842105263157892,0.17948717948717968,15.470742042,3.319505214691162,0,98.56053924560547
191.9,0.907191931569101,-1.1620006512205205,0.20842105263157892,0.17948717948717968,15.384081097,3.319505214691162,0,98.56053924560547
191.9,0.907191931569101,-1.1620006512205205,0.20842105263157892,0.17948717948717968,15.384081097,3.319505214691162,0,98.56053924560547
191.9,0.907191931569101,-1.1620006512205205,0.20842105263157892,0.17948717948717968,15.384081097,3.319505214691162,0,98.56053924560547
191.9,0.907191931569101,-1.1620006512205205,0.20842105263157892,0.17948717948717968,15.384081097,3.319505214691162,0,98.56053924560547
191.9,0.9133929148031428,-1.165183543919966,0.20842105263157892,0.17948717948717968,15.471387766,3.319505214691162,0,98.56053924560547
191.9,0.9133929148031428,-1.165183543919966,0.20842105263157892,0.17948717948717968,15.471387766,3.319505214691162,0,98.56053924560547
191.9,0.9133929148031428,-1.165183543919966,0.20842105263157892,0.17948717948717968,15.471387766,3.319505214691162,0,98.56053924560547
191.9,0.9133929148031428,-1.165183543919966,0.20842105263157892,0.17948717948717968,15.471387766,3.319505214691162,0,98.56053924560547
191.9,0.9191383989258681,-1.1657010510559211,0.20842105263157892,0.17948717948717968,15.563642168,3.319505214691162,0,98.56053924560547
191.9,0.9191383989258681,-1.1657010510559211,0.19684210526315787,0.17948717948717968,15.563642168,3.319505214691162,0,98.56053924560547
191.9,0.9191383989258681,-1.1657010510559211,0.19684210526315787,0.17948717948717968,15.563642168,3.319505214691162,0,98.56053924560547
191.9,0.9249103722388241,-1.166166308781409,0.19684210526315787,0.17948717948717968,15.662220352,3.3205649852752686,0,98.56053924560547
192.0,0.9249103722388241,-1.166166308781409,0.19684210526315787,0.17948717948717968,15.662220352,3.3205649852752686,0,98.56053924560547
192.0,0.9249103722388241,-1.166166308781409,0.19684210526315787,0.17948717948717968,15.662220352,3.3205649852752686,0,98.45574951171875
192.0,0.9249103722388241,-1.166166308781409,0.19684210526315787,0.17948717948717968,15.662220352,3.3205649852752686,0,98.45574951171875
192.0,0.9303593524027751,-1.1663931299420274,0.19684210526315787,0.17948717948717968,15.662220352,3.3205649852752686,0,98.45574951171875
192.0,0.9303593524027751,-1.1663931299420274,0.19684210526315787,0.17948717948717968,15.856713184,3.3205649852752686,0,98.45574951171875
192.0,0.9303593524027751,-1.1663931299420274,0.19684210526315787,0.17948717948717968,15.856713184,3.3205649852752686,0,98.45574951171875
192.0,0.9303593524027751,-1.1663931299420274,0.19684210526315787,0.17948717948717968,15.856713184,3.3205649852752686,0,98.45574951171875
192.0,0.9358416096471145,-1.1665497849768374,0.21999999999999997,0.12820512820512842,15.957015835,3.3205649852752686,0,98.45574951171875
192.0,0.9358416096471145,-1.1665497849768374,0.21999999999999997,0.12820512820512842,15.957015835,3.3205649852752686,0,98.45574951171875
192.0,0.9358416096471145,-1.1665497849768374,0.21999999999999997,0.12820512820512842,15.957015835,3.3205649852752686,0,98.45574951171875
192.0,0.9358416096471145,-1.1665497849768374,0.21999999999999997,0.12820512820512842,15.957015835,3.3205649852752686,0,98.45574951171875
192.0,0.9420651259475801,-1.166994795576651,0.21999999999999997,0.12820512820512842,15.957015835,3.3205649852752686,0,98.45574951171875
192.10000000000002,0.9420651259475801,-1.166994795576651,0.21999999999999997,0.12820512820512842,15.627430524,3.2705650329589844,0,98.45574951171875
192.10000000000002,0.9420651259475801,-1.166994795576651,0.21999999999999997,0.12820512820512842,15.627430524,3.2705650329589844,0,98.45574951171875
192.10000000000002,0.9420651259475801,-1.166994795576651,0.21999999999999997,0.12820512820512842,15.627430524,3.2705650329589844,0,98.45574951171875
192.10000000000002,0.9420651259475801,-1.166994795576651,0.21999999999999997,0.12820512820512842,15.627430524,3.2705650329589844,0,98.45574951171875
192.10000000000002,0.9484006197307244,-1.1678899687637379,0.21999999999999997,0.12820512820512842,15.537129933,3.2705650329589844,0,98.45574951171875
192.10000000000002,0.9484006197307244,-1.1678899687637379,0.21999999999999997,0.12820512820512842,15.537129933,3.2705650329589844,0,98.45574951171875
192.10000000000002,0.9484006197307244,-1.1678899687637379,0.21999999999999997,0.12820512820512842,15.537129933,3.2705650329589844,0,98.45574951171875
192.10000000000002,0.9484006197307244,-1.1678899687637379,0.21999999999999997,0.12820512820512842,15.537129933,3.2705650329589844,0,98.45574951171875
192.10000000000002,0.9551539520414136,-1.1710852369138969,0.21999999999999997,0.12820512820512842,15.534855369,3.2705650329589844,0,98.45574951171875
192.10000000000002,0.9551539520414136,-1.1710852369138969,0.21999999999999997,0.12820512820512842,15.534855369,3.2705650329589844,0,98.45574951171875
192.10000000000002,0.9551539520414136,-1.1710852369138969,0.21999999999999997,0.12820512820512842,15.534855369,3.2705650329589844,0,98.45574951171875
192.10000000000002,0.9551539520414136,-1.1710852369138969,0.21999999999999997,0.12820512820512842,15.534855369,3.2705650329589844,0,98.45574951171875
192.10000000000002,0.9619204230699794,-1.1742535928439841,0.21999999999999997,0.12820512820512842,15.533627012,3.2705650329589844,0,98.45574951171875
192.20000000000002,0.9619204230699794,-1.1742535928439841,0.21999999999999997,0.12820512820512842,15.533627012,3.2705650329589844,0,98.45574951171875
192.20000000000002,0.9619204230699794,-1.1742535928439841,0.21999999999999997,0.12820512820512842,15.533627012,3.2705650329589844,0,98.45574951171875
192.20000000000002,0.9686999729048629,-1.177392303193668,0.20842105263157892,0.12820512820512842,15.533627012,3.2705650329589844,0,98.45574951171875
192.20000000000002,0.9686999729048629,-1.177392303193668,0.20842105263157892,0.12820512820512842,15.44222764,3.2705650329589844,0,98.45574951171875
192.20000000000002,0.9686999729048629,-1.177392303193668,0.20842105263157892,0.12820512820512842,15.44222764,3.2705650329589844,0,98.45574951171875
192.20000000000002,0.9686999729048629,-1.177392303193668,0.20842105263157892,0.12820512820512842,15.44222764,3.2705650329589844,0,98.45574951171875
192.20000000000002,0.9686999729048629,-1.177392303193668,0.20842105263157892,0.12820512820512842,15.44222764,3.2705650329589844,0,98.45574951171875
192.20000000000002,0.9751364691774795,-1.18033257996647,0.20842105263157892,0.12820512820512842,15.443300417,3.2705650329589844,0,98.45574951171875
192.20000000000002,0.9751364691774795,-1.18033257996647,0.20842105263157892,0.12820512820512842,15.443300417,3.2705650329589844,0,98.45574951171875
192.20000000000002,0.9751364691774795,-1.18033257996647,0.20842105263157892,0.12820512820512842,15.443300417,3.2705650329589844,0,98.45574951171875
192.20000000000002,0.9751364691774795,-1.18033257996647,0.20842105263157892,0.12820512820512842,15.443300417,3.2705650329589844,0,98.45574951171875
192.3,0.9815912986378545,-1.1832268461417843,0.20842105263157892,0.12820512820512842,15.442474152,3.2705650329589844,0,98.45574951171875
192.3,0.9815912986378545,-1.1832268461417843,0.21999999999999997,0.17948717948717968,15.442474152,3.2705650329589844,0,98.45574951171875
192.3,0.9815912986378545,-1.1832268461417843,0.21999999999999997,0.17948717948717968,15.442474152,3.2705650329589844,0,98.45574951171875
192.3,0.9880676796247478,-1.1860904340388438,0.21999999999999997,0.17948717948717968,15.344342067,3.2705650329589844,0,98.45574951171875
192.3,0.9880676796247478,-1.1860904340388438,0.21999999999999997,0.17948717948717968,15.344342067,3.2705650329589844,0,98.45574951171875
192.3,0.9880676796247478,-1.1860904340388438,0.21999999999999997,0.17948717948717968,15.344342067,3.2705650329589844,0,98.45574951171875
192.3,0.9880676796247478,-1.1860904340388438,0.21999999999999997,0.17948717948717968,15.344342067,3.2705650329589844,0,98.45574951171875
192.3,0.9949104126283648,-1.1890865143407179,0.21999999999999997,0.17948717948717968,15.164891164,3.2705650329589844,0,98.45574951171875
192.3,0.9949104126283648,-1.1890865143407179,0.21999999999999997,0.17948717948717968,15.164891164,3.2705650329589844,0,98.45574951171875
192.3,0.9949104126283648,-1.1890865143407179,0.21999999999999997,0.17948717948717968,15.164891164,3.2705650329589844,0,98.45574951171875
192.3,0.9949104126283648,-1.1890865143407179,0.21999999999999997,0.17948717948717968,15.164891164,3.2705650329589844,0,98.45574951171875
192.4,1.001771025116768,-1.192018247218537,0.20842105263157892,0.23076923076923095,14.834873669,3.1998543739318848,0,98.45574951171875
192.4,1.001771025116768,-1.192018247218537,0.20842105263157892,0.23076923076923095,14.834873669,3.1998543739318848,0,98.45574951171875
192.4,1.001771025116768,-1.192018247218537,0.20842105263157892,0.23076923076923095,14.834873669,3.1998543739318848,0,98.45574951171875
192.4,1.001771025116768,-1.192018247218537,0.20842105263157892,0.23076923076923095,14.834873669,3.1998543739318848,0,98.45574951171875
192.4,1.0086650664586394,-1.1948940056645638,0.20842105263157892,0.23076923076923095,14.833489171,3.1998543739318848,0,98.45574951171875
192.4,1.0086650664586394,-1.1948940056645638,0.20842105263157892,0.23076923076923095,14.833489171,3.1998543739318848,0,98.45574951171875
192.4,1.0086650664586394,-1.1948940056645638,0.20842105263157892,0.23076923076923095,14.833489171,3.1998543739318848,0,98.45574951171875
192.4,1.0086650664586394,-1.1948940056645638,0.20842105263157892,0.23076923076923095,14.833489171,3.1998543739318848,0,98.45574951171875
192.4,1.0152092515565487,-1.1975871038732984,0.20842105263157892,0.23076923076923095,14.921867874,3.1998543739318848,0,98.45574951171875
192.4,1.0152092515565487,-1.1975871038732984,0.20842105263157892,0.23076923076923095,14.921867874,3.1998543739318848,0,98.45574951171875
192.4,1.0152092515565487,-1.1975871038732984,0.20842105263157892,0.23076923076923095,14.921867874,3.1998543739318848,0,98.45574951171875
192.5,1.021768138788108,-1.2002117475093539,0.20842105263157892,0.23076923076923095,14.921867874,3.1998543739318848,0,98.45574951171875
192.5,1.021768138788108,-1.2002117475093539,0.20842105263157892,0.23076923076923095,15.011011182,3.1998543739318848,0,98.35308837890625
192.5,1.021768138788108,-1.2002117475093539,0.20842105263157892,0.23076923076923095,15.011011182,3.1998543739318848,0,98.35308837890625
192.5,1.021768138788108,-1.2002117475093539,0.20842105263157892,0.23076923076923095,15.011011182,3.1998543739318848,0,98.35308837890625
192.5,1.021768138788108,-1.2002117475093539,0.20842105263157892,0.23076923076923095,15.011011182,3.1998543739318848,0,98.35308837890625
192.5,1.021768138788108,-1.2002117475093539,0.20842105263157892,0.23076923076923095,15.011011182,3.1998543739318848,0,98.35308837890625
192.5,1.0283617333580315,-1.202767647478163,0.20842105263157892,0.23076923076923095,15.100798231,3.1998543739318848,0,98.35308837890625
192.5,1.0283617333580315,-1.202767647478163,0.20842105263157892,0.23076923076923095,15.100798231,3.1998543739318848,0,98.35308837890625
192.5,1.0283617333580315,-1.202767647478163,0.20842105263157892,0.23076923076923095,15.100798231,3.1998543739318848,0,98.35308837890625
192.5,1.0283617333580315,-1.202767647478163,0.21999999999999997,0.23076923076923095,15.100798231,3.1998543739318848,0,98.35308837890625
192.5,1.0349758012495034,-1.2052851778676028,0.21999999999999997,0.23076923076923095,15.099226751,3.1998543739318848,0,98.35308837890625
192.5,1.0349758012495034,-1.2052851778676028,0.21999999999999997,0.23076923076923095,15.099226751,3.1998543739318848,0,98.35308837890625
192.5,1.0349758012495034,-1.2052851778676028,0.21999999999999997,0.23076923076923095,15.099226751,3.1998543739318848,0,98.35308837890625
192.60000000000002,1.0349758012495034,-1.2052851778676028,0.21999999999999997,0.23076923076923095,15.099226751,3.1998543739318848,0,98.35308837890625
192.60000000000002,1.0419677555406177,-1.2078894480105122,0.21999999999999997,0.23076923076923095,14.778000972000001,3.1498541831970215,0,98.35308837890625
192.60000000000002,1.0419677555406177,-1.2078894480105122,0.21999999999999997,0.23076923076923095,14.778000972000001,3.1498541831970215,0,98.35308837890625
192.60000000000002,1.0419677555406177,-1.2078894480105122,0.21999999999999997,0.23076923076923095,14.778000972000001,3.1498541831970215,0,98.35308837890625
192.60000000000002,1.0419677555406177,-1.2078894480105122,0.21999999999999997,0.23076923076923095,14.778000972000001,3.1498541831970215,0,98.35308837890625
192.60000000000002,1.0489860907750366,-1.2104093208121633,0.21999999999999997,0.23076923076923095,14.695000992,3.1498541831970215,0,98.35308837890625
192.60000000000002,1.0489860907750366,-1.2104093208121633,0.20842105263157892,0.23076923076923095,14.695000992,3.1498541831970215,0,98.35308837890625
192.60000000000002,1.0489860907750366,-1.2104093208121633,0.20842105263157892,0.23076923076923095,14.695000992,3.1498541831970215,0,98.35308837890625
192.60000000000002,1.0489860907750366,-1.2104093208121633,0.20842105263157892,0.23076923076923095,14.695000992,3.1498541831970215,0,98.35308837890625
192.60000000000002,1.0489860907750366,-1.2104093208121633,0.20842105263157892,0.23076923076923095,14.695000992,3.1498541831970215,0,98.35308837890625
192.60000000000002,1.0560370664866796,-1.2128683066030954,0.20842105263157892,0.23076923076923095,14.69231097,3.1498541831970215,0,98.35308837890625
192.60000000000002,1.0560370664866796,-1.2128683066030954,0.20842105263157892,0.23076923076923095,14.69231097,3.1498541831970215,0,98.35308837890625
192.60000000000002,1.0560370664866796,-1.2128683066030954,0.20842105263157892,0.23076923076923095,14.69231097,3.1498541831970215,0,98.35308837890625
192.70000000000002,1.0560370664866796,-1.2128683066030954,0.20842105263157892,0.23076923076923095,14.69231097,3.1498541831970215,0,98.35308837890625
192.70000000000002,1.0627293865931435,-1.215157639161808,0.20842105263157892,0.23076923076923095,14.783161223,3.1498541831970215,0,98.35308837890625
192.70000000000002,1.0627293865931435,-1.215157639161808,0.20842105263157892,0.23076923076923095,14.783161223,3.1498541831970215,0,98.35308837890625
192.70000000000002,1.0627293865931435,-1.215157639161808,0.21999999999999997,0.23076923076923095,14.783161223,3.1498541831970215,0,98.35308837890625
192.70000000000002,1.069436688690519,-1.2173741183112943,0.21999999999999997,0.23076923076923095,14.872689407,3.1498541831970215,0,98.35308837890625
192.70000000000002,1.069436688690519,-1.2173741183112943,0.21999999999999997,0.23076923076923095,14.872689407,3.1498541831970215,0,98.35308837890625
192.70000000000002,1.069436688690519,-1.2173741183112943,0.21999999999999997,0.23076923076923095,14.872689407,3.1498541831970215,0,98.35308837890625
192.70000000000002,1.069436688690519,-1.2173741183112943,0.21999999999999997,0.23076923076923095,14.872689407,3.1498541831970215,0,98.35308837890625
192.70000000000002,1.069436688690519,-1.2173741183112943,0.21999999999999997,0.23076923076923095,14.872689407,3.1498541831970215,0,98.35308837890625
192.70000000000002,1.0765472850017042,-1.219640107306597,0.21999999999999997,0.23076923076923095,14.784972285,3.1498541831970215,0,98.35308837890625
192.70000000000002,1.0765472850017042,-1.219640107306597,0.21999999999999997,0.23076923076923095,14.784972285,3.1498541831970215,0,98.35308837890625
192.70000000000002,1.0765472850017042,-1.219640107306597,0.21999999999999997,0.23076923076923095,14.784972285,3.1498541831970215,0,98.35308837890625
192.8,1.0765472850017042,-1.219640107306597,0.21999999999999997,0.12820512820512842,14.784972285,3.1498541831970215,0,98.35308837890625
192.8,1.0836783046518685,-1.2218464084500684,0.21999999999999997,0.12820512820512842,14.696194729,3.1498541831970215,0,98.35308837890625
192.8,1.0836783046518685,-1.2218464084500684,0.21999999999999997,0.12820512820512842,14.696194729,3.1498541831970215,0,98.35308837890625
192.8,1.0836783046518685,-1.2218464084500684,0.21999999999999997,0.12820512820512842,14.696194729,3.1498541831970215,0,98.35308837890625
192.8,1.0836783046518685,-1.2218464084500684,0.21999999999999997,0.12820512820512842,14.696194729,3.1498541831970215,0,98.35308837890625
192.8,1.0836783046518685,-1.2218464084500684,0.21999999999999997,0.12820512820512842,14.696194729,3.1498541831970215,0,98.35308837890625
192.8,1.0908278181435673,-1.2239964549541582,0.21999999999999997,0.12820512820512842,14.416033163,3.1078202724456787,0,98.35308837890625
192.8,1.0908278181435673,-1.2239964549541582,0.21999999999999997,0.12820512820512842,14.416033163,3.1078202724456787,0,98.35308837890625
192.8,1.0908278181435673,-1.2239964549541582,0.21999999999999997,0.12820512820512842,14.416033163,3.1078202724456787,0,98.35308837890625
192.8,1.0908278181435673,-1.2239964549541582,0.21999999999999997,0.12820512820512842,14.416033163,3.1078202724456787,0,98.35308837890625
192.8,1.0979957380855425,-1.2260975207897296,0.21999999999999997,0.12820512820512842,14.330114643,3.1078202724456787,0,98.35308837890625
192.8,1.0979957380855425,-1.2260975207897296,0.20842105263157892,0.12820512820512842,14.330114643,3.1078202724456787,0,98.35308837890625
192.8,1.0979957380855425,-1.2260975207897296,0.20842105263157892,0.12820512820512842,14.330114643,3.1078202724456787,0,98.35308837890625
192.9,1.0979957380855425,-1.2260975207897296,0.20842105263157892,0.12820512820512842,14.330114643,3.1078202724456787,0,98.35308837890625
192.9,1.1051778830746908,-1.2281707521752985,0.20842105263157892,0.12820512820512842,14.327729828,3.1078202724456787,0,98.35308837890625
192.9,1.1051778830746908,-1.2281707521752985,0.20842105263157892,0.12820512820512842,14.327729828,3.1078202724456787,0,98.35308837890625
192.9,1.1051778830746908,-1.2281707521752985,0.20842105263157892,0.12820512820512842,14.327729828,3.1078202724456787,0,98.35308837890625
192.9,1.1051778830746908,-1.2281707521752985,0.20842105263157892,0.12820512820512842,14.327729828,3.1078202724456787,0,98.35308837890625
192.9,1.1119832030840393,-1.2301050603149253,0.20842105263157892,0.12820512820512842,14.411762398,3.1078202724456787,0,98.35308837890625
192.9,1.1119832030840393,-1.2301050603149253,0.20842105263157892,0.12820512820512842,14.411762398,3.1078202724456787,0,98.35308837890625
192.9,1.1119832030840393,-1.2301050603149253,0.20842105263157892,0.12820512820512842,14.411762398,3.1078202724456787,0,98.35308837890625
192.9,1.1119832030840393,-1.2301050603149253,0.19684210526315787,0.07692307692307715,14.411762398,3.1078202724456787,0,98.35308837890625
192.9,1.1119832030840393,-1.2301050603149253,0.19684210526315787,0.07692307692307715,14.411762398,3.1078202724456787,0,98.35308837890625
192.9,1.1188005255861697,-1.231964304961341,0.19684210526315787,0.07692307692307715,14.411762398,3.1078202724456787,0,98.35308837890625
192.9,1.1188005255861697,-1.231964304961341,0.19684210526315787,0.07692307692307715,14.49510162,3.1078202724456787,0,98.35308837890625
192.9,1.1188005255861697,-1.231964304961341,0.19684210526315787,0.07692307692307715,14.49510162,3.1078202724456787,0,98.35308837890625
193.0,1.1188005255861697,-1.231964304961341,0.19684210526315787,0.07692307692307715,14.49510162,3.1078202724456787,0,98.35308837890625
193.0,1.1252691022745527,-1.23368020919651,0.19684210526315787,0.07692307692307715,14.49510162,3.1078202724456787,0,98.25099182128906
193.0,1.1252691022745527,-1.23368020919651,0.19684210526315787,0.07692307692307715,14.573372767,3.1078202724456787,0,98.25099182128906
193.0,1.1252691022745527,-1.23368020919651,0.19684210526315787,0.07692307692307715,14.573372767,3.1078202724456787,0,98.25099182128906
193.0,1.1252691022745527,-1.23368020919651,0.21999999999999997,0.12820512820512842,14.573372767,3.1078202724456787,0,98.25099182128906
193.0,1.1252691022745527,-1.23368020919651,0.21999999999999997,0.12820512820512842,14.573372767,3.1078202724456787,0,98.25099182128906
193.0,1.1317399413374172,-1.2354094106368128,0.21999999999999997,0.12820512820512842,14.660725899,3.1078202724456787,0,98.25099182128906
193.0,1.1317399413374172,-1.2354094106368128,0.21999999999999997,0.12820512820512842,14.660725899,3.1078202724456787,0,98.25099182128906
193.0,1.1317399413374172,-1.2354094106368128,0.21999999999999997,0.12820512820512842,14.660725899,3.1078202724456787,0,98.25099182128906
193.0,1.1317399413374172,-1.2354094106368128,0.21999999999999997,0.12820512820512842,14.660725899,3.1078202724456787,0,98.25099182128906
193.0,1.1389588380254403,-1.2373272531548247,0.21999999999999997,0.12820512820512842,14.66120428,3.1078202724456787,0,98.25099182128906
193.0,1.1389588380254403,-1.2373272531548247,0.21999999999999997,0.12820512820512842,14.66120428,3.1078202724456787,0,98.25099182128906
193.0,1.1389588380254403,-1.2373272531548247,0.21999999999999997,0.12820512820512842,14.66120428,3.1078202724456787,0,98.25099182128906
193.0,1.1389588380254403,-1.2373272531548247,0.21999999999999997,0.12820512820512842,14.66120428,3.1078202724456787,0,98.25099182128906
193.10000000000002,1.1389588380254403,-1.2373272531548247,0.21999999999999997,0.12820512820512842,14.66120428,3.1078202724456787,0,98.25099182128906
193.10000000000002,1.1389588380254403,-1.2373272531548247,0.20842105263157892,0.12820512820512842,14.66120428,3.1078202724456787,0,98.25099182128906
193.10000000000002,1.1461881166182595,-1.2391916431508372,0.20842105263157892,0.12820512820512842,14.662660249,3.1078202724456787,0,98.25099182128906
193.10000000000002,1.1461881166182595,-1.2391916431508372,0.20842105263157892,0.12820512820512842,14.662660249,3.1078202724456787,0,98.25099182128906
193.10000000000002,1.1461881166182595,-1.2391916431508372,0.20842105263157892,0.12820512820512842,14.662660249,3.1078202724456787,0,98.25099182128906
193.10000000000002,1.1461881166182595,-1.2391916431508372,0.20842105263157892,0.12820512820512842,14.662660249,3.1078202724456787,0,98.25099182128906
193.10000000000002,1.1498458068298718,-1.2412844726314796,0.20842105263157892,0.12820512820512842,14.412504446,3.037109613418579,0,98.25099182128906
193.10000000000002,1.1498458068298718,-1.2412844726314796,0.20842105263157892,0.12820512820512842,14.412504446,3.037109613418579,0,98.25099182128906
193.10000000000002,1.1498458068298718,-1.2412844726314796,0.20842105263157892,0.12820512820512842,14.412504446,3.037109613418579,0,98.25099182128906
193.10000000000002,1.1523511203882673,-1.243513267857509,0.20842105263157892,0.12820512820512842,14.412504446,3.037109613418579,0,98.25099182128906
193.10000000000002,1.1523511203882673,-1.243513267857509,0.20842105263157892,0.12820512820512842,14.500731042,3.037109613418579,0,98.25099182128906
193.10000000000002,1.1523511203882673,-1.243513267857509,0.19684210526315787,0.12820512820512842,14.500731042,3.037109613418579,0,98.25099182128906
193.20000000000002,1.1523511203882673,-1.243513267857509,0.19684210526315787,0.12820512820512842,14.500731042,3.037109613418579,0,98.25099182128906
193.20000000000002,1.1548576060971913,-1.2457370807612957,0.19684210526315787,0.12820512820512842,14.589608321,3.037109613418579,0,98.25099182128906
193.20000000000002,1.1548576060971913,-1.2457370807612957,0.19684210526315787,0.12820512820512842,14.589608321,3.037109613418579,0,98.25099182128906
193.20000000000002,1.1548576060971913,-1.2457370807612957,0.19684210526315787,0.12820512820512842,14.589608321,3.037109613418579,0,98.25099182128906
193.20000000000002,1.1548576060971913,-1.2457370807612957,0.19684210526315787,0.12820512820512842,14.589608321,3.037109613418579,0,98.25099182128906
193.20000000000002,1.1569932626809858,-1.2478537331817745,0.19684210526315787,0.12820512820512842,14.673821936,3.037109613418579,0,98.25099182128906
193.20000000000002,1.1569932626809858,-1.2478537331817745,0.19684210526315787,0.12820512820512842,14.673821936,3.037109613418579,0,98.25099182128906
193.20000000000002,1.1569932626809858,-1.2478537331817745,0.19684210526315787,0.12820512820512842,14.673821936,3.037109613418579,0,98.25099182128906
193.20000000000002,1.1591367380689976,-1.2499693991993526,0.19684210526315787,0.12820512820512842,14.762772555,3.037109613418579,0,98.25099182128906
193.20000000000002,1.1591367380689976,-1.2499693991993526,0.21999999999999997,0.12820512820512842,14.762772555,3.037109613418579,0,98.25099182128906
193.3,1.1591367380689976,-1.2499693991993526,0.21999999999999997,0.12820512820512842,14.762772555,3.037109613418579,0,98.25099182128906
193.3,1.1591367380689976,-1.2499693991993526,0.21999999999999997,0.12820512820512842,14.762772555,3.037109613418579,0,98.25099182128906
193.3,1.161283918122469,-1.252084360523244,0.21999999999999997,0.12820512820512842,14.765874747,3.037109613418579,0,98.25099182128906
193.3,1.161283918122469,-1.252084360523244,0.21999999999999997,0.12820512820512842,14.765874747,3.037109613418579,0,98.25099182128906
193.3,1.161283918122469,-1.252084360523244,0.21999999999999997,0.12820512820512842,14.765874747,3.037109613418579,0,98.25099182128906
193.3,1.161283918122469,-1.252084360523244,0.21999999999999997,0.12820512820512842,14.765874747,3.037109613418579,0,98.25099182128906
193.3,1.161283918122469,-1.252084360523244,0.21999999999999997,0.12820512820512842,14.765874747,3.037109613418579,0,98.25099182128906
193.3,1.1677663968646326,-1.253977551073708,0.21999999999999997,0.12820512820512842,14.582876256,3.037109613418579,0,98.25099182128906
193.3,1.1677663968646326,-1.253977551073708,0.21999999999999997,0.12820512820512842,14.582876256,3.037109613418579,0,98.25099182128906
193.3,1.1677663968646326,-1.253977551073708,0.20842105263157892,0.12820512820512842,14.582876256,3.037109613418579,0,98.25099182128906
193.3,1.1677663968646326,-1.253977551073708,0.20842105263157892,0.12820512820512842,14.582876256,3.037109613418579,0,98.25099182128906
193.3,1.175023538072483,-1.2557554404071918,0.20842105263157892,0.12820512820512842,14.57779327,3.037109613418579,0,98.25099182128906
193.4,1.175023538072483,-1.2557554404071918,0.20842105263157892,0.12820512820512842,14.57779327,3.037109613418579,0,98.25099182128906
193.4,1.175023538072483,-1.2557554404071918,0.20842105263157892,0.12820512820512842,14.57779327,3.037109613418579,0,98.25099182128906
193.4,1.175023538072483,-1.2557554404071918,0.20842105263157892,0.12820512820512842,14.57779327,3.037109613418579,0,98.25099182128906
193.4,1.1819057853987516,-1.257413292033696,0.20842105263157892,0.12820512820512842,14.57779327,3.037109613418579,0,98.25099182128906
193.4,1.1819057853987516,-1.257413292033696,0.20842105263157892,0.12820512820512842,14.665248259,3.037109613418579,0,98.25099182128906
193.4,1.1819057853987516,-1.257413292033696,0.20842105263157892,0.12820512820512842,14.665248259,3.037109613418579,0,98.25099182128906
193.4,1.1819057853987516,-1.257413292033696,0.20842105263157892,0.12820512820512842,14.665248259,3.037109613418579,0,98.25099182128906
193.4,1.188794289461383,-1.2590420505678337,0.21999999999999997,0.12820512820512842,14.666037465,3.037109613418579,0,98.25099182128906
193.4,1.188794289461383,-1.2590420505678337,0.21999999999999997,0.12820512820512842,14.666037465,3.037109613418579,0,98.25099182128906
193.4,1.188794289461383,-1.2590420505678337,0.21999999999999997,0.12820512820512842,14.666037465,3.037109613418579,0,98.25099182128906
193.4,1.188794289461383,-1.2590420505678337,0.21999999999999997,0.12820512820512842,14.666037465,3.037109613418579,0,98.25099182128906
193.4,1.188794289461383,-1.2590420505678337,0.21999999999999997,0.12820512820512842,14.666037465,3.037109613418579,0,98.25099182128906
193.4,1.1956901263643767,-1.2606400461722749,0.21999999999999997,0.12820512820512842,14.425321091,2.987109661102295,0,98.25099182128906
193.5,1.1956901263643767,-1.2606400461722749,0.21999999999999997,0.12820512820512842,14.425321091,2.987109661102295,0,98.25099182128906
193.5,1.1956901263643767,-1.2606400461722749,0.21999999999999997,0.12820512820512842,14.425321091,2.987109661102295,0,98.1689224243164
193.5,1.1956901263643767,-1.2606400461722749,0.21999999999999997,0.12820512820512842,14.425321091,2.987109661102295,0,98.1689224243164
193.5,1.2029767460404708,-1.2622950946515932,0.21999999999999997,0.12820512820512842,14.335645276,2.987109661102295,0,98.1689224243164
193.5,1.2029767460404708,-1.2622950946515932,0.21999999999999997,0.12820512820512842,14.335645276,2.987109661102295,0,98.1689224243164
193.5,1.2102705321436285,-1.2639212347717532,0.21999999999999997,0.12820512820512842,14.335645276,2.987109661102295,0,98.1689224243164
193.5,1.2102705321436285,-1.2639212347717532,0.21999999999999997,0.12820512820512842,14.16736752,2.987109661102295,0,98.1689224243164
193.5,1.2102705321436285,-1.2639212347717532,0.21999999999999997,0.12820512820512842,14.16736752,2.987109661102295,0,98.1689224243164
193.5,1.2102705321436285,-1.2639212347717532,0.21999999999999997,0.12820512820512842,14.16736752,2.987109661102295,0,98.1689224243164
193.5,1.2102705321436285,-1.2639212347717532,0.21999999999999997,0.12820512820512842,14.16736752,2.987109661102295,0,98.1689224243164
193.5,1.2175703342803978,-1.265516141103579,0.21999999999999997,0.12820512820512842,14.002152387,2.987109661102295,0,98.1689224243164
193.60000000000002,1.2175703342803978,-1.265516141103579,0.21999999999999997,0.12820512820512842,14.002152387,2.987109661102295,0,98.1689224243164
193.60000000000002,1.2175703342803978,-1.265516141103579,0.21999999999999997,0.12820512820512842,14.002152387,2.987109661102295,0,98.1689224243164
193.60000000000002,1.224877570310097,-1.2670775918557713,0.21999999999999997,0.12820512820512842,14.002152387,2.987109661102295,0,98.1689224243164
193.60000000000002,1.224877570310097,-1.2670775918557713,0.19684210526315787,0.12820512820512842,13.839303378,2.987109661102295,0,98.1689224243164
193.60000000000002,1.224877570310097,-1.2670775918557713,0.19684210526315787,0.12820512820512842,13.839303378,2.987109661102295,0,98.1689224243164
193.60000000000002,1.224877570310097,-1.2670775918557713,0.19684210526315787,0.12820512820512842,13.839303378,2.987109661102295,0,98.1689224243164
193.60000000000002,1.232191926086242,-1.2686072166012712,0.19684210526315787,0.12820512820512842,13.8394521,2.987109661102295,0,98.1689224243164
193.60000000000002,1.232191926086242,-1.2686072166012712,0.19684210526315787,0.12820512820512842,13.8394521,2.987109661102295,0,98.1689224243164
193.60000000000002,1.232191926086242,-1.2686072166012712,0.19684210526315787,0.12820512820512842,13.8394521,2.987109661102295,0,98.1689224243164
193.60000000000002,1.232191926086242,-1.2686072166012712,0.19684210526315787,0.12820512820512842,13.8394521,2.987109661102295,0,98.1689224243164
193.60000000000002,1.232191926086242,-1.2686072166012712,0.19684210526315787,0.12820512820512842,13.8394521,2.987109661102295,0,98.1689224243164
193.60000000000002,1.2387435595276153,-1.2699487098590811,0.19684210526315787,0.12820512820512842,13.959537697,2.978083848953247,0,98.1689224243164
193.70000000000002,1.2387435595276153,-1.2699487098590811,0.21999999999999997,0.12820512820512842,13.959537697,2.978083848953247,0,98.1689224243164
193.70000000000002,1.2387435595276153,-1.2699487098590811,0.21999999999999997,0.12820512820512842,13.959537697,2.978083848953247,0,98.1689224243164
193.70000000000002,1.2387435595276153,-1.2699487098590811,0.21999999999999997,0.12820512820512842,13.959537697,2.978083848953247,0,98.1689224243164
193.70000000000002,1.2452995181890776,-1.2712630088903227,0.21999999999999997,0.12820512820512842,13.804143372,2.928083658218384,0,98.1689224243164
193.70000000000002,1.2452995181890776,-1.2712630088903227,0.21999999999999997,0.12820512820512842,13.804143372,2.928083658218384,0,98.1689224243164
193.70000000000002,1.2452995181890776,-1.2712630088903227,0.21999999999999997,0.12820512820512842,13.804143372,2.928083658218384,0,98.1689224243164
193.70000000000002,1.2452995181890776,-1.2712630088903227,0.21999999999999997,0.12820512820512842,13.804143372,2.928083658218384,0,98.1689224243164
193.70000000000002,1.2452995181890776,-1.2712630088903227,0.21999999999999997,0.12820512820512842,13.804143372,2.928083658218384,0,98.1689224243164
193.70000000000002,1.2526310819222921,-1.2727003667284729,0.21999999999999997,0.12820512820512842,13.720797178,2.928083658218384,0,98.1689224243164
193.70000000000002,1.2526310819222921,-1.2727003667284729,0.21999999999999997,0.12820512820512842,13.720797178,2.928083658218384,0,98.1689224243164
193.70000000000002,1.2526310819222921,-1.2727003667284729,0.21999999999999997,0.12820512820512842,13.720797178,2.928083658218384,0,98.1689224243164
193.70000000000002,1.2526310819222921,-1.2727003667284729,0.21999999999999997,0.12820512820512842,13.720797178,2.928083658218384,0,98.1689224243164
193.70000000000002,1.2599692768064827,-1.2741068011041277,0.21999999999999997,0.12820512820512842,13.640871787,2.928083658218384,0,98.1689224243164
193.8,1.2599692768064827,-1.2741068011041277,0.21999999999999997,0.12820512820512842,13.640871787,2.928083658218384,0,98.1689224243164
193.8,1.2599692768064827,-1.2741068011041277,0.21999999999999997,0.12820512820512842,13.640871787,2.928083658218384,0,98.1689224243164
193.8,1.2599692768064827,-1.2741068011041277,0.21999999999999997,0.12820512820512842,13.640871787,2.928083658218384,0,98.1689224243164
193.8,1.2599692768064827,-1.2741068011041277,0.21999999999999997,0.12820512820512842,13.640871787,2.928083658218384,0,98.1689224243164
193.8,1.2673127279840122,-1.2754818398865417,0.21999999999999997,0.12820512820512842,13.643576727,2.928083658218384,0,98.1689224243164
193.8,1.2673127279840122,-1.2754818398865417,0.21999999999999997,0.12820512820512842,13.643576727,2.928083658218384,0,98.1689224243164
193.8,1.2673127279840122,-1.2754818398865417,0.21999999999999997,0.12820512820512842,13.643576727,2.928083658218384,0,98.1689224243164
193.8,1.2746618442986195,-1.2768240582240877,0.21999999999999997,0.12820512820512842,13.643576727,2.928083658218384,0,98.1689224243164
193.8,1.2746618442986195,-1.2768240582240877,0.19684210526315787,0.12820512820512842,13.641119055,2.928083658218384,0,98.1689224243164
193.8,1.2746618442986195,-1.2768240582240877,0.19684210526315787,0.12820512820512842,13.641119055,2.928083658218384,0,98.1689224243164
193.8,1.2746618442986195,-1.2768240582240877,0.19684210526315787,0.12820512820512842,13.641119055,2.928083658218384,0,98.1689224243164
193.9,1.2820168261241924,-1.2781341135962438,0.19684210526315787,0.12820512820512842,13.6406273,2.928083658218384,0,98.1689224243164
193.9,1.2820168261241924,-1.2781341135962438,0.19684210526315787,0.12820512820512842,13.6406273,2.928083658218384,0,98.1689224243164
193.9,1.2820168261241924,-1.2781341135962438,0.19684210526315787,0.12820512820512842,13.6406273,2.928083658218384,0,98.1689224243164
193.9,1.2820168261241924,-1.2781341135962438,0.19684210526315787,0.12820512820512842,13.6406273,2.928083658218384,0,98.1689224243164
193.9,1.2886038254568817,-1.2792783511248516,0.19684210526315787,0.12820512820512842,13.6406273,2.928083658218384,0,98.1689224243164
193.9,1.2886038254568817,-1.2792783511248516,0.19684210526315787,0.12820512820512842,13.79917137,2.928083658218384,0,98.1689224243164
193.9,1.2886038254568817,-1.2792783511248516,0.19684210526315787,0.12820512820512842,13.79917137,2.928083658218384,0,98.1689224243164
193.9,1.2886038254568817,-1.2792783511248516,0.21999999999999997,0.12820512820512842,13.79917137,2.928083658218384,0,98.1689224243164
193.9,1.295195359733273,-1.2803958002316371,0.21999999999999997,0.12820512820512842,13.72624725,2.8780837059020996,0,98.1689224243164
193.9,1.295195359733273,-1.2803958002316371,0.21999999999999997,0.12820512820512842,13.72624725,2.8780837059020996,0,98.1689224243164
193.9,1.295195359733273,-1.2803958002316371,0.21999999999999997,0.12820512820512842,13.72624725,2.8780837059020996,0,98.1689224243164
193.9,1.295195359733273,-1.2803958002316371,0.21999999999999997,0.12820512820512842,13.72624725,2.8780837059020996,0,98.1689224243164
194.0,1.302565424489051,-1.2816129540116765,0.21999999999999997,0.12820512820512842,13.564742397,2.8780837059020996,0,98.1689224243164
194.0,1.302565424489051,-1.2816129540116765,0.21999999999999997,0.12820512820512842,13.564742397,2.8780837059020996,0,98.06001281738281
194.0,1.302565424489051,-1.2816129540116765,0.21999999999999997,0.12820512820512842,13.564742397,2.8780837059020996,0,98.06001281738281
194.0,1.302565424489051,-1.2816129540116765,0.21999999999999997,0.12820512820512842,13.564742397,2.8780837059020996,0,98.06001281738281
194.0,1.3099420734664649,-1.2827990672951364,0.21999999999999997,0.12820512820512842,13.408853348,2.8780837059020996,0,98.06001281738281
194.0,1.3099420734664649,-1.2827990672951364,0.20842105263157892,0.12820512820512842,13.408853348,2.8780837059020996,0,98.06001281738281
194.0,1.3099420734664649,-1.2827990672951364,0.20842105263157892,0.12820512820512842,13.408853348,2.8780837059020996,0,98.06001281738281
194.0,1.3173236415060137,-1.28395362702787,0.20842105263157892,0.12820512820512842,13.410996336,2.8780837059020996,0,98.06001281738281
194.0,1.3173236415060137,-1.28395362702787,0.20842105263157892,0.12820512820512842,13.410996336,2.8780837059020996,0,98.06001281738281
194.0,1.3173236415060137,-1.28395362702787,0.20842105263157892,0.12820512820512842,13.410996336,2.8780837059020996,0,98.06001281738281
194.0,1.3173236415060137,-1.28395362702787,0.20842105263157892,0.12820512820512842,13.410996336,2.8780837059020996,0,98.06001281738281
194.10000000000002,1.3243219693164066,-1.2850168250346155,0.20842105263157892,0.12820512820512842,13.489774227,2.8780837059020996,0,98.06001281738281
194.10000000000002,1.3243219693164066,-1.2850168250346155,0.20842105263157892,0.12820512820512842,13.489774227,2.8780837059020996,0,98.06001281738281
194.10000000000002,1.3243219693164066,-1.2850168250346155,0.20842105263157892,0.12820512820512842,13.489774227,2.8780837059020996,0,98.06001281738281
194.10000000000002,1.3243219693164066,-1.2850168250346155,0.20842105263157892,0.12820512820512842,13.489774227,2.8780837059020996,0,98.06001281738281
194.10000000000002,1.3313253057667898,-1.2860511533179806,0.19684210526315787,0.07692307692307715,13.568178699,2.8780837059020996,0,98.06001281738281
194.10000000000002,1.3313253057667898,-1.2860511533179806,0.19684210526315787,0.07692307692307715,13.568178699,2.8780837059020996,0,98.06001281738281
194.10000000000002,1.3313253057667898,-1.2860511533179806,0.19684210526315787,0.07692307692307715,13.568178699,2.8780837059020996,0,98.06001281738281
194.10000000000002,1.3313253057667898,-1.2860511533179806,0.19684210526315787,0.07692307692307715,13.568178699,2.8780837059020996,0,98.06001281738281
194.10000000000002,1.3383324887783576,-1.2870558780994437,0.19684210526315787,0.07692307692307715,13.650092018,2.8780837059020996,0,98.06001281738281
194.10000000000002,1.3383324887783576,-1.2870558780994437,0.19684210526315787,0.07692307692307715,13.650092018,2.8780837059020996,0,98.06001281738281
194.10000000000002,1.3383324887783576,-1.2870558780994437,0.19684210526315787,0.07692307692307715,13.650092018,2.8780837059020996,0,98.06001281738281
194.20000000000002,1.3383324887783576,-1.2870558780994437,0.19684210526315787,0.07692307692307715,13.650092018,2.8780837059020996,0,98.06001281738281
194.20000000000002,1.3449561360112487,-1.2879774001436652,0.19684210526315787,0.07692307692307715,13.816743698,2.8780837059020996,0,98.06001281738281
194.20000000000002,1.3449561360112487,-1.2879774001436652,0.19684210526315787,0.07692307692307715,13.576709961,2.8280837535858154,0,98.06001281738281
194.20000000000002,1.3449561360112487,-1.2879774001436652,0.21999999999999997,0.12820512820512842,13.576709961,2.8280837535858154,0,98.06001281738281
194.20000000000002,1.3449561360112487,-1.2879774001436652,0.21999999999999997,0.12820512820512842,13.576709961,2.8280837535858154,0,98.06001281738281
194.20000000000002,1.3515857560802482,-1.288884600785732,0.21999999999999997,0.12820512820512842,13.577326165,2.8280837535858154,0,98.06001281738281
194.20000000000002,1.3515857560802482,-1.288884600785732,0.21999999999999997,0.12820512820512842,13.577326165,2.8280837535858154,0,98.06001281738281
194.20000000000002,1.3515857560802482,-1.288884600785732,0.21999999999999997,0.12820512820512842,13.577326165,2.8280837535858154,0,98.06001281738281
194.20000000000002,1.3515857560802482,-1.288884600785732,0.21999999999999997,0.12820512820512842,13.577326165,2.8280837535858154,0,98.06001281738281
194.20000000000002,1.358991207573563,-1.289882894192072,0.21999999999999997,0.12820512820512842,13.419620263,2.8280837535858154,0,98.06001281738281
194.20000000000002,1.358991207573563,-1.289882894192072,0.21999999999999997,0.12820512820512842,13.419620263,2.8280837535858154,0,98.06001281738281
194.20000000000002,1.358991207573563,-1.289882894192072,0.21999999999999997,0.12820512820512842,13.419620263,2.8280837535858154,0,98.06001281738281
194.20000000000002,1.358991207573563,-1.289882894192072,0.21999999999999997,0.12820512820512842,13.419620263,2.8280837535858154,0,98.06001281738281
194.3,1.3663974381119686,-1.2908459163795802,0.20842105263157892,0.12820512820512842,13.419620263,2.8280837535858154,0,98.06001281738281
194.3,1.3663974381119686,-1.2908459163795802,0.20842105263157892,0.12820512820512842,13.423146031,2.8280837535858154,0,98.06001281738281
194.3,1.3663974381119686,-1.2908459163795802,0.20842105263157892,0.12820512820512842,13.423146031,2.8280837535858154,0,98.06001281738281
194.3,1.3663974381119686,-1.2908459163795802,0.20842105263157892,0.12820512820512842,13.423146031,2.8280837535858154,0,98.06001281738281
194.3,1.3663974381119686,-1.2908459163795802,0.20842105263157892,0.12820512820512842,13.423146031,2.8280837535858154,0,98.06001281738281
194.3,1.3730339952833253,-1.2914873822110433,0.20842105263157892,0.12820512820512842,13.503207064,2.8280837535858154,0,98.06001281738281
194.3,1.3730339952833253,-1.2914873822110433,0.20842105263157892,0.12820512820512842,13.503207064,2.8280837535858154,0,98.06001281738281
194.3,1.3730339952833253,-1.2914873822110433,0.20842105263157892,0.12820512820512842,13.503207064,2.8280837535858154,0,98.06001281738281
194.3,1.3730339952833253,-1.2914873822110433,0.20842105263157892,0.12820512820512842,13.503207064,2.8280837535858154,0,98.06001281738281
194.3,1.37818395549748,-1.2912089245575964,0.20842105263157892,0.12820512820512842,13.584096906,2.8280837535858154,0,98.06001281738281
194.3,1.37818395549748,-1.2912089245575964,0.19684210526315787,0.07692307692307715,13.584096906,2.8280837535858154,0,98.06001281738281
194.3,1.37818395549748,-1.2912089245575964,0.19684210526315787,0.07692307692307715,13.584096906,2.8280837535858154,0,98.06001281738281
194.4,1.37818395549748,-1.2912089245575964,0.19684210526315787,0.07692307692307715,13.584096906,2.8280837535858154,0,98.06001281738281
194.4,1.3833339029600846,-1.2909139396946645,0.19684210526315787,0.07692307692307715,13.583913924,2.8280837535858154,0,98.06001281738281
194.4,1.3833339029600846,-1.2909139396946645,0.19684210526315787,0.07692307692307715,13.583913924,2.8280837535858154,0,98.06001281738281
194.4,1.3833339029600846,-1.2909139396946645,0.19684210526315787,0.07692307692307715,13.583913924,2.8280837535858154,0,98.06001281738281
194.4,1.3833339029600846,-1.2909139396946645,0.19684210526315787,0.07692307692307715,13.583913924,2.8280837535858154,0,98.06001281738281
194.4,1.3880971560673037,-1.2905528599516118,0.19684210526315787,0.07692307692307715,13.669433193,2.8280837535858154,0,98.06001281738281
194.4,1.3880971560673037,-1.2905528599516118,0.19684210526315787,0.07692307692307715,13.669433193,2.8280837535858154,0,98.06001281738281
194.4,1.3880971560673037,-1.2905528599516118,0.19684210526315787,0.07692307692307715,13.669433193,2.8280837535858154,0,98.06001281738281
194.4,1.3880971560673037,-1.2905528599516118,0.21999999999999997,0.07692307692307715,13.669433193,2.8280837535858154,0,98.06001281738281
194.4,1.3928664503821186,-1.2901862586585588,0.21999999999999997,0.07692307692307715,13.508544520000001,2.7780838012695312,0,98.06001281738281
194.4,1.3928664503821186,-1.2901862586585588,0.21999999999999997,0.07692307692307715,13.508544520000001,2.7780838012695312,0,98.06001281738281
194.4,1.3928664503821186,-1.2901862586585588,0.21999999999999997,0.07692307692307715,13.508544520000001,2.7780838012695312,0,98.06001281738281
194.5,1.3984140145562471,-1.2899079842219896,0.21999999999999997,0.07692307692307715,13.508544520000001,2.7780838012695312,0,97.96930694580078
194.5,1.3984140145562471,-1.2899079842219896,0.21999999999999997,0.07692307692307715,13.508544520000001,2.7780838012695312,0,97.96930694580078
194.5,1.3984140145562471,-1.2899079842219896,0.21999999999999997,0.07692307692307715,13.341809106,2.7780838012695312,0,97.96930694580078
194.5,1.3984140145562471,-1.2899079842219896,0.21999999999999997,0.07692307692307715,13.341809106,2.7780838012695312,0,97.96930694580078
194.5,1.3984140145562471,-1.2899079842219896,0.21999999999999997,0.07692307692307715,13.341809106,2.7780838012695312,0,97.96930694580078
194.5,1.4049575163546983,-1.2902062054473515,0.21999999999999997,0.07692307692307715,13.186048559,2.7780838012695312,0,97.96930694580078
194.5,1.4049575163546983,-1.2902062054473515,0.20842105263157892,0.07692307692307715,13.186048559,2.7780838012695312,0,97.96930694580078
194.5,1.4049575163546983,-1.2902062054473515,0.20842105263157892,0.07692307692307715,13.187433488,2.7783756256103516,0,97.96930694580078
194.5,1.4123884770293977,-1.2910053299016475,0.20842105263157892,0.07692307692307715,13.187433488,2.7783756256103516,0,97.96930694580078
194.5,1.4123884770293977,-1.2910053299016475,0.20842105263157892,0.07692307692307715,13.185307393,2.7783756256103516,0,97.96930694580078
194.5,1.4123884770293977,-1.2910053299016475,0.20842105263157892,0.07692307692307715,13.185307393,2.7783756256103516,0,97.96930694580078
194.60000000000002,1.4123884770293977,-1.2910053299016475,0.20842105263157892,0.07692307692307715,13.185307393,2.7783756256103516,0,97.96930694580078
194.60000000000002,1.419431659824244,-1.2917459418867168,0.20842105263157892,0.07692307692307715,13.261468031,2.7783756256103516,0,97.96930694580078
194.60000000000002,1.419431659824244,-1.2917459418867168,0.20842105263157892,0.07692307692307715,13.261468031,2.7783756256103516,0,97.96930694580078
194.60000000000002,1.419431659824244,-1.2917459418867168,0.20842105263157892,0.07692307692307715,13.261468031,2.7783756256103516,0,97.96930694580078
194.60000000000002,1.419431659824244,-1.2917459418867168,0.20842105263157892,0.07692307692307715,13.261468031,2.7783756256103516,0,97.96930694580078
194.60000000000002,1.4264764154655925,-1.292471034534707,0.21999999999999997,0.07692307692307715,13.261468031,2.7783756256103516,0,97.96930694580078
194.60000000000002,1.4264764154655925,-1.292471034534707,0.21999999999999997,0.07692307692307715,13.260337032,2.7783756256103516,0,97.96930694580078
194.60000000000002,1.4264764154655925,-1.292471034534707,0.21999999999999997,0.07692307692307715,13.260337032,2.7783756256103516,0,97.96930694580078
194.60000000000002,1.4264764154655925,-1.292471034534707,0.21999999999999997,0.07692307692307715,13.260337032,2.7783756256103516,0,97.96930694580078
194.60000000000002,1.433912654388426,-1.293216387546419,0.21999999999999997,0.07692307692307715,13.260337032,2.7783756256103516,0,97.96930694580078
194.60000000000002,1.433912654388426,-1.293216387546419,0.21999999999999997,0.07692307692307715,13.18177213,2.7783756256103516,0,97.96930694580078
194.60000000000002,1.433912654388426,-1.293216387546419,0.21999999999999997,0.07692307692307715,13.18177213,2.7783756256103516,0,97.96930694580078
194.70000000000002,1.433912654388426,-1.293216387546419,0.21999999999999997,0.07692307692307715,13.18177213,2.7783756256103516,0,97.96930694580078
194.70000000000002,1.44135289876044,-1.293942453499585,0.21999999999999997,0.07692307692307715,12.867243223,2.7283754348754883,0,97.96930694580078
194.70000000000002,1.44135289876044,-1.293942453499585,0.21999999999999997,0.07692307692307715,12.867243223,2.7283754348754883,0,97.96930694580078
194.70000000000002,1.44135289876044,-1.293942453499585,0.21999999999999997,0.07692307692307715,12.867243223,2.7283754348754883,0,97.96930694580078
194.70000000000002,1.44135289876044,-1.293942453499585,0.21999999999999997,0.07692307692307715,12.867243223,2.7283754348754883,0,97.96930694580078
194.70000000000002,1.44135289876044,-1.293942453499585,0.21999999999999997,0.07692307692307715,12.867243223,2.7283754348754883,0,97.96930694580078
194.70000000000002,1.44135289876044,-1.293942453499585,0.21999999999999997,0.07692307692307715,12.867243223,2.7283754348754883,0,97.96930694580078
194.70000000000002,1.4487948217922038,-1.2946504136087098,0.21999999999999997,0.07692307692307715,12.714114674,2.7283754348754883,0,97.96930694580078
194.70000000000002,1.4487948217922038,-1.2946504136087098,0.21999999999999997,0.07692307692307715,12.714114674,2.7283754348754883,0,97.96930694580078
194.70000000000002,1.4487948217922038,-1.2946504136087098,0.21999999999999997,0.07692307692307715,12.714114674,2.7283754348754883,0,97.96930694580078
194.70000000000002,1.4487948217922038,-1.2946504136087098,0.21999999999999997,0.07692307692307715,12.714114674,2.7283754348754883,0,97.96930694580078
194.70000000000002,1.4487948217922038,-1.2946504136087098,0.21999999999999997,0.07692307692307715,12.714114674,2.7283754348754883,0,97.96930694580078
194.70000000000002,1.4487948217922038,-1.2946504136087098,0.21999999999999997,0.07692307692307715,12.714114674,2.7283754348754883,0,97.96930694580078
194.70000000000002,1.4562383925372029,-1.2953385944545257,0.20842105263157892,0.07692307692307715,12.714114674,2.7283754348754883,0,97.96930694580078
194.70000000000002,1.4562383925372029,-1.2953385944545257,0.20842105263157892,0.07692307692307715,12.56776602,2.7283754348754883,0,97.96930694580078
194.70000000000002,1.4562383925372029,-1.2953385944545257,0.20842105263157892,0.07692307692307715,12.56776602,2.7283754348754883,0,97.96930694580078
194.70000000000002,1.4562383925372029,-1.2953385944545257,0.20842105263157892,0.07692307692307715,12.56776602,2.7283754348754883,0,97.96930694580078
194.8,1.4562383925372029,-1.2953385944545257,0.20842105263157892,0.07692307692307715,12.56776602,2.7283754348754883,0,97.96930694580078
194.8,1.4632926938045787,-1.2959718386206132,0.20842105263157892,0.07692307692307715,12.56776602,2.7283754348754883,0,97.96930694580078
194.8,1.4632926938045787,-1.2959718386206132,0.20842105263157892,0.07692307692307715,12.640393734,2.7283754348754883,0,97.96930694580078
194.8,1.4632926938045787,-1.2959718386206132,0.20842105263157892,0.07692307692307715,12.640393734,2.7283754348754883,0,97.96930694580078
194.8,1.4632926938045787,-1.2959718386206132,0.20842105263157892,0.07692307692307715,12.640393734,2.7283754348754883,0,97.96930694580078
194.8,1.4703490004750641,-1.2965884554984748,0.20842105263157892,0.07692307692307715,12.711432931000001,2.7283754348754883,0,97.96930694580078
194.8,1.4703490004750641,-1.2965884554984748,0.19684210526315787,0.07692307692307715,12.711432931000001,2.7283754348754883,0,97.96930694580078
194.8,1.4703490004750641,-1.2965884554984748,0.19684210526315787,0.07692307692307715,12.711432931000001,2.7283754348754883,0,97.96930694580078
194.8,1.4703490004750641,-1.2965884554984748,0.19684210526315787,0.07692307692307715,12.711432931000001,2.7283754348754883,0,97.96930694580078
194.8,1.4703490004750641,-1.2965884554984748,0.19684210526315787,0.07692307692307715,12.711432931000001,2.7283754348754883,0,97.96930694580078
194.8,1.4703490004750641,-1.2965884554984748,0.19684210526315787,0.07692307692307715,12.711432931000001,2.7283754348754883,0,97.96930694580078
194.8,1.477405883251484,-1.2971872491615386,0.19684210526315787,0.07692307692307715,12.711432931000001,2.7283754348754883,0,97.96930694580078
194.8,1.477405883251484,-1.2971872491615386,0.19684210526315787,0.07692307692307715,12.784606803,2.7283754348754883,0,97.96930694580078
194.8,1.477405883251484,-1.2971872491615386,0.19684210526315787,0.07692307692307715,12.784606803,2.7283754348754883,0,97.96930694580078
194.8,1.477405883251484,-1.2971872491615386,0.19684210526315787,0.07692307692307715,12.784606803,2.7283754348754883,0,97.96930694580078
194.9,1.477405883251484,-1.2971872491615386,0.19684210526315787,0.07692307692307715,12.784606803,2.7283754348754883,0,97.96930694580078
194.9,1.477405883251484,-1.2971872491615386,0.21999999999999997,0.07692307692307715,12.784606803,2.7283754348754883,0,97.96930694580078
194.9,1.4840723224566599,-1.2977346694930412,0.21999999999999997,0.07692307692307715,12.8626604,2.7283754348754883,0,97.96930694580078
194.9,1.4840723224566599,-1.2977346694930412,0.21999999999999997,0.07692307692307715,12.8626604,2.7283754348754883,0,97.96930694580078
194.9,1.4840723224566599,-1.2977346694930412,0.21999999999999997,0.07692307692307715,12.8626604,2.7283754348754883,0,97.96930694580078
194.9,1.4840723224566599,-1.2977346694930412,0.21999999999999997,0.07692307692307715,12.8626604,2.7283754348754883,0,97.96930694580078
194.9,1.4840723224566599,-1.2977346694930412,0.21999999999999997,0.07692307692307715,12.8626604,2.7283754348754883,0,97.96930694580078
194.9,1.491523265470494,-1.2983282103370057,0.21999999999999997,0.07692307692307715,12.626940271,2.678375482559204,0,97.96930694580078
194.9,1.491523265470494,-1.2983282103370057,0.21999999999999997,0.07692307692307715,12.55377133,2.678375482559204,0,97.96930694580078
194.9,1.491523265470494,-1.2983282103370057,0.21999999999999997,0.07692307692307715,12.55377133,2.678375482559204,0,97.96930694580078
194.9,1.491523265470494,-1.2983282103370057,0.21999999999999997,0.07692307692307715,12.55377133,2.678375482559204,0,97.96930694580078
194.9,1.491523265470494,-1.2983282103370057,0.20842105263157892,0.07692307692307715,12.55377133,2.678375482559204,0,97.96930694580078
194.9,1.491523265470494,-1.2983282103370057,0.20842105263157892,0.07692307692307715,12.55377133,2.678375482559204,0,97.96930694580078
194.9,1.4989753954544809,-1.2989035488111895,0.20842105263157892,0.07692307692307715,12.55377133,2.678375482559204,0,97.96930694580078
194.9,1.4989753954544809,-1.2989035488111895,0.20842105263157892,0.07692307692307715,12.551430133,2.678375482559204,0,97.96930694580078
194.9,1.4989753954544809,-1.2989035488111895,0.20842105263157892,0.07692307692307715,12.551430133,2.678375482559204,0,97.96930694580078
195.0,1.4989753954544809,-1.2989035488111895,0.20842105263157892,0.07692307692307715,12.551430133,2.678375482559204,0,97.96930694580078
195.0,1.4989753954544809,-1.2989035488111895,0.20842105263157892,0.07692307692307715,12.551430133,2.678375482559204,0,97.86283874511719
195.0,1.5060367193271482,-1.29942933872838,0.20842105263157892,0.07692307692307715,12.551430133,2.678375482559204,0,97.86283874511719
195.0,1.5060367193271482,-1.29942933872838,0.20842105263157892,0.07692307692307715,12.551430133,2.678375482559204,0,97.86283874511719
195.0,1.5060367193271482,-1.29942933872838,0.20842105263157892,0.07692307692307715,12.624772712,2.678375482559204,0,97.86283874511719
195.0,1.5060367193271482,-1.29942933872838,0.20842105263157892,0.07692307692307715,12.624772712,2.678375482559204,0,97.86283874511719
195.0,1.5060367193271482,-1.29942933872838,0.20842105263157892,0.07692307692307715,12.624772712,2.678375482559204,0,97.86283874511719
195.0,1.5060367193271482,-1.29942933872838,0.20842105263157892,0.07692307692307715,12.624772712,2.678375482559204,0,97.86283874511719
195.0,1.5130992949673785,-1.299936123392206,0.20842105263157892,0.07692307692307715,12.700371269,2.678375482559204,0,97.86283874511719
195.0,1.5130992949673785,-1.299936123392206,0.20842105263157892,0.07692307692307715,12.700371269,2.678375482559204,0,97.86283874511719
195.0,1.5130992949673785,-1.299936123392206,0.20842105263157892,0.07692307692307715,12.700371269,2.678375482559204,0,97.86283874511719
195.0,1.5130992949673785,-1.299936123392206,0.20842105263157892,0.07692307692307715,12.700371269,2.678375482559204,0,97.86283874511719
195.0,1.5130992949673785,-1.299936123392206,0.20842105263157892,0.07692307692307715,12.700371269,2.678375482559204,0,97.86283874511719
195.10000000000002,1.5201631573480439,-1.3004252050423624,0.20842105263157892,0.07692307692307715,12.776366907,2.678375482559204,0,97.86283874511719
195.10000000000002,1.5201631573480439,-1.3004252050423624,0.19684210526315787,0.07692307692307715,12.776366907,2.678375482559204,0,97.86283874511719
195.10000000000002,1.5201631573480439,-1.3004252050423624,0.19684210526315787,0.07692307692307715,12.776366907,2.678375482559204,0,97.86283874511719
195.10000000000002,1.5201631573480439,-1.3004252050423624,0.19684210526315787,0.07692307692307715,12.776366907,2.678375482559204,0,97.86283874511719
195.10000000000002,1.5272279657794465,-1.3008957435331125,0.19684210526315787,0.07692307692307715,12.778488853,2.678375482559204,0,97.86283874511719
195.10000000000002,1.5272279657794465,-1.3008957435331125,0.19684210526315787,0.07692307692307715,12.778488853,2.678375482559204,0,97.86283874511719
195.10000000000002,1.5272279657794465,-1.3008957435331125,0.19684210526315787,0.07692307692307715,12.778488853,2.678375482559204,0,97.86283874511719
195.10000000000002,1.5272279657794465,-1.3008957435331125,0.19684210526315787,0.07692307692307715,12.778488853,2.678375482559204,0,97.86283874511719
195.10000000000002,1.5272279657794465,-1.3008957435331125,0.19684210526315787,0.07692307692307715,12.778488853,2.678375482559204,0,97.86283874511719
195.10000000000002,1.5339023284115691,-1.3013224473284608,0.19684210526315787,0.07692307692307715,12.855632145,2.678375482559204,0,97.86283874511719
195.10000000000002,1.5339023284115691,-1.3013224473284608,0.19684210526315787,0.07692307692307715,12.855632145,2.678375482559204,0,97.86283874511719
195.10000000000002,1.5339023284115691,-1.3013224473284608,0.19684210526315787,0.07692307692307715,12.855632145,2.678375482559204,0,97.86283874511719
195.10000000000002,1.5339023284115691,-1.3013224473284608,0.21999999999999997,0.07692307692307715,12.855632145,2.678375482559204,0,97.86283874511719
195.10000000000002,1.5339023284115691,-1.3013224473284608,0.21999999999999997,0.07692307692307715,12.855632145,2.678375482559204,0,97.86283874511719
195.10000000000002,1.5405775267667856,-1.3017317455266646,0.21999999999999997,0.07692307692307715,12.695463354,2.62837553024292,0,97.86283874511719
195.10000000000002,1.5405775267667856,-1.3017317455266646,0.21999999999999997,0.07692307692307715,12.695463354,2.62837553024292,0,97.86283874511719
195.20000000000002,1.5405775267667856,-1.3017317455266646,0.21999999999999997,0.07692307692307715,12.695463354,2.62837553024292,0,97.86283874511719
195.20000000000002,1.5480381052322207,-1.3021700292925091,0.21999999999999997,0.07692307692307715,12.543226841,2.62837553024292,0,97.86283874511719
195.20000000000002,1.5480381052322207,-1.3021700292925091,0.21999999999999997,0.07692307692307715,12.543226841,2.62837553024292,0,97.86283874511719
195.20000000000002,1.5480381052322207,-1.3021700292925091,0.21999999999999997,0.07692307692307715,12.543226841,2.62837553024292,0,97.86283874511719
195.20000000000002,1.5480381052322207,-1.3021700292925091,0.21999999999999997,0.07692307692307715,12.543226841,2.62837553024292,0,97.86283874511719
195.20000000000002,1.555500333762057,-1.3025887608340372,0.21999999999999997,0.07692307692307715,12.543517251,2.62837553024292,0,97.86283874511719
195.20000000000002,1.555500333762057,-1.3025887608340372,0.20842105263157892,0.07692307692307715,12.543517251,2.62837553024292,0,97.86283874511719
195.20000000000002,1.555500333762057,-1.3025887608340372,0.20842105263157892,0.07692307692307715,12.543517251,2.62837553024292,0,97.86283874511719
195.20000000000002,1.5629639520509033,-1.302987911829839,0.20842105263157892,0.07692307692307715,12.543517251,2.62837553024292,0,97.86283874511719
195.20000000000002,1.5629639520509033,-1.302987911829839,0.20842105263157892,0.07692307692307715,12.545732335,2.62837553024292,0,97.86283874511719
195.20000000000002,1.5629639520509033,-1.302987911829839,0.20842105263157892,0.07692307692307715,12.501998116,2.619213104248047,0,97.86283874511719
195.3,1.5629639520509033,-1.302987911829839,0.20842105263157892,0.07692307692307715,12.501998116,2.619213104248047,0,97.86283874511719
195.3,1.5629639520509033,-1.302987911829839,0.20842105263157892,0.07692307692307715,12.501998116,2.619213104248047,0,97.86283874511719
195.3,1.5700371037265877,-1.3033477039184218,0.20842105263157892,0.07692307692307715,12.503050872,2.619213104248047,0,97.86283874511719
195.3,1.5700371037265877,-1.3033477039184218,0.20842105263157892,0.07692307692307715,12.503050872,2.619213104248047,0,97.86283874511719
195.3,1.5700371037265877,-1.3033477039184218,0.20842105263157892,0.07692307692307715,12.503050872,2.619213104248047,0,97.86283874511719
195.3,1.5700371037265877,-1.3033477039184218,0.19684210526315787,-0.0769230769230767,12.503050872,2.619213104248047,0,97.86283874511719
195.3,1.5700371037265877,-1.3033477039184218,0.19684210526315787,-0.0769230769230767,12.503050872,2.619213104248047,0,97.86283874511719
195.3,1.5771109859004935,-1.3036892052091726,0.19684210526315787,-0.0769230769230767,12.50208077,2.619213104248047,0,97.86283874511719
195.3,1.5771109859004935,-1.3036892052091726,0.19684210526315787,-0.0769230769230767,12.50208077,2.619213104248047,0,97.86283874511719
195.3,1.5771109859004935,-1.3036892052091726,0.19684210526315787,-0.0769230769230767,12.50208077,2.619213104248047,0,97.86283874511719
195.3,1.5837987518560253,-1.3040003691960167,0.19684210526315787,-0.07692307692307669,12.50208077,2.619213104248047,0,97.86283874511719
195.4,1.5837987518560253,-1.3040003691960167,0.19684210526315787,-0.07692307692307669,12.577309432,2.619213104248047,0,97.86283874511719
195.4,1.5837987518560253,-1.3040003691960167,0.19684210526315787,-0.07692307692307669,12.577309432,2.619213104248047,0,97.86283874511719
195.4,1.5837987518560253,-1.3040003691960167,0.19684210526315787,-0.07692307692307669,12.577309432,2.619213104248047,0,97.86283874511719
195.4,1.5837987518560253,-1.3040003691960167,0.19684210526315787,-0.07692307692307669,12.577309432,2.619213104248047,0,97.86283874511719
195.4,1.5837987518560253,-1.3040003691960167,0.19684210526315787,-0.07692307692307669,12.577309432,2.619213104248047,0,97.86283874511719
195.4,1.5904944153275054,-1.3043324198861725,0.19684210526315787,-0.07692307692307669,12.407810827,2.5692131519317627,0,97.86283874511719
195.4,1.5904944153275054,-1.3043324198861725,0.19684210526315787,-0.07692307692307669,12.407810827,2.5692131519317627,0,97.86283874511719
195.4,1.5904944153275054,-1.3043324198861725,0.19684210526315787,-0.07692307692307669,12.407810827,2.5692131519317627,0,97.86283874511719
195.4,1.59718493584317,-1.3046958049397182,0.19684210526315787,-0.07692307692307669,12.406856865,2.5692131519317627,0,97.86283874511719
195.4,1.59718493584317,-1.3046958049397182,0.21999999999999997,-0.07692307692307669,12.406856865,2.5692131519317627,0,97.86283874511719
195.4,1.59718493584317,-1.3046958049397182,0.21999999999999997,-0.07692307692307669,12.406856865,2.5692131519317627,0,97.86283874511719
195.4,1.59718493584317,-1.3046958049397182,0.21999999999999997,-0.07692307692307669,12.406856865,2.5692131519317627,0,97.86283874511719
195.4,1.6038698747793454,-1.3050713132629594,0.21999999999999997,-0.07692307692307669,12.405246347,2.5692131519317627,0,97.86283874511719
195.5,1.6038698747793454,-1.3050713132629594,0.21999999999999997,-0.07692307692307669,12.405246347,2.5692131519317627,0,97.86283874511719
195.5,1.6038698747793454,-1.3050713132629594,0.20842105263157892,-0.07692307692307669,12.405246347,2.5692131519317627,0,97.75776672363281
195.5,1.6038698747793454,-1.3050713132629594,0.20842105263157892,-0.07692307692307669,12.405246347,2.5692131519317627,0,97.75776672363281
195.5,1.6038698747793454,-1.3050713132629594,0.20842105263157892,-0.07692307692307669,12.405246347,2.5692131519317627,0,97.75776672363281
195.5,1.6111776103477562,-1.3055405566584652,0.20842105263157892,-0.07692307692307669,12.399226676,2.5692131519317627,0,97.75776672363281
195.5,1.6111776103477562,-1.3055405566584652,0.20842105263157892,-0.07692307692307669,12.399226676,2.5692131519317627,0,97.75776672363281
195.5,1.6111776103477562,-1.3055405566584652,0.20842105263157892,-0.07692307692307669,12.399226676,2.5692131519317627,0,97.75776672363281
195.5,1.6111776103477562,-1.3055405566584652,0.20842105263157892,-0.07692307692307669,12.399226676,2.5692131519317627,0,97.75776672363281
195.5,1.6127007649922416,-1.3072476008696192,0.20842105263157892,-0.07692307692307669,12.472331334,2.5692131519317627,0,97.75776672363281
195.5,1.6127007649922416,-1.3072476008696192,0.20842105263157892,-0.07692307692307669,12.472331334,2.5692131519317627,0,97.75776672363281
195.5,1.6127007649922416,-1.3072476008696192,0.20842105263157892,-0.07692307692307669,12.472331334,2.5692131519317627,0,97.75776672363281
195.5,1.6127007649922416,-1.3072476008696192,0.19684210526315787,-0.07692307692307669,12.472331334,2.5692131519317627,0,97.75776672363281
195.5,1.6127007649922416,-1.3072476008696192,0.19684210526315787,-0.07692307692307669,12.472331334,2.5692131519317627,0,97.75776672363281
195.60000000000002,1.6142196404218667,-1.3089998298606522,0.19684210526315787,-0.07692307692307669,12.546875214,2.5692131519317627,0,97.75776672363281
195.60000000000002,1.6142196404218667,-1.3089998298606522,0.19684210526315787,-0.07692307692307669,12.546875214,2.5692131519317627,0,97.75776672363281
195.60000000000002,1.6142196404218667,-1.3089998298606522,0.19684210526315787,-0.07692307692307669,12.546875214,2.5692131519317627,0,97.75776672363281
195.60000000000002,1.6153452030750168,-1.3107616374941975,0.19684210526315787,-0.07692307692307669,12.546875214,2.5692131519317627,0,97.75776672363281
195.60000000000002,1.6153452030750168,-1.3107616374941975,0.19684210526315787,-0.07692307692307669,12.621531045,2.5692131519317627,0,97.75776672363281
195.60000000000002,1.6153452030750168,-1.3107616374941975,0.19684210526315787,-0.07692307692307669,12.621531045,2.5692131519317627,0,97.75776672363281
195.60000000000002,1.6153452030750168,-1.3107616374941975,0.19684210526315787,-0.07692307692307669,12.621531045,2.5692131519317627,0,97.75776672363281
195.60000000000002,1.6153452030750168,-1.3107616374941975,0.19684210526315787,-0.07692307692307669,12.621531045,2.5692131519317627,0,97.75776672363281
195.60000000000002,1.6153452030750168,-1.3107616374941975,0.19684210526315787,-0.07692307692307669,12.621531045,2.5692131519317627,0,97.75776672363281
195.60000000000002,1.6164702796181332,-1.3125619766066716,0.21999999999999997,0.08307692307692331,12.621531045,2.5692131519317627,0,97.75776672363281
195.60000000000002,1.6164702796181332,-1.3125619766066716,0.21999999999999997,0.08307692307692331,12.698624209,2.5692131519317627,0,97.75776672363281
195.60000000000002,1.6164702796181332,-1.3125619766066716,0.21999999999999997,0.08307692307692331,12.698624209,2.5692131519317627,0,97.75776672363281
195.60000000000002,1.6164702796181332,-1.3125619766066716,0.21999999999999997,0.08307692307692331,12.698624209,2.5692131519317627,0,97.75776672363281
195.60000000000002,1.6183382856956656,-1.314460226698374,0.21999999999999997,0.12820512820512842,12.552792359,2.5692131519317627,0,97.75776672363281
195.70000000000002,1.6183382856956656,-1.314460226698374,0.21999999999999997,0.12820512820512842,12.552792359,2.5692131519317627,0,97.75776672363281
195.70000000000002,1.6183382856956656,-1.314460226698374,0.21999999999999997,0.12820512820512842,12.552792359,2.5692131519317627,0,97.75776672363281
195.70000000000002,1.6183382856956656,-1.314460226698374,0.21999999999999997,0.12820512820512842,12.552792359,2.5692131519317627,0,97.75776672363281
195.70000000000002,1.6183382856956656,-1.314460226698374,0.21999999999999997,0.12820512820512842,12.552792359,2.5692131519317627,0,97.75776672363281
195.70000000000002,1.6208832515717242,-1.3162096761626716,0.20842105263157892,0.12820512820512842,12.407555821,2.5692131519317627,0,97.75776672363281
195.70000000000002,1.6208832515717242,-1.3162096761626716,0.20842105263157892,0.12820512820512842,12.407555821,2.5692131519317627,0,97.75776672363281
195.70000000000002,1.6208832515717242,-1.3162096761626716,0.20842105263157892,0.12820512820512842,12.407555821,2.5692131519317627,0,97.75776672363281
195.70000000000002,1.6208832515717242,-1.3162096761626716,0.20842105263157892,0.12820512820512842,12.407555821,2.5692131519317627,0,97.75776672363281
195.70000000000002,1.6283287594783724,-1.3167756118971827,0.20842105263157892,0.12820512820512842,12.262370579,2.5692131519317627,0,97.75776672363281
195.70000000000002,1.6283287594783724,-1.3167756118971827,0.20842105263157892,0.12820512820512842,12.262370579,2.5692131519317627,0,97.75776672363281
195.70000000000002,1.6283287594783724,-1.3167756118971827,0.20842105263157892,0.12820512820512842,12.262370579,2.5692131519317627,0,97.75776672363281
195.8,1.6353603462595991,-1.3172816304285222,0.20842105263157892,0.12820512820512842,12.194420937,2.5692131519317627,0,97.75776672363281
195.8,1.6353603462595991,-1.3172816304285222,0.20842105263157892,0.12820512820512842,12.194420937,2.5692131519317627,0,97.75776672363281
195.8,1.6353603462595991,-1.3172816304285222,0.20842105263157892,0.12820512820512842,12.194420937,2.5692131519317627,0,97.75776672363281
195.8,1.6353603462595991,-1.3172816304285222,0.19684210526315787,0.07692307692307715,12.194420937,2.5692131519317627,0,97.75776672363281
195.8,1.6424260728253812,-1.3177818533565722,0.19684210526315787,0.07692307692307715,12.033232243,2.5192129611968994,0,97.75776672363281
195.8,1.6424260728253812,-1.3177818533565722,0.19684210526315787,0.07692307692307715,12.033232243,2.5192129611968994,0,97.75776672363281
195.8,1.6424260728253812,-1.3177818533565722,0.19684210526315787,0.07692307692307715,12.033232243,2.5192129611968994,0,97.75776672363281
195.8,1.6424260728253812,-1.3177818533565722,0.19684210526315787,0.07692307692307715,12.033232243,2.5192129611968994,0,97.75776672363281
195.8,1.6424260728253812,-1.3177818533565722,0.19684210526315787,0.07692307692307715,12.033232243,2.5192129611968994,0,97.75776672363281
195.8,1.6490649753469837,-1.3182295319815478,0.19684210526315787,0.07692307692307715,12.111930258,2.5192129611968994,0,97.75776672363281
195.8,1.6490649753469837,-1.3182295319815478,0.19684210526315787,0.07692307692307715,12.111930258,2.5192129611968994,0,97.75776672363281
195.8,1.6490649753469837,-1.3182295319815478,0.19684210526315787,0.07692307692307715,12.111930258,2.5192129611968994,0,97.75776672363281
195.8,1.6490649753469837,-1.3182295319815478,0.19684210526315787,0.07692307692307715,12.111930258,2.5192129611968994,0,97.75776672363281
195.9,1.6490649753469837,-1.3182295319815478,0.21999999999999997,0.07692307692307715,12.111930258,2.5192129611968994,0,97.75776672363281
195.9,1.655743437705158,-1.3186628906686368,0.21999999999999997,0.07692307692307715,12.111930258,2.5192129611968994,0,97.75776672363281
195.9,1.655743437705158,-1.3186628906686368,0.21999999999999997,0.07692307692307715,12.188239095,2.5192129611968994,0,97.75776672363281
195.9,1.655743437705158,-1.3186628906686368,0.21999999999999997,0.07692307692307715,12.188239095,2.5192129611968994,0,97.75776672363281
195.9,1.655743437705158,-1.3186628906686368,0.21999999999999997,0.07692307692307715,12.188239095,2.5192129611968994,0,97.75776672363281
195.9,1.6631734505121791,-1.31913980385434,0.21999999999999997,0.07692307692307715,12.188239095,2.5192129611968994,0,97.75776672363281
195.9,1.6631734505121791,-1.31913980385434,0.21999999999999997,0.07692307692307715,12.051400427,2.5192129611968994,0,97.75776672363281
195.9,1.6631734505121791,-1.31913980385434,0.21999999999999997,0.07692307692307715,12.051400427,2.5192129611968994,0,97.75776672363281
195.9,1.6631734505121791,-1.31913980385434,0.21999999999999997,0.07692307692307715,12.051400427,2.5192129611968994,0,97.75776672363281
195.9,1.6631734505121791,-1.31913980385434,0.21999999999999997,0.07692307692307715,12.051400427,2.5192129611968994,0,97.75776672363281
195.9,1.6706357475266613,-1.3196090972187808,0.21999999999999997,0.07692307692307715,11.908234102,2.5192129611968994,0,97.75776672363281
195.9,1.6706357475266613,-1.3196090972187808,0.21999999999999997,0.07692307692307715,11.908234102,2.5192129611968994,0,97.75776672363281
195.9,1.6706357475266613,-1.3196090972187808,0.21999999999999997,0.07692307692307715,11.908234102,2.5192129611968994,0,97.75776672363281
195.9,1.6706357475266613,-1.3196090972187808,0.21999999999999997,0.07692307692307715,11.908234102,2.5192129611968994,0,97.75776672363281
196.0,1.6780961158375314,-1.3200575670816856,0.21999999999999997,0.07692307692307715,11.908234102,2.5192129611968994,0,97.6894302368164
196.0,1.6780961158375314,-1.3200575670816856,0.20842105263157892,0.12820512820512842,11.900793192,2.5192129611968994,0,97.6894302368164
196.0,1.6780961158375314,-1.3200575670816856,0.20842105263157892,0.12820512820512842,11.900793192,2.5192129611968994,0,97.6894302368164
196.0,1.6780961158375314,-1.3200575670816856,0.20842105263157892,0.12820512820512842,11.900793192,2.5192129611968994,0,97.6894302368164
196.0,1.6780961158375314,-1.3200575670816856,0.20842105263157892,0.12820512820512842,11.900793192,2.5192129611968994,0,97.6894302368164
196.0,1.6780961158375314,-1.3200575670816856,0.20842105263157892,0.12820512820512842,11.900793192,2.5192129611968994,0,97.6894302368164
196.0,1.6851339692521323,-1.3204579713080424,0.19684210526315787,0.12820512820512842,11.974079119,2.5192129611968994,0,97.6894302368164
196.0,1.6851339692521323,-1.3204579713080424,0.19684210526315787,0.12820512820512842,11.974079119,2.5192129611968994,0,97.6894302368164
196.0,1.6851339692521323,-1.3204579713080424,0.19684210526315787,0.12820512820512842,11.974079119,2.5192129611968994,0,97.6894302368164
196.0,1.6851339692521323,-1.3204579713080424,0.19684210526315787,0.12820512820512842,11.974079119,2.5192129611968994,0,97.6894302368164
196.0,1.691812393520887,-1.3208210374000384,0.19684210526315787,0.12820512820512842,11.879612923,2.4692130088806152,0,97.6894302368164
196.0,1.691812393520887,-1.3208210374000384,0.19684210526315787,0.12820512820512842,11.879612923,2.4692130088806152,0,97.6894302368164
196.0,1.691812393520887,-1.3208210374000384,0.19684210526315787,0.12820512820512842,11.879612923,2.4692130088806152,0,97.6894302368164
196.10000000000002,1.691812393520887,-1.3208210374000384,0.19684210526315787,0.12820512820512842,11.777622431,2.4480140209198,0,97.6894302368164
196.10000000000002,1.6984875703420297,-1.3211563743828008,0.19684210526315787,0.12820512820512842,11.843380516,2.4480140209198,0,97.6894302368164
196.10000000000002,1.6984875703420297,-1.3211563743828008,0.19684210526315787,0.12820512820512842,11.843380516,2.4480140209198,0,97.6894302368164
196.10000000000002,1.6984875703420297,-1.3211563743828008,0.21999999999999997,0.12820512820512842,11.843380516,2.4480140209198,0,97.6894302368164
196.10000000000002,1.6984875703420297,-1.3211563743828008,0.21999999999999997,0.12820512820512842,11.843380516,2.4480140209198,0,97.6894302368164
196.10000000000002,1.6984875703420297,-1.3211563743828008,0.21999999999999997,0.12820512820512842,11.843380516,2.4480140209198,0,97.6894302368164
196.10000000000002,1.7051641609302348,-1.3214560462227556,0.21999999999999997,0.12820512820512842,11.91825779,2.4480140209198,0,97.6894302368164
196.10000000000002,1.7051641609302348,-1.3214560462227556,0.21999999999999997,0.12820512820512842,11.91825779,2.4480140209198,0,97.6894302368164
196.10000000000002,1.7051641609302348,-1.3214560462227556,0.21999999999999997,0.12820512820512842,11.91825779,2.4480140209198,0,97.6894302368164
196.10000000000002,1.7051641609302348,-1.3214560462227556,0.21999999999999997,0.12820512820512842,11.91825779,2.4480140209198,0,97.6894302368164
196.10000000000002,1.712628846238528,-1.3217595857121176,0.21999999999999997,0.12820512820512842,11.91825779,2.4480140209198,0,97.6894302368164
196.10000000000002,1.712628846238528,-1.3217595857121176,0.21999999999999997,0.12820512820512842,11.771902119,2.4480140209198,0,97.6894302368164
196.10000000000002,1.712628846238528,-1.3217595857121176,0.21999999999999997,0.12820512820512842,11.771902119,2.4480140209198,0,97.6894302368164
196.10000000000002,1.712628846238528,-1.3217595857121176,0.20842105263157892,0.07692307692307715,11.771902119,2.4480140209198,0,97.6894302368164
196.20000000000002,1.712628846238528,-1.3217595857121176,0.20842105263157892,0.07692307692307715,11.771902119,2.4480140209198,0,97.6894302368164
196.20000000000002,1.712628846238528,-1.3217595857121176,0.20842105263157892,0.07692307692307715,11.771902119,2.4480140209198,0,97.6894302368164
196.20000000000002,1.720094003724868,-1.3220350518561783,0.20842105263157892,0.07692307692307715,11.771902119,2.4480140209198,0,97.6894302368164
196.20000000000002,1.720094003724868,-1.3220350518561783,0.20842105263157892,0.07692307692307715,11.629133275000001,2.4480140209198,0,97.6894302368164
196.20000000000002,1.720094003724868,-1.3220350518561783,0.20842105263157892,0.07692307692307715,11.629133275000001,2.4480140209198,0,97.6894302368164
196.20000000000002,1.7271682739642225,-1.3222662316322422,0.20842105263157892,0.07692307692307715,11.629133275000001,2.4480140209198,0,97.6894302368164
196.20000000000002,1.7271682739642225,-1.3222662316322422,0.20842105263157892,0.07692307692307715,11.629133275000001,2.4480140209198,0,97.6894302368164
196.20000000000002,1.7271682739642225,-1.3222662316322422,0.20842105263157892,0.07692307692307715,11.692359883,2.4480140209198,0,97.6894302368164
196.20000000000002,1.7271682739642225,-1.3222662316322422,0.20842105263157892,0.07692307692307715,11.692359883,2.4480140209198,0,97.6894302368164
196.20000000000002,1.7271682739642225,-1.3222662316322422,0.19684210526315787,0.07692307692307715,11.692359883,2.4480140209198,0,97.6894302368164
196.20000000000002,1.7271682739642225,-1.3222662316322422,0.19684210526315787,0.07692307692307715,11.692359883,2.4480140209198,0,97.6894302368164
196.20000000000002,1.7342468630520869,-1.32247852800651,0.19684210526315787,0.07692307692307715,11.764434209000001,2.4480140209198,0,97.6894302368164
196.20000000000002,1.7342468630520869,-1.32247852800651,0.19684210526315787,0.07692307692307715,11.764434209000001,2.4480140209198,0,97.6894302368164
196.20000000000002,1.7342468630520869,-1.32247852800651,0.19684210526315787,0.07692307692307715,11.764434209000001,2.4480140209198,0,97.6894302368164
196.3,1.7342468630520869,-1.32247852800651,0.19684210526315787,0.07692307692307715,11.764434209000001,2.4480140209198,0,97.6894302368164
196.3,1.7342468630520869,-1.32247852800651,0.19684210526315787,0.07692307692307715,11.764434209000001,2.4480140209198,0,97.6894302368164
196.3,1.7409328162101714,-1.3226675890396844,0.19684210526315787,0.07692307692307715,11.663156935,2.3980140686035156,0,97.6894302368164
196.3,1.7409328162101714,-1.3226675890396844,0.19684210526315787,0.07692307692307715,11.663156935,2.3980140686035156,0,97.6894302368164
196.3,1.7409328162101714,-1.3226675890396844,0.19684210526315787,0.07692307692307715,11.663156935,2.3980140686035156,0,97.6894302368164
196.3,1.747617434949737,-1.3228383428331547,0.21999999999999997,0.07692307692307715,11.729386537,2.3980140686035156,0,97.6894302368164
196.3,1.747617434949737,-1.3228383428331547,0.21999999999999997,0.07692307692307715,11.729386537,2.3980140686035156,0,97.6894302368164
196.3,1.7543036474579292,-1.32298880891182,0.21999999999999997,0.07692307692307715,11.729386537,2.3980140686035156,0,97.6894302368164
196.3,1.7543036474579292,-1.32298880891182,0.21999999999999997,0.07692307692307715,11.728433189,2.3980140686035156,0,97.6894302368164
196.3,1.7543036474579292,-1.32298880891182,0.21999999999999997,0.07692307692307715,11.728433189,2.3980140686035156,0,97.6894302368164
196.3,1.7543036474579292,-1.32298880891182,0.21999999999999997,0.07692307692307715,11.728433189,2.3980140686035156,0,97.6894302368164
196.4,1.7543036474579292,-1.32298880891182,0.21999999999999997,0.07692307692307715,11.728433189,2.3980140686035156,0,97.6894302368164
196.4,1.7543036474579292,-1.32298880891182,0.21999999999999997,0.07692307692307715,11.728433189,2.3980140686035156,0,97.6894302368164
196.4,1.7617765316123701,-1.323138798530732,0.21999999999999997,0.07692307692307715,11.584186723,2.3980140686035156,0,97.6894302368164
196.4,1.7617765316123701,-1.323138798530732,0.21999999999999997,0.07692307692307715,11.584186723,2.3980140686035156,0,97.6894302368164
196.4,1.7617765316123701,-1.323138798530732,0.20842105263157892,0.07692307692307715,11.584186723,2.3980140686035156,0,97.6894302368164
196.4,1.7617765316123701,-1.323138798530732,0.20842105263157892,0.07692307692307715,11.584186723,2.3980140686035156,0,97.6894302368164
196.4,1.7692500581172048,-1.3232712621932308,0.20842105263157892,0.07692307692307715,11.443832968,2.3980140686035156,0,97.6894302368164
196.4,1.7692500581172048,-1.3232712621932308,0.20842105263157892,0.07692307692307715,11.443832968,2.3980140686035156,0,97.6894302368164
196.4,1.7692500581172048,-1.3232712621932308,0.20842105263157892,0.07692307692307715,11.443832968,2.3980140686035156,0,97.6894302368164
196.4,1.7763311172964436,-1.3233774814468466,0.20842105263157892,0.07692307692307715,11.51073502,2.3980140686035156,0,97.6894302368164
196.4,1.7763311172964436,-1.3233774814468466,0.20842105263157892,0.07692307692307715,11.51073502,2.3980140686035156,0,97.6894302368164
196.5,1.7763311172964436,-1.3233774814468466,0.20842105263157892,0.07692307692307715,11.51073502,2.3980140686035156,0,97.6894302368164
196.5,1.7763311172964436,-1.3233774814468466,0.20842105263157892,0.07692307692307715,11.51073502,2.3980140686035156,0,97.58367156982422
196.5,1.7834126673316704,-1.3234647931687773,0.20842105263157892,0.07692307692307715,11.581625694,2.3980140686035156,0,97.58367156982422
196.5,1.7834126673316704,-1.3234647931687773,0.19684210526315787,0.07692307692307715,11.581625694,2.3980140686035156,0,97.58367156982422
196.5,1.7834126673316704,-1.3234647931687773,0.19684210526315787,0.07692307692307715,11.581625694,2.3980140686035156,0,97.58367156982422
196.5,1.7834126673316704,-1.3234647931687773,0.19684210526315787,0.07692307692307715,11.581625694,2.3980140686035156,0,97.58367156982422
196.5,1.7904946380127988,-1.3235343355455094,0.19684210526315787,0.07692307692307715,11.33989342,2.3480141162872314,0,97.58367156982422
196.5,1.7904946380127988,-1.3235343355455094,0.19684210526315787,0.07692307692307715,11.33989342,2.3480141162872314,0,97.58367156982422
196.5,1.7904946380127988,-1.3235343355455094,0.19684210526315787,0.07692307692307715,11.33989342,2.3480141162872314,0,97.58367156982422
196.5,1.7904946380127988,-1.3235343355455094,0.19684210526315787,0.07692307692307715,11.33989342,2.3480141162872314,0,97.58367156982422
196.5,1.7971840637856935,-1.323582795511101,0.19684210526315787,0.07692307692307715,11.408519718,2.3480141162872314,0,97.58367156982422
196.60000000000002,1.7971840637856935,-1.323582795511101,0.19684210526315787,0.07692307692307715,11.408519718,2.3480141162872314,0,97.58367156982422
196.60000000000002,1.7971840637856935,-1.323582795511101,0.19684210526315787,0.07692307692307715,11.408519718,2.3480141162872314,0,97.58367156982422
196.60000000000002,1.8038728778432698,-1.3236135002330711,0.21999999999999997,0.02564102564102587,11.4113014,2.3480141162872314,0,97.58367156982422
196.60000000000002,1.8038728778432698,-1.3236135002330711,0.21999999999999997,0.02564102564102587,11.4113014,2.3480141162872314,0,97.58367156982422
196.60000000000002,1.8038728778432698,-1.3236135002330711,0.21999999999999997,0.02564102564102587,11.4113014,2.3480141162872314,0,97.58367156982422
196.60000000000002,1.8038728778432698,-1.3236135002330711,0.21999999999999997,0.02564102564102587,11.4113014,2.3480141162872314,0,97.58367156982422
196.60000000000002,1.8105617075893023,-1.3236270103928418,0.21999999999999997,0.02564102564102587,11.411338528,2.3480141162872314,0,97.58367156982422
196.60000000000002,1.8105617075893023,-1.3236270103928418,0.21999999999999997,0.02564102564102587,11.411338528,2.3480141162872314,0,97.58367156982422
196.60000000000002,1.8105617075893023,-1.3236270103928418,0.21999999999999997,0.02564102564102587,11.411338528,2.3480141162872314,0,97.58367156982422
196.60000000000002,1.8180372418563582,-1.3236246847053146,0.21999999999999997,0.02564102564102587,11.273820589,2.3480141162872314,0,97.58367156982422
196.60000000000002,1.8180372418563582,-1.3236246847053146,0.21999999999999997,0.02564102564102587,11.273820589,2.3480141162872314,0,97.58367156982422
196.70000000000002,1.8180372418563582,-1.3236246847053146,0.21999999999999997,0.02564102564102587,11.273820589,2.3480141162872314,0,97.58367156982422
196.70000000000002,1.8180372418563582,-1.3236246847053146,0.20842105263157892,0.02564102564102587,11.273820589,2.3480141162872314,0,97.58367156982422
196.70000000000002,1.8255157329838976,-1.3236172318428112,0.20842105263157892,0.02564102564102587,11.276629179,2.3480141162872314,0,97.58367156982422
196.70000000000002,1.8255157329838976,-1.3236172318428112,0.20842105263157892,0.02564102564102587,11.276629179,2.3480141162872314,0,97.58367156982422
196.70000000000002,1.8255157329838976,-1.3236172318428112,0.20842105263157892,0.02564102564102587,11.276629179,2.3480141162872314,0,97.58367156982422
196.70000000000002,1.8255157329838976,-1.3236172318428112,0.20842105263157892,0.02564102564102587,11.276629179,2.3480141162872314,0,97.58367156982422
196.70000000000002,1.8300361674993897,-1.3243721856526747,0.20842105263157892,0.02564102564102587,11.343671832,2.3480141162872314,0,97.58367156982422
196.70000000000002,1.8300361674993897,-1.3243721856526747,0.20842105263157892,0.02564102564102587,11.343671832,2.3480141162872314,0,97.58367156982422
196.70000000000002,1.8300361674993897,-1.3243721856526747,0.20842105263157892,0.02564102564102587,11.343671832,2.3480141162872314,0,97.58367156982422
196.70000000000002,1.8319899791729704,-1.3258953501838384,0.20842105263157892,0.02564102564102587,11.343671832,2.3480141162872314,0,97.58367156982422
196.70000000000002,1.8319899791729704,-1.3258953501838384,0.20842105263157892,0.02564102564102587,11.343471031,2.3480141162872314,0,97.58367156982422
196.8,1.8319899791729704,-1.3258953501838384,0.19684210526315787,0.02564102564102587,11.343471031,2.3480141162872314,0,97.58367156982422
196.8,1.8319899791729704,-1.3258953501838384,0.19684210526315787,0.02564102564102587,11.343471031,2.3480141162872314,0,97.58367156982422
196.8,1.8319899791729704,-1.3258953501838384,0.19684210526315787,0.02564102564102587,11.343471031,2.3480141162872314,0,97.58367156982422
196.8,1.8339451885217448,-1.3274268691566569,0.19684210526315787,0.02564102564102587,11.342982688,2.3480141162872314,0,97.58367156982422
196.8,1.8339451885217448,-1.3274268691566569,0.19684210526315787,0.02564102564102587,11.342982688,2.3480141162872314,0,97.58367156982422
196.8,1.8339451885217448,-1.3274268691566569,0.19684210526315787,0.02564102564102587,11.342982688,2.3480141162872314,0,97.58367156982422
196.8,1.8339451885217448,-1.3274268691566569,0.19684210526315787,0.02564102564102587,11.342982688,2.3480141162872314,0,97.58367156982422
196.8,1.8355091087569302,-1.3289703679130795,0.19684210526315787,0.02564102564102587,11.410705413,2.3480141162872314,0,97.58367156982422
196.8,1.8355091087569302,-1.3289703679130795,0.19684210526315787,0.02564102564102587,11.410705413,2.3480141162872314,0,97.58367156982422
196.8,1.8355091087569302,-1.3289703679130795,0.19684210526315787,0.02564102564102587,11.410705413,2.3480141162872314,0,97.58367156982422
196.8,1.8355091087569302,-1.3289703679130795,0.21999999999999997,0.17948717948717968,11.410705413,2.3480141162872314,0,97.58367156982422
196.8,1.8370724615409855,-1.3305248739821423,0.21999999999999997,0.17948717948717968,11.412859098,2.3480141162872314,0,97.58367156982422
196.8,1.8370724615409855,-1.3305248739821423,0.21999999999999997,0.17948717948717968,11.412859098,2.3480141162872314,0,97.58367156982422
196.9,1.8370724615409855,-1.3305248739821423,0.21999999999999997,0.17948717948717968,11.412859098,2.3480141162872314,0,97.58367156982422
196.9,1.8370724615409855,-1.3305248739821423,0.21999999999999997,0.17948717948717968,11.412859098,2.3480141162872314,0,97.58367156982422
196.9,1.839391739613703,-1.3320839594986857,0.21999999999999997,0.17948717948717968,11.412859098,2.3480141162872314,0,97.58367156982422
196.9,1.839391739613703,-1.3320839594986857,0.21999999999999997,0.17948717948717968,11.281030981,2.3480141162872314,0,97.58367156982422
196.9,1.839391739613703,-1.3320839594986857,0.21999999999999997,0.17948717948717968,11.281030981,2.3480141162872314,0,97.58367156982422
196.9,1.839391739613703,-1.3320839594986857,0.21999999999999997,0.17948717948717968,11.281030981,2.3480141162872314,0,97.58367156982422
196.9,1.839391739613703,-1.3320839594986857,0.21999999999999997,0.17948717948717968,11.281030981,2.3480141162872314,0,97.58367156982422
196.9,1.839391739613703,-1.3320839594986857,0.20842105263157892,0.17948717948717968,11.340086677,2.3603057861328125,0,97.58367156982422
196.9,1.8450455435292241,-1.3326016760612447,0.20842105263157892,0.17948717948717968,10.970629696,2.3103058338165283,0,97.58367156982422
196.9,1.8450455435292241,-1.3326016760612447,0.20842105263157892,0.17948717948717968,10.970629696,2.3103058338165283,0,97.58367156982422
196.9,1.8450455435292241,-1.3326016760612447,0.20842105263157892,0.17948717948717968,10.970629696,2.3103058338165283,0,97.58367156982422
196.9,1.852094794117498,-1.3325161735322375,0.20842105263157892,0.17948717948717968,10.970629696,2.3103058338165283,0,97.58367156982422
196.9,1.852094794117498,-1.3325161735322375,0.20842105263157892,0.17948717948717968,11.039810836,2.3103058338165283,0,97.58367156982422
197.0,1.852094794117498,-1.3325161735322375,0.20842105263157892,0.17948717948717968,11.039810836,2.3103058338165283,0,97.58367156982422
197.0,1.852094794117498,-1.3325161735322375,0.20842105263157892,0.17948717948717968,11.039810836,2.3103058338165283,0,97.50735473632812
197.0,1.852094794117498,-1.3325161735322375,0.20842105263157892,0.17948717948717968,11.039810836,2.3103058338165283,0,97.50735473632812
197.0,1.8591721149309337,-1.332393579334048,0.20842105263157892,0.17948717948717968,11.10650653,2.3103058338165283,0,97.50735473632812
197.0,1.8591721149309337,-1.332393579334048,0.19684210526315787,0.12820512820512842,11.10650653,2.3103058338165283,0,97.50735473632812
197.0,1.8591721149309337,-1.332393579334048,0.19684210526315787,0.12820512820512842,11.10650653,2.3103058338165283,0,97.50735473632812
197.0,1.8591721149309337,-1.332393579334048,0.19684210526315787,0.12820512820512842,11.10650653,2.3103058338165283,0,97.50735473632812
197.0,1.8591721149309337,-1.332393579334048,0.19684210526315787,0.12820512820512842,11.10650653,2.3103058338165283,0,97.50735473632812
197.0,1.8662457424574783,-1.3322352555134684,0.19684210526315787,0.12820512820512842,11.108240652,2.3103058338165283,0,97.50735473632812
197.0,1.8662457424574783,-1.3322352555134684,0.19684210526315787,0.12820512820512842,11.108240652,2.3103058338165283,0,97.50735473632812
197.0,1.8662457424574783,-1.3322352555134684,0.19684210526315787,0.12820512820512842,11.108240652,2.3103058338165283,0,97.50735473632812
197.0,1.8729017100179965,-1.3320430632431246,0.19684210526315787,0.12820512820512842,11.108240652,2.3103058338165283,0,97.50735473632812
197.0,1.8729017100179965,-1.3320430632431246,0.19684210526315787,0.12820512820512842,11.179630449,2.3103058338165283,0,97.50735473632812
197.10000000000002,1.8729017100179965,-1.3320430632431246,0.19684210526315787,0.12820512820512842,11.179630449,2.3103058338165283,0,97.50735473632812
197.10000000000002,1.8729017100179965,-1.3320430632431246,0.21999999999999997,0.23076923076923095,11.179630449,2.3103058338165283,0,97.50735473632812
197.10000000000002,1.8729017100179965,-1.3320430632431246,0.21999999999999997,0.23076923076923095,11.179630449,2.3103058338165283,0,97.50735473632812
197.10000000000002,1.8795863141162512,-1.331821160254751,0.21999999999999997,0.23076923076923095,11.250371135,2.3103058338165283,0,97.50735473632812
197.10000000000002,1.8795863141162512,-1.331821160254751,0.21999999999999997,0.23076923076923095,11.250371135,2.3103058338165283,0,97.50735473632812
197.10000000000002,1.8795863141162512,-1.331821160254751,0.21999999999999997,0.23076923076923095,11.250371135,2.3103058338165283,0,97.50735473632812
197.10000000000002,1.8795863141162512,-1.331821160254751,0.21999999999999997,0.23076923076923095,11.250371135,2.3103058338165283,0,97.50735473632812
197.10000000000002,1.8795863141162512,-1.331821160254751,0.21999999999999997,0.23076923076923095,11.250371135,2.3103058338165283,0,97.50735473632812
197.10000000000002,1.8870258505125639,-1.3315480012059009,0.21999999999999997,0.23076923076923095,11.124012372,2.3103058338165283,0,97.50735473632812
197.10000000000002,1.8870258505125639,-1.3315480012059009,0.21999999999999997,0.23076923076923095,11.124012372,2.3103058338165283,0,97.50735473632812
197.10000000000002,1.8870258505125639,-1.3315480012059009,0.21999999999999997,0.23076923076923095,11.124012372,2.3103058338165283,0,97.50735473632812
197.10000000000002,1.8870258505125639,-1.3315480012059009,0.21999999999999997,0.23076923076923095,11.124012372,2.3103058338165283,0,97.50735473632812
197.10000000000002,1.8944788194207924,-1.3312129475311012,0.21999999999999997,0.23076923076923095,10.990601474,2.3103058338165283,0,97.50735473632812
197.20000000000002,1.8944788194207924,-1.3312129475311012,0.21999999999999997,0.23076923076923095,10.752741148,2.260305643081665,0,97.50735473632812
197.20000000000002,1.8944788194207924,-1.3312129475311012,0.21999999999999997,0.23076923076923095,10.752741148,2.260305643081665,0,97.50735473632812
197.20000000000002,1.8944788194207924,-1.3312129475311012,0.21999999999999997,0.23076923076923095,10.752741148,2.260305643081665,0,97.50735473632812
197.20000000000002,1.8944788194207924,-1.3312129475311012,0.21999999999999997,0.23076923076923095,10.752741148,2.260305643081665,0,97.50735473632812
197.20000000000002,1.9019309209640398,-1.3308047719082956,0.21999999999999997,0.23076923076923095,10.747717437,2.260305643081665,0,97.50735473632812
197.20000000000002,1.9019309209640398,-1.3308047719082956,0.21999999999999997,0.23076923076923095,10.747717437,2.260305643081665,0,97.50735473632812
197.20000000000002,1.9019309209640398,-1.3308047719082956,0.21999999999999997,0.23076923076923095,10.747717437,2.260305643081665,0,97.50735473632812
197.20000000000002,1.9019309209640398,-1.3308047719082956,0.21999999999999997,0.23076923076923095,10.747717437,2.260305643081665,0,97.50735473632812
197.20000000000002,1.9093837858132665,-1.3303432355861995,0.20842105263157892,0.23076923076923095,10.747717437,2.260305643081665,0,97.50735473632812
197.20000000000002,1.9093837858132665,-1.3303432355861995,0.20842105263157892,0.23076923076923095,10.746757222,2.260305643081665,0,97.50735473632812
197.20000000000002,1.9093837858132665,-1.3303432355861995,0.20842105263157892,0.23076923076923095,10.746757222,2.260305643081665,0,97.50735473632812
197.20000000000002,1.9093837858132665,-1.3303432355861995,0.20842105263157892,0.23076923076923095,10.746757222,2.260305643081665,0,97.50735473632812
197.3,1.9164150118528491,-1.3298591493799456,0.20842105263157892,0.23076923076923095,10.748006213,2.260305643081665,0,97.50735473632812
197.3,1.9164150118528491,-1.3298591493799456,0.20842105263157892,0.23076923076923095,10.748006213,2.260305643081665,0,97.50735473632812
197.3,1.9164150118528491,-1.3298591493799456,0.20842105263157892,0.23076923076923095,10.748006213,2.260305643081665,0,97.50735473632812
197.3,1.9164150118528491,-1.3298591493799456,0.20842105263157892,0.23076923076923095,10.748006213,2.260305643081665,0,97.50735473632812
197.3,1.923464597931153,-1.3293156133984492,0.20842105263157892,0.23076923076923095,10.748536412,2.260305643081665,0,97.50735473632812
197.3,1.923464597931153,-1.3293156133984492,0.20842105263157892,0.23076923076923095,10.748536412,2.260305643081665,0,97.50735473632812
197.3,1.923464597931153,-1.3293156133984492,0.21999999999999997,0.17948717948717968,10.748536412,2.260305643081665,0,97.50735473632812
197.3,1.923464597931153,-1.3293156133984492,0.21999999999999997,0.17948717948717968,10.748536412,2.260305643081665,0,97.50735473632812
197.3,1.923464597931153,-1.3293156133984492,0.21999999999999997,0.17948717948717968,10.748536412,2.260305643081665,0,97.50735473632812
197.3,1.930510885605098,-1.3287147635335717,0.21999999999999997,0.17948717948717968,10.748854417,2.260305643081665,0,97.50735473632812
197.3,1.930510885605098,-1.3287147635335717,0.21999999999999997,0.17948717948717968,10.748854417,2.260305643081665,0,97.50735473632812
197.3,1.930510885605098,-1.3287147635335717,0.21999999999999997,0.17948717948717968,10.748854417,2.260305643081665,0,97.50735473632812
197.3,1.930510885605098,-1.3287147635335717,0.21999999999999997,0.17948717948717968,10.748854417,2.260305643081665,0,97.50735473632812
197.4,1.9379218835274883,-1.3280291259747448,0.21999999999999997,0.17948717948717968,10.748854417,2.260305643081665,0,97.50735473632812
197.4,1.9379218835274883,-1.3280291259747448,0.21999999999999997,0.17948717948717968,10.623829271,2.260305643081665,0,97.50735473632812
197.4,1.9379218835274883,-1.3280291259747448,0.21999999999999997,0.17948717948717968,10.623829271,2.260305643081665,0,97.50735473632812
197.4,1.9379218835274883,-1.3280291259747448,0.21999999999999997,0.17948717948717968,10.623829271,2.260305643081665,0,97.50735473632812
197.4,1.9379218835274883,-1.3280291259747448,0.21999999999999997,0.17948717948717968,10.623829271,2.260305643081665,0,97.50735473632812
197.4,1.945356064789814,-1.3272985974172635,0.21999999999999997,0.17948717948717968,10.265239496,2.210305690765381,0,97.50735473632812
197.4,1.945356064789814,-1.3272985974172635,0.21999999999999997,0.17948717948717968,10.265239496,2.210305690765381,0,97.50735473632812
197.4,1.945356064789814,-1.3272985974172635,0.21999999999999997,0.17948717948717968,10.265239496,2.210305690765381,0,97.50735473632812
197.4,1.9527844315969705,-1.326527767700346,0.21999999999999997,0.17948717948717968,10.259231085,2.210305690765381,0,97.50735473632812
197.4,1.9527844315969705,-1.326527767700346,0.21999999999999997,0.17948717948717968,10.259231085,2.210305690765381,0,97.50735473632812
197.4,1.9527844315969705,-1.326527767700346,0.21999999999999997,0.17948717948717968,10.259231085,2.210305690765381,0,97.50735473632812
197.4,1.9527844315969705,-1.326527767700346,0.21999999999999997,0.17948717948717968,10.259231085,2.210305690765381,0,97.50735473632812
197.5,1.960206730872836,-1.3257088890444235,0.21999999999999997,0.17948717948717968,10.259557156,2.210305690765381,0,97.39903259277344
197.5,1.960206730872836,-1.3257088890444235,0.21999999999999997,0.2820512820512822,10.259557156,2.210305690765381,0,97.39903259277344
197.5,1.960206730872836,-1.3257088890444235,0.21999999999999997,0.2820512820512822,10.259557156,2.210305690765381,0,97.39903259277344
197.5,1.960206730872836,-1.3257088890444235,0.21999999999999997,0.2820512820512822,10.259557156,2.210305690765381,0,97.39903259277344
197.5,1.967625085866607,-1.3248427412192045,0.21999999999999997,0.2820512820512822,10.25681808,2.210305690765381,0,97.39903259277344
197.5,1.967625085866607,-1.3248427412192045,0.21999999999999997,0.2820512820512822,10.25681808,2.210305690765381,0,97.39903259277344
197.5,1.967625085866607,-1.3248427412192045,0.21999999999999997,0.2820512820512822,10.25681808,2.210305690765381,0,97.39903259277344
197.5,1.967625085866607,-1.3248427412192045,0.21999999999999997,0.2820512820512822,10.25681808,2.210305690765381,0,97.39903259277344
197.5,1.967625085866607,-1.3248427412192045,0.21999999999999997,0.2820512820512822,10.25681808,2.210305690765381,0,97.39903259277344
197.5,1.9750347819743388,-1.323929430437882,0.21999999999999997,0.2820512820512822,10.25681808,2.210305690765381,0,97.39903259277344
197.5,1.9750347819743388,-1.323929430437882,0.21999999999999997,0.2820512820512822,10.25682787,2.210305690765381,0,97.39903259277344
197.5,1.9750347819743388,-1.323929430437882,0.21999999999999997,0.12820512820512842,10.25682787,2.210305690765381,0,97.39903259277344
197.5,1.9750347819743388,-1.323929430437882,0.21999999999999997,0.12820512820512842,10.25682787,2.210305690765381,0,97.39903259277344
197.60000000000002,1.9824283417814652,-1.3229444903190837,0.21999999999999997,0.12820512820512842,10.25682787,2.210305690765381,0,97.39903259277344
197.60000000000002,1.9824283417814652,-1.3229444903190837,0.21999999999999997,0.12820512820512842,10.19370494,2.210305690765381,0,97.39903259277344
197.60000000000002,1.9824283417814652,-1.3229444903190837,0.21999999999999997,0.12820512820512842,10.19370494,2.210305690765381,0,97.39903259277344
197.60000000000002,1.9824283417814652,-1.3229444903190837,0.21999999999999997,0.12820512820512842,10.19370494,2.210305690765381,0,97.39903259277344
197.60000000000002,1.9824283417814652,-1.3229444903190837,0.21999999999999997,0.12820512820512842,10.19370494,2.210305690765381,0,97.39903259277344
197.60000000000002,1.9898000424864475,-1.3218898650404558,0.21999999999999997,0.12820512820512842,10.19370494,2.210305690765381,0,97.39903259277344
197.60000000000002,1.9898000424864475,-1.3218898650404558,0.21999999999999997,0.12820512820512842,10.132575761,2.210305690765381,0,97.39903259277344
197.60000000000002,1.9898000424864475,-1.3218898650404558,0.21999999999999997,0.12820512820512842,10.132575761,2.210305690765381,0,97.39903259277344
197.60000000000002,1.9898000424864475,-1.3218898650404558,0.21999999999999997,0.12820512820512842,10.132575761,2.210305690765381,0,97.39903259277344
197.60000000000002,1.9972101790864805,-1.3208308941853768,0.21999999999999997,0.12820512820512842,10.072133464,2.210305690765381,0,97.39903259277344
197.60000000000002,1.9972101790864805,-1.3208308941853768,0.21999999999999997,0.12820512820512842,9.84428866,2.1603057384490967,0,97.39903259277344
197.60000000000002,1.9972101790864805,-1.3208308941853768,0.21999999999999997,0.12820512820512842,9.84428866,2.1603057384490967,0,97.39903259277344
197.60000000000002,1.9972101790864805,-1.3208308941853768,0.21999999999999997,0.12820512820512842,9.84428866,2.1603057384490967,0,97.39903259277344
197.70000000000002,2.004605884217013,-1.3197716099413461,0.21999999999999997,0.12820512820512842,9.84428866,2.1603057384490967,0,97.39903259277344
197.70000000000002,2.004605884217013,-1.3197716099413461,0.21999999999999997,0.12820512820512842,9.84048162,2.1603057384490967,0,97.39903259277344
197.70000000000002,2.004605884217013,-1.3197716099413461,0.21999999999999997,0.12820512820512842,9.84048162,2.1603057384490967,0,97.39903259277344
197.70000000000002,2.004605884217013,-1.3197716099413461,0.21999999999999997,0.12820512820512842,9.84048162,2.1603057384490967,0,97.39903259277344
197.70000000000002,2.004605884217013,-1.3197716099413461,0.21999999999999997,0.12820512820512842,9.84048162,2.1603057384490967,0,97.39903259277344
197.70000000000002,2.011986882502372,-1.3186555771639177,0.19684210526315787,0.12820512820512842,9.84044032,2.1603057384490967,0,97.39903259277344
197.70000000000002,2.011986882502372,-1.3186555771639177,0.19684210526315787,0.12820512820512842,9.84044032,2.1603057384490967,0,97.39903259277344
197.70000000000002,2.011986882502372,-1.3186555771639177,0.19684210526315787,0.12820512820512842,9.874525667,2.1677887439727783,0,97.39903259277344
197.70000000000002,2.011986882502372,-1.3186555771639177,0.19684210526315787,0.12820512820512842,9.874525667,2.1677887439727783,0,97.39903259277344
197.70000000000002,2.0193710303912162,-1.3174958986170255,0.19684210526315787,0.12820512820512842,9.872262727,2.1677887439727783,0,97.39903259277344
197.70000000000002,2.0193710303912162,-1.3174958986170255,0.19684210526315787,0.12820512820512842,9.872262727,2.1677887439727783,0,97.39903259277344
197.70000000000002,2.0193710303912162,-1.3174958986170255,0.19684210526315787,0.12820512820512842,9.872262727,2.1677887439727783,0,97.39903259277344
197.8,2.0193710303912162,-1.3174958986170255,0.19684210526315787,0.12820512820512842,9.872262727,2.1677887439727783,0,97.39903259277344
197.8,2.025958202543847,-1.3164517137052605,0.19684210526315787,0.12820512820512842,9.990209204,2.1677887439727783,0,97.39903259277344
197.8,2.025958202543847,-1.3164517137052605,0.19684210526315787,0.12820512820512842,9.990209204,2.1677887439727783,0,97.39903259277344
197.8,2.025958202543847,-1.3164517137052605,0.21999999999999997,0.07692307692307715,9.990209204,2.1677887439727783,0,97.39903259277344
197.8,2.032565070791044,-1.3153993598914808,0.21999999999999997,0.07692307692307715,9.990209204,2.1677887439727783,0,97.39903259277344
197.8,2.032565070791044,-1.3153993598914808,0.21999999999999997,0.07692307692307715,10.106278235,2.1677887439727783,0,97.39903259277344
197.8,2.032565070791044,-1.3153993598914808,0.21999999999999997,0.07692307692307715,10.106278235,2.1677887439727783,0,97.39903259277344
197.8,2.032565070791044,-1.3153993598914808,0.21999999999999997,0.07692307692307715,10.106278235,2.1677887439727783,0,97.39903259277344
197.8,2.0399159146480454,-1.3142020907624086,0.21999999999999997,0.07692307692307715,10.105378236,2.1677887439727783,0,97.39903259277344
197.8,2.0399159146480454,-1.3142020907624086,0.21999999999999997,0.07692307692307715,10.105378236,2.1677887439727783,0,97.39903259277344
197.8,2.0399159146480454,-1.3142020907624086,0.21999999999999997,0.07692307692307715,10.105378236,2.1677887439727783,0,97.39903259277344
197.9,2.0399159146480454,-1.3142020907624086,0.21999999999999997,0.07692307692307715,10.105378236,2.1677887439727783,0,97.39903259277344
197.9,2.0472977259903344,-1.3129914362465125,0.21999999999999997,0.07692307692307715,10.102740567,2.1677887439727783,0,97.39903259277344
197.9,2.0472977259903344,-1.3129914362465125,0.21999999999999997,0.17948717948717968,9.86972106,2.117788553237915,0,97.39903259277344
197.9,2.0472977259903344,-1.3129914362465125,0.21999999999999997,0.17948717948717968,9.86972106,2.117788553237915,0,97.39903259277344
197.9,2.0472977259903344,-1.3129914362465125,0.21999999999999997,0.17948717948717968,9.86972106,2.117788553237915,0,97.39903259277344
197.9,2.054673347252907,-1.3117801972654575,0.21999999999999997,0.17948717948717968,9.870092117,2.117788553237915,0,97.39903259277344
197.9,2.054673347252907,-1.3117801972654575,0.21999999999999997,0.17948717948717968,9.870092117,2.117788553237915,0,97.39903259277344
197.9,2.054673347252907,-1.3117801972654575,0.21999999999999997,0.17948717948717968,9.870092117,2.117788553237915,0,97.39903259277344
197.9,2.062035521161438,-1.3105366596646002,0.21999999999999997,0.17948717948717968,9.870092117,2.117788553237915,0,97.39903259277344
197.9,2.062035521161438,-1.3105366596646002,0.21999999999999997,0.17948717948717968,9.872139487,2.117788553237915,0,97.39903259277344
197.9,2.062035521161438,-1.3105366596646002,0.21999999999999997,0.17948717948717968,9.872139487,2.117788553237915,0,97.39903259277344
198.0,2.062035521161438,-1.3105366596646002,0.21999999999999997,0.17948717948717968,9.872139487,2.117788553237915,0,97.39903259277344
198.0,2.062035521161438,-1.3105366596646002,0.21999999999999997,0.12820512820512842,9.872139487,2.117788553237915,0,97.29608154296875
198.0,2.069386546012395,-1.3092393041544401,0.21999999999999997,0.12820512820512842,9.871732023,2.117788553237915,0,97.29608154296875
198.0,2.069386546012395,-1.3092393041544401,0.21999999999999997,0.12820512820512842,9.871732023,2.117788553237915,0,97.29608154296875
198.0,2.069386546012395,-1.3092393041544401,0.21999999999999997,0.12820512820512842,9.871732023,2.117788553237915,0,97.29608154296875
198.0,2.069386546012395,-1.3092393041544401,0.21999999999999997,0.12820512820512842,9.871732023,2.117788553237915,0,97.29608154296875
198.0,2.076734816289753,-1.3078950170501957,0.21999999999999997,0.12820512820512842,9.871954418,2.117788553237915,0,97.29608154296875
198.0,2.076734816289753,-1.3078950170501957,0.21999999999999997,0.12820512820512842,9.871954418,2.117788553237915,0,97.29608154296875
198.0,2.076734816289753,-1.3078950170501957,0.21999999999999997,0.12820512820512842,9.871954418,2.117788553237915,0,97.29608154296875
198.0,2.0840821340767084,-1.30652469813697,0.21999999999999997,0.12820512820512842,9.871954418,2.117788553237915,0,97.29608154296875
198.0,2.0840821340767084,-1.30652469813697,0.21999999999999997,0.12820512820512842,9.871980651,2.117788553237915,0,97.29608154296875
198.0,2.0840821340767084,-1.30652469813697,0.21999999999999997,0.07692307692307715,9.871980651,2.117788553237915,0,97.29608154296875
198.10000000000002,2.0840821340767084,-1.30652469813697,0.21999999999999997,0.07692307692307715,9.871980651,2.117788553237915,0,97.29608154296875
198.10000000000002,2.0914219110761634,-1.3051282522010221,0.21999999999999997,0.07692307692307715,9.871980651,2.117788553237915,0,97.29608154296875
198.10000000000002,2.0914219110761634,-1.3051282522010221,0.21999999999999997,0.07692307692307715,9.522415288,2.067788600921631,0,97.29608154296875
198.10000000000002,2.0914219110761634,-1.3051282522010221,0.21999999999999997,0.07692307692307715,9.522415288,2.067788600921631,0,97.29608154296875
198.10000000000002,2.0914219110761634,-1.3051282522010221,0.21999999999999997,0.07692307692307715,9.522415288,2.067788600921631,0,97.29608154296875
198.10000000000002,2.0975242098483586,-1.3043628506087774,0.21999999999999997,0.07692307692307715,9.413605297,2.067788600921631,0,97.29608154296875
198.10000000000002,2.0975242098483586,-1.3043628506087774,0.21999999999999997,0.07692307692307715,9.413605297,2.067788600921631,0,97.29608154296875
198.10000000000002,2.0975242098483586,-1.3043628506087774,0.21999999999999997,0.07692307692307715,9.413605297,2.067788600921631,0,97.29608154296875
198.10000000000002,2.1010573923780735,-1.3049873914902868,0.21999999999999997,0.07692307692307715,9.413605297,2.067788600921631,0,97.29608154296875
198.10000000000002,2.1010573923780735,-1.3049873914902868,0.20842105263157892,0.07692307692307715,9.411544391,2.067788600921631,0,97.29608154296875
198.10000000000002,2.1010573923780735,-1.3049873914902868,0.20842105263157892,0.07692307692307715,9.411544391,2.067788600921631,0,97.29608154296875
198.20000000000002,2.1010573923780735,-1.3049873914902868,0.20842105263157892,0.07692307692307715,9.411544391,2.067788600921631,0,97.29608154296875
198.20000000000002,2.1010573923780735,-1.3049873914902868,0.20842105263157892,0.07692307692307715,9.411544391,2.067788600921631,0,97.29608154296875
198.20000000000002,2.104595180007152,-1.305628861831111,0.20842105263157892,0.07692307692307715,9.411255842,2.067788600921631,0,97.29608154296875
198.20000000000002,2.104595180007152,-1.305628861831111,0.20842105263157892,0.07692307692307715,9.411255842,2.067788600921631,0,97.29608154296875
198.20000000000002,2.104595180007152,-1.305628861831111,0.20842105263157892,0.07692307692307715,9.411255842,2.067788600921631,0,97.29608154296875
198.20000000000002,2.1077285194974453,-1.3063596593789957,0.20842105263157892,0.07692307692307715,9.411255842,2.067788600921631,0,97.29608154296875
198.20000000000002,2.1077285194974453,-1.3063596593789957,0.20842105263157892,0.07692307692307715,9.46671811,2.067788600921631,0,97.29608154296875
198.20000000000002,2.1077285194974453,-1.3063596593789957,0.20842105263157892,0.07692307692307715,9.46671811,2.067788600921631,0,97.29608154296875
198.20000000000002,2.1077285194974453,-1.3063596593789957,0.21999999999999997,0.02564102564102587,9.46671811,2.067788600921631,0,97.29608154296875
198.20000000000002,2.1108963285506754,-1.3071104088839358,0.21999999999999997,0.02564102564102587,9.518440917,2.067788600921631,0,97.29608154296875
198.20000000000002,2.1108963285506754,-1.3071104088839358,0.21999999999999997,0.02564102564102587,9.518440917,2.067788600921631,0,97.29608154296875
198.3,2.1108963285506754,-1.3071104088839358,0.21999999999999997,0.02564102564102587,9.518440917,2.067788600921631,0,97.29608154296875
198.3,2.1108963285506754,-1.3071104088839358,0.21999999999999997,0.02564102564102587,9.518440917,2.067788600921631,0,97.29608154296875
198.3,2.1144296508990967,-1.3078172892319755,0.21999999999999997,0.02564102564102587,9.518908157,2.067788600921631,0,97.29608154296875
198.3,2.1144296508990967,-1.3078172892319755,0.21999999999999997,0.02564102564102587,9.518908157,2.067788600921631,0,97.29608154296875
198.3,2.1144296508990967,-1.3078172892319755,0.21999999999999997,0.02564102564102587,9.518908157,2.067788600921631,0,97.29608154296875
198.3,2.1144296508990967,-1.3078172892319755,0.21999999999999997,0.02564102564102587,9.518908157,2.067788600921631,0,97.29608154296875
198.3,2.1144296508990967,-1.3078172892319755,0.21999999999999997,0.02564102564102587,9.518908157,2.067788600921631,0,97.29608154296875
198.3,2.1196705118982444,-1.3076281475491052,0.20842105263157892,0.02564102564102587,9.517123693,2.067788600921631,0,97.29608154296875
198.3,2.1196705118982444,-1.3076281475491052,0.20842105263157892,0.02564102564102587,9.517123693,2.067788600921631,0,97.29608154296875
198.3,2.1196705118982444,-1.3076281475491052,0.20842105263157892,0.02564102564102587,9.517123693,2.067788600921631,0,97.29608154296875
198.3,2.1196705118982444,-1.3076281475491052,0.20842105263157892,0.02564102564102587,9.517123693,2.067788600921631,0,97.29608154296875
198.3,2.126619300278141,-1.3063608863652754,0.20842105263157892,0.02564102564102587,9.574313756,2.067788600921631,0,97.29608154296875
198.3,2.126619300278141,-1.3063608863652754,0.20842105263157892,0.02564102564102587,9.574313756,2.067788600921631,0,97.29608154296875
198.4,2.126619300278141,-1.3063608863652754,0.20842105263157892,0.02564102564102587,9.574313756,2.067788600921631,0,97.29608154296875
198.4,2.126619300278141,-1.3063608863652754,0.20842105263157892,0.02564102564102587,9.574313756,2.067788600921631,0,97.29608154296875
198.4,2.133593137775065,-1.305096024105964,0.20842105263157892,0.02564102564102587,9.630459858,2.067788600921631,0,97.29608154296875
198.4,2.133593137775065,-1.305096024105964,0.20842105263157892,0.02564102564102587,9.630459858,2.067788600921631,0,97.29608154296875
198.4,2.133593137775065,-1.305096024105964,0.19684210526315787,0.02564102564102587,9.630459858,2.067788600921631,0,97.29608154296875
198.4,2.133593137775065,-1.305096024105964,0.19684210526315787,0.02564102564102587,9.630459858,2.067788600921631,0,97.29608154296875
198.4,2.133593137775065,-1.305096024105964,0.19684210526315787,0.02564102564102587,9.630459858,2.067788600921631,0,97.29608154296875
198.4,2.1405617216518067,-1.3038296791148882,0.19684210526315787,0.02564102564102587,9.454442497,2.0177886486053467,0,97.29608154296875
198.4,2.1405617216518067,-1.3038296791148882,0.19684210526315787,0.02564102564102587,9.454442497,2.0177886486053467,0,97.29608154296875
198.4,2.1405617216518067,-1.3038296791148882,0.19684210526315787,0.02564102564102587,9.454442497,2.0177886486053467,0,97.29608154296875
198.4,2.1405617216518067,-1.3038296791148882,0.19684210526315787,0.02564102564102587,9.454442497,2.0177886486053467,0,97.29608154296875
198.4,2.147120083861922,-1.3026283283447535,0.19684210526315787,0.02564102564102587,9.568228233,2.0177886486053467,0,97.29608154296875
198.4,2.147120083861922,-1.3026283283447535,0.19684210526315787,0.02564102564102587,9.568228233,2.0177886486053467,0,97.29608154296875
198.5,2.147120083861922,-1.3026283283447535,0.19684210526315787,0.02564102564102587,9.568228233,2.0177886486053467,0,97.29608154296875
198.5,2.147120083861922,-1.3026283283447535,0.21999999999999997,-0.02564102564102541,9.568228233,2.0177886486053467,0,97.21062469482422
198.5,2.153709889523447,-1.3014349620859729,0.21999999999999997,-0.02564102564102541,9.568228233,2.0177886486053467,0,97.21062469482422
198.5,2.153709889523447,-1.3014349620859729,0.21999999999999997,-0.02564102564102541,9.68582087,2.0177886486053467,0,97.21062469482422
198.5,2.153709889523447,-1.3014349620859729,0.21999999999999997,-0.02564102564102541,9.68582087,2.0177886486053467,0,97.21062469482422
198.5,2.153709889523447,-1.3014349620859729,0.21999999999999997,-0.02564102564102541,9.68582087,2.0177886486053467,0,97.21062469482422
198.5,2.1610462787174542,-1.3001183702238883,0.21999999999999997,-0.02564102564102541,9.630109997,2.0177886486053467,0,97.21062469482422
198.5,2.1610462787174542,-1.3001183702238883,0.21999999999999997,-0.02564102564102541,9.630109997,2.0177886486053467,0,97.21062469482422
198.5,2.1610462787174542,-1.3001183702238883,0.21999999999999997,-0.02564102564102541,9.630109997,2.0177886486053467,0,97.21062469482422
198.5,2.1610462787174542,-1.3001183702238883,0.21999999999999997,-0.02564102564102541,9.630109997,2.0177886486053467,0,97.21062469482422
198.5,2.1610462787174542,-1.3001183702238883,0.21999999999999997,-0.02564102564102541,9.630109997,2.0177886486053467,0,97.21062469482422
198.5,2.168413834284556,-1.2988098579382112,0.20842105263157892,-0.02564102564102541,9.573878134,2.0177886486053467,0,97.21062469482422
198.5,2.168413834284556,-1.2988098579382112,0.20842105263157892,-0.02564102564102541,9.573878134,2.0177886486053467,0,97.21062469482422
198.60000000000002,2.168413834284556,-1.2988098579382112,0.20842105263157892,-0.02564102564102541,9.573878134,2.0177886486053467,0,97.21062469482422
198.60000000000002,2.168413834284556,-1.2988098579382112,0.20842105263157892,-0.02564102564102541,9.573878134,2.0177886486053467,0,97.21062469482422
198.60000000000002,2.17537323031202,-1.2975927079905887,0.20842105263157892,-0.02564102564102541,9.672289729,2.0263173580169678,0,97.21062469482422
198.60000000000002,2.17537323031202,-1.2975927079905887,0.20842105263157892,-0.02564102564102541,9.672289729,2.0263173580169678,0,97.21062469482422
198.60000000000002,2.17537323031202,-1.2975927079905887,0.20842105263157892,-0.02564102564102541,9.672289729,2.0263173580169678,0,97.21062469482422
198.60000000000002,2.17537323031202,-1.2975927079905887,0.20842105263157892,-0.02564102564102541,9.672289729,2.0263173580169678,0,97.21062469482422
198.60000000000002,2.17537323031202,-1.2975927079905887,0.20842105263157892,-0.02564102564102541,9.672289729,2.0263173580169678,0,97.21062469482422
198.60000000000002,2.1823607253593806,-1.2963906374461678,0.20842105263157892,-0.02564102564102541,9.731505333,2.0263173580169678,0,97.21062469482422
198.60000000000002,2.1823607253593806,-1.2963906374461678,0.20842105263157892,-0.07692307692307669,9.731505333,2.0263173580169678,0,97.21062469482422
198.60000000000002,2.1823607253593806,-1.2963906374461678,0.20842105263157892,-0.07692307692307669,9.731505333,2.0263173580169678,0,97.21062469482422
198.60000000000002,2.1823607253593806,-1.2963906374461678,0.20842105263157892,-0.07692307692307669,9.731505333,2.0263173580169678,0,97.21062469482422
198.60000000000002,2.1893457549094766,-1.2951983236383473,0.20842105263157892,-0.07692307692307669,9.489509026,1.9763174057006836,0,97.21062469482422
198.60000000000002,2.1893457549094766,-1.2951983236383473,0.20842105263157892,-0.07692307692307669,9.489509026,1.9763174057006836,0,97.21062469482422
198.70000000000002,2.1893457549094766,-1.2951983236383473,0.20842105263157892,-0.07692307692307669,9.489509026,1.9763174057006836,0,97.21062469482422
198.70000000000002,2.1893457549094766,-1.2951983236383473,0.20842105263157892,-0.07692307692307669,9.489509026,1.9763174057006836,0,97.21062469482422
198.70000000000002,2.1893457549094766,-1.2951983236383473,0.20842105263157892,-0.07692307692307669,9.489509026,1.9763174057006836,0,97.21062469482422
198.70000000000002,2.1893457549094766,-1.2951983236383473,0.20842105263157892,-0.07692307692307669,9.489509026,1.9763174057006836,0,97.21062469482422
198.70000000000002,2.1963331461583104,-1.294006303210633,0.20842105263157892,-0.07692307692307669,9.488008485,1.9763174057006836,0,97.21062469482422
198.70000000000002,2.1963331461583104,-1.294006303210633,0.21999999999999997,-0.02564102564102541,9.488008485,1.9763174057006836,0,97.21062469482422
198.70000000000002,2.1963331461583104,-1.294006303210633,0.21999999999999997,-0.02564102564102541,9.488008485,1.9763174057006836,0,97.21062469482422
198.70000000000002,2.1963331461583104,-1.294006303210633,0.21999999999999997,-0.02564102564102541,9.488008485,1.9763174057006836,0,97.21062469482422
198.70000000000002,2.2033298868461095,-1.2928324363255923,0.21999999999999997,-0.02564102564102541,9.485656794,1.9763174057006836,0,97.21062469482422
198.70000000000002,2.2033298868461095,-1.2928324363255923,0.21999999999999997,-0.02564102564102541,9.485656794,1.9763174057006836,0,97.21062469482422
198.70000000000002,2.2033298868461095,-1.2928324363255923,0.21999999999999997,-0.02564102564102541,9.485656794,1.9763174057006836,0,97.21062469482422
198.70000000000002,2.2033298868461095,-1.2928324363255923,0.21999999999999997,-0.02564102564102541,9.485656794,1.9763174057006836,0,97.21062469482422
198.8,2.2106916808083894,-1.291625985022304,0.21999999999999997,-0.02564102564102541,9.375742935,1.9763174057006836,0,97.21062469482422
198.8,2.2106916808083894,-1.291625985022304,0.21999999999999997,-0.02564102564102541,9.375742935,1.9763174057006836,0,97.21062469482422
198.8,2.2106916808083894,-1.291625985022304,0.21999999999999997,-0.02564102564102541,9.375742935,1.9763174057006836,0,97.21062469482422
198.8,2.2180755380591854,-1.2904261898250784,0.21999999999999997,-0.02564102564102541,9.263665585,1.9763174057006836,0,97.21062469482422
198.8,2.2180755380591854,-1.2904261898250784,0.21999999999999997,-0.02564102564102541,9.263665585,1.9763174057006836,0,97.21062469482422
198.8,2.2180755380591854,-1.2904261898250784,0.21999999999999997,-0.02564102564102541,9.263665585,1.9763174057006836,0,97.21062469482422
198.8,2.2180755380591854,-1.2904261898250784,0.21999999999999997,-0.02564102564102541,9.263665585,1.9763174057006836,0,97.21062469482422
198.8,2.225459582000678,-1.2892258152868008,0.21999999999999997,-0.02564102564102541,9.259932173,1.9763174057006836,0,97.21062469482422
198.8,2.225459582000678,-1.2892258152868008,0.21999999999999997,-0.02564102564102541,9.259932173,1.9763174057006836,0,97.21062469482422
198.8,2.225459582000678,-1.2892258152868008,0.21999999999999997,-0.02564102564102541,9.259932173,1.9763174057006836,0,97.21062469482422
198.8,2.225459582000678,-1.2892258152868008,0.21999999999999997,-0.02564102564102541,9.259932173,1.9763174057006836,0,97.21062469482422
198.8,2.225459582000678,-1.2892258152868008,0.21999999999999997,-0.02564102564102541,9.259932173,1.9763174057006836,0,97.21062469482422
198.8,2.232846772784493,-1.2880314147054148,0.21999999999999997,-0.02564102564102541,9.258251432,1.9763174057006836,0,97.21062469482422
198.9,2.232846772784493,-1.2880314147054148,0.19684210526315787,-0.02564102564102541,9.258251432,1.9763174057006836,0,97.21062469482422
198.9,2.232846772784493,-1.2880314147054148,0.19684210526315787,-0.02564102564102541,9.258251432,1.9763174057006836,0,97.21062469482422
198.9,2.2402351020204527,-1.2868472578883245,0.19684210526315787,-0.02564102564102541,8.968786842,1.9263174533843994,0,97.21062469482422
198.9,2.2402351020204527,-1.2868472578883245,0.19684210526315787,-0.02564102564102541,8.968786842,1.9263174533843994,0,97.21062469482422
198.9,2.2402351020204527,-1.2868472578883245,0.19684210526315787,-0.02564102564102541,8.968786842,1.9263174533843994,0,97.21062469482422
198.9,2.2402351020204527,-1.2868472578883245,0.19684210526315787,-0.02564102564102541,8.968786842,1.9263174533843994,0,97.21062469482422
198.9,2.246823874851338,-1.2857973580672692,0.19684210526315787,-0.02564102564102541,9.02284562,1.9263174533843994,0,97.21062469482422
198.9,2.246823874851338,-1.2857973580672692,0.19684210526315787,-0.02564102564102541,9.02284562,1.9263174533843994,0,97.21062469482422
198.9,2.246823874851338,-1.2857973580672692,0.19684210526315787,-0.02564102564102541,9.02284562,1.9263174533843994,0,97.21062469482422
198.9,2.246823874851338,-1.2857973580672692,0.19684210526315787,-0.02564102564102541,9.02284562,1.9263174533843994,0,97.21062469482422
198.9,2.2534398525791,-1.2847540360660814,0.21999999999999997,-0.07692307692307669,9.07776617,1.9263174533843994,0,97.21062469482422
199.0,2.2534398525791,-1.2847540360660814,0.21999999999999997,-0.07692307692307669,9.07776617,1.9263174533843994,0,97.10281372070312
199.0,2.2534398525791,-1.2847540360660814,0.21999999999999997,-0.07692307692307669,9.07776617,1.9263174533843994,0,97.10281372070312
199.0,2.2534398525791,-1.2847540360660814,0.21999999999999997,-0.07692307692307669,9.07776617,1.9263174533843994,0,97.10281372070312
199.0,2.2534398525791,-1.2847540360660814,0.21999999999999997,-0.07692307692307669,9.07776617,1.9263174533843994,0,97.10281372070312
199.0,2.260809102591829,-1.2836059510397373,0.21999999999999997,-0.07692307692307669,9.028375754,1.9263174533843994,0,97.10281372070312
199.0,2.260809102591829,-1.2836059510397373,0.21999999999999997,-0.07692307692307669,9.028375754,1.9263174533843994,0,97.10281372070312
199.0,2.260809102591829,-1.2836059510397373,0.21999999999999997,-0.07692307692307669,9.028375754,1.9263174533843994,0,97.10281372070312
199.0,2.260809102591829,-1.2836059510397373,0.21999999999999997,-0.07692307692307669,9.028375754,1.9263174533843994,0,97.10281372070312
199.0,2.268209944980394,-1.2824771969497033,0.21999999999999997,-0.07692307692307669,8.974602324,1.9263174533843994,0,97.10281372070312
199.0,2.268209944980394,-1.2824771969497033,0.20842105263157892,-0.07692307692307669,8.974602324,1.9263174533843994,0,97.10281372070312
199.0,2.268209944980394,-1.2824771969497033,0.20842105263157892,-0.07692307692307669,8.974602324,1.9263174533843994,0,97.10281372070312
199.10000000000002,2.2756120700878055,-1.281374858665041,0.20842105263157892,-0.07692307692307669,8.969651749,1.9263174533843994,0,97.10281372070312
199.10000000000002,2.2756120700878055,-1.281374858665041,0.20842105263157892,-0.07692307692307669,8.969651749,1.9263174533843994,0,97.10281372070312
199.10000000000002,2.2756120700878055,-1.281374858665041,0.20842105263157892,-0.07692307692307669,8.969651749,1.9263174533843994,0,97.10281372070312
199.10000000000002,2.2756120700878055,-1.281374858665041,0.20842105263157892,-0.07692307692307669,8.969651749,1.9263174533843994,0,97.10281372070312
199.10000000000002,2.2826025666728866,-1.2803499602486574,0.20842105263157892,-0.07692307692307669,9.023825693,1.9263174533843994,0,97.10281372070312
199.10000000000002,2.2826025666728866,-1.2803499602486574,0.20842105263157892,-0.07692307692307669,9.023825693,1.9263174533843994,0,97.10281372070312
199.10000000000002,2.2826025666728866,-1.2803499602486574,0.20842105263157892,-0.07692307692307669,9.023825693,1.9263174533843994,0,97.10281372070312
199.10000000000002,2.2896230736429395,-1.2793433334677466,0.20842105263157892,-0.07692307692307669,9.023825693,1.9263174533843994,0,97.10281372070312
199.10000000000002,2.2896230736429395,-1.2793433334677466,0.19684210526315787,-0.07692307692307669,9.075970982,1.9263174533843994,0,97.10281372070312
199.10000000000002,2.2896230736429395,-1.2793433334677466,0.19684210526315787,-0.07692307692307669,9.075970982,1.9263174533843994,0,97.10281372070312
199.20000000000002,2.2966449397765962,-1.27836028407385,0.19684210526315787,-0.07692307692307669,9.075970982,1.9263174533843994,0,97.10281372070312
199.20000000000002,2.2966449397765962,-1.27836028407385,0.19684210526315787,-0.07692307692307669,9.131532808,1.9263174533843994,0,97.10281372070312
199.20000000000002,2.2966449397765962,-1.27836028407385,0.19684210526315787,-0.07692307692307669,9.131532808,1.9263174533843994,0,97.10281372070312
199.20000000000002,2.2966449397765962,-1.27836028407385,0.19684210526315787,-0.07692307692307669,9.131532808,1.9263174533843994,0,97.10281372070312
199.20000000000002,2.2966449397765962,-1.27836028407385,0.19684210526315787,-0.07692307692307669,9.131532808,1.9263174533843994,0,97.10281372070312
199.20000000000002,2.303255207749932,-1.2774504492099086,0.19684210526315787,-0.07692307692307669,8.964698867,1.8682035207748413,0,97.10281372070312
199.20000000000002,2.303255207749932,-1.2774504492099086,0.19684210526315787,-0.07692307692307669,8.964698867,1.8682035207748413,0,97.10281372070312
199.20000000000002,2.3098949622404548,-1.2765583578761666,0.21999999999999997,-0.07692307692307669,8.964698867,1.8682035207748413,0,97.10281372070312
199.20000000000002,2.3098949622404548,-1.2765583578761666,0.21999999999999997,-0.07692307692307669,8.964919842,1.8682035207748413,0,97.10281372070312
199.20000000000002,2.3098949622404548,-1.2765583578761666,0.21999999999999997,-0.07692307692307669,8.964919842,1.8682035207748413,0,97.10281372070312
199.20000000000002,2.3098949622404548,-1.2765583578761666,0.21999999999999997,-0.07692307692307669,8.964919842,1.8682035207748413,0,97.10281372070312
199.20000000000002,2.3098949622404548,-1.2765583578761666,0.21999999999999997,-0.07692307692307669,8.964919842,1.8682035207748413,0,97.10281372070312
199.3,2.317290735405501,-1.275590578954499,0.21999999999999997,-0.07692307692307669,8.522919397999999,1.7974928617477417,0,97.10281372070312
199.3,2.317290735405501,-1.275590578954499,0.21999999999999997,-0.07692307692307669,8.522919397999999,1.7974928617477417,0,97.10281372070312
199.3,2.317290735405501,-1.275590578954499,0.21999999999999997,-0.07692307692307669,8.522919397999999,1.7974928617477417,0,97.10281372070312
199.3,2.317290735405501,-1.275590578954499,0.21999999999999997,-0.07692307692307669,8.522919397999999,1.7974928617477417,0,97.10281372070312
199.3,2.324714634668637,-1.2746416924164417,0.21999999999999997,-0.07692307692307669,8.520194808,1.7974928617477417,0,97.10281372070312
199.3,2.324714634668637,-1.2746416924164417,0.21999999999999997,-0.07692307692307669,8.520194808,1.7974928617477417,0,97.10281372070312
199.3,2.324714634668637,-1.2746416924164417,0.20842105263157892,-0.07692307692307669,8.520194808,1.7974928617477417,0,97.10281372070312
199.3,2.324714634668637,-1.2746416924164417,0.20842105263157892,-0.07692307692307669,8.520194808,1.7974928617477417,0,97.10281372070312
199.3,2.324714634668637,-1.2746416924164417,0.20842105263157892,-0.07692307692307669,8.520194808,1.7974928617477417,0,97.10281372070312
199.3,2.3338199255585264,-1.2744280762293505,0.20842105263157892,-0.07692307692307669,8.522145395,1.7974928617477417,0,97.10281372070312
199.3,2.3338199255585264,-1.2744280762293505,0.20842105263157892,-0.07692307692307669,8.522145395,1.7974928617477417,0,97.10281372070312
199.4,2.3338199255585264,-1.2744280762293505,0.20842105263157892,-0.07692307692307669,8.522145395,1.7974928617477417,0,97.10281372070312
199.4,2.3428042980078936,-1.2744115911328908,0.20842105263157892,-0.07692307692307669,8.522145395,1.7974928617477417,0,97.10281372070312
199.4,2.3428042980078936,-1.2744115911328908,0.20842105263157892,-0.07692307692307669,8.576421932,1.7974928617477417,0,97.10281372070312
199.4,2.3428042980078936,-1.2744115911328908,0.20842105263157892,-0.07692307692307669,8.576421932,1.7974928617477417,0,97.10281372070312
199.4,2.3428042980078936,-1.2744115911328908,0.20842105263157892,-0.07692307692307669,8.576421932,1.7974928617477417,0,97.10281372070312
199.4,2.3518181567547365,-1.2744209379286784,0.21999999999999997,-0.07692307692307669,8.574128967,1.7974928617477417,0,97.10281372070312
199.4,2.3518181567547365,-1.2744209379286784,0.21999999999999997,-0.07692307692307669,8.574128967,1.7974928617477417,0,97.10281372070312
199.4,2.3518181567547365,-1.2744209379286784,0.21999999999999997,-0.07692307692307669,8.574128967,1.7974928617477417,0,97.10281372070312
199.4,2.3518181567547365,-1.2744209379286784,0.21999999999999997,-0.07692307692307669,8.574128967,1.7974928617477417,0,97.10281372070312
199.4,2.360832966874506,-1.2744564698321172,0.21999999999999997,-0.07692307692307669,8.574724604,1.7974928617477417,0,97.10281372070312
199.4,2.360832966874506,-1.2744564698321172,0.21999999999999997,-0.07692307692307669,8.574724604,1.7974928617477417,0,97.10281372070312
199.4,2.360832966874506,-1.2744564698321172,0.21999999999999997,-0.07692307692307669,8.658293426,1.8150111436843872,0,97.10281372070312
199.4,2.360832966874506,-1.2744564698321172,0.21999999999999997,-0.07692307692307669,8.658293426,1.8150111436843872,0,97.10281372070312
199.5,2.360832966874506,-1.2744564698321172,0.21999999999999997,-0.07692307692307669,8.658293426,1.8150111436843872,0,97.10281372070312
199.5,2.3702160310920095,-1.2744713828214214,0.21999999999999997,-0.07692307692307669,8.658293426,1.8150111436843872,0,97.10281372070312
199.5,2.3702160310920095,-1.2744713828214214,0.21999999999999997,-0.07692307692307669,8.608063892,1.8150111436843872,0,96.99492645263672
199.5,2.3702160310920095,-1.2744713828214214,0.21999999999999997,-0.07692307692307669,8.608063892,1.8150111436843872,0,96.99492645263672
199.5,2.3702160310920095,-1.2744713828214214,0.21999999999999997,-0.07692307692307669,8.608063892,1.8150111436843872,0,96.99492645263672
199.5,2.3796296326496633,-1.2745131033976564,0.21999999999999997,-0.07692307692307669,8.504791473000001,1.8150111436843872,0,96.99492645263672
199.5,2.3796296326496633,-1.2745131033976564,0.21999999999999997,-0.07692307692307669,8.504791473000001,1.8150111436843872,0,96.99492645263672
199.5,2.3796296326496633,-1.2745131033976564,0.20842105263157892,-0.07692307692307669,8.504791473000001,1.8150111436843872,0,96.99492645263672
199.5,2.3796296326496633,-1.2745131033976564,0.20842105263157892,-0.07692307692307669,8.504791473000001,1.8150111436843872,0,96.99492645263672
199.5,2.387073825655407,-1.2737321921351774,0.20842105263157892,-0.07692307692307669,8.403450487,1.8150111436843872,0,96.99492645263672
199.5,2.387073825655407,-1.2737321921351774,0.20842105263157892,-0.07692307692307669,8.403450487,1.8150111436843872,0,96.99492645263672
199.5,2.387073825655407,-1.2737321921351774,0.20842105263157892,-0.07692307692307669,8.403450487,1.8150111436843872,0,96.99492645263672
199.5,2.387073825655407,-1.2737321921351774,0.20842105263157892,-0.07692307692307669,8.403450487,1.8150111436843872,0,96.99492645263672
199.5,2.387073825655407,-1.2737321921351774,0.20842105263157892,-0.07692307692307669,8.403450487,1.8150111436843872,0,96.99492645263672
199.60000000000002,2.3941038999068045,-1.273010356751259,0.20842105263157892,-0.07692307692307669,8.219933289,1.7650110721588135,0,96.99492645263672
199.60000000000002,2.3941038999068045,-1.273010356751259,0.20842105263157892,-0.07692307692307669,8.219933289,1.7650110721588135,0,96.99492645263672
199.60000000000002,2.3941038999068045,-1.273010356751259,0.20842105263157892,-0.07692307692307669,8.219933289,1.7650110721588135,0,96.99492645263672
199.60000000000002,2.4011629157373733,-1.2723086617353796,0.20842105263157892,-0.07692307692307669,8.267556834,1.7650110721588135,0,96.99492645263672
199.60000000000002,2.4011629157373733,-1.2723086617353796,0.20842105263157892,-0.07692307692307669,8.267556834,1.7650110721588135,0,96.99492645263672
199.60000000000002,2.4011629157373733,-1.2723086617353796,0.20842105263157892,-0.07692307692307669,8.267556834,1.7650110721588135,0,96.99492645263672
199.60000000000002,2.4011629157373733,-1.2723086617353796,0.20842105263157892,-0.07692307692307669,8.267556834,1.7650110721588135,0,96.99492645263672
199.60000000000002,2.4011629157373733,-1.2723086617353796,0.20842105263157892,-0.07692307692307669,8.267556834,1.7650110721588135,0,96.99492645263672
199.60000000000002,2.4082220976551048,-1.2716302000830622,0.18526315789473682,-0.07692307692307669,8.31561355,1.7650110721588135,0,96.99492645263672
199.60000000000002,2.4082220976551048,-1.2716302000830622,0.18526315789473682,-0.07692307692307669,8.31561355,1.7650110721588135,0,96.99492645263672
199.60000000000002,2.4082220976551048,-1.2716302000830622,0.18526315789473682,-0.07692307692307669,8.31561355,1.7650110721588135,0,96.99492645263672
199.60000000000002,2.4082220976551048,-1.2716302000830622,0.18526315789473682,-0.07692307692307669,8.31561355,1.7650110721588135,0,96.99492645263672
199.70000000000002,2.4152812384923976,-1.2709671095244297,0.18526315789473682,-0.07692307692307669,8.31561355,1.7650110721588135,0,96.99492645263672
199.70000000000002,2.4152812384923976,-1.2709671095244297,0.18526315789473682,-0.07692307692307669,8.313548107999999,1.7650110721588135,0,96.99492645263672
199.70000000000002,2.4152812384923976,-1.2709671095244297,0.18526315789473682,-0.07692307692307669,8.313548107999999,1.7650110721588135,0,96.99492645263672
199.70000000000002,2.4152812384923976,-1.2709671095244297,0.18526315789473682,-0.07692307692307669,8.313548107999999,1.7650110721588135,0,96.99492645263672
199.70000000000002,2.4152812384923976,-1.2709671095244297,0.18526315789473682,-0.07692307692307669,8.313548107999999,1.7650110721588135,0,96.99492645263672
199.70000000000002,2.4215368052765696,-1.270395197403042,0.18526315789473682,-0.07692307692307669,8.418880692,1.7650110721588135,0,96.99492645263672
199.70000000000002,2.4278194598724294,-1.2698449639649954,0.17368421052631577,-0.07692307692307669,8.418880692,1.7650110721588135,0,96.99492645263672
199.70000000000002,2.4278194598724294,-1.2698449639649954,0.17368421052631577,-0.07692307692307669,8.418880692,1.7650110721588135,0,96.99492645263672
199.70000000000002,2.4278194598724294,-1.2698449639649954,0.17368421052631577,-0.07692307692307669,8.519391462,1.7650110721588135,0,96.99492645263672
199.70000000000002,2.4278194598724294,-1.2698449639649954,0.17368421052631577,-0.07692307692307669,8.519391462,1.7650110721588135,0,96.99492645263672
199.70000000000002,2.4278194598724294,-1.2698449639649954,0.17368421052631577,-0.07692307692307669,8.519391462,1.7650110721588135,0,96.99492645263672
199.8,2.4278194598724294,-1.2698449639649954,0.17368421052631577,-0.07692307692307669,8.519391462,1.7650110721588135,0,96.99492645263672
199.8,2.4336840290642954,-1.2693496385958971,0.17368421052631577,-0.07692307692307669,8.737209912,1.7650110721588135,0,96.99492645263672
199.8,2.4336840290642954,-1.2693496385958971,0.17368421052631577,-0.07692307692307669,8.737209912,1.7650110721588135,0,96.99492645263672
199.8,2.4336840290642954,-1.2693496385958971,0.17368421052631577,-0.07692307692307669,8.737209912,1.7650110721588135,0,96.99492645263672
199.8,2.4336840290642954,-1.2693496385958971,0.17368421052631577,-0.07692307692307669,8.737209912,1.7650110721588135,0,96.99492645263672
199.8,2.439575234012421,-1.2688681536578024,0.16210526315789472,-0.07692307692307669,8.737209912,1.7650110721588135,0,96.99492645263672
199.8,2.439575234012421,-1.2688681536578024,0.16210526315789472,-0.07692307692307669,8.960742815,1.7650110721588135,0,96.99492645263672
199.8,2.439575234012421,-1.2688681536578024,0.16210526315789472,-0.07692307692307669,8.960742815,1.7650110721588135,0,96.99492645263672
199.8,2.439575234012421,-1.2688681536578024,0.16210526315789472,-0.07692307692307669,8.960742815,1.7650110721588135,0,96.99492645263672
199.8,2.4450501723377314,-1.2684370115402883,0.16210526315789472,-0.07692307692307669,9.004917707,1.7150111198425293,0,96.99492645263672
199.9,2.4450501723377314,-1.2684370115402883,0.16210526315789472,-0.07692307692307669,9.004917707,1.7150111198425293,0,96.99492645263672
199.9,2.4450501723377314,-1.2684370115402883,0.16210526315789472,-0.07692307692307669,9.004917707,1.7150111198425293,0,96.99492645263672
199.9,2.4505514336720604,-1.2680222697201953,0.16210526315789472,-0.07692307692307669,9.24926735,1.7150111198425293,0,96.99492645263672
199.9,2.4505514336720604,-1.2680222697201953,0.16210526315789472,-0.07692307692307669,9.24926735,1.7150111198425293,0,96.99492645263672
199.9,2.4505514336720604,-1.2680222697201953,0.16210526315789472,-0.07692307692307669,9.24926735,1.7150111198425293,0,96.99492645263672
199.9,2.4560519425906335,-1.2676232180697604,0.16210526315789472,-0.07692307692307669,9.24926735,1.7150111198425293,0,96.99492645263672
199.9,2.4560519425906335,-1.2676232180697604,0.16210526315789472,-0.07692307692307669,9.510142481,1.7150111198425293,0,96.99492645263672
199.9,2.4560519425906335,-1.2676232180697604,0.16210526315789472,-0.07692307692307669,9.510142481,1.7150111198425293,0,96.99492645263672
199.9,2.4560519425906335,-1.2676232180697604,0.16210526315789472,-0.07692307692307669,9.510142481,1.7150111198425293,0,96.99492645263672
199.9,2.4615530760911044,-1.267236323600215,0.16210526315789472,-0.07692307692307669,9.79087816,1.7150111198425293,0,96.99492645263672
199.9,2.4615530760911044,-1.267236323600215,0.16210526315789472,-0.07692307692307669,9.79087816,1.7150111198425293,0,96.99492645263672
199.9,2.4615530760911044,-1.267236323600215,0.16210526315789472,-0.07692307692307669,9.79087816,1.7150111198425293,0,96.99492645263672
200.0,2.4615530760911044,-1.267236323600215,0.16210526315789472,-0.07692307692307669,9.79087816,1.7150111198425293,0,96.89395141601562
200.0,2.4615530760911044,-1.267236323600215,0.16210526315789472,-0.07692307692307669,9.79087816,1.7150111198425293,0,96.89395141601562
200.0,2.4670558108652085,-1.266863828541998,0.16210526315789472,-0.07692307692307669,10.08327076,1.7150111198425293,0,96.89395141601562
200.0,2.4670558108652085,-1.266863828541998,0.21999999999999997,-0.07692307692307669,10.08327076,1.7150111198425293,0,96.89395141601562
200.0,2.4670558108652085,-1.266863828541998,0.21999999999999997,-0.07692307692307669,10.08327076,1.7150111198425293,0,96.89395141601562
200.0,2.4670558108652085,-1.266863828541998,0.21999999999999997,-0.07692307692307669,10.08327076,1.7150111198425293,0,96.89395141601562
200.0,2.4725592243108094,-1.2665071156318017,0.21999999999999997,-0.07692307692307669,10.233936475,1.7150111198425293,0,96.89395141601562
200.0,2.4725592243108094,-1.2665071156318017,0.21999999999999997,-0.07692307692307669,10.233936475,1.7150111198425293,0,96.89395141601562
200.0,2.4725592243108094,-1.2665071156318017,0.21999999999999997,-0.07692307692307669,10.233936475,1.7150111198425293,0,96.89395141601562
200.0,2.4791899484629396,-1.2660955701561534,0.21999999999999997,-0.07692307692307669,10.174640895,1.7150111198425293,0,96.89395141601562
200.0,2.4791899484629396,-1.2660955701561534,0.21999999999999997,-0.07692307692307669,10.174640895,1.7150111198425293,0,96.89395141601562
200.0,2.4791899484629396,-1.2660955701561534,0.21999999999999997,-0.07692307692307669,10.174640895,1.7150111198425293,0,96.89395141601562
200.10000000000002,2.4791899484629396,-1.2660955701561534,0.21999999999999997,-0.07692307692307669,10.174640895,1.7150111198425293,0,96.89395141601562
200.10000000000002,2.4791899484629396,-1.2660955701561534,0.20842105263157892,-0.02564102564102541,10.174640895,1.7150111198425293,0,96.89395141601562
200.10000000000002,2.4866587185317544,-1.2656569597270635,0.20842105263157892,-0.02564102564102541,9.870958615,1.7150111198425293,0,96.89395141601562
200.10000000000002,2.4866587185317544,-1.2656569597270635,0.20842105263157892,-0.02564102564102541,9.870958615,1.7150111198425293,0,96.89395141601562
200.10000000000002,2.4866587185317544,-1.2656569597270635,0.20842105263157892,-0.02564102564102541,9.870958615,1.7150111198425293,0,96.89395141601562
200.10000000000002,2.493733745247567,-1.2652604282036561,0.20842105263157892,-0.02564102564102541,9.870958615,1.7150111198425293,0,96.89395141601562
200.10000000000002,2.493733745247567,-1.2652604282036561,0.20842105263157892,-0.02564102564102541,9.382171717,1.6650111675262451,0,96.89395141601562
200.10000000000002,2.493733745247567,-1.2652604282036561,0.20842105263157892,-0.02564102564102541,9.382171717,1.6650111675262451,0,96.89395141601562
200.10000000000002,2.493733745247567,-1.2652604282036561,0.20842105263157892,-0.02564102564102541,9.382171717,1.6650111675262451,0,96.89395141601562
200.10000000000002,2.5008076029052786,-1.2648662061078904,0.20842105263157892,-0.02564102564102541,9.116778173,1.6650111675262451,0,96.89395141601562
200.10000000000002,2.5008076029052786,-1.2648662061078904,0.20842105263157892,-0.02564102564102541,9.116778173,1.6650111675262451,0,96.89395141601562
200.20000000000002,2.5008076029052786,-1.2648662061078904,0.19684210526315787,-0.02564102564102541,9.116778173,1.6650111675262451,0,96.89395141601562
200.20000000000002,2.5008076029052786,-1.2648662061078904,0.19684210526315787,-0.02564102564102541,9.116778173,1.6650111675262451,0,96.89395141601562
200.20000000000002,2.507883619466824,-1.2644722791518568,0.19684210526315787,-0.02564102564102541,8.872288476,1.6650111675262451,0,96.89395141601562
200.20000000000002,2.507883619466824,-1.2644722791518568,0.19684210526315787,-0.02564102564102541,8.872288476,1.6650111675262451,0,96.89395141601562
200.20000000000002,2.507883619466824,-1.2644722791518568,0.19684210526315787,-0.02564102564102541,8.872288476,1.6650111675262451,0,96.89395141601562
200.20000000000002,2.507883619466824,-1.2644722791518568,0.19684210526315787,-0.02564102564102541,8.872288476,1.6650111675262451,0,96.89395141601562
200.20000000000002,2.514570405847608,-1.2641092242082168,0.19684210526315787,-0.02564102564102541,8.695716554,1.6650111675262451,0,96.89395141601562
200.20000000000002,2.514570405847608,-1.2641092242082168,0.19684210526315787,-0.02564102564102541,8.695716554,1.6650111675262451,0,96.89395141601562
200.20000000000002,2.514570405847608,-1.2641092242082168,0.19684210526315787,-0.02564102564102541,8.695716554,1.6650111675262451,0,96.89395141601562
200.20000000000002,2.514570405847608,-1.2641092242082168,0.19684210526315787,-0.02564102564102541,8.695716554,1.6650111675262451,0,96.89395141601562
200.20000000000002,2.5212567886664283,-1.2637541641038346,0.20842105263157892,-0.02564102564102541,8.695716554,1.6650111675262451,0,96.89395141601562
200.20000000000002,2.5212567886664283,-1.2637541641038346,0.20842105263157892,-0.02564102564102541,8.523225728,1.6650111675262451,0,96.89395141601562
200.3,2.5212567886664283,-1.2637541641038346,0.20842105263157892,-0.02564102564102541,8.523225728,1.6650111675262451,0,96.89395141601562
200.3,2.5212567886664283,-1.2637541641038346,0.20842105263157892,-0.02564102564102541,8.523225728,1.6650111675262451,0,96.89395141601562
200.3,2.5212567886664283,-1.2637541641038346,0.20842105263157892,-0.02564102564102541,8.523225728,1.6650111675262451,0,96.89395141601562
200.3,2.5283365818865793,-1.2633819227405687,0.20842105263157892,-0.02564102564102541,8.308814553,1.6650111675262451,0,96.89395141601562
200.3,2.5283365818865793,-1.2633819227405687,0.20842105263157892,-0.02564102564102541,8.308814553,1.6650111675262451,0,96.89395141601562
200.3,2.5283365818865793,-1.2633819227405687,0.20842105263157892,-0.02564102564102541,8.308814553,1.6650111675262451,0,96.89395141601562
200.3,2.5283365818865793,-1.2633819227405687,0.20842105263157892,-0.02564102564102541,8.308814553,1.6650111675262451,0,96.89395141601562
200.3,2.53541812346385,-1.2630151156540883,0.20842105263157892,-0.02564102564102541,8.266279860000001,1.698854684829712,0,96.89395141601562
200.3,2.53541812346385,-1.2630151156540883,0.20842105263157892,-0.07692307692307669,8.266279860000001,1.698854684829712,0,96.89395141601562
200.3,2.53541812346385,-1.2630151156540883,0.20842105263157892,-0.07692307692307669,8.266279860000001,1.698854684829712,0,96.89395141601562
200.3,2.53541812346385,-1.2630151156540883,0.20842105263157892,-0.07692307692307669,8.266279860000001,1.698854684829712,0,96.89395141601562
200.3,2.5425005844352087,-1.262656055685481,0.20842105263157892,-0.07692307692307669,7.965278045,1.6488546133041382,0,96.89395141601562
200.4,2.5425005844352087,-1.262656055685481,0.20842105263157892,-0.07692307692307669,7.965278045,1.6488546133041382,0,96.89395141601562
200.4,2.5425005844352087,-1.262656055685481,0.20842105263157892,-0.07692307692307669,7.965278045,1.6488546133041382,0,96.89395141601562
200.4,2.5425005844352087,-1.262656055685481,0.20842105263157892,-0.07692307692307669,7.965278045,1.6488546133041382,0,96.89395141601562
200.4,2.5495853127116055,-1.2623052200229459,0.20842105263157892,-0.07692307692307669,8.01417779,1.6488546133041382,0,96.89395141601562
200.4,2.5495853127116055,-1.2623052200229459,0.20842105263157892,-0.07692307692307669,8.01417779,1.6488546133041382,0,96.89395141601562
200.4,2.5495853127116055,-1.2623052200229459,0.20842105263157892,-0.07692307692307669,8.01417779,1.6488546133041382,0,96.89395141601562
200.4,2.5495853127116055,-1.2623052200229459,0.20842105263157892,-0.07692307692307669,8.01417779,1.6488546133041382,0,96.89395141601562
200.4,2.5495853127116055,-1.2623052200229459,0.20842105263157892,-0.07692307692307669,8.01417779,1.6488546133041382,0,96.89395141601562
200.4,2.556672423500004,-1.2619729584422266,0.20842105263157892,-0.07692307692307669,8.012275433,1.6488546133041382,0,96.89395141601562
200.4,2.556672423500004,-1.2619729584422266,0.20842105263157892,-0.07692307692307669,8.012275433,1.6488546133041382,0,96.89395141601562
200.4,2.556672423500004,-1.2619729584422266,0.20842105263157892,-0.07692307692307669,8.012275433,1.6488546133041382,0,96.89395141601562
200.4,2.556672423500004,-1.2619729584422266,0.16210526315789472,-0.17948717948717924,8.012275433,1.6488546133041382,0,96.89395141601562
200.4,2.5637592977782835,-1.2616646370962843,0.16210526315789472,-0.17948717948717924,8.012275433,1.6488546133041382,0,96.89395141601562
200.4,2.5637592977782835,-1.2616646370962843,0.16210526315789472,-0.17948717948717924,8.012275433,1.6488546133041382,0,96.89395141601562
200.5,2.5637592977782835,-1.2616646370962843,0.16210526315789472,-0.17948717948717924,8.009321417,1.6488546133041382,0,96.89395141601562
200.5,2.5637592977782835,-1.2616646370962843,0.21999999999999997,-0.019487179487179235,8.009321417,1.6488546133041382,0,96.79159545898438
200.5,2.5637592977782835,-1.2616646370962843,0.21999999999999997,-0.019487179487179235,8.009321417,1.6488546133041382,0,96.79159545898438
200.5,2.5637592977782835,-1.2616646370962843,0.21999999999999997,-0.019487179487179235,8.009321417,1.6488546133041382,0,96.79159545898438
200.5,2.5637592977782835,-1.2616646370962843,0.21999999999999997,-0.019487179487179235,8.009321417,1.6488546133041382,0,96.79159545898438
200.5,2.5637592977782835,-1.2616646370962843,0.21999999999999997,-0.019487179487179235,8.009321417,1.6488546133041382,0,96.79159545898438
200.5,2.56969010408815,-1.2614192388727372,0.21999999999999997,-0.019487179487179235,8.157254553,1.6488546133041382,0,96.79159545898438
200.5,2.56969010408815,-1.2614192388727372,0.21999999999999997,0.07692307692307715,8.157254553,1.6488546133041382,0,96.79159545898438
200.5,2.56969010408815,-1.2614192388727372,0.21999999999999997,0.07692307692307715,8.157254553,1.6488546133041382,0,96.79159545898438
200.5,2.56969010408815,-1.2614192388727372,0.21999999999999997,0.07692307692307715,8.157254553,1.6488546133041382,0,96.79159545898438
200.5,2.5757124983693744,-1.262118623414573,0.21999999999999997,0.07692307692307715,8.107018402,1.6488546133041382,0,96.79159545898438
200.5,2.5757124983693744,-1.262118623414573,0.21999999999999997,0.07692307692307715,8.107018402,1.6488546133041382,0,96.79159545898438
200.5,2.5757124983693744,-1.262118623414573,0.20842105263157892,0.07692307692307715,8.107018402,1.6488546133041382,0,96.79159545898438
200.5,2.5757124983693744,-1.262118623414573,0.20842105263157892,0.07692307692307715,8.107018402,1.6488546133041382,0,96.79159545898438
200.60000000000002,2.580931656840289,-1.2639241755137265,0.20842105263157892,0.07692307692307715,8.009294521,1.6488546133041382,0,96.79159545898438
200.60000000000002,2.580931656840289,-1.2639241755137265,0.20842105263157892,0.07692307692307715,8.009294521,1.6488546133041382,0,96.79159545898438
200.60000000000002,2.580931656840289,-1.2639241755137265,0.20842105263157892,0.07692307692307715,8.009294521,1.6488546133041382,0,96.79159545898438
200.60000000000002,2.580931656840289,-1.2639241755137265,0.20842105263157892,0.07692307692307715,8.009294521,1.6488546133041382,0,96.79159545898438
200.60000000000002,2.580931656840289,-1.2639241755137265,0.20842105263157892,0.07692307692307715,8.009294521,1.6488546133041382,0,96.79159545898438
200.60000000000002,2.58575424419557,-1.2657424283344576,0.20842105263157892,0.07692307692307715,8.009294521,1.6488546133041382,0,96.79159545898438
200.60000000000002,2.58575424419557,-1.2657424283344576,0.20842105263157892,0.07692307692307715,8.009889944,1.6488546133041382,0,96.79159545898438
200.60000000000002,2.58575424419557,-1.2657424283344576,0.20842105263157892,0.07692307692307715,8.009889944,1.6488546133041382,0,96.79159545898438
200.60000000000002,2.58575424419557,-1.2657424283344576,0.19684210526315787,0.07692307692307715,8.009889944,1.6488546133041382,0,96.79159545898438
200.60000000000002,2.590574846956362,-1.2675466165252176,0.19684210526315787,0.07692307692307715,8.010533255,1.6488546133041382,0,96.79159545898438
200.60000000000002,2.590574846956362,-1.2675466165252176,0.19684210526315787,0.07692307692307715,8.010533255,1.6488546133041382,0,96.79159545898438
200.60000000000002,2.590574846956362,-1.2675466165252176,0.19684210526315787,0.07692307692307715,8.010533255,1.6488546133041382,0,96.79159545898438
200.60000000000002,2.590574846956362,-1.2675466165252176,0.19684210526315787,0.07692307692307715,8.010533255,1.6488546133041382,0,96.79159545898438
200.60000000000002,2.590574846956362,-1.2675466165252176,0.19684210526315787,0.07692307692307715,8.010533255,1.6488546133041382,0,96.79159545898438
200.70000000000002,2.5950042680341046,-1.2693645985319364,0.19684210526315787,0.07692307692307715,7.817438099,1.598854660987854,0,96.79159545898438
200.70000000000002,2.5950042680341046,-1.2693645985319364,0.19684210526315787,0.07692307692307715,7.817438099,1.598854660987854,0,96.79159545898438
200.70000000000002,2.5950042680341046,-1.2693645985319364,0.19684210526315787,0.07692307692307715,7.817438099,1.598854660987854,0,96.79159545898438
200.70000000000002,2.5950042680341046,-1.2693645985319364,0.19684210526315787,0.07692307692307715,7.817438099,1.598854660987854,0,96.79159545898438
200.70000000000002,2.5950042680341046,-1.2693645985319364,0.21999999999999997,-0.0769230769230767,7.817438099,1.598854660987854,0,96.79159545898438
200.70000000000002,2.5950042680341046,-1.2693645985319364,0.21999999999999997,-0.0769230769230767,7.817438099,1.598854660987854,0,96.79159545898438
200.70000000000002,2.5994318445843483,-1.2711824118254507,0.21999999999999997,-0.0769230769230767,7.867311394,1.598854660987854,0,96.79159545898438
200.70000000000002,2.5994318445843483,-1.2711824118254507,0.21999999999999997,-0.0769230769230767,7.867311394,1.598854660987854,0,96.79159545898438
200.70000000000002,2.5994318445843483,-1.2711824118254507,0.21999999999999997,-0.0769230769230767,7.867311394,1.598854660987854,0,96.79159545898438
200.70000000000002,2.5994318445843483,-1.2711824118254507,0.21999999999999997,-0.0769230769230767,7.867311394,1.598854660987854,0,96.79159545898438
200.70000000000002,2.5994318445843483,-1.2711824118254507,0.21999999999999997,-0.07692307692307669,7.867311394,1.598854660987854,0,96.79159545898438
200.70000000000002,2.605950657063799,-1.2717065339989562,0.21999999999999997,-0.07692307692307669,7.867311394,1.598854660987854,0,96.79159545898438
200.70000000000002,2.605950657063799,-1.2717065339989562,0.21999999999999997,-0.07692307692307669,7.823859061,1.598854660987854,0,96.79159545898438
200.70000000000002,2.605950657063799,-1.2717065339989562,0.21999999999999997,-0.07692307692307669,7.823859061,1.598854660987854,0,96.79159545898438
200.8,2.6134279263186517,-1.2713704250329692,0.21999999999999997,0.07692307692307716,7.776603103,1.598854660987854,0,96.79159545898438
200.8,2.6134279263186517,-1.2713704250329692,0.21999999999999997,0.07692307692307716,7.776603103,1.598854660987854,0,96.79159545898438
200.8,2.6134279263186517,-1.2713704250329692,0.21999999999999997,0.07692307692307716,7.776603103,1.598854660987854,0,96.79159545898438
200.8,2.620906682230891,-1.2710701960740503,0.21999999999999997,0.07692307692307716,7.590417444,1.598854660987854,0,96.79159545898438
200.8,2.620906682230891,-1.2710701960740503,0.21999999999999997,0.07692307692307715,7.590417444,1.598854660987854,0,96.79159545898438
200.8,2.620906682230891,-1.2710701960740503,0.21999999999999997,0.07692307692307715,7.590417444,1.598854660987854,0,96.79159545898438
200.8,2.620906682230891,-1.2710701960740503,0.21999999999999997,0.07692307692307715,7.590417444,1.598854660987854,0,96.79159545898438
200.8,2.628352899246342,-1.2707803398878854,0.21999999999999997,0.07692307692307715,7.590417444,1.598854660987854,0,96.79159545898438
200.8,2.628352899246342,-1.2707803398878854,0.21999999999999997,0.07692307692307715,7.547788752,1.598854660987854,0,96.79159545898438
200.8,2.628352899246342,-1.2707803398878854,0.21999999999999997,0.07692307692307715,7.547788752,1.598854660987854,0,96.79159545898438
200.8,2.628352899246342,-1.2707803398878854,0.19684210526315787,0.07692307692307715,7.547788752,1.598854660987854,0,96.79159545898438
200.8,2.628352899246342,-1.2707803398878854,0.19684210526315787,0.07692307692307715,7.547788752,1.598854660987854,0,96.79159545898438
200.9,2.635817915579576,-1.27045580735806,0.19684210526315787,0.07692307692307715,7.547788752,1.598854660987854,0,96.79159545898438
200.9,2.635817915579576,-1.27045580735806,0.19684210526315787,0.07692307692307715,7.5476685,1.598854660987854,0,96.79159545898438
200.9,2.635817915579576,-1.27045580735806,0.19684210526315787,0.07692307692307715,7.5476685,1.598854660987854,0,96.79159545898438
200.9,2.635817915579576,-1.27045580735806,0.19684210526315787,0.07692307692307715,7.5476685,1.598854660987854,0,96.79159545898438
200.9,2.642478483198876,-1.270136888292735,0.19684210526315787,0.07692307692307715,7.5476685,1.598854660987854,0,96.79159545898438
200.9,2.642478483198876,-1.270136888292735,0.19684210526315787,0.07692307692307715,7.35836543,1.5488545894622803,0,96.79159545898438
200.9,2.642478483198876,-1.270136888292735,0.19684210526315787,0.07692307692307715,7.35836543,1.5488545894622803,0,96.79159545898438
200.9,2.642478483198876,-1.270136888292735,0.19684210526315787,0.07692307692307715,7.35836543,1.5488545894622803,0,96.79159545898438
200.9,2.642478483198876,-1.270136888292735,0.19684210526315787,0.07692307692307715,7.35836543,1.5488545894622803,0,96.79159545898438
200.9,2.642478483198876,-1.270136888292735,0.19684210526315787,0.07692307692307715,7.35836543,1.5488545894622803,0,96.79159545898438
200.9,2.649163042087167,-1.2698070274666369,0.19684210526315787,0.07692307692307715,7.35836543,1.5488545894622803,0,96.79159545898438
200.9,2.649163042087167,-1.2698070274666369,0.19684210526315787,0.07692307692307715,7.40031935,1.5488545894622803,0,96.79159545898438
200.9,2.649163042087167,-1.2698070274666369,0.19684210526315787,0.07692307692307715,7.40031935,1.5488545894622803,0,96.79159545898438
200.9,2.649163042087167,-1.2698070274666369,0.19684210526315787,0.07692307692307715,7.40031935,1.5488545894622803,0,96.79159545898438
200.9,2.649163042087167,-1.2698070274666369,0.19684210526315787,0.07692307692307715,7.40031935,1.5488545894622803,0,96.79159545898438
201.0,2.65584513966931,-1.2694631748636127,0.19684210526315787,0.07692307692307715,7.400572048,1.5488545894622803,0,96.70580291748047
201.0,2.65584513966931,-1.2694631748636127,0.19684210526315787,0.07692307692307715,7.400572048,1.5488545894622803,0,96.70580291748047
201.0,2.65584513966931,-1.2694631748636127,0.21999999999999997,0.17948717948717968,7.400572048,1.5488545894622803,0,96.70580291748047
201.0,2.65584513966931,-1.2694631748636127,0.21999999999999997,0.17948717948717968,7.400572048,1.5488545894622803,0,96.70580291748047
201.0,2.6625256789795806,-1.269096640706644,0.21999999999999997,0.17948717948717968,7.39892457,1.5488545894622803,0,96.70580291748047
201.0,2.6625256789795806,-1.269096640706644,0.21999999999999997,0.17948717948717968,7.39892457,1.5488545894622803,0,96.70580291748047
201.0,2.6625256789795806,-1.269096640706644,0.21999999999999997,0.17948717948717968,7.39892457,1.5488545894622803,0,96.70580291748047
201.0,2.6625256789795806,-1.269096640706644,0.21999999999999997,0.17948717948717968,7.39892457,1.5488545894622803,0,96.70580291748047
201.0,2.6699612793635072,-1.2686640514471366,0.21999999999999997,0.17948717948717968,7.39689081,1.5488545894622803,0,96.70580291748047
201.0,2.6699612793635072,-1.2686640514471366,0.21999999999999997,0.17948717948717968,7.39689081,1.5488545894622803,0,96.70580291748047
201.0,2.6699612793635072,-1.2686640514471366,0.21999999999999997,0.17948717948717968,7.39689081,1.5488545894622803,0,96.70580291748047
201.0,2.6699612793635072,-1.2686640514471366,0.21999999999999997,0.17948717948717968,7.39689081,1.5488545894622803,0,96.70580291748047
201.10000000000002,2.677412468957073,-1.2681839653218148,0.20842105263157892,0.17948717948717968,7.398178485,1.5488545894622803,0,96.70580291748047
201.10000000000002,2.677412468957073,-1.2681839653218148,0.20842105263157892,0.17948717948717968,7.398178485,1.5488545894622803,0,96.70580291748047
201.10000000000002,2.677412468957073,-1.2681839653218148,0.20842105263157892,0.17948717948717968,7.504314008,1.5710747241973877,0,96.70580291748047
201.10000000000002,2.677412468957073,-1.2681839653218148,0.20842105263157892,0.17948717948717968,7.504314008,1.5710747241973877,0,96.70580291748047
201.10000000000002,2.677412468957073,-1.2681839653218148,0.20842105263157892,0.17948717948717968,7.504314008,1.5710747241973877,0,96.70580291748047
201.10000000000002,2.6848602740779164,-1.267646908124957,0.20842105263157892,0.17948717948717968,7.505726148,1.5710747241973877,0,96.70580291748047
201.10000000000002,2.6848602740779164,-1.267646908124957,0.20842105263157892,0.17948717948717968,7.505726148,1.5710747241973877,0,96.70580291748047
201.10000000000002,2.6848602740779164,-1.267646908124957,0.20842105263157892,0.17948717948717968,7.505726148,1.5710747241973877,0,96.70580291748047
201.10000000000002,2.6848602740779164,-1.267646908124957,0.20842105263157892,0.17948717948717968,7.505726148,1.5710747241973877,0,96.70580291748047
201.10000000000002,2.6848602740779164,-1.267646908124957,0.20842105263157892,0.17948717948717968,7.505726148,1.5710747241973877,0,96.70580291748047
201.10000000000002,2.6848602740779164,-1.267646908124957,0.20842105263157892,0.17948717948717968,7.505726148,1.5710747241973877,0,96.70580291748047
201.10000000000002,2.6918906871928754,-1.2670997582153416,0.20842105263157892,0.17948717948717968,7.505726148,1.5710747241973877,0,96.70580291748047
201.10000000000002,2.6918906871928754,-1.2670997582153416,0.19684210526315787,0.17948717948717968,7.552292432,1.5710747241973877,0,96.70580291748047
201.10000000000002,2.6918906871928754,-1.2670997582153416,0.19684210526315787,0.17948717948717968,7.552292432,1.5710747241973877,0,96.70580291748047
201.10000000000002,2.6918906871928754,-1.2670997582153416,0.19684210526315787,0.17948717948717968,7.552292432,1.5710747241973877,0,96.70580291748047
201.10000000000002,2.6918906871928754,-1.2670997582153416,0.19684210526315787,0.17948717948717968,7.552292432,1.5710747241973877,0,96.70580291748047
201.20000000000002,2.6918906871928754,-1.2670997582153416,0.19684210526315787,0.17948717948717968,7.552292432,1.5710747241973877,0,96.70580291748047
201.20000000000002,2.69854743299147,-1.2665447946905835,0.19684210526315787,0.17948717948717968,7.400508667,1.5210747718811035,0,96.70580291748047
201.20000000000002,2.69854743299147,-1.2665447946905835,0.19684210526315787,0.17948717948717968,7.400508667,1.5210747718811035,0,96.70580291748047
201.20000000000002,2.69854743299147,-1.2665447946905835,0.19684210526315787,0.17948717948717968,7.400508667,1.5210747718811035,0,96.70580291748047
201.20000000000002,2.69854743299147,-1.2665447946905835,0.19684210526315787,0.17948717948717968,7.400508667,1.5210747718811035,0,96.70580291748047
201.20000000000002,2.7051991348597393,-1.265945657003027,0.21999999999999997,0.17948717948717968,7.398791149,1.5210747718811035,0,96.70580291748047
201.20000000000002,2.7051991348597393,-1.265945657003027,0.21999999999999997,0.17948717948717968,7.398791149,1.5210747718811035,0,96.70580291748047
201.20000000000002,2.711847703938436,-1.2653045118015918,0.21999999999999997,0.17948717948717968,7.398791149,1.5210747718811035,0,96.70580291748047
201.20000000000002,2.711847703938436,-1.2653045118015918,0.21999999999999997,0.17948717948717968,7.401088738,1.5210747718811035,0,96.70580291748047
201.20000000000002,2.711847703938436,-1.2653045118015918,0.21999999999999997,0.17948717948717968,7.401088738,1.5210747718811035,0,96.70580291748047
201.20000000000002,2.711847703938436,-1.2653045118015918,0.21999999999999997,0.17948717948717968,7.401088738,1.5210747718811035,0,96.70580291748047
201.20000000000002,2.711847703938436,-1.2653045118015918,0.21999999999999997,0.17948717948717968,7.401088738,1.5210747718811035,0,96.70580291748047
201.3,2.711847703938436,-1.2653045118015918,0.21999999999999997,0.17948717948717968,7.401088738,1.5210747718811035,0,96.70580291748047
201.3,2.7192733021729514,-1.2645451478492122,0.21999999999999997,0.17948717948717968,7.401088738,1.5210747718811035,0,96.70580291748047
201.3,2.7192733021729514,-1.2645451478492122,0.21999999999999997,0.17948717948717968,7.310068289,1.5210747718811035,0,96.70580291748047
201.3,2.7192733021729514,-1.2645451478492122,0.21999999999999997,0.17948717948717968,7.310068289,1.5210747718811035,0,96.70580291748047
201.3,2.7192733021729514,-1.2645451478492122,0.21999999999999997,0.17948717948717968,7.310068289,1.5210747718811035,0,96.70580291748047
201.3,2.7192733021729514,-1.2645451478492122,0.21999999999999997,0.17948717948717968,7.310068289,1.5210747718811035,0,96.70580291748047
201.3,2.7192733021729514,-1.2645451478492122,0.21999999999999997,0.17948717948717968,7.310068289,1.5210747718811035,0,96.70580291748047
201.3,2.7266946807312498,-1.263740360169925,0.21999999999999997,0.17948717948717968,7.310068289,1.5210747718811035,0,96.70580291748047
201.3,2.7266946807312498,-1.263740360169925,0.21999999999999997,0.23076923076923095,7.224851577,1.5210747718811035,0,96.70580291748047
201.3,2.7266946807312498,-1.263740360169925,0.21999999999999997,0.23076923076923095,7.224851577,1.5210747718811035,0,96.70580291748047
201.3,2.7266946807312498,-1.263740360169925,0.21999999999999997,0.23076923076923095,7.224851577,1.5210747718811035,0,96.70580291748047
201.3,2.7266946807312498,-1.263740360169925,0.21999999999999997,0.23076923076923095,7.224851577,1.5210747718811035,0,96.70580291748047
201.3,2.734111825100751,-1.2628885543317219,0.21999999999999997,0.23076923076923095,7.224851577,1.5210747718811035,0,96.70580291748047
201.3,2.734111825100751,-1.2628885543317219,0.21999999999999997,0.23076923076923095,7.224851577,1.5210747718811035,0,96.70580291748047
201.3,2.734111825100751,-1.2628885543317219,0.21999999999999997,0.23076923076923095,7.2244272,1.5210747718811035,0,96.70580291748047
201.3,2.734111825100751,-1.2628885543317219,0.21999999999999997,0.23076923076923095,7.2244272,1.5210747718811035,0,96.70580291748047
201.3,2.734111825100751,-1.2628885543317219,0.21999999999999997,0.23076923076923095,7.2244272,1.5210747718811035,0,96.70580291748047
201.3,2.734111825100751,-1.2628885543317219,0.21999999999999997,0.23076923076923095,7.2244272,1.5210747718811035,0,96.70580291748047
201.3,2.734111825100751,-1.2628885543317219,0.20842105263157892,0.23076923076923095,7.2244272,1.5210747718811035,0,96.70580291748047
201.4,2.734111825100751,-1.2628885543317219,0.20842105263157892,0.23076923076923095,7.2244272,1.5210747718811035,0,96.70580291748047
201.4,2.7415226380275746,-1.261990128991312,0.20842105263157892,0.23076923076923095,7.2244272,1.5210747718811035,0,96.70580291748047
201.4,2.7415226380275746,-1.261990128991312,0.20842105263157892,0.23076923076923095,7.2244272,1.5210747718811035,0,96.70580291748047
201.4,2.7415226380275746,-1.261990128991312,0.20842105263157892,0.23076923076923095,7.2244272,1.5210747718811035,0,96.70580291748047
201.4,2.7415226380275746,-1.261990128991312,0.20842105263157892,0.23076923076923095,7.225069077,1.5210747718811035,0,96.70580291748047
201.4,2.7415226380275746,-1.261990128991312,0.20842105263157892,0.23076923076923095,7.225069077,1.5210747718811035,0,96.70580291748047
201.4,2.7415226380275746,-1.261990128991312,0.20842105263157892,0.23076923076923095,7.225069077,1.5210747718811035,0,96.70580291748047
201.4,2.7415226380275746,-1.261990128991312,0.20842105263157892,0.23076923076923095,7.225069077,1.5210747718811035,0,96.70580291748047
201.4,2.748536756277581,-1.2610857968007603,0.20842105263157892,0.23076923076923095,7.268677618,1.5210747718811035,0,96.70580291748047
201.4,2.748536756277581,-1.2610857968007603,0.20842105263157892,0.23076923076923095,7.029745323,1.4710748195648193,0,96.70580291748047
201.4,2.748536756277581,-1.2610857968007603,0.20842105263157892,0.23076923076923095,7.029745323,1.4710748195648193,0,96.70580291748047
201.4,2.755546762430243,-1.2601308962384326,0.20842105263157892,0.23076923076923095,7.029745323,1.4710748195648193,0,96.70580291748047
201.4,2.755546762430243,-1.2601308962384326,0.20842105263157892,0.23076923076923095,7.027190316,1.4710748195648193,0,96.70580291748047
201.4,2.755546762430243,-1.2601308962384326,0.20842105263157892,0.23076923076923095,7.027190316,1.4710748195648193,0,96.70580291748047
201.4,2.755546762430243,-1.2601308962384326,0.20842105263157892,0.23076923076923095,7.027190316,1.4710748195648193,0,96.70580291748047
201.4,2.755546762430243,-1.2601308962384326,0.20842105263157892,0.23076923076923095,7.027190316,1.4710748195648193,0,96.70580291748047
201.5,2.755546762430243,-1.2601308962384326,0.21999999999999997,0.17948717948717968,7.027190316,1.4710748195648193,0,96.70580291748047
201.5,2.7625486361412532,-1.2591262997108612,0.21999999999999997,0.17948717948717968,7.027190316,1.4710748195648193,0,96.5989761352539
201.5,2.7625486361412532,-1.2591262997108612,0.21999999999999997,0.17948717948717968,7.027190316,1.4710748195648193,0,96.5989761352539
201.5,2.7625486361412532,-1.2591262997108612,0.21999999999999997,0.17948717948717968,6.986442255,1.4710748195648193,0,96.5989761352539
201.5,2.7625486361412532,-1.2591262997108612,0.21999999999999997,0.17948717948717968,6.986442255,1.4710748195648193,0,96.5989761352539
201.5,2.7625486361412532,-1.2591262997108612,0.21999999999999997,0.17948717948717968,6.986442255,1.4710748195648193,0,96.5989761352539
201.5,2.769933223392594,-1.2580079349920037,0.21999999999999997,0.17948717948717968,6.986442255,1.4710748195648193,0,96.5989761352539
201.5,2.769933223392594,-1.2580079349920037,0.21999999999999997,0.17948717948717968,6.986442255,1.4710748195648193,0,96.5989761352539
201.5,2.769933223392594,-1.2580079349920037,0.21999999999999997,0.17948717948717968,6.900889086,1.4710748195648193,0,96.5989761352539
201.5,2.769933223392594,-1.2580079349920037,0.21999999999999997,0.17948717948717968,6.900889086,1.4710748195648193,0,96.5989761352539
201.5,2.769933223392594,-1.2580079349920037,0.21999999999999997,0.17948717948717968,6.900889086,1.4710748195648193,0,96.5989761352539
201.5,2.769933223392594,-1.2580079349920037,0.21999999999999997,0.17948717948717968,6.900889086,1.4710748195648193,0,96.5989761352539
201.5,2.769933223392594,-1.2580079349920037,0.21999999999999997,0.17948717948717968,6.900889086,1.4710748195648193,0,96.5989761352539
201.5,2.7773186841008815,-1.256853254747771,0.21999999999999997,0.17948717948717968,6.900889086,1.4710748195648193,0,96.5989761352539
201.5,2.7773186841008815,-1.256853254747771,0.21999999999999997,0.17948717948717968,6.820356451,1.4710748195648193,0,96.5989761352539
201.5,2.7773186841008815,-1.256853254747771,0.21999999999999997,0.17948717948717968,6.820356451,1.4710748195648193,0,96.5989761352539
201.5,2.7773186841008815,-1.256853254747771,0.21999999999999997,0.17948717948717968,6.820356451,1.4710748195648193,0,96.5989761352539
201.5,2.7773186841008815,-1.256853254747771,0.21999999999999997,0.17948717948717968,6.820356451,1.4710748195648193,0,96.5989761352539
201.5,2.7773186841008815,-1.256853254747771,0.21999999999999997,0.17948717948717968,6.820356451,1.4710748195648193,0,96.5989761352539
201.60000000000002,2.7773186841008815,-1.256853254747771,0.21999999999999997,0.17948717948717968,6.820356451,1.4710748195648193,0,96.5989761352539
201.60000000000002,2.784694271819375,-1.2556658302409858,0.20842105263157892,0.17948717948717968,6.820618293,1.4710748195648193,0,96.5989761352539
201.60000000000002,2.784694271819375,-1.2556658302409858,0.20842105263157892,0.17948717948717968,6.820618293,1.4710748195648193,0,96.5989761352539
201.60000000000002,2.784694271819375,-1.2556658302409858,0.20842105263157892,0.17948717948717968,6.820618293,1.4710748195648193,0,96.5989761352539
201.60000000000002,2.784694271819375,-1.2556658302409858,0.20842105263157892,0.17948717948717968,6.820618293,1.4710748195648193,0,96.5989761352539
201.60000000000002,2.784694271819375,-1.2556658302409858,0.19684210526315787,0.17948717948717968,6.820618293,1.4710748195648193,0,96.5989761352539
201.60000000000002,2.7916725116943706,-1.2544931559069767,0.19684210526315787,0.17948717948717968,6.858717412,1.4710748195648193,0,96.5989761352539
201.60000000000002,2.7916725116943706,-1.2544931559069767,0.19684210526315787,0.17948717948717968,6.858717412,1.4710748195648193,0,96.5989761352539
201.60000000000002,2.7916725116943706,-1.2544931559069767,0.19684210526315787,0.17948717948717968,6.858717412,1.4710748195648193,0,96.5989761352539
201.60000000000002,2.7916725116943706,-1.2544931559069767,0.19684210526315787,0.17948717948717968,6.858717412,1.4710748195648193,0,96.5989761352539
201.60000000000002,2.7916725116943706,-1.2544931559069767,0.19684210526315787,0.17948717948717968,6.858717412,1.4710748195648193,0,96.5989761352539
201.60000000000002,2.7982609894199046,-1.253349977008166,0.19684210526315787,0.17948717948717968,6.704376878,1.4210747480392456,0,96.5989761352539
201.60000000000002,2.7982609894199046,-1.253349977008166,0.19684210526315787,0.17948717948717968,6.704376878,1.4210747480392456,0,96.5989761352539
201.70000000000002,2.7982609894199046,-1.253349977008166,0.19684210526315787,0.17948717948717968,6.704376878,1.4210747480392456,0,96.5989761352539
201.70000000000002,2.7982609894199046,-1.253349977008166,0.19684210526315787,0.17948717948717968,6.704376878,1.4210747480392456,0,96.5989761352539
201.70000000000002,2.7982609894199046,-1.253349977008166,0.19684210526315787,0.17948717948717968,6.704376878,1.4210747480392456,0,96.5989761352539
201.70000000000002,2.8048405442506823,-1.2521765580622557,0.19684210526315787,0.23076923076923095,6.785844051,1.4210747480392456,0,96.5989761352539
201.70000000000002,2.8048405442506823,-1.2521765580622557,0.19684210526315787,0.23076923076923095,6.785844051,1.4210747480392456,0,96.5989761352539
201.70000000000002,2.8048405442506823,-1.2521765580622557,0.19684210526315787,0.23076923076923095,6.785844051,1.4210747480392456,0,96.5989761352539
201.70000000000002,2.8048405442506823,-1.2521765580622557,0.19684210526315787,0.23076923076923095,6.585536258,1.379126787185669,0,96.5989761352539
201.70000000000002,2.8048405442506823,-1.2521765580622557,0.19684210526315787,0.23076923076923095,6.585536258,1.379126787185669,0,96.5989761352539
201.70000000000002,2.8048405442506823,-1.2521765580622557,0.19684210526315787,0.23076923076923095,6.585536258,1.379126787185669,0,96.5989761352539
201.70000000000002,2.81140798236786,-1.2509593702724195,0.19684210526315787,0.23076923076923095,6.626854351,1.379126787185669,0,96.5989761352539
201.70000000000002,2.81140798236786,-1.2509593702724195,0.19684210526315787,0.23076923076923095,6.626854351,1.379126787185669,0,96.5989761352539
201.70000000000002,2.81140798236786,-1.2509593702724195,0.19684210526315787,0.23076923076923095,6.626854351,1.379126787185669,0,96.5989761352539
201.70000000000002,2.81140798236786,-1.2509593702724195,0.19684210526315787,0.23076923076923095,6.626854351,1.379126787185669,0,96.5989761352539
201.70000000000002,2.81140798236786,-1.2509593702724195,0.21999999999999997,0.12820512820512842,6.626854351,1.379126787185669,0,96.5989761352539
201.70000000000002,2.8179665359834107,-1.2496965248816996,0.21999999999999997,0.12820512820512842,6.668873238,1.379126787185669,0,96.5989761352539
201.70000000000002,2.8179665359834107,-1.2496965248816996,0.21999999999999997,0.12820512820512842,6.668873238,1.379126787185669,0,96.5989761352539
201.8,2.8179665359834107,-1.2496965248816996,0.21999999999999997,0.12820512820512842,6.668873238,1.379126787185669,0,96.5989761352539
201.8,2.8179665359834107,-1.2496965248816996,0.21999999999999997,0.12820512820512842,6.668873238,1.379126787185669,0,96.5989761352539
201.8,2.8179665359834107,-1.2496965248816996,0.21999999999999997,0.12820512820512842,6.668873238,1.379126787185669,0,96.5989761352539
201.8,2.8252891634930073,-1.2482357895344809,0.21999999999999997,0.12820512820512842,6.627796824,1.379126787185669,0,96.5989761352539
201.8,2.8252891634930073,-1.2482357895344809,0.21999999999999997,0.12820512820512842,6.627796824,1.379126787185669,0,96.5989761352539
201.8,2.8252891634930073,-1.2482357895344809,0.21999999999999997,0.12820512820512842,6.627796824,1.379126787185669,0,96.5989761352539
201.8,2.8252891634930073,-1.2482357895344809,0.21999999999999997,0.12820512820512842,6.627796824,1.379126787185669,0,96.5989761352539
201.8,2.8326141934848748,-1.2467529106875481,0.21999999999999997,0.07692307692307715,6.629400646,1.379126787185669,0,96.5989761352539
201.8,2.8326141934848748,-1.2467529106875481,0.21999999999999997,0.07692307692307715,6.389052887,1.3291268348693848,0,96.5989761352539
201.8,2.8326141934848748,-1.2467529106875481,0.21999999999999997,0.07692307692307715,6.389052887,1.3291268348693848,0,96.5989761352539
201.8,2.8326141934848748,-1.2467529106875481,0.21999999999999997,0.07692307692307715,6.389052887,1.3291268348693848,0,96.5989761352539
201.8,2.8326141934848748,-1.2467529106875481,0.21999999999999997,0.07692307692307715,6.389052887,1.3291268348693848,0,96.5989761352539
201.8,2.8399326893568775,-1.245254830904819,0.21999999999999997,0.07692307692307715,6.389347922,1.3291268348693848,0,96.5989761352539
201.9,2.8399326893568775,-1.245254830904819,0.21999999999999997,0.07692307692307715,6.389347922,1.3291268348693848,0,96.5989761352539
201.9,2.8399326893568775,-1.245254830904819,0.21999999999999997,0.07692307692307715,6.389347922,1.3291268348693848,0,96.5989761352539
201.9,2.8399326893568775,-1.245254830904819,0.21999999999999997,0.07692307692307715,6.389347922,1.3291268348693848,0,96.5989761352539
201.9,2.847245636877526,-1.2437294776662138,0.21999999999999997,0.07692307692307715,6.389704675,1.3291268348693848,0,96.5989761352539
201.9,2.847245636877526,-1.2437294776662138,0.21999999999999997,0.07692307692307715,6.389704675,1.3291268348693848,0,96.5989761352539
201.9,2.847245636877526,-1.2437294776662138,0.21999999999999997,0.07692307692307715,6.389704675,1.3291268348693848,0,96.5989761352539
201.9,2.847245636877526,-1.2437294776662138,0.21999999999999997,0.07692307692307715,6.389704675,1.3291268348693848,0,96.5989761352539
201.9,2.8542023842981536,-1.2427329726462615,0.21999999999999997,0.07692307692307715,6.351482326,1.3291268348693848,0,96.5989761352539
201.9,2.8542023842981536,-1.2427329726462615,0.19684210526315787,0.07692307692307715,6.351482326,1.3291268348693848,0,96.5989761352539
201.9,2.859786506948344,-1.2438505053801823,0.19684210526315787,0.07692307692307715,6.351482326,1.3291268348693848,0,96.5989761352539
201.9,2.859786506948344,-1.2438505053801823,0.19684210526315787,0.07692307692307715,6.274612467,1.3291268348693848,0,96.5989761352539
201.9,2.859786506948344,-1.2438505053801823,0.19684210526315787,0.07692307692307715,6.274612467,1.3291268348693848,0,96.5989761352539
202.0,2.859786506948344,-1.2438505053801823,0.18526315789473682,0.07692307692307715,6.274612467,1.3291268348693848,0,96.5989761352539
202.0,2.859786506948344,-1.2438505053801823,0.18526315789473682,0.07692307692307715,6.274612467,1.3291268348693848,0,96.49347686767578
202.0,2.859786506948344,-1.2438505053801823,0.18526315789473682,0.07692307692307715,6.274612467,1.3291268348693848,0,96.49347686767578
202.0,2.8646009810682367,-1.2451293978614464,0.18526315789473682,0.07692307692307715,6.274612467,1.3291268348693848,0,96.49347686767578
202.0,2.8646009810682367,-1.2451293978614464,0.18526315789473682,0.07692307692307715,6.271645429,1.3291268348693848,0,96.49347686767578
202.0,2.8646009810682367,-1.2451293978614464,0.18526315789473682,0.07692307692307715,6.271645429,1.3291268348693848,0,96.49347686767578
202.0,2.8646009810682367,-1.2451293978614464,0.18526315789473682,0.07692307692307715,6.271645429,1.3291268348693848,0,96.49347686767578
202.0,2.8646009810682367,-1.2451293978614464,0.18526315789473682,0.07692307692307715,6.271645429,1.3291268348693848,0,96.49347686767578
202.0,2.8646009810682367,-1.2451293978614464,0.18526315789473682,0.07692307692307715,6.271645429,1.3291268348693848,0,96.49347686767578
202.0,2.8646009810682367,-1.2451293978614464,0.18526315789473682,0.07692307692307715,6.271645429,1.3291268348693848,0,96.49347686767578
202.0,2.8690297119807933,-1.2464870410801046,0.21999999999999997,0.17948717948717968,6.309191719,1.3291268348693848,0,96.49347686767578
202.0,2.8690297119807933,-1.2464870410801046,0.21999999999999997,0.17948717948717968,6.309191719,1.3291268348693848,0,96.49347686767578
202.0,2.8690297119807933,-1.2464870410801046,0.21999999999999997,0.17948717948717968,6.309191719,1.3291268348693848,0,96.49347686767578
202.0,2.8690297119807933,-1.2464870410801046,0.21999999999999997,0.17948717948717968,6.309191719,1.3291268348693848,0,96.49347686767578
202.0,2.873459080809596,-1.2478435268930586,0.21999999999999997,0.17948717948717968,6.344132022,1.3291268348693848,0,96.49347686767578
202.10000000000002,2.873459080809596,-1.2478435268930586,0.21999999999999997,0.17948717948717968,6.344132022,1.3291268348693848,0,96.49347686767578
202.10000000000002,2.873459080809596,-1.2478435268930586,0.21999999999999997,0.17948717948717968,6.344132022,1.3291268348693848,0,96.49347686767578
202.10000000000002,2.878886654814701,-1.2489797278912858,0.21999999999999997,0.17948717948717968,6.344132022,1.3291268348693848,0,96.49347686767578
202.10000000000002,2.878886654814701,-1.2489797278912858,0.21999999999999997,0.17948717948717968,6.358465004,1.3291268348693848,0,96.49347686767578
202.10000000000002,2.878886654814701,-1.2489797278912858,0.21999999999999997,0.17948717948717968,6.358465004,1.3291268348693848,0,96.49347686767578
202.10000000000002,2.878886654814701,-1.2489797278912858,0.21999999999999997,0.17948717948717968,6.358465004,1.3291268348693848,0,96.49347686767578
202.10000000000002,2.878886654814701,-1.2489797278912858,0.21999999999999997,0.17948717948717968,6.358465004,1.3291268348693848,0,96.49347686767578
202.10000000000002,2.8850126236768996,-1.2491916564715126,0.21999999999999997,0.17948717948717968,6.359506115,1.3291268348693848,0,96.49347686767578
202.10000000000002,2.8850126236768996,-1.2491916564715126,0.21999999999999997,0.17948717948717968,6.359506115,1.3291268348693848,0,96.49347686767578
202.10000000000002,2.8850126236768996,-1.2491916564715126,0.21999999999999997,0.17948717948717968,6.359506115,1.3291268348693848,0,96.49347686767578
202.10000000000002,2.8850126236768996,-1.2491916564715126,0.21999999999999997,0.17948717948717968,6.359506115,1.3291268348693848,0,96.49347686767578
202.10000000000002,2.8850126236768996,-1.2491916564715126,0.21999999999999997,0.17948717948717968,6.359506115,1.3291268348693848,0,96.49347686767578
202.10000000000002,2.8850126236768996,-1.2491916564715126,0.21999999999999997,0.17948717948717968,6.359506115,1.3291268348693848,0,96.49347686767578
202.10000000000002,2.8850126236768996,-1.2491916564715126,0.21999999999999997,0.17948717948717968,6.359506115,1.3291268348693848,0,96.49347686767578
202.10000000000002,2.8850126236768996,-1.2491916564715126,0.21999999999999997,0.17948717948717968,6.359506115,1.3291268348693848,0,96.49347686767578
202.10000000000002,2.8922928204302,-1.2475300655526218,0.20842105263157892,0.17948717948717968,6.119347508,1.279126763343811,0,96.49347686767578
202.20000000000002,2.8922928204302,-1.2475300655526218,0.20842105263157892,0.17948717948717968,6.119347508,1.279126763343811,0,96.49347686767578
202.20000000000002,2.8922928204302,-1.2475300655526218,0.20842105263157892,0.17948717948717968,6.119347508,1.279126763343811,0,96.49347686767578
202.20000000000002,2.8922928204302,-1.2475300655526218,0.20842105263157892,0.17948717948717968,6.119347508,1.279126763343811,0,96.49347686767578
202.20000000000002,2.8922928204302,-1.2475300655526218,0.20842105263157892,0.17948717948717968,6.119347508,1.279126763343811,0,96.49347686767578
202.20000000000002,2.8922928204302,-1.2475300655526218,0.20842105263157892,0.17948717948717968,6.119347508,1.279126763343811,0,96.49347686767578
202.20000000000002,2.8922928204302,-1.2475300655526218,0.20842105263157892,0.17948717948717968,6.119347508,1.279126763343811,0,96.49347686767578
202.20000000000002,2.8990350605272437,-1.2459468993123455,0.20842105263157892,0.17948717948717968,6.171214409,1.279126763343811,0,96.49347686767578
202.20000000000002,2.8990350605272437,-1.2459468993123455,0.20842105263157892,0.17948717948717968,6.171214409,1.279126763343811,0,96.49347686767578
202.20000000000002,2.8990350605272437,-1.2459468993123455,0.20842105263157892,0.17948717948717968,6.171214409,1.279126763343811,0,96.49347686767578
202.20000000000002,2.8990350605272437,-1.2459468993123455,0.20842105263157892,0.12820512820512842,6.171214409,1.279126763343811,0,96.49347686767578
202.20000000000002,2.8990350605272437,-1.2459468993123455,0.20842105263157892,0.12820512820512842,6.171214409,1.279126763343811,0,96.49347686767578
202.20000000000002,2.8990350605272437,-1.2459468993123455,0.20842105263157892,0.12820512820512842,6.171214409,1.279126763343811,0,96.49347686767578
202.20000000000002,2.9059211698411085,-1.244302649681944,0.20842105263157892,0.12820512820512842,6.209640684,1.279126763343811,0,96.49347686767578
202.20000000000002,2.9059211698411085,-1.244302649681944,0.20842105263157892,0.12820512820512842,6.209640684,1.279126763343811,0,96.49347686767578
202.20000000000002,2.912793883732923,-1.2426249707890176,0.20842105263157892,0.12820512820512842,6.209640684,1.279126763343811,0,96.49347686767578
202.3,2.912793883732923,-1.2426249707890176,0.20842105263157892,0.12820512820512842,6.248666473,1.279126763343811,0,96.49347686767578
202.3,2.912793883732923,-1.2426249707890176,0.20842105263157892,0.12820512820512842,6.248666473,1.279126763343811,0,96.49347686767578
202.3,2.9196591525583355,-1.240907728991343,0.21999999999999997,0.12820512820512842,6.211913595,1.279126763343811,0,96.49347686767578
202.3,2.9196591525583355,-1.240907728991343,0.21999999999999997,0.12820512820512842,6.211913595,1.279126763343811,0,96.49347686767578
202.3,2.9196591525583355,-1.240907728991343,0.21999999999999997,0.12820512820512842,6.211913595,1.279126763343811,0,96.49347686767578
202.3,2.9196591525583355,-1.240907728991343,0.21999999999999997,0.12820512820512842,6.211913595,1.279126763343811,0,96.49347686767578
202.3,2.9196591525583355,-1.240907728991343,0.21999999999999997,0.12820512820512842,6.211913595,1.279126763343811,0,96.49347686767578
202.3,2.9196591525583355,-1.240907728991343,0.21999999999999997,0.12820512820512842,6.211913595,1.279126763343811,0,96.49347686767578
202.3,2.9196591525583355,-1.240907728991343,0.21999999999999997,0.12820512820512842,6.211913595,1.279126763343811,0,96.49347686767578
202.3,2.9196591525583355,-1.240907728991343,0.21999999999999997,0.12820512820512842,6.211913595,1.279126763343811,0,96.49347686767578
202.3,2.9267529617507937,-1.2391054111694346,0.21999999999999997,0.12820512820512842,6.11222693,1.279126763343811,0,96.49347686767578
202.3,2.9267529617507937,-1.2391054111694346,0.21999999999999997,0.12820512820512842,6.11222693,1.279126763343811,0,96.49347686767578
202.3,2.9267529617507937,-1.2391054111694346,0.20842105263157892,0.07692307692307715,6.11222693,1.279126763343811,0,96.49347686767578
202.3,2.933986257937985,-1.2372404308912042,0.20842105263157892,0.07692307692307715,6.005798898,1.279126763343811,0,96.49347686767578
202.4,2.933986257937985,-1.2372404308912042,0.20842105263157892,0.07692307692307715,6.005798898,1.279126763343811,0,96.49347686767578
202.4,2.933986257937985,-1.2372404308912042,0.20842105263157892,0.07692307692307715,6.005798898,1.279126763343811,0,96.49347686767578
202.4,2.933986257937985,-1.2372404308912042,0.20842105263157892,0.07692307692307715,6.005798898,1.279126763343811,0,96.49347686767578
202.4,2.9406846550094787,-1.2354817331733758,0.20842105263157892,0.07692307692307715,5.985476188,1.26732337474823,0,96.49347686767578
202.4,2.9406846550094787,-1.2354817331733758,0.20842105263157892,0.07692307692307715,5.985476188,1.26732337474823,0,96.49347686767578
202.4,2.9406846550094787,-1.2354817331733758,0.20842105263157892,0.07692307692307715,5.985476188,1.26732337474823,0,96.49347686767578
202.4,2.9406846550094787,-1.2354817331733758,0.20842105263157892,0.07692307692307715,5.985476188,1.26732337474823,0,96.49347686767578
202.4,2.9406846550094787,-1.2354817331733758,0.20842105263157892,0.07692307692307715,5.985476188,1.26732337474823,0,96.49347686767578
202.4,2.9406846550094787,-1.2354817331733758,0.20842105263157892,0.07692307692307715,5.985476188,1.26732337474823,0,96.49347686767578
202.4,2.9475300581071986,-1.2336652812047741,0.20842105263157892,0.07692307692307715,5.78190502,1.2173234224319458,0,96.49347686767578
202.4,2.9475300581071986,-1.2336652812047741,0.20842105263157892,0.07692307692307715,5.78190502,1.2173234224319458,0,96.49347686767578
202.4,2.9475300581071986,-1.2336652812047741,0.20842105263157892,0.07692307692307715,5.78190502,1.2173234224319458,0,96.49347686767578
202.4,2.9475300581071986,-1.2336652812047741,0.21999999999999997,0.17948717948717968,5.78190502,1.2173234224319458,0,96.49347686767578
202.4,2.9475300581071986,-1.2336652812047741,0.21999999999999997,0.17948717948717968,5.78190502,1.2173234224319458,0,96.49347686767578
202.4,2.9475300581071986,-1.2336652812047741,0.21999999999999997,0.17948717948717968,5.78190502,1.2173234224319458,0,96.49347686767578
202.4,2.9475300581071986,-1.2336652812047741,0.21999999999999997,0.17948717948717968,5.78190502,1.2173234224319458,0,96.49347686767578
202.4,2.9475300581071986,-1.2336652812047741,0.21999999999999997,0.17948717948717968,5.78190502,1.2173234224319458,0,96.49347686767578
202.4,2.9475300581071986,-1.2336652812047741,0.21999999999999997,0.17948717948717968,5.78190502,1.2173234224319458,0,96.49347686767578
202.4,2.9543720665649307,-1.231838436051354,0.21999999999999997,0.17948717948717968,5.78190502,1.2173234224319458,0,96.49347686767578
202.5,2.9543720665649307,-1.231838436051354,0.21999999999999997,0.17948717948717968,5.816912182,1.2173234224319458,0,96.39813232421875
202.5,2.9543720665649307,-1.231838436051354,0.21999999999999997,0.17948717948717968,5.816912182,1.2173234224319458,0,96.39813232421875
202.5,2.9543720665649307,-1.231838436051354,0.21999999999999997,0.17948717948717968,5.816912182,1.2173234224319458,0,96.39813232421875
202.5,2.9543720665649307,-1.231838436051354,0.20842105263157892,0.23076923076923095,5.816912182,1.2173234224319458,0,96.39813232421875
202.5,2.9543720665649307,-1.231838436051354,0.20842105263157892,0.23076923076923095,5.816912182,1.2173234224319458,0,96.39813232421875
202.5,2.9543720665649307,-1.231838436051354,0.20842105263157892,0.23076923076923095,5.816912182,1.2173234224319458,0,96.39813232421875
202.5,2.9543720665649307,-1.231838436051354,0.20842105263157892,0.23076923076923095,5.816912182,1.2173234224319458,0,96.39813232421875
202.5,2.9614343654708146,-1.2299265964780992,0.21999999999999997,0.17948717948717968,5.816912182,1.2173234224319458,0,96.39813232421875
202.5,2.9614343654708146,-1.2299265964780992,0.21999999999999997,0.17948717948717968,5.816912182,1.2173234224319458,0,96.39813232421875
202.5,2.9614343654708146,-1.2299265964780992,0.21999999999999997,0.17948717948717968,5.78264006,1.2173234224319458,0,96.39813232421875
202.5,2.9614343654708146,-1.2299265964780992,0.21999999999999997,0.17948717948717968,5.78264006,1.2173234224319458,0,96.39813232421875
202.5,2.9614343654708146,-1.2299265964780992,0.21999999999999997,0.17948717948717968,5.78264006,1.2173234224319458,0,96.39813232421875
202.5,2.9614343654708146,-1.2299265964780992,0.21999999999999997,0.17948717948717968,5.78264006,1.2173234224319458,0,96.39813232421875
202.5,2.9614343654708146,-1.2299265964780992,0.21999999999999997,0.17948717948717968,5.78264006,1.2173234224319458,0,96.39813232421875
202.5,2.968626689790417,-1.2279275182534324,0.21999999999999997,0.17948717948717968,5.74876806,1.2173234224319458,0,96.39813232421875
202.5,2.968626689790417,-1.2279275182534324,0.21999999999999997,0.17948717948717968,5.74876806,1.2173234224319458,0,96.39813232421875
202.5,2.968626689790417,-1.2279275182534324,0.21999999999999997,0.17948717948717968,5.74876806,1.2173234224319458,0,96.39813232421875
202.5,2.968626689790417,-1.2279275182534324,0.21999999999999997,0.17948717948717968,5.74876806,1.2173234224319458,0,96.39813232421875
202.5,2.968626689790417,-1.2279275182534324,0.21999999999999997,0.17948717948717968,5.74876806,1.2173234224319458,0,96.39813232421875
202.5,2.968626689790417,-1.2279275182534324,0.21999999999999997,0.17948717948717968,5.74876806,1.2173234224319458,0,96.39813232421875
202.60000000000002,2.9758077654404396,-1.225876020134124,0.21999999999999997,0.17948717948717968,5.714709907,1.2173234224319458,0,96.39813232421875
202.60000000000002,2.9758077654404396,-1.225876020134124,0.21999999999999997,0.17948717948717968,5.714709907,1.2173234224319458,0,96.39813232421875
202.60000000000002,2.9758077654404396,-1.225876020134124,0.21999999999999997,0.17948717948717968,5.714709907,1.2173234224319458,0,96.39813232421875
202.60000000000002,2.9758077654404396,-1.225876020134124,0.21999999999999997,0.17948717948717968,5.714709907,1.2173234224319458,0,96.39813232421875
202.60000000000002,2.982979764310924,-1.2237842898532043,0.21999999999999997,0.17948717948717968,5.714709907,1.2173234224319458,0,96.39813232421875
202.60000000000002,2.982979764310924,-1.2237842898532043,0.21999999999999997,0.17948717948717968,5.681390211,1.2173234224319458,0,96.39813232421875
202.60000000000002,2.982979764310924,-1.2237842898532043,0.21999999999999997,0.17948717948717968,5.681390211,1.2173234224319458,0,96.39813232421875
202.60000000000002,2.982979764310924,-1.2237842898532043,0.21999999999999997,0.17948717948717968,5.681390211,1.2173234224319458,0,96.39813232421875
202.60000000000002,2.982979764310924,-1.2237842898532043,0.21999999999999997,0.12820512820512842,5.681390211,1.2173234224319458,0,96.39813232421875
202.60000000000002,2.990138255128301,-1.221652410943377,0.21999999999999997,0.12820512820512842,5.681390211,1.2173234224319458,0,96.39813232421875
202.60000000000002,2.990138255128301,-1.221652410943377,0.21999999999999997,0.12820512820512842,5.669233604,1.2173234224319458,0,96.39813232421875
202.60000000000002,2.990138255128301,-1.221652410943377,0.21999999999999997,0.12820512820512842,5.669233604,1.2173234224319458,0,96.39813232421875
202.60000000000002,2.990138255128301,-1.221652410943377,0.21999999999999997,0.12820512820512842,5.669233604,1.2173234224319458,0,96.39813232421875
202.60000000000002,2.990138255128301,-1.221652410943377,0.21999999999999997,0.12820512820512842,5.669233604,1.2173234224319458,0,96.39813232421875
202.70000000000002,2.997284670288252,-1.219475414471639,0.21999999999999997,0.12820512820512842,5.669233604,1.2173234224319458,0,96.39813232421875
202.70000000000002,2.997284670288252,-1.219475414471639,0.21999999999999997,0.12820512820512842,5.435444741,1.167323350906372,0,96.39813232421875
202.70000000000002,2.997284670288252,-1.219475414471639,0.21999999999999997,0.12820512820512842,5.435444741,1.167323350906372,0,96.39813232421875
202.70000000000002,2.997284670288252,-1.219475414471639,0.21999999999999997,0.12820512820512842,5.435444741,1.167323350906372,0,96.39813232421875
202.70000000000002,2.997284670288252,-1.219475414471639,0.21999999999999997,0.23076923076923095,5.435444741,1.167323350906372,0,96.39813232421875
202.70000000000002,2.997284670288252,-1.219475414471639,0.21999999999999997,0.23076923076923095,5.435444741,1.167323350906372,0,96.39813232421875
202.70000000000002,3.004425877670087,-1.2172656987830073,0.21999999999999997,0.23076923076923095,5.391664358,1.167323350906372,0,96.39813232421875
202.70000000000002,3.004425877670087,-1.2172656987830073,0.21999999999999997,0.23076923076923095,5.391664358,1.167323350906372,0,96.39813232421875
202.70000000000002,3.004425877670087,-1.2172656987830073,0.21999999999999997,0.23076923076923095,5.391664358,1.167323350906372,0,96.39813232421875
202.70000000000002,3.004425877670087,-1.2172656987830073,0.21999999999999997,0.23076923076923095,5.391664358,1.167323350906372,0,96.39813232421875
202.70000000000002,3.011553711348342,-1.215029458882493,0.21999999999999997,0.23076923076923095,5.391664358,1.167323350906372,0,96.39813232421875
202.70000000000002,3.011553711348342,-1.215029458882493,0.21999999999999997,0.23076923076923095,5.361328907,1.167323350906372,0,96.39813232421875
202.70000000000002,3.011553711348342,-1.215029458882493,0.21999999999999997,0.23076923076923095,5.361328907,1.167323350906372,0,96.39813232421875
202.70000000000002,3.011553711348342,-1.215029458882493,0.21999999999999997,0.23076923076923095,5.361328907,1.167323350906372,0,96.39813232421875
202.70000000000002,3.011553711348342,-1.215029458882493,0.21999999999999997,0.07692307692307715,5.361328907,1.167323350906372,0,96.39813232421875
202.8,3.018654566793204,-1.2127361532231422,0.21999999999999997,0.07692307692307715,5.330889556,1.167323350906372,0,96.39813232421875
202.8,3.018654566793204,-1.2127361532231422,0.21999999999999997,0.07692307692307715,5.330889556,1.167323350906372,0,96.39813232421875
202.8,3.018654566793204,-1.2127361532231422,0.21999999999999997,0.07692307692307715,5.330889556,1.167323350906372,0,96.39813232421875
202.8,3.018654566793204,-1.2127361532231422,0.21999999999999997,0.07692307692307715,5.330889556,1.167323350906372,0,96.39813232421875
202.8,3.018654566793204,-1.2127361532231422,0.21999999999999997,0.07692307692307715,5.330889556,1.167323350906372,0,96.39813232421875
202.8,3.02560111903473,-1.2104273176630453,0.21999999999999997,0.07692307692307715,5.327873108,1.167323350906372,0,96.39813232421875
202.8,3.02560111903473,-1.2104273176630453,0.21999999999999997,0.07692307692307715,5.327873108,1.167323350906372,0,96.39813232421875
202.8,3.02560111903473,-1.2104273176630453,0.21999999999999997,0.07692307692307715,5.327873108,1.167323350906372,0,96.39813232421875
202.8,3.02560111903473,-1.2104273176630453,0.21999999999999997,0.17948717948717968,5.327873108,1.167323350906372,0,96.39813232421875
202.8,3.02560111903473,-1.2104273176630453,0.21999999999999997,0.17948717948717968,5.327873108,1.167323350906372,0,96.39813232421875
202.8,3.02560111903473,-1.2104273176630453,0.21999999999999997,0.17948717948717968,5.327873108,1.167323350906372,0,96.39813232421875
202.8,3.032706129289191,-1.2080687004437194,0.21999999999999997,0.17948717948717968,5.326364733,1.167323350906372,0,96.39813232421875
202.8,3.032706129289191,-1.2080687004437194,0.21999999999999997,0.17948717948717968,5.326364733,1.167323350906372,0,96.39813232421875
202.8,3.032706129289191,-1.2080687004437194,0.21999999999999997,0.17948717948717968,5.326364733,1.167323350906372,0,96.39813232421875
202.8,3.032706129289191,-1.2080687004437194,0.21999999999999997,0.17948717948717968,5.326364733,1.167323350906372,0,96.39813232421875
202.9,3.032706129289191,-1.2080687004437194,0.21999999999999997,0.17948717948717968,5.326364733,1.167323350906372,0,96.39813232421875
202.9,3.0397978560961825,-1.2057183952260744,0.21999999999999997,0.17948717948717968,5.326636309,1.167323350906372,0,96.39813232421875
202.9,3.0397978560961825,-1.2057183952260744,0.21999999999999997,0.17948717948717968,5.326636309,1.167323350906372,0,96.39813232421875
202.9,3.0397978560961825,-1.2057183952260744,0.21999999999999997,0.17948717948717968,5.326636309,1.167323350906372,0,96.39813232421875
202.9,3.0397978560961825,-1.2057183952260744,0.20842105263157892,0.17948717948717968,5.326636309,1.167323350906372,0,96.39813232421875
202.9,3.0468566617831367,-1.2033079816898953,0.20842105263157892,0.17948717948717968,5.098442137,1.117323398590088,0,96.39813232421875
202.9,3.0468566617831367,-1.2033079816898953,0.20842105263157892,0.17948717948717968,5.098442137,1.117323398590088,0,96.39813232421875
202.9,3.0468566617831367,-1.2033079816898953,0.20842105263157892,0.17948717948717968,5.098442137,1.117323398590088,0,96.39813232421875
202.9,3.0468566617831367,-1.2033079816898953,0.20842105263157892,0.17948717948717968,5.098442137,1.117323398590088,0,96.39813232421875
202.9,3.053396495442519,-1.2010172182428098,0.20842105263157892,0.17948717948717968,5.137853151,1.117323398590088,0,96.39813232421875
202.9,3.053396495442519,-1.2010172182428098,0.20842105263157892,0.17948717948717968,5.137853151,1.117323398590088,0,96.39813232421875
202.9,3.053396495442519,-1.2010172182428098,0.20842105263157892,0.17948717948717968,5.137853151,1.117323398590088,0,96.39813232421875
202.9,3.053396495442519,-1.2010172182428098,0.20842105263157892,0.17948717948717968,5.137853151,1.117323398590088,0,96.39813232421875
202.9,3.053396495442519,-1.2010172182428098,0.20842105263157892,0.17948717948717968,5.137853151,1.117323398590088,0,96.39813232421875
203.0,3.053396495442519,-1.2010172182428098,0.20842105263157892,0.17948717948717968,5.137853151,1.117323398590088,0,96.39813232421875
203.0,3.0600913057311123,-1.1986844631722,0.20842105263157892,0.17948717948717968,5.137853151,1.117323398590088,0,96.29441833496094
203.0,3.0600913057311123,-1.1986844631722,0.19684210526315787,0.17948717948717968,5.168136792,1.117323398590088,0,96.29441833496094
203.0,3.0600913057311123,-1.1986844631722,0.19684210526315787,0.17948717948717968,5.168136792,1.117323398590088,0,96.29441833496094
203.0,3.0600913057311123,-1.1986844631722,0.19684210526315787,0.17948717948717968,5.168136792,1.117323398590088,0,96.29441833496094
203.0,3.066388174298538,-1.1964676631640765,0.19684210526315787,0.17948717948717968,5.229568965,1.117323398590088,0,96.29441833496094
203.0,3.066388174298538,-1.1964676631640765,0.19684210526315787,0.17948717948717968,5.229568965,1.117323398590088,0,96.29441833496094
203.0,3.066388174298538,-1.1964676631640765,0.19684210526315787,0.17948717948717968,5.229568965,1.117323398590088,0,96.29441833496094
203.0,3.066388174298538,-1.1964676631640765,0.19684210526315787,0.17948717948717968,5.444421299,1.1632276773452759,0,96.29441833496094
203.0,3.0726574263930972,-1.194181284398383,0.19684210526315787,0.17948717948717968,5.509843504,1.1632276773452759,0,96.29441833496094
203.0,3.0726574263930972,-1.194181284398383,0.21999999999999997,0.12820512820512842,5.509843504,1.1632276773452759,0,96.29441833496094
203.0,3.0726574263930972,-1.194181284398383,0.21999999999999997,0.12820512820512842,5.509843504,1.1632276773452759,0,96.29441833496094
203.10000000000002,3.0726574263930972,-1.194181284398383,0.21999999999999997,0.12820512820512842,5.509843504,1.1632276773452759,0,96.29441833496094
203.10000000000002,3.0789230815910527,-1.1918486938744273,0.21999999999999997,0.12820512820512842,5.575216492,1.1632276773452759,0,96.29441833496094
203.10000000000002,3.0789230815910527,-1.1918486938744273,0.21999999999999997,0.12820512820512842,5.575216492,1.1632276773452759,0,96.29441833496094
203.10000000000002,3.0789230815910527,-1.1918486938744273,0.21999999999999997,0.12820512820512842,5.575216492,1.1632276773452759,0,96.29441833496094
203.10000000000002,3.0789230815910527,-1.1918486938744273,0.21999999999999997,0.12820512820512842,5.575216492,1.1632276773452759,0,96.29441833496094
203.10000000000002,3.0859157642966832,-1.1892216444730346,0.21999999999999997,0.12820512820512842,5.325052677,1.1132277250289917,0,96.29441833496094
203.10000000000002,3.0859157642966832,-1.1892216444730346,0.21999999999999997,0.12820512820512842,5.325052677,1.1132277250289917,0,96.29441833496094
203.10000000000002,3.0859157642966832,-1.1892216444730346,0.21999999999999997,0.12820512820512842,5.325052677,1.1132277250289917,0,96.29441833496094
203.10000000000002,3.092892224256911,-1.1865594479196406,0.21999999999999997,0.2820512820512822,5.325052677,1.1132277250289917,0,96.29441833496094
203.10000000000002,3.092892224256911,-1.1865594479196406,0.21999999999999997,0.2820512820512822,5.326561076,1.1132277250289917,0,96.29441833496094
203.10000000000002,3.092892224256911,-1.1865594479196406,0.21999999999999997,0.2820512820512822,5.326561076,1.1132277250289917,0,96.29441833496094
203.10000000000002,3.092892224256911,-1.1865594479196406,0.21999999999999997,0.2820512820512822,5.326561076,1.1132277250289917,0,96.29441833496094
203.20000000000002,3.092892224256911,-1.1865594479196406,0.21999999999999997,0.2820512820512822,5.326561076,1.1132277250289917,0,96.29441833496094
203.20000000000002,3.092892224256911,-1.1865594479196406,0.21999999999999997,0.2820512820512822,5.326561076,1.1132277250289917,0,96.29441833496094
203.20000000000002,3.092892224256911,-1.1865594479196406,0.21999999999999997,0.2820512820512822,5.326561076,1.1132277250289917,0,96.29441833496094
203.20000000000002,3.099849004783379,-1.183854299934588,0.21999999999999997,0.2820512820512822,5.327229741,1.1132277250289917,0,96.29441833496094
203.20000000000002,3.099849004783379,-1.183854299934588,0.21999999999999997,0.2820512820512822,5.327229741,1.1132277250289917,0,96.29441833496094
203.20000000000002,3.099849004783379,-1.183854299934588,0.21999999999999997,0.2820512820512822,5.327229741,1.1132277250289917,0,96.29441833496094
203.20000000000002,3.099849004783379,-1.183854299934588,0.21999999999999997,0.2820512820512822,5.327229741,1.1132277250289917,0,96.29441833496094
203.20000000000002,3.1067724084729496,-1.1810840313574125,0.21999999999999997,0.2820512820512822,5.327659867,1.1132277250289917,0,96.29441833496094
203.20000000000002,3.1067724084729496,-1.1810840313574125,0.21999999999999997,0.2820512820512822,5.327659867,1.1132277250289917,0,96.29441833496094
203.20000000000002,3.1067724084729496,-1.1810840313574125,0.21999999999999997,0.2820512820512822,5.327659867,1.1132277250289917,0,96.29441833496094
203.20000000000002,3.1067724084729496,-1.1810840313574125,0.21999999999999997,0.2820512820512822,5.327659867,1.1132277250289917,0,96.29441833496094
203.20000000000002,3.113666403632517,-1.178233366084738,0.21999999999999997,0.2820512820512822,5.285527488,1.1132277250289917,0,96.29441833496094
203.20000000000002,3.113666403632517,-1.178233366084738,0.21999999999999997,0.2820512820512822,5.285527488,1.1132277250289917,0,96.29441833496094
203.3,3.113666403632517,-1.178233366084738,0.21999999999999997,0.2820512820512822,5.285527488,1.1132277250289917,0,96.29441833496094
203.3,3.113666403632517,-1.178233366084738,0.20842105263157892,0.2820512820512822,5.285527488,1.1132277250289917,0,96.29441833496094
203.3,3.1205386739348944,-1.1753185386531666,0.20842105263157892,0.2820512820512822,5.2539873230000005,1.1132277250289917,0,96.29441833496094
203.3,3.1205386739348944,-1.1753185386531666,0.20842105263157892,0.2820512820512822,5.2539873230000005,1.1132277250289917,0,96.29441833496094
203.3,3.1205386739348944,-1.1753185386531666,0.20842105263157892,0.2820512820512822,5.2539873230000005,1.1132277250289917,0,96.29441833496094
203.3,3.1205386739348944,-1.1753185386531666,0.20842105263157892,0.2820512820512822,5.2539873230000005,1.1132277250289917,0,96.29441833496094
203.3,3.1270903172161186,-1.1723764503991765,0.20842105263157892,0.2820512820512822,5.22389693,1.1132277250289917,0,96.29441833496094
203.3,3.1270903172161186,-1.1723764503991765,0.20842105263157892,0.2820512820512822,5.22389693,1.1132277250289917,0,96.29441833496094
203.3,3.1270903172161186,-1.1723764503991765,0.20842105263157892,0.2820512820512822,5.22389693,1.1132277250289917,0,96.29441833496094
203.3,3.1358358139382005,-1.1652462503079115,0.20842105263157892,0.2820512820512822,5.22389693,1.1132277250289917,0,96.29441833496094
203.3,3.1358358139382005,-1.1652462503079115,0.20842105263157892,0.2820512820512822,5.193311124,1.1132277250289917,0,96.29441833496094
203.3,3.1358358139382005,-1.1652462503079115,0.19684210526315787,0.23076923076923095,5.193311124,1.1132277250289917,0,96.29441833496094
203.4,3.1358358139382005,-1.1652462503079115,0.19684210526315787,0.23076923076923095,5.193311124,1.1132277250289917,0,96.29441833496094
203.4,3.1358358139382005,-1.1652462503079115,0.19684210526315787,0.23076923076923095,5.193311124,1.1132277250289917,0,96.29441833496094
203.4,3.1358358139382005,-1.1652462503079115,0.19684210526315787,0.23076923076923095,5.193311124,1.1132277250289917,0,96.29441833496094
203.4,3.1445444302874748,-1.158028319832095,0.19684210526315787,0.23076923076923095,5.164476305,1.1132277250289917,0,96.29441833496094
203.4,3.1445444302874748,-1.158028319832095,0.19684210526315787,0.23076923076923095,5.164476305,1.1132277250289917,0,96.29441833496094
203.4,3.1445444302874748,-1.158028319832095,0.19684210526315787,0.23076923076923095,5.164476305,1.1132277250289917,0,96.29441833496094
203.4,3.1445444302874748,-1.158028319832095,0.19684210526315787,0.23076923076923095,5.164476305,1.1132277250289917,0,96.29441833496094
203.4,3.15286290569197,-1.150901468620836,0.19684210526315787,0.23076923076923095,4.700842538,1.0014243125915527,0,96.29441833496094
203.4,3.15286290569197,-1.150901468620836,0.19684210526315787,0.23076923076923095,4.700842538,1.0014243125915527,0,96.29441833496094
203.4,3.15286290569197,-1.150901468620836,0.20842105263157892,0.23076923076923095,4.700842538,1.0014243125915527,0,96.29441833496094
203.4,3.15286290569197,-1.150901468620836,0.20842105263157892,0.23076923076923095,4.700842538,1.0014243125915527,0,96.29441833496094
203.4,3.1611480428023877,-1.1437056925060765,0.20842105263157892,0.23076923076923095,4.700842538,1.0014243125915527,0,96.29441833496094
203.4,3.1611480428023877,-1.1437056925060765,0.20842105263157892,0.23076923076923095,4.700842538,1.0014243125915527,0,96.29441833496094
203.4,3.1611480428023877,-1.1437056925060765,0.20842105263157892,0.23076923076923095,4.757606993,1.0014243125915527,0,96.29441833496094
203.5,3.1611480428023877,-1.1437056925060765,0.20842105263157892,0.23076923076923095,4.757606993,1.0014243125915527,0,96.17237854003906
203.5,3.1611480428023877,-1.1437056925060765,0.20842105263157892,0.23076923076923095,4.757606993,1.0014243125915527,0,96.17237854003906
203.5,3.1697506029953573,-1.136268695486493,0.20842105263157892,0.23076923076923095,4.785800683,1.0014243125915527,0,96.17237854003906
203.5,3.1697506029953573,-1.136268695486493,0.20842105263157892,0.23076923076923095,4.785800683,1.0014243125915527,0,96.17237854003906
203.5,3.1697506029953573,-1.136268695486493,0.20842105263157892,0.23076923076923095,4.785800683,1.0014243125915527,0,96.17237854003906
203.5,3.1783145996198745,-1.1287587732478244,0.21999999999999997,0.17948717948717968,4.785800683,1.0014243125915527,0,96.17237854003906
203.5,3.1783145996198745,-1.1287587732478244,0.21999999999999997,0.17948717948717968,4.574446761,0.9514243006706238,0,96.17237854003906
203.5,3.1783145996198745,-1.1287587732478244,0.21999999999999997,0.17948717948717968,4.574446761,0.9514243006706238,0,96.17237854003906
203.5,3.1783145996198745,-1.1287587732478244,0.21999999999999997,0.17948717948717968,4.574446761,0.9514243006706238,0,96.17237854003906
203.5,3.1783145996198745,-1.1287587732478244,0.21999999999999997,0.17948717948717968,4.574446761,0.9514243006706238,0,96.17237854003906
203.5,3.185069463577653,-1.1250597078327802,0.21999999999999997,0.17948717948717968,4.574446761,0.9514243006706238,0,96.17237854003906
203.5,3.185069463577653,-1.1250597078327802,0.21999999999999997,0.17948717948717968,4.574710028,0.9514243006706238,0,96.17237854003906
203.60000000000002,3.185069463577653,-1.1250597078327802,0.21999999999999997,0.17948717948717968,4.574710028,0.9514243006706238,0,96.17237854003906
203.60000000000002,3.185069463577653,-1.1250597078327802,0.21999999999999997,0.17948717948717968,4.574710028,0.9514243006706238,0,96.17237854003906
203.60000000000002,3.185069463577653,-1.1250597078327802,0.20842105263157892,0.23076923076923095,4.574710028,0.9514243006706238,0,96.17237854003906
203.60000000000002,3.185069463577653,-1.1250597078327802,0.20842105263157892,0.23076923076923095,4.574710028,0.9514243006706238,0,96.17237854003906
203.60000000000002,3.191672683102105,-1.121571404515337,0.20842105263157892,0.23076923076923095,4.574315289,0.9514243006706238,0,96.17237854003906
203.60000000000002,3.191672683102105,-1.121571404515337,0.20842105263157892,0.23076923076923095,4.574315289,0.9514243006706238,0,96.17237854003906
203.60000000000002,3.191672683102105,-1.121571404515337,0.20842105263157892,0.23076923076923095,4.574315289,0.9514243006706238,0,96.17237854003906
203.60000000000002,3.191672683102105,-1.121571404515337,0.20842105263157892,0.23076923076923095,4.574315289,0.9514243006706238,0,96.17237854003906
203.60000000000002,3.197906063166715,-1.1182322729338412,0.20842105263157892,0.23076923076923095,4.574315289,0.9514243006706238,0,96.17237854003906
203.60000000000002,3.197906063166715,-1.1182322729338412,0.20842105263157892,0.23076923076923095,4.57417358,0.9514243006706238,0,96.17237854003906
203.60000000000002,3.197906063166715,-1.1182322729338412,0.20842105263157892,0.23076923076923095,4.57417358,0.9514243006706238,0,96.17237854003906
203.60000000000002,3.197906063166715,-1.1182322729338412,0.20842105263157892,0.23076923076923095,4.57417358,0.9514243006706238,0,96.17237854003906
203.60000000000002,3.197906063166715,-1.1182322729338412,0.20842105263157892,0.23076923076923095,4.57417358,0.9514243006706238,0,96.17237854003906
203.60000000000002,3.2041061588692292,-1.1148416146433102,0.20842105263157892,0.23076923076923095,4.57417358,0.9514243006706238,0,96.17237854003906
203.70000000000002,3.2041061588692292,-1.1148416146433102,0.20842105263157892,0.23076923076923095,4.574020509,0.9514243006706238,0,96.17237854003906
203.70000000000002,3.2041061588692292,-1.1148416146433102,0.20842105263157892,0.23076923076923095,4.574020509,0.9514243006706238,0,96.17237854003906
203.70000000000002,3.2041061588692292,-1.1148416146433102,0.19684210526315787,0.23076923076923095,4.574020509,0.9514243006706238,0,96.17237854003906
203.70000000000002,3.2041061588692292,-1.1148416146433102,0.19684210526315787,0.23076923076923095,4.574020509,0.9514243006706238,0,96.17237854003906
203.70000000000002,3.2041061588692292,-1.1148416146433102,0.19684210526315787,0.23076923076923095,4.574020509,0.9514243006706238,0,96.17237854003906
203.70000000000002,3.2041061588692292,-1.1148416146433102,0.19684210526315787,0.23076923076923095,4.574020509,0.9514243006706238,0,96.17237854003906
203.70000000000002,3.2102782552617843,-1.1113936358706167,0.19684210526315787,0.23076923076923095,4.574020509,0.9514243006706238,0,96.17237854003906
203.70000000000002,3.2102782552617843,-1.1113936358706167,0.19684210526315787,0.23076923076923095,4.573817985,0.9514243006706238,0,96.17237854003906
203.70000000000002,3.2102782552617843,-1.1113936358706167,0.19684210526315787,0.17948717948717968,4.573817985,0.9514243006706238,0,96.17237854003906
203.70000000000002,3.2102782552617843,-1.1113936358706167,0.19684210526315787,0.17948717948717968,4.573817985,0.9514243006706238,0,96.17237854003906
203.70000000000002,3.21608541946764,-1.1080941064684549,0.19684210526315787,0.17948717948717968,4.575445653,0.9514243006706238,0,96.17237854003906
203.70000000000002,3.21608541946764,-1.1080941064684549,0.19684210526315787,0.17948717948717968,4.575445653,0.9514243006706238,0,96.17237854003906
203.70000000000002,3.21608541946764,-1.1080941064684549,0.19684210526315787,0.17948717948717968,4.575445653,0.9514243006706238,0,96.17237854003906
203.70000000000002,3.21608541946764,-1.1080941064684549,0.19684210526315787,0.17948717948717968,4.575445653,0.9514243006706238,0,96.17237854003906
203.70000000000002,3.2218672740203225,-1.104751364500638,0.19684210526315787,0.17948717948717968,4.574452065,0.9514243006706238,0,96.17237854003906
203.8,3.2218672740203225,-1.104751364500638,0.19684210526315787,0.17948717948717968,4.334051842,0.9014242887496948,0,96.17237854003906
203.8,3.2218672740203225,-1.104751364500638,0.19684210526315787,0.17948717948717968,4.334051842,0.9014242887496948,0,96.17237854003906
203.8,3.2218672740203225,-1.104751364500638,0.19684210526315787,0.17948717948717968,4.334051842,0.9014242887496948,0,96.17237854003906
203.8,3.2218672740203225,-1.104751364500638,0.19684210526315787,0.17948717948717968,4.334051842,0.9014242887496948,0,96.17237854003906
203.8,3.2276306748440953,-1.1013684970690547,0.20842105263157892,0.025641025641025883,4.784907348,0.9892922639846802,0,96.17237854003906
203.8,3.2276306748440953,-1.1013684970690547,0.20842105263157892,0.025641025641025883,4.784907348,0.9892922639846802,0,96.17237854003906
203.8,3.2276306748440953,-1.1013684970690547,0.20842105263157892,0.025641025641025883,4.784907348,0.9892922639846802,0,96.17237854003906
203.8,3.2276306748440953,-1.1013684970690547,0.20842105263157892,0.025641025641025883,4.784907348,0.9892922639846802,0,96.17237854003906
203.8,3.2337182511881712,-1.097756115982759,0.20842105263157892,0.025641025641025883,4.784592506,0.9892922639846802,0,96.17237854003906
203.8,3.2337182511881712,-1.097756115982759,0.20842105263157892,0.02564102564102587,4.784592506,0.9892922639846802,0,96.17237854003906
203.8,3.2337182511881712,-1.097756115982759,0.20842105263157892,0.02564102564102587,4.784592506,0.9892922639846802,0,96.17237854003906
203.9,3.239802676062588,-1.094125298214729,0.20842105263157892,-0.02564102564102541,4.812593522,0.9892922639846802,0,96.17237854003906
203.9,3.239802676062588,-1.094125298214729,0.20842105263157892,-0.02564102564102541,4.812593522,0.9892922639846802,0,96.17237854003906
203.9,3.239802676062588,-1.094125298214729,0.20842105263157892,-0.02564102564102541,4.812593522,0.9892922639846802,0,96.17237854003906
203.9,3.245889606372291,-1.0904943060835133,0.20842105263157892,-0.02564102564102541,4.84260517,0.9892922639846802,0,96.17237854003906
203.9,3.245889606372291,-1.0904943060835133,0.20842105263157892,-0.02564102564102541,4.597854172,0.9392922520637512,0,96.17237854003906
203.9,3.245889606372291,-1.0904943060835133,0.20842105263157892,-0.02564102564102541,4.597854172,0.9392922520637512,0,96.17237854003906
203.9,3.245889606372291,-1.0904943060835133,0.20842105263157892,-0.02564102564102541,4.597854172,0.9392922520637512,0,96.17237854003906
203.9,3.2519753408682037,-1.0868634914213144,0.20842105263157892,-0.02564102564102541,4.596808052,0.9392922520637512,0,96.17237854003906
203.9,3.2519753408682037,-1.0868634914213144,0.20842105263157892,-0.02564102564102541,4.596808052,0.9392922520637512,0,96.17237854003906
203.9,3.2519753408682037,-1.0868634914213144,0.21999999999999997,-0.02564102564102541,4.596808052,0.9392922520637512,0,96.17237854003906
203.9,3.2519753408682037,-1.0868634914213144,0.21999999999999997,-0.02564102564102541,4.596808052,0.9392922520637512,0,96.17237854003906
203.9,3.2580643286894944,-1.0832332741100563,0.21999999999999997,-0.02564102564102541,4.596808052,0.9392922520637512,0,96.17237854003906
204.0,3.2580643286894944,-1.0832332741100563,0.21999999999999997,-0.02564102564102541,4.595657966,0.9392922520637512,0,96.17237854003906
204.0,3.2580643286894944,-1.0832332741100563,0.21999999999999997,-0.02564102564102541,4.595657966,0.9392922520637512,0,96.05814361572266
204.0,3.2580643286894944,-1.0832332741100563,0.21999999999999997,-0.02564102564102541,4.595657966,0.9392922520637512,0,96.05814361572266
204.0,3.264490220472402,-1.0794092194445,0.21999999999999997,-0.02564102564102541,4.595657966,0.9392922520637512,0,96.05814361572266
204.0,3.264490220472402,-1.0794092194445,0.21999999999999997,-0.02564102564102541,4.566321842,0.9392922520637512,0,96.05814361572266
204.0,3.264490220472402,-1.0794092194445,0.21999999999999997,-0.02564102564102541,4.566321842,0.9392922520637512,0,96.05814361572266
204.0,3.264490220472402,-1.0794092194445,0.21999999999999997,-0.02564102564102541,4.566321842,0.9392922520637512,0,96.05814361572266
204.0,3.270902775849831,-1.0755704534736625,0.21999999999999997,-0.02564102564102541,4.5099129510000004,0.9392922520637512,0,96.05814361572266
204.0,3.270902775849831,-1.0755704534736625,0.20842105263157892,-0.07692307692307669,4.5099129510000004,0.9392922520637512,0,96.05814361572266
204.0,3.270902775849831,-1.0755704534736625,0.20842105263157892,-0.07692307692307669,4.5099129510000004,0.9392922520637512,0,96.05814361572266
204.0,3.270902775849831,-1.0755704534736625,0.20842105263157892,-0.07692307692307669,4.5099129510000004,0.9392922520637512,0,96.05814361572266
204.10000000000002,3.2773202765699008,-1.0717219541942082,0.20842105263157892,-0.07692307692307669,4.5099129510000004,0.9392922520637512,0,96.05814361572266
204.10000000000002,3.2773202765699008,-1.0717219541942082,0.20842105263157892,-0.07692307692307669,4.455126841,0.9392922520637512,0,96.05814361572266
204.10000000000002,3.2773202765699008,-1.0717219541942082,0.20842105263157892,-0.07692307692307669,4.455126841,0.9392922520637512,0,96.05814361572266
204.10000000000002,3.2834101576929964,-1.0680919378751352,0.20842105263157892,-0.07692307692307669,4.455126841,0.9392922520637512,0,96.05814361572266
204.10000000000002,3.2834101576929964,-1.0680919378751352,0.20842105263157892,-0.07692307692307669,4.428368783,0.9392922520637512,0,96.05814361572266
204.10000000000002,3.2834101576929964,-1.0680919378751352,0.20842105263157892,-0.07692307692307669,4.428368783,0.9392922520637512,0,96.05814361572266
204.10000000000002,3.2834101576929964,-1.0680919378751352,0.21999999999999997,0.02564102564102587,4.428368783,0.9392922520637512,0,96.05814361572266
204.10000000000002,3.2834101576929964,-1.0680919378751352,0.21999999999999997,0.02564102564102587,4.428368783,0.9392922520637512,0,96.05814361572266
204.10000000000002,3.28949341958086,-1.064462171036915,0.21999999999999997,0.02564102564102587,4.428368783,0.9392922520637512,0,96.05814361572266
204.10000000000002,3.28949341958086,-1.064462171036915,0.21999999999999997,0.02564102564102587,4.427319209,0.9392922520637512,0,96.05814361572266
204.10000000000002,3.28949341958086,-1.064462171036915,0.21999999999999997,0.02564102564102587,4.427319209,0.9392922520637512,0,96.05814361572266
204.10000000000002,3.28949341958086,-1.064462171036915,0.21999999999999997,0.02564102564102587,4.427319209,0.9392922520637512,0,96.05814361572266
204.10000000000002,3.28949341958086,-1.064462171036915,0.21999999999999997,0.02564102564102587,4.427319209,0.9392922520637512,0,96.05814361572266
204.10000000000002,3.28949341958086,-1.064462171036915,0.21999999999999997,0.02564102564102587,4.427319209,0.9392922520637512,0,96.05814361572266
204.20000000000002,3.295913427602729,-1.060627223367952,0.21999999999999997,0.02564102564102587,3.933299881,0.8392922282218933,0,96.05814361572266
204.20000000000002,3.295913427602729,-1.060627223367952,0.21999999999999997,0.02564102564102587,3.933299881,0.8392922282218933,0,96.05814361572266
204.20000000000002,3.295913427602729,-1.060627223367952,0.21999999999999997,0.02564102564102587,3.933299881,0.8392922282218933,0,96.05814361572266
204.20000000000002,3.295913427602729,-1.060627223367952,0.20842105263157892,0.02564102564102587,3.933299881,0.8392922282218933,0,96.05814361572266
204.20000000000002,3.295913427602729,-1.060627223367952,0.20842105263157892,0.02564102564102587,3.933299881,0.8392922282218933,0,96.05814361572266
204.20000000000002,3.295913427602729,-1.060627223367952,0.20842105263157892,0.02564102564102587,3.933299881,0.8392922282218933,0,96.05814361572266
204.20000000000002,3.302318487425951,-1.0567797236248113,0.20842105263157892,0.02564102564102587,3.910301162,0.8392922282218933,0,96.05814361572266
204.20000000000002,3.302318487425951,-1.0567797236248113,0.20842105263157892,0.02564102564102587,3.910301162,0.8392922282218933,0,96.05814361572266
204.20000000000002,3.302318487425951,-1.0567797236248113,0.20842105263157892,0.02564102564102587,3.910301162,0.8392922282218933,0,96.05814361572266
204.20000000000002,3.3083759532567907,-1.0531114811241657,0.20842105263157892,0.02564102564102587,3.910301162,0.8392922282218933,0,96.05814361572266
204.20000000000002,3.3083759532567907,-1.0531114811241657,0.20842105263157892,0.02564102564102587,3.910129616,0.8392922282218933,0,96.05814361572266
204.20000000000002,3.3083759532567907,-1.0531114811241657,0.20842105263157892,0.02564102564102587,3.910129616,0.8392922282218933,0,96.05814361572266
204.20000000000002,3.3083759532567907,-1.0531114811241657,0.20842105263157892,0.02564102564102587,3.910129616,0.8392922282218933,0,96.05814361572266
204.3,3.3144235892419003,-1.0494259080765036,0.21999999999999997,-0.02564102564102541,3.910129616,0.8392922282218933,0,96.05814361572266
204.3,3.3144235892419003,-1.0494259080765036,0.21999999999999997,-0.02564102564102541,3.9098776930000003,0.8392922282218933,0,96.05814361572266
204.3,3.3144235892419003,-1.0494259080765036,0.21999999999999997,-0.02564102564102541,3.9098776930000003,0.8392922282218933,0,96.05814361572266
204.3,3.3144235892419003,-1.0494259080765036,0.21999999999999997,-0.02564102564102541,3.9098776930000003,0.8392922282218933,0,96.05814361572266
204.3,3.320803417039098,-1.0455247503341987,0.21999999999999997,-0.02564102564102541,3.9098776930000003,0.8392922282218933,0,96.05814361572266
204.3,3.320803417039098,-1.0455247503341987,0.21999999999999997,-0.02564102564102541,3.910389018,0.8392922282218933,0,96.05814361572266
204.3,3.320803417039098,-1.0455247503341987,0.21999999999999997,-0.02564102564102541,3.910389018,0.8392922282218933,0,96.05814361572266
204.3,3.320803417039098,-1.0455247503341987,0.21999999999999997,-0.02564102564102541,3.910389018,0.8392922282218933,0,96.05814361572266
204.3,3.320803417039098,-1.0455247503341987,0.21999999999999997,-0.02564102564102541,3.910389018,0.8392922282218933,0,96.05814361572266
204.3,3.320803417039098,-1.0455247503341987,0.21999999999999997,-0.02564102564102541,3.910389018,0.8392922282218933,0,96.05814361572266
204.3,3.3271792027443547,-1.041616714358645,0.21999999999999997,-0.02564102564102541,3.909813538,0.8392922282218933,0,96.05814361572266
204.3,3.3271792027443547,-1.041616714358645,0.21999999999999997,-0.02564102564102541,3.909813538,0.8392922282218933,0,96.05814361572266
204.4,3.3271792027443547,-1.041616714358645,0.21999999999999997,-0.02564102564102541,3.909813538,0.8392922282218933,0,96.05814361572266
204.4,3.3271792027443547,-1.041616714358645,0.21999999999999997,-0.02564102564102541,3.909813538,0.8392922282218933,0,96.05814361572266
204.4,3.333560635137091,-1.0377082348553284,0.21999999999999997,-0.02564102564102541,3.909721883,0.8392922282218933,0,96.05814361572266
204.4,3.333560635137091,-1.0377082348553284,0.21999999999999997,0.07692307692307715,3.909721883,0.8392922282218933,0,96.05814361572266
204.4,3.333560635137091,-1.0377082348553284,0.21999999999999997,0.07692307692307715,3.909721883,0.8392922282218933,0,96.05814361572266
204.4,3.333560635137091,-1.0377082348553284,0.21999999999999997,0.07692307692307715,3.909721883,0.8392922282218933,0,96.05814361572266
204.4,3.3399495942616793,-1.033812463571028,0.21999999999999997,0.07692307692307715,3.886500561,0.8392922282218933,0,96.05814361572266
204.4,3.3399495942616793,-1.033812463571028,0.21999999999999997,0.07692307692307715,3.886500561,0.8392922282218933,0,96.05814361572266
204.4,3.3399495942616793,-1.033812463571028,0.20842105263157892,0.12820512820512842,3.886500561,0.8392922282218933,0,96.05814361572266
204.4,3.346334366927069,-1.0299214718491219,0.20842105263157892,0.12820512820512842,3.86414436,0.8392922282218933,0,96.05814361572266
204.4,3.346334366927069,-1.0299214718491219,0.20842105263157892,0.12820512820512842,3.86414436,0.8392922282218933,0,96.05814361572266
204.4,3.346334366927069,-1.0299214718491219,0.20842105263157892,0.12820512820512842,3.86414436,0.8392922282218933,0,96.05814361572266
204.4,3.346334366927069,-1.0299214718491219,0.20842105263157892,0.12820512820512842,3.86414436,0.8392922282218933,0,96.05814361572266
204.4,3.346334366927069,-1.0299214718491219,0.20842105263157892,0.12820512820512842,3.86414436,0.8392922282218933,0,96.05814361572266
204.5,3.3523638330812915,-1.0262156783893284,0.20842105263157892,0.12820512820512842,3.885983451,0.8392922282218933,0,95.95501708984375
204.5,3.3523638330812915,-1.0262156783893284,0.20842105263157892,0.12820512820512842,3.462695986,0.7478708624839783,0,95.95501708984375
204.5,3.3523638330812915,-1.0262156783893284,0.20842105263157892,0.12820512820512842,3.462695986,0.7478708624839783,0,95.95501708984375
204.5,3.3523638330812915,-1.0262156783893284,0.19684210526315787,0.12820512820512842,3.462695986,0.7478708624839783,0,95.95501708984375
204.5,3.3523638330812915,-1.0262156783893284,0.19684210526315787,0.12820512820512842,3.462695986,0.7478708624839783,0,95.95501708984375
204.5,3.3583713028880204,-1.0224749224098342,0.19684210526315787,0.12820512820512842,3.48306592,0.7478708624839783,0,95.95501708984375
204.5,3.3583713028880204,-1.0224749224098342,0.19684210526315787,0.12820512820512842,3.48306592,0.7478708624839783,0,95.95501708984375
204.5,3.3583713028880204,-1.0224749224098342,0.19684210526315787,0.12820512820512842,3.48306592,0.7478708624839783,0,95.95501708984375
204.5,3.3583713028880204,-1.0224749224098342,0.19684210526315787,0.12820512820512842,3.48306592,0.7478708624839783,0,95.95501708984375
204.5,3.3583713028880204,-1.0224749224098342,0.19684210526315787,0.12820512820512842,3.48306592,0.7478708624839783,0,95.95501708984375
204.5,3.3624323848288187,-1.0189028699014258,0.19684210526315787,0.12820512820512842,3.503098423,0.7478708624839783,0,95.95501708984375
204.5,3.3624323848288187,-1.0189028699014258,0.19684210526315787,0.12820512820512842,3.503098423,0.7478708624839783,0,95.95501708984375
204.5,3.3624323848288187,-1.0189028699014258,0.19684210526315787,0.12820512820512842,3.503098423,0.7478708624839783,0,95.95501708984375
204.5,3.3624323848288187,-1.0189028699014258,0.19684210526315787,0.12820512820512842,3.503098423,0.7478708624839783,0,95.95501708984375
204.60000000000002,3.3657025356093895,-1.015289360010578,0.21999999999999997,0.0,3.503098423,0.7478708624839783,0,95.95501708984375
204.60000000000002,3.3657025356093895,-1.015289360010578,0.21999999999999997,0.0,3.525048153,0.7478708624839783,0,95.95501708984375
204.60000000000002,3.3657025356093895,-1.015289360010578,0.21999999999999997,0.0,3.622666794,0.7685815691947937,0,95.95501708984375
204.60000000000002,3.3657025356093895,-1.015289360010578,0.21999999999999997,0.0,3.622666794,0.7685815691947937,0,95.95501708984375
204.60000000000002,3.3657025356093895,-1.015289360010578,0.21999999999999997,0.0,3.622666794,0.7685815691947937,0,95.95501708984375
204.60000000000002,3.369608188360481,-1.0112078405859977,0.21999999999999997,0.0,3.622591196,0.7685815691947937,0,95.95501708984375
204.60000000000002,3.369608188360481,-1.0112078405859977,0.21999999999999997,0.0,3.622591196,0.7685815691947937,0,95.95501708984375
204.60000000000002,3.369608188360481,-1.0112078405859977,0.21999999999999997,0.0,3.622591196,0.7685815691947937,0,95.95501708984375
204.60000000000002,3.369608188360481,-1.0112078405859977,0.21999999999999997,0.0,3.622591196,0.7685815691947937,0,95.95501708984375
204.60000000000002,3.369608188360481,-1.0112078405859977,0.20842105263157892,0.16,3.622591196,0.7685815691947937,0,95.95501708984375
204.60000000000002,3.3735063953915736,-1.0070998070619221,0.20842105263157892,0.16,3.622591196,0.7685815691947937,0,95.95501708984375
204.60000000000002,3.3735063953915736,-1.0070998070619221,0.20842105263157892,0.16,3.621843729,0.7685815691947937,0,95.95501708984375
204.60000000000002,3.3735063953915736,-1.0070998070619221,0.20842105263157892,0.16,3.621843729,0.7685815691947937,0,95.95501708984375
204.60000000000002,3.3735063953915736,-1.0070998070619221,0.20842105263157892,0.16,3.621843729,0.7685815691947937,0,95.95501708984375
204.60000000000002,3.3735063953915736,-1.0070998070619221,0.20842105263157892,0.16,3.621843729,0.7685815691947937,0,95.95501708984375
204.60000000000002,3.3735063953915736,-1.0070998070619221,0.20842105263157892,0.2820512820512822,3.621843729,0.7685815691947937,0,95.95501708984375
204.70000000000002,3.3735063953915736,-1.0070998070619221,0.20842105263157892,0.2820512820512822,3.621843729,0.7685815691947937,0,95.95501708984375
204.70000000000002,3.3770580604134057,-1.0031947004874533,0.20842105263157892,0.2820512820512822,3.621843729,0.7685815691947937,0,95.95501708984375
204.70000000000002,3.3770580604134057,-1.0031947004874533,0.20842105263157892,0.2820512820512822,3.644507473,0.7685815691947937,0,95.95501708984375
204.70000000000002,3.3770580604134057,-1.0031947004874533,0.20842105263157892,0.2820512820512822,3.644507473,0.7685815691947937,0,95.95501708984375
204.70000000000002,3.3770580604134057,-1.0031947004874533,0.20842105263157892,0.2820512820512822,3.644507473,0.7685815691947937,0,95.95501708984375
204.70000000000002,3.3770580604134057,-1.0031947004874533,0.20842105263157892,0.2820512820512822,3.644507473,0.7685815691947937,0,95.95501708984375
204.70000000000002,3.3805520158847555,-0.9992377074731826,0.20842105263157892,0.2820512820512822,3.644507473,0.7685815691947937,0,95.95501708984375
204.70000000000002,3.3805520158847555,-0.9992377074731826,0.20842105263157892,0.2820512820512822,3.429559996,0.7185815572738647,0,95.95501708984375
204.70000000000002,3.3805520158847555,-0.9992377074731826,0.20842105263157892,0.2820512820512822,3.429559996,0.7185815572738647,0,95.95501708984375
204.70000000000002,3.3805520158847555,-0.9992377074731826,0.20842105263157892,0.2820512820512822,3.429559996,0.7185815572738647,0,95.95501708984375
204.70000000000002,3.3805520158847555,-0.9992377074731826,0.20842105263157892,0.2820512820512822,3.429559996,0.7185815572738647,0,95.95501708984375
204.70000000000002,3.3858970638734815,-0.9952531189442174,0.20842105263157892,0.2820512820512822,3.429559996,0.7185815572738647,0,95.95501708984375
204.70000000000002,3.3858970638734815,-0.9952531189442174,0.20842105263157892,0.2820512820512822,3.451136098,0.7185815572738647,0,95.95501708984375
204.70000000000002,3.3858970638734815,-0.9952531189442174,0.20842105263157892,0.2820512820512822,3.451136098,0.7185815572738647,0,95.95501708984375
204.8,3.3858970638734815,-0.9952531189442174,0.21999999999999997,0.23076923076923095,3.451136098,0.7185815572738647,0,95.95501708984375
204.8,3.3858970638734815,-0.9952531189442174,0.21999999999999997,0.23076923076923095,3.451136098,0.7185815572738647,0,95.95501708984375
204.8,3.3917064662995395,-0.9912211137650567,0.21999999999999997,0.23076923076923095,3.451680611,0.7185815572738647,0,95.95501708984375
204.8,3.3917064662995395,-0.9912211137650567,0.21999999999999997,0.23076923076923095,3.451680611,0.7185815572738647,0,95.95501708984375
204.8,3.3917064662995395,-0.9912211137650567,0.21999999999999997,0.23076923076923095,3.451680611,0.7185815572738647,0,95.95501708984375
204.8,3.3978078093741306,-0.9869214959015041,0.21999999999999997,0.23076923076923095,3.451680611,0.7185815572738647,0,95.95501708984375
204.8,3.3978078093741306,-0.9869214959015041,0.21999999999999997,0.23076923076923095,3.431563559,0.7185815572738647,0,95.95501708984375
204.8,3.3978078093741306,-0.9869214959015041,0.21999999999999997,0.17948717948717968,3.431563559,0.7185815572738647,0,95.95501708984375
204.8,3.4038717231381064,-0.9825716557276799,0.21999999999999997,0.17948717948717968,3.431563559,0.7185815572738647,0,95.95501708984375
204.8,3.4038717231381064,-0.9825716557276799,0.21999999999999997,0.17948717948717968,3.392158077,0.7185815572738647,0,95.95501708984375
204.8,3.4038717231381064,-0.9825716557276799,0.21999999999999997,0.17948717948717968,3.392158077,0.7185815572738647,0,95.95501708984375
204.9,3.4038717231381064,-0.9825716557276799,0.21999999999999997,0.17948717948717968,3.392158077,0.7185815572738647,0,95.95501708984375
204.9,3.409903582342791,-0.9781705745696682,0.21999999999999997,0.17948717948717968,3.392158077,0.7185815572738647,0,95.95501708984375
204.9,3.409903582342791,-0.9781705745696682,0.21999999999999997,0.17948717948717968,3.392158077,0.7185815572738647,0,95.95501708984375
204.9,3.409903582342791,-0.9781705745696682,0.21999999999999997,0.17948717948717968,3.351857207,0.7185815572738647,0,95.95501708984375
204.9,3.409903582342791,-0.9781705745696682,0.21999999999999997,0.17948717948717968,3.351857207,0.7185815572738647,0,95.95501708984375
204.9,3.409903582342791,-0.9781705745696682,0.21999999999999997,0.17948717948717968,3.351857207,0.7185815572738647,0,95.95501708984375
204.9,3.4159145662222197,-0.9737336083353599,0.21999999999999997,0.17948717948717968,3.351857207,0.7185815572738647,0,95.95501708984375
204.9,3.4159145662222197,-0.9737336083353599,0.21999999999999997,0.17948717948717968,3.352074414,0.7185815572738647,0,95.95501708984375
204.9,3.4159145662222197,-0.9737336083353599,0.21999999999999997,0.17948717948717968,3.352074414,0.7185815572738647,0,95.95501708984375
204.9,3.4159145662222197,-0.9737336083353599,0.21999999999999997,0.2820512820512822,3.352074414,0.7185815572738647,0,95.95501708984375
204.9,3.4159145662222197,-0.9737336083353599,0.21999999999999997,0.2820512820512822,3.352074414,0.7185815572738647,0,95.95501708984375
204.9,3.4219009090857653,-0.9692666073145894,0.21999999999999997,0.2820512820512822,3.352968964,0.7185815572738647,0,95.95501708984375
205.0,3.4219009090857653,-0.9692666073145894,0.21999999999999997,0.2820512820512822,3.352968964,0.7185815572738647,0,95.95501708984375
205.0,3.4219009090857653,-0.9692666073145894,0.21999999999999997,0.2820512820512822,3.352968964,0.7185815572738647,0,95.95501708984375
205.0,3.4219009090857653,-0.9692666073145894,0.21999999999999997,0.2820512820512822,3.352968964,0.7185815572738647,0,95.85812377929688
205.0,3.4278510681434913,-0.9647597273478489,0.21999999999999997,0.2820512820512822,3.333560414,0.7185815572738647,0,95.85812377929688
205.0,3.4278510681434913,-0.9647597273478489,0.21999999999999997,0.2820512820512822,3.333560414,0.7185815572738647,0,95.85812377929688
205.0,3.4278510681434913,-0.9647597273478489,0.21999999999999997,0.2820512820512822,3.333560414,0.7185815572738647,0,95.85812377929688
205.0,3.4337514564946297,-0.9601950017157365,0.21999999999999997,0.2820512820512822,3.313572251,0.7185815572738647,0,95.85812377929688
205.0,3.4337514564946297,-0.9601950017157365,0.21999999999999997,0.2820512820512822,3.313572251,0.7185815572738647,0,95.85812377929688
205.0,3.4337514564946297,-0.9601950017157365,0.21999999999999997,0.2820512820512822,3.313572251,0.7185815572738647,0,95.85812377929688
205.0,3.4337514564946297,-0.9601950017157365,0.21999999999999997,0.2820512820512822,3.313572251,0.7185815572738647,0,95.85812377929688
205.0,3.4337514564946297,-0.9601950017157365,0.21999999999999997,0.2820512820512822,3.313572251,0.7185815572738647,0,95.85812377929688
205.0,3.4337514564946297,-0.9601950017157365,0.21999999999999997,0.2820512820512822,3.313572251,0.7185815572738647,0,95.85812377929688
205.0,3.4396053524596155,-0.9555661986747671,0.20842105263157892,0.23076923076923095,2.875000031,0.6271601915359497,0,95.85812377929688
205.0,3.4396053524596155,-0.9555661986747671,0.20842105263157892,0.23076923076923095,2.875000031,0.6271601915359497,0,95.85812377929688
205.0,3.4396053524596155,-0.9555661986747671,0.20842105263157892,0.23076923076923095,2.875000031,0.6271601915359497,0,95.85812377929688
205.10000000000002,3.4396053524596155,-0.9555661986747671,0.20842105263157892,0.23076923076923095,2.875000031,0.6271601915359497,0,95.85812377929688
205.10000000000002,3.4396053524596155,-0.9555661986747671,0.20842105263157892,0.23076923076923095,2.875000031,0.6271601915359497,0,95.85812377929688
205.10000000000002,3.4396053524596155,-0.9555661986747671,0.20842105263157892,0.23076923076923095,2.875000031,0.6271601915359497,0,95.85812377929688
205.10000000000002,3.4454189672481865,-0.9508841315876689,0.20842105263157892,0.23076923076923095,2.858577034,0.6271601915359497,0,95.85812377929688
205.10000000000002,3.4454189672481865,-0.9508841315876689,0.20842105263157892,0.23076923076923095,2.858577034,0.6271601915359497,0,95.85812377929688
205.10000000000002,3.4454189672481865,-0.9508841315876689,0.20842105263157892,0.23076923076923095,2.858577034,0.6271601915359497,0,95.85812377929688
205.10000000000002,3.4454189672481865,-0.9508841315876689,0.20842105263157892,0.23076923076923095,2.858577034,0.6271601915359497,0,95.85812377929688
205.10000000000002,3.450888541752853,-0.9464003531622381,0.19684210526315787,0.23076923076923095,2.87477207,0.6271601915359497,0,95.85812377929688
205.10000000000002,3.450888541752853,-0.9464003531622381,0.19684210526315787,0.23076923076923095,2.87477207,0.6271601915359497,0,95.85812377929688
205.10000000000002,3.450888541752853,-0.9464003531622381,0.19684210526315787,0.23076923076923095,2.87477207,0.6271601915359497,0,95.85812377929688
205.10000000000002,3.450888541752853,-0.9464003531622381,0.19684210526315787,0.23076923076923095,2.87477207,0.6271601915359497,0,95.85812377929688
205.10000000000002,3.450888541752853,-0.9464003531622381,0.19684210526315787,0.23076923076923095,2.87477207,0.6271601915359497,0,95.85812377929688
205.10000000000002,3.450888541752853,-0.9464003531622381,0.19684210526315787,0.23076923076923095,2.87477207,0.6271601915359497,0,95.85812377929688
205.10000000000002,3.45602782280724,-0.9421277173237909,0.19684210526315787,0.23076923076923095,2.908393573,0.6271601915359497,0,95.85812377929688
205.10000000000002,3.45602782280724,-0.9421277173237909,0.19684210526315787,0.23076923076923095,2.908393573,0.6271601915359497,0,95.85812377929688
205.20000000000002,3.45602782280724,-0.9421277173237909,0.19684210526315787,0.23076923076923095,2.908393573,0.6271601915359497,0,95.85812377929688
205.20000000000002,3.45602782280724,-0.9421277173237909,0.19684210526315787,0.23076923076923095,2.908393573,0.6271601915359497,0,95.85812377929688
205.20000000000002,3.4611350964011445,-0.9378233147724769,0.19684210526315787,0.23076923076923095,2.908393573,0.6271601915359497,0,95.85812377929688
205.20000000000002,3.4611350964011445,-0.9378233147724769,0.21999999999999997,0.23076923076923095,2.942514736,0.6271601915359497,0,95.85812377929688
205.20000000000002,3.4611350964011445,-0.9378233147724769,0.21999999999999997,0.23076923076923095,2.942514736,0.6271601915359497,0,95.85812377929688
205.20000000000002,3.4611350964011445,-0.9378233147724769,0.21999999999999997,0.23076923076923095,2.942514736,0.6271601915359497,0,95.85812377929688
205.20000000000002,3.4611350964011445,-0.9378233147724769,0.21999999999999997,0.23076923076923095,2.942514736,0.6271601915359497,0,95.85812377929688
205.20000000000002,3.4611350964011445,-0.9378233147724769,0.21999999999999997,0.23076923076923095,2.942514736,0.6271601915359497,0,95.85812377929688
205.20000000000002,3.466800229398487,-0.9329662702993767,0.21999999999999997,0.23076923076923095,2.942514736,0.6271601915359497,0,95.85812377929688
205.20000000000002,3.466800229398487,-0.9329662702993767,0.21999999999999997,0.23076923076923095,2.9429933640000003,0.6271601915359497,0,95.85812377929688
205.20000000000002,3.466800229398487,-0.9329662702993767,0.21999999999999997,0.23076923076923095,2.9429933640000003,0.6271601915359497,0,95.85812377929688
205.20000000000002,3.466800229398487,-0.9329662702993767,0.21999999999999997,0.23076923076923095,2.9429933640000003,0.6271601915359497,0,95.85812377929688
205.20000000000002,3.4724267946033534,-0.9280610124099143,0.21999999999999997,0.23076923076923095,2.9429933640000003,0.6271601915359497,0,95.85812377929688
205.20000000000002,3.4724267946033534,-0.9280610124099143,0.21999999999999997,0.23076923076923095,2.9435850070000003,0.6271601915359497,0,95.85812377929688
205.3,3.4724267946033534,-0.9280610124099143,0.21999999999999997,0.23076923076923095,2.9435850070000003,0.6271601915359497,0,95.85812377929688
205.3,3.4724267946033534,-0.9280610124099143,0.21999999999999997,0.23076923076923095,2.9435850070000003,0.6271601915359497,0,95.85812377929688
205.3,3.4780172597042354,-0.9231150049610529,0.21999999999999997,0.23076923076923095,2.943183143,0.6271601915359497,0,95.85812377929688
205.3,3.4780172597042354,-0.9231150049610529,0.21999999999999997,0.23076923076923095,2.943183143,0.6271601915359497,0,95.85812377929688
205.3,3.4780172597042354,-0.9231150049610529,0.21999999999999997,0.23076923076923095,2.943183143,0.6271601915359497,0,95.85812377929688
205.3,3.4780172597042354,-0.9231150049610529,0.21999999999999997,0.23076923076923095,2.943183143,0.6271601915359497,0,95.85812377929688
205.3,3.4780172597042354,-0.9231150049610529,0.21999999999999997,0.23076923076923095,2.943183143,0.6271601915359497,0,95.85812377929688
205.3,3.4835681112991788,-0.9181265704908504,0.21999999999999997,0.23076923076923095,2.943183143,0.6271601915359497,0,95.85812377929688
205.3,3.4835681112991788,-0.9181265704908504,0.21999999999999997,0.2820512820512822,2.943190341,0.6271601915359497,0,95.85812377929688
205.3,3.4835681112991788,-0.9181265704908504,0.21999999999999997,0.2820512820512822,2.943190341,0.6271601915359497,0,95.85812377929688
205.3,3.489078298170049,-0.9130931402853132,0.21999999999999997,0.2820512820512822,2.943471356,0.6271601915359497,0,95.85812377929688
205.3,3.489078298170049,-0.9130931402853132,0.21999999999999997,0.2820512820512822,2.943471356,0.6271601915359497,0,95.85812377929688
205.4,3.489078298170049,-0.9130931402853132,0.21999999999999997,0.2820512820512822,2.943471356,0.6271601915359497,0,95.85812377929688
205.4,3.489078298170049,-0.9130931402853132,0.21999999999999997,0.2820512820512822,2.943471356,0.6271601915359497,0,95.85812377929688
205.4,3.489078298170049,-0.9130931402853132,0.21999999999999997,0.2820512820512822,2.943471356,0.6271601915359497,0,95.85812377929688
205.4,3.494546996471067,-0.9080155782962268,0.21999999999999997,0.2820512820512822,2.943332153,0.6271601915359497,0,95.85812377929688
205.4,3.494546996471067,-0.9080155782962268,0.21999999999999997,0.2820512820512822,2.943332153,0.6271601915359497,0,95.85812377929688
205.4,3.494546996471067,-0.9080155782962268,0.21999999999999997,0.2820512820512822,2.943332153,0.6271601915359497,0,95.85812377929688
205.4,3.494546996471067,-0.9080155782962268,0.20842105263157892,0.17948717948717968,2.943332153,0.6271601915359497,0,95.85812377929688
205.4,3.4999649232066723,-0.9028881063681992,0.20842105263157892,0.17948717948717968,2.943332153,0.6271601915359497,0,95.85812377929688
205.4,3.4999649232066723,-0.9028881063681992,0.20842105263157892,0.17948717948717968,2.59625903,0.5564495325088501,0,95.85812377929688
205.4,3.4999649232066723,-0.9028881063681992,0.20842105263157892,0.17948717948717968,2.59625903,0.5564495325088501,0,95.85812377929688
205.4,3.4999649232066723,-0.9028881063681992,0.20842105263157892,0.17948717948717968,2.59625903,0.5564495325088501,0,95.85812377929688
205.4,3.505056353353149,-0.8979777919846575,0.20842105263157892,0.17948717948717968,2.59625903,0.5564495325088501,0,95.85812377929688
205.4,3.505056353353149,-0.8979777919846575,0.20842105263157892,0.17948717948717968,2.58042035,0.5564495325088501,0,95.85812377929688
205.5,3.505056353353149,-0.8979777919846575,0.20842105263157892,0.17948717948717968,2.58042035,0.5564495325088501,0,95.74858856201172
205.5,3.505056353353149,-0.8979777919846575,0.20842105263157892,0.17948717948717968,2.58042035,0.5564495325088501,0,95.74858856201172
205.5,3.505056353353149,-0.8979777919846575,0.20842105263157892,0.17948717948717968,2.58042035,0.5564495325088501,0,95.74858856201172
205.5,3.510135279657007,-0.893040547883979,0.21999999999999997,0.23076923076923095,2.565203137,0.5564495325088501,0,95.74858856201172
205.5,3.510135279657007,-0.893040547883979,0.21999999999999997,0.23076923076923095,2.565203137,0.5564495325088501,0,95.74858856201172
205.5,3.510135279657007,-0.893040547883979,0.21999999999999997,0.23076923076923095,2.565203137,0.5564495325088501,0,95.74858856201172
205.5,3.510135279657007,-0.893040547883979,0.21999999999999997,0.23076923076923095,2.565203137,0.5564495325088501,0,95.74858856201172
205.5,3.5151909699172887,-0.8880894396396132,0.21999999999999997,0.23076923076923095,2.565203137,0.5564495325088501,0,95.74858856201172
205.5,3.5151909699172887,-0.8880894396396132,0.21999999999999997,0.23076923076923095,2.57980309,0.5564495325088501,0,95.74858856201172
205.5,3.5151909699172887,-0.8880894396396132,0.21999999999999997,0.23076923076923095,2.57980309,0.5564495325088501,0,95.74858856201172
205.5,3.5151909699172887,-0.8880894396396132,0.21999999999999997,0.23076923076923095,2.57980309,0.5564495325088501,0,95.74858856201172
205.5,3.520483233116246,-0.8828249519952104,0.21999999999999997,0.23076923076923095,2.579653826,0.5564495325088501,0,95.74858856201172
205.5,3.520483233116246,-0.8828249519952104,0.21999999999999997,0.23076923076923095,2.579653826,0.5564495325088501,0,95.74858856201172
205.60000000000002,3.520483233116246,-0.8828249519952104,0.21999999999999997,0.17948717948717968,2.579653826,0.5564495325088501,0,95.74858856201172
205.60000000000002,3.520483233116246,-0.8828249519952104,0.21999999999999997,0.17948717948717968,2.579653826,0.5564495325088501,0,95.74858856201172
205.60000000000002,3.525740107381317,-0.877519540554533,0.21999999999999997,0.17948717948717968,2.579819289,0.5564495325088501,0,95.74858856201172
205.60000000000002,3.525740107381317,-0.877519540554533,0.21999999999999997,0.17948717948717968,2.579819289,0.5564495325088501,0,95.74858856201172
205.60000000000002,3.525740107381317,-0.877519540554533,0.21999999999999997,0.17948717948717968,2.579819289,0.5564495325088501,0,95.74858856201172
205.60000000000002,3.525740107381317,-0.877519540554533,0.21999999999999997,0.17948717948717968,2.579819289,0.5564495325088501,0,95.74858856201172
205.60000000000002,3.530961809262684,-0.8721799624657985,0.21999999999999997,0.17948717948717968,2.579320167,0.5564495325088501,0,95.74858856201172
205.60000000000002,3.530961809262684,-0.8721799624657985,0.21999999999999997,0.17948717948717968,2.579320167,0.5564495325088501,0,95.74858856201172
205.60000000000002,3.530961809262684,-0.8721799624657985,0.21999999999999997,0.17948717948717968,2.579320167,0.5564495325088501,0,95.74858856201172
205.60000000000002,3.530961809262684,-0.8721799624657985,0.21999999999999997,0.17948717948717968,2.579320167,0.5564495325088501,0,95.74858856201172
205.60000000000002,3.5361495563587537,-0.8668063964137395,0.21999999999999997,0.17948717948717968,2.578884748,0.5564495325088501,0,95.74858856201172
205.70000000000002,3.5361495563587537,-0.8668063964137395,0.21999999999999997,0.17948717948717968,2.578884748,0.5564495325088501,0,95.74858856201172
205.70000000000002,3.5361495563587537,-0.8668063964137395,0.21999999999999997,0.17948717948717968,2.578884748,0.5564495325088501,0,95.74858856201172
205.70000000000002,3.5361495563587537,-0.8668063964137395,0.21999999999999997,0.17948717948717968,2.578884748,0.5564495325088501,0,95.74858856201172
205.70000000000002,3.5361495563587537,-0.8668063964137395,0.21999999999999997,0.17948717948717968,2.578884748,0.5564495325088501,0,95.74858856201172
205.70000000000002,3.541306031901947,-0.8614020296895527,0.20842105263157892,0.12820512820512842,2.5788620250000003,0.5564495325088501,0,95.74858856201172
205.70000000000002,3.541306031901947,-0.8614020296895527,0.20842105263157892,0.12820512820512842,2.5788620250000003,0.5564495325088501,0,95.74858856201172
205.70000000000002,3.541306031901947,-0.8614020296895527,0.20842105263157892,0.12820512820512842,2.5788620250000003,0.5564495325088501,0,95.74858856201172
205.70000000000002,3.541306031901947,-0.8614020296895527,0.20842105263157892,0.12820512820512842,2.5788620250000003,0.5564495325088501,0,95.74858856201172
205.70000000000002,3.541306031901947,-0.8614020296895527,0.20842105263157892,0.12820512820512842,2.5788620250000003,0.5564495325088501,0,95.74858856201172
205.70000000000002,3.5461625560527956,-0.8562540957728646,0.21999999999999997,0.17948717948717968,2.593710557,0.5564495325088501,0,95.74858856201172
205.70000000000002,3.5461625560527956,-0.8562540957728646,0.21999999999999997,0.17948717948717968,2.593710557,0.5564495325088501,0,95.74858856201172
205.70000000000002,3.5461625560527956,-0.8562540957728646,0.21999999999999997,0.17948717948717968,2.593710557,0.5564495325088501,0,95.74858856201172
205.8,3.5512638262580847,-0.8507958235610754,0.21999999999999997,0.17948717948717968,2.250895766,0.4857388436794281,0,95.74858856201172
205.8,3.5512638262580847,-0.8507958235610754,0.21999999999999997,0.17948717948717968,2.250895766,0.4857388436794281,0,95.74858856201172
205.8,3.5512638262580847,-0.8507958235610754,0.21999999999999997,0.17948717948717968,2.250895766,0.4857388436794281,0,95.74858856201172
205.8,3.5512638262580847,-0.8507958235610754,0.21999999999999997,0.17948717948717968,2.250895766,0.4857388436794281,0,95.74858856201172
205.8,3.5512638262580847,-0.8507958235610754,0.21999999999999997,0.17948717948717968,2.250895766,0.4857388436794281,0,95.74858856201172
205.8,3.5563323619732534,-0.8453122096678466,0.21999999999999997,0.17948717948717968,2.2382744150000002,0.4857388436794281,0,95.74858856201172
205.8,3.5563323619732534,-0.8453122096678466,0.21999999999999997,0.17948717948717968,2.2382744150000002,0.4857388436794281,0,95.74858856201172
205.8,3.5563323619732534,-0.8453122096678466,0.21999999999999997,0.17948717948717968,2.2382744150000002,0.4857388436794281,0,95.74858856201172
205.8,3.5563323619732534,-0.8453122096678466,0.21999999999999997,0.17948717948717968,2.2382744150000002,0.4857388436794281,0,95.74858856201172
205.8,3.5563323619732534,-0.8453122096678466,0.21999999999999997,0.17948717948717968,2.2382744150000002,0.4857388436794281,0,95.74858856201172
205.8,3.5613621939662945,-0.8397940693907554,0.21999999999999997,0.17948717948717968,2.225368386,0.4857388436794281,0,95.74858856201172
205.8,3.5613621939662945,-0.8397940693907554,0.21999999999999997,0.17948717948717968,2.225368386,0.4857388436794281,0,95.74858856201172
205.8,3.5613621939662945,-0.8397940693907554,0.21999999999999997,0.17948717948717968,2.225368386,0.4857388436794281,0,95.74858856201172
205.8,3.5613621939662945,-0.8397940693907554,0.21999999999999997,0.12820512820512842,2.225368386,0.4857388436794281,0,95.74858856201172
205.8,3.5613621939662945,-0.8397940693907554,0.21999999999999997,0.12820512820512842,2.225368386,0.4857388436794281,0,95.74858856201172
205.9,3.566358991929775,-0.8342434699824853,0.21999999999999997,0.12820512820512842,2.225031706,0.4857388436794281,0,95.74858856201172
205.9,3.566358991929775,-0.8342434699824853,0.21999999999999997,0.12820512820512842,2.225031706,0.4857388436794281,0,95.74858856201172
205.9,3.566358991929775,-0.8342434699824853,0.21999999999999997,0.12820512820512842,2.225031706,0.4857388436794281,0,95.74858856201172
205.9,3.566358991929775,-0.8342434699824853,0.21999999999999997,0.12820512820512842,2.225031706,0.4857388436794281,0,95.74858856201172
205.9,3.571327158449699,-0.8286649567867174,0.21999999999999997,0.12820512820512842,2.224781967,0.4857388436794281,0,95.74858856201172
205.9,3.571327158449699,-0.8286649567867174,0.21999999999999997,0.12820512820512842,2.224781967,0.4857388436794281,0,95.74858856201172
205.9,3.571327158449699,-0.8286649567867174,0.21999999999999997,0.12820512820512842,2.224781967,0.4857388436794281,0,95.74858856201172
205.9,3.571327158449699,-0.8286649567867174,0.21999999999999997,0.12820512820512842,2.224781967,0.4857388436794281,0,95.74858856201172
205.9,3.571327158449699,-0.8286649567867174,0.19684210526315787,0.17948717948717968,2.224781967,0.4857388436794281,0,95.74858856201172
205.9,3.576272810329314,-0.8230637772154544,0.19684210526315787,0.17948717948717968,2.224768987,0.4857388436794281,0,95.74858856201172
205.9,3.576272810329314,-0.8230637772154544,0.19684210526315787,0.17948717948717968,2.224768987,0.4857388436794281,0,95.74858856201172
205.9,3.576272810329314,-0.8230637772154544,0.19684210526315787,0.17948717948717968,2.224768987,0.4857388436794281,0,95.74858856201172
205.9,3.576272810329314,-0.8230637772154544,0.19684210526315787,0.17948717948717968,2.224768987,0.4857388436794281,0,95.74858856201172
205.9,3.576272810329314,-0.8230637772154544,0.19684210526315787,0.17948717948717968,2.224768987,0.4857388436794281,0,95.74858856201172
206.0,3.580673563901292,-0.81803432263591,0.19684210526315787,0.17948717948717968,2.250557514,0.4857388436794281,0,95.74858856201172
206.0,3.580673563901292,-0.81803432263591,0.19684210526315787,0.17948717948717968,2.250557514,0.4857388436794281,0,95.6385498046875
206.0,3.580673563901292,-0.81803432263591,0.19684210526315787,0.17948717948717968,2.250557514,0.4857388436794281,0,95.6385498046875
206.0,3.580673563901292,-0.81803432263591,0.19684210526315787,0.17948717948717968,2.250557514,0.4857388436794281,0,95.6385498046875
206.0,3.585030507830535,-0.8129747625746878,0.21999999999999997,0.17948717948717968,2.277700197,0.4857388436794281,0,95.6385498046875
206.0,3.585030507830535,-0.8129747625746878,0.21999999999999997,0.17948717948717968,2.277700197,0.4857388436794281,0,95.6385498046875
206.0,3.585030507830535,-0.8129747625746878,0.21999999999999997,0.17948717948717968,2.277700197,0.4857388436794281,0,95.6385498046875
206.0,3.585030507830535,-0.8129747625746878,0.21999999999999997,0.17948717948717968,2.277700197,0.4857388436794281,0,95.6385498046875
206.0,3.5893528763183915,-0.8078777709079609,0.21999999999999997,0.17948717948717968,2.291556471,0.4857388436794281,0,95.6385498046875
206.0,3.5893528763183915,-0.8078777709079609,0.21999999999999997,0.17948717948717968,2.291556471,0.4857388436794281,0,95.6385498046875
206.0,3.5893528763183915,-0.8078777709079609,0.21999999999999997,0.17948717948717968,2.291556471,0.4857388436794281,0,95.6385498046875
206.0,3.5893528763183915,-0.8078777709079609,0.21999999999999997,0.17948717948717968,2.291556471,0.4857388436794281,0,95.6385498046875
206.0,3.5893528763183915,-0.8078777709079609,0.21999999999999997,0.17948717948717968,2.291556471,0.4857388436794281,0,95.6385498046875
206.10000000000002,3.5941545989653134,-0.8021568662826054,0.21999999999999997,0.17948717948717968,1.958520062,0.4150281548500061,0,95.6385498046875
206.10000000000002,3.5941545989653134,-0.8021568662826054,0.20842105263157892,0.17948717948717968,1.958520062,0.4150281548500061,0,95.6385498046875
206.10000000000002,3.5941545989653134,-0.8021568662826054,0.20842105263157892,0.17948717948717968,1.958520062,0.4150281548500061,0,95.6385498046875
206.10000000000002,3.5941545989653134,-0.8021568662826054,0.20842105263157892,0.17948717948717968,1.958520062,0.4150281548500061,0,95.6385498046875
206.10000000000002,3.598912369602353,-0.79640537403423,0.20842105263157892,0.17948717948717968,1.958520062,0.4150281548500061,0,95.6385498046875
206.10000000000002,3.598912369602353,-0.79640537403423,0.20842105263157892,0.17948717948717968,1.958674237,0.4150281548500061,0,95.6385498046875
206.10000000000002,3.598912369602353,-0.79640537403423,0.20842105263157892,0.17948717948717968,1.958674237,0.4150281548500061,0,95.6385498046875
206.10000000000002,3.598912369602353,-0.79640537403423,0.20842105263157892,0.17948717948717968,1.958674237,0.4150281548500061,0,95.6385498046875
206.10000000000002,3.598912369602353,-0.79640537403423,0.20842105263157892,0.17948717948717968,1.958674237,0.4150281548500061,0,95.6385498046875
206.10000000000002,3.598912369602353,-0.79640537403423,0.20842105263157892,0.17948717948717968,1.958674237,0.4150281548500061,0,95.6385498046875
206.10000000000002,3.6019205114018504,-0.7918065669213199,0.20842105263157892,0.17948717948717968,1.958674237,0.4150281548500061,0,95.6385498046875
206.10000000000002,3.6019205114018504,-0.7918065669213199,0.21999999999999997,0.07692307692307715,1.970346801,0.4150281548500061,0,95.6385498046875
206.10000000000002,3.6019205114018504,-0.7918065669213199,0.21999999999999997,0.07692307692307715,1.970346801,0.4150281548500061,0,95.6385498046875
206.10000000000002,3.6019205114018504,-0.7918065669213199,0.21999999999999997,0.07692307692307715,1.970346801,0.4150281548500061,0,95.6385498046875
206.10000000000002,3.6019205114018504,-0.7918065669213199,0.21999999999999997,0.07692307692307715,1.970346801,0.4150281548500061,0,95.6385498046875
206.20000000000002,3.603850895994736,-0.7877818029071055,0.21999999999999997,0.07692307692307715,1.970346801,0.4150281548500061,0,95.6385498046875
206.20000000000002,3.603850895994736,-0.7877818029071055,0.21999999999999997,0.07692307692307715,1.982375561,0.4150281548500061,0,95.6385498046875
206.20000000000002,3.603850895994736,-0.7877818029071055,0.21999999999999997,0.07692307692307715,1.982375561,0.4150281548500061,0,95.6385498046875
206.20000000000002,3.603850895994736,-0.7877818029071055,0.21999999999999997,0.07692307692307715,1.982375561,0.4150281548500061,0,95.6385498046875
206.20000000000002,3.603850895994736,-0.7877818029071055,0.21999999999999997,0.07692307692307715,1.982375561,0.4150281548500061,0,95.6385498046875
206.20000000000002,3.605969021079325,-0.7834001945553335,0.21999999999999997,0.07692307692307715,1.982558204,0.4150281548500061,0,95.6385498046875
206.20000000000002,3.605969021079325,-0.7834001945553335,0.20842105263157892,0.07692307692307715,1.982558204,0.4150281548500061,0,95.6385498046875
206.20000000000002,3.605969021079325,-0.7834001945553335,0.20842105263157892,0.07692307692307715,1.982558204,0.4150281548500061,0,95.6385498046875
206.20000000000002,3.605969021079325,-0.7834001945553335,0.20842105263157892,0.07692307692307715,1.982558204,0.4150281548500061,0,95.6385498046875
206.20000000000002,3.605969021079325,-0.7834001945553335,0.20842105263157892,0.07692307692307715,1.982558204,0.4150281548500061,0,95.6385498046875
206.20000000000002,3.605969021079325,-0.7834001945553335,0.20842105263157892,0.07692307692307715,1.982558204,0.4150281548500061,0,95.6385498046875
206.20000000000002,3.608042481203864,-0.778977698448168,0.20842105263157892,0.07692307692307715,1.982268509,0.4150281548500061,0,95.6385498046875
206.20000000000002,3.608042481203864,-0.778977698448168,0.20842105263157892,0.07692307692307715,1.982268509,0.4150281548500061,0,95.6385498046875
206.20000000000002,3.608042481203864,-0.778977698448168,0.20842105263157892,0.07692307692307715,1.982268509,0.4150281548500061,0,95.6385498046875
206.3,3.609836970631851,-0.7748356683797966,0.20842105263157892,0.07692307692307715,1.982268509,0.4150281548500061,0,95.6385498046875
206.3,3.609836970631851,-0.7748356683797966,0.20842105263157892,0.07692307692307715,1.982268509,0.4150281548500061,0,95.6385498046875
206.3,3.609836970631851,-0.7748356683797966,0.21999999999999997,0.12820512820512842,1.970575705,0.4150281548500061,0,95.6385498046875
206.3,3.609836970631851,-0.7748356683797966,0.21999999999999997,0.12820512820512842,1.970575705,0.4150281548500061,0,95.6385498046875
206.3,3.609836970631851,-0.7748356683797966,0.21999999999999997,0.12820512820512842,1.970575705,0.4150281548500061,0,95.6385498046875
206.3,3.6115822758824807,-0.7706608036368203,0.21999999999999997,0.12820512820512842,1.970575705,0.4150281548500061,0,95.6385498046875
206.3,3.6115822758824807,-0.7706608036368203,0.21999999999999997,0.12820512820512842,1.95816081,0.4150281548500061,0,95.6385498046875
206.3,3.6115822758824807,-0.7706608036368203,0.21999999999999997,0.12820512820512842,1.95816081,0.4150281548500061,0,95.6385498046875
206.3,3.6115822758824807,-0.7706608036368203,0.21999999999999997,0.12820512820512842,1.95816081,0.4150281548500061,0,95.6385498046875
206.3,3.6115822758824807,-0.7706608036368203,0.21999999999999997,0.12820512820512842,1.95816081,0.4150281548500061,0,95.6385498046875
206.3,3.6153322884959245,-0.76512262197109,0.21999999999999997,0.12820512820512842,1.934970286,0.4150281548500061,0,95.6385498046875
206.3,3.6153322884959245,-0.76512262197109,0.21999999999999997,0.07692307692307715,1.934970286,0.4150281548500061,0,95.6385498046875
206.3,3.6153322884959245,-0.76512262197109,0.21999999999999997,0.07692307692307715,1.934970286,0.4150281548500061,0,95.6385498046875
206.3,3.6153322884959245,-0.76512262197109,0.21999999999999997,0.07692307692307715,1.934970286,0.4150281548500061,0,95.6385498046875
206.4,3.6153322884959245,-0.76512262197109,0.21999999999999997,0.07692307692307715,1.934970286,0.4150281548500061,0,95.6385498046875
206.4,3.619804478622867,-0.7591402638019775,0.21999999999999997,0.07692307692307715,1.934970286,0.4150281548500061,0,95.6385498046875
206.4,3.619804478622867,-0.7591402638019775,0.21999999999999997,0.07692307692307715,1.934697892,0.4150281548500061,0,95.6385498046875
206.4,3.619804478622867,-0.7591402638019775,0.21999999999999997,0.07692307692307715,1.934697892,0.4150281548500061,0,95.6385498046875
206.4,3.619804478622867,-0.7591402638019775,0.21999999999999997,0.07692307692307715,1.934697892,0.4150281548500061,0,95.6385498046875
206.4,3.6242496512146722,-0.7531326330894086,0.21999999999999997,0.07692307692307715,1.934697892,0.4150281548500061,0,95.6385498046875
206.4,3.6242496512146722,-0.7531326330894086,0.21999999999999997,0.07692307692307715,1.934697892,0.4150281548500061,0,95.6385498046875
206.4,3.6242496512146722,-0.7531326330894086,0.21999999999999997,0.07692307692307715,1.93426257,0.4150281548500061,0,95.6385498046875
206.4,3.6242496512146722,-0.7531326330894086,0.20842105263157892,0.07692307692307715,1.93426257,0.4150281548500061,0,95.6385498046875
206.4,3.6242496512146722,-0.7531326330894086,0.20842105263157892,0.07692307692307715,1.93426257,0.4150281548500061,0,95.6385498046875
206.4,3.6242496512146722,-0.7531326330894086,0.20842105263157892,0.07692307692307715,1.93426257,0.4150281548500061,0,95.6385498046875
206.4,3.6242496512146722,-0.7531326330894086,0.20842105263157892,0.07692307692307715,1.93426257,0.4150281548500061,0,95.6385498046875
206.4,3.628685719670788,-0.7471126743546881,0.20842105263157892,0.07692307692307715,1.922771584,0.4150281548500061,0,95.6385498046875
206.5,3.628685719670788,-0.7471126743546881,0.20842105263157892,0.07692307692307715,1.922771584,0.4150281548500061,0,95.6385498046875
206.5,3.628685719670788,-0.7471126743546881,0.20842105263157892,0.07692307692307715,1.922771584,0.4150281548500061,0,95.55290222167969
206.5,3.6328734279719814,-0.7414039450268353,0.20842105263157892,0.07692307692307715,1.595301258,0.3443174958229065,0,95.55290222167969
206.5,3.6328734279719814,-0.7414039450268353,0.20842105263157892,0.07692307692307715,1.595301258,0.3443174958229065,0,95.55290222167969
206.5,3.6328734279719814,-0.7414039450268353,0.20842105263157892,0.07692307692307715,1.595301258,0.3443174958229065,0,95.55290222167969
206.5,3.6328734279719814,-0.7414039450268353,0.20842105263157892,0.07692307692307715,1.595301258,0.3443174958229065,0,95.55290222167969
206.5,3.6328734279719814,-0.7414039450268353,0.19684210526315787,0.07692307692307715,1.595301258,0.3443174958229065,0,95.55290222167969
206.5,3.637023171561654,-0.735673800864328,0.19684210526315787,0.07692307692307715,1.60440975,0.3443174958229065,0,95.55290222167969
206.5,3.637023171561654,-0.735673800864328,0.19684210526315787,0.07692307692307715,1.60440975,0.3443174958229065,0,95.55290222167969
206.5,3.637023171561654,-0.735673800864328,0.19684210526315787,0.07692307692307715,1.60440975,0.3443174958229065,0,95.55290222167969
206.5,3.640921641727383,-0.7302380264944739,0.19684210526315787,0.07692307692307715,1.60440975,0.3443174958229065,0,95.55290222167969
206.5,3.640921641727383,-0.7302380264944739,0.19684210526315787,0.07692307692307715,1.60440975,0.3443174958229065,0,95.55290222167969
206.5,3.640921641727383,-0.7302380264944739,0.19684210526315787,0.07692307692307715,1.62340932,0.3443174958229065,0,95.55290222167969
206.5,3.640921641727383,-0.7302380264944739,0.19684210526315787,0.07692307692307715,1.62340932,0.3443174958229065,0,95.55290222167969
206.5,3.640921641727383,-0.7302380264944739,0.19684210526315787,0.07692307692307715,1.62340932,0.3443174958229065,0,95.55290222167969
206.60000000000002,3.640921641727383,-0.7302380264944739,0.21999999999999997,0.07692307692307715,1.62340932,0.3443174958229065,0,95.55290222167969
206.60000000000002,3.640921641727383,-0.7302380264944739,0.21999999999999997,0.07692307692307715,1.62340932,0.3443174958229065,0,95.55290222167969
206.60000000000002,3.6448021200493876,-0.7247917752809223,0.21999999999999997,0.07692307692307715,1.633467028,0.3443174958229065,0,95.55290222167969
206.60000000000002,3.6448021200493876,-0.7247917752809223,0.21999999999999997,0.07692307692307715,1.633467028,0.3443174958229065,0,95.55290222167969
206.60000000000002,3.6448021200493876,-0.7247917752809223,0.21999999999999997,0.07692307692307715,1.633467028,0.3443174958229065,0,95.55290222167969
206.60000000000002,3.6448021200493876,-0.7247917752809223,0.21999999999999997,0.07692307692307715,1.633467028,0.3443174958229065,0,95.55290222167969
206.60000000000002,3.6448021200493876,-0.7247917752809223,0.21999999999999997,0.07692307692307715,1.633467028,0.3443174958229065,0,95.55290222167969
206.60000000000002,3.649114297039609,-0.7186903467211627,0.21999999999999997,0.07692307692307715,1.624112201,0.3443174958229065,0,95.55290222167969
206.60000000000002,3.649114297039609,-0.7186903467211627,0.21999999999999997,0.07692307692307715,1.624112201,0.3443174958229065,0,95.55290222167969
206.60000000000002,3.649114297039609,-0.7186903467211627,0.21999999999999997,0.07692307692307715,1.624112201,0.3443174958229065,0,95.55290222167969
206.60000000000002,3.649114297039609,-0.7186903467211627,0.21999999999999997,0.0,1.624112201,0.3443174958229065,0,95.55290222167969
206.60000000000002,3.649114297039609,-0.7186903467211627,0.21999999999999997,0.0,1.624112201,0.3443174958229065,0,95.55290222167969
206.60000000000002,3.653395574256434,-0.7125686301070315,0.21999999999999997,0.0,1.623742486,0.3443174958229065,0,95.55290222167969
206.60000000000002,3.653395574256434,-0.7125686301070315,0.21999999999999997,0.0,1.623742486,0.3443174958229065,0,95.55290222167969
206.70000000000002,3.653395574256434,-0.7125686301070315,0.21999999999999997,0.0,1.623742486,0.3443174958229065,0,95.55290222167969
206.70000000000002,3.6576643067365446,-0.7064282950451786,0.21999999999999997,0.0,1.623742486,0.3443174958229065,0,95.55290222167969
206.70000000000002,3.6576643067365446,-0.7064282950451786,0.21999999999999997,0.0,1.6234533130000002,0.3443174958229065,0,95.55290222167969
206.70000000000002,3.6576643067365446,-0.7064282950451786,0.21999999999999997,0.0,1.6234533130000002,0.3443174958229065,0,95.55290222167969
206.70000000000002,3.6576643067365446,-0.7064282950451786,0.21999999999999997,0.0,1.6234533130000002,0.3443174958229065,0,95.55290222167969
206.70000000000002,3.6576643067365446,-0.7064282950451786,0.21999999999999997,0.0,1.6234533130000002,0.3443174958229065,0,95.55290222167969
206.70000000000002,3.6619449681279646,-0.7002902470504666,0.19684210526315787,0.12820512820512842,1.623363539,0.3443174958229065,0,95.55290222167969
206.70000000000002,3.6619449681279646,-0.7002902470504666,0.19684210526315787,0.12820512820512842,1.623363539,0.3443174958229065,0,95.55290222167969
206.70000000000002,3.6619449681279646,-0.7002902470504666,0.19684210526315787,0.12820512820512842,1.623363539,0.3443174958229065,0,95.55290222167969
206.70000000000002,3.6619449681279646,-0.7002902470504666,0.19684210526315787,0.12820512820512842,1.623363539,0.3443174958229065,0,95.55290222167969
206.70000000000002,3.6619449681279646,-0.7002902470504666,0.19684210526315787,0.12820512820512842,1.623363539,0.3443174958229065,0,95.55290222167969
206.70000000000002,3.666229615422966,-0.6941612571797879,0.19684210526315787,0.12820512820512842,1.387653739,0.29431748390197754,0,95.55290222167969
206.8,3.666229615422966,-0.6941612571797879,0.19684210526315787,0.12820512820512842,1.387653739,0.29431748390197754,0,95.55290222167969
206.8,3.666229615422966,-0.6941612571797879,0.19684210526315787,0.12820512820512842,1.387653739,0.29431748390197754,0,95.55290222167969
206.8,3.670042619694952,-0.6886739384110032,0.19684210526315787,0.12820512820512842,1.3960310580000002,0.29431748390197754,0,95.55290222167969
206.8,3.670042619694952,-0.6886739384110032,0.19684210526315787,0.12820512820512842,1.3960310580000002,0.29431748390197754,0,95.55290222167969
206.8,3.670042619694952,-0.6886739384110032,0.18526315789473682,0.12820512820512842,1.3960310580000002,0.29431748390197754,0,95.55290222167969
206.8,3.6737938827974617,-0.6831568557844112,0.18526315789473682,0.12820512820512842,1.44699887,0.3032247722148895,0,95.55290222167969
206.8,3.6737938827974617,-0.6831568557844112,0.18526315789473682,0.12820512820512842,1.44699887,0.3032247722148895,0,95.55290222167969
206.8,3.6737938827974617,-0.6831568557844112,0.18526315789473682,0.12820512820512842,1.44699887,0.3032247722148895,0,95.55290222167969
206.8,3.6737938827974617,-0.6831568557844112,0.18526315789473682,0.12820512820512842,1.44699887,0.3032247722148895,0,95.55290222167969
206.8,3.6737938827974617,-0.6831568557844112,0.18526315789473682,0.12820512820512842,1.44699887,0.3032247722148895,0,95.55290222167969
206.8,3.6772939942823006,-0.6779245763696775,0.18526315789473682,0.12820512820512842,1.456330036,0.3032247722148895,0,95.55290222167969
206.9,3.6772939942823006,-0.6779245763696775,0.18526315789473682,0.12820512820512842,1.456330036,0.3032247722148895,0,95.55290222167969
206.9,3.6772939942823006,-0.6779245763696775,0.18526315789473682,-0.02564102564102541,1.456330036,0.3032247722148895,0,95.55290222167969
206.9,3.6772939942823006,-0.6779245763696775,0.18526315789473682,-0.02564102564102541,1.456330036,0.3032247722148895,0,95.55290222167969
206.9,3.6807949578011447,-0.6726871085589088,0.18526315789473682,-0.02564102564102541,1.456330036,0.3032247722148895,0,95.55290222167969
206.9,3.6807949578011447,-0.6726871085589088,0.18526315789473682,-0.02564102564102541,1.464663557,0.3032247722148895,0,95.55290222167969
206.9,3.6807949578011447,-0.6726871085589088,0.18526315789473682,-0.02564102564102541,1.464663557,0.3032247722148895,0,95.55290222167969
206.9,3.6807949578011447,-0.6726871085589088,0.18526315789473682,-0.02564102564102541,1.464663557,0.3032247722148895,0,95.55290222167969
206.9,3.6807949578011447,-0.6726871085589088,0.18526315789473682,-0.02564102564102541,1.464663557,0.3032247722148895,0,95.55290222167969
206.9,3.6842789728323186,-0.6674465760904513,0.18526315789473682,-0.02564102564102541,1.492019645,0.3032247722148895,0,95.55290222167969
206.9,3.6842789728323186,-0.6674465760904513,0.18526315789473682,-0.02564102564102541,1.492019645,0.3032247722148895,0,95.55290222167969
206.9,3.6842789728323186,-0.6674465760904513,0.18526315789473682,-0.02564102564102541,1.492019645,0.3032247722148895,0,95.55290222167969
206.9,3.6842789728323186,-0.6674465760904513,0.17368421052631577,0.0,1.492019645,0.3032247722148895,0,95.55290222167969
206.9,3.6877631153469244,-0.6621938357037764,0.17368421052631577,0.0,1.520617546,0.3032247722148895,0,95.55290222167969
206.9,3.6877631153469244,-0.6621938357037764,0.17368421052631577,0.0,1.520617546,0.3032247722148895,0,95.55290222167969
207.0,3.6877631153469244,-0.6621938357037764,0.17368421052631577,0.0,1.520617546,0.3032247722148895,0,95.44945526123047
207.0,3.6910449687814904,-0.6572780984948432,0.17368421052631577,0.0,1.520617546,0.3032247722148895,0,95.44945526123047
207.0,3.6910449687814904,-0.6572780984948432,0.17368421052631577,0.0,1.5598348130000002,0.3032247722148895,0,95.44945526123047
207.0,3.6910449687814904,-0.6572780984948432,0.17368421052631577,0.0,1.5598348130000002,0.3032247722148895,0,95.44945526123047
207.0,3.6910449687814904,-0.6572780984948432,0.17368421052631577,0.0,1.5598348130000002,0.3032247722148895,0,95.44945526123047
207.0,3.6910449687814904,-0.6572780984948432,0.17368421052631577,0.0,1.5598348130000002,0.3032247722148895,0,95.44945526123047
207.0,3.6943256635573913,-0.6523705921918828,0.17368421052631577,0.0,1.228621575,0.23251408338546753,0,95.44945526123047
207.0,3.6943256635573913,-0.6523705921918828,0.16210526315789472,0.0,1.228621575,0.23251408338546753,0,95.44945526123047
207.0,3.6943256635573913,-0.6523705921918828,0.16210526315789472,0.0,1.228621575,0.23251408338546753,0,95.44945526123047
207.0,3.6943256635573913,-0.6523705921918828,0.16210526315789472,0.0,1.228621575,0.23251408338546753,0,95.44945526123047
207.0,3.6943256635573913,-0.6523705921918828,0.16210526315789472,0.0,1.228621575,0.23251408338546753,0,95.44945526123047
207.10000000000002,3.69759791667357,-0.647457594154119,0.16210526315789472,0.0,1.262800759,0.23251408338546753,0,95.44945526123047
207.10000000000002,3.69759791667357,-0.647457594154119,0.16210526315789472,0.0,1.262800759,0.23251408338546753,0,95.44945526123047
207.10000000000002,3.69759791667357,-0.647457594154119,0.16210526315789472,0.0,1.262800759,0.23251408338546753,0,95.44945526123047
207.10000000000002,3.69759791667357,-0.647457594154119,0.16210526315789472,0.0,1.262800759,0.23251408338546753,0,95.44945526123047
207.10000000000002,3.700654098799528,-0.6428696650153467,0.16210526315789472,0.0,1.288754776,0.23251408338546753,0,95.44945526123047
207.10000000000002,3.700654098799528,-0.6428696650153467,0.16210526315789472,0.0,1.288754776,0.23251408338546753,0,95.44945526123047
207.10000000000002,3.700654098799528,-0.6428696650153467,0.15052631578947367,0.12820512820512842,1.288754776,0.23251408338546753,0,95.44945526123047
207.10000000000002,3.703715353410037,-0.6382861429165512,0.15052631578947367,0.12820512820512842,1.317157167,0.23251408338546753,0,95.44945526123047
207.10000000000002,3.703715353410037,-0.6382861429165512,0.15052631578947367,0.12820512820512842,1.317157167,0.23251408338546753,0,95.44945526123047
207.10000000000002,3.703715353410037,-0.6382861429165512,0.15052631578947367,0.12820512820512842,1.317157167,0.23251408338546753,0,95.44945526123047
207.10000000000002,3.703715353410037,-0.6382861429165512,0.15052631578947367,0.12820512820512842,1.317157167,0.23251408338546753,0,95.44945526123047
207.10000000000002,3.7065503654227716,-0.6340333339629947,0.15052631578947367,0.12820512820512842,1.346230195,0.23251408338546753,0,95.44945526123047
207.10000000000002,3.7065503654227716,-0.6340333339629947,0.15052631578947367,0.12820512820512842,1.346230195,0.23251408338546753,0,95.44945526123047
207.20000000000002,3.7065503654227716,-0.6340333339629947,0.15052631578947367,0.12820512820512842,1.346230195,0.23251408338546753,0,95.44945526123047
207.20000000000002,3.7065503654227716,-0.6340333339629947,0.15052631578947367,0.12820512820512842,1.346230195,0.23251408338546753,0,95.44945526123047
207.20000000000002,3.7065503654227716,-0.6340333339629947,0.15052631578947367,0.12820512820512842,1.346230195,0.23251408338546753,0,95.44945526123047
207.20000000000002,3.709359696479294,-0.6297714572804525,0.13894736842105262,0.12820512820512842,1.377302377,0.23251408338546753,0,95.44945526123047
207.20000000000002,3.709359696479294,-0.6297714572804525,0.13894736842105262,0.12820512820512842,1.377302377,0.23251408338546753,0,95.44945526123047
207.20000000000002,3.709359696479294,-0.6297714572804525,0.13894736842105262,0.12820512820512842,1.377302377,0.23251408338546753,0,95.44945526123047
207.20000000000002,3.709359696479294,-0.6297714572804525,0.13894736842105262,0.12820512820512842,1.377302377,0.23251408338546753,0,95.44945526123047
207.20000000000002,3.7121465876242565,-0.625489851112965,0.13894736842105262,0.12820512820512842,1.408738767,0.23251408338546753,0,95.44945526123047
207.20000000000002,3.7121465876242565,-0.625489851112965,0.13894736842105262,0.12820512820512842,1.408738767,0.23251408338546753,0,95.44945526123047
207.20000000000002,3.7121465876242565,-0.625489851112965,0.13894736842105262,0.12820512820512842,1.408738767,0.23251408338546753,0,95.44945526123047
207.20000000000002,3.7121465876242565,-0.625489851112965,0.13894736842105262,0.12820512820512842,1.408738767,0.23251408338546753,0,95.44945526123047
207.3,3.7147055704963554,-0.6215276344851937,0.13894736842105262,0.12820512820512842,1.453537502,0.23251408338546753,0,95.44945526123047
207.3,3.7147055704963554,-0.6215276344851937,0.13894736842105262,0.12820512820512842,1.453537502,0.23251408338546753,0,95.44945526123047
207.3,3.7147055704963554,-0.6215276344851937,0.13894736842105262,-0.03179487179487159,1.453537502,0.23251408338546753,0,95.44945526123047
207.3,3.7147055704963554,-0.6215276344851937,0.13894736842105262,-0.03179487179487159,1.453537502,0.23251408338546753,0,95.44945526123047
207.3,3.7172504034525726,-0.6175571281828576,0.13894736842105262,-0.03179487179487159,1.49093365,0.23251408338546753,0,95.44945526123047
207.3,3.7172504034525726,-0.6175571281828576,0.13894736842105262,-0.03179487179487159,1.49093365,0.23251408338546753,0,95.44945526123047
207.3,3.7172504034525726,-0.6175571281828576,0.13894736842105262,-0.03179487179487159,1.49093365,0.23251408338546753,0,95.44945526123047
207.3,3.7172504034525726,-0.6175571281828576,0.13894736842105262,-0.07692307692307669,1.49093365,0.23251408338546753,0,95.44945526123047
207.3,3.719304486006451,-0.6141198172608293,0.13894736842105262,-0.07692307692307669,1.528444407,0.23251408338546753,0,95.44945526123047
207.3,3.719304486006451,-0.6141198172608293,0.13894736842105262,-0.07692307692307669,1.528444407,0.23251408338546753,0,95.44945526123047
207.3,3.719304486006451,-0.6141198172608293,0.13894736842105262,-0.07692307692307669,1.528444407,0.23251408338546753,0,95.44945526123047
207.3,3.7195359275504085,-0.6127821754342618,0.13894736842105262,-0.07692307692307669,1.566994851,0.23251408338546753,0,95.44945526123047
207.4,3.7195359275504085,-0.6127821754342618,0.12736842105263158,-0.02564102564102541,1.566994851,0.23251408338546753,0,95.44945526123047
207.4,3.7195359275504085,-0.6127821754342618,0.12736842105263158,-0.02564102564102541,1.566994851,0.23251408338546753,0,95.44945526123047
207.4,3.7195359275504085,-0.6127821754342618,0.12736842105263158,-0.02564102564102541,1.566994851,0.23251408338546753,0,95.44945526123047
207.4,3.7197914107756205,-0.6114617563711651,0.12736842105263158,-0.02564102564102541,1.595920074,0.23251408338546753,0,95.44945526123047
207.4,3.7197914107756205,-0.6114617563711651,0.12736842105263158,-0.02564102564102541,1.595920074,0.23251408338546753,0,95.44945526123047
207.4,3.7197914107756205,-0.6114617563711651,0.12736842105263158,-0.02564102564102541,1.595920074,0.23251408338546753,0,95.44945526123047
207.4,3.7197914107756205,-0.6114617563711651,0.12736842105263158,-0.02564102564102541,1.595920074,0.23251408338546753,0,95.44945526123047
207.4,3.719832680947709,-0.6104852022238559,0.12736842105263158,-0.02564102564102541,1.6395783700000002,0.23251408338546753,0,95.44945526123047
207.4,3.719832680947709,-0.6104852022238559,0.12736842105263158,-0.02564102564102541,1.6395783700000002,0.23251408338546753,0,95.44945526123047
207.4,3.719832680947709,-0.6104852022238559,0.12736842105263158,-0.02564102564102541,1.6395783700000002,0.23251408338546753,0,95.44945526123047
207.4,3.719832680947709,-0.6104852022238559,0.11578947368421051,0.12820512820512842,1.6395783700000002,0.23251408338546753,0,95.44945526123047
207.5,3.719865559367357,-0.6095052979820972,0.11578947368421051,0.12820512820512842,1.668976818,0.23251408338546753,0,95.44945526123047
207.5,3.719865559367357,-0.6095052979820972,0.11578947368421051,0.12820512820512842,1.668976818,0.23251408338546753,0,95.38776397705078
207.5,3.719865559367357,-0.6095052979820972,0.11578947368421051,0.12820512820512842,1.668976818,0.23251408338546753,0,95.38776397705078
207.5,3.719865559367357,-0.6095052979820972,0.11578947368421051,0.12820512820512842,1.668976818,0.23251408338546753,0,95.38776397705078
207.5,3.719674032455228,-0.6088510272664105,0.11578947368421051,0.12820512820512842,1.717537714,0.23251408338546753,0,95.38776397705078
207.5,3.719674032455228,-0.6088510272664105,0.11578947368421051,0.12820512820512842,1.717537714,0.23251408338546753,0,95.38776397705078
207.5,3.719674032455228,-0.6088510272664105,0.11578947368421051,0.12820512820512842,1.717537714,0.23251408338546753,0,95.38776397705078
207.5,3.719674032455228,-0.6088510272664105,0.11578947368421051,0.12820512820512842,1.717537714,0.23251408338546753,0,95.38776397705078
207.5,3.719957009140658,-0.6076593346768091,0.11578947368421051,0.12820512820512842,1.717537714,0.23251408338546753,0,95.38776397705078
207.5,3.719957009140658,-0.6076593346768091,0.11578947368421051,-0.03179487179487159,1.769559138,0.23251408338546753,0,95.38776397705078
207.5,3.719957009140658,-0.6076593346768091,0.11578947368421051,-0.03179487179487159,1.769559138,0.23251408338546753,0,95.38776397705078
207.5,3.719957009140658,-0.6076593346768091,0.11578947368421051,-0.03179487179487159,1.769559138,0.23251408338546753,0,95.38776397705078
207.60000000000002,3.7221277039830127,-0.6043877604527121,0.11578947368421051,-0.03179487179487159,1.804956411,0.23251408338546753,0,95.38776397705078
207.60000000000002,3.7221277039830127,-0.6043877604527121,0.11578947368421051,-0.03179487179487159,1.804956411,0.23251408338546753,0,95.38776397705078
207.60000000000002,3.7221277039830127,-0.6043877604527121,0.11578947368421051,-0.07692307692307669,1.804956411,0.23251408338546753,0,95.38776397705078
207.60000000000002,3.7221277039830127,-0.6043877604527121,0.11578947368421051,-0.07692307692307669,1.804956411,0.23251408338546753,0,95.38776397705078
207.60000000000002,3.724292004758018,-0.6011029211522445,0.11578947368421051,-0.07692307692307669,1.804956411,0.23251408338546753,0,95.38776397705078
207.60000000000002,3.724292004758018,-0.6011029211522445,0.11578947368421051,-0.07692307692307669,1.841181909,0.23251408338546753,0,95.38776397705078
207.60000000000002,3.724292004758018,-0.6011029211522445,0.11578947368421051,-0.07692307692307669,1.841181909,0.23251408338546753,0,95.38776397705078
207.60000000000002,3.7264686743444737,-0.5978144113568731,0.10421052631578946,0.07692307692307716,1.475251615,0.18251408636569977,0,95.38776397705078
207.60000000000002,3.7264686743444737,-0.5978144113568731,0.10421052631578946,0.07692307692307716,1.475251615,0.18251408636569977,0,95.38776397705078
207.60000000000002,3.7264686743444737,-0.5978144113568731,0.10421052631578946,0.07692307692307716,1.475251615,0.18251408636569977,0,95.38776397705078
207.60000000000002,3.7264686743444737,-0.5978144113568731,0.10421052631578946,0.07692307692307716,1.475251615,0.18251408636569977,0,95.38776397705078
207.60000000000002,3.7264686743444737,-0.5978144113568731,0.10421052631578946,0.07692307692307716,1.475251615,0.18251408636569977,0,95.38776397705078
207.70000000000002,3.7284297441956666,-0.5948685098723678,0.10421052631578946,0.07692307692307715,1.5240252189999999,0.18251408636569977,0,95.38776397705078
207.70000000000002,3.7284297441956666,-0.5948685098723678,0.10421052631578946,0.07692307692307715,1.5240252189999999,0.18251408636569977,0,95.38776397705078
207.70000000000002,3.7284297441956666,-0.5948685098723678,0.10421052631578946,0.07692307692307715,1.5240252189999999,0.18251408636569977,0,95.38776397705078
207.70000000000002,3.7284297441956666,-0.5948685098723678,0.10421052631578946,0.07692307692307715,1.5240252189999999,0.18251408636569977,0,95.38776397705078
207.70000000000002,3.7284297441956666,-0.5948685098723678,0.10421052631578946,0.07692307692307715,1.5240252189999999,0.18251408636569977,0,95.38776397705078
207.70000000000002,3.7303678439748813,-0.5919223202121096,0.09263157894736841,0.12820512820512842,1.5240252189999999,0.18251408636569977,0,95.38776397705078
207.70000000000002,3.7303678439748813,-0.5919223202121096,0.09263157894736841,0.12820512820512842,1.574603554,0.18251408636569977,0,95.38776397705078
207.70000000000002,3.7303678439748813,-0.5919223202121096,0.09263157894736841,0.12820512820512842,1.574603554,0.18251408636569977,0,95.38776397705078
207.70000000000002,3.7303678439748813,-0.5919223202121096,0.09263157894736841,0.12820512820512842,1.574603554,0.18251408636569977,0,95.38776397705078
207.70000000000002,3.7303678439748813,-0.5919223202121096,0.09263157894736841,0.12820512820512842,1.574603554,0.18251408636569977,0,95.38776397705078
207.70000000000002,3.7303678439748813,-0.5919223202121096,0.09263157894736841,0.12820512820512842,1.574603554,0.18251408636569977,0,95.38776397705078
207.70000000000002,3.732073589509776,-0.589288576153228,0.09263157894736841,0.12820512820512842,1.6275802750000001,0.18251408636569977,0,95.38776397705078
207.70000000000002,3.732073589509776,-0.589288576153228,0.09263157894736841,0.12820512820512842,1.6275802750000001,0.18251408636569977,0,95.38776397705078
207.70000000000002,3.732073589509776,-0.589288576153228,0.09263157894736841,0.12820512820512842,1.6275802750000001,0.18251408636569977,0,95.38776397705078
207.70000000000002,3.732073589509776,-0.589288576153228,0.09263157894736841,0.12820512820512842,1.6275802750000001,0.18251408636569977,0,95.38776397705078
207.8,3.7337701844754823,-0.5866447868692675,0.09263157894736841,0.07692307692307715,1.68662196,0.18251408636569977,0,95.38776397705078
207.8,3.7337701844754823,-0.5866447868692675,0.09263157894736841,0.07692307692307715,1.68662196,0.18251408636569977,0,95.38776397705078
207.8,3.7337701844754823,-0.5866447868692675,0.09263157894736841,0.07692307692307715,1.68662196,0.18251408636569977,0,95.38776397705078
207.8,3.735456280754679,-0.5839934563134719,0.09263157894736841,0.07692307692307715,1.7274228470000002,0.18251408636569977,0,95.38776397705078
207.8,3.735456280754679,-0.5839934563134719,0.09263157894736841,0.07692307692307715,1.7274228470000002,0.18251408636569977,0,95.38776397705078
207.8,3.735456280754679,-0.5839934563134719,0.09263157894736841,0.07692307692307715,1.7274228470000002,0.18251408636569977,0,95.38776397705078
207.8,3.735456280754679,-0.5839934563134719,0.09263157894736841,0.07692307692307715,1.7274228470000002,0.18251408636569977,0,95.38776397705078
207.8,3.735456280754679,-0.5839934563134719,0.09263157894736841,0.07692307692307715,1.7274228470000002,0.18251408636569977,0,95.38776397705078
207.8,3.7371374822537446,-0.5813343478030737,0.09263157894736841,0.07692307692307715,1.770193734,0.18251408636569977,0,95.38776397705078
207.8,3.7371374822537446,-0.5813343478030737,0.09263157894736841,0.07692307692307715,1.770193734,0.18251408636569977,0,95.38776397705078
207.8,3.7371374822537446,-0.5813343478030737,0.09263157894736841,-0.08307692307692285,1.770193734,0.18251408636569977,0,95.38776397705078
207.9,3.738813048301326,-0.5786732911841936,0.09263157894736841,-0.08307692307692285,1.815673645,0.18251408636569977,0,95.38776397705078
207.9,3.738813048301326,-0.5786732911841936,0.09263157894736841,-0.08307692307692285,1.815673645,0.18251408636569977,0,95.38776397705078
207.9,3.738813048301326,-0.5786732911841936,0.09263157894736841,-0.08307692307692285,1.815673645,0.18251408636569977,0,95.38776397705078
207.9,3.738813048301326,-0.5786732911841936,0.09263157894736841,-0.08307692307692285,1.815673645,0.18251408636569977,0,95.38776397705078
207.9,3.740480536574842,-0.5760102525082706,0.09263157894736841,-0.12820512820512797,1.863608058,0.18251408636569977,0,95.38776397705078
207.9,3.740480536574842,-0.5760102525082706,0.09263157894736841,-0.12820512820512797,1.863608058,0.18251408636569977,0,95.38776397705078
207.9,3.740480536574842,-0.5760102525082706,0.09263157894736841,-0.12820512820512797,1.863608058,0.18251408636569977,0,95.38776397705078
207.9,3.742150635023747,-0.5733374906469371,0.09263157894736841,-0.12820512820512797,1.9120848480000001,0.18251408636569977,0,95.38776397705078
207.9,3.742150635023747,-0.5733374906469371,0.09263157894736841,-0.12820512820512797,1.9120848480000001,0.18251408636569977,0,95.38776397705078
207.9,3.742150635023747,-0.5733374906469371,0.08105263157894736,0.03179487179487203,1.9120848480000001,0.18251408636569977,0,95.38776397705078
207.9,3.742150635023747,-0.5733374906469371,0.08105263157894736,0.03179487179487203,1.9120848480000001,0.18251408636569977,0,95.38776397705078
208.0,3.7438368583827675,-0.5706636906151284,0.08105263157894736,0.03179487179487203,1.937477893,0.18251408636569977,0,95.34527587890625
208.0,3.7438368583827675,-0.5706636906151284,0.08105263157894736,0.03179487179487203,1.937477893,0.18251408636569977,0,95.34527587890625
208.0,3.7438368583827675,-0.5706636906151284,0.08105263157894736,0.03179487179487203,1.937477893,0.18251408636569977,0,95.34527587890625
208.0,3.7438368583827675,-0.5706636906151284,0.08105263157894736,0.07692307692307715,1.937477893,0.18251408636569977,0,95.34527587890625
208.0,3.745320099158985,-0.5683371833680017,0.08105263157894736,0.07692307692307715,1.9913266,0.18251408636569977,0,95.34527587890625
208.0,3.745320099158985,-0.5683371833680017,0.08105263157894736,0.07692307692307715,1.9913266,0.18251408636569977,0,95.34527587890625
208.0,3.745320099158985,-0.5683371833680017,0.08105263157894736,0.07692307692307715,1.9913266,0.18251408636569977,0,95.34527587890625
208.0,3.745320099158985,-0.5683371833680017,0.08105263157894736,0.07692307692307715,1.9913266,0.18251408636569977,0,95.34527587890625
208.0,3.7467868998969847,-0.5660196279620093,0.08105263157894736,-0.08307692307692285,2.021987529,0.18251408636569977,0,95.34527587890625
208.0,3.7467868998969847,-0.5660196279620093,0.08105263157894736,-0.08307692307692285,2.021987529,0.18251408636569977,0,95.34527587890625
208.10000000000002,3.7467868998969847,-0.5660196279620093,0.08105263157894736,-0.08307692307692285,2.021987529,0.18251408636569977,0,95.34527587890625
208.10000000000002,3.748242309508716,-0.5636871956861602,0.08105263157894736,-0.08307692307692285,2.050234395,0.18251408636569977,0,95.34527587890625
208.10000000000002,3.748242309508716,-0.5636871956861602,0.08105263157894736,-0.08307692307692285,2.050234395,0.18251408636569977,0,95.34527587890625
208.10000000000002,3.748242309508716,-0.5636871956861602,0.08105263157894736,-0.17948717948717924,2.050234395,0.18251408636569977,0,95.34527587890625
208.10000000000002,3.7497032835347675,-0.5613440362817691,0.08105263157894736,-0.17948717948717924,2.050234395,0.18251408636569977,0,95.34527587890625
208.10000000000002,3.7497032835347675,-0.5613440362817691,0.08105263157894736,-0.17948717948717924,1.5083549330000001,0.1325140744447708,0,95.34527587890625
208.10000000000002,3.7497032835347675,-0.5613440362817691,0.08105263157894736,-0.17948717948717924,1.5083549330000001,0.1325140744447708,0,95.34527587890625
208.10000000000002,3.7497032835347675,-0.5613440362817691,0.08105263157894736,-0.17948717948717924,1.5083549330000001,0.1325140744447708,0,95.34527587890625
208.10000000000002,3.7497032835347675,-0.5613440362817691,0.06947368421052631,-0.019487179487179235,1.5083549330000001,0.1325140744447708,0,95.34527587890625
208.10000000000002,3.7511822020606833,-0.559002145714053,0.06947368421052631,-0.019487179487179235,1.529497168,0.1325140744447708,0,95.34527587890625
208.10000000000002,3.7511822020606833,-0.559002145714053,0.06947368421052631,-0.019487179487179235,1.529497168,0.1325140744447708,0,95.34527587890625
208.10000000000002,3.7511822020606833,-0.559002145714053,0.06947368421052631,-0.019487179487179235,1.529497168,0.1325140744447708,0,95.34527587890625
208.20000000000002,3.7524570460187308,-0.5570088775413631,0.06947368421052631,0.07692307692307715,1.529497168,0.1325140744447708,0,95.34527587890625
208.20000000000002,3.7524570460187308,-0.5570088775413631,0.06947368421052631,0.07692307692307715,1.578466369,0.1325140744447708,0,95.34527587890625
208.20000000000002,3.7524570460187308,-0.5570088775413631,0.06947368421052631,0.07692307692307715,1.578466369,0.1325140744447708,0,95.34527587890625
208.20000000000002,3.7524570460187308,-0.5570088775413631,0.06947368421052631,0.07692307692307715,1.578466369,0.1325140744447708,0,95.34527587890625
208.20000000000002,3.7524570460187308,-0.5570088775413631,0.06947368421052631,0.07692307692307715,1.578466369,0.1325140744447708,0,95.34527587890625
208.20000000000002,3.7524570460187308,-0.5570088775413631,0.06947368421052631,0.07692307692307715,1.578466369,0.1325140744447708,0,95.34527587890625
208.20000000000002,3.7537163859832177,-0.5550269507214943,0.06947368421052631,0.07692307692307715,1.628141333,0.1325140744447708,0,95.34527587890625
208.20000000000002,3.7537163859832177,-0.5550269507214943,0.06947368421052631,0.07692307692307715,1.628141333,0.1325140744447708,0,95.34527587890625
208.20000000000002,3.7537163859832177,-0.5550269507214943,0.06947368421052631,0.07692307692307715,1.628141333,0.1325140744447708,0,95.34527587890625
208.20000000000002,3.7537163859832177,-0.5550269507214943,0.06947368421052631,0.07692307692307715,1.628141333,0.1325140744447708,0,95.34527587890625
208.20000000000002,3.7537163859832177,-0.5550269507214943,0.06947368421052631,0.07692307692307715,1.628141333,0.1325140744447708,0,95.34527587890625
208.20000000000002,3.754965345846954,-0.5530314139087381,0.06947368421052631,-0.08307692307692285,1.681721825,0.1325140744447708,0,95.34527587890625
208.20000000000002,3.754965345846954,-0.5530314139087381,0.06947368421052631,-0.08307692307692285,1.681721825,0.1325140744447708,0,95.34527587890625
208.20000000000002,3.754965345846954,-0.5530314139087381,0.06947368421052631,-0.08307692307692285,1.681721825,0.1325140744447708,0,95.34527587890625
208.3,3.754965345846954,-0.5530314139087381,0.06947368421052631,-0.08307692307692285,1.681721825,0.1325140744447708,0,95.34527587890625
208.3,3.7562163632670744,-0.551026686884035,0.06947368421052631,-0.08307692307692285,1.739448468,0.1325140744447708,0,95.34527587890625
208.3,3.7562163632670744,-0.551026686884035,0.06947368421052631,-0.17948717948717924,1.739448468,0.1325140744447708,0,95.34527587890625
208.3,3.7562163632670744,-0.551026686884035,0.06947368421052631,-0.17948717948717924,1.739448468,0.1325140744447708,0,95.34527587890625
208.3,3.7562163632670744,-0.551026686884035,0.06947368421052631,-0.17948717948717924,1.739448468,0.1325140744447708,0,95.34527587890625
208.3,3.7574671625579024,-0.5490239236626029,0.06947368421052631,-0.17948717948717924,1.768398434,0.1325140744447708,0,95.34527587890625
208.3,3.7574671625579024,-0.5490239236626029,0.06947368421052631,-0.17948717948717924,1.768398434,0.1325140744447708,0,95.34527587890625
208.3,3.7574671625579024,-0.5490239236626029,0.06947368421052631,-0.17948717948717924,1.768398434,0.1325140744447708,0,95.34527587890625
208.3,3.7574671625579024,-0.5490239236626029,0.06947368421052631,-0.17948717948717924,1.768398434,0.1325140744447708,0,95.34527587890625
208.3,3.7587281457092936,-0.5470154167189166,0.06947368421052631,-0.17948717948717924,1.795756737,0.1325140744447708,0,95.34527587890625
208.3,3.7587281457092936,-0.5470154167189166,0.06947368421052631,-0.17948717948717924,1.795756737,0.1325140744447708,0,95.34527587890625
208.3,3.7587281457092936,-0.5470154167189166,0.06947368421052631,-0.17948717948717924,1.795756737,0.1325140744447708,0,95.34527587890625
208.4,3.7587281457092936,-0.5470154167189166,0.05789473684210526,-0.019487179487179235,1.795756737,0.1325140744447708,0,95.34527587890625
208.4,3.7600085181810083,-0.5450112727952361,0.05789473684210526,-0.019487179487179235,1.8290983500000002,0.1325140744447708,0,95.34527587890625
208.4,3.7600085181810083,-0.5450112727952361,0.05789473684210526,-0.019487179487179235,1.8290983500000002,0.1325140744447708,0,95.34527587890625
208.4,3.7600085181810083,-0.5450112727952361,0.05789473684210526,-0.019487179487179235,1.8290983500000002,0.1325140744447708,0,95.34527587890625
208.4,3.7610783848355425,-0.5433578198181153,0.05789473684210526,-0.019487179487179235,1.8290983500000002,0.1325140744447708,0,95.34527587890625
208.4,3.7610783848355425,-0.5433578198181153,0.05789473684210526,0.07692307692307715,1.8989306350000001,0.1325140744447708,0,95.34527587890625
208.4,3.7610783848355425,-0.5433578198181153,0.05789473684210526,0.07692307692307715,1.8989306350000001,0.1325140744447708,0,95.34527587890625
208.4,3.762135224739885,-0.5417119170131172,0.05789473684210526,0.07692307692307715,1.8989306350000001,0.1325140744447708,0,95.34527587890625
208.4,3.762135224739885,-0.5417119170131172,0.05789473684210526,0.07692307692307715,1.9735525420000002,0.1325140744447708,0,95.34527587890625
208.4,3.762135224739885,-0.5417119170131172,0.05789473684210526,0.07692307692307715,1.9735525420000002,0.1325140744447708,0,95.34527587890625
208.4,3.762135224739885,-0.5417119170131172,0.05789473684210526,-0.08307692307692285,1.9735525420000002,0.1325140744447708,0,95.34527587890625
208.5,3.762135224739885,-0.5417119170131172,0.05789473684210526,-0.08307692307692285,1.9735525420000002,0.1325140744447708,0,95.30786895751953
208.5,3.76319210440937,-0.5400512525027619,0.05789473684210526,-0.08307692307692285,2.007983925,0.1325140744447708,0,95.30786895751953
208.5,3.76319210440937,-0.5400512525027619,0.05789473684210526,-0.08307692307692285,2.007983925,0.1325140744447708,0,95.30786895751953
208.5,3.76319210440937,-0.5400512525027619,0.05789473684210526,-0.08307692307692285,1.82912719,0.12071067839860916,0,95.30786895751953
208.5,3.76319210440937,-0.5400512525027619,0.05789473684210526,-0.12820512820512797,1.82912719,0.12071067839860916,0,95.30786895751953
208.5,3.7642531003850355,-0.5383895794864788,0.05789473684210526,-0.12820512820512797,1.865127226,0.12071067839860916,0,95.30786895751953
208.5,3.7642531003850355,-0.5383895794864788,0.05789473684210526,-0.12820512820512797,1.865127226,0.12071067839860916,0,95.30786895751953
208.5,3.7642531003850355,-0.5383895794864788,0.05789473684210526,-0.12820512820512797,1.865127226,0.12071067839860916,0,95.30786895751953
208.5,3.7642531003850355,-0.5383895794864788,0.05789473684210526,-0.12820512820512797,1.865127226,0.12071067839860916,0,95.30786895751953
208.5,3.7653222462154456,-0.5367272759776567,0.05789473684210526,-0.17948717948717924,1.902985799,0.12071067839860916,0,95.30786895751953
208.5,3.7653222462154456,-0.5367272759776567,0.05789473684210526,-0.17948717948717924,1.902985799,0.12071067839860916,0,95.30786895751953
208.60000000000002,3.7653222462154456,-0.5367272759776567,0.05789473684210526,-0.17948717948717924,1.902985799,0.12071067839860916,0,95.30786895751953
208.60000000000002,3.7653222462154456,-0.5367272759776567,0.05789473684210526,-0.17948717948717924,1.902985799,0.12071067839860916,0,95.30786895751953
208.60000000000002,3.7664015377159776,-0.5350675129830633,0.05789473684210526,-0.17948717948717924,1.902985799,0.12071067839860916,0,95.30786895751953
208.60000000000002,3.7664015377159776,-0.5350675129830633,0.05789473684210526,-0.17948717948717924,1.93955969,0.12071067839860916,0,95.30786895751953
208.60000000000002,3.7664015377159776,-0.5350675129830633,0.05789473684210526,-0.17948717948717924,1.93955969,0.12071067839860916,0,95.30786895751953
208.60000000000002,3.7664015377159776,-0.5350675129830633,0.05789473684210526,-0.17948717948717924,1.93955969,0.12071067839860916,0,95.30786895751953
208.60000000000002,3.7664015377159776,-0.5350675129830633,0.05789473684210526,-0.17948717948717924,1.93955969,0.12071067839860916,0,95.30786895751953
208.60000000000002,3.7674927381557337,-0.533413821433814,0.05789473684210526,-0.17948717948717924,1.98210897,0.12071067839860916,0,95.30786895751953
208.60000000000002,3.7674927381557337,-0.533413821433814,0.04631578947368421,-0.019487179487179235,1.98210897,0.12071067839860916,0,95.30786895751953
208.60000000000002,3.7674927381557337,-0.533413821433814,0.04631578947368421,-0.019487179487179235,1.98210897,0.12071067839860916,0,95.30786895751953
208.60000000000002,3.768593672473906,-0.5317687272193576,0.04631578947368421,-0.019487179487179235,2.025807662,0.12071067839860916,0,95.30786895751953
208.60000000000002,3.768593672473906,-0.5317687272193576,0.04631578947368421,-0.019487179487179235,2.025807662,0.12071067839860916,0,95.30786895751953
208.70000000000002,3.768593672473906,-0.5317687272193576,0.04631578947368421,-0.019487179487179235,2.025807662,0.12071067839860916,0,95.30786895751953
208.70000000000002,3.768593672473906,-0.5317687272193576,0.04631578947368421,0.12820512820512842,2.025807662,0.12071067839860916,0,95.30786895751953
208.70000000000002,3.7694750891743167,-0.5304628183116027,0.04631578947368421,0.12820512820512842,2.118132407,0.12071067839860916,0,95.30786895751953
208.70000000000002,3.7694750891743167,-0.5304628183116027,0.04631578947368421,0.12820512820512842,2.118132407,0.12071067839860916,0,95.30786895751953
208.70000000000002,3.7694750891743167,-0.5304628183116027,0.04631578947368421,0.12820512820512842,2.118132407,0.12071067839860916,0,95.30786895751953
208.70000000000002,3.7694750891743167,-0.5304628183116027,0.04631578947368421,0.12820512820512842,2.118132407,0.12071067839860916,0,95.30786895751953
208.70000000000002,3.7694750891743167,-0.5304628183116027,0.04631578947368421,0.12820512820512842,2.118132407,0.12071067839860916,0,95.30786895751953
208.70000000000002,3.7703438872082815,-0.5291665110411505,0.04631578947368421,0.12820512820512842,2.169345076,0.12071067839860916,0,95.30786895751953
208.70000000000002,3.7703438872082815,-0.5291665110411505,0.04631578947368421,0.12820512820512842,2.169345076,0.12071067839860916,0,95.30786895751953
208.70000000000002,3.7703438872082815,-0.5291665110411505,0.04631578947368421,0.12820512820512842,2.169345076,0.12071067839860916,0,95.30786895751953
208.70000000000002,3.7703438872082815,-0.5291665110411505,0.04631578947368421,0.12820512820512842,2.169345076,0.12071067839860916,0,95.30786895751953
208.70000000000002,3.771204108168394,-0.5278608922380057,0.04631578947368421,0.12820512820512842,2.218102174,0.12071067839860916,0,95.30786895751953
208.8,3.771204108168394,-0.5278608922380057,0.04631578947368421,0.12820512820512842,2.218102174,0.12071067839860916,0,95.30786895751953
208.8,3.771204108168394,-0.5278608922380057,0.04631578947368421,0.12820512820512842,2.218102174,0.12071067839860916,0,95.30786895751953
208.8,3.771204108168394,-0.5278608922380057,0.04631578947368421,0.12820512820512842,2.218102174,0.12071067839860916,0,95.30786895751953
208.8,3.772063154892747,-0.526545789110135,0.04631578947368421,0.12820512820512842,2.273549198,0.12071067839860916,0,95.30786895751953
208.8,3.772063154892747,-0.526545789110135,0.04631578947368421,-0.03179487179487159,2.273549198,0.12071067839860916,0,95.30786895751953
208.8,3.772063154892747,-0.526545789110135,0.04631578947368421,-0.03179487179487159,2.273549198,0.12071067839860916,0,95.30786895751953
208.8,3.772063154892747,-0.526545789110135,0.04631578947368421,-0.03179487179487159,2.273549198,0.12071067839860916,0,95.30786895751953
208.8,3.7729166435553854,-0.5252313361963632,0.04631578947368421,-0.03179487179487159,2.332193248,0.12071067839860916,0,95.30786895751953
208.8,3.7729166435553854,-0.5252313361963632,0.04631578947368421,-0.03179487179487159,2.332193248,0.12071067839860916,0,95.30786895751953
208.8,3.773766522880339,-0.5239124092734448,0.04631578947368421,-0.17948717948717924,2.332193248,0.12071067839860916,0,95.30786895751953
208.8,3.773766522880339,-0.5239124092734448,0.04631578947368421,-0.17948717948717924,2.332193248,0.12071067839860916,0,95.30786895751953
208.8,3.773766522880339,-0.5239124092734448,0.04631578947368421,-0.17948717948717924,2.393048402,0.12071067839860916,0,95.30786895751953
208.9,3.773766522880339,-0.5239124092734448,0.04631578947368421,-0.17948717948717924,2.393048402,0.12071067839860916,0,95.30786895751953
208.9,3.773766522880339,-0.5239124092734448,0.04631578947368421,-0.17948717948717924,2.393048402,0.12071067839860916,0,95.30786895751953
208.9,3.773766522880339,-0.5239124092734448,0.04631578947368421,-0.17948717948717924,2.393048402,0.12071067839860916,0,95.30786895751953
208.9,3.7746301178538055,-0.522578764111374,0.04631578947368421,-0.17948717948717924,2.456959639,0.12071067839860916,0,95.30786895751953
208.9,3.7746301178538055,-0.522578764111374,0.04631578947368421,-0.17948717948717924,2.456959639,0.12071067839860916,0,95.30786895751953
208.9,3.7746301178538055,-0.522578764111374,0.04631578947368421,-0.17948717948717924,2.456959639,0.12071067839860916,0,95.30786895751953
208.9,3.7755087290435396,-0.5212507903196002,0.04631578947368421,-0.17948717948717924,2.456959639,0.12071067839860916,0,95.30786895751953
208.9,3.7755087290435396,-0.5212507903196002,0.04631578947368421,-0.17948717948717924,2.521095227,0.12071067839860916,0,95.30786895751953
208.9,3.7755087290435396,-0.5212507903196002,0.04631578947368421,-0.17948717948717924,2.521095227,0.12071067839860916,0,95.30786895751953
208.9,3.7755087290435396,-0.5212507903196002,0.04631578947368421,-0.17948717948717924,2.521095227,0.12071067839860916,0,95.30786895751953
208.9,3.77639094659138,-0.519937363684841,0.04631578947368421,-0.17948717948717924,2.521095227,0.12071067839860916,0,95.30786895751953
209.0,3.77639094659138,-0.519937363684841,0.04631578947368421,-0.17948717948717924,2.5920928830000003,0.12071067839860916,0,95.30786895751953
209.0,3.77639094659138,-0.519937363684841,0.04631578947368421,-0.17948717948717924,2.5920928830000003,0.12071067839860916,0,95.30786895751953
209.0,3.77639094659138,-0.519937363684841,0.04631578947368421,-0.17948717948717924,2.5920928830000003,0.12071067839860916,0,95.28184509277344
209.0,3.77639094659138,-0.519937363684841,0.04631578947368421,-0.17948717948717924,2.5920928830000003,0.12071067839860916,0,95.28184509277344
209.0,3.777279074502773,-0.5186268142754551,0.04631578947368421,-0.17948717948717924,2.591043855,0.12071067839860916,0,95.28184509277344
209.0,3.777279074502773,-0.5186268142754551,0.04631578947368421,-0.17948717948717924,2.591043855,0.12071067839860916,0,95.28184509277344
209.0,3.777279074502773,-0.5186268142754551,0.04631578947368421,-0.17948717948717924,2.591043855,0.12071067839860916,0,95.28184509277344
209.0,3.777279074502773,-0.5186268142754551,0.04631578947368421,-0.17948717948717924,2.591043855,0.12071067839860916,0,95.28184509277344
209.0,3.778178170504977,-0.5173173140225737,0.04631578947368421,-0.17948717948717924,2.584344072,0.12071067839860916,0,95.28184509277344
209.0,3.778178170504977,-0.5173173140225737,0.04631578947368421,-0.17948717948717924,2.584344072,0.12071067839860916,0,95.28184509277344
209.0,3.778178170504977,-0.5173173140225737,0.04631578947368421,-0.17948717948717924,2.584344072,0.12071067839860916,0,95.28184509277344
209.0,3.778178170504977,-0.5173173140225737,0.04631578947368421,-0.12820512820512797,2.584344072,0.12071067839860916,0,95.28184509277344
209.10000000000002,3.7790858578681004,-0.5160156892545011,0.04631578947368421,-0.12820512820512797,2.5852336989999998,0.12071067839860916,0,95.28184509277344
209.10000000000002,3.7790858578681004,-0.5160156892545011,0.04631578947368421,-0.12820512820512797,2.5852336989999998,0.12071067839860916,0,95.28184509277344
209.10000000000002,3.7790858578681004,-0.5160156892545011,0.04631578947368421,-0.12820512820512797,2.5852336989999998,0.12071067839860916,0,95.28184509277344
209.10000000000002,3.7799983875495697,-0.5147224120060301,0.04631578947368421,-0.12820512820512797,2.585802634,0.12071067839860916,0,95.28184509277344
209.10000000000002,3.7799983875495697,-0.5147224120060301,0.04631578947368421,-0.12820512820512797,2.585802634,0.12071067839860916,0,95.28184509277344
209.10000000000002,3.7799983875495697,-0.5147224120060301,0.04631578947368421,-0.12820512820512797,2.585802634,0.12071067839860916,0,95.28184509277344
209.10000000000002,3.7799983875495697,-0.5147224120060301,0.04631578947368421,-0.12820512820512797,2.585802634,0.12071067839860916,0,95.28184509277344
209.10000000000002,3.780914988008048,-0.5134337339245059,0.04631578947368421,-0.12820512820512797,2.585802634,0.12071067839860916,0,95.28184509277344
209.10000000000002,3.780914988008048,-0.5134337339245059,0.04631578947368421,-0.12820512820512797,2.5822987360000003,0.12071067839860916,0,95.28184509277344
209.10000000000002,3.780914988008048,-0.5134337339245059,0.04631578947368421,0.0,2.5822987360000003,0.12071067839860916,0,95.28184509277344
209.10000000000002,3.780914988008048,-0.5134337339245059,0.04631578947368421,0.0,2.5822987360000003,0.12071067839860916,0,95.28184509277344
209.10000000000002,3.780914988008048,-0.5134337339245059,0.04631578947368421,0.0,2.5822987360000003,0.12071067839860916,0,95.28184509277344
209.10000000000002,3.7818379792405654,-0.512146910121037,0.04631578947368421,0.0,2.5831511650000003,0.12071067839860916,0,95.28184509277344
209.20000000000002,3.7818379792405654,-0.512146910121037,0.04631578947368421,0.0,2.5831511650000003,0.12071067839860916,0,95.28184509277344
209.20000000000002,3.7818379792405654,-0.512146910121037,0.04631578947368421,0.0,2.5831511650000003,0.12071067839860916,0,95.28184509277344
209.20000000000002,3.7818379792405654,-0.512146910121037,0.04631578947368421,0.0,2.5831511650000003,0.12071067839860916,0,95.28184509277344
209.20000000000002,3.7818379792405654,-0.512146910121037,0.04631578947368421,0.0,2.5831511650000003,0.12071067839860916,0,95.28184509277344
209.20000000000002,3.782760931250958,-0.5108692805719182,0.04631578947368421,0.0,2.587987528,0.12071067839860916,0,95.28184509277344
209.20000000000002,3.782760931250958,-0.5108692805719182,0.04631578947368421,0.0,2.587987528,0.12071067839860916,0,95.28184509277344
209.20000000000002,3.782760931250958,-0.5108692805719182,0.04631578947368421,0.0,2.587987528,0.12071067839860916,0,95.28184509277344
209.20000000000002,3.7836776215836996,-0.5095977624126369,0.04631578947368421,-0.02564102564102541,2.587987528,0.12071067839860916,0,95.28184509277344
209.20000000000002,3.7836776215836996,-0.5095977624126369,0.04631578947368421,-0.02564102564102541,2.5925020080000003,0.12071067839860916,0,95.28184509277344
209.20000000000002,3.7836776215836996,-0.5095977624126369,0.04631578947368421,-0.02564102564102541,2.5925020080000003,0.12071067839860916,0,95.28184509277344
209.20000000000002,3.7836776215836996,-0.5095977624126369,0.04631578947368421,-0.02564102564102541,2.5925020080000003,0.12071067839860916,0,95.28184509277344
209.3,3.784595205912213,-0.508317085262409,0.04631578947368421,-0.02564102564102541,2.593430819,0.12071067839860916,0,95.28184509277344
209.3,3.784595205912213,-0.508317085262409,0.04631578947368421,-0.02564102564102541,2.593430819,0.12071067839860916,0,95.28184509277344
209.3,3.784595205912213,-0.508317085262409,0.04631578947368421,-0.02564102564102541,2.593430819,0.12071067839860916,0,95.28184509277344
209.3,3.784595205912213,-0.508317085262409,0.04631578947368421,-0.02564102564102541,2.593430819,0.12071067839860916,0,95.28184509277344
209.3,3.784595205912213,-0.508317085262409,0.04631578947368421,-0.02564102564102541,2.593430819,0.12071067839860916,0,95.28184509277344
209.3,3.785519272280241,-0.5070335167998905,0.04631578947368421,-0.02564102564102541,2.594567629,0.12071067839860916,0,95.28184509277344
209.3,3.785519272280241,-0.5070335167998905,0.04631578947368421,-0.02564102564102541,2.594567629,0.12071067839860916,0,95.28184509277344
209.3,3.785519272280241,-0.5070335167998905,0.04631578947368421,-0.02564102564102541,2.594567629,0.12071067839860916,0,95.28184509277344
209.3,3.7864429899193635,-0.5057567276642319,0.04631578947368421,-0.02564102564102541,2.598205407,0.12071067839860916,0,95.28184509277344
209.3,3.7864429899193635,-0.5057567276642319,0.04631578947368421,-0.02564102564102541,2.598205407,0.12071067839860916,0,95.28184509277344
209.3,3.7864429899193635,-0.5057567276642319,0.04631578947368421,-0.02564102564102541,2.598205407,0.12071067839860916,0,95.28184509277344
209.3,3.7864429899193635,-0.5057567276642319,0.04631578947368421,-0.02564102564102541,2.598205407,0.12071067839860916,0,95.28184509277344
209.4,3.7873652879836284,-0.5044815414776116,0.04631578947368421,-0.02564102564102541,2.59955052,0.12071067839860916,0,95.28184509277344
209.4,3.7873652879836284,-0.5044815414776116,0.04631578947368421,-0.02564102564102541,2.59955052,0.12071067839860916,0,95.28184509277344
209.4,3.7873652879836284,-0.5044815414776116,0.04631578947368421,-0.02564102564102541,2.59955052,0.12071067839860916,0,95.28184509277344
209.4,3.7882899670517327,-0.5032037142030135,0.04631578947368421,-0.07692307692307669,2.600871133,0.12071067839860916,0,95.28184509277344
209.4,3.7882899670517327,-0.5032037142030135,0.04631578947368421,-0.07692307692307669,2.600871133,0.12071067839860916,0,95.28184509277344
209.4,3.7882899670517327,-0.5032037142030135,0.04631578947368421,-0.07692307692307669,2.600871133,0.12071067839860916,0,95.28184509277344
209.4,3.7882899670517327,-0.5032037142030135,0.04631578947368421,-0.07692307692307669,2.600871133,0.12071067839860916,0,95.28184509277344
209.4,3.7882899670517327,-0.5032037142030135,0.04631578947368421,-0.07692307692307669,2.600871133,0.12071067839860916,0,95.28184509277344
209.4,3.7892182982113845,-0.5019262494400503,0.04631578947368421,-0.07692307692307669,2.601068987,0.12071067839860916,0,95.28184509277344
209.4,3.7892182982113845,-0.5019262494400503,0.04631578947368421,-0.07692307692307669,2.601068987,0.12071067839860916,0,95.28184509277344
209.4,3.7892182982113845,-0.5019262494400503,0.04631578947368421,-0.07692307692307669,2.601068987,0.12071067839860916,0,95.28184509277344
209.4,3.7892182982113845,-0.5019262494400503,0.04631578947368421,-0.07692307692307669,2.601068987,0.12071067839860916,0,95.28184509277344
209.5,3.790150688377045,-0.5006505070997204,0.04631578947368421,-0.07692307692307669,2.60221925,0.12071067839860916,0,95.28184509277344
209.5,3.790150688377045,-0.5006505070997204,0.023157894736842106,0.08307692307692331,2.60221925,0.12071067839860916,0,95.25814819335938
209.5,3.790150688377045,-0.5006505070997204,0.023157894736842106,0.08307692307692331,2.60221925,0.12071067839860916,0,95.25814819335938
209.5,3.790150688377045,-0.5006505070997204,0.023157894736842106,0.08307692307692331,2.60221925,0.12071067839860916,0,95.25814819335938
209.5,3.7910863786118973,-0.49937799450282105,0.023157894736842106,0.08307692307692331,2.60221925,0.12071067839860916,0,95.25814819335938
209.5,3.7910863786118973,-0.49937799450282105,0.023157894736842106,0.08307692307692331,0.0,0.0707106813788414,0,95.25814819335938
209.5,3.7910863786118973,-0.49937799450282105,0.023157894736842106,0.23076923076923095,0.0,0.0707106813788414,0,95.25814819335938
209.5,3.7910863786118973,-0.49937799450282105,0.023157894736842106,0.23076923076923095,0.0,0.0707106813788414,0,95.25814819335938
209.5,3.7915695379108643,-0.4987209744541012,0.023157894736842106,0.23076923076923095,0.0,0.0707106813788414,0,95.25814819335938
209.5,3.7915695379108643,-0.4987209744541012,0.023157894736842106,0.23076923076923095,0.0,0.0707106813788414,0,95.25814819335938
209.5,3.7915695379108643,-0.4987209744541012,0.023157894736842106,0.23076923076923095,0.0,0.0707106813788414,0,95.25814819335938
209.5,3.7915695379108643,-0.4987209744541012,0.023157894736842106,0.17948717948717968,0.0,0.0707106813788414,0,95.25814819335938
209.60000000000002,3.7915695379108643,-0.4987209744541012,0.023157894736842106,0.17948717948717968,0.0,0.0707106813788414,0,95.25814819335938
209.60000000000002,3.792019582865631,-0.4981013233387483,0.023157894736842106,0.17948717948717968,0.0,0.0707106813788414,0,95.25814819335938
209.60000000000002,3.792019582865631,-0.4981013233387483,0.023157894736842106,0.17948717948717968,0.0,0.0707106813788414,0,95.25814819335938
209.60000000000002,3.792019582865631,-0.4981013233387483,0.023157894736842106,0.17948717948717968,0.0,0.0707106813788414,0,95.25814819335938
209.60000000000002,3.7924660065199727,-0.49747167797919484,0.023157894736842106,0.17948717948717968,0.0,0.0707106813788414,0,95.25814819335938
209.60000000000002,3.7924660065199727,-0.49747167797919484,0.023157894736842106,0.17948717948717968,0.0,0.0707106813788414,0,95.25814819335938
209.60000000000002,3.7924660065199727,-0.49747167797919484,0.023157894736842106,0.17948717948717968,0.0,0.0707106813788414,0,95.25814819335938
209.60000000000002,3.7924660065199727,-0.49747167797919484,0.023157894736842106,0.17948717948717968,0.0,0.0707106813788414,0,95.25814819335938
209.60000000000002,3.7924660065199727,-0.49747167797919484,0.023157894736842106,0.17948717948717968,0.0,0.0707106813788414,0,95.25814819335938
209.60000000000002,3.792914809796282,-0.4968299265992442,0.023157894736842106,0.12820512820512842,0.0,0.0707106813788414,0,95.25814819335938
209.60000000000002,3.792914809796282,-0.4968299265992442,0.023157894736842106,0.12820512820512842,0.0,0.0707106813788414,0,95.25814819335938
209.60000000000002,3.792914809796282,-0.4968299265992442,0.023157894736842106,0.12820512820512842,0.0,0.0707106813788414,0,95.25814819335938
209.70000000000002,3.792914809796282,-0.4968299265992442,0.023157894736842106,0.12820512820512842,0.0,0.0707106813788414,0,95.25814819335938
209.70000000000002,3.793359287670133,-0.49619038624509315,0.023157894736842106,0.12820512820512842,0.0,0.0707106813788414,0,95.25814819335938
209.70000000000002,3.793359287670133,-0.49619038624509315,0.023157894736842106,0.12820512820512842,0.0,0.0707106813788414,0,95.25814819335938
209.70000000000002,3.793359287670133,-0.49619038624509315,0.023157894736842106,0.12820512820512842,0.0,0.0707106813788414,0,95.25814819335938
209.70000000000002,3.793359287670133,-0.49619038624509315,0.023157894736842106,0.12820512820512842,0.0,0.0707106813788414,0,95.25814819335938
209.70000000000002,3.793359287670133,-0.49619038624509315,0.023157894736842106,0.12820512820512842,0.0,0.0707106813788414,0,95.25814819335938
209.70000000000002,3.7937992138228758,-0.4955507048440429,0.023157894736842106,0.12820512820512842,0.0,0.0707106813788414,0,95.25814819335938
209.70000000000002,3.7937992138228758,-0.4955507048440429,0.023157894736842106,0.12820512820512842,0.0,0.0707106813788414,0,95.25814819335938
209.70000000000002,3.7937992138228758,-0.4955507048440429,0.023157894736842106,0.12820512820512842,0.0,0.0707106813788414,0,95.25814819335938
209.70000000000002,3.7937992138228758,-0.4955507048440429,0.023157894736842106,0.12820512820512842,0.0,0.0707106813788414,0,95.25814819335938
209.70000000000002,3.7937992138228758,-0.4955507048440429,0.023157894736842106,0.12820512820512842,0.0,0.0707106813788414,0,95.25814819335938
209.70000000000002,3.794237675751021,-0.49490599249767353,0.023157894736842106,0.12820512820512842,0.0,0.0707106813788414,0,95.25814819335938
209.70000000000002,3.794237675751021,-0.49490599249767353,0.023157894736842106,0.12820512820512842,0.0,0.0707106813788414,0,95.25814819335938
209.70000000000002,3.794237675751021,-0.49490599249767353,0.023157894736842106,0.12820512820512842,0.0,0.0707106813788414,0,95.25814819335938
209.8,3.794673595434213,-0.494260065069658,0.023157894736842106,0.12820512820512842,0.0,0.0707106813788414,0,95.25814819335938
209.8,3.794673595434213,-0.494260065069658,0.023157894736842106,0.12820512820512842,0.0,0.0707106813788414,0,95.25814819335938
209.8,3.794673595434213,-0.494260065069658,0.023157894736842106,0.12820512820512842,0.0,0.0707106813788414,0,95.25814819335938
209.8,3.794673595434213,-0.494260065069658,0.023157894736842106,0.12820512820512842,0.0,0.0707106813788414,0,95.25814819335938
209.8,3.7951058120384493,-0.49361360327724946,0.023157894736842106,0.12820512820512842,0.0,0.0707106813788414,0,95.25814819335938
209.8,3.7951058120384493,-0.49361360327724946,0.023157894736842106,0.12820512820512842,0.0,0.0707106813788414,0,95.25814819335938
209.8,3.7951058120384493,-0.49361360327724946,0.023157894736842106,0.12820512820512842,0.0,0.0707106813788414,0,95.25814819335938
209.8,3.7951058120384493,-0.49361360327724946,0.023157894736842106,0.12820512820512842,0.0,0.0707106813788414,0,95.25814819335938
209.8,3.7955351913330078,-0.49296515288308457,0.023157894736842106,0.12820512820512842,0.0,0.0707106813788414,0,95.25814819335938
209.8,3.7955351913330078,-0.49296515288308457,0.023157894736842106,0.12820512820512842,0.0,0.0707106813788414,0,95.25814819335938
209.8,3.7955351913330078,-0.49296515288308457,0.023157894736842106,0.12820512820512842,0.0,0.0707106813788414,0,95.25814819335938
209.8,3.7955351913330078,-0.49296515288308457,0.023157894736842106,0.12820512820512842,0.0,0.0707106813788414,0,95.25814819335938
209.8,3.7955351913330078,-0.49296515288308457,0.023157894736842106,0.12820512820512842,0.0,0.0707106813788414,0,95.25814819335938
209.9,3.7955351913330078,-0.49296515288308457,0.023157894736842106,0.07692307692307715,0.0,0.0707106813788414,0,95.25814819335938
209.9,3.795962256595485,-0.4923138065135341,0.023157894736842106,0.07692307692307715,0.0,0.0707106813788414,0,95.25814819335938
209.9,3.795962256595485,-0.4923138065135341,0.023157894736842106,0.07692307692307715,0.0,0.0707106813788414,0,95.25814819335938
209.9,3.795962256595485,-0.4923138065135341,0.023157894736842106,0.07692307692307715,0.0,0.0707106813788414,0,95.25814819335938
209.9,3.795962256595485,-0.4923138065135341,0.023157894736842106,0.07692307692307715,0.0,0.0707106813788414,0,95.25814819335938
209.9,3.7963877081333948,-0.49165976177882814,0.023157894736842106,0.07692307692307715,0.0,0.0707106813788414,0,95.25814819335938
209.9,3.7963877081333948,-0.49165976177882814,0.023157894736842106,0.07692307692307715,0.0,0.0707106813788414,0,95.25814819335938
209.9,3.7963877081333948,-0.49165976177882814,0.023157894736842106,0.07692307692307715,0.0,0.0707106813788414,0,95.25814819335938
209.9,3.7963877081333948,-0.49165976177882814,0.023157894736842106,0.07692307692307715,0.0,0.0707106813788414,0,95.25814819335938
209.9,3.7968131031559946,-0.49100196475205393,0.023157894736842106,0.07692307692307715,0.0,0.0707106813788414,0,95.25814819335938
209.9,3.7968131031559946,-0.49100196475205393,0.023157894736842106,0.02564102564102587,0.0,0.0707106813788414,0,95.25814819335938
210.0,3.7968131031559946,-0.49100196475205393,0.023157894736842106,0.02564102564102587,0.0,0.0707106813788414,0,95.24642181396484
210.0,3.7968131031559946,-0.49100196475205393,0.023157894736842106,0.02564102564102587,0.0,0.0707106813788414,0,95.24642181396484
210.0,3.797236894537887,-0.490343777194083,0.023157894736842106,0.02564102564102587,0.0,0.0707106813788414,0,95.24642181396484
210.0,3.797236894537887,-0.490343777194083,0.023157894736842106,0.02564102564102587,0.0,0.0707106813788414,0,95.24642181396484
210.0,3.797236894537887,-0.490343777194083,0.023157894736842106,0.02564102564102587,0.0,0.0707106813788414,0,95.24642181396484
210.0,3.797236894537887,-0.490343777194083,0.023157894736842106,0.02564102564102587,0.0,0.0707106813788414,0,95.24642181396484
210.0,3.7976596373952836,-0.4896841266668701,0.023157894736842106,0.02564102564102587,0.0,0.0707106813788414,0,95.24642181396484
210.0,3.7976596373952836,-0.4896841266668701,0.023157894736842106,0.02564102564102587,0.0,0.0707106813788414,0,95.24642181396484
210.0,3.7976596373952836,-0.4896841266668701,0.023157894736842106,0.02564102564102587,0.0,0.0707106813788414,0,95.24642181396484
210.0,3.7976596373952836,-0.4896841266668701,0.023157894736842106,0.0,0.0,0.0707106813788414,0,95.24642181396484
210.0,3.7976596373952836,-0.4896841266668701,0.023157894736842106,0.0,0.0,0.0707106813788414,0,95.24642181396484
210.0,3.7980837876626117,-0.4890205385275463,0.023157894736842106,0.0,0.0,0.0707106813788414,0,95.24642181396484
210.10000000000002,3.7980837876626117,-0.4890205385275463,0.023157894736842106,0.0,0.0,0.0707106813788414,0,95.24642181396484
210.10000000000002,3.7980837876626117,-0.4890205385275463,0.023157894736842106,0.0,0.0,0.0707106813788414,0,95.24642181396484
210.10000000000002,3.7980837876626117,-0.4890205385275463,0.023157894736842106,0.0,0.0,0.0707106813788414,0,95.24642181396484
210.10000000000002,3.798508315534161,-0.48835659021277766,0.023157894736842106,0.0,0.0,0.0707106813788414,0,95.24642181396484
210.10000000000002,3.798508315534161,-0.48835659021277766,0.023157894736842106,0.0,0.0,0.0707106813788414,0,95.24642181396484
210.10000000000002,3.798508315534161,-0.48835659021277766,0.023157894736842106,0.0,0.0,0.0707106813788414,0,95.24642181396484
210.10000000000002,3.798508315534161,-0.48835659021277766,0.023157894736842106,0.0,0.0,0.0707106813788414,0,95.24642181396484
210.10000000000002,3.798508315534161,-0.48835659021277766,0.023157894736842106,0.0,0.0,0.0707106813788414,0,95.24642181396484
210.10000000000002,3.798508315534161,-0.48835659021277766,0.023157894736842106,0.0,0.0,0.0707106813788414,0,95.24642181396484
210.10000000000002,3.798508315534161,-0.48835659021277766,0.023157894736842106,0.0,0.0,0.0707106813788414,0,95.24642181396484
210.10000000000002,3.7989327376036095,-0.4876930114588152,0.023157894736842106,0.0,0.0,0.0707106813788414,0,95.24642181396484
210.10000000000002,3.7989327376036095,-0.4876930114588152,0.023157894736842106,0.0,0.0,0.0707106813788414,0,95.24642181396484
210.10000000000002,3.7989327376036095,-0.4876930114588152,0.023157894736842106,0.0,0.0,0.0707106813788414,0,95.24642181396484
210.10000000000002,3.799357186996404,-0.48702922178170766,0.023157894736842106,0.0,0.0,0.0707106813788414,0,95.24642181396484
210.10000000000002,3.799357186996404,-0.48702922178170766,0.023157894736842106,0.0,0.0,0.0707106813788414,0,95.24642181396484
210.10000000000002,3.799357186996404,-0.48702922178170766,0.023157894736842106,0.0,0.0,0.0707106813788414,0,95.24642181396484
210.20000000000002,3.799357186996404,-0.48702922178170766,0.023157894736842106,0.0,0.0,0.05000000074505806,0,95.24642181396484
210.20000000000002,3.799357186996404,-0.48702922178170766,0.0,-0.16,0.0,0.05000000074505806,0,95.24642181396484
210.20000000000002,3.7997818447558003,-0.48636542954845646,0.0,-0.16,0.0,0.05000000074505806,0,95.24642181396484
210.20000000000002,3.7997818447558003,-0.48636542954845646,0.0,-0.16,0.0,0.05000000074505806,0,95.24642181396484
210.20000000000002,3.7997818447558003,-0.48636542954845646,0.0,-0.16,0.0,0.05000000074505806,0,95.24642181396484
210.20000000000002,3.7997818447558003,-0.48636542954845646,0.0,-0.16,0.0,0.05000000074505806,0,95.24642181396484
210.20000000000002,3.7998172039196785,-0.48631059965174844,0.0,-0.16,0.0,0.05000000074505806,0,95.24642181396484
210.20000000000002,3.7998172039196785,-0.48631059965174844,0.0,-0.32,0.0,0.05000000074505806,0,95.24642181396484
210.20000000000002,3.7998172039196785,-0.48631059965174844,0.0,-0.32,0.0,0.05000000074505806,0,95.24642181396484
210.20000000000002,3.7998172039196785,-0.48631059965174844,0.0,-0.32,0.0,0.05000000074505806,0,95.24642181396484
210.20000000000002,3.7998194124041884,-0.4863085915096901,0.0,-0.48,0.0,0.05000000074505806,0,95.24642181396484
210.20000000000002,3.7998194124041884,-0.4863085915096901,0.0,-0.48,0.0,0.05000000074505806,0,95.24642181396484
210.20000000000002,3.7998194124041884,-0.4863085915096901,0.0,-0.48,0.0,0.05000000074505806,0,95.24642181396484
210.3,3.7998194124041884,-0.4863085915096901,0.0,-0.48,0.0,0.05000000074505806,0,95.24642181396484
210.3,3.7998194124041884,-0.4863085915096901,0.0,-0.48,0.0,0.05000000074505806,0,95.24642181396484
210.3,3.7998347904927714,-0.4862842712237106,0.0,-0.48,0.0,0.05000000074505806,0,95.24642181396484
210.3,3.7998347904927714,-0.4862842712237106,0.0,-0.64,0.0,0.05000000074505806,0,95.24642181396484
210.3,3.7998347904927714,-0.4862842712237106,0.0,-0.64,0.0,0.05000000074505806,0,95.24642181396484
210.3,3.7998585998787613,-0.4862472200456313,0.0,-0.64,0.0,0.05000000074505806,0,95.24642181396484
210.3,3.7998585998787613,-0.4862472200456313,0.0,-0.64,0.0,0.05000000074505806,0,95.24642181396484
210.3,3.7998585998787613,-0.4862472200456313,0.0,-0.64,0.0,0.05000000074505806,0,95.24642181396484
210.3,3.7998585998787613,-0.4862472200456313,0.0,-0.6410256410256407,0.0,0.05000000074505806,0,95.24642181396484
210.3,3.7995475580797504,-0.48419944440511253,0.0,-0.6410256410256407,0.0,0.05000000074505806,0,95.24642181396484
210.3,3.7995475580797504,-0.48419944440511253,0.0,-0.6410256410256407,0.0,0.05000000074505806,0,95.24642181396484
210.4,3.7995475580797504,-0.48419944440511253,0.0,-0.6410256410256407,0.0,0.05000000074505806,0,95.24642181396484
210.4,3.7995475580797504,-0.48419944440511253,0.0,-0.6410256410256407,0.0,0.05000000074505806,0,95.24642181396484
210.4,3.7990986121293604,-0.48130643302000536,0.0,-0.6410256410256407,0.0,0.05000000074505806,0,95.24642181396484
210.4,3.7990986121293604,-0.48130643302000536,0.0,-0.6410256410256407,0.0,0.05000000074505806,0,95.24642181396484
210.4,3.7990986121293604,-0.48130643302000536,0.0,-0.6410256410256407,0.0,0.05000000074505806,0,95.24642181396484
210.4,3.7990986121293604,-0.48130643302000536,0.0,-0.6410256410256407,0.0,0.05000000074505806,0,95.24642181396484
210.4,3.7986508559969128,-0.4784072004493254,0.0,-0.6410256410256407,0.0,0.05000000074505806,0,95.24642181396484
210.4,3.7986508559969128,-0.4784072004493254,0.0,-0.6410256410256407,0.0,0.05000000074505806,0,95.24642181396484
210.4,3.7986508559969128,-0.4784072004493254,0.0,-0.6410256410256407,0.0,0.05000000074505806,0,95.24642181396484
210.4,3.7986508559969128,-0.4784072004493254,0.0,-0.6410256410256407,0.0,0.05000000074505806,0,95.24642181396484
210.4,3.7981983361251173,-0.47550979761712175,0.0,-0.6410256410256407,0.0,0.05000000074505806,0,95.24642181396484
210.5,3.7981983361251173,-0.47550979761712175,0.0,-0.6410256410256407,0.0,0.05000000074505806,0,95.24642181396484
210.5,3.7981983361251173,-0.47550979761712175,0.0,-0.6410256410256407,0.0,0.05000000074505806,0,95.24642181396484
210.5,3.7977423453103905,-0.4726138090885092,0.0,-0.6410256410256407,0.0,0.05000000074505806,0,95.23087310791016
210.5,3.7977423453103905,-0.4726138090885092,0.0,-0.6410256410256407,0.0,0.05000000074505806,0,95.23087310791016
210.5,3.7977423453103905,-0.4726138090885092,0.0,-0.6410256410256407,0.0,0.05000000074505806,0,95.23087310791016
210.5,3.7977423453103905,-0.4726138090885092,0.0,-0.6410256410256407,0.0,0.05000000074505806,0,95.23087310791016
210.5,3.7972856283813536,-0.4697138842066001,0.0,-0.5897435897435894,0.0,0.05000000074505806,0,95.23087310791016
210.5,3.7972856283813536,-0.4697138842066001,0.0,-0.5897435897435894,0.0,0.05000000074505806,0,95.23087310791016
210.5,3.7972856283813536,-0.4697138842066001,0.0,-0.5897435897435894,0.0,0.05000000074505806,0,95.23087310791016
210.5,3.7972856283813536,-0.4697138842066001,0.0,-0.5897435897435894,0.0,0.05000000074505806,0,95.23087310791016
210.5,3.7972856283813536,-0.4697138842066001,0.0,-0.5897435897435894,0.0,0.05000000074505806,0,95.23087310791016
210.60000000000002,3.7972270716933565,-0.46917785327471984,0.0,-0.5897435897435894,0.0,0.05000000074505806,0,95.23087310791016
210.60000000000002,3.7972270716933565,-0.46917785327471984,0.0,-0.5897435897435894,0.0,0.05000000074505806,0,95.23087310791016
210.60000000000002,3.7972270716933565,-0.46917785327471984,0.0,-0.5897435897435894,0.0,0.05000000074505806,0,95.23087310791016
210.60000000000002,3.7972270716933565,-0.46917785327471984,0.0,-0.5897435897435894,0.0,0.05000000074505806,0,95.23087310791016
210.60000000000002,3.7972270716933565,-0.46917785327471984,0.0,-0.5897435897435894,0.0,0.05000000074505806,0,95.23087310791016
210.60000000000002,3.797252004988133,-0.46915244201921913,0.0,-0.5384615384615381,0.0,0.05000000074505806,0,95.23087310791016
210.60000000000002,3.797252004988133,-0.46915244201921913,0.0,-0.5384615384615381,0.0,0.05000000074505806,0,95.23087310791016
210.60000000000002,3.797252004988133,-0.46915244201921913,0.0,-0.5384615384615381,0.0,0.05000000074505806,0,95.23087310791016
210.60000000000002,3.797252004988133,-0.46915244201921913,0.0,-0.5384615384615381,0.0,0.05000000074505806,0,95.23087310791016
210.60000000000002,3.797252004988133,-0.46915244201921913,0.0,-0.5384615384615381,0.0,0.05000000074505806,0,95.23087310791016
210.60000000000002,3.7972770625701537,-0.46912751259521124,0.0,-0.5384615384615381,0.0,0.05000000074505806,0,95.23087310791016
210.60000000000002,3.7972770625701537,-0.46912751259521124,0.0,-0.5384615384615381,0.0,0.05000000074505806,0,95.23087310791016
210.60000000000002,3.7972770625701537,-0.46912751259521124,0.0,-0.5384615384615381,0.0,0.05000000074505806,0,95.23087310791016
210.60000000000002,3.7972770625701537,-0.46912751259521124,0.0,-0.5384615384615381,0.0,0.05000000074505806,0,95.23087310791016
210.60000000000002,3.7972770625701537,-0.46912751259521124,0.0,-0.5384615384615381,0.0,0.05000000074505806,0,95.23087310791016
210.60000000000002,3.7972770625701537,-0.46912751259521124,0.0,-0.5384615384615381,0.0,0.05000000074505806,0,95.23087310791016
210.60000000000002,3.7972770625701537,-0.46912751259521124,0.0,-0.5384615384615381,0.0,0.05000000074505806,0,95.23087310791016
210.60000000000002,3.797302270291989,-0.4691031582671711,0.0,-0.5384615384615381,0.0,0.05000000074505806,0,95.23087310791016
210.70000000000002,3.797302270291989,-0.4691031582671711,0.0,-0.5384615384615381,0.0,0.05000000074505806,0,95.23087310791016
210.70000000000002,3.797302270291989,-0.4691031582671711,0.0,-0.5384615384615381,0.0,0.05000000074505806,0,95.23087310791016
210.70000000000002,3.797302270291989,-0.4691031582671711,0.0,-0.5384615384615381,0.0,0.05000000074505806,0,95.23087310791016
210.70000000000002,3.797302270291989,-0.4691031582671711,0.0,-0.5384615384615381,0.0,0.05000000074505806,0,95.23087310791016
210.70000000000002,3.797302270291989,-0.4691031582671711,0.0,-0.5384615384615381,0.0,0.05000000074505806,0,95.23087310791016
210.70000000000002,3.797302270291989,-0.4691031582671711,0.0,-0.5384615384615381,0.0,0.05000000074505806,0,95.23087310791016
210.70000000000002,3.7973280785314403,-0.46907922097736765,0.0,-0.5384615384615381,0.0,0.05000000074505806,0,95.23087310791016
210.70000000000002,3.7973280785314403,-0.46907922097736765,0.0,-0.5384615384615381,0.0,0.05000000074505806,0,95.23087310791016
210.70000000000002,3.7973280785314403,-0.46907922097736765,0.0,-0.5384615384615381,0.0,0.05000000074505806,0,95.23087310791016
210.70000000000002,3.797354402672954,-0.46905524550426636,0.0,-0.5384615384615381,0.0,0.05000000074505806,0,95.23087310791016
210.70000000000002,3.797354402672954,-0.46905524550426636,0.0,-0.5384615384615381,0.0,0.05000000074505806,0,95.23087310791016
210.70000000000002,3.797354402672954,-0.46905524550426636,0.0,-0.5384615384615381,0.0,0.05000000074505806,0,95.23087310791016
210.70000000000002,3.797354402672954,-0.46905524550426636,0.0,-0.48717948717948684,0.0,0.05000000074505806,0,95.23087310791016
210.8,3.7973811251959497,-0.46903181576924535,0.0,-0.48717948717948684,0.0,0.05000000074505806,0,95.23087310791016
210.8,3.7973811251959497,-0.46903181576924535,0.0,-0.48717948717948684,0.0,0.05000000074505806,0,95.23087310791016
210.8,3.797406392213624,-0.46901009689372947,0.0,-0.48717948717948684,0.0,0.05000000074505806,0,95.23087310791016
210.8,3.797406392213624,-0.46901009689372947,0.0,-0.48717948717948684,0.0,0.05000000074505806,0,95.23087310791016
210.8,3.797406392213624,-0.46901009689372947,0.0,-0.48717948717948684,0.0,0.05000000074505806,0,95.23087310791016
210.8,3.797406392213624,-0.46901009689372947,0.0,-0.48717948717948684,0.0,0.05000000074505806,0,95.23087310791016
210.8,3.797406392213624,-0.46901009689372947,0.0,-0.48717948717948684,0.0,0.05000000074505806,0,95.23087310791016
210.8,3.797429384661248,-0.468991109778066,0.0,-0.48717948717948684,0.0,0.05000000074505806,0,95.23087310791016
210.8,3.797429384661248,-0.468991109778066,0.0,-0.48717948717948684,0.0,0.05000000074505806,0,95.23087310791016
210.8,3.797429384661248,-0.468991109778066,0.0,-0.48717948717948684,0.0,0.05000000074505806,0,95.23087310791016
210.8,3.797429384661248,-0.468991109778066,0.0,-0.48717948717948684,0.0,0.05000000074505806,0,95.23087310791016
210.8,3.797429384661248,-0.468991109778066,0.0,-0.48717948717948684,0.0,0.05000000074505806,0,95.23087310791016
210.8,3.7974532089255173,-0.4689718413480851,0.0,-0.48717948717948684,0.0,0.05000000074505806,0,95.23087310791016
210.9,3.7974532089255173,-0.4689718413480851,0.0,-0.48717948717948684,0.0,0.05000000074505806,0,95.23087310791016
210.9,3.7974532089255173,-0.4689718413480851,0.0,-0.43589743589743557,0.0,0.05000000074505806,0,95.23087310791016
210.9,3.7974532089255173,-0.4689718413480851,0.0,-0.43589743589743557,0.0,0.05000000074505806,0,95.23087310791016
210.9,3.797477972392598,-0.4689521660098065,0.0,-0.43589743589743557,0.0,0.05000000074505806,0,95.23087310791016
210.9,3.797477972392598,-0.4689521660098065,0.0,-0.43589743589743557,0.0,0.05000000074505806,0,95.23087310791016
210.9,3.797477972392598,-0.4689521660098065,0.0,-0.43589743589743557,0.0,0.05000000074505806,0,95.23087310791016
210.9,3.797477972392598,-0.4689521660098065,0.0,-0.43589743589743557,0.0,0.05000000074505806,0,95.23087310791016
210.9,3.797500440125308,-0.46893463054042045,0.0,-0.43589743589743557,0.0,0.05000000074505806,0,95.23087310791016
210.9,3.797500440125308,-0.46893463054042045,0.0,-0.43589743589743557,0.0,0.05000000074505806,0,95.23087310791016
210.9,3.797500440125308,-0.46893463054042045,0.0,-0.43589743589743557,0.0,0.05000000074505806,0,95.23087310791016
210.9,3.797500440125308,-0.46893463054042045,0.0,-0.43589743589743557,0.0,0.05000000074505806,0,95.23087310791016
210.9,3.7975200398263613,-0.46891980350069873,0.0,-0.43589743589743557,0.0,0.05000000074505806,0,95.23087310791016
211.0,3.7975200398263613,-0.46891980350069873,0.0,-0.43589743589743557,0.0,0.05000000074505806,0,95.2242431640625
211.0,3.7975200398263613,-0.46891980350069873,0.0,-0.43589743589743557,0.0,0.05000000074505806,0,95.2242431640625
211.0,3.7975200398263613,-0.46891980350069873,0.0,-0.43589743589743557,0.0,0.05000000074505806,0,95.2242431640625
211.0,3.7975200398263613,-0.46891980350069873,0.0,-0.43589743589743557,0.0,0.05000000074505806,0,95.2242431640625
211.0,3.797541250028063,-0.46890425542584846,0.0,-0.43589743589743557,0.0,0.05000000074505806,0,95.2242431640625
211.0,3.797541250028063,-0.46890425542584846,0.0,-0.43589743589743557,0.0,0.05000000074505806,0,95.2242431640625
211.0,3.797541250028063,-0.46890425542584846,0.0,-0.43589743589743557,0.0,0.05000000074505806,0,95.2242431640625
211.0,3.797541250028063,-0.46890425542584846,0.0,-0.43589743589743557,0.0,0.05000000074505806,0,95.2242431640625
211.0,3.797541250028063,-0.46890425542584846,0.0,-0.43589743589743557,0.0,0.05000000074505806,0,95.2242431640625
211.0,3.797563763651186,-0.4688878486546618,0.011578947368421053,-0.27589743589743554,0.0,0.05000000074505806,0,95.2242431640625
211.0,3.797563763651186,-0.4688878486546618,0.011578947368421053,-0.27589743589743554,0.0,0.05000000074505806,0,95.2242431640625
211.0,3.797563763651186,-0.4688878486546618,0.011578947368421053,-0.27589743589743554,0.0,0.05000000074505806,0,95.2242431640625
211.0,3.797563763651186,-0.4688878486546618,0.011578947368421053,-0.27589743589743554,0.0,0.05000000074505806,0,95.2242431640625
211.0,3.797563763651186,-0.4688878486546618,0.011578947368421053,-0.27589743589743554,0.0,0.05000000074505806,0,95.2242431640625
211.10000000000002,3.7979157552200347,-0.468657180269511,0.011578947368421053,-0.11589743589743554,0.0,0.05000000074505806,0,95.2242431640625
211.10000000000002,3.7979157552200347,-0.468657180269511,0.011578947368421053,-0.11589743589743554,0.0,0.05000000074505806,0,95.2242431640625
211.10000000000002,3.7979157552200347,-0.468657180269511,0.011578947368421053,-0.11589743589743554,0.0,0.05000000074505806,0,95.2242431640625
211.10000000000002,3.7979157552200347,-0.468657180269511,0.011578947368421053,-0.11589743589743554,0.0,0.05000000074505806,0,95.2242431640625
211.10000000000002,3.7982670179773548,-0.46843348952231423,0.011578947368421053,-0.11589743589743554,0.0,0.05000000074505806,0,95.2242431640625
211.10000000000002,3.7982670179773548,-0.46843348952231423,0.011578947368421053,0.04410256410256447,0.0,0.05000000074505806,0,95.2242431640625
211.10000000000002,3.7982670179773548,-0.46843348952231423,0.011578947368421053,0.04410256410256447,0.0,0.05000000074505806,0,95.2242431640625
211.10000000000002,3.7982670179773548,-0.46843348952231423,0.011578947368421053,0.04410256410256447,0.0,0.05000000074505806,0,95.2242431640625
211.10000000000002,3.7986061964722255,-0.4682225695795749,0.011578947368421053,0.04410256410256447,0.0,0.05000000074505806,0,95.2242431640625
211.10000000000002,3.7986061964722255,-0.4682225695795749,0.011578947368421053,0.04410256410256447,0.0,0.05000000074505806,0,95.2242431640625
211.10000000000002,3.7986061964722255,-0.4682225695795749,0.011578947368421053,0.20410256410256447,0.0,0.05000000074505806,0,95.2242431640625
211.10000000000002,3.7986061964722255,-0.4682225695795749,0.011578947368421053,0.20410256410256447,0.0,0.05000000074505806,0,95.2242431640625
211.20000000000002,3.798934997818875,-0.4680183714819871,0.011578947368421053,0.20410256410256447,0.0,0.05000000074505806,0,95.2242431640625
211.20000000000002,3.798934997818875,-0.4680183714819871,0.011578947368421053,0.20410256410256447,0.0,0.05000000074505806,0,95.2242431640625
211.20000000000002,3.798934997818875,-0.4680183714819871,0.011578947368421053,0.20410256410256447,0.0,0.05000000074505806,0,95.2242431640625
211.20000000000002,3.7992590348864272,-0.467814504805518,0.011578947368421053,0.3641025641025645,0.0,0.05000000074505806,0,95.2242431640625
211.20000000000002,3.7992590348864272,-0.467814504805518,0.011578947368421053,0.3641025641025645,0.0,0.05000000074505806,0,95.2242431640625
211.20000000000002,3.7992590348864272,-0.467814504805518,0.011578947368421053,0.3641025641025645,0.0,0.05000000074505806,0,95.2242431640625
211.20000000000002,3.7992590348864272,-0.467814504805518,0.011578947368421053,0.3641025641025645,0.0,0.05000000074505806,0,95.2242431640625
211.20000000000002,3.7995782688245394,-0.4676104590014817,0.011578947368421053,0.3641025641025645,0.0,0.05000000074505806,0,95.2242431640625
211.20000000000002,3.7995782688245394,-0.4676104590014817,0.011578947368421053,0.5241025641025645,0.0,0.05000000074505806,0,95.2242431640625
211.20000000000002,3.7995782688245394,-0.4676104590014817,0.011578947368421053,0.5241025641025645,0.0,0.05000000074505806,0,95.2242431640625
211.20000000000002,3.7995782688245394,-0.4676104590014817,0.011578947368421053,0.5241025641025645,0.0,0.05000000074505806,0,95.2242431640625
211.20000000000002,3.7995782688245394,-0.4676104590014817,0.011578947368421053,0.5241025641025645,0.0,0.05000000074505806,0,95.2242431640625
211.3,3.799893277534693,-0.4674047025062831,0.011578947368421053,0.5241025641025645,0.0,0.05000000074505806,0,95.2242431640625
211.3,3.799893277534693,-0.4674047025062831,0.0,0.3641025641025645,0.0,0.05000000074505806,0,95.2242431640625
211.3,3.799893277534693,-0.4674047025062831,0.0,0.3641025641025645,0.0,0.05000000074505806,0,95.2242431640625
211.3,3.799893277534693,-0.4674047025062831,0.0,0.3641025641025645,0.0,0.05000000074505806,0,95.2242431640625
211.3,3.8001944528185776,-0.46720234638497116,0.0,0.3641025641025645,0.0,0.05000000074505806,0,95.2242431640625
211.3,3.8001944528185776,-0.46720234638497116,0.0,0.3641025641025645,0.0,0.05000000074505806,0,95.2242431640625
211.3,3.8001944528185776,-0.46720234638497116,0.0,0.20410256410256447,0.0,0.05000000074505806,0,95.2242431640625
211.3,3.8001674686767446,-0.46722094118875523,0.0,0.20410256410256447,0.0,0.05000000074505806,0,95.2242431640625
211.3,3.8001674686767446,-0.46722094118875523,0.0,0.20410256410256447,0.0,0.05000000074505806,0,95.2242431640625
211.3,3.8001674686767446,-0.46722094118875523,0.0,0.20410256410256447,0.0,0.05000000074505806,0,95.2242431640625
211.4,3.8001674686767446,-0.46722094118875523,0.0,0.20410256410256447,0.0,0.05000000074505806,0,95.2242431640625
211.4,3.800159316674651,-0.4672248841605568,0.0,0.04410256410256447,0.0,0.05000000074505806,0,95.2242431640625
211.4,3.800159316674651,-0.4672248841605568,0.0,0.04410256410256447,0.0,0.05000000074505806,0,95.2242431640625
211.4,3.800159316674651,-0.4672248841605568,0.0,0.04410256410256447,0.0,0.05000000074505806,0,95.2242431640625
211.4,3.800159316674651,-0.4672248841605568,0.0,0.04410256410256447,0.0,0.05000000074505806,0,95.2242431640625
211.4,3.800161988684107,-0.467219989472769,0.0,0.04410256410256447,0.0,0.05000000074505806,0,95.2242431640625
211.4,3.800161988684107,-0.467219989472769,0.0,-0.11589743589743554,0.0,0.05000000074505806,0,95.2242431640625
211.4,3.800161988684107,-0.467219989472769,0.0,-0.11589743589743554,0.0,0.05000000074505806,0,95.2242431640625
211.4,3.800161988684107,-0.467219989472769,0.0,-0.11589743589743554,0.0,0.05000000074505806,0,95.2242431640625
211.4,3.800161142569652,-0.4672179671803375,0.0,-0.11589743589743554,0.0,0.05000000074505806,0,95.2242431640625
211.4,3.800161142569652,-0.4672179671803375,0.0,-0.11589743589743554,0.0,0.05000000074505806,0,95.2242431640625
211.4,3.800161142569652,-0.4672179671803375,0.0,-0.27589743589743554,0.0,0.05000000074505806,0,95.2242431640625
211.4,3.800161142569652,-0.4672179671803375,0.0,-0.27589743589743554,0.0,0.05000000074505806,0,95.2242431640625
211.5,3.800161142569652,-0.4672179671803375,0.0,-0.27589743589743554,0.0,0.05000000074505806,0,95.2242431640625
211.5,3.8001599703074467,-0.46721735688817656,0.0,-0.27589743589743554,0.0,0.05000000074505806,0,95.22109985351562
211.5,3.8001599703074467,-0.46721735688817656,0.0,-0.27589743589743554,0.0,0.05000000074505806,0,95.22109985351562
211.5,3.8001599703074467,-0.46721735688817656,0.0,-0.27589743589743554,0.0,0.05000000074505806,0,95.22109985351562
211.5,3.8001599703074467,-0.46721735688817656,0.0,-0.43589743589743557,0.0,0.05000000074505806,0,95.22109985351562
211.5,3.8001599703074467,-0.46721735688817656,0.0,-0.43589743589743557,0.0,0.05000000074505806,0,95.22109985351562
211.5,3.8001599703074467,-0.46721735688817656,0.0,-0.43589743589743557,0.0,0.05000000074505806,0,95.22109985351562
211.5,3.800173258304522,-0.46720509165606594,0.0,-0.43589743589743557,0.0,0.05000000074505806,0,95.22109985351562
211.5,3.800173258304522,-0.46720509165606594,0.0,-0.43589743589743557,0.0,0.05000000074505806,0,95.22109985351562
211.5,3.800173258304522,-0.46720509165606594,0.0,-0.43589743589743557,0.0,0.05000000074505806,0,95.22109985351562
211.5,3.800393423474273,-0.4675068856443513,0.0,-0.43589743589743557,0.0,0.05000000074505806,0,95.22109985351562
211.5,3.800393423474273,-0.4675068856443513,0.0,-0.43589743589743557,0.0,0.05000000074505806,0,95.22109985351562
211.5,3.800393423474273,-0.4675068856443513,0.0,-0.43589743589743557,0.0,0.05000000074505806,0,95.22109985351562
211.60000000000002,3.800393423474273,-0.4675068856443513,0.0,-0.43589743589743557,0.0,0.05000000074505806,0,95.22109985351562
211.60000000000002,3.800393423474273,-0.4675068856443513,0.0,-0.43589743589743557,0.0,0.05000000074505806,0,95.22109985351562
211.60000000000002,3.801020963493519,-0.4684838237295389,0.0,-0.43589743589743557,0.0,0.05000000074505806,0,95.22109985351562
211.60000000000002,3.801020963493519,-0.4684838237295389,0.0,-0.43589743589743557,0.0,0.05000000074505806,0,95.22109985351562
211.60000000000002,3.801020963493519,-0.4684838237295389,0.0,-0.43589743589743557,0.0,0.05000000074505806,0,95.22109985351562
211.60000000000002,3.8016412857956965,-0.46946339585137997,0.0,-0.3846153846153843,0.0,0.05000000074505806,0,95.22109985351562
211.60000000000002,3.8016412857956965,-0.46946339585137997,0.0,-0.3846153846153843,0.0,0.05000000074505806,0,95.22109985351562
211.60000000000002,3.8016412857956965,-0.46946339585137997,0.0,-0.3846153846153843,0.0,0.05000000074505806,0,95.22109985351562
211.60000000000002,3.8016412857956965,-0.46946339585137997,0.0,-0.3846153846153843,0.0,0.05000000074505806,0,95.22109985351562
211.60000000000002,3.8022604418689694,-0.47044229418917016,0.0,-0.3846153846153843,0.0,0.05000000074505806,0,95.22109985351562
211.60000000000002,3.8022604418689694,-0.47044229418917016,0.0,-0.3846153846153843,0.0,0.05000000074505806,0,95.22109985351562
211.60000000000002,3.8022604418689694,-0.47044229418917016,0.0,-0.3846153846153843,0.0,0.05000000074505806,0,95.22109985351562
211.70000000000002,3.8022604418689694,-0.47044229418917016,0.0,-0.3846153846153843,0.0,0.05000000074505806,0,95.22109985351562
211.70000000000002,3.8028772137539972,-0.4714202014868226,0.0,-0.3846153846153843,0.0,0.05000000074505806,0,95.22109985351562
211.70000000000002,3.8028772137539972,-0.4714202014868226,0.0,-0.3846153846153843,0.0,0.05000000074505806,0,95.22109985351562
211.70000000000002,3.8028772137539972,-0.4714202014868226,0.0,-0.3846153846153843,0.0,0.05000000074505806,0,95.22109985351562
211.70000000000002,3.8028772137539972,-0.4714202014868226,0.0,-0.3846153846153843,0.0,0.05000000074505806,0,95.22109985351562
211.70000000000002,3.8028772137539972,-0.4714202014868226,0.0,-0.3846153846153843,0.0,0.05000000074505806,0,95.22109985351562
211.70000000000002,3.803491668536668,-0.47239751538281094,0.0,-0.3846153846153843,0.0,0.05000000074505806,0,95.22109985351562
211.70000000000002,3.803491668536668,-0.47239751538281094,0.0,-0.3846153846153843,0.0,0.05000000074505806,0,95.22109985351562
211.70000000000002,3.803491668536668,-0.47239751538281094,0.0,-0.3846153846153843,0.0,0.05000000074505806,0,95.22109985351562
211.70000000000002,3.803491668536668,-0.47239751538281094,0.0,-0.3846153846153843,0.0,0.05000000074505806,0,95.22109985351562
211.70000000000002,3.803491668536668,-0.47239751538281094,0.0,-0.3846153846153843,0.0,0.05000000074505806,0,95.22109985351562
211.70000000000002,3.803861119096977,-0.47296655167778867,0.0,-0.3846153846153843,0.0,0.05000000074505806,0,95.22109985351562
211.70000000000002,3.803861119096977,-0.47296655167778867,0.0,-0.3846153846153843,0.0,0.05000000074505806,0,95.22109985351562
211.8,3.803861119096977,-0.47296655167778867,0.0,-0.33333333333333304,0.0,0.05000000074505806,0,95.22109985351562
211.8,3.803861119096977,-0.47296655167778867,0.0,-0.33333333333333304,0.0,0.05000000074505806,0,95.22109985351562
211.8,3.8038825619331886,-0.47295380528254904,0.0,-0.33333333333333304,0.0,0.05000000074505806,0,95.22109985351562
211.8,3.8038825619331886,-0.47295380528254904,0.0,-0.33333333333333304,0.0,0.05000000074505806,0,95.22109985351562
211.8,3.8038825619331886,-0.47295380528254904,0.0,-0.33333333333333304,0.0,0.05000000074505806,0,95.22109985351562
211.8,3.803902843016111,-0.4729420073965347,0.0,-0.33333333333333304,0.0,0.05000000074505806,0,95.22109985351562
211.8,3.803902843016111,-0.4729420073965347,0.0,-0.33333333333333304,0.0,0.05000000074505806,0,95.22109985351562
211.8,3.803902843016111,-0.4729420073965347,0.0,-0.33333333333333304,0.0,0.05000000074505806,0,95.22109985351562
211.8,3.803902843016111,-0.4729420073965347,0.0,-0.33333333333333304,0.0,0.05000000074505806,0,95.22109985351562
211.8,3.803902843016111,-0.4729420073965347,0.0,-0.33333333333333304,0.0,0.05000000074505806,0,95.22109985351562
211.8,3.803920968411507,-0.47293198808842285,0.023157894736842106,-0.17333333333333303,0.0,0.05000000074505806,0,95.22109985351562
211.8,3.803920968411507,-0.47293198808842285,0.023157894736842106,-0.17333333333333303,0.0,0.05000000074505806,0,95.22109985351562
211.9,3.803920968411507,-0.47293198808842285,0.023157894736842106,-0.17333333333333303,0.0,0.05000000074505806,0,95.22109985351562
211.9,3.803920968411507,-0.47293198808842285,0.023157894736842106,-0.17333333333333303,0.0,0.05000000074505806,0,95.22109985351562
211.9,3.8046126581134665,-0.47258322992090396,0.023157894736842106,-0.17333333333333303,0.0,0.05000000074505806,0,95.22109985351562
211.9,3.8046126581134665,-0.47258322992090396,0.023157894736842106,-0.01333333333333303,0.0,0.05000000074505806,0,95.22109985351562
211.9,3.8046126581134665,-0.47258322992090396,0.023157894736842106,-0.01333333333333303,0.0,0.05000000074505806,0,95.22109985351562
211.9,3.8046126581134665,-0.47258322992090396,0.023157894736842106,-0.01333333333333303,0.0,0.05000000074505806,0,95.22109985351562
211.9,3.805332775942473,-0.47222844992022217,0.023157894736842106,-0.01333333333333303,0.0,0.05000000074505806,0,95.22109985351562
211.9,3.805332775942473,-0.47222844992022217,0.023157894736842106,-0.01333333333333303,0.0,0.05000000074505806,0,95.22109985351562
211.9,3.805332775942473,-0.47222844992022217,0.023157894736842106,0.14666666666666697,0.0,0.05000000074505806,0,95.22109985351562
211.9,3.805332775942473,-0.47222844992022217,0.023157894736842106,0.14666666666666697,0.0,0.05000000074505806,0,95.22109985351562
211.9,3.806042603076947,-0.4718829316282608,0.023157894736842106,0.14666666666666697,0.0,0.05000000074505806,0,95.22109985351562
211.9,3.806042603076947,-0.4718829316282608,0.023157894736842106,0.14666666666666697,0.0,0.05000000074505806,0,95.22109985351562
212.0,3.806042603076947,-0.4718829316282608,0.023157894736842106,0.14666666666666697,0.0,0.05000000074505806,0,95.22109985351562
212.0,3.806042603076947,-0.4718829316282608,0.023157894736842106,0.306666666666667,0.0,0.05000000074505806,0,95.2136001586914
212.0,3.806740474895405,-0.4715416254548346,0.023157894736842106,0.306666666666667,0.0,0.05000000074505806,0,95.2136001586914
212.0,3.806740474895405,-0.4715416254548346,0.023157894736842106,0.306666666666667,0.0,0.05000000074505806,0,95.2136001586914
212.0,3.806740474895405,-0.4715416254548346,0.023157894736842106,0.306666666666667,0.0,0.05000000074505806,0,95.2136001586914
212.0,3.806740474895405,-0.4715416254548346,0.023157894736842106,0.306666666666667,0.0,0.05000000074505806,0,95.2136001586914
212.0,3.806740474895405,-0.4715416254548346,0.05789473684210526,0.466666666666667,0.0,0.05000000074505806,0,95.2136001586914
212.0,3.8074287245890153,-0.47119836423772843,0.05789473684210526,0.466666666666667,0.0,0.05000000074505806,0,95.2136001586914
212.0,3.8074287245890153,-0.47119836423772843,0.05789473684210526,0.466666666666667,0.0,0.05000000074505806,0,95.2136001586914
212.0,3.8089493281429405,-0.4704157874609367,0.05789473684210526,0.466666666666667,0.0,0.05000000074505806,0,95.2136001586914
212.0,3.8089493281429405,-0.4704157874609367,0.05789473684210526,0.466666666666667,0.0,0.05000000074505806,0,95.2136001586914
212.0,3.8089493281429405,-0.4704157874609367,0.05789473684210526,0.626666666666667,0.0,0.05000000074505806,0,95.2136001586914
212.10000000000002,3.8089493281429405,-0.4704157874609367,0.05789473684210526,0.626666666666667,0.0,0.05000000074505806,0,95.2136001586914
212.10000000000002,3.8089493281429405,-0.4704157874609367,0.05789473684210526,0.626666666666667,0.0,0.05000000074505806,0,95.2136001586914
212.10000000000002,3.8089493281429405,-0.4704157874609367,0.05789473684210526,0.626666666666667,0.0,0.05000000074505806,0,95.2136001586914
212.10000000000002,3.8089493281429405,-0.4704157874609367,0.05789473684210526,0.626666666666667,0.0,0.05000000074505806,0,95.2136001586914
212.10000000000002,3.8106591938982035,-0.46950408835062807,0.04631578947368421,0.7435897435897438,0.0,0.05000000074505806,0,95.2136001586914
212.10000000000002,3.8106591938982035,-0.46950408835062807,0.04631578947368421,0.7435897435897438,0.0,0.05000000074505806,0,95.2136001586914
212.10000000000002,3.8106591938982035,-0.46950408835062807,0.04631578947368421,0.7435897435897438,0.0,0.05000000074505806,0,95.2136001586914
212.10000000000002,3.8106591938982035,-0.46950408835062807,0.04631578947368421,0.7435897435897438,0.0,0.05000000074505806,0,95.2136001586914
212.10000000000002,3.8119990079299413,-0.46875864349743157,0.04631578947368421,0.7435897435897438,0.0,0.05000000074505806,0,95.2136001586914
212.10000000000002,3.8119990079299413,-0.46875864349743157,0.04631578947368421,0.7435897435897438,0.0,0.05000000074505806,0,95.2136001586914
212.10000000000002,3.8119990079299413,-0.46875864349743157,0.04631578947368421,0.7435897435897438,0.0,0.05000000074505806,0,95.2136001586914
212.10000000000002,3.8119990079299413,-0.46875864349743157,0.04631578947368421,0.7435897435897438,0.0,0.05000000074505806,0,95.2136001586914
212.10000000000002,3.8133067417195123,-0.46798604752176665,0.04631578947368421,0.7435897435897438,0.0,0.05000000074505806,0,95.2136001586914
212.20000000000002,3.8133067417195123,-0.46798604752176665,0.04631578947368421,0.7435897435897438,0.0,0.05000000074505806,0,95.2136001586914
212.20000000000002,3.8133067417195123,-0.46798604752176665,0.04631578947368421,0.6923076923076925,0.0,0.05000000074505806,0,95.2136001586914
212.20000000000002,3.8133067417195123,-0.46798604752176665,0.04631578947368421,0.6923076923076925,0.0,0.05000000074505806,0,95.2136001586914
212.20000000000002,3.8145970490873253,-0.46717130539031404,0.04631578947368421,0.6923076923076925,0.0,0.05000000074505806,0,95.2136001586914
212.20000000000002,3.8145970490873253,-0.46717130539031404,0.04631578947368421,0.6923076923076925,0.0,0.05000000074505806,0,95.2136001586914
212.20000000000002,3.8145970490873253,-0.46717130539031404,0.04631578947368421,0.6923076923076925,0.0,0.05000000074505806,0,95.2136001586914
212.20000000000002,3.8145970490873253,-0.46717130539031404,0.04631578947368421,0.6923076923076925,0.0,0.05000000074505806,0,95.2136001586914
212.20000000000002,3.815875184167585,-0.46632214111114456,0.04631578947368421,0.6923076923076925,0.0,0.05000000074505806,0,95.2136001586914
212.20000000000002,3.815875184167585,-0.46632214111114456,0.04631578947368421,0.6923076923076925,0.0,0.05000000074505806,0,95.2136001586914
212.20000000000002,3.815875184167585,-0.46632214111114456,0.04631578947368421,0.6923076923076925,0.0,0.05000000074505806,0,95.2136001586914
212.20000000000002,3.815875184167585,-0.46632214111114456,0.04631578947368421,0.6923076923076925,0.0,0.05000000074505806,0,95.2136001586914
212.20000000000002,3.8171320606004118,-0.4654466445220474,0.04631578947368421,0.6923076923076925,0.0,0.05000000074505806,0,95.2136001586914
212.20000000000002,3.8171320606004118,-0.4654466445220474,0.04631578947368421,0.6923076923076925,0.0,0.05000000074505806,0,95.2136001586914
212.3,3.8171320606004118,-0.4654466445220474,0.04631578947368421,0.6923076923076925,0.0,0.05000000074505806,0,95.2136001586914
212.3,3.8171320606004118,-0.4654466445220474,0.04631578947368421,0.6923076923076925,0.0,0.05000000074505806,0,95.2136001586914
212.3,3.8183652373367094,-0.4645428828740138,0.04631578947368421,0.6923076923076925,0.0,0.05000000074505806,0,95.2136001586914
212.3,3.8183652373367094,-0.4645428828740138,0.04631578947368421,0.6923076923076925,0.0,0.05000000074505806,0,95.2136001586914
212.3,3.8183652373367094,-0.4645428828740138,0.04631578947368421,0.6923076923076925,0.0,0.05000000074505806,0,95.2136001586914
212.3,3.8183652373367094,-0.4645428828740138,0.04631578947368421,0.6923076923076925,0.0,0.05000000074505806,0,95.2136001586914
212.3,3.819577476107088,-0.46360875959047,0.04631578947368421,0.6923076923076925,0.0,0.05000000074505806,0,95.2136001586914
212.3,3.819577476107088,-0.46360875959047,0.04631578947368421,0.6923076923076925,0.0,0.05000000074505806,0,95.2136001586914
212.3,3.819577476107088,-0.46360875959047,0.04631578947368421,0.6923076923076925,0.0,0.05000000074505806,0,95.2136001586914
212.3,3.819577476107088,-0.46360875959047,0.04631578947368421,0.6923076923076925,0.0,0.05000000074505806,0,95.2136001586914
212.3,3.820768367440694,-0.4626467080149659,0.04631578947368421,0.6923076923076925,0.0,0.05000000074505806,0,95.2136001586914
212.4,3.820768367440694,-0.4626467080149659,0.04631578947368421,0.6923076923076925,0.0,0.05000000074505806,0,95.2136001586914
212.4,3.820768367440694,-0.4626467080149659,0.04631578947368421,0.6923076923076925,0.0,0.05000000074505806,0,95.2136001586914
212.4,3.821935541330221,-0.4616580830607723,0.04631578947368421,0.6923076923076925,0.0,0.05000000074505806,0,95.2136001586914
212.4,3.821935541330221,-0.4616580830607723,0.04631578947368421,0.6923076923076925,0.0,0.05000000074505806,0,95.2136001586914
212.4,3.821935541330221,-0.4616580830607723,0.04631578947368421,0.6923076923076925,0.0,0.05000000074505806,0,95.2136001586914
212.4,3.821935541330221,-0.4616580830607723,0.04631578947368421,0.6923076923076925,0.0,0.05000000074505806,0,95.2136001586914
212.4,3.823078635905441,-0.4606423883274352,0.04631578947368421,0.6923076923076925,0.0,0.05000000074505806,0,95.2136001586914
212.4,3.823078635905441,-0.4606423883274352,0.04631578947368421,0.6410256410256412,0.0,0.05000000074505806,0,95.2136001586914
212.4,3.823078635905441,-0.4606423883274352,0.04631578947368421,0.6410256410256412,0.0,0.05000000074505806,0,95.2136001586914
212.4,3.824197574992255,-0.45959985496239997,0.04631578947368421,0.6410256410256412,0.0,0.05000000074505806,0,95.2136001586914
212.5,3.824197574992255,-0.45959985496239997,0.04631578947368421,0.6410256410256412,0.0,0.05000000074505806,0,95.2136001586914
212.5,3.824197574992255,-0.45959985496239997,0.04631578947368421,0.6410256410256412,0.0,0.05000000074505806,0,95.1916732788086
212.5,3.824197574992255,-0.45959985496239997,0.04631578947368421,0.6410256410256412,0.0,0.05000000074505806,0,95.1916732788086
212.5,3.824197574992255,-0.45959985496239997,0.04631578947368421,0.6410256410256412,0.0,0.05000000074505806,0,95.1916732788086
212.5,3.8252937866470167,-0.4585304190568784,0.04631578947368421,0.6410256410256412,0.0,0.05000000074505806,0,95.1916732788086
212.5,3.8263673901483077,-0.45743651771085936,0.04631578947368421,0.6410256410256412,0.0,0.05000000074505806,0,95.1916732788086
212.5,3.8263673901483077,-0.45743651771085936,0.04631578947368421,0.6410256410256412,0.0,0.05000000074505806,0,95.1916732788086
212.5,3.8263673901483077,-0.45743651771085936,0.03473684210526316,0.5384615384615385,0.0,0.05000000074505806,0,95.1916732788086
212.5,3.8263673901483077,-0.45743651771085936,0.03473684210526316,0.5384615384615385,0.0,0.05000000074505806,0,95.1916732788086
212.5,3.8263673901483077,-0.45743651771085936,0.03473684210526316,0.5384615384615385,0.0,0.05000000074505806,0,95.1916732788086
212.5,3.8263673901483077,-0.45743651771085936,0.03473684210526316,0.5384615384615385,0.0,0.05000000074505806,0,95.1916732788086
212.60000000000002,3.8249092981329706,-0.4624869928371659,0.03473684210526316,0.5384615384615385,0.0,0.05000000074505806,0,95.1916732788086
212.60000000000002,3.8249092981329706,-0.4624869928371659,0.03473684210526316,0.5384615384615385,0.0,0.05000000074505806,0,95.1916732788086
212.60000000000002,3.8249092981329706,-0.4624869928371659,0.03473684210526316,0.5384615384615385,0.0,0.05000000074505806,0,95.1916732788086
212.60000000000002,3.8229022630747505,-0.4683964092676519,0.03473684210526316,0.5384615384615385,0.0,0.05000000074505806,0,95.1916732788086
212.60000000000002,3.8229022630747505,-0.4683964092676519,0.03473684210526316,0.5384615384615385,0.0,0.05000000074505806,0,95.1916732788086
212.60000000000002,3.8229022630747505,-0.4683964092676519,0.03473684210526316,0.5384615384615385,0.0,0.05000000074505806,0,95.1916732788086
212.60000000000002,3.8229022630747505,-0.4683964092676519,0.03473684210526316,0.4871794871794873,0.0,0.05000000074505806,0,95.1916732788086
212.60000000000002,3.8229022630747505,-0.4683964092676519,0.03473684210526316,0.4871794871794873,0.0,0.05000000074505806,0,95.1916732788086
212.60000000000002,3.8208607746220613,-0.47427780390241026,0.03473684210526316,0.4871794871794873,0.0,0.05000000074505806,0,95.1916732788086
212.60000000000002,3.8208607746220613,-0.47427780390241026,0.03473684210526316,0.4871794871794873,0.0,0.05000000074505806,0,95.1916732788086
212.60000000000002,3.8208607746220613,-0.47427780390241026,0.03473684210526316,0.4871794871794873,0.0,0.05000000074505806,0,95.1916732788086
212.60000000000002,3.8187888079295265,-0.48013282207621355,0.03473684210526316,0.4871794871794873,0.0,0.05000000074505806,0,95.1916732788086
212.70000000000002,3.8187888079295265,-0.48013282207621355,0.03473684210526316,0.4871794871794873,0.0,0.05000000074505806,0,95.1916732788086
212.70000000000002,3.8187888079295265,-0.48013282207621355,0.03473684210526316,0.4871794871794873,0.0,0.05000000074505806,0,95.1916732788086
212.70000000000002,3.8187888079295265,-0.48013282207621355,0.03473684210526316,0.4871794871794873,0.0,0.05000000074505806,0,95.1916732788086
212.70000000000002,3.8166847106346227,-0.48596805817607136,0.03473684210526316,0.4871794871794873,0.0,0.05000000074505806,0,95.1916732788086
212.70000000000002,3.8166847106346227,-0.48596805817607136,0.03473684210526316,0.4871794871794873,0.0,0.05000000074505806,0,95.1916732788086
212.70000000000002,3.8166847106346227,-0.48596805817607136,0.03473684210526316,0.4871794871794873,0.0,0.05000000074505806,0,95.1916732788086
212.70000000000002,3.8166847106346227,-0.48596805817607136,0.03473684210526316,0.4871794871794873,0.0,0.05000000074505806,0,95.1916732788086
212.70000000000002,3.8146303560713193,-0.49158769349592046,0.03473684210526316,0.4871794871794873,0.0,0.05000000074505806,0,95.1916732788086
212.70000000000002,3.8146303560713193,-0.49158769349592046,0.03473684210526316,0.4871794871794873,0.0,0.05000000074505806,0,95.1916732788086
212.70000000000002,3.8146303560713193,-0.49158769349592046,0.03473684210526316,0.4871794871794873,0.0,0.05000000074505806,0,95.1916732788086
212.70000000000002,3.8146303560713193,-0.49158769349592046,0.03473684210526316,0.4871794871794873,0.0,0.05000000074505806,0,95.1916732788086
212.70000000000002,3.8153424835279375,-0.4906856253150962,0.03473684210526316,0.4871794871794873,0.0,0.05000000074505806,0,95.1916732788086
212.8,3.8153424835279375,-0.4906856253150962,0.03473684210526316,0.4871794871794873,0.0,0.05000000074505806,0,95.1916732788086
212.8,3.8153424835279375,-0.4906856253150962,0.03473684210526316,0.4871794871794873,0.0,0.05000000074505806,0,95.1916732788086
212.8,3.8153424835279375,-0.4906856253150962,0.03473684210526316,0.4871794871794873,0.0,0.05000000074505806,0,95.1916732788086
212.8,3.8153424835279375,-0.4906856253150962,0.03473684210526316,0.4871794871794873,0.0,0.05000000074505806,0,95.1916732788086
212.8,3.8160405111739912,-0.4897709248833827,0.03473684210526316,0.4871794871794873,0.0,0.05000000074505806,0,95.1916732788086
212.8,3.8160405111739912,-0.4897709248833827,0.03473684210526316,0.4871794871794873,0.0,0.05000000074505806,0,95.1916732788086
212.8,3.8160405111739912,-0.4897709248833827,0.03473684210526316,0.4871794871794873,0.0,0.05000000074505806,0,95.1916732788086
212.8,3.8160405111739912,-0.4897709248833827,0.03473684210526316,0.4871794871794873,0.0,0.05000000074505806,0,95.1916732788086
212.8,3.8160405111739912,-0.4897709248833827,0.03473684210526316,0.4871794871794873,0.0,0.05000000074505806,0,95.1916732788086
212.8,3.816723423763105,-0.48884574726910035,0.03473684210526316,0.4871794871794873,0.0,0.05000000074505806,0,95.1916732788086
212.8,3.816723423763105,-0.48884574726910035,0.03473684210526316,0.4871794871794873,0.0,0.05000000074505806,0,95.1916732788086
212.8,3.816723423763105,-0.48884574726910035,0.03473684210526316,0.4871794871794873,0.0,0.05000000074505806,0,95.1916732788086
212.9,3.817390601342149,-0.487909963252423,0.03473684210526316,0.4871794871794873,0.0,0.05000000074505806,0,95.1916732788086
212.9,3.817390601342149,-0.487909963252423,0.03473684210526316,0.4871794871794873,0.0,0.05000000074505806,0,95.1916732788086
212.9,3.817390601342149,-0.487909963252423,0.03473684210526316,0.4871794871794873,0.0,0.05000000074505806,0,95.1916732788086
212.9,3.81804215572961,-0.4869628617833226,0.03473684210526316,0.4871794871794873,0.0,0.05000000074505806,0,95.1916732788086
212.9,3.81804215572961,-0.4869628617833226,0.03473684210526316,0.4871794871794873,0.0,0.05000000074505806,0,95.1916732788086
212.9,3.81804215572961,-0.4869628617833226,0.03473684210526316,0.4871794871794873,0.0,0.05000000074505806,0,95.1916732788086
212.9,3.81804215572961,-0.4869628617833226,0.03473684210526316,0.4871794871794873,0.0,0.05000000074505806,0,95.1916732788086
212.9,3.818678263091802,-0.4860053451426033,0.03473684210526316,0.4871794871794873,0.0,0.05000000074505806,0,95.1916732788086
212.9,3.818678263091802,-0.4860053451426033,0.03473684210526316,0.4871794871794873,0.0,0.05000000074505806,0,95.1916732788086
212.9,3.818678263091802,-0.4860053451426033,0.03473684210526316,0.4871794871794873,0.0,0.05000000074505806,0,95.1916732788086
212.9,3.818678263091802,-0.4860053451426033,0.023157894736842106,0.38461538461538475,0.0,0.05000000074505806,0,95.1916732788086
213.0,3.818678263091802,-0.4860053451426033,0.023157894736842106,0.38461538461538475,0.0,0.05000000074505806,0,95.1916732788086
213.0,3.8192983631604376,-0.4850377572453821,0.023157894736842106,0.38461538461538475,0.0,0.05000000074505806,0,95.16470336914062
213.0,3.8192983631604376,-0.4850377572453821,0.023157894736842106,0.38461538461538475,0.0,0.05000000074505806,0,95.16470336914062
213.0,3.8192983631604376,-0.4850377572453821,0.023157894736842106,0.38461538461538475,0.0,0.05000000074505806,0,95.16470336914062
213.0,3.819695031399565,-0.48439655015830885,0.023157894736842106,0.38461538461538475,0.0,0.05000000074505806,0,95.16470336914062
213.0,3.819695031399565,-0.48439655015830885,0.023157894736842106,0.38461538461538475,0.0,0.05000000074505806,0,95.16470336914062
213.0,3.819695031399565,-0.48439655015830885,0.023157894736842106,0.38461538461538475,0.0,0.05000000074505806,0,95.16470336914062
213.0,3.819695031399565,-0.48439655015830885,0.023157894736842106,0.38461538461538475,0.0,0.05000000074505806,0,95.16470336914062
213.0,3.8200833343205374,-0.4837445480911008,0.023157894736842106,0.38461538461538475,0.0,0.05000000074505806,0,95.16470336914062
213.0,3.8200833343205374,-0.4837445480911008,0.023157894736842106,0.3333333333333335,0.0,0.05000000074505806,0,95.16470336914062
213.0,3.8200833343205374,-0.4837445480911008,0.023157894736842106,0.3333333333333335,0.0,0.05000000074505806,0,95.16470336914062
213.0,3.8200833343205374,-0.4837445480911008,0.023157894736842106,0.3333333333333335,0.0,0.05000000074505806,0,95.16470336914062
213.10000000000002,3.820465470497136,-0.4830817261402135,0.023157894736842106,0.3333333333333335,0.0,0.05000000074505806,0,95.16470336914062
213.10000000000002,3.820465470497136,-0.4830817261402135,0.023157894736842106,0.3333333333333335,0.0,0.05000000074505806,0,95.16470336914062
213.10000000000002,3.820465470497136,-0.4830817261402135,0.023157894736842106,0.3333333333333335,0.0,0.05000000074505806,0,95.16470336914062
213.10000000000002,3.820465470497136,-0.4830817261402135,0.023157894736842106,0.3333333333333335,0.0,0.05000000074505806,0,95.16470336914062
213.10000000000002,3.820841714537349,-0.482413619640089,0.023157894736842106,0.3333333333333335,0.0,0.05000000074505806,0,95.16470336914062
213.10000000000002,3.820841714537349,-0.482413619640089,0.023157894736842106,0.3333333333333335,0.0,0.05000000074505806,0,95.16470336914062
213.10000000000002,3.820841714537349,-0.482413619640089,0.023157894736842106,0.3333333333333335,0.0,0.05000000074505806,0,95.16470336914062
213.10000000000002,3.821208838066479,-0.48174320000364335,0.023157894736842106,0.3333333333333335,0.0,0.05000000074505806,0,95.16470336914062
213.10000000000002,3.821208838066479,-0.48174320000364335,0.023157894736842106,0.3333333333333335,0.0,0.05000000074505806,0,95.16470336914062
213.10000000000002,3.821208838066479,-0.48174320000364335,0.023157894736842106,0.3333333333333335,0.0,0.05000000074505806,0,95.16470336914062
213.10000000000002,3.821208838066479,-0.48174320000364335,0.023157894736842106,0.3333333333333335,0.0,0.05000000074505806,0,95.16470336914062
213.20000000000002,3.8215688008088415,-0.48106754883935887,0.023157894736842106,0.3333333333333335,0.0,0.05000000074505806,0,95.16470336914062
213.20000000000002,3.8215688008088415,-0.48106754883935887,0.023157894736842106,0.3333333333333335,0.0,0.05000000074505806,0,95.16470336914062
213.20000000000002,3.8215688008088415,-0.48106754883935887,0.023157894736842106,0.3333333333333335,0.0,0.05000000074505806,0,95.16470336914062
213.20000000000002,3.8215688008088415,-0.48106754883935887,0.023157894736842106,0.3333333333333335,0.0,0.05000000074505806,0,95.16470336914062
213.20000000000002,3.8215688008088415,-0.48106754883935887,0.023157894736842106,0.3333333333333335,0.0,0.05000000074505806,0,95.16470336914062
213.20000000000002,3.821921422283874,-0.4803870369459987,0.023157894736842106,0.3333333333333335,0.0,0.05000000074505806,0,95.16470336914062
213.20000000000002,3.821921422283874,-0.4803870369459987,0.023157894736842106,0.2820512820512822,0.0,0.05000000074505806,0,95.16470336914062
213.20000000000002,3.821921422283874,-0.4803870369459987,0.023157894736842106,0.2820512820512822,0.0,0.05000000074505806,0,95.16470336914062
213.20000000000002,3.821921422283874,-0.4803870369459987,0.023157894736842106,0.2820512820512822,0.0,0.05000000074505806,0,95.16470336914062
213.20000000000002,3.822266316325594,-0.47970356364988753,0.023157894736842106,0.2820512820512822,0.0,0.05000000074505806,0,95.16470336914062
213.20000000000002,3.822266316325594,-0.47970356364988753,0.023157894736842106,0.2820512820512822,0.0,0.05000000074505806,0,95.16470336914062
213.20000000000002,3.822266316325594,-0.47970356364988753,0.023157894736842106,0.2820512820512822,0.0,0.05000000074505806,0,95.16470336914062
213.3,3.822266316325594,-0.47970356364988753,0.023157894736842106,0.2820512820512822,0.0,0.05000000074505806,0,95.16470336914062
213.3,3.822266316325594,-0.47970356364988753,0.023157894736842106,0.2820512820512822,0.0,0.05000000074505806,0,95.16470336914062
213.3,3.822604117399316,-0.47901485650723497,0.023157894736842106,0.2820512820512822,0.0,0.05000000074505806,0,95.16470336914062
213.3,3.822604117399316,-0.47901485650723497,0.023157894736842106,0.2820512820512822,0.0,0.05000000074505806,0,95.16470336914062
213.3,3.822604117399316,-0.47901485650723497,0.023157894736842106,0.2820512820512822,0.0,0.05000000074505806,0,95.16470336914062
213.3,3.822936802046666,-0.4783195155015614,0.023157894736842106,0.2820512820512822,0.0,0.05000000074505806,0,95.16470336914062
213.3,3.822936802046666,-0.4783195155015614,0.023157894736842106,0.2820512820512822,0.0,0.05000000074505806,0,95.16470336914062
213.3,3.822936802046666,-0.4783195155015614,0.023157894736842106,0.2820512820512822,0.0,0.05000000074505806,0,95.16470336914062
213.3,3.822936802046666,-0.4783195155015614,0.023157894736842106,0.2820512820512822,0.0,0.05000000074505806,0,95.16470336914062
213.3,3.822936802046666,-0.4783195155015614,0.023157894736842106,0.2820512820512822,0.0,0.05000000074505806,0,95.16470336914062
213.3,3.822943032173825,-0.478055921265762,0.023157894736842106,0.2820512820512822,0.0,0.05000000074505806,0,95.16470336914062
213.3,3.822943032173825,-0.478055921265762,0.023157894736842106,0.2820512820512822,0.0,0.05000000074505806,0,95.16470336914062
213.3,3.822943032173825,-0.478055921265762,0.023157894736842106,0.2820512820512822,0.0,0.05000000074505806,0,95.16470336914062
213.4,3.822943032173825,-0.478055921265762,0.023157894736842106,0.2820512820512822,0.0,0.05000000074505806,0,95.16470336914062
213.4,3.8224247806786122,-0.478491293072544,0.023157894736842106,0.2820512820512822,0.0,0.05000000074505806,0,95.16470336914062
213.4,3.8224247806786122,-0.478491293072544,0.023157894736842106,0.2820512820512822,0.0,0.05000000074505806,0,95.16470336914062
213.4,3.8224247806786122,-0.478491293072544,0.023157894736842106,0.2820512820512822,0.0,0.05000000074505806,0,95.16470336914062
213.4,3.821899570529406,-0.4789220444679356,0.023157894736842106,0.2820512820512822,0.0,0.05000000074505806,0,95.16470336914062
213.4,3.821899570529406,-0.4789220444679356,0.023157894736842106,0.2820512820512822,0.0,0.05000000074505806,0,95.16470336914062
213.4,3.821899570529406,-0.4789220444679356,0.023157894736842106,0.2820512820512822,0.0,0.05000000074505806,0,95.16470336914062
213.4,3.821899570529406,-0.4789220444679356,0.023157894736842106,0.2820512820512822,0.0,0.05000000074505806,0,95.16470336914062
213.4,3.821899570529406,-0.4789220444679356,0.023157894736842106,0.2820512820512822,0.0,0.05000000074505806,0,95.16470336914062
213.4,3.821899570529406,-0.4789220444679356,0.023157894736842106,0.2820512820512822,0.0,0.05000000074505806,0,95.16470336914062
213.4,3.821367526653516,-0.4793487965322849,0.023157894736842106,0.2820512820512822,0.0,0.05000000074505806,0,95.16470336914062
213.5,3.821367526653516,-0.4793487965322849,0.023157894736842106,0.2820512820512822,0.0,0.05000000074505806,0,95.16470336914062
213.5,3.821367526653516,-0.4793487965322849,0.023157894736842106,0.2820512820512822,0.0,0.05000000074505806,0,95.16470336914062
213.5,3.821367526653516,-0.4793487965322849,0.023157894736842106,0.2820512820512822,0.0,0.05000000074505806,0,95.15752410888672
213.5,3.820828068989421,-0.4797729684952081,0.023157894736842106,0.2820512820512822,0.0,0.05000000074505806,0,95.15752410888672
213.5,3.820828068989421,-0.4797729684952081,0.023157894736842106,0.2820512820512822,0.0,0.05000000074505806,0,95.15752410888672
213.5,3.820828068989421,-0.4797729684952081,0.023157894736842106,0.2820512820512822,0.0,0.05000000074505806,0,95.15752410888672
213.5,3.8202811751777483,-0.4801939916108051,0.023157894736842106,0.2820512820512822,0.0,0.05000000074505806,0,95.15752410888672
213.5,3.8202811751777483,-0.4801939916108051,0.023157894736842106,0.2820512820512822,0.0,0.05000000074505806,0,95.15752410888672
213.5,3.8202811751777483,-0.4801939916108051,0.023157894736842106,0.2820512820512822,0.0,0.05000000074505806,0,95.15752410888672
213.5,3.8202811751777483,-0.4801939916108051,0.023157894736842106,0.2820512820512822,0.0,0.05000000074505806,0,95.15752410888672
213.5,3.8201216891910335,-0.480078436043604,0.023157894736842106,0.2820512820512822,0.0,0.05000000074505806,0,95.15752410888672
213.5,3.8201216891910335,-0.480078436043604,0.023157894736842106,0.2820512820512822,0.0,0.05000000074505806,0,95.15752410888672
213.60000000000002,3.8201216891910335,-0.480078436043604,0.023157894736842106,0.2820512820512822,0.0,0.05000000074505806,0,95.15752410888672
213.60000000000002,3.8201216891910335,-0.480078436043604,0.023157894736842106,0.2820512820512822,0.0,0.05000000074505806,0,95.15752410888672
213.60000000000002,3.8203990896955027,-0.47936036616525757,0.023157894736842106,0.2820512820512822,0.0,0.05000000074505806,0,95.15752410888672
213.60000000000002,3.8203990896955027,-0.47936036616525757,0.023157894736842106,0.2820512820512822,0.0,0.05000000074505806,0,95.15752410888672
213.60000000000002,3.8203990896955027,-0.47936036616525757,0.023157894736842106,0.2820512820512822,0.0,0.05000000074505806,0,95.15752410888672
213.60000000000002,3.8203990896955027,-0.47936036616525757,0.023157894736842106,0.2820512820512822,0.0,0.05000000074505806,0,95.15752410888672
213.60000000000002,3.820669509199333,-0.47863999261396073,0.023157894736842106,0.2820512820512822,0.0,0.05000000074505806,0,95.15752410888672
213.60000000000002,3.820669509199333,-0.47863999261396073,0.023157894736842106,0.2820512820512822,0.0,0.05000000074505806,0,95.15752410888672
213.60000000000002,3.820669509199333,-0.47863999261396073,0.05789473684210526,0.38461538461538475,0.0,0.05000000074505806,0,95.15752410888672
213.60000000000002,3.820669509199333,-0.47863999261396073,0.05789473684210526,0.38461538461538475,0.0,0.05000000074505806,0,95.15752410888672
213.60000000000002,3.8209327961002595,-0.4779169218391005,0.05789473684210526,0.38461538461538475,0.0,0.05000000074505806,0,95.15752410888672
213.60000000000002,3.8209327961002595,-0.4779169218391005,0.05789473684210526,0.38461538461538475,0.0,0.05000000074505806,0,95.15752410888672
213.60000000000002,3.8209327961002595,-0.4779169218391005,0.05789473684210526,0.38461538461538475,0.0,0.05000000074505806,0,95.15752410888672
213.70000000000002,3.8209327961002595,-0.4779169218391005,0.05789473684210526,0.38461538461538475,0.0,0.05000000074505806,0,95.15752410888672
213.70000000000002,3.821525666396103,-0.4762265685885987,0.05789473684210526,0.38461538461538475,0.0,0.05000000074505806,0,95.15752410888672
213.70000000000002,3.821525666396103,-0.4762265685885987,0.05789473684210526,0.38461538461538475,0.0,0.05000000074505806,0,95.15752410888672
213.70000000000002,3.821525666396103,-0.4762265685885987,0.05789473684210526,0.38461538461538475,0.0,0.05000000074505806,0,95.15752410888672
213.70000000000002,3.821525666396103,-0.4762265685885987,0.05789473684210526,0.38461538461538475,0.0,0.05000000074505806,0,95.15752410888672
213.70000000000002,3.821525666396103,-0.4762265685885987,0.05789473684210526,0.38461538461538475,0.0,0.05000000074505806,0,95.15752410888672
213.70000000000002,3.82213938522916,-0.47439067273187985,0.04631578947368421,0.3333333333333335,0.0,0.05000000074505806,0,95.15752410888672
213.70000000000002,3.82213938522916,-0.47439067273187985,0.04631578947368421,0.3333333333333335,0.0,0.05000000074505806,0,95.15752410888672
213.70000000000002,3.82213938522916,-0.47439067273187985,0.04631578947368421,0.3333333333333335,0.0,0.05000000074505806,0,95.15752410888672
213.70000000000002,3.82213938522916,-0.47439067273187985,0.04631578947368421,0.3333333333333335,0.0,0.05000000074505806,0,95.15752410888672
213.70000000000002,3.8226144165527565,-0.4726659729097993,0.04631578947368421,0.3333333333333335,0.0,0.05000000074505806,0,95.15752410888672
213.70000000000002,3.8226144165527565,-0.4726659729097993,0.04631578947368421,0.3333333333333335,0.0,0.05000000074505806,0,95.15752410888672
213.8,3.8226144165527565,-0.4726659729097993,0.04631578947368421,0.3333333333333335,0.0,0.05000000074505806,0,95.15752410888672
213.8,3.8226144165527565,-0.4726659729097993,0.04631578947368421,0.3333333333333335,0.0,0.05000000074505806,0,95.15752410888672
213.8,3.8226144165527565,-0.4726659729097993,0.04631578947368421,0.3333333333333335,0.0,0.05000000074505806,0,95.15752410888672
213.8,3.823155105825568,-0.47051092768496505,0.04631578947368421,0.2820512820512822,0.0,0.05000000074505806,0,95.15752410888672
213.8,3.823155105825568,-0.47051092768496505,0.04631578947368421,0.2820512820512822,0.0,0.05000000074505806,0,95.15752410888672
213.8,3.823155105825568,-0.47051092768496505,0.04631578947368421,0.2820512820512822,0.0,0.05000000074505806,0,95.15752410888672
213.8,3.823155105825568,-0.47051092768496505,0.04631578947368421,0.2820512820512822,0.0,0.05000000074505806,0,95.15752410888672
213.8,3.8236800472900336,-0.46835026105385846,0.04631578947368421,0.2820512820512822,0.0,0.05000000074505806,0,95.15752410888672
213.8,3.8236800472900336,-0.46835026105385846,0.04631578947368421,0.2820512820512822,0.0,0.05000000074505806,0,95.15752410888672
213.8,3.8236800472900336,-0.46835026105385846,0.04631578947368421,0.2820512820512822,0.0,0.05000000074505806,0,95.15752410888672
213.8,3.8236800472900336,-0.46835026105385846,0.04631578947368421,0.2820512820512822,0.0,0.05000000074505806,0,95.15752410888672
213.8,3.8236800472900336,-0.46835026105385846,0.04631578947368421,0.2820512820512822,0.0,0.05000000074505806,0,95.15752410888672
213.8,3.824189843849657,-0.46618365325719746,0.04631578947368421,0.2820512820512822,0.0,0.05000000074505806,0,95.15752410888672
213.9,3.824189843849657,-0.46618365325719746,0.04631578947368421,0.2820512820512822,0.0,0.05000000074505806,0,95.15752410888672
213.9,3.824189843849657,-0.46618365325719746,0.04631578947368421,0.2820512820512822,0.0,0.05000000074505806,0,95.15752410888672
213.9,3.824189843849657,-0.46618365325719746,0.04631578947368421,0.2820512820512822,0.0,0.05000000074505806,0,95.15752410888672
213.9,3.824684852609687,-0.46401199235595647,0.04631578947368421,0.2820512820512822,0.0,0.05000000074505806,0,95.15752410888672
213.9,3.824684852609687,-0.46401199235595647,0.04631578947368421,0.2820512820512822,0.0,0.05000000074505806,0,95.15752410888672
213.9,3.824684852609687,-0.46401199235595647,0.04631578947368421,0.2820512820512822,0.0,0.05000000074505806,0,95.15752410888672
213.9,3.824684852609687,-0.46401199235595647,0.04631578947368421,0.2820512820512822,0.0,0.05000000074505806,0,95.15752410888672
213.9,3.8251645368054152,-0.46183649055530007,0.04631578947368421,0.2820512820512822,0.0,0.05000000074505806,0,95.15752410888672
213.9,3.8251645368054152,-0.46183649055530007,0.04631578947368421,0.2820512820512822,0.0,0.05000000074505806,0,95.15752410888672
213.9,3.8251645368054152,-0.46183649055530007,0.04631578947368421,0.2820512820512822,0.0,0.05000000074505806,0,95.15752410888672
213.9,3.8251645368054152,-0.46183649055530007,0.04631578947368421,0.2820512820512822,0.0,0.05000000074505806,0,95.15752410888672
213.9,3.8251645368054152,-0.46183649055530007,0.04631578947368421,0.2820512820512822,0.0,0.05000000074505806,0,95.15752410888672
213.9,3.8255692333219367,-0.46012889609983976,0.04631578947368421,0.2820512820512822,0.0,0.05000000074505806,0,95.15752410888672
214.0,3.8255692333219367,-0.46012889609983976,0.04631578947368421,0.2820512820512822,0.0,0.05000000074505806,0,95.13784790039062
214.0,3.8255692333219367,-0.46012889609983976,0.04631578947368421,0.2820512820512822,0.0,0.05000000074505806,0,95.13784790039062
214.0,3.8255692333219367,-0.46012889609983976,0.04631578947368421,0.2820512820512822,0.0,0.05000000074505806,0,95.13784790039062
214.0,3.8255692333219367,-0.46012889609983976,0.04631578947368421,0.2820512820512822,0.0,0.05000000074505806,0,95.13784790039062
214.0,3.825934553880316,-0.45861392195291195,0.04631578947368421,0.2820512820512822,0.0,0.05000000074505806,0,95.13784790039062
214.0,3.825934553880316,-0.45861392195291195,0.04631578947368421,0.2820512820512822,0.0,0.05000000074505806,0,95.13784790039062
214.0,3.825934553880316,-0.45861392195291195,0.04631578947368421,0.2820512820512822,0.0,0.05000000074505806,0,95.13784790039062
214.0,3.825934553880316,-0.45861392195291195,0.04631578947368421,0.2820512820512822,0.0,0.05000000074505806,0,95.13784790039062
214.0,3.826285385007158,-0.4570957598317873,0.04631578947368421,0.2820512820512822,0.0,0.05000000074505806,0,95.13784790039062
214.0,3.826285385007158,-0.4570957598317873,0.04631578947368421,0.2820512820512822,0.0,0.05000000074505806,0,95.13784790039062
214.0,3.826285385007158,-0.4570957598317873,0.04631578947368421,0.2820512820512822,0.0,0.05000000074505806,0,95.13784790039062
214.0,3.826285385007158,-0.4570957598317873,0.04631578947368421,0.2820512820512822,0.0,0.05000000074505806,0,95.13784790039062
214.10000000000002,3.8266214691953424,-0.4555749856689313,0.04631578947368421,0.2820512820512822,0.0,0.05000000074505806,0,95.13784790039062
214.10000000000002,3.8266214691953424,-0.4555749856689313,0.04631578947368421,0.2820512820512822,0.0,0.05000000074505806,0,95.13784790039062
214.10000000000002,3.8266214691953424,-0.4555749856689313,0.04631578947368421,0.2820512820512822,0.0,0.05000000074505806,0,95.13784790039062
214.10000000000002,3.8266214691953424,-0.4555749856689313,0.04631578947368421,0.2820512820512822,0.0,0.05000000074505806,0,95.13784790039062
214.10000000000002,3.826942790787399,-0.45405123997178654,0.04631578947368421,0.2820512820512822,0.0,0.05000000074505806,0,95.13784790039062
214.10000000000002,3.826942790787399,-0.45405123997178654,0.03473684210526316,0.23076923076923095,0.0,0.05000000074505806,0,95.13784790039062
214.10000000000002,3.826942790787399,-0.45405123997178654,0.03473684210526316,0.23076923076923095,0.0,0.05000000074505806,0,95.13784790039062
214.10000000000002,3.826942790787399,-0.45405123997178654,0.03473684210526316,0.23076923076923095,0.0,0.05000000074505806,0,95.13784790039062
214.10000000000002,3.827249348152139,-0.45252485414694554,0.03473684210526316,0.23076923076923095,0.0,0.05000000074505806,0,95.13784790039062
214.10000000000002,3.827249348152139,-0.45252485414694554,0.03473684210526316,0.23076923076923095,0.0,0.05000000074505806,0,95.13784790039062
214.10000000000002,3.827249348152139,-0.45252485414694554,0.03473684210526316,0.23076923076923095,0.0,0.05000000074505806,0,95.13784790039062
214.10000000000002,3.827249348152139,-0.45252485414694554,0.03473684210526316,0.23076923076923095,0.0,0.05000000074505806,0,95.13784790039062
214.10000000000002,3.8274388007430122,-0.4515321740648792,0.03473684210526316,0.23076923076923095,0.0,0.05000000074505806,0,95.13784790039062
214.20000000000002,3.8274388007430122,-0.4515321740648792,0.03473684210526316,0.23076923076923095,0.0,0.05000000074505806,0,95.13784790039062
214.20000000000002,3.8274388007430122,-0.4515321740648792,0.03473684210526316,0.23076923076923095,0.0,0.05000000074505806,0,95.13784790039062
214.20000000000002,3.8276445451107426,-0.4503887837480093,0.0,0.07076923076923095,0.0,0.05000000074505806,0,95.13784790039062
214.20000000000002,3.8276445451107426,-0.4503887837480093,0.0,0.07076923076923095,0.0,0.05000000074505806,0,95.13784790039062
214.20000000000002,3.8276445451107426,-0.4503887837480093,0.0,0.07076923076923095,0.0,0.05000000074505806,0,95.13784790039062
214.20000000000002,3.8276445451107426,-0.4503887837480093,0.0,0.07076923076923095,0.0,0.05000000074505806,0,95.13784790039062
214.20000000000002,3.8276838646154827,-0.4501610820905694,0.0,0.07076923076923095,0.0,0.05000000074505806,0,95.13784790039062
214.20000000000002,3.8276838646154827,-0.4501610820905694,0.0,-0.08923076923076906,0.0,0.05000000074505806,0,95.13784790039062
214.20000000000002,3.8276838646154827,-0.4501610820905694,0.0,-0.08923076923076906,0.0,0.05000000074505806,0,95.13784790039062
214.20000000000002,3.8276838646154827,-0.4501610820905694,0.0,-0.08923076923076906,0.0,0.05000000074505806,0,95.13784790039062
214.3,3.8276838731143785,-0.4501628299635584,0.0,-0.08923076923076906,0.0,0.05000000074505806,0,95.13784790039062
214.3,3.8276838731143785,-0.4501628299635584,0.0,-0.08923076923076906,0.0,0.05000000074505806,0,95.13784790039062
214.3,3.8276838731143785,-0.4501628299635584,0.0,-0.24923076923076906,0.0,0.05000000074505806,0,95.13784790039062
214.3,3.8276838731143785,-0.4501628299635584,0.0,-0.24923076923076906,0.0,0.05000000074505806,0,95.13784790039062
214.3,3.8276845915449194,-0.4501597092616225,0.0,-0.24923076923076906,0.0,0.05000000074505806,0,95.13784790039062
214.3,3.8276845915449194,-0.4501597092616225,0.0,-0.24923076923076906,0.0,0.05000000074505806,0,95.13784790039062
214.3,3.8276845915449194,-0.4501597092616225,0.0,-0.24923076923076906,0.0,0.05000000074505806,0,95.13784790039062
214.3,3.8276867314873675,-0.45014534189591915,0.0,-0.40923076923076906,0.0,0.05000000074505806,0,95.13784790039062
214.3,3.8276867314873675,-0.45014534189591915,0.0,-0.40923076923076906,0.0,0.05000000074505806,0,95.13784790039062
214.3,3.8276867314873675,-0.45014534189591915,0.0,-0.40923076923076906,0.0,0.05000000074505806,0,95.13784790039062
214.3,3.8276867314873675,-0.45014534189591915,0.0,-0.40923076923076906,0.0,0.05000000074505806,0,95.13784790039062
214.4,3.8262549358588673,-0.4533930781083745,0.0,-0.40923076923076906,0.0,0.05000000074505806,0,95.13784790039062
214.4,3.8262549358588673,-0.4533930781083745,0.0,-0.5692307692307691,0.0,0.05000000074505806,0,95.13784790039062
214.4,3.8262549358588673,-0.4533930781083745,0.0,-0.5692307692307691,0.0,0.05000000074505806,0,95.13784790039062
214.4,3.8262549358588673,-0.4533930781083745,0.0,-0.5692307692307691,0.0,0.05000000074505806,0,95.13784790039062
214.4,3.8262549358588673,-0.4533930781083745,0.0,-0.5692307692307691,0.0,0.05000000074505806,0,95.13784790039062
214.4,3.8247250649083826,-0.45683934126942594,0.0,-0.5692307692307691,0.0,0.05000000074505806,0,95.13784790039062
214.4,3.8247250649083826,-0.45683934126942594,0.0,-0.7292307692307691,0.0,0.05000000074505806,0,95.13784790039062
214.4,3.8247250649083826,-0.45683934126942594,0.0,-0.7292307692307691,0.0,0.05000000074505806,0,95.13784790039062
214.4,3.823186729310712,-0.46028266420204644,0.0,-0.7292307692307691,0.0,0.05000000074505806,0,95.13784790039062
214.4,3.823186729310712,-0.46028266420204644,0.0,-0.7292307692307691,0.0,0.05000000074505806,0,95.13784790039062
214.4,3.823186729310712,-0.46028266420204644,0.0,-0.7292307692307691,0.0,0.05000000074505806,0,95.13784790039062
214.4,3.823186729310712,-0.46028266420204644,0.0,-0.8892307692307692,0.0,0.05000000074505806,0,95.13784790039062
214.4,3.821643303496989,-0.46370570272661227,0.0,-0.8892307692307692,0.0,0.05000000074505806,0,95.13784790039062
214.5,3.821643303496989,-0.46370570272661227,0.0,-0.8892307692307692,0.0,0.05000000074505806,0,95.13784790039062
214.5,3.821643303496989,-0.46370570272661227,0.0,-0.8892307692307692,0.0,0.05000000074505806,0,95.13253784179688
214.5,3.821643303496989,-0.46370570272661227,0.0,-0.8892307692307692,0.0,0.05000000074505806,0,95.13253784179688
214.5,3.821643303496989,-0.46370570272661227,0.0,-0.8974358974358974,0.0,0.05000000074505806,0,95.13253784179688
214.5,3.821643303496989,-0.46370570272661227,0.0,-0.8974358974358974,0.0,0.05000000074505806,0,95.13253784179688
214.5,3.820095462936,-0.4671096278300657,0.0,-0.8974358974358974,0.0,0.05000000074505806,0,95.13253784179688
214.5,3.820095462936,-0.4671096278300657,0.0,-0.8974358974358974,0.0,0.05000000074505806,0,95.13253784179688
214.5,3.820095462936,-0.4671096278300657,0.0,-0.8974358974358974,0.0,0.05000000074505806,0,95.13253784179688
214.5,3.820095462936,-0.4671096278300657,0.0,-0.8974358974358974,0.0,0.05000000074505806,0,95.13253784179688
214.5,3.820095462936,-0.4671096278300657,0.0,-0.8974358974358974,0.0,0.05000000074505806,0,95.13253784179688
214.5,3.820095462936,-0.4671096278300657,0.0,-0.8974358974358974,0.0,0.05000000074505806,0,95.13253784179688
214.5,3.8185410408116045,-0.4705085557631129,0.0,-0.8974358974358974,0.0,0.05000000074505806,0,95.13253784179688
214.5,3.8185410408116045,-0.4705085557631129,0.0,-0.846153846153846,0.0,0.05000000074505806,0,95.13253784179688
214.5,3.8185410408116045,-0.4705085557631129,0.0,-0.846153846153846,0.0,0.05000000074505806,0,95.13253784179688
214.5,3.8185410408116045,-0.4705085557631129,0.0,-0.846153846153846,0.0,0.05000000074505806,0,95.13253784179688
214.5,3.8185410408116045,-0.4705085557631129,0.0,-0.846153846153846,0.0,0.05000000074505806,0,95.13253784179688
214.60000000000002,3.8183721043569907,-0.47086475187248644,0.0,-0.846153846153846,0.0,0.05000000074505806,0,95.13253784179688
214.60000000000002,3.8183721043569907,-0.47086475187248644,0.0,-0.846153846153846,0.0,0.05000000074505806,0,95.13253784179688
214.60000000000002,3.8183721043569907,-0.47086475187248644,0.0,-0.846153846153846,0.0,0.05000000074505806,0,95.13253784179688
214.60000000000002,3.8183721043569907,-0.47086475187248644,0.0,-0.846153846153846,0.0,0.05000000074505806,0,95.13253784179688
214.60000000000002,3.8183721043569907,-0.47086475187248644,0.0,-0.846153846153846,0.0,0.05000000074505806,0,95.13253784179688
214.60000000000002,3.8183721043569907,-0.47086475187248644,0.0,-0.846153846153846,0.0,0.05000000074505806,0,95.13253784179688
214.60000000000002,3.8183899072697693,-0.470815306266703,0.0,-0.846153846153846,0.0,0.05000000074505806,0,95.13253784179688
214.60000000000002,3.8183899072697693,-0.470815306266703,0.0,-0.846153846153846,0.0,0.05000000074505806,0,95.13253784179688
214.60000000000002,3.8183899072697693,-0.470815306266703,0.0,-0.846153846153846,0.0,0.05000000074505806,0,95.13253784179688
214.60000000000002,3.8183899072697693,-0.470815306266703,0.0,-0.846153846153846,0.0,0.05000000074505806,0,95.13253784179688
214.60000000000002,3.8183899072697693,-0.470815306266703,0.0,-0.846153846153846,0.0,0.05000000074505806,0,95.13253784179688
214.60000000000002,3.8183899072697693,-0.470815306266703,0.0,-0.846153846153846,0.0,0.05000000074505806,0,95.13253784179688
214.60000000000002,3.818409538017653,-0.47076573726893745,0.0,-0.846153846153846,0.0,0.05000000074505806,0,95.13253784179688
214.60000000000002,3.818409538017653,-0.47076573726893745,0.0,-0.846153846153846,0.0,0.05000000074505806,0,95.13253784179688
214.60000000000002,3.818409538017653,-0.47076573726893745,0.0,-0.846153846153846,0.0,0.05000000074505806,0,95.13253784179688
214.70000000000002,3.8184304790240913,-0.4707168370634087,0.0,-0.846153846153846,0.0,0.05000000074505806,0,95.13253784179688
214.70000000000002,3.8184304790240913,-0.4707168370634087,0.0,-0.7948717948717947,0.0,0.05000000074505806,0,95.13253784179688
214.70000000000002,3.8184304790240913,-0.4707168370634087,0.0,-0.7948717948717947,0.0,0.05000000074505806,0,95.13253784179688
214.70000000000002,3.8184304790240913,-0.4707168370634087,0.0,-0.7948717948717947,0.0,0.05000000074505806,0,95.13253784179688
214.70000000000002,3.8184304790240913,-0.4707168370634087,0.0,-0.7948717948717947,0.0,0.05000000074505806,0,95.13253784179688
214.70000000000002,3.818452038095753,-0.47066971706473837,0.0,-0.7435897435897434,0.0,0.05000000074505806,0,95.13253784179688
214.70000000000002,3.818452038095753,-0.47066971706473837,0.0,-0.7435897435897434,0.0,0.05000000074505806,0,95.13253784179688
214.70000000000002,3.818452038095753,-0.47066971706473837,0.0,-0.7435897435897434,0.0,0.05000000074505806,0,95.13253784179688
214.70000000000002,3.818452038095753,-0.47066971706473837,0.0,-0.7435897435897434,0.0,0.05000000074505806,0,95.13253784179688
214.70000000000002,3.818452038095753,-0.47066971706473837,0.0,-0.7435897435897434,0.0,0.05000000074505806,0,95.13253784179688
214.70000000000002,3.8184730734677714,-0.4706270319208755,0.0,-0.7435897435897434,0.0,0.05000000074505806,0,95.13253784179688
214.70000000000002,3.8184730734677714,-0.4706270319208755,0.0,-0.7435897435897434,0.0,0.05000000074505806,0,95.13253784179688
214.70000000000002,3.8184730734677714,-0.4706270319208755,0.0,-0.7435897435897434,0.0,0.05000000074505806,0,95.13253784179688
214.8,3.8184730734677714,-0.4706270319208755,0.0,-0.7435897435897434,0.0,0.05000000074505806,0,95.13253784179688
214.8,3.8184944036131148,-0.4705866140403454,0.0,-0.7435897435897434,0.0,0.05000000074505806,0,95.13253784179688
214.8,3.8184944036131148,-0.4705866140403454,0.0,-0.7435897435897434,0.0,0.05000000074505806,0,95.13253784179688
214.8,3.8184944036131148,-0.4705866140403454,0.0,-0.7435897435897434,0.0,0.05000000074505806,0,95.13253784179688
214.8,3.8184944036131148,-0.4705866140403454,0.0,-0.7435897435897434,0.0,0.05000000074505806,0,95.13253784179688
214.8,3.8184944036131148,-0.4705866140403454,0.0,-0.7435897435897434,0.0,0.05000000074505806,0,95.13253784179688
214.8,3.8185174703391067,-0.4705442606596978,0.0,-0.7435897435897434,0.0,0.05000000074505806,0,95.13253784179688
214.8,3.8185174703391067,-0.4705442606596978,0.0,-0.7435897435897434,0.0,0.05000000074505806,0,95.13253784179688
214.8,3.8185174703391067,-0.4705442606596978,0.0,-0.7435897435897434,0.0,0.05000000074505806,0,95.13253784179688
214.8,3.8185174703391067,-0.4705442606596978,0.0,-0.7435897435897434,0.0,0.05000000074505806,0,95.13253784179688
214.8,3.8185174703391067,-0.4705442606596978,0.0,-0.7435897435897434,0.0,0.05000000074505806,0,95.13253784179688
214.8,3.8185174703391067,-0.4705442606596978,0.0,-0.7435897435897434,0.0,0.05000000074505806,0,95.13253784179688
214.8,3.8185174703391067,-0.4705442606596978,0.0,-0.6923076923076921,0.0,0.05000000074505806,0,95.13253784179688
214.8,3.818542147469522,-0.4705022282549379,0.0,-0.6923076923076921,0.0,0.05000000074505806,0,95.13253784179688
214.8,3.818542147469522,-0.4705022282549379,0.0,-0.6923076923076921,0.0,0.05000000074505806,0,95.13253784179688
214.9,3.818542147469522,-0.4705022282549379,0.0,-0.6923076923076921,0.0,0.05000000074505806,0,95.13253784179688
214.9,3.8185659679116206,-0.47046353113423633,0.0,-0.6923076923076921,0.0,0.05000000074505806,0,95.13253784179688
214.9,3.8185659679116206,-0.47046353113423633,0.0,-0.6923076923076921,0.0,0.05000000074505806,0,95.13253784179688
214.9,3.8185659679116206,-0.47046353113423633,0.0,-0.6923076923076921,0.0,0.05000000074505806,0,95.13253784179688
214.9,3.8185659679116206,-0.47046353113423633,0.0,-0.6923076923076921,0.0,0.05000000074505806,0,95.13253784179688
214.9,3.8185884764125833,-0.47042809808816055,0.0,-0.6923076923076921,0.0,0.05000000074505806,0,95.13253784179688
214.9,3.8185884764125833,-0.47042809808816055,0.0,-0.6923076923076921,0.0,0.05000000074505806,0,95.13253784179688
214.9,3.8185884764125833,-0.47042809808816055,0.0,-0.6410256410256407,0.0,0.05000000074505806,0,95.13253784179688
214.9,3.8185884764125833,-0.47042809808816055,0.0,-0.6410256410256407,0.0,0.05000000074505806,0,95.13253784179688
214.9,3.8185884764125833,-0.47042809808816055,0.0,-0.6410256410256407,0.0,0.05000000074505806,0,95.13253784179688
214.9,3.818613270655333,-0.47039203221275583,0.0,-0.6410256410256407,0.0,0.05000000074505806,0,95.13253784179688
214.9,3.818613270655333,-0.47039203221275583,0.0,-0.6410256410256407,0.0,0.05000000074505806,0,95.13253784179688
214.9,3.818613270655333,-0.47039203221275583,0.0,-0.6410256410256407,0.0,0.05000000074505806,0,95.13253784179688
214.9,3.818613270655333,-0.47039203221275583,0.0,-0.6410256410256407,0.0,0.05000000074505806,0,95.13253784179688
215.0,3.818613270655333,-0.47039203221275583,0.0,-0.6410256410256407,0.0,0.05000000074505806,0,95.12519836425781
215.0,3.818637636448477,-0.4703568057915488,0.0,-0.6410256410256407,0.0,0.05000000074505806,0,95.12519836425781
215.0,3.818637636448477,-0.4703568057915488,0.0,-0.6410256410256407,0.0,0.05000000074505806,0,95.12519836425781
215.0,3.818637636448477,-0.4703568057915488,0.0,-0.6410256410256407,0.0,0.05000000074505806,0,95.12519836425781
215.0,3.818637636448477,-0.4703568057915488,0.0,-0.6410256410256407,0.0,0.05000000074505806,0,95.12519836425781
215.0,3.818637636448477,-0.4703568057915488,0.0,-0.6410256410256407,0.0,0.05000000074505806,0,95.12519836425781
215.0,3.818659950813081,-0.47032600497085997,0.0,-0.6410256410256407,0.0,0.05000000074505806,0,95.12519836425781
215.0,3.818659950813081,-0.47032600497085997,0.0,-0.6410256410256407,0.0,0.05000000074505806,0,95.12519836425781
215.0,3.818659950813081,-0.47032600497085997,0.0,-0.6410256410256407,0.0,0.05000000074505806,0,95.12519836425781
215.0,3.818659950813081,-0.47032600497085997,0.0,-0.6410256410256407,0.0,0.05000000074505806,0,95.12519836425781
215.0,3.8186835184320995,-0.4702953863935042,0.0,-0.6410256410256407,0.0,0.05000000074505806,0,95.12519836425781
215.0,3.8186835184320995,-0.4702953863935042,0.0,-0.6410256410256407,0.0,0.05000000074505806,0,95.12519836425781
215.0,3.8186835184320995,-0.4702953863935042,0.0,-0.6410256410256407,0.0,0.05000000074505806,0,95.12519836425781
215.10000000000002,3.8186835184320995,-0.4702953863935042,0.0,-0.5897435897435894,0.0,0.05000000074505806,0,95.12519836425781
215.10000000000002,3.8186835184320995,-0.4702953863935042,0.0,-0.5897435897435894,0.0,0.05000000074505806,0,95.12519836425781
215.10000000000002,3.818708712932265,-0.4702632558860843,0.0,-0.5897435897435894,0.0,0.05000000074505806,0,95.12519836425781
215.10000000000002,3.818708712932265,-0.4702632558860843,0.0,-0.5897435897435894,0.0,0.05000000074505806,0,95.12519836425781
215.10000000000002,3.818708712932265,-0.4702632558860843,0.0,-0.5897435897435894,0.0,0.05000000074505806,0,95.12519836425781
215.10000000000002,3.8187327638870485,-0.4702337772945626,0.0,-0.5897435897435894,0.0,0.05000000074505806,0,95.12519836425781
215.10000000000002,3.8187327638870485,-0.4702337772945626,0.0,-0.5897435897435894,0.0,0.05000000074505806,0,95.12519836425781
215.10000000000002,3.8187327638870485,-0.4702337772945626,0.0,-0.5897435897435894,0.0,0.05000000074505806,0,95.12519836425781
215.10000000000002,3.8187327638870485,-0.4702337772945626,0.0,-0.5897435897435894,0.0,0.05000000074505806,0,95.12519836425781
215.10000000000002,3.8187327638870485,-0.4702337772945626,0.0,-0.5897435897435894,0.0,0.05000000074505806,0,95.12519836425781
215.10000000000002,3.8187547667344193,-0.47020782086109636,0.0,-0.5384615384615381,0.0,0.05000000074505806,0,95.12519836425781
215.10000000000002,3.8187547667344193,-0.47020782086109636,0.0,-0.5384615384615381,0.0,0.05000000074505806,0,95.12519836425781
215.10000000000002,3.8187547667344193,-0.47020782086109636,0.0,-0.5384615384615381,0.0,0.05000000074505806,0,95.12519836425781
215.20000000000002,3.8187547667344193,-0.47020782086109636,0.0,-0.5384615384615381,0.0,0.05000000074505806,0,95.12519836425781
215.20000000000002,3.818778671038979,-0.47018074509182517,0.0,-0.5384615384615381,0.0,0.05000000074505806,0,95.12519836425781
215.20000000000002,3.818778671038979,-0.47018074509182517,0.0,-0.5384615384615381,0.0,0.05000000074505806,0,95.12519836425781
215.20000000000002,3.818778671038979,-0.47018074509182517,0.0,-0.5384615384615381,0.0,0.05000000074505806,0,95.12519836425781
215.20000000000002,3.818778671038979,-0.47018074509182517,0.0,-0.5384615384615381,0.0,0.05000000074505806,0,95.12519836425781
215.20000000000002,3.818778671038979,-0.47018074509182517,0.0,-0.5384615384615381,0.0,0.05000000074505806,0,95.12519836425781
215.20000000000002,3.818778671038979,-0.47018074509182517,0.0,-0.5384615384615381,0.0,0.05000000074505806,0,95.12519836425781
215.20000000000002,3.818802940276612,-0.4701536051000367,0.0,-0.5384615384615381,0.0,0.05000000074505806,0,95.12519836425781
215.20000000000002,3.818802940276612,-0.4701536051000367,0.0,-0.5384615384615381,0.0,0.05000000074505806,0,95.12519836425781
215.20000000000002,3.818802940276612,-0.4701536051000367,0.0,-0.5384615384615381,0.0,0.05000000074505806,0,95.12519836425781
215.20000000000002,3.818802940276612,-0.4701536051000367,0.0,-0.5384615384615381,0.0,0.05000000074505806,0,95.12519836425781
215.20000000000002,3.818824734298653,-0.47013000378898706,0.0,-0.5384615384615381,0.0,0.05000000074505806,0,95.12519836425781
215.3,3.818824734298653,-0.47013000378898706,0.0,-0.5384615384615381,0.0,0.05000000074505806,0,95.12519836425781
215.3,3.818824734298653,-0.47013000378898706,0.0,-0.5384615384615381,0.0,0.05000000074505806,0,95.12519836425781
215.3,3.8188475898546663,-0.4701062797314466,0.0,-0.5384615384615381,0.0,0.05000000074505806,0,95.12519836425781
215.3,3.8188475898546663,-0.4701062797314466,0.0,-0.5384615384615381,0.0,0.05000000074505806,0,95.12519836425781
215.3,3.8188475898546663,-0.4701062797314466,0.0,-0.5384615384615381,0.0,0.05000000074505806,0,95.12519836425781
215.3,3.8188475898546663,-0.4701062797314466,0.0,-0.48717948717948684,0.0,0.05000000074505806,0,95.12519836425781
215.3,3.8188475898546663,-0.4701062797314466,0.0,-0.48717948717948684,0.0,0.05000000074505806,0,95.12519836425781
215.3,3.818872625601836,-0.4700809101337925,0.0,-0.48717948717948684,0.0,0.05000000074505806,0,95.12519836425781
215.3,3.818872625601836,-0.4700809101337925,0.0,-0.48717948717948684,0.0,0.05000000074505806,0,95.12519836425781
215.3,3.818872625601836,-0.4700809101337925,0.0,-0.48717948717948684,0.0,0.05000000074505806,0,95.12519836425781
215.3,3.818872625601836,-0.4700809101337925,0.0,-0.48717948717948684,0.0,0.05000000074505806,0,95.12519836425781
215.3,3.818896200893938,-0.47005735054173403,0.0,-0.48717948717948684,0.0,0.05000000074505806,0,95.12519836425781
215.3,3.818896200893938,-0.47005735054173403,0.0,-0.48717948717948684,0.0,0.05000000074505806,0,95.12519836425781
215.4,3.818896200893938,-0.47005735054173403,0.0,-0.48717948717948684,0.0,0.05000000074505806,0,95.12519836425781
215.4,3.818896200893938,-0.47005735054173403,0.0,-0.48717948717948684,0.0,0.05000000074505806,0,95.12519836425781
215.4,3.818917008048323,-0.4700369550148854,0.0,-0.48717948717948684,0.0,0.05000000074505806,0,95.12519836425781
215.4,3.818917008048323,-0.4700369550148854,0.0,-0.48717948717948684,0.0,0.05000000074505806,0,95.12519836425781
215.4,3.818917008048323,-0.4700369550148854,0.0,-0.48717948717948684,0.0,0.05000000074505806,0,95.12519836425781
215.4,3.818917008048323,-0.4700369550148854,0.0,-0.48717948717948684,0.0,0.05000000074505806,0,95.12519836425781
215.4,3.8189396973302108,-0.4700156847632987,0.0,-0.48717948717948684,0.0,0.05000000074505806,0,95.12519836425781
215.4,3.8189396973302108,-0.4700156847632987,0.0,-0.48717948717948684,0.0,0.05000000074505806,0,95.12519836425781
215.4,3.8189396973302108,-0.4700156847632987,0.0,-0.48717948717948684,0.0,0.05000000074505806,0,95.12519836425781
215.4,3.8189396973302108,-0.4700156847632987,0.0,-0.48717948717948684,0.0,0.05000000074505806,0,95.12519836425781
215.4,3.8189638848985847,-0.4699934067598368,0.0,-0.48717948717948684,0.0,0.05000000074505806,0,95.12519836425781
215.4,3.8189638848985847,-0.4699934067598368,0.0,-0.48717948717948684,0.0,0.05000000074505806,0,95.12519836425781
215.5,3.8189638848985847,-0.4699934067598368,0.0,-0.43589743589743557,0.0,0.05000000074505806,0,95.12519836425781
215.5,3.8189638848985847,-0.4699934067598368,0.0,-0.43589743589743557,0.0,0.05000000074505806,0,95.12466430664062
215.5,3.8189638848985847,-0.4699934067598368,0.0,-0.43589743589743557,0.0,0.05000000074505806,0,95.12466430664062
215.5,3.818987221372246,-0.46997249290574417,0.0,-0.43589743589743557,0.0,0.05000000074505806,0,95.12466430664062
215.5,3.818987221372246,-0.46997249290574417,0.0,-0.43589743589743557,0.0,0.05000000074505806,0,95.12466430664062
215.5,3.818987221372246,-0.46997249290574417,0.0,-0.43589743589743557,0.0,0.05000000074505806,0,95.12466430664062
215.5,3.81900862800879,-0.46995340125881035,0.0,-0.43589743589743557,0.0,0.05000000074505806,0,95.12466430664062
215.5,3.81900862800879,-0.46995340125881035,0.0,-0.43589743589743557,0.0,0.05000000074505806,0,95.12466430664062
215.5,3.81900862800879,-0.46995340125881035,0.0,-0.43589743589743557,0.0,0.05000000074505806,0,95.12466430664062
215.5,3.819028711910998,-0.46993611705338223,0.0,-0.43589743589743557,0.0,0.05000000074505806,0,95.12466430664062
215.5,3.819028711910998,-0.46993611705338223,0.0,-0.43589743589743557,0.0,0.05000000074505806,0,95.12466430664062
215.60000000000002,3.819028711910998,-0.46993611705338223,0.0,-0.43589743589743557,0.0,0.05000000074505806,0,95.12466430664062
215.60000000000002,3.819028711910998,-0.46993611705338223,0.0,-0.43589743589743557,0.0,0.05000000074505806,0,95.12466430664062
215.60000000000002,3.819028711910998,-0.46993611705338223,0.0,-0.43589743589743557,0.0,0.05000000074505806,0,95.12466430664062
215.60000000000002,3.8190496584085656,-0.46991848823601157,0.0,-0.43589743589743557,0.0,0.05000000074505806,0,95.12466430664062
215.60000000000002,3.8190496584085656,-0.46991848823601157,0.0,-0.43589743589743557,0.0,0.05000000074505806,0,95.12466430664062
215.60000000000002,3.8190496584085656,-0.46991848823601157,0.0,-0.43589743589743557,0.0,0.05000000074505806,0,95.12466430664062
215.60000000000002,3.8190496584085656,-0.46991848823601157,0.0,-0.43589743589743557,0.0,0.05000000074505806,0,95.12466430664062
215.60000000000002,3.8190716189391196,-0.4699006250224327,0.0,-0.43589743589743557,0.0,0.05000000074505806,0,95.12466430664062
215.60000000000002,3.8190716189391196,-0.4699006250224327,0.0,-0.43589743589743557,0.0,0.05000000074505806,0,95.12466430664062
215.60000000000002,3.8190716189391196,-0.4699006250224327,0.0,-0.3846153846153843,0.0,0.05000000074505806,0,95.12466430664062
215.60000000000002,3.819092967398719,-0.46988365612528926,0.0,-0.3846153846153843,0.0,0.05000000074505806,0,95.12466430664062
215.60000000000002,3.819092967398719,-0.46988365612528926,0.0,-0.3846153846153843,0.0,0.05000000074505806,0,95.12466430664062
215.60000000000002,3.819092967398719,-0.46988365612528926,0.0,-0.3846153846153843,0.0,0.05000000074505806,0,95.12466430664062
215.70000000000002,3.819092967398719,-0.46988365612528926,0.0,-0.3846153846153843,0.0,0.05000000074505806,0,95.12466430664062
215.70000000000002,3.819092967398719,-0.46988365612528926,0.0,-0.3846153846153843,0.0,0.05000000074505806,0,95.12466430664062
215.70000000000002,3.819092967398719,-0.46988365612528926,0.0,-0.3846153846153843,0.0,0.05000000074505806,0,95.12466430664062
215.70000000000002,3.8191128224183837,-0.4698679587998389,0.0,-0.3846153846153843,0.0,0.05000000074505806,0,95.12466430664062
215.70000000000002,3.8191128224183837,-0.4698679587998389,0.0,-0.3846153846153843,0.0,0.05000000074505806,0,95.12466430664062
215.70000000000002,3.8191128224183837,-0.4698679587998389,0.0,-0.3846153846153843,0.0,0.05000000074505806,0,95.12466430664062
215.70000000000002,3.8191128224183837,-0.4698679587998389,0.0,-0.3846153846153843,0.0,0.05000000074505806,0,95.12466430664062
215.70000000000002,3.81913103198455,-0.46985407880245145,0.0,-0.3846153846153843,0.0,0.05000000074505806,0,95.12466430664062
215.70000000000002,3.81913103198455,-0.46985407880245145,0.0,-0.3846153846153843,0.0,0.05000000074505806,0,95.12466430664062
215.70000000000002,3.81913103198455,-0.46985407880245145,0.0,-0.3846153846153843,0.0,0.05000000074505806,0,95.12466430664062
215.70000000000002,3.81913103198455,-0.46985407880245145,0.0,-0.3846153846153843,0.0,0.05000000074505806,0,95.12466430664062
215.70000000000002,3.81913103198455,-0.46985407880245145,0.0,-0.3846153846153843,0.0,0.05000000074505806,0,95.12466430664062
215.8,3.819839306227318,-0.4682218213756386,0.0,-0.3846153846153843,0.0,0.05000000074505806,0,95.12466430664062
215.8,3.819839306227318,-0.4682218213756386,0.0,-0.3846153846153843,0.0,0.05000000074505806,0,95.12466430664062
215.8,3.819839306227318,-0.4682218213756386,0.0,-0.3846153846153843,0.0,0.05000000074505806,0,95.12466430664062
215.8,3.821322983950623,-0.46476845100757747,0.0,-0.3846153846153843,0.0,0.05000000074505806,0,95.12466430664062
215.8,3.821322983950623,-0.46476845100757747,0.0,-0.33333333333333304,0.0,0.05000000074505806,0,95.12466430664062
215.8,3.821322983950623,-0.46476845100757747,0.0,-0.33333333333333304,0.0,0.05000000074505806,0,95.12466430664062
215.8,3.821322983950623,-0.46476845100757747,0.0,-0.33333333333333304,0.0,0.05000000074505806,0,95.12466430664062
215.8,3.821322983950623,-0.46476845100757747,0.0,-0.33333333333333304,0.0,0.05000000074505806,0,95.12466430664062
215.8,3.822804942490052,-0.4613149435900633,0.0,-0.33333333333333304,0.0,0.05000000074505806,0,95.12466430664062
215.8,3.822804942490052,-0.4613149435900633,0.0,-0.33333333333333304,0.0,0.05000000074505806,0,95.12466430664062
215.8,3.8242838895037456,-0.45786178832175095,0.0,-0.33333333333333304,0.0,0.05000000074505806,0,95.12466430664062
215.8,3.8242838895037456,-0.45786178832175095,0.0,-0.33333333333333304,0.0,0.05000000074505806,0,95.12466430664062
215.9,3.8242838895037456,-0.45786178832175095,0.0,-0.33333333333333304,0.0,0.05000000074505806,0,95.12466430664062
215.9,3.8242838895037456,-0.45786178832175095,0.0,-0.33333333333333304,0.0,0.05000000074505806,0,95.12466430664062
215.9,3.8242838895037456,-0.45786178832175095,0.0,-0.33333333333333304,0.0,0.05000000074505806,0,95.12466430664062
215.9,3.825759557457906,-0.4544094047131735,0.0,-0.33333333333333304,0.0,0.05000000074505806,0,95.12466430664062
215.9,3.825759557457906,-0.4544094047131735,0.0,-0.33333333333333304,0.0,0.05000000074505806,0,95.12466430664062
215.9,3.825759557457906,-0.4544094047131735,0.0,-0.33333333333333304,0.0,0.05000000074505806,0,95.12466430664062
215.9,3.825759557457906,-0.4544094047131735,0.0,-0.33333333333333304,0.0,0.05000000074505806,0,95.12466430664062
215.9,3.825759557457906,-0.4544094047131735,0.0,-0.33333333333333304,0.0,0.05000000074505806,0,95.12466430664062
215.9,3.825759557457906,-0.4544094047131735,0.0,-0.33333333333333304,0.0,0.05000000074505806,0,95.12466430664062
215.9,3.825759557457906,-0.4544094047131735,0.0,-0.33333333333333304,0.0,0.05000000074505806,0,95.12466430664062
215.9,3.8272352635706883,-0.45095589854954954,0.0,-0.33333333333333304,0.0,0.05000000074505806,0,95.12466430664062
215.9,3.8272352635706883,-0.45095589854954954,0.0,-0.33333333333333304,0.0,0.05000000074505806,0,95.12466430664062
215.9,3.8272352635706883,-0.45095589854954954,0.0,-0.33333333333333304,0.0,0.05000000074505806,0,95.12466430664062
215.9,3.8272352635706883,-0.45095589854954954,0.0,-0.33333333333333304,0.0,0.05000000074505806,0,95.12466430664062
215.9,3.827811347716257,-0.4496274805313991,0.0,-0.33333333333333304,0.0,0.05000000074505806,0,95.12466430664062
215.9,3.827811347716257,-0.4496274805313991,0.0,-0.33333333333333304,0.0,0.0,0,95.12466430664062
216.0,3.827811347716257,-0.4496274805313991,0.0,-0.33333333333333304,0.0,0.0,0,95.10246276855469
216.0,3.827811347716257,-0.4496274805313991,0.0,-0.33333333333333304,0.0,0.0,0,95.10246276855469
216.0,3.827811347716257,-0.4496274805313991,0.0,-0.33333333333333304,0.0,0.0,0,95.10246276855469
216.0,3.827829841261407,-0.44961595446504254,0.0,-0.33333333333333304,0.0,0.0,0,95.10246276855469
216.0,3.827829841261407,-0.44961595446504254,0.0,-0.33333333333333304,0.0,0.0,0,95.10246276855469
216.0,3.827829841261407,-0.44961595446504254,0.0,-0.33333333333333304,0.0,0.0,0,95.10246276855469
216.0,3.827829841261407,-0.44961595446504254,0.0,-0.28205128205128177,0.0,0.0,0,95.10246276855469
216.0,3.827848193938425,-0.44960492559886545,0.0,-0.28205128205128177,0.0,0.0,0,95.10246276855469
216.0,3.827848193938425,-0.44960492559886545,0.0,-0.28205128205128177,0.0,0.0,0,95.10246276855469
216.0,3.827848193938425,-0.44960492559886545,0.0,-0.28205128205128177,0.0,0.0,0,95.10246276855469
216.0,3.827848193938425,-0.44960492559886545,0.0,-0.28205128205128177,0.0,0.0,0,95.10246276855469
216.10000000000002,3.8278654585516687,-0.44959456973291545,0.0,-0.28205128205128177,0.0,0.0,0,95.10246276855469
216.10000000000002,3.8278654585516687,-0.44959456973291545,0.0,-0.28205128205128177,0.0,0.0,0,95.10246276855469
216.10000000000002,3.8278654585516687,-0.44959456973291545,0.0,-0.28205128205128177,0.0,0.0,0,95.10246276855469
216.10000000000002,3.827880152697461,-0.4495859237216212,0.0,-0.28205128205128177,0.0,0.0,0,95.10246276855469
216.10000000000002,3.827880152697461,-0.4495859237216212,0.0,-0.28205128205128177,0.0,0.0,0,95.10246276855469
216.10000000000002,3.827880152697461,-0.4495859237216212,0.0,-0.28205128205128177,0.0,0.0,0,95.10246276855469
216.10000000000002,3.827880152697461,-0.4495859237216212,0.0,-0.28205128205128177,0.0,0.0,0,95.10246276855469
216.10000000000002,3.827880152697461,-0.4495859237216212,0.0,-0.28205128205128177,0.0,0.0,0,95.10246276855469
216.10000000000002,3.8278955037099065,-0.4495772703725286,0.0,-0.28205128205128177,0.0,0.0,0,95.10246276855469
216.10000000000002,3.827617476834637,-0.4492608271291456,0.0,-0.28205128205128177,0.0,0.0,0,95.10246276855469
216.20000000000002,3.827617476834637,-0.4492608271291456,0.0,-0.28205128205128177,0.0,0.0,0,95.10246276855469
216.20000000000002,3.827617476834637,-0.4492608271291456,0.0,-0.28205128205128177,0.0,0.0,0,95.10246276855469
216.20000000000002,3.827617476834637,-0.4492608271291456,0.0,-0.28205128205128177,0.0,0.0,0,95.10246276855469
216.20000000000002,3.827617476834637,-0.4492608271291456,0.0,-0.28205128205128177,0.0,0.0,0,95.10246276855469
216.20000000000002,3.827617476834637,-0.4492608271291456,0.0,-0.28205128205128177,0.0,0.0,0,95.10246276855469
216.20000000000002,3.827617476834637,-0.4492608271291456,0.0,-0.28205128205128177,0.0,0.0,0,95.10246276855469
216.20000000000002,3.827617476834637,-0.4492608271291456,0.0,-0.28205128205128177,0.0,0.0,0,95.10246276855469
216.20000000000002,3.8272317408527687,-0.4488337192103633,0.0,-0.28205128205128177,0.0,0.0,0,95.10246276855469
216.20000000000002,3.8272317408527687,-0.4488337192103633,0.0,-0.28205128205128177,0.0,0.0,0,95.10246276855469
216.20000000000002,3.8272317408527687,-0.4488337192103633,0.0,-0.28205128205128177,0.0,0.0,0,95.10246276855469
216.20000000000002,3.8268447939119685,-0.4484065062827711,0.0,-0.28205128205128177,0.0,0.0,0,95.10246276855469
216.20000000000002,3.8268447939119685,-0.4484065062827711,0.0,-0.28205128205128177,0.0,0.0,0,95.10246276855469
216.20000000000002,3.8268447939119685,-0.4484065062827711,0.0,-0.28205128205128177,0.0,0.0,0,95.10246276855469
216.20000000000002,3.8268447939119685,-0.4484065062827711,0.0,-0.28205128205128177,0.0,0.0,0,95.10246276855469
216.20000000000002,3.8268447939119685,-0.4484065062827711,0.0,-0.28205128205128177,0.0,0.0,0,95.10246276855469
216.3,3.8264574907750033,-0.4479790912351901,0.0,-0.2307692307692305,0.0,0.0,0,95.10246276855469
216.3,3.8264574907750033,-0.4479790912351901,0.0,-0.2307692307692305,0.0,0.0,0,95.10246276855469
216.3,3.8264574907750033,-0.4479790912351901,0.0,-0.2307692307692305,0.0,0.0,0,95.10246276855469
216.3,3.8264574907750033,-0.4479790912351901,0.0,-0.2307692307692305,0.0,0.0,0,95.10246276855469
216.3,3.8264574907750033,-0.4479790912351901,0.0,-0.2307692307692305,0.0,0.0,0,95.10246276855469
216.3,3.8260672471350623,-0.4475520041151523,0.0,-0.2307692307692305,0.0,0.0,0,95.10246276855469
216.3,3.8260672471350623,-0.4475520041151523,0.0,-0.2307692307692305,0.0,0.0,0,95.10246276855469
216.3,3.8260672471350623,-0.4475520041151523,0.0,-0.2307692307692305,0.0,0.0,0,95.10246276855469
216.3,3.8256743665068607,-0.44712550295866293,0.0,-0.2307692307692305,0.0,0.0,0,95.10246276855469
216.3,3.8256743665068607,-0.44712550295866293,0.0,-0.2307692307692305,0.0,0.0,0,95.10246276855469
216.3,3.8256743665068607,-0.44712550295866293,0.0,-0.2307692307692305,0.0,0.0,0,95.10246276855469
216.3,3.8256743665068607,-0.44712550295866293,0.0,-0.2307692307692305,0.0,0.0,0,95.10246276855469
216.3,3.8256743665068607,-0.44712550295866293,0.0,-0.2307692307692305,0.0,0.0,0,95.10246276855469
216.4,3.8256743665068607,-0.44712550295866293,0.0,-0.2307692307692305,0.0,0.0,0,95.10246276855469
216.4,3.8256039444869847,-0.44703282380975373,0.0,-0.2307692307692305,0.0,0.0,0,95.10246276855469
216.4,3.8256039444869847,-0.44703282380975373,0.0,-0.2307692307692305,0.0,0.0,0,95.10246276855469
216.4,3.8256039444869847,-0.44703282380975373,0.0,-0.2307692307692305,0.0,0.0,0,95.10246276855469
216.4,3.8256039444869847,-0.44703282380975373,0.0,-0.2307692307692305,0.0,0.0,0,95.10246276855469
216.4,3.8256039444869847,-0.44703282380975373,0.0,-0.2307692307692305,0.0,0.0,0,95.10246276855469
216.4,3.825618193497898,-0.44702641134148535,0.0,-0.2307692307692305,0.0,0.0,0,95.10246276855469
216.4,3.825618193497898,-0.44702641134148535,0.0,-0.2307692307692305,0.0,0.0,0,95.10246276855469
216.4,3.825618193497898,-0.44702641134148535,0.0,-0.2307692307692305,0.0,0.0,0,95.10246276855469
216.4,3.825618193497898,-0.44702641134148535,0.0,-0.2307692307692305,0.0,0.0,0,95.10246276855469
216.4,3.8256320077379518,-0.44702038550338585,0.0,-0.2307692307692305,0.0,0.0,0,95.10246276855469
216.4,3.8256320077379518,-0.44702038550338585,0.0,-0.2307692307692305,0.0,0.0,0,95.10246276855469
216.5,3.8256320077379518,-0.44702038550338585,0.0,-0.2307692307692305,0.0,0.0,0,95.09906005859375
216.5,3.825645708933196,-0.4470147216595066,0.0,-0.2307692307692305,0.0,0.0,0,95.09906005859375
216.5,3.825645708933196,-0.4470147216595066,0.0,-0.2307692307692305,0.0,0.0,0,95.09906005859375
216.5,3.825645708933196,-0.4470147216595066,0.0,-0.2307692307692305,0.0,0.0,0,95.09906005859375
216.5,3.825645708933196,-0.4470147216595066,0.0,-0.2307692307692305,0.0,0.0,0,95.09906005859375
216.5,3.8256598548393015,-0.4470090662320023,0.0,-0.2307692307692305,0.0,0.0,0,95.09906005859375
216.5,3.8256598548393015,-0.4470090662320023,0.0,-0.2307692307692305,0.0,0.0,0,95.09906005859375
216.5,3.8256598548393015,-0.4470090662320023,0.0,-0.2307692307692305,0.0,0.0,0,95.09906005859375
216.5,3.8256742239045103,-0.44700350620246054,0.0,-0.2307692307692305,0.0,0.0,0,95.09906005859375
216.5,3.8256742239045103,-0.44700350620246054,0.0,-0.2307692307692305,0.0,0.0,0,95.09906005859375
216.5,3.8256742239045103,-0.44700350620246054,0.0,-0.2307692307692305,0.0,0.0,0,95.09906005859375
216.60000000000002,3.8256742239045103,-0.44700350620246054,0.0,-0.2307692307692305,0.0,0.0,0,95.09906005859375
216.60000000000002,3.8256742239045103,-0.44700350620246054,0.0,-0.2307692307692305,0.0,0.0,0,95.09906005859375
216.60000000000002,3.825688420383515,-0.4469982360189372,0.0,-0.2307692307692305,0.0,0.0,0,95.09906005859375
216.60000000000002,3.825688420383515,-0.4469982360189372,0.0,-0.2307692307692305,0.0,0.0,0,95.09906005859375
216.60000000000002,3.825688420383515,-0.4469982360189372,0.0,-0.17948717948717924,0.0,0.0,0,95.09906005859375
216.60000000000002,3.825688420383515,-0.4469982360189372,0.0,-0.17948717948717924,0.0,0.0,0,95.09906005859375
216.60000000000002,3.8257025925123616,-0.44699323388581846,0.0,-0.17948717948717924,0.0,0.0,0,95.09906005859375
216.60000000000002,3.8257025925123616,-0.44699323388581846,0.0,-0.17948717948717924,0.0,0.0,0,95.09906005859375
216.60000000000002,3.8257025925123616,-0.44699323388581846,0.0,-0.17948717948717924,0.0,0.0,0,95.09906005859375
216.60000000000002,3.8257025925123616,-0.44699323388581846,0.0,-0.17948717948717924,0.0,0.0,0,95.09906005859375
216.60000000000002,3.825714640271445,-0.446988988801981,0.0,-0.17948717948717924,0.0,0.0,0,95.09906005859375
216.60000000000002,3.825714640271445,-0.446988988801981,0.0,-0.17948717948717924,0.0,0.0,0,95.09906005859375
216.70000000000002,3.825714640271445,-0.446988988801981,0.0,-0.17948717948717924,0.0,0.0,0,95.09906005859375
216.70000000000002,3.825724864498359,-0.44698549941344756,0.0,-0.17948717948717924,0.0,0.0,0,95.09906005859375
216.70000000000002,3.825724864498359,-0.44698549941344756,0.0,-0.17948717948717924,0.0,0.0,0,95.09906005859375
216.70000000000002,3.825724864498359,-0.44698549941344756,0.0,-0.17948717948717924,0.0,0.0,0,95.09906005859375
216.70000000000002,3.825724864498359,-0.44698549941344756,0.0,-0.17948717948717924,0.0,0.0,0,95.09906005859375
216.70000000000002,3.825735631916559,-0.4469821393807323,0.0,-0.17948717948717924,0.0,0.0,0,95.09906005859375
216.70000000000002,3.825735631916559,-0.4469821393807323,0.0,-0.17948717948717924,0.0,0.0,0,95.09906005859375
216.70000000000002,3.825735631916559,-0.4469821393807323,0.0,-0.17948717948717924,0.0,0.0,0,95.09906005859375
216.70000000000002,3.825735631916559,-0.4469821393807323,0.0,-0.17948717948717924,0.0,0.0,0,95.09906005859375
216.70000000000002,3.8257168961210324,-0.44704205005838515,0.0,-0.17948717948717924,0.0,0.0,0,95.09906005859375
216.70000000000002,3.8257168961210324,-0.44704205005838515,0.0,-0.17948717948717924,0.0,0.0,0,95.09906005859375
216.70000000000002,3.8257168961210324,-0.44704205005838515,0.0,-0.17948717948717924,0.0,0.0,0,95.09906005859375
216.70000000000002,3.8257168961210324,-0.44704205005838515,0.0,-0.17948717948717924,0.0,0.0,0,95.09906005859375
216.8,3.8257168961210324,-0.44704205005838515,0.0,-0.17948717948717924,0.0,0.0,0,95.09906005859375
216.8,3.8257168961210324,-0.44704205005838515,0.0,-0.17948717948717924,0.0,0.0,0,95.09906005859375
216.8,3.8246973665677673,-0.44920011468320176,0.0,-0.17948717948717924,0.0,0.0,0,95.09906005859375
216.8,3.8246973665677673,-0.44920011468320176,0.0,-0.17948717948717924,0.0,0.0,0,95.09906005859375
216.8,3.8246973665677673,-0.44920011468320176,0.0,-0.17948717948717924,0.0,0.0,0,95.09906005859375
216.8,3.8246973665677673,-0.44920011468320176,0.0,-0.17948717948717924,0.0,0.0,0,95.09906005859375
216.8,3.823675223400107,-0.45135727423515204,0.0,-0.17948717948717924,0.0,0.0,0,95.09906005859375
216.8,3.823675223400107,-0.45135727423515204,0.0,-0.17948717948717924,0.0,0.0,0,95.09906005859375
216.8,3.823675223400107,-0.45135727423515204,0.0,-0.17948717948717924,0.0,0.0,0,95.09906005859375
216.8,3.823675223400107,-0.45135727423515204,0.0,-0.019487179487179235,0.0,0.0,0,95.09906005859375
223.3,3.8262956465873694,-0.4447596435501129,0.0,0.0,0.0,0.0,0,95.06884765625
223.3,3.8262956465873694,-0.4447596435501129,0.0,0.0,0.0,0.0,0,95.06884765625
223.3,3.8262956465873694,-0.4447596435501129,0.0,0.0,0.0,0.0,1,95.06884765625
223.3,3.8262956465873694,-0.4447596435501129,0.0,0.0,0.0,0.0,1,95.06884765625
223.3,3.826295621901191,-0.44475964849579497,0.0,0.0,0.0,0.0,1,95.06884765625
223.3,3.826295621901191,-0.44475964849579497,0.0,0.0,0.0,0.0,1,95.06884765625
223.3,3.826295621901191,-0.44475964849579497,0.0,0.0,0.0,0.0,1,95.06884765625
223.3,3.826295621901191,-0.44475964849579497,0.0,0.0,0.0,0.0,1,95.06884765625
223.3,3.826295621901191,-0.44475964849579497,0.0,0.0,0.0,0.0,1,95.06884765625
223.3,3.826295621901191,-0.44475964849579497,0.0,0.0,0.0,0.0,1,95.06884765625
223.3,3.826295621901191,-0.44475964849579497,0.0,0.0,0.0,0.0,1,95.06884765625
223.3,3.8262955972152737,-0.4447596541085672,0.0,0.0,0.0,0.0,1,95.06884765625
223.3,3.8262955972152737,-0.4447596541085672,0.0,0.0,0.0,0.0,1,95.06884765625
223.3,3.8262955972152737,-0.4447596541085672,0.0,0.0,0.0,0.0,1,95.06884765625
223.3,3.8262955972152737,-0.4447596541085672,0.0,0.0,0.0,0.0,1,95.06884765625
223.4,3.8262955972152737,-0.4447596541085672,0.0,0.0,0.0,0.0,1,95.06884765625
223.4,3.826295584929282,-0.44475964779474364,0.0,0.0,0.0,0.0,1,95.06884765625
223.4,3.826295584929282,-0.44475964779474364,0.0,0.0,0.0,0.0,1,95.06884765625
223.4,3.826295584929282,-0.44475964779474364,0.0,0.0,0.0,0.0,1,95.06884765625
223.4,3.826295579234368,-0.4447596488649659,0.0,0.0,0.0,0.0,1,95.06884765625
223.4,3.826295579234368,-0.4447596488649659,0.0,0.0,0.0,0.0,1,95.06884765625
223.4,3.826295579234368,-0.4447596488649659,0.0,0.0,0.0,0.0,1,95.06884765625
223.4,3.826295579234368,-0.4447596488649659,0.0,0.0,0.0,0.0,1,95.06884765625
223.4,3.8262955995439607,-0.44475964516673483,0.0,0.0,0.0,0.0,1,95.06884765625
223.4,3.8262955995439607,-0.44475964516673483,0.0,0.0,0.0,0.0,1,95.06884765625
223.4,3.8262955995439607,-0.44475964516673483,0.0,0.0,0.0,0.0,1,95.06884765625
223.4,3.8262955995439607,-0.44475964516673483,0.0,0.0,0.0,0.0,1,95.06884765625
223.5,3.8262955995439607,-0.44475964516673483,0.0,0.0,0.0,0.0,1,95.06884765625
223.5,3.8262956507210095,-0.44475963181635036,0.0,0.0,0.0,0.0,1,95.06884765625
223.5,3.8262956507210095,-0.44475963181635036,0.0,0.0,0.0,0.0,1,95.06884765625
223.5,3.8262956507210095,-0.44475963181635036,0.0,0.0,0.0,0.0,1,95.06884765625
223.5,3.8262956507210095,-0.44475963181635036,0.0,0.0,0.0,0.0,1,95.06884765625
223.5,3.826295707354605,-0.4447596104522502,0.0,0.0,0.0,0.0,1,95.06884765625
223.5,3.826295707354605,-0.4447596104522502,0.0,0.0,0.0,0.0,1,95.06884765625
223.5,3.826295707354605,-0.4447596104522502,0.0,0.0,0.0,0.0,1,95.06884765625
223.5,3.826295712061566,-0.4447596126632909,0.0,0.0,0.0,0.0,1,95.06884765625
223.5,3.826295712061566,-0.4447596126632909,0.0,0.0,0.0,0.0,1,95.06884765625
223.5,3.826295712061566,-0.4447596126632909,0.0,0.0,0.0,0.0,1,95.06884765625
223.60000000000002,3.826295712061566,-0.4447596126632909,0.0,0.0,0.0,0.0,1,95.06884765625
223.60000000000002,3.826295680148019,-0.4447596182646737,0.0,0.0,0.0,0.0,1,95.06884765625
223.60000000000002,3.826295680148019,-0.4447596182646737,0.0,0.0,0.0,0.0,1,95.06884765625
223.60000000000002,3.826295680148019,-0.4447596182646737,0.0,0.0,0.0,0.0,1,95.06884765625
223.60000000000002,3.8262956713442176,-0.4447596205550094,0.0,0.0,0.0,0.0,1,95.06884765625
223.60000000000002,3.8262956713442176,-0.4447596205550094,0.0,0.0,0.0,0.0,1,95.06884765625
223.60000000000002,3.8262956713442176,-0.4447596205550094,0.0,0.0,0.0,0.0,1,95.06884765625
223.60000000000002,3.8262956713442176,-0.4447596205550094,0.0,0.0,0.0,0.0,1,95.06884765625
223.60000000000002,3.826295613638586,-0.4447596294568106,0.0,0.0,0.0,0.0,1,95.06884765625
223.60000000000002,3.826295613638586,-0.4447596294568106,0.0,0.0,0.0,0.0,1,95.06884765625
223.70000000000002,3.826295613638586,-0.4447596294568106,0.0,0.0,0.0,0.0,1,95.06884765625
223.70000000000002,3.826295613638586,-0.4447596294568106,0.0,0.0,0.0,0.0,1,95.06884765625
223.70000000000002,3.826295595897458,-0.44475963301065,0.0,0.0,0.0,0.0,1,95.06884765625
223.70000000000002,3.826295595897458,-0.44475963301065,0.0,0.0,0.0,0.0,1,95.06884765625
223.70000000000002,3.826295595897458,-0.44475963301065,0.0,0.0,0.0,0.0,1,95.06884765625
223.70000000000002,3.826295595897458,-0.44475963301065,0.0,0.0,0.0,0.0,1,95.06884765625
223.70000000000002,3.8262955958897664,-0.44475963195528145,0.0,0.0,0.0,0.0,1,95.06884765625
223.70000000000002,3.8262955958897664,-0.44475963195528145,0.0,0.0,0.0,0.0,1,95.06884765625
223.70000000000002,3.8262955958897664,-0.44475963195528145,0.0,0.0,0.0,0.0,1,95.06884765625
223.70000000000002,3.8262955958897664,-0.44475963195528145,0.0,0.0,0.0,0.0,1,95.06884765625
223.70000000000002,3.8262955958897664,-0.44475963195528145,0.0,0.0,0.0,0.0,1,95.06884765625
223.70000000000002,3.826295605648448,-0.444759625779682,0.0,0.0,0.0,0.0,1,95.06884765625
223.70000000000002,3.826295605648448,-0.444759625779682,0.0,0.0,0.0,0.0,1,95.06884765625
223.8,3.826295605648448,-0.444759625779682,0.0,0.0,0.0,0.0,3,95.06884765625
223.8,3.826295605648448,-0.444759625779682,0.0,0.0,0.0,0.0,3,95.06884765625
223.8,3.826295619088243,-0.44475962060171015,0.0,0.0,0.0,0.0,3,95.06884765625
223.8,3.826295619088243,-0.44475962060171015,0.0,0.0,0.0,0.0,3,95.06884765625
223.8,3.826295619088243,-0.44475962060171015,0.0,0.0,0.0,0.0,3,95.06884765625
223.8,3.826295619088243,-0.44475962060171015,0.0,0.0,0.0,0.0,3,95.06884765625
223.8,3.826295619088243,-0.44475962060171015,0.0,0.0,0.0,0.0,3,95.06884765625
223.8,3.826295619088243,-0.44475962060171015,0.0,0.0,0.0,0.0,3,95.06884765625
223.8,3.8262956495684772,-0.44475961751473236,0.0,0.0,0.0,0.0,3,95.06884765625
223.8,3.8262956495684772,-0.44475961751473236,0.0,0.0,0.0,0.0,3,95.06884765625
223.8,3.8262956495684772,-0.44475961751473236,0.0,0.0,0.0,0.0,3,95.06884765625
223.8,3.8262956495684772,-0.44475961751473236,0.0,0.0,0.0,0.0,3,95.06884765625
223.8,3.8262956495684772,-0.44475961751473236,0.0,0.0,0.0,0.0,3,95.06884765625
223.8,3.8262957145032512,-0.4447596018454898,0.0,0.0,0.0,0.0,3,95.06884765625
223.8,3.8262957145032512,-0.4447596018454898,0.0,0.0,0.0,0.0,3,95.06884765625
223.9,3.8262957145032512,-0.4447596018454898,0.0,0.0,0.0,0.0,3,95.06884765625
223.9,3.8262957145032512,-0.4447596018454898,0.0,0.0,0.0,0.0,3,95.06884765625
223.9,3.8262957132109228,-0.44475960306062023,0.0,0.0,0.0,0.0,3,95.06884765625
223.9,3.8262957132109228,-0.44475960306062023,0.0,0.0,0.0,0.0,3,95.06884765625
223.9,3.8262957132109228,-0.44475960306062023,0.0,0.0,0.0,0.0,3,95.06884765625
223.9,3.8262957132109228,-0.44475960306062023,0.0,0.0,0.0,0.0,3,95.06884765625
223.9,3.8262957132109228,-0.44475960306062023,0.0,0.0,0.0,0.0,3,95.06884765625
223.9,3.826295746362325,-0.44475959160666667,0.0,0.0,0.0,0.0,3,95.06884765625
223.9,3.826295746362325,-0.44475959160666667,0.0,0.0,0.0,0.0,3,95.06884765625
223.9,3.826295746362325,-0.44475959160666667,0.0,0.0,0.0,0.0,3,95.06884765625
223.9,3.8262957063517105,-0.44475960351434485,0.0,0.0,0.0,0.0,3,95.06884765625
223.9,3.8262957063517105,-0.44475960351434485,0.0,0.0,0.0,0.0,3,95.06884765625
224.0,3.8262957063517105,-0.44475960351434485,0.0,0.0,0.0,0.0,3,95.06884765625
224.0,3.8262957063517105,-0.44475960351434485,0.0,0.0,0.0,0.0,3,95.06884765625
224.0,3.8262956494992264,-0.4447596142558641,0.0,0.0,0.0,0.0,3,95.06884765625
224.0,3.8262956494992264,-0.4447596142558641,0.0,0.0,0.0,0.0,3,95.06884765625
224.0,3.8262956494992264,-0.4447596142558641,0.0,0.0,0.0,0.0,3,95.06884765625
224.0,3.8262956494992264,-0.4447596142558641,0.0,0.0,0.0,0.0,3,95.06884765625
224.0,3.8262956183959913,-0.44475962464233376,0.0,0.0,0.0,0.0,3,95.06884765625
224.0,3.8262956183959913,-0.44475962464233376,0.0,0.0,0.0,0.0,3,95.06884765625
224.0,3.8262956183959913,-0.44475962464233376,0.0,0.0,0.0,0.0,3,95.06884765625
224.0,3.8262956183959913,-0.44475962464233376,0.0,0.0,0.0,0.0,3,95.06884765625
224.0,3.826295618828494,-0.4447596243770906,0.0,0.0,0.0,0.0,3,95.06884765625
224.0,3.826295618828494,-0.4447596243770906,0.0,0.0,0.0,0.0,3,95.06884765625
224.10000000000002,3.826295618828494,-0.4447596243770906,0.0,0.0,0.0,0.0,3,95.06884765625
224.10000000000002,3.826295618828494,-0.4447596243770906,0.0,0.0,0.0,0.0,3,95.06884765625
224.10000000000002,3.826295636060588,-0.4447596210661824,0.0,0.0,0.0,0.0,3,95.06884765625
224.10000000000002,3.826295636060588,-0.4447596210661824,0.0,0.0,0.0,0.0,3,95.06884765625
224.10000000000002,3.826295636060588,-0.4447596210661824,0.0,0.0,0.0,0.0,3,95.06884765625
224.10000000000002,3.826295636060588,-0.4447596210661824,0.0,0.0,0.0,0.0,3,95.06884765625
224.10000000000002,3.8262956663633174,-0.44475961618372106,0.0,0.0,0.0,0.0,3,95.06884765625
224.10000000000002,3.8262956663633174,-0.44475961618372106,0.0,0.0,0.0,0.0,3,95.06884765625
224.10000000000002,3.8262956663633174,-0.44475961618372106,0.0,0.0,0.0,0.0,3,95.06884765625
224.10000000000002,3.8262956663633174,-0.44475961618372106,0.0,0.0,0.0,0.0,3,95.06884765625
224.10000000000002,3.8262956663633174,-0.44475961618372106,0.0,0.0,0.0,0.0,3,95.06884765625
224.10000000000002,3.8262956663633174,-0.44475961618372106,0.0,0.0,0.0,0.0,3,95.06884765625
224.10000000000002,3.826295702818615,-0.44475960359566546,0.0,0.0,0.0,0.0,3,95.06884765625
224.20000000000002,3.826295702818615,-0.44475960359566546,0.0,0.0,0.0,0.0,3,95.06884765625
224.20000000000002,3.826295702818615,-0.44475960359566546,0.0,0.0,0.0,0.0,3,95.06884765625
224.20000000000002,3.826295702818615,-0.44475960359566546,0.0,0.0,0.0,0.0,3,95.06884765625
224.20000000000002,3.8262957286764223,-0.44475960187923347,0.0,0.0,0.0,0.0,3,95.06884765625
224.20000000000002,3.8262957286764223,-0.44475960187923347,0.0,0.0,0.0,0.0,3,95.06884765625
224.20000000000002,3.8262957286764223,-0.44475960187923347,0.0,0.0,0.0,0.0,3,95.06884765625
224.20000000000002,3.8262957286764223,-0.44475960187923347,0.0,0.0,0.0,0.0,3,95.06884765625
224.20000000000002,3.826295721231097,-0.44475960340626286,0.0,0.0,0.0,0.0,3,95.06884765625
224.20000000000002,3.826295721231097,-0.44475960340626286,0.0,0.0,0.0,0.0,3,95.06884765625
224.20000000000002,3.826295721231097,-0.44475960340626286,0.0,0.0,0.0,0.0,3,95.06884765625
224.20000000000002,3.826295721231097,-0.44475960340626286,0.0,0.0,0.0,0.0,3,95.06884765625
224.20000000000002,3.826295721231097,-0.44475960340626286,0.0,0.0,0.0,0.0,3,95.06884765625
224.20000000000002,3.826295721231097,-0.44475960340626286,0.0,0.0,0.0,0.0,3,95.06884765625
224.20000000000002,3.826295721231097,-0.44475960340626286,0.0,0.0,0.0,0.0,3,95.06884765625
224.3,3.8262957209055584,-0.44475960734700726,0.0,0.0,0.0,0.0,3,95.06884765625
224.3,3.8262957209055584,-0.44475960734700726,0.0,0.0,0.0,0.0,3,95.06884765625
224.3,3.8262957209055584,-0.44475960734700726,0.0,0.0,0.0,0.0,3,95.06884765625
224.3,3.8262957209055584,-0.44475960734700726,0.0,0.0,0.0,0.0,3,95.06884765625
224.3,3.826295674957892,-0.44475961749552806,0.0,0.0,0.0,0.0,3,95.06884765625
224.3,3.826295674957892,-0.44475961749552806,0.0,0.0,0.0,0.0,3,95.06884765625
224.3,3.826295674957892,-0.44475961749552806,0.0,0.0,0.0,0.0,3,95.06884765625
224.3,3.826295674957892,-0.44475961749552806,0.0,0.0,0.0,0.0,3,95.06884765625
224.3,3.826295674957892,-0.44475961749552806,0.0,0.0,0.0,0.0,3,95.06884765625
224.3,3.8262956730780835,-0.4447596198636232,0.0,0.0,0.0,0.0,3,95.06884765625
224.3,3.8262956730780835,-0.4447596198636232,0.0,0.0,0.0,0.0,3,95.06884765625
224.3,3.8262956730780835,-0.4447596198636232,0.0,0.0,0.0,0.0,3,95.06884765625
224.3,3.8262956730780835,-0.4447596198636232,0.0,0.0,0.0,0.0,3,95.06884765625
224.3,3.8262956730780835,-0.4447596198636232,0.0,0.0,0.0,0.0,3,95.06884765625
224.3,3.8262956730780835,-0.4447596198636232,0.0,0.0,0.0,0.0,3,95.06884765625
224.3,3.8262956897222007,-0.4447596173475994,0.0,0.0,0.0,0.0,3,95.06884765625
224.4,3.8262956897222007,-0.4447596173475994,0.0,0.0,0.0,0.0,3,95.06884765625
224.4,3.8262956897222007,-0.4447596173475994,0.0,0.0,0.0,0.0,3,95.06884765625
224.4,3.8262956897222007,-0.4447596173475994,0.0,0.0,0.0,0.0,3,95.06884765625
224.4,3.8262956897222007,-0.4447596173475994,0.0,0.0,0.0,0.0,3,95.06884765625
224.4,3.8262957193079092,-0.4447596132663294,0.0,0.0,0.0,0.0,3,95.06884765625
224.4,3.8262957193079092,-0.4447596132663294,0.0,0.0,0.0,0.0,3,95.06884765625
224.4,3.8262957193079092,-0.4447596132663294,0.0,0.0,0.0,0.0,3,95.06884765625
224.4,3.8262957193079092,-0.4447596132663294,0.0,0.0,0.0,0.0,3,95.06884765625
224.4,3.8262957193079092,-0.4447596132663294,0.0,0.0,0.0,0.0,3,95.06884765625
224.4,3.826295716813803,-0.44475961314122126,0.0,0.0,0.0,0.0,3,95.06884765625
224.4,3.826295716813803,-0.44475961314122126,0.0,0.0,0.0,0.0,3,95.06884765625
224.4,3.826295716813803,-0.44475961314122126,0.0,0.0,0.0,0.0,3,95.06884765625
224.4,3.826295716813803,-0.44475961314122126,0.0,0.0,0.0,0.0,3,95.06884765625
224.4,3.826295716813803,-0.44475961314122126,0.0,0.0,0.0,0.0,3,95.06884765625
224.4,3.8262957594765536,-0.44475960412781834,0.0,0.0,0.0,0.0,3,95.06884765625
224.5,3.8262957594765536,-0.44475960412781834,0.0,0.0,0.0,0.0,3,95.06884765625
224.5,3.8262957594765536,-0.44475960412781834,0.0,0.0,0.0,0.0,3,95.06884765625
224.5,3.8262957594765536,-0.44475960412781834,0.0,0.0,0.0,0.0,3,95.06884765625
224.5,3.8262957594765536,-0.44475960412781834,0.0,0.0,0.0,0.0,4,95.06884765625
224.5,3.8262957177038013,-0.4447596160776769,0.0,0.0,0.0,0.0,4,95.06884765625
224.5,3.8262957177038013,-0.4447596160776769,0.0,0.0,0.0,0.0,4,95.06884765625
224.5,3.8262957177038013,-0.4447596160776769,0.0,0.0,0.0,0.0,4,95.06884765625
224.5,3.8262957177038013,-0.4447596160776769,0.0,0.0,0.0,0.0,4,95.06884765625
224.5,3.8262957177038013,-0.4447596160776769,0.0,0.0,0.0,0.0,4,95.06884765625
224.5,3.8262957177038013,-0.4447596160776769,0.0,0.0,0.0,0.0,4,95.06884765625
224.5,3.8262957177038013,-0.4447596160776769,0.0,0.0,0.0,0.0,4,95.06884765625
224.5,3.8262957331849257,-0.4447596132458803,0.0,0.0,0.0,0.0,4,95.06884765625
224.5,3.8262957331849257,-0.4447596132458803,0.0,0.0,0.0,0.0,4,95.06884765625
224.5,3.8262957331849257,-0.4447596132458803,0.0,0.0,0.0,0.0,4,95.06884765625
224.5,3.8262957331849257,-0.4447596132458803,0.0,0.0,0.0,0.0,4,95.06884765625
224.5,3.8262957331849257,-0.4447596132458803,0.0,0.0,0.0,0.0,4,95.06884765625
224.5,3.8262956636405976,-0.44475963156034104,0.0,0.0,0.0,0.0,4,95.06884765625
224.60000000000002,3.8262956636405976,-0.44475963156034104,0.0,0.0,0.0,0.0,4,95.06884765625
224.60000000000002,3.8262956636405976,-0.44475963156034104,0.0,0.0,0.0,0.0,4,95.06884765625
224.60000000000002,3.8262956636405976,-0.44475963156034104,0.0,0.0,0.0,0.0,4,95.06884765625
224.60000000000002,3.8262956636405976,-0.44475963156034104,0.0,0.0,0.0,0.0,4,95.06884765625
224.60000000000002,3.8262956636405976,-0.44475963156034104,0.0,0.0,0.0,0.0,4,95.06884765625
224.60000000000002,3.8262956636200287,-0.4447596326985277,0.0,0.0,0.0,0.0,4,95.06884765625
224.60000000000002,3.8262956636200287,-0.4447596326985277,0.0,0.0,0.0,0.0,4,95.06884765625
224.60000000000002,3.8262956636200287,-0.4447596326985277,0.0,0.0,0.0,0.0,4,95.06884765625
224.60000000000002,3.8262956636200287,-0.4447596326985277,0.0,0.0,0.0,0.0,4,95.06884765625
224.60000000000002,3.8262956636200287,-0.4447596326985277,0.0,0.0,0.0,0.0,4,95.06884765625
224.60000000000002,3.826295679637317,-0.4447596306521512,0.0,0.0,0.0,0.0,4,95.06884765625
224.60000000000002,3.826295679637317,-0.4447596306521512,0.0,0.0,0.0,0.0,4,95.06884765625
224.60000000000002,3.826295679637317,-0.4447596306521512,0.0,0.0,0.0,0.0,4,95.06884765625
224.60000000000002,3.826295679637317,-0.4447596306521512,0.0,0.0,0.0,0.0,4,95.06884765625
224.60000000000002,3.826295679637317,-0.4447596306521512,0.0,0.0,0.0,0.0,4,95.06884765625
224.60000000000002,3.826295679637317,-0.4447596306521512,0.0,0.0,0.0,0.0,4,95.06884765625
224.70000000000002,3.8262957087120957,-0.4447596269508164,0.0,0.0,0.0,0.0,4,95.06884765625
224.70000000000002,3.8262957087120957,-0.4447596269508164,0.0,0.0,0.0,0.0,4,95.06884765625
224.70000000000002,3.8262957087120957,-0.4447596269508164,0.0,0.0,0.0,0.0,4,95.06884765625
224.70000000000002,3.8262957087120957,-0.4447596269508164,0.0,0.0,0.0,0.0,4,95.06884765625
224.70000000000002,3.826295743952447,-0.44475961550145726,0.0,0.0,0.0,0.0,4,95.06884765625
224.70000000000002,3.826295743952447,-0.44475961550145726,0.0,0.0,0.0,0.0,4,95.06884765625
224.70000000000002,3.826295743952447,-0.44475961550145726,0.0,0.0,0.0,0.0,4,95.06884765625
224.70000000000002,3.8262957685448864,-0.44475961475844517,0.0,0.0,0.0,0.0,4,95.06884765625
224.70000000000002,3.8262957685448864,-0.44475961475844517,0.0,0.0,0.0,0.0,4,95.06884765625
224.70000000000002,3.8262957685448864,-0.44475961475844517,0.0,0.0,0.0,0.0,4,95.06884765625
224.70000000000002,3.8262957685448864,-0.44475961475844517,0.0,0.0,0.0,0.0,4,95.06884765625
224.8,3.8262957685448864,-0.44475961475844517,0.0,0.0,0.0,0.0,4,95.06884765625
224.8,3.8262957598324494,-0.44475961723589796,0.0,0.0,0.0,0.0,4,95.06884765625
224.8,3.8262957598324494,-0.44475961723589796,0.0,0.0,0.0,0.0,4,95.06884765625
224.8,3.8262957598324494,-0.44475961723589796,0.0,0.0,0.0,0.0,4,95.06884765625
224.8,3.8262957598324494,-0.44475961723589796,0.0,0.0,0.0,0.0,4,95.06884765625
224.8,3.8262957582250587,-0.4447596219481712,0.0,0.0,0.0,0.0,4,95.06884765625
224.8,3.8262957582250587,-0.4447596219481712,0.0,0.0,0.0,0.0,4,95.06884765625
224.8,3.8262957582250587,-0.4447596219481712,0.0,0.0,0.0,0.0,4,95.06884765625
224.8,3.8262957582250587,-0.4447596219481712,0.0,0.0,0.0,0.0,4,95.06884765625
224.8,3.8262957582250587,-0.4447596219481712,0.0,0.0,0.0,0.0,4,95.06884765625
224.8,3.826295711000774,-0.44475963287456843,0.0,0.0,0.0,0.0,4,95.06884765625
224.8,3.826295711000774,-0.44475963287456843,0.0,0.0,0.0,0.0,4,95.06884765625
224.8,3.826295711000774,-0.44475963287456843,0.0,0.0,0.0,0.0,4,95.06884765625
224.9,3.8262957078146433,-0.44475963588071465,0.0,0.0,0.0,0.0,4,95.06884765625
224.9,3.8262957078146433,-0.44475963588071465,0.0,0.0,0.0,0.0,4,95.06884765625
224.9,3.8262957078146433,-0.44475963588071465,0.0,0.0,0.0,0.0,4,95.06884765625
224.9,3.8262957078146433,-0.44475963588071465,0.0,0.0,0.0,0.0,4,95.06884765625
224.9,3.826295723147986,-0.44475963393648354,0.0,0.0,0.0,0.0,4,95.06884765625
224.9,3.826295723147986,-0.44475963393648354,0.0,0.0,0.0,0.0,4,95.06884765625
224.9,3.826295723147986,-0.44475963393648354,0.0,0.0,0.0,0.0,4,95.06884765625
224.9,3.826295723147986,-0.44475963393648354,0.0,0.0,0.0,0.0,4,95.06884765625
224.9,3.826295751416156,-0.4447596303491169,0.0,0.0,0.0,0.0,4,95.06884765625
224.9,3.826295751416156,-0.4447596303491169,0.0,0.0,0.0,0.0,4,95.06884765625
224.9,3.826295751416156,-0.4447596303491169,0.0,0.0,0.0,0.0,4,95.06884765625
224.9,3.826295751416156,-0.4447596303491169,0.0,0.0,0.0,0.0,4,95.06884765625
225.0,3.8262957859043913,-0.4447596171606163,0.0,0.0,0.0,0.0,4,95.06884765625
225.0,3.8262957859043913,-0.4447596171606163,0.0,0.0,0.0,0.0,4,95.06884765625
225.0,3.8262957859043913,-0.4447596171606163,0.0,0.0,0.0,0.0,4,95.06884765625
225.0,3.8262957859043913,-0.4447596171606163,0.0,0.0,0.0,0.0,4,95.06884765625
225.0,3.8262958002897296,-0.4447596193542174,0.0,0.0,0.0,0.0,4,95.06884765625
225.0,3.8262958002897296,-0.4447596193542174,0.0,0.0,0.0,0.0,4,95.06884765625
225.0,3.8262958002897296,-0.4447596193542174,0.0,0.0,0.0,0.0,4,95.06884765625
225.0,3.8262958002897296,-0.4447596193542174,0.0,0.0,0.0,0.0,4,95.06884765625
225.0,3.8262957575544303,-0.44475963190588574,0.0,0.0,0.0,0.0,4,95.06884765625
225.0,3.8262957575544303,-0.44475963190588574,0.0,0.0,0.0,0.0,4,95.06884765625
225.0,3.8262957575544303,-0.44475963190588574,0.0,0.0,0.0,0.0,4,95.06884765625
225.0,3.8262957575544303,-0.44475963190588574,0.0,0.0,0.0,0.0,4,95.06884765625
225.10000000000002,3.8262957716939177,-0.44475962926095747,0.0,0.0,0.0,0.0,4,95.06884765625
225.10000000000002,3.8262957716939177,-0.44475962926095747,0.0,0.0,0.0,0.0,4,95.06884765625
225.10000000000002,3.8262957716939177,-0.44475962926095747,0.0,0.0,0.0,0.0,4,95.06884765625
225.10000000000002,3.826295700786302,-0.44475964780601984,0.0,0.0,0.0,0.0,4,95.06884765625
225.10000000000002,3.826295700786302,-0.44475964780601984,0.0,0.0,0.0,0.0,4,95.06884765625
225.10000000000002,3.826295700786302,-0.44475964780601984,0.0,0.0,0.0,0.0,4,95.06884765625
225.10000000000002,3.826295700786302,-0.44475964780601984,0.0,0.0,0.0,0.0,4,95.06884765625
225.10000000000002,3.826295699411846,-0.4447596490601662,0.0,0.0,0.0,0.0,4,95.06884765625
225.10000000000002,3.826295699411846,-0.4447596490601662,0.0,0.0,0.0,0.0,4,95.06884765625
225.10000000000002,3.826295699411846,-0.4447596490601662,0.0,0.0,0.0,0.0,4,95.06884765625
225.20000000000002,3.826295699411846,-0.4447596490601662,0.0,0.0,0.0,0.0,4,95.06884765625
225.20000000000002,3.826295699411846,-0.4447596490601662,0.0,0.0,0.0,0.0,4,95.06884765625
225.20000000000002,3.82629571405965,-0.4447596470841271,0.0,0.0,0.0,0.0,4,95.06884765625
225.20000000000002,3.82629571405965,-0.4447596470841271,0.0,0.0,0.0,0.0,4,95.06884765625
225.20000000000002,3.82629571405965,-0.4447596470841271,0.0,0.0,0.0,0.0,4,95.06884765625
225.20000000000002,3.82629571405965,-0.4447596470841271,0.0,0.0,0.0,0.0,4,95.06884765625
225.20000000000002,3.8262957417515437,-0.4447596434128024,0.0,0.0,0.0,0.0,4,95.06884765625
225.20000000000002,3.8262957417515437,-0.4447596434128024,0.0,0.0,0.0,0.0,4,95.06884765625
225.20000000000002,3.8262957417515437,-0.4447596434128024,0.0,0.0,0.0,0.0,4,95.06884765625
225.20000000000002,3.826295775630916,-0.4447596320279291,0.0,0.0,0.0,0.0,4,95.06884765625
225.20000000000002,3.826295775630916,-0.4447596320279291,0.0,0.0,0.0,0.0,4,95.06884765625
225.20000000000002,3.826295775630916,-0.4447596320279291,0.0,0.0,0.0,0.0,4,95.06884765625
225.3,3.826295775630916,-0.4447596320279291,0.0,0.0,0.0,0.0,4,95.06884765625
225.3,3.826295775630916,-0.4447596320279291,0.0,0.0,0.0,0.0,5,95.06884765625
225.3,3.826295775630916,-0.4447596320279291,0.0,1.0,0.0,0.0,5,95.06884765625
225.3,3.8262957978099283,-0.4447596327098059,0.0,1.0,0.0,0.0,5,95.06884765625
225.3,3.8262957978099283,-0.4447596327098059,0.0,1.0,0.0,0.0,5,95.06884765625
225.3,3.8262957978099283,-0.4447596327098059,0.0,1.0,0.0,0.0,5,95.06884765625
225.3,3.8262957978099283,-0.4447596327098059,0.0,1.0,0.0,0.0,5,95.06884765625
225.3,3.8262797742862125,-0.44476267453621954,0.0,1.0,0.0,0.0,5,95.06884765625
225.3,3.8262797742862125,-0.44476267453621954,0.0,1.0,0.0,0.0,5,95.06884765625
225.3,3.8262797742862125,-0.44476267453621954,0.0,1.0,0.0,0.0,5,95.06884765625
225.3,3.8262797742862125,-0.44476267453621954,0.0,1.0,0.0,0.0,5,95.06884765625
225.3,3.8262797742862125,-0.44476267453621954,0.0,1.0,0.0,0.0,5,95.06884765625
225.3,3.8262236790923785,-0.444777666398685,0.0,1.0,0.0,0.0,5,95.06884765625
225.3,3.8262236790923785,-0.444777666398685,0.0,1.0,0.0,0.0,5,95.06884765625
225.3,3.8262236790923785,-0.444777666398685,0.0,1.0,0.0,0.0,5,95.06884765625
225.4,3.8262236790923785,-0.444777666398685,0.0,1.0,0.0,0.0,5,95.06884765625
225.4,3.826150112865056,-0.4448008256442535,0.0,1.0,0.0,0.0,5,95.06884765625
225.4,3.826150112865056,-0.4448008256442535,0.0,1.0,0.0,0.0,5,95.06884765625
225.4,3.826150112865056,-0.4448008256442535,0.0,1.0,0.0,0.0,5,95.06884765625
225.4,3.8260897647944363,-0.44482100938143554,0.0,1.0,0.0,0.0,5,95.06884765625
225.4,3.8260897647944363,-0.44482100938143554,0.0,1.0,0.0,0.0,5,95.06884765625
225.4,3.8260897647944363,-0.44482100938143554,0.0,1.0,0.0,0.0,5,95.06884765625
225.4,3.8260362534318433,-0.444840860113923,0.0,1.0,0.0,0.0,5,95.06884765625
225.4,3.8260362534318433,-0.444840860113923,0.0,1.0,0.0,0.0,5,95.06884765625
225.4,3.8260362534318433,-0.444840860113923,0.0,1.0,0.0,0.0,5,95.06884765625
225.5,3.8260362534318433,-0.444840860113923,0.0,1.0,0.0,0.0,5,95.06884765625
225.5,3.8259742698100005,-0.44486630936228544,0.0,1.0,0.0,0.0,5,95.0685806274414
225.5,3.8259742698100005,-0.44486630936228544,0.0,1.0,0.0,0.0,5,95.0685806274414
225.5,3.8259742698100005,-0.44486630936228544,0.0,1.0,0.0,0.0,5,95.0685806274414
225.5,3.8259742698100005,-0.44486630936228544,0.0,1.0,0.0,0.0,5,95.0685806274414
225.5,3.825912504854794,-0.4448943725668608,0.0,1.0,0.0,0.0,5,95.0685806274414
225.5,3.825912504854794,-0.4448943725668608,0.0,1.0,0.0,0.0,5,95.0685806274414
225.5,3.825912504854794,-0.4448943725668608,0.0,1.0,0.0,0.0,5,95.0685806274414
225.5,3.825912504854794,-0.4448943725668608,0.0,1.0,0.0,0.0,5,95.0685806274414
225.5,3.8258565778464186,-0.444921531391299,0.0,1.0,0.0,0.0,5,95.0685806274414
225.60000000000002,3.8258565778464186,-0.444921531391299,0.0,1.0,0.0,0.0,5,95.0685806274414
225.60000000000002,3.8258565778464186,-0.444921531391299,0.0,1.0,0.0,0.0,5,95.0685806274414
225.60000000000002,3.8258010334133177,-0.44495113984539736,0.0,1.0,0.0,0.0,5,95.0685806274414
225.60000000000002,3.8258010334133177,-0.44495113984539736,0.0,1.0,0.0,0.0,5,95.0685806274414
225.60000000000002,3.8258010334133177,-0.44495113984539736,0.0,1.0,0.0,0.0,5,95.0685806274414
225.60000000000002,3.8258010334133177,-0.44495113984539736,0.0,1.0,0.0,0.0,5,95.0685806274414
225.60000000000002,3.8257435102164745,-0.44498343195782164,0.0,1.0,0.0,0.0,5,95.0685806274414
225.60000000000002,3.8257435102164745,-0.44498343195782164,0.0,1.0,0.0,0.0,5,95.0685806274414
225.60000000000002,3.8257435102164745,-0.44498343195782164,0.0,1.0,0.0,0.0,5,95.0685806274414
225.60000000000002,3.8257435102164745,-0.44498343195782164,0.0,1.0,0.0,0.0,5,95.0685806274414
225.60000000000002,3.8256883731189224,-0.4450170854326363,0.0,1.0,0.0,0.0,5,95.0685806274414
225.70000000000002,3.8256883731189224,-0.4450170854326363,0.0,1.0,0.0,0.0,5,95.0685806274414
225.70000000000002,3.825635436792669,-0.44505247104382684,0.0,1.0,0.0,0.0,5,95.0685806274414
225.70000000000002,3.825635436792669,-0.44505247104382684,0.0,1.0,0.0,0.0,5,95.0685806274414
225.70000000000002,3.825635436792669,-0.44505247104382684,0.0,1.0,0.0,0.0,5,95.0685806274414
225.70000000000002,3.825635436792669,-0.44505247104382684,0.0,1.0,0.0,0.0,5,95.0685806274414
225.70000000000002,3.825635436792669,-0.44505247104382684,0.0,1.0,0.0,0.0,5,95.0685806274414
225.70000000000002,3.825582851918244,-0.44508971961821553,0.0,1.0,0.0,0.0,5,95.0685806274414
225.70000000000002,3.825582851918244,-0.44508971961821553,0.0,1.0,0.0,0.0,5,95.0685806274414
225.70000000000002,3.825582851918244,-0.44508971961821553,0.0,1.0,0.0,0.0,5,95.0685806274414
225.70000000000002,3.825582851918244,-0.44508971961821553,0.0,1.0,0.0,0.0,5,95.0685806274414
225.70000000000002,3.82553150516074,-0.4451290979969046,0.0,1.0,0.0,0.0,5,95.0685806274414
225.8,3.82553150516074,-0.4451290979969046,0.0,1.0,0.0,0.0,5,95.0685806274414
225.8,3.82553150516074,-0.4451290979969046,0.0,1.0,0.0,0.0,5,95.0685806274414
225.8,3.82553150516074,-0.4451290979969046,0.0,1.0,0.0,0.0,5,95.0685806274414
225.8,3.8254816595739474,-0.4451698109640596,0.0,1.0,0.0,0.0,5,95.0685806274414
225.8,3.8254816595739474,-0.4451698109640596,0.0,1.0,0.0,0.0,5,95.0685806274414
225.8,3.8254816595739474,-0.4451698109640596,0.0,1.0,0.0,0.0,5,95.0685806274414
225.8,3.8254816595739474,-0.4451698109640596,0.0,1.0,0.0,0.0,5,95.0685806274414
225.8,3.825433357480509,-0.4452126356698406,0.0,1.0,0.0,0.0,5,95.0685806274414
225.8,3.825433357480509,-0.4452126356698406,0.0,1.0,0.0,0.0,5,95.0685806274414
225.8,3.825433357480509,-0.4452126356698406,0.0,1.0,0.0,0.0,5,95.0685806274414
225.8,3.825433357480509,-0.4452126356698406,0.0,1.0,0.0,0.0,5,95.0685806274414
225.8,3.825385939194212,-0.44525706742191873,0.0,1.0,0.0,0.0,5,95.0685806274414
225.9,3.825385939194212,-0.44525706742191873,0.0,1.0,0.0,0.0,5,95.0685806274414
225.9,3.825385939194212,-0.44525706742191873,0.0,1.0,0.0,0.0,5,95.0685806274414
225.9,3.825340012995184,-0.44530336535239445,0.0,1.0,0.0,0.0,5,95.0685806274414
225.9,3.825340012995184,-0.44530336535239445,0.0,1.0,0.0,0.0,5,95.0685806274414
225.9,3.825340012995184,-0.44530336535239445,0.0,1.0,0.0,0.0,5,95.0685806274414
225.9,3.825340012995184,-0.44530336535239445,0.0,1.0,0.0,0.0,5,95.0685806274414
225.9,3.825340012995184,-0.44530336535239445,0.0,1.0,0.0,0.0,5,95.0685806274414
225.9,3.825295998615286,-0.4453514125147847,0.0,1.0,0.0,0.0,5,95.0685806274414
225.9,3.825295998615286,-0.4453514125147847,0.0,1.0,0.0,0.0,5,95.0685806274414
225.9,3.825295998615286,-0.4453514125147847,0.0,1.0,0.0,0.0,5,95.0685806274414
225.9,3.825253151211963,-0.4454010308044599,0.0,1.0,0.0,0.0,5,95.0685806274414
226.0,3.825253151211963,-0.4454010308044599,0.0,1.0,0.0,0.0,5,95.0685806274414
226.0,3.825253151211963,-0.4454010308044599,0.0,1.0,0.0,0.0,5,95.06761169433594
226.0,3.825253151211963,-0.4454010308044599,0.0,1.0,0.0,0.0,5,95.06761169433594
226.0,3.825253151211963,-0.4454010308044599,0.0,1.0,0.0,0.0,5,95.06761169433594
226.0,3.8252123454721962,-0.4454523538081453,0.0,1.0,0.0,0.0,5,95.06761169433594
226.0,3.8252123454721962,-0.4454523538081453,0.0,1.0,0.0,0.0,5,95.06761169433594
226.0,3.8252123454721962,-0.4454523538081453,0.0,1.0,0.0,0.0,5,95.06761169433594
226.0,3.825172942807564,-0.4455051505443164,0.0,1.0,0.0,0.0,5,95.06761169433594
226.0,3.825172942807564,-0.4455051505443164,0.0,1.0,0.0,0.0,5,95.06761169433594
226.0,3.825172942807564,-0.4455051505443164,0.0,1.0,0.0,0.0,5,95.06761169433594
226.0,3.825172942807564,-0.4455051505443164,0.0,1.0,0.0,0.0,5,95.06761169433594
226.0,3.825172942807564,-0.4455051505443164,0.0,1.0,0.0,0.0,5,95.06761169433594
226.0,3.8251354410543916,-0.44555932760381867,0.0,1.0,0.0,0.0,5,95.06761169433594
226.10000000000002,3.8251354410543916,-0.44555932760381867,0.0,1.0,0.0,0.0,5,95.06761169433594
226.10000000000002,3.8251354410543916,-0.44555932760381867,0.0,1.0,0.0,0.0,5,95.06761169433594
226.10000000000002,3.8251354410543916,-0.44555932760381867,0.0,1.0,0.0,0.0,5,95.06761169433594
226.10000000000002,3.82510016009181,-0.4456147370056571,0.0,1.0,0.0,0.0,5,95.06761169433594
226.10000000000002,3.82510016009181,-0.4456147370056571,0.0,1.0,0.0,0.0,5,95.06761169433594
226.10000000000002,3.82510016009181,-0.4456147370056571,0.0,1.0,0.0,0.0,5,95.06761169433594
226.10000000000002,3.82510016009181,-0.4456147370056571,0.0,1.0,0.0,0.0,5,95.06761169433594
226.10000000000002,3.82510016009181,-0.4456147370056571,0.0,1.0,0.0,0.0,5,95.06761169433594
226.10000000000002,3.8250666445470207,-0.4456714165307427,0.0,1.0,0.0,0.0,5,95.06761169433594
226.10000000000002,3.8250666445470207,-0.4456714165307427,0.0,1.0,0.0,0.0,5,95.06761169433594
226.10000000000002,3.8250666445470207,-0.4456714165307427,0.0,1.0,0.0,0.0,5,95.06761169433594
226.10000000000002,3.8250354881542057,-0.44572900473040333,0.0,1.0,0.0,0.0,5,95.06761169433594
226.20000000000002,3.8250354881542057,-0.44572900473040333,0.0,1.0,0.0,0.0,5,95.06761169433594
226.20000000000002,3.8250354881542057,-0.44572900473040333,0.0,1.0,0.0,0.0,5,95.06761169433594
226.20000000000002,3.8250354881542057,-0.44572900473040333,0.0,1.0,0.0,0.0,5,95.06761169433594
226.20000000000002,3.8250063918391826,-0.445787662515043,0.0,1.0,0.0,0.0,5,95.06761169433594
226.20000000000002,3.8250063918391826,-0.445787662515043,0.0,1.0,0.0,0.0,5,95.06761169433594
226.20000000000002,3.8250063918391826,-0.445787662515043,0.0,1.0,0.0,0.0,5,95.06761169433594
226.20000000000002,3.8250063918391826,-0.445787662515043,0.0,1.0,0.0,0.0,5,95.06761169433594
226.20000000000002,3.8250063918391826,-0.445787662515043,0.0,1.0,0.0,0.0,5,95.06761169433594
226.20000000000002,3.8249793541753907,-0.44584733809767985,0.0,1.0,0.0,0.0,5,95.06761169433594
226.20000000000002,3.8249793541753907,-0.44584733809767985,0.0,1.0,0.0,0.0,5,95.06761169433594
226.20000000000002,3.8249793541753907,-0.44584733809767985,0.0,1.0,0.0,0.0,5,95.06761169433594
226.20000000000002,3.8249793541753907,-0.44584733809767985,0.0,1.0,0.0,0.0,5,95.06761169433594
226.20000000000002,3.8249793541753907,-0.44584733809767985,0.0,1.0,0.0,0.0,5,95.06761169433594
226.20000000000002,3.8249793541753907,-0.44584733809767985,0.0,1.0,0.0,0.0,5,95.06761169433594
226.20000000000002,3.8249793541753907,-0.44584733809767985,0.0,1.0,0.0,0.0,5,95.06761169433594
226.20000000000002,3.8249545859060525,-0.44590781245183175,0.0,1.0,0.0,0.0,5,95.06761169433594
226.3,3.8249545859060525,-0.44590781245183175,0.0,1.0,0.0,0.0,5,95.06761169433594
226.3,3.8249545859060525,-0.44590781245183175,0.0,1.0,0.0,0.0,5,95.06761169433594
226.3,3.8249545859060525,-0.44590781245183175,0.0,1.0,0.0,0.0,5,95.06761169433594
226.3,3.8249322861755237,-0.44596882324002585,0.0,1.0,0.0,0.0,5,95.06761169433594
226.3,3.8249322861755237,-0.44596882324002585,0.0,1.0,0.0,0.0,5,95.06761169433594
226.3,3.8249322861755237,-0.44596882324002585,0.0,1.0,0.0,0.0,5,95.06761169433594
226.3,3.8249322861755237,-0.44596882324002585,0.0,1.0,0.0,0.0,5,95.06761169433594
226.3,3.8249322861755237,-0.44596882324002585,0.0,1.0,0.0,0.0,5,95.06761169433594
226.3,3.824912035439514,-0.4460308411468701,0.0,1.0,0.0,0.0,5,95.06761169433594
226.3,3.824912035439514,-0.4460308411468701,0.0,1.0,0.0,0.0,5,95.06761169433594
226.3,3.824912035439514,-0.4460308411468701,0.0,1.0,0.0,0.0,5,95.06761169433594
226.3,3.824912035439514,-0.4460308411468701,0.0,1.0,0.0,0.0,5,95.06761169433594
226.4,3.8251077747213547,-0.44570241339041194,0.0,1.0,0.0,0.0,5,95.06761169433594
226.4,3.8251077747213547,-0.44570241339041194,0.0,1.0,0.0,0.0,5,95.06761169433594
226.4,3.8251077747213547,-0.44570241339041194,0.0,1.0,0.0,0.0,5,95.06761169433594
226.4,3.8251077747213547,-0.44570241339041194,0.0,1.0,0.0,0.0,5,95.06761169433594
226.4,3.826539549804068,-0.4431029002966449,0.0,1.0,0.0,0.0,5,95.06761169433594
226.4,3.826539549804068,-0.4431029002966449,0.0,1.0,0.0,0.0,5,95.06761169433594
226.4,3.826539549804068,-0.4431029002966449,0.0,1.0,0.0,0.0,5,95.06761169433594
226.4,3.826539549804068,-0.4431029002966449,0.0,1.0,0.0,0.0,5,95.06761169433594
226.4,3.826539549804068,-0.4431029002966449,0.0,1.0,0.0,0.0,5,95.06761169433594
226.4,3.8279629586098536,-0.4404986737321258,0.0,1.0,0.0,0.0,5,95.06761169433594
226.4,3.8279629586098536,-0.4404986737321258,0.0,1.0,0.0,0.0,5,95.06761169433594
226.4,3.8279629586098536,-0.4404986737321258,0.0,1.0,0.0,0.0,5,95.06761169433594
226.4,3.8279629586098536,-0.4404986737321258,0.0,1.0,0.0,0.0,5,95.06761169433594
226.4,3.8279629586098536,-0.4404986737321258,0.0,1.0,0.0,0.0,5,95.06761169433594
226.5,3.829378241259846,-0.4378892413989055,0.0,1.0,0.0,0.0,5,95.06201171875
226.5,3.829378241259846,-0.4378892413989055,0.0,1.0,0.0,0.0,5,95.06201171875
226.5,3.829378241259846,-0.4378892413989055,0.0,1.0,0.0,0.0,5,95.06201171875
226.5,3.829378241259846,-0.4378892413989055,0.0,1.0,0.0,0.0,5,95.06201171875
226.5,3.829378241259846,-0.4378892413989055,0.0,1.0,0.0,0.0,5,95.06201171875
226.5,3.8307853244168175,-0.43527482497780945,0.0,1.0,0.0,0.0,5,95.06201171875
226.5,3.8307853244168175,-0.43527482497780945,0.0,1.0,0.0,0.0,5,95.06201171875
226.5,3.8307853244168175,-0.43527482497780945,0.0,1.0,0.0,0.0,5,95.06201171875
226.5,3.8321843440400047,-0.43265485820826666,0.0,1.0,0.0,0.0,5,95.06201171875
226.5,3.8321843440400047,-0.43265485820826666,0.0,1.0,0.0,0.0,5,95.06201171875
226.5,3.8321843440400047,-0.43265485820826666,0.0,1.0,0.0,0.0,5,95.06201171875
226.5,3.8321843440400047,-0.43265485820826666,0.0,1.0,0.0,0.0,5,95.06201171875
226.60000000000002,3.8321843440400047,-0.43265485820826666,0.0,1.0,0.0,0.0,5,95.06201171875
226.60000000000002,3.833632953357278,-0.4307705410925202,0.0,1.0,0.0,0.0,5,95.06201171875
226.60000000000002,3.833632953357278,-0.4307705410925202,0.0,1.0,0.0,0.0,5,95.06201171875
226.60000000000002,3.833632953357278,-0.4307705410925202,0.0,1.0,0.0,0.0,5,95.06201171875
226.60000000000002,3.833632953357278,-0.4307705410925202,0.0,1.0,0.0,0.0,5,95.06201171875
226.60000000000002,3.8352682783831593,-0.4312903146448307,0.0,1.0,0.0,0.0,5,95.06201171875
226.60000000000002,3.8352682783831593,-0.4312903146448307,0.0,1.0,0.0,0.0,5,95.06201171875
226.60000000000002,3.8352682783831593,-0.4312903146448307,0.0,1.0,0.0,0.0,5,95.06201171875
226.60000000000002,3.8352682783831593,-0.4312903146448307,0.0,1.0,0.0,0.0,5,95.06201171875
226.60000000000002,3.83690570948512,-0.4318103249715536,0.0,1.0,0.0,0.0,5,95.06201171875
226.60000000000002,3.83690570948512,-0.4318103249715536,0.0,1.0,0.0,0.0,5,95.06201171875
226.60000000000002,3.83690570948512,-0.4318103249715536,0.0,1.0,0.0,0.0,5,95.06201171875
226.60000000000002,3.83690570948512,-0.4318103249715536,0.0,1.0,0.0,0.0,5,95.06201171875
226.60000000000002,3.83690570948512,-0.4318103249715536,0.0,1.0,0.0,0.0,5,95.06201171875
226.70000000000002,3.838545421267531,-0.43232974800126434,0.0,1.0,0.0,0.0,5,95.06201171875
226.70000000000002,3.838545421267531,-0.43232974800126434,0.0,1.0,0.0,0.0,5,95.06201171875
226.70000000000002,3.838545421267531,-0.43232974800126434,0.0,1.0,0.0,0.0,5,95.06201171875
226.70000000000002,3.838545421267531,-0.43232974800126434,0.0,1.0,0.0,0.0,5,95.06201171875
226.70000000000002,3.8401872970197566,-0.4328489376362048,0.0,1.0,0.0,0.0,5,95.06201171875
226.70000000000002,3.8401872970197566,-0.4328489376362048,0.0,1.0,0.0,0.0,5,95.06201171875
226.70000000000002,3.8401872970197566,-0.4328489376362048,0.0,1.0,0.0,0.0,5,95.06201171875
226.70000000000002,3.8401872970197566,-0.4328489376362048,0.0,1.0,0.0,0.0,5,95.06201171875
226.70000000000002,3.8401872970197566,-0.4328489376362048,0.0,1.0,0.0,0.0,5,95.06201171875
226.70000000000002,3.8418313105412407,-0.4333677901006465,0.0,0.9246599940816926,0.0,0.0,5,95.06201171875
226.70000000000002,3.8418313105412407,-0.4333677901006465,0.0,0.9246599940816926,0.0,0.0,5,95.06201171875
226.8,3.8418313105412407,-0.4333677901006465,0.0,0.9246599940816926,0.0,0.0,5,95.06201171875
226.8,3.842948364242531,-0.4337391615588789,0.0,0.9246599940816926,0.0,0.0,5,95.06201171875
226.8,3.842948364242531,-0.4337391615588789,0.0,0.9246599940816926,0.0,0.0,5,95.06201171875
226.8,3.842948364242531,-0.4337391615588789,0.0,0.9246599940816926,0.0,0.0,5,95.06201171875
226.8,3.842948364242531,-0.4337391615588789,0.0,0.9246599940816926,0.0,0.0,5,95.06201171875
226.8,3.842948364242531,-0.4337391615588789,0.0,0.9246599940816926,0.0,0.0,5,95.06201171875
226.8,3.842960877259676,-0.4337991391235354,0.0,0.9246599940816926,0.0,0.0,5,95.06201171875
226.8,3.842960877259676,-0.4337991391235354,0.0,0.9246599940816926,0.0,0.0,5,95.06201171875
226.8,3.842960877259676,-0.4337991391235354,0.0,0.6551494694471773,0.0,0.0,5,95.06201171875
226.8,3.842960877259676,-0.4337991391235354,0.0,0.6551494694471773,0.0,0.0,5,95.06201171875
226.8,3.842974549952297,-0.4338562463772766,0.0,0.6551494694471773,0.0,0.0,5,95.06201171875
226.8,3.842974549952297,-0.4338562463772766,0.0,0.6551494694471773,0.0,0.0,5,95.06201171875
226.9,3.842974549952297,-0.4338562463772766,0.0,0.6551494694471773,0.0,0.0,5,95.06201171875
226.9,3.842988375819629,-0.4339043474298955,0.0,0.6551494694471773,0.0,0.0,5,95.06201171875
226.9,3.842988375819629,-0.4339043474298955,0.0,0.6551494694471773,0.0,0.0,5,95.06201171875
226.9,3.842988375819629,-0.4339043474298955,0.0,0.6551494694471773,0.0,0.0,5,95.06201171875
226.9,3.842988375819629,-0.4339043474298955,0.0,0.6551494694471773,0.0,0.0,5,95.06201171875
226.9,3.8430008898687964,-0.4339439307892531,0.0,0.6551494694471773,0.0,0.0,5,95.06201171875
226.9,3.8430008898687964,-0.4339439307892531,0.0,0.0,0.0,0.0,5,95.06201171875
226.9,3.8430008898687964,-0.4339439307892531,0.0,0.0,0.0,0.0,5,95.06201171875
226.9,3.843013873620121,-0.4339816190941914,0.0,0.0,0.0,0.0,5,95.06201171875
226.9,3.843013873620121,-0.4339816190941914,0.0,0.0,0.0,0.0,5,95.06201171875
226.9,3.843013873620121,-0.4339816190941914,0.0,0.0,0.0,3.4705810546875,5,95.06201171875
227.0,3.843013873620121,-0.4339816190941914,0.0,0.0,0.0,3.4705810546875,5,95.06201171875
227.0,3.843013873620121,-0.4339816190941914,0.0,0.0,0.0,3.4705810546875,5,95.04561614990234
227.0,3.8420261849172035,-0.43574572133452516,0.0,0.0,0.0,3.4705810546875,5,95.04561614990234
227.0,3.8420261849172035,-0.43574572133452516,0.0,0.0,0.0,3.4705810546875,5,95.04561614990234
227.0,3.8420261849172035,-0.43574572133452516,0.0,0.0,0.0,3.4705810546875,5,95.04561614990234
227.0,3.8420261849172035,-0.43574572133452516,0.07526315789473684,0.16,0.0,3.4705810546875,5,95.04561614990234
227.0,3.8420261849172035,-0.43574572133452516,0.07526315789473684,0.16,0.0,3.4705810546875,5,95.04561614990234
227.0,3.8398783075769183,-0.4394282031757505,0.07526315789473684,0.16,0.0,3.4705810546875,5,95.04561614990234
227.0,3.8398783075769183,-0.4394282031757505,0.07526315789473684,0.16,0.0,3.4705810546875,5,95.04561614990234
227.0,3.8398783075769183,-0.4394282031757505,0.07526315789473684,0.16,0.0,3.4705810546875,5,95.04561614990234
227.0,3.8398783075769183,-0.4394282031757505,0.07526315789473684,0.32,0.0,3.4705810546875,5,95.04561614990234
227.0,3.837396443441584,-0.4419553696831151,0.07526315789473684,0.32,0.0,3.4705810546875,5,95.04561614990234
227.0,3.837396443441584,-0.4419553696831151,0.07526315789473684,0.32,0.0,3.4705810546875,5,95.04561614990234
227.10000000000002,3.837396443441584,-0.4419553696831151,0.07526315789473684,0.32,0.0,3.4705810546875,5,95.04561614990234
227.10000000000002,3.8347013264511656,-0.4436973239921641,0.07526315789473684,0.32,0.0,3.4705810546875,5,95.04561614990234
227.10000000000002,3.8347013264511656,-0.4436973239921641,0.08105263157894736,0.48,0.0,3.4705810546875,5,95.04561614990234
227.10000000000002,3.8347013264511656,-0.4436973239921641,0.08105263157894736,0.48,0.0,3.4705810546875,5,95.04561614990234
227.10000000000002,3.8347013264511656,-0.4436973239921641,0.08105263157894736,0.48,0.0,3.4705810546875,5,95.04561614990234
227.10000000000002,3.8318267426012333,-0.4448700607259364,0.08105263157894736,0.48,201.052456742,3.4705810546875,5,95.04561614990234
227.10000000000002,3.8318267426012333,-0.4448700607259364,0.08105263157894736,0.48,201.052456742,3.4705810546875,5,95.04561614990234
227.10000000000002,3.8318267426012333,-0.4448700607259364,0.08105263157894736,0.5000000000000002,201.052456742,3.4705810546875,5,95.04561614990234
227.10000000000002,3.8318267426012333,-0.4448700607259364,0.08105263157894736,0.5000000000000002,201.052456742,3.4705810546875,5,95.04561614990234
227.10000000000002,3.8288446646314895,-0.44582689842648626,0.08105263157894736,0.5000000000000002,131.651852669,3.4705810546875,5,95.04561614990234
227.10000000000002,3.8288446646314895,-0.44582689842648626,0.08105263157894736,0.5000000000000002,131.651852669,3.4705810546875,5,95.04561614990234
227.20000000000002,3.8288446646314895,-0.44582689842648626,0.08105263157894736,0.5000000000000002,131.651852669,3.4705810546875,5,95.04561614990234
227.20000000000002,3.8288446646314895,-0.44582689842648626,0.10999999999999999,0.47435897435897456,131.651852669,3.4705810546875,5,95.04561614990234
227.20000000000002,3.8288446646314895,-0.44582689842648626,0.10999999999999999,0.47435897435897456,131.651852669,3.4705810546875,5,95.04561614990234
227.20000000000002,3.8270965718998955,-0.44478117171840914,0.10999999999999999,0.47435897435897456,97.879359385,3.4705810546875,5,95.04561614990234
227.20000000000002,3.8270965718998955,-0.44478117171840914,0.10999999999999999,0.47435897435897456,97.879359385,3.4705810546875,5,95.04561614990234
227.20000000000002,3.8270965718998955,-0.44478117171840914,0.10999999999999999,0.47435897435897456,97.879359385,3.4705810546875,5,95.04561614990234
227.20000000000002,3.826038346739208,-0.4412290221349059,0.10999999999999999,0.47435897435897456,97.879359385,3.4705810546875,5,95.04561614990234
227.20000000000002,3.826038346739208,-0.4412290221349059,0.10999999999999999,0.47435897435897456,72.729906578,3.4705810546875,5,95.04561614990234
227.20000000000002,3.826038346739208,-0.4412290221349059,0.10999999999999999,0.47435897435897456,72.729906578,3.4705810546875,5,95.04561614990234
227.20000000000002,3.826038346739208,-0.4412290221349059,0.10999999999999999,0.47435897435897456,72.729906578,3.4705810546875,5,95.04561614990234
227.20000000000002,3.8249239726880964,-0.4376904416580947,0.10999999999999999,0.47435897435897456,57.873297749,3.4705810546875,5,95.04561614990234
227.20000000000002,3.8249239726880964,-0.4376904416580947,0.10421052631578946,0.47435897435897456,57.873297749,3.4705810546875,5,95.04561614990234
227.3,3.8249239726880964,-0.4376904416580947,0.10421052631578946,0.47435897435897456,57.873297749,3.4705810546875,5,95.04561614990234
227.3,3.8249239726880964,-0.4376904416580947,0.10421052631578946,0.47435897435897456,57.873297749,3.4705810546875,5,95.04561614990234
227.3,3.823756456983496,-0.43417075079739764,0.10421052631578946,0.47435897435897456,48.090907655,3.4705810546875,5,95.04561614990234
227.3,3.823756456983496,-0.43417075079739764,0.10421052631578946,0.47435897435897456,48.090907655,3.4705810546875,5,95.04561614990234
227.3,3.823756456983496,-0.43417075079739764,0.10421052631578946,0.47435897435897456,48.090907655,3.4705810546875,5,95.04561614990234
227.3,3.822595950645017,-0.430857278562247,0.10421052631578946,0.47435897435897456,48.090907655,3.4705810546875,5,95.04561614990234
227.3,3.822595950645017,-0.430857278562247,0.10421052631578946,0.47435897435897456,41.539796071,3.4705810546875,5,95.04561614990234
227.3,3.822595950645017,-0.430857278562247,0.10421052631578946,0.47435897435897456,41.539796071,3.4705810546875,5,95.04561614990234
227.3,3.822595950645017,-0.430857278562247,0.10421052631578946,0.47435897435897456,41.539796071,3.4705810546875,5,95.04561614990234
227.3,3.822595950645017,-0.430857278562247,0.10421052631578946,0.47435897435897456,41.539796071,3.4705810546875,5,95.04561614990234
227.3,3.821380113473208,-0.4275612056752711,0.10421052631578946,0.47435897435897456,38.036910381,3.4705810546875,5,95.04561614990234
227.4,3.821380113473208,-0.4275612056752711,0.10421052631578946,0.47435897435897456,38.036910381,3.4705810546875,5,95.04561614990234
227.4,3.821380113473208,-0.4275612056752711,0.10421052631578946,0.47435897435897456,38.036910381,3.4705810546875,5,95.04561614990234
227.4,3.821380113473208,-0.4275612056752711,0.10421052631578946,0.47435897435897456,38.036910381,3.4705810546875,5,95.04561614990234
227.4,3.8228256606978364,-0.42021421386646163,0.10421052631578946,0.47435897435897456,36.011903073,3.4705810546875,5,95.04561614990234
227.4,3.8228256606978364,-0.42021421386646163,0.10421052631578946,0.47435897435897456,36.011903073,3.4705810546875,5,95.04561614990234
227.4,3.8228256606978364,-0.42021421386646163,0.10421052631578946,0.47435897435897456,36.011903073,3.4705810546875,5,95.04561614990234
227.4,3.8228256606978364,-0.42021421386646163,0.10421052631578946,0.47435897435897456,36.011903073,3.4705810546875,5,95.04561614990234
227.4,3.8252885536990546,-0.41118545201183176,0.10421052631578946,0.47435897435897456,36.011903073,3.4705810546875,5,95.04561614990234
227.4,3.8252885536990546,-0.41118545201183176,0.10421052631578946,0.47435897435897456,34.839521331,3.4705810546875,5,95.04561614990234
227.4,3.8252885536990546,-0.41118545201183176,0.09263157894736841,0.5000000000000002,34.839521331,3.4705810546875,5,95.04561614990234
227.4,3.8252885536990546,-0.41118545201183176,0.09263157894736841,0.5000000000000002,34.839521331,3.4705810546875,5,95.04561614990234
227.4,3.8252885536990546,-0.41118545201183176,0.09263157894736841,0.5000000000000002,34.839521331,3.4705810546875,5,95.04561614990234
227.4,3.8276266651533932,-0.4021706322302948,0.09263157894736841,0.5000000000000002,33.964030715,3.4705810546875,5,95.04561614990234
227.5,3.8276266651533932,-0.4021706322302948,0.09263157894736841,0.5000000000000002,33.964030715,3.4705810546875,5,95.04561614990234
227.5,3.8276266651533932,-0.4021706322302948,0.09263157894736841,0.5000000000000002,33.964030715,3.4705810546875,5,95.04561614990234
227.5,3.8299239435512433,-0.3933483015131872,0.09263157894736841,0.5000000000000002,33.335627854,3.4705810546875,5,95.0102767944336
227.5,3.8299239435512433,-0.3933483015131872,0.09263157894736841,0.5000000000000002,33.335627854,3.4705810546875,5,95.0102767944336
227.5,3.8299239435512433,-0.3933483015131872,0.09263157894736841,0.5000000000000002,33.335627854,3.4705810546875,5,95.0102767944336
227.5,3.8299239435512433,-0.3933483015131872,0.08684210526315789,0.47435897435897456,33.335627854,3.4705810546875,5,95.0102767944336
227.5,3.832190046430145,-0.3847198611313932,0.08684210526315789,0.47435897435897456,33.971974391,3.4705810546875,5,95.0102767944336
227.5,3.832190046430145,-0.3847198611313932,0.08684210526315789,0.47435897435897456,33.971974391,3.4705810546875,5,95.0102767944336
227.5,3.832190046430145,-0.3847198611313932,0.08684210526315789,0.47435897435897456,33.971974391,3.4705810546875,5,95.0102767944336
227.5,3.832190046430145,-0.3847198611313932,0.08684210526315789,0.47435897435897456,33.971974391,3.4705810546875,5,95.0102767944336
227.5,3.8344317566831974,-0.37628274946994256,0.08684210526315789,0.47435897435897456,34.858517834,3.4705810546875,5,95.0102767944336
227.60000000000002,3.8344317566831974,-0.37628274946994256,0.08684210526315789,0.47435897435897456,34.858517834,3.4705810546875,5,95.0102767944336
227.60000000000002,3.8344317566831974,-0.37628274946994256,0.08684210526315789,0.47435897435897456,34.858517834,3.4705810546875,5,95.0102767944336
227.60000000000002,3.8344317566831974,-0.37628274946994256,0.08684210526315789,0.47435897435897456,34.858517834,3.4705810546875,5,95.0102767944336
227.60000000000002,3.8344317566831974,-0.37628274946994256,0.08684210526315789,0.47435897435897456,34.858517834,3.4705810546875,5,95.0102767944336
227.60000000000002,3.8325338265640534,-0.37414729079156983,0.08684210526315789,0.47435897435897456,35.793765733,3.4705810546875,5,95.0102767944336
227.60000000000002,3.8325338265640534,-0.37414729079156983,0.08105263157894736,0.47435897435897456,35.793765733,3.4705810546875,5,95.0102767944336
227.60000000000002,3.8325338265640534,-0.37414729079156983,0.08105263157894736,0.47435897435897456,35.793765733,3.4705810546875,5,95.0102767944336
227.60000000000002,3.8325338265640534,-0.37414729079156983,0.08105263157894736,0.47435897435897456,35.793765733,3.4705810546875,5,95.0102767944336
227.60000000000002,3.8298841566672177,-0.37311958531389333,0.08105263157894736,0.47435897435897456,36.527096294,3.4705810546875,5,95.0102767944336
227.60000000000002,3.8298841566672177,-0.37311958531389333,0.08105263157894736,0.47435897435897456,36.527096294,3.4705810546875,5,95.0102767944336
227.60000000000002,3.8298841566672177,-0.37311958531389333,0.08105263157894736,0.47435897435897456,36.527096294,3.4705810546875,5,95.0102767944336
227.60000000000002,3.8298841566672177,-0.37311958531389333,0.08105263157894736,0.47435897435897456,36.527096294,3.4705810546875,5,95.0102767944336
227.60000000000002,3.8272818029360858,-0.37228952279842575,0.08105263157894736,0.47435897435897456,37.519025087,3.4705810546875,5,95.0102767944336
227.70000000000002,3.8272818029360858,-0.37228952279842575,0.08105263157894736,0.47435897435897456,37.519025087,3.4705810546875,5,95.0102767944336
227.70000000000002,3.8246291299671347,-0.3714853606472355,0.10999999999999999,0.5000000000000002,38.565833446,3.4705810546875,5,95.0102767944336
227.70000000000002,3.8246291299671347,-0.3714853606472355,0.10999999999999999,0.5000000000000002,38.565833446,3.4705810546875,5,95.0102767944336
227.70000000000002,3.8246291299671347,-0.3714853606472355,0.10999999999999999,0.5000000000000002,38.565833446,3.4705810546875,5,95.0102767944336
227.70000000000002,3.8246291299671347,-0.3714853606472355,0.10999999999999999,0.5000000000000002,38.565833446,3.4705810546875,5,95.0102767944336
227.70000000000002,3.8210817341448924,-0.369382539853761,0.10999999999999999,0.5000000000000002,38.565833446,3.4705810546875,5,95.0102767944336
227.70000000000002,3.8210817341448924,-0.369382539853761,0.10999999999999999,0.5000000000000002,37.470533976,3.4705810546875,5,95.0102767944336
227.70000000000002,3.8210817341448924,-0.369382539853761,0.10999999999999999,0.5000000000000002,37.470533976,3.4705810546875,5,95.0102767944336
227.70000000000002,3.8210817341448924,-0.369382539853761,0.10999999999999999,0.5000000000000002,37.470533976,3.4705810546875,5,95.0102767944336
227.70000000000002,3.8210817341448924,-0.369382539853761,0.10999999999999999,0.5000000000000002,37.470533976,3.4705810546875,5,95.0102767944336
227.70000000000002,3.8210817341448924,-0.369382539853761,0.10999999999999999,0.5000000000000002,37.470533976,3.4705810546875,5,95.0102767944336
227.70000000000002,3.8177854896126826,-0.367819839746467,0.10999999999999999,0.4487179487179489,37.232889623,3.4705810546875,5,95.0102767944336
227.8,3.8177854896126826,-0.367819839746467,0.10999999999999999,0.4487179487179489,37.232889623,3.4705810546875,5,95.0102767944336
227.8,3.8177854896126826,-0.367819839746467,0.10999999999999999,0.4487179487179489,37.232889623,3.4705810546875,5,95.0102767944336
227.8,3.8177854896126826,-0.367819839746467,0.10999999999999999,0.4487179487179489,37.232889623,3.4705810546875,5,95.0102767944336
227.8,3.815571443188205,-0.3649036370382663,0.10999999999999999,0.4487179487179489,36.740843904,3.4705810546875,5,95.0102767944336
227.8,3.815571443188205,-0.3649036370382663,0.10999999999999999,0.4487179487179489,36.740843904,3.4705810546875,5,95.0102767944336
227.8,3.815571443188205,-0.3649036370382663,0.10999999999999999,0.4487179487179489,35.905913933,3.3917126655578613,5,95.0102767944336
227.8,3.815571443188205,-0.3649036370382663,0.10999999999999999,0.4487179487179489,35.905913933,3.3917126655578613,5,95.0102767944336
227.8,3.813416897258328,-0.36188690599813345,0.10999999999999999,0.4487179487179489,35.905913933,3.3917126655578613,5,95.0102767944336
227.8,3.813416897258328,-0.36188690599813345,0.10999999999999999,0.4487179487179489,35.156732666,3.3917126655578613,5,95.0102767944336
227.8,3.813416897258328,-0.36188690599813345,0.09842105263157894,0.47435897435897456,35.156732666,3.3917126655578613,5,95.0102767944336
227.8,3.813416897258328,-0.36188690599813345,0.09842105263157894,0.47435897435897456,35.156732666,3.3917126655578613,5,95.0102767944336
227.8,3.8112158891609993,-0.3589002026737968,0.09842105263157894,0.47435897435897456,34.252828835,3.3917126655578613,5,95.0102767944336
227.9,3.8112158891609993,-0.3589002026737968,0.09842105263157894,0.47435897435897456,34.252828835,3.3917126655578613,5,95.0102767944336
227.9,3.8112158891609993,-0.3589002026737968,0.09842105263157894,0.47435897435897456,34.252828835,3.3917126655578613,5,95.0102767944336
227.9,3.8112158891609993,-0.3589002026737968,0.09842105263157894,0.47435897435897456,34.252828835,3.3917126655578613,5,95.0102767944336
227.9,3.809210345427763,-0.35626292408944477,0.09842105263157894,0.47435897435897456,33.811997894,3.3917126655578613,5,95.0102767944336
227.9,3.809210345427763,-0.35626292408944477,0.09842105263157894,0.47435897435897456,33.811997894,3.3917126655578613,5,95.0102767944336
227.9,3.809210345427763,-0.35626292408944477,0.09842105263157894,0.47435897435897456,33.811997894,3.3917126655578613,5,95.0102767944336
227.9,3.809210345427763,-0.35626292408944477,0.09842105263157894,0.47435897435897456,33.811997894,3.3917126655578613,5,95.0102767944336
227.9,3.809210345427763,-0.35626292408944477,0.09263157894736841,0.47435897435897456,33.811997894,3.3917126655578613,5,95.0102767944336
227.9,3.8071592808794037,-0.35366556599866333,0.09263157894736841,0.47435897435897456,33.379721881,3.3917126655578613,5,95.0102767944336
227.9,3.8071592808794037,-0.35366556599866333,0.09263157894736841,0.47435897435897456,33.379721881,3.3917126655578613,5,95.0102767944336
227.9,3.8071592808794037,-0.35366556599866333,0.09263157894736841,0.47435897435897456,33.379721881,3.3917126655578613,5,95.0102767944336
227.9,3.8071592808794037,-0.35366556599866333,0.09263157894736841,0.47435897435897456,33.379721881,3.3917126655578613,5,95.0102767944336
227.9,3.8051833518092204,-0.3512506242624048,0.09263157894736841,0.47435897435897456,33.379721881,3.3917126655578613,5,95.0102767944336
228.0,3.8051833518092204,-0.3512506242624048,0.09263157894736841,0.47435897435897456,32.969555128,3.3917126655578613,5,95.0102767944336
228.0,3.8051833518092204,-0.3512506242624048,0.09263157894736841,0.47435897435897456,32.969555128,3.3917126655578613,5,94.95462799072266
228.0,3.8051833518092204,-0.3512506242624048,0.09263157894736841,0.47435897435897456,32.969555128,3.3917126655578613,5,94.95462799072266
228.0,3.8051833518092204,-0.3512506242624048,0.09263157894736841,0.47435897435897456,32.969555128,3.3917126655578613,5,94.95462799072266
228.0,3.803170479004974,-0.3488636868598366,0.08684210526315789,0.47435897435897456,32.570390355,3.3917126655578613,5,94.95462799072266
228.0,3.803170479004974,-0.3488636868598366,0.08684210526315789,0.47435897435897456,32.570390355,3.3917126655578613,5,94.95462799072266
228.0,3.803170479004974,-0.3488636868598366,0.08684210526315789,0.47435897435897456,32.570390355,3.3917126655578613,5,94.95462799072266
228.0,3.803170479004974,-0.3488636868598366,0.08684210526315789,0.47435897435897456,32.570390355,3.3917126655578613,5,94.95462799072266
228.0,3.8011220390246336,-0.3465109687033124,0.08684210526315789,0.47435897435897456,33.830825129,3.3917126655578613,5,94.95462799072266
228.0,3.8011220390246336,-0.3465109687033124,0.08684210526315789,0.47435897435897456,33.830825129,3.3917126655578613,5,94.95462799072266
228.0,3.8011220390246336,-0.3465109687033124,0.08684210526315789,0.47435897435897456,33.830825129,3.3917126655578613,5,94.95462799072266
228.0,3.8011220390246336,-0.3465109687033124,0.08684210526315789,0.47435897435897456,33.830825129,3.3917126655578613,5,94.95462799072266
228.10000000000002,3.799164830881007,-0.34433825415385644,0.08684210526315789,0.47435897435897456,34.679189382,3.3917126655578613,5,94.95462799072266
228.10000000000002,3.799164830881007,-0.34433825415385644,0.08684210526315789,0.47435897435897456,34.679189382,3.3917126655578613,5,94.95462799072266
228.10000000000002,3.799164830881007,-0.34433825415385644,0.08105263157894736,0.5000000000000002,34.679189382,3.3917126655578613,5,94.95462799072266
228.10000000000002,3.799164830881007,-0.34433825415385644,0.08105263157894736,0.5000000000000002,34.679189382,3.3917126655578613,5,94.95462799072266
228.10000000000002,3.7971712092928045,-0.34219572014504784,0.08105263157894736,0.5000000000000002,34.679189382,3.3917126655578613,5,94.95462799072266
228.10000000000002,3.7971712092928045,-0.34219572014504784,0.08105263157894736,0.5000000000000002,35.573437533,3.3917126655578613,5,94.95462799072266
228.10000000000002,3.7971712092928045,-0.34219572014504784,0.08105263157894736,0.5000000000000002,35.573437533,3.3917126655578613,5,94.95462799072266
228.10000000000002,3.7971712092928045,-0.34219572014504784,0.08105263157894736,0.5000000000000002,35.573437533,3.3917126655578613,5,94.95462799072266
228.10000000000002,3.7971712092928045,-0.34219572014504784,0.08105263157894736,0.5000000000000002,35.573437533,3.3917126655578613,5,94.95462799072266
228.10000000000002,3.7971712092928045,-0.34219572014504784,0.08105263157894736,0.5000000000000002,35.573437533,3.3917126655578613,5,94.95462799072266
228.10000000000002,3.795281058125581,-0.34022741883368307,0.08105263157894736,0.5000000000000002,36.822550652,3.3917126655578613,5,94.95462799072266
228.10000000000002,3.795281058125581,-0.34022741883368307,0.08105263157894736,0.5000000000000002,36.822550652,3.3917126655578613,5,94.95462799072266
228.10000000000002,3.795281058125581,-0.34022741883368307,0.07526315789473684,0.47435897435897456,36.822550652,3.3917126655578613,5,94.95462799072266
228.10000000000002,3.795281058125581,-0.34022741883368307,0.07526315789473684,0.47435897435897456,36.822550652,3.3917126655578613,5,94.95462799072266
228.20000000000002,3.7933076617786687,-0.33835612208298577,0.07526315789473684,0.47435897435897456,38.108854823,3.3917126655578613,5,94.95462799072266
228.20000000000002,3.7933076617786687,-0.33835612208298577,0.07526315789473684,0.47435897435897456,38.108854823,3.3917126655578613,5,94.95462799072266
228.20000000000002,3.7933076617786687,-0.33835612208298577,0.07526315789473684,0.47435897435897456,38.108854823,3.3917126655578613,5,94.95462799072266
228.20000000000002,3.7933076617786687,-0.33835612208298577,0.07526315789473684,0.47435897435897456,38.108854823,3.3917126655578613,5,94.95462799072266
228.20000000000002,3.791199809035943,-0.336942321433949,0.07526315789473684,0.47435897435897456,39.204314436,3.3917126655578613,5,94.95462799072266
228.20000000000002,3.791199809035943,-0.336942321433949,0.07526315789473684,0.47435897435897456,39.204314436,3.3917126655578613,5,94.95462799072266
228.20000000000002,3.791199809035943,-0.336942321433949,0.07526315789473684,0.47435897435897456,39.204314436,3.3917126655578613,5,94.95462799072266
228.20000000000002,3.7890646858528694,-0.335552649948333,0.07526315789473684,0.47435897435897456,40.35910661,3.3917126655578613,5,94.95462799072266
228.20000000000002,3.7890646858528694,-0.335552649948333,0.10999999999999999,0.3974358974358976,40.35910661,3.3917126655578613,5,94.95462799072266
228.20000000000002,3.7890646858528694,-0.335552649948333,0.10999999999999999,0.3974358974358976,40.35910661,3.3917126655578613,5,94.95462799072266
228.3,3.7890646858528694,-0.335552649948333,0.10999999999999999,0.3974358974358976,40.35910661,3.3917126655578613,5,94.95462799072266
228.3,3.7869062515333294,-0.3341901056065365,0.10999999999999999,0.3974358974358976,41.303607338,3.3917126655578613,5,94.95462799072266
228.3,3.7869062515333294,-0.3341901056065365,0.10999999999999999,0.3974358974358976,41.303607338,3.3917126655578613,5,94.95462799072266
228.3,3.7869062515333294,-0.3341901056065365,0.10999999999999999,0.3974358974358976,41.303607338,3.3917126655578613,5,94.95462799072266
228.3,3.7869062515333294,-0.3341901056065365,0.10999999999999999,0.3974358974358976,41.303607338,3.3917126655578613,5,94.95462799072266
228.3,3.7833405245415235,-0.3316292577787704,0.10999999999999999,0.3974358974358976,39.076823958,3.3667125701904297,5,94.95462799072266
228.3,3.7833405245415235,-0.3316292577787704,0.10999999999999999,0.3974358974358976,39.076823958,3.3667125701904297,5,94.95462799072266
228.3,3.7833405245415235,-0.3316292577787704,0.10999999999999999,0.3974358974358976,39.076823958,3.3667125701904297,5,94.95462799072266
228.3,3.7833405245415235,-0.3316292577787704,0.10421052631578946,0.3717948717948719,39.076823958,3.3667125701904297,5,94.95462799072266
228.3,3.7802362650760144,-0.32955206348607996,0.10421052631578946,0.3717948717948719,38.200249133,3.3667125701904297,5,94.95462799072266
228.3,3.7802362650760144,-0.32955206348607996,0.10421052631578946,0.3717948717948719,38.200249133,3.3667125701904297,5,94.95462799072266
228.3,3.7802362650760144,-0.32955206348607996,0.10421052631578946,0.3717948717948719,38.200249133,3.3667125701904297,5,94.95462799072266
228.4,3.7802362650760144,-0.32955206348607996,0.10421052631578946,0.3717948717948719,38.200249133,3.3667125701904297,5,94.95462799072266
228.4,3.777273958453384,-0.3275992439494275,0.10421052631578946,0.3717948717948719,38.200249133,3.3667125701904297,5,94.95462799072266
228.4,3.777273958453384,-0.3275992439494275,0.10421052631578946,0.3717948717948719,37.385419533,3.3667125701904297,5,94.95462799072266
228.4,3.777273958453384,-0.3275992439494275,0.10421052631578946,0.3717948717948719,37.385419533,3.3667125701904297,5,94.95462799072266
228.4,3.777273958453384,-0.3275992439494275,0.10421052631578946,0.3717948717948719,37.385419533,3.3667125701904297,5,94.95462799072266
228.4,3.7745536291856556,-0.32536740135223124,0.10421052631578946,0.3717948717948719,36.618194044,3.3667125701904297,5,94.95462799072266
228.4,3.7745536291856556,-0.32536740135223124,0.09842105263157894,0.34615384615384626,36.618194044,3.3667125701904297,5,94.95462799072266
228.4,3.7745536291856556,-0.32536740135223124,0.09842105263157894,0.34615384615384626,36.618194044,3.3667125701904297,5,94.95462799072266
228.4,3.771807639613118,-0.3231724971055971,0.09842105263157894,0.34615384615384626,36.618194044,3.3667125701904297,5,94.95462799072266
228.4,3.771807639613118,-0.3231724971055971,0.09842105263157894,0.34615384615384626,35.638475218,3.3667125701904297,5,94.95462799072266
228.4,3.771807639613118,-0.3231724971055971,0.09842105263157894,0.34615384615384626,35.638475218,3.3667125701904297,5,94.95462799072266
228.4,3.771807639613118,-0.3231724971055971,0.09842105263157894,0.34615384615384626,35.638475218,3.3667125701904297,5,94.95462799072266
228.4,3.771807639613118,-0.3231724971055971,0.09842105263157894,0.34615384615384626,35.638475218,3.3667125701904297,5,94.95462799072266
228.50000000000003,3.769185225016443,-0.3211329285470946,0.09842105263157894,0.34615384615384626,34.930226853,3.3667125701904297,5,94.9110107421875
228.50000000000003,3.769185225016443,-0.3211329285470946,0.09842105263157894,0.34615384615384626,34.930226853,3.3667125701904297,5,94.9110107421875
228.50000000000003,3.769185225016443,-0.3211329285470946,0.09842105263157894,0.34615384615384626,34.930226853,3.3667125701904297,5,94.9110107421875
228.50000000000003,3.769185225016443,-0.3211329285470946,0.09263157894736841,0.29487179487179493,34.930226853,3.3667125701904297,5,94.9110107421875
228.50000000000003,3.769185225016443,-0.3211329285470946,0.09263157894736841,0.29487179487179493,34.930226853,3.3667125701904297,5,94.9110107421875
228.50000000000003,3.766536373668207,-0.3191210257771989,0.09263157894736841,0.29487179487179493,34.022439577,3.3667125701904297,5,94.9110107421875
228.50000000000003,3.766536373668207,-0.3191210257771989,0.09263157894736841,0.29487179487179493,34.022439577,3.3667125701904297,5,94.9110107421875
228.50000000000003,3.766536373668207,-0.3191210257771989,0.09263157894736841,0.29487179487179493,34.022439577,3.3667125701904297,5,94.9110107421875
228.50000000000003,3.766536373668207,-0.3191210257771989,0.09263157894736841,0.29487179487179493,34.022439577,3.3667125701904297,5,94.9110107421875
228.50000000000003,3.764022968208449,-0.31725394427174775,0.09263157894736841,0.29487179487179493,33.372294693,3.3667125701904297,5,94.9110107421875
228.50000000000003,3.764022968208449,-0.31725394427174775,0.09263157894736841,0.29487179487179493,33.372294693,3.3667125701904297,5,94.9110107421875
228.50000000000003,3.764022968208449,-0.31725394427174775,0.09263157894736841,0.29487179487179493,33.372294693,3.3667125701904297,5,94.9110107421875
228.60000000000002,3.764022968208449,-0.31725394427174775,0.09263157894736841,0.29487179487179493,33.372294693,3.3667125701904297,5,94.9110107421875
228.60000000000002,3.761488649595666,-0.31541136843562495,0.08684210526315789,0.3205128205128206,32.732037064,3.3667125701904297,5,94.9110107421875
228.60000000000002,3.761488649595666,-0.31541136843562495,0.08684210526315789,0.3205128205128206,32.732037064,3.3667125701904297,5,94.9110107421875
228.60000000000002,3.761488649595666,-0.31541136843562495,0.08684210526315789,0.3205128205128206,32.732037064,3.3667125701904297,5,94.9110107421875
228.60000000000002,3.761488649595666,-0.31541136843562495,0.08684210526315789,0.3205128205128206,32.732037064,3.3667125701904297,5,94.9110107421875
228.60000000000002,3.7590966010414393,-0.3137075056178523,0.08684210526315789,0.3205128205128206,34.268330821,3.3667125701904297,5,94.9110107421875
228.60000000000002,3.7590966010414393,-0.3137075056178523,0.08684210526315789,0.3205128205128206,34.268330821,3.3667125701904297,5,94.9110107421875
228.60000000000002,3.7590966010414393,-0.3137075056178523,0.08684210526315789,0.3205128205128206,34.268330821,3.3667125701904297,5,94.9110107421875
228.60000000000002,3.7590966010414393,-0.3137075056178523,0.08684210526315789,0.3205128205128206,34.268330821,3.3667125701904297,5,94.9110107421875
228.60000000000002,3.756688314524126,-0.3120313426448588,0.08684210526315789,0.3205128205128206,34.647589566,3.3150479793548584,5,94.9110107421875
228.60000000000002,3.756688314524126,-0.3120313426448588,0.08684210526315789,0.3205128205128206,34.647589566,3.3150479793548584,5,94.9110107421875
228.60000000000002,3.756688314524126,-0.3120313426448588,0.08105263157894736,0.29487179487179493,34.647589566,3.3150479793548584,5,94.9110107421875
228.70000000000002,3.756688314524126,-0.3120313426448588,0.08105263157894736,0.29487179487179493,34.647589566,3.3150479793548584,5,94.9110107421875
228.70000000000002,3.754260671939042,-0.3103824929965298,0.08105263157894736,0.29487179487179493,35.342408713,3.3150479793548584,5,94.9110107421875
228.70000000000002,3.754260671939042,-0.3103824929965298,0.08105263157894736,0.29487179487179493,35.342408713,3.3150479793548584,5,94.9110107421875
228.70000000000002,3.754260671939042,-0.3103824929965298,0.08105263157894736,0.29487179487179493,35.342408713,3.3150479793548584,5,94.9110107421875
228.70000000000002,3.7519779819693744,-0.3088674704334443,0.08105263157894736,0.29487179487179493,36.309099634,3.3150479793548584,5,94.9110107421875
228.70000000000002,3.7519779819693744,-0.3088674704334443,0.08105263157894736,0.29487179487179493,36.309099634,3.3150479793548584,5,94.9110107421875
228.70000000000002,3.7519779819693744,-0.3088674704334443,0.08105263157894736,0.29487179487179493,36.309099634,3.3150479793548584,5,94.9110107421875
228.70000000000002,3.7519779819693744,-0.3088674704334443,0.08105263157894736,0.29487179487179493,36.309099634,3.3150479793548584,5,94.9110107421875
228.70000000000002,3.7519779819693744,-0.3088674704334443,0.08105263157894736,0.29487179487179493,36.309099634,3.3150479793548584,5,94.9110107421875
228.70000000000002,3.7496808786806133,-0.3073743634596224,0.10999999999999999,0.3717948717948719,37.313452266,3.3150479793548584,5,94.9110107421875
228.70000000000002,3.7496808786806133,-0.3073743634596224,0.10999999999999999,0.3717948717948719,37.313452266,3.3150479793548584,5,94.9110107421875
228.8,3.7496808786806133,-0.3073743634596224,0.10999999999999999,0.3717948717948719,37.313452266,3.3150479793548584,5,94.9110107421875
228.8,3.7479865788223643,-0.3044176248304406,0.10999999999999999,0.3717948717948719,37.313452266,3.3150479793548584,5,94.9110107421875
228.8,3.7479865788223643,-0.3044176248304406,0.10999999999999999,0.3717948717948719,38.124633856,3.3150479793548584,5,94.9110107421875
228.8,3.7479865788223643,-0.3044176248304406,0.10999999999999999,0.3717948717948719,38.124633856,3.3150479793548584,5,94.9110107421875
228.8,3.7479865788223643,-0.3044176248304406,0.10999999999999999,0.3717948717948719,38.124633856,3.3150479793548584,5,94.9110107421875
228.8,3.7479865788223643,-0.3044176248304406,0.10999999999999999,0.3717948717948719,38.124633856,3.3150479793548584,5,94.9110107421875
228.8,3.745498172479575,-0.2983472630005663,0.10999999999999999,0.3717948717948719,36.306902732,3.3150479793548584,5,94.9110107421875
228.8,3.745498172479575,-0.2983472630005663,0.10999999999999999,0.3717948717948719,36.306902732,3.3150479793548584,5,94.9110107421875
228.8,3.745498172479575,-0.2983472630005663,0.10421052631578946,0.3717948717948719,36.306902732,3.3150479793548584,5,94.9110107421875
228.8,3.745498172479575,-0.2983472630005663,0.10421052631578946,0.3717948717948719,36.306902732,3.3150479793548584,5,94.9110107421875
228.8,3.743771656989294,-0.29283383844972954,0.10421052631578946,0.3717948717948719,36.306902732,3.3150479793548584,5,94.9110107421875
228.8,3.743771656989294,-0.29283383844972954,0.10421052631578946,0.3717948717948719,35.528910932,3.3150479793548584,5,94.9110107421875
228.9,3.743771656989294,-0.29283383844972954,0.10421052631578946,0.3717948717948719,35.528910932,3.3150479793548584,5,94.9110107421875
228.9,3.743771656989294,-0.29283383844972954,0.10421052631578946,0.3717948717948719,35.528910932,3.3150479793548584,5,94.9110107421875
228.9,3.742190684289928,-0.28748358269287955,0.10421052631578946,0.3717948717948719,35.528910932,3.3150479793548584,5,94.9110107421875
228.9,3.742190684289928,-0.28748358269287955,0.10421052631578946,0.3717948717948719,35.067749677,3.3150479793548584,5,94.9110107421875
228.9,3.742190684289928,-0.28748358269287955,0.10421052631578946,0.3717948717948719,35.067749677,3.3150479793548584,5,94.9110107421875
228.9,3.742190684289928,-0.28748358269287955,0.10421052631578946,0.3717948717948719,35.067749677,3.3150479793548584,5,94.9110107421875
228.9,3.742190684289928,-0.28748358269287955,0.09842105263157894,0.34615384615384626,35.067749677,3.3150479793548584,5,94.9110107421875
228.9,3.740576863959193,-0.28217236204285046,0.09842105263157894,0.34615384615384626,34.392880025,3.3150479793548584,5,94.9110107421875
228.9,3.740576863959193,-0.28217236204285046,0.09842105263157894,0.34615384615384626,34.392880025,3.3150479793548584,5,94.9110107421875
228.9,3.740576863959193,-0.28217236204285046,0.09842105263157894,0.34615384615384626,34.392880025,3.3150479793548584,5,94.9110107421875
228.9,3.740576863959193,-0.28217236204285046,0.09842105263157894,0.34615384615384626,34.392880025,3.3150479793548584,5,94.9110107421875
228.9,3.7391096575071625,-0.2770000525757733,0.09842105263157894,0.34615384615384626,33.950322247,3.3150479793548584,5,94.9110107421875
229.00000000000003,3.7391096575071625,-0.2770000525757733,0.09842105263157894,0.34615384615384626,33.950322247,3.3150479793548584,5,94.9110107421875
229.00000000000003,3.7391096575071625,-0.2770000525757733,0.09842105263157894,0.34615384615384626,33.950322247,3.3150479793548584,5,94.9110107421875
229.00000000000003,3.7391096575071625,-0.2770000525757733,0.09842105263157894,0.34615384615384626,33.950322247,3.3150479793548584,5,94.85443878173828
229.00000000000003,3.7368019705041813,-0.27388130051354986,0.09842105263157894,0.34615384615384626,33.520090051,3.3150479793548584,5,94.85443878173828
229.00000000000003,3.7368019705041813,-0.27388130051354986,0.09842105263157894,0.34615384615384626,33.520090051,3.3150479793548584,5,94.85443878173828
229.00000000000003,3.7368019705041813,-0.27388130051354986,0.09842105263157894,0.217948717948718,33.520090051,3.3150479793548584,5,94.85443878173828
229.00000000000003,3.7368019705041813,-0.27388130051354986,0.09842105263157894,0.217948717948718,33.520090051,3.3150479793548584,5,94.85443878173828
229.00000000000003,3.7368019705041813,-0.27388130051354986,0.09842105263157894,0.217948717948718,33.520090051,3.3150479793548584,5,94.85443878173828
229.00000000000003,3.7368019705041813,-0.27388130051354986,0.09842105263157894,0.217948717948718,33.520090051,3.3150479793548584,5,94.85443878173828
229.00000000000003,3.7368019705041813,-0.27388130051354986,0.09842105263157894,0.217948717948718,33.520090051,3.3150479793548584,5,94.85443878173828
229.00000000000003,3.7338325359333435,-0.2723825708212654,0.09842105263157894,0.217948717948718,32.885854022,3.3150479793548584,5,94.85443878173828
229.00000000000003,3.7338325359333435,-0.2723825708212654,0.09842105263157894,0.217948717948718,32.885854022,3.3150479793548584,5,94.85443878173828
229.00000000000003,3.7304698487894,-0.2707298503797788,0.09842105263157894,0.217948717948718,31.867715824,3.3150479793548584,5,94.85443878173828
229.00000000000003,3.7304698487894,-0.2707298503797788,0.09842105263157894,0.217948717948718,31.867715824,3.3150479793548584,5,94.85443878173828
229.00000000000003,3.7304698487894,-0.2707298503797788,0.09263157894736841,0.19230769230769237,31.867715824,3.3150479793548584,5,94.85443878173828
229.10000000000002,3.7304698487894,-0.2707298503797788,0.09263157894736841,0.19230769230769237,31.867715824,3.3150479793548584,5,94.85443878173828
229.10000000000002,3.727463588641434,-0.26928448998862475,0.09263157894736841,0.19230769230769237,31.867715824,3.3150479793548584,5,94.85443878173828
229.10000000000002,3.727463588641434,-0.26928448998862475,0.09263157894736841,0.19230769230769237,31.278461586,3.3150479793548584,5,94.85443878173828
229.10000000000002,3.727463588641434,-0.26928448998862475,0.09263157894736841,0.19230769230769237,31.278461586,3.3150479793548584,5,94.85443878173828
229.10000000000002,3.727463588641434,-0.26928448998862475,0.09263157894736841,0.19230769230769237,31.278461586,3.3150479793548584,5,94.85443878173828
229.10000000000002,3.727463588641434,-0.26928448998862475,0.09263157894736841,0.19230769230769237,31.278461586,3.3150479793548584,5,94.85443878173828
229.10000000000002,3.724623895454238,-0.2679407134406848,0.09263157894736841,0.19230769230769237,31.278461586,3.3150479793548584,5,94.85443878173828
229.10000000000002,3.724623895454238,-0.2679407134406848,0.09263157894736841,0.19230769230769237,32.79929173,3.3150479793548584,5,94.85443878173828
229.10000000000002,3.724623895454238,-0.2679407134406848,0.09263157894736841,0.19230769230769237,32.79929173,3.3150479793548584,5,94.85443878173828
229.10000000000002,3.724623895454238,-0.2679407134406848,0.08684210526315789,0.16666666666666674,32.79929173,3.3150479793548584,5,94.85443878173828
229.10000000000002,3.724623895454238,-0.2679407134406848,0.08684210526315789,0.16666666666666674,32.79929173,3.3150479793548584,5,94.85443878173828
229.10000000000002,3.7217776794633544,-0.2666149721824659,0.08684210526315789,0.16666666666666674,33.447731365,3.3150479793548584,5,94.85443878173828
229.20000000000002,3.7217776794633544,-0.2666149721824659,0.08684210526315789,0.16666666666666674,33.447731365,3.3150479793548584,5,94.85443878173828
229.20000000000002,3.7217776794633544,-0.2666149721824659,0.08684210526315789,0.16666666666666674,33.447731365,3.3150479793548584,5,94.85443878173828
229.20000000000002,3.7191014260332507,-0.26538977020499777,0.08684210526315789,0.16666666666666674,33.447731365,3.3150479793548584,5,94.85443878173828
229.20000000000002,3.7191014260332507,-0.26538977020499777,0.08684210526315789,0.16666666666666674,34.082756337,3.3150479793548584,5,94.85443878173828
229.20000000000002,3.7191014260332507,-0.26538977020499777,0.08684210526315789,0.16666666666666674,34.082756337,3.3150479793548584,5,94.85443878173828
229.20000000000002,3.7191014260332507,-0.26538977020499777,0.08684210526315789,0.16666666666666674,34.082756337,3.3150479793548584,5,94.85443878173828
229.20000000000002,3.71641637522828,-0.26417934846408747,0.08684210526315789,0.16666666666666674,34.726251463,3.3150479793548584,5,94.85443878173828
229.20000000000002,3.71641637522828,-0.26417934846408747,0.08105263157894736,0.16666666666666674,34.726251463,3.3150479793548584,5,94.85443878173828
229.20000000000002,3.71641637522828,-0.26417934846408747,0.08105263157894736,0.16666666666666674,34.726251463,3.3150479793548584,5,94.85443878173828
229.20000000000002,3.7137263190871277,-0.26298340335814674,0.08105263157894736,0.16666666666666674,34.664345315,3.2667124271392822,5,94.85443878173828
229.3,3.7137263190871277,-0.26298340335814674,0.08105263157894736,0.16666666666666674,34.664345315,3.2667124271392822,5,94.85443878173828
229.3,3.7137263190871277,-0.26298340335814674,0.08105263157894736,0.16666666666666674,34.664345315,3.2667124271392822,5,94.85443878173828
229.3,3.7137263190871277,-0.26298340335814674,0.08105263157894736,0.16666666666666674,34.664345315,3.2667124271392822,5,94.85443878173828
229.3,3.711211462758851,-0.2618821528455345,0.08105263157894736,0.16666666666666674,35.350421657,3.2667124271392822,5,94.85443878173828
229.3,3.711211462758851,-0.2618821528455345,0.08105263157894736,0.16666666666666674,35.350421657,3.2667124271392822,5,94.85443878173828
229.3,3.711211462758851,-0.2618821528455345,0.08105263157894736,0.16666666666666674,35.350421657,3.2667124271392822,5,94.85443878173828
229.3,3.711211462758851,-0.2618821528455345,0.08105263157894736,0.16666666666666674,35.350421657,3.2667124271392822,5,94.85443878173828
229.3,3.7086906835573727,-0.2607966724064391,0.10999999999999999,0.1410256410256411,36.087704987,3.2667124271392822,5,94.85443878173828
229.3,3.7086906835573727,-0.2607966724064391,0.10999999999999999,0.1410256410256411,36.087704987,3.2667124271392822,5,94.85443878173828
229.3,3.7086906835573727,-0.2607966724064391,0.10999999999999999,0.1410256410256411,36.087704987,3.2667124271392822,5,94.85443878173828
229.3,3.706164005440825,-0.25972494856471484,0.10999999999999999,0.1410256410256411,37.423609149,3.2667124271392822,5,94.85443878173828
229.4,3.706164005440825,-0.25972494856471484,0.10999999999999999,0.1410256410256411,37.423609149,3.2667124271392822,5,94.85443878173828
229.4,3.706164005440825,-0.25972494856471484,0.10999999999999999,0.1410256410256411,37.423609149,3.2667124271392822,5,94.85443878173828
229.4,3.706164005440825,-0.25972494856471484,0.10999999999999999,0.1410256410256411,37.423609149,3.2667124271392822,5,94.85443878173828
229.4,3.706164005440825,-0.25972494856471484,0.10999999999999999,0.1410256410256411,37.423609149,3.2667124271392822,5,94.85443878173828
229.4,3.7029888597472085,-0.25693136016226215,0.10421052631578946,0.1410256410256411,36.12307402,3.2667124271392822,5,94.85443878173828
229.4,3.7029888597472085,-0.25693136016226215,0.10421052631578946,0.1410256410256411,36.12307402,3.2667124271392822,5,94.85443878173828
229.4,3.7029888597472085,-0.25693136016226215,0.10421052631578946,0.1410256410256411,36.12307402,3.2667124271392822,5,94.85443878173828
229.4,3.7029888597472085,-0.25693136016226215,0.10421052631578946,0.1410256410256411,36.12307402,3.2667124271392822,5,94.85443878173828
229.4,3.7029888597472085,-0.25693136016226215,0.10421052631578946,0.1410256410256411,36.12307402,3.2667124271392822,5,94.85443878173828
229.4,3.7029888597472085,-0.25693136016226215,0.10421052631578946,0.1410256410256411,36.12307402,3.2667124271392822,5,94.85443878173828
229.4,3.700624960961688,-0.25398936089657675,0.10421052631578946,0.1410256410256411,35.403556093,3.2667124271392822,5,94.85443878173828
229.4,3.700624960961688,-0.25398936089657675,0.10421052631578946,0.1410256410256411,35.403556093,3.2667124271392822,5,94.85443878173828
229.4,3.700624960961688,-0.25398936089657675,0.10421052631578946,0.1410256410256411,35.403556093,3.2667124271392822,5,94.85443878173828
229.50000000000003,3.6984162344580307,-0.2511484521200844,0.10421052631578946,0.1410256410256411,34.931285322,3.2667124271392822,5,94.85443878173828
229.50000000000003,3.6984162344580307,-0.2511484521200844,0.10421052631578946,0.11538461538461547,34.931285322,3.2667124271392822,5,94.85443878173828
229.50000000000003,3.6984162344580307,-0.2511484521200844,0.10421052631578946,0.11538461538461547,34.931285322,3.2667124271392822,5,94.80622100830078
229.50000000000003,3.6984162344580307,-0.2511484521200844,0.10421052631578946,0.11538461538461547,34.76507528,3.251168727874756,5,94.80622100830078
229.50000000000003,3.6984162344580307,-0.2511484521200844,0.10421052631578946,0.11538461538461547,34.76507528,3.251168727874756,5,94.80622100830078
229.50000000000003,3.696186292219256,-0.248331844736148,0.10421052631578946,0.11538461538461547,34.76507528,3.251168727874756,5,94.80622100830078
229.50000000000003,3.696186292219256,-0.248331844736148,0.10421052631578946,0.11538461538461547,34.070944879,3.251168727874756,5,94.80622100830078
229.50000000000003,3.696186292219256,-0.248331844736148,0.10421052631578946,0.11538461538461547,34.070944879,3.251168727874756,5,94.80622100830078
229.50000000000003,3.696186292219256,-0.248331844736148,0.10421052631578946,0.11538461538461547,34.070944879,3.251168727874756,5,94.80622100830078
229.50000000000003,3.696186292219256,-0.248331844736148,0.10421052631578946,0.11538461538461547,34.070944879,3.251168727874756,5,94.80622100830078
229.50000000000003,3.693934738072879,-0.2455421209590561,0.10421052631578946,0.11538461538461547,33.41479867,3.251168727874756,5,94.80622100830078
229.50000000000003,3.693934738072879,-0.2455421209590561,0.09842105263157894,0.08974358974358984,33.41479867,3.251168727874756,5,94.80622100830078
229.50000000000003,3.693934738072879,-0.2455421209590561,0.09842105263157894,0.08974358974358984,33.41479867,3.251168727874756,5,94.80622100830078
229.50000000000003,3.6916592691883716,-0.24277709582519696,0.09842105263157894,0.08974358974358984,33.41479867,3.251168727874756,5,94.80622100830078
229.60000000000002,3.6916592691883716,-0.24277709582519696,0.09842105263157894,0.08974358974358984,32.765660005,3.251168727874756,5,94.80622100830078
229.60000000000002,3.6916592691883716,-0.24277709582519696,0.09842105263157894,0.08974358974358984,32.765660005,3.251168727874756,5,94.80622100830078
229.60000000000002,3.6916592691883716,-0.24277709582519696,0.09842105263157894,0.08974358974358984,32.765660005,3.251168727874756,5,94.80622100830078
229.60000000000002,3.6887660786208487,-0.24126145662829435,0.09842105263157894,0.08974358974358984,32.148651132,3.251168727874756,5,94.80622100830078
229.60000000000002,3.6887660786208487,-0.24126145662829435,0.09842105263157894,0.08974358974358984,32.148651132,3.251168727874756,5,94.80622100830078
229.60000000000002,3.6887660786208487,-0.24126145662829435,0.09842105263157894,0.08974358974358984,32.148651132,3.251168727874756,5,94.80622100830078
229.60000000000002,3.6856267012747477,-0.24011272220679153,0.09842105263157894,0.08974358974358984,32.148651132,3.251168727874756,5,94.80622100830078
229.60000000000002,3.6856267012747477,-0.24011272220679153,0.09263157894736841,0.08974358974358984,31.539439441,3.251168727874756,5,94.80622100830078
229.60000000000002,3.6856267012747477,-0.24011272220679153,0.09263157894736841,0.08974358974358984,31.539439441,3.251168727874756,5,94.80622100830078
229.60000000000002,3.6856267012747477,-0.24011272220679153,0.09263157894736841,0.08974358974358984,31.539439441,3.251168727874756,5,94.80622100830078
229.60000000000002,3.682483619556192,-0.2389732233743046,0.09263157894736841,0.08974358974358984,31.539439441,3.251168727874756,5,94.80622100830078
229.70000000000002,3.682483619556192,-0.2389732233743046,0.09263157894736841,0.08974358974358984,30.952424634,3.251168727874756,5,94.80622100830078
229.70000000000002,3.682483619556192,-0.2389732233743046,0.09263157894736841,0.08974358974358984,30.952424634,3.251168727874756,5,94.80622100830078
229.70000000000002,3.682483619556192,-0.2389732233743046,0.09263157894736841,0.08974358974358984,30.952424634,3.251168727874756,5,94.80622100830078
229.70000000000002,3.682483619556192,-0.2389732233743046,0.09263157894736841,0.08974358974358984,30.952424634,3.251168727874756,5,94.80622100830078
229.70000000000002,3.679521523780789,-0.23790982209542189,0.09263157894736841,0.08974358974358984,32.094498369,3.251168727874756,5,94.80622100830078
229.70000000000002,3.679521523780789,-0.23790982209542189,0.09263157894736841,0.08974358974358984,32.094498369,3.251168727874756,5,94.80622100830078
229.70000000000002,3.679521523780789,-0.23790982209542189,0.08684210526315789,0.08974358974358984,32.094498369,3.251168727874756,5,94.80622100830078
229.70000000000002,3.6765563221380875,-0.23685563918877572,0.08684210526315789,0.08974358974358984,32.094498369,3.251168727874756,5,94.80622100830078
229.70000000000002,3.6765563221380875,-0.23685563918877572,0.08684210526315789,0.08974358974358984,32.688190604,3.251168727874756,5,94.80622100830078
229.70000000000002,3.6765563221380875,-0.23685563918877572,0.08684210526315789,0.08974358974358984,32.688190604,3.251168727874756,5,94.80622100830078
229.8,3.673773640813679,-0.2358756228399832,0.08684210526315789,0.08974358974358984,32.688190604,3.251168727874756,5,94.80622100830078
229.8,3.673773640813679,-0.2358756228399832,0.08684210526315789,0.08974358974358984,33.317018608,3.251168727874756,5,94.80622100830078
229.8,3.673773640813679,-0.2358756228399832,0.08684210526315789,0.08974358974358984,33.317018608,3.251168727874756,5,94.80622100830078
229.8,3.673773640813679,-0.2358756228399832,0.08684210526315789,0.08974358974358984,33.317018608,3.251168727874756,5,94.80622100830078
229.8,3.6709893309274864,-0.23490479183558388,0.08684210526315789,0.08974358974358984,33.614043104,3.216712236404419,5,94.80622100830078
229.8,3.6709893309274864,-0.23490479183558388,0.08684210526315789,0.08974358974358984,33.614043104,3.216712236404419,5,94.80622100830078
229.8,3.6709893309274864,-0.23490479183558388,0.08684210526315789,0.08974358974358984,33.614043104,3.216712236404419,5,94.80622100830078
229.8,3.6709893309274864,-0.23490479183558388,0.08105263157894736,0.06410256410256421,33.614043104,3.216712236404419,5,94.80622100830078
229.8,3.6682028436619074,-0.23394273359241324,0.08105263157894736,0.06410256410256421,34.295429699,3.216712236404419,5,94.80622100830078
229.8,3.6682028436619074,-0.23394273359241324,0.08105263157894736,0.06410256410256421,34.295429699,3.216712236404419,5,94.80622100830078
229.8,3.6682028436619074,-0.23394273359241324,0.08105263157894736,0.06410256410256421,34.295429699,3.216712236404419,5,94.80622100830078
229.8,3.6682028436619074,-0.23394273359241324,0.08105263157894736,0.06410256410256421,34.295429699,3.216712236404419,5,94.80622100830078
229.8,3.6682028436619074,-0.23394273359241324,0.08105263157894736,0.06410256410256421,34.295429699,3.216712236404419,5,94.80622100830078
229.9,3.66559990760806,-0.2330526810154615,0.08105263157894736,0.06410256410256421,35.254564035,3.216712236404419,5,94.80622100830078
229.9,3.66559990760806,-0.2330526810154615,0.08105263157894736,0.06410256410256421,35.254564035,3.216712236404419,5,94.80622100830078
229.9,3.66559990760806,-0.2330526810154615,0.08105263157894736,0.06410256410256421,35.254564035,3.216712236404419,5,94.80622100830078
229.9,3.66559990760806,-0.2330526810154615,0.10999999999999999,0.038461538461538575,35.254564035,3.216712236404419,5,94.80622100830078
229.9,3.662994692575758,-0.23216799417873601,0.10999999999999999,0.038461538461538575,35.997072869,3.216712236404419,5,94.80622100830078
229.9,3.662994692575758,-0.23216799417873601,0.10999999999999999,0.038461538461538575,35.997072869,3.216712236404419,5,94.80622100830078
229.9,3.662994692575758,-0.23216799417873601,0.10999999999999999,0.038461538461538575,35.997072869,3.216712236404419,5,94.80622100830078
229.9,3.662994692575758,-0.23216799417873601,0.10999999999999999,0.038461538461538575,35.997072869,3.216712236404419,5,94.80622100830078
229.9,3.658528987222238,-0.23066187437338925,0.10999999999999999,0.038461538461538575,34.27565782,3.216712236404419,5,94.80622100830078
229.9,3.658528987222238,-0.23066187437338925,0.10999999999999999,0.038461538461538575,34.27565782,3.216712236404419,5,94.80622100830078
229.9,3.658528987222238,-0.23066187437338925,0.10999999999999999,0.038461538461538575,34.27565782,3.216712236404419,5,94.80622100830078
230.00000000000003,3.658528987222238,-0.23066187437338925,0.10999999999999999,0.038461538461538575,34.27565782,3.216712236404419,5,94.80622100830078
230.00000000000003,3.654975195295587,-0.2294782442593245,0.10999999999999999,0.038461538461538575,33.814639576,3.216712236404419,5,94.76138305664062
230.00000000000003,3.654975195295587,-0.2294782442593245,0.10421052631578946,0.16666666666666674,33.814639576,3.216712236404419,5,94.76138305664062
230.00000000000003,3.654975195295587,-0.2294782442593245,0.10421052631578946,0.16666666666666674,33.814639576,3.216712236404419,5,94.76138305664062
230.00000000000003,3.654975195295587,-0.2294782442593245,0.10421052631578946,0.16666666666666674,33.814639576,3.216712236404419,5,94.76138305664062
230.00000000000003,3.6514285817189864,-0.2283063292917097,0.10421052631578946,0.16666666666666674,33.163412751,3.216712236404419,5,94.76138305664062
230.00000000000003,3.6514285817189864,-0.2283063292917097,0.10421052631578946,0.16666666666666674,33.163412751,3.216712236404419,5,94.76138305664062
230.00000000000003,3.6514285817189864,-0.2283063292917097,0.10421052631578946,0.16666666666666674,33.163412751,3.216712236404419,5,94.76138305664062
230.00000000000003,3.6480537625270006,-0.227194480657955,0.10421052631578946,0.16666666666666674,33.163412751,3.216712236404419,5,94.76138305664062
230.00000000000003,3.6480537625270006,-0.227194480657955,0.10421052631578946,0.16666666666666674,32.72645701,3.216712236404419,5,94.76138305664062
230.00000000000003,3.6480537625270006,-0.227194480657955,0.10421052631578946,0.16666666666666674,32.72645701,3.216712236404419,5,94.76138305664062
230.00000000000003,3.6480537625270006,-0.227194480657955,0.10421052631578946,0.16666666666666674,32.72645701,3.216712236404419,5,94.76138305664062
230.10000000000002,3.644698922921809,-0.2261112620852137,0.10421052631578946,0.19230769230769237,32.72645701,3.216712236404419,5,94.76138305664062
230.10000000000002,3.644698922921809,-0.2261112620852137,0.10421052631578946,0.19230769230769237,32.113635424,3.216712236404419,5,94.76138305664062
230.10000000000002,3.644698922921809,-0.2261112620852137,0.10421052631578946,0.19230769230769237,32.113635424,3.216712236404419,5,94.76138305664062
230.10000000000002,3.644698922921809,-0.2261112620852137,0.10421052631578946,0.19230769230769237,32.113635424,3.216712236404419,5,94.76138305664062
230.10000000000002,3.6413315054767974,-0.22505507451562767,0.10421052631578946,0.19230769230769237,31.864053194,3.1917126178741455,5,94.76138305664062
230.10000000000002,3.6413315054767974,-0.22505507451562767,0.10421052631578946,0.19230769230769237,31.268900481,3.1917126178741455,5,94.76138305664062
230.10000000000002,3.6413315054767974,-0.22505507451562767,0.10421052631578946,0.19230769230769237,31.268900481,3.1917126178741455,5,94.76138305664062
230.10000000000002,3.6413315054767974,-0.22505507451562767,0.10421052631578946,0.19230769230769237,31.268900481,3.1917126178741455,5,94.76138305664062
230.10000000000002,3.6413315054767974,-0.22505507451562767,0.10421052631578946,0.19230769230769237,31.268900481,3.1917126178741455,5,94.76138305664062
230.10000000000002,3.6379532545024995,-0.22401707124788883,0.10421052631578946,0.19230769230769237,30.694315558,3.1917126178741455,5,94.76138305664062
230.10000000000002,3.6379532545024995,-0.22401707124788883,0.10421052631578946,0.19230769230769237,30.694315558,3.1917126178741455,5,94.76138305664062
230.20000000000002,3.6379532545024995,-0.22401707124788883,0.08684210526315789,0.16666666666666674,30.694315558,3.1917126178741455,5,94.76138305664062
230.20000000000002,3.634571013861967,-0.22299875060319285,0.08684210526315789,0.16666666666666674,29.962071443,3.1917126178741455,5,94.76138305664062
230.20000000000002,3.634571013861967,-0.22299875060319285,0.08684210526315789,0.16666666666666674,29.962071443,3.1917126178741455,5,94.76138305664062
230.20000000000002,3.634571013861967,-0.22299875060319285,0.08684210526315789,0.16666666666666674,29.962071443,3.1917126178741455,5,94.76138305664062
230.20000000000002,3.634571013861967,-0.22299875060319285,0.08684210526315789,0.16666666666666674,29.962071443,3.1917126178741455,5,94.76138305664062
230.20000000000002,3.630828194232903,-0.22141041912192078,0.08684210526315789,0.16666666666666674,29.768836646,3.1917126178741455,5,94.76138305664062
230.20000000000002,3.630828194232903,-0.22141041912192078,0.08684210526315789,0.16666666666666674,29.768836646,3.1917126178741455,5,94.76138305664062
230.20000000000002,3.630828194232903,-0.22141041912192078,0.08684210526315789,0.16666666666666674,29.768836646,3.1917126178741455,5,94.76138305664062
230.20000000000002,3.630828194232903,-0.22141041912192078,0.08684210526315789,0.16666666666666674,29.768836646,3.1917126178741455,5,94.76138305664062
230.20000000000002,3.6270368639644683,-0.21979627919080258,0.08684210526315789,0.16666666666666674,31.451685202,3.1917126178741455,5,94.76138305664062
230.20000000000002,3.6270368639644683,-0.21979627919080258,0.08684210526315789,0.16666666666666674,31.451685202,3.1917126178741455,5,94.76138305664062
230.20000000000002,3.6270368639644683,-0.21979627919080258,0.08684210526315789,0.16666666666666674,31.451685202,3.1917126178741455,5,94.76138305664062
230.3,3.6270368639644683,-0.21979627919080258,0.08684210526315789,0.16666666666666674,31.451685202,3.1917126178741455,5,94.76138305664062
230.3,3.623242058528353,-0.2181975555266994,0.08684210526315789,0.16666666666666674,32.25850059,3.1917126178741455,5,94.76138305664062
230.3,3.623242058528353,-0.2181975555266994,0.08684210526315789,0.16666666666666674,32.25850059,3.1917126178741455,5,94.76138305664062
230.3,3.623242058528353,-0.2181975555266994,0.08684210526315789,0.16666666666666674,32.25850059,3.1917126178741455,5,94.76138305664062
230.3,3.623242058528353,-0.2181975555266994,0.08684210526315789,0.16666666666666674,32.25850059,3.1917126178741455,5,94.76138305664062
230.3,3.623242058528353,-0.2181975555266994,0.08684210526315789,0.16666666666666674,32.25850059,3.1917126178741455,5,94.76138305664062
230.3,3.623242058528353,-0.2181975555266994,0.08684210526315789,0.16666666666666674,32.25850059,3.1917126178741455,5,94.76138305664062
230.3,3.6194445204405623,-0.216618573433364,0.10999999999999999,0.11538461538461547,33.115441273,3.1917126178741455,5,94.76138305664062
230.3,3.6194445204405623,-0.216618573433364,0.10999999999999999,0.11538461538461547,33.115441273,3.1917126178741455,5,94.76138305664062
230.3,3.6194445204405623,-0.216618573433364,0.10999999999999999,0.11538461538461547,33.115441273,3.1917126178741455,5,94.76138305664062
230.3,3.6194445204405623,-0.216618573433364,0.10999999999999999,0.11538461538461547,33.115441273,3.1917126178741455,5,94.76138305664062
230.3,3.6194445204405623,-0.216618573433364,0.10999999999999999,0.11538461538461547,33.115441273,3.1917126178741455,5,94.76138305664062
230.3,3.615640828280987,-0.21505869133417554,0.10999999999999999,0.11538461538461547,33.269326459,3.1417124271392822,5,94.76138305664062
230.3,3.615640828280987,-0.21505869133417554,0.10999999999999999,0.11538461538461547,33.269326459,3.1417124271392822,5,94.76138305664062
230.4,3.615640828280987,-0.21505869133417554,0.10999999999999999,0.11538461538461547,33.269326459,3.1417124271392822,5,94.76138305664062
230.4,3.61111059800663,-0.2133578035669274,0.10999999999999999,0.11538461538461547,33.269326459,3.1417124271392822,5,94.76138305664062
230.4,3.61111059800663,-0.2133578035669274,0.10999999999999999,0.11538461538461547,33.00768755,3.1417124271392822,5,94.76138305664062
230.4,3.61111059800663,-0.2133578035669274,0.10999999999999999,0.038461538461538575,33.00768755,3.1417124271392822,5,94.76138305664062
230.4,3.61111059800663,-0.2133578035669274,0.10999999999999999,0.038461538461538575,33.00768755,3.1417124271392822,5,94.76138305664062
230.4,3.6074964217087344,-0.21242232976579367,0.10999999999999999,0.038461538461538575,33.00768755,3.1417124271392822,5,94.76138305664062
230.4,3.6074964217087344,-0.21242232976579367,0.10999999999999999,0.038461538461538575,32.802313626,3.1417124271392822,5,94.76138305664062
230.4,3.6074964217087344,-0.21242232976579367,0.10999999999999999,0.038461538461538575,32.802313626,3.1417124271392822,5,94.76138305664062
230.4,3.6074964217087344,-0.21242232976579367,0.10999999999999999,0.038461538461538575,32.802313626,3.1417124271392822,5,94.76138305664062
230.4,3.603880163162132,-0.21149726986698186,0.10999999999999999,0.038461538461538575,32.573397354,3.1417124271392822,5,94.76138305664062
230.4,3.603880163162132,-0.21149726986698186,0.10999999999999999,0.038461538461538575,32.573397354,3.1417124271392822,5,94.76138305664062
230.4,3.603880163162132,-0.21149726986698186,0.10999999999999999,0.038461538461538575,32.573397354,3.1417124271392822,5,94.76138305664062
230.50000000000003,3.603880163162132,-0.21149726986698186,0.10999999999999999,0.038461538461538575,32.573397354,3.1417124271392822,5,94.76138305664062
230.50000000000003,3.600259799420043,-0.21057745563551417,0.10999999999999999,-0.11538461538461525,32.360497436,3.1417124271392822,5,94.70347595214844
230.50000000000003,3.600259799420043,-0.21057745563551417,0.10999999999999999,-0.11538461538461525,32.360497436,3.1417124271392822,5,94.70347595214844
230.50000000000003,3.600259799420043,-0.21057745563551417,0.10999999999999999,-0.11538461538461525,32.360497436,3.1417124271392822,5,94.70347595214844
230.50000000000003,3.600259799420043,-0.21057745563551417,0.10999999999999999,-0.11538461538461525,32.360497436,3.1417124271392822,5,94.70347595214844
230.50000000000003,3.5966386500053105,-0.20965962455545611,0.10999999999999999,-0.11538461538461525,31.568744784,3.1417124271392822,5,94.70347595214844
230.50000000000003,3.5966386500053105,-0.20965962455545611,0.10999999999999999,-0.11538461538461525,31.568744784,3.1417124271392822,5,94.70347595214844
230.50000000000003,3.5966386500053105,-0.20965962455545611,0.10999999999999999,-0.11538461538461525,31.568744784,3.1417124271392822,5,94.70347595214844
230.50000000000003,3.5966386500053105,-0.20965962455545611,0.10999999999999999,-0.11538461538461525,31.568744784,3.1417124271392822,5,94.70347595214844
230.50000000000003,3.5929990043894637,-0.20873957360119566,0.10999999999999999,-0.11538461538461525,30.772080114,3.1417124271392822,5,94.70347595214844
230.60000000000002,3.5929990043894637,-0.20873957360119566,0.10999999999999999,-0.11538461538461525,30.772080114,3.1417124271392822,5,94.70347595214844
230.60000000000002,3.5929990043894637,-0.20873957360119566,0.09842105263157894,-0.03846153846153835,30.772080114,3.1417124271392822,5,94.70347595214844
230.60000000000002,3.5929990043894637,-0.20873957360119566,0.09842105263157894,-0.03846153846153835,30.772080114,3.1417124271392822,5,94.70347595214844
230.60000000000002,3.5893695602318,-0.20781447669808045,0.09842105263157894,-0.03846153846153835,30.772080114,3.1417124271392822,5,94.70347595214844
230.60000000000002,3.5893695602318,-0.20781447669808045,0.09842105263157894,-0.03846153846153835,30.017723218,3.1417124271392822,5,94.70347595214844
230.60000000000002,3.5893695602318,-0.20781447669808045,0.09842105263157894,-0.03846153846153835,30.017723218,3.1417124271392822,5,94.70347595214844
230.60000000000002,3.5861080851354084,-0.20696760148215304,0.09842105263157894,-0.038461538461538346,30.017723218,3.1417124271392822,5,94.70347595214844
230.60000000000002,3.5861080851354084,-0.20696760148215304,0.09842105263157894,-0.038461538461538346,29.626354577,3.1417124271392822,5,94.70347595214844
230.60000000000002,3.5861080851354084,-0.20696760148215304,0.09842105263157894,-0.038461538461538346,29.626354577,3.1417124271392822,5,94.70347595214844
230.60000000000002,3.5861080851354084,-0.20696760148215304,0.09842105263157894,-0.038461538461538346,29.626354577,3.1417124271392822,5,94.70347595214844
230.60000000000002,3.582873314837122,-0.20612731002274182,0.09842105263157894,-0.038461538461538346,29.262246724,3.1417124271392822,5,94.70347595214844
230.60000000000002,3.582873314837122,-0.20612731002274182,0.09263157894736841,-0.038461538461538346,29.262246724,3.1417124271392822,5,94.70347595214844
230.70000000000002,3.582873314837122,-0.20612731002274182,0.09263157894736841,-0.038461538461538346,29.262246724,3.1417124271392822,5,94.70347595214844
230.70000000000002,3.582873314837122,-0.20612731002274182,0.09263157894736841,-0.038461538461538346,29.262246724,3.1417124271392822,5,94.70347595214844
230.70000000000002,3.582873314837122,-0.20612731002274182,0.09263157894736841,-0.038461538461538346,29.262246724,3.1417124271392822,5,94.70347595214844
230.70000000000002,3.5796307278940027,-0.2052896226069515,0.09263157894736841,-0.038461538461538346,29.382722419,3.1167123317718506,5,94.70347595214844
230.70000000000002,3.5796307278940027,-0.2052896226069515,0.09263157894736841,-0.038461538461538346,29.382722419,3.1167123317718506,5,94.70347595214844
230.70000000000002,3.5796307278940027,-0.2052896226069515,0.09263157894736841,-0.038461538461538346,29.382722419,3.1167123317718506,5,94.70347595214844
230.70000000000002,3.5796307278940027,-0.2052896226069515,0.09263157894736841,-0.038461538461538346,29.382722419,3.1167123317718506,5,94.70347595214844
230.70000000000002,3.5796307278940027,-0.2052896226069515,0.09263157894736841,-0.038461538461538346,29.382722419,3.1167123317718506,5,94.70347595214844
230.70000000000002,3.5796307278940027,-0.2052896226069515,0.09263157894736841,-0.038461538461538346,29.382722419,3.1167123317718506,5,94.70347595214844
230.70000000000002,3.5765745619165408,-0.20449181573581043,0.08684210526315789,-0.038461538461538346,29.886888461,3.1167123317718506,5,94.70347595214844
230.70000000000002,3.5765745619165408,-0.20449181573581043,0.08684210526315789,-0.038461538461538346,29.886888461,3.1167123317718506,5,94.70347595214844
230.70000000000002,3.5765745619165408,-0.20449181573581043,0.08684210526315789,-0.038461538461538346,29.886888461,3.1167123317718506,5,94.70347595214844
230.70000000000002,3.5765745619165408,-0.20449181573581043,0.08684210526315789,-0.038461538461538346,29.886888461,3.1167123317718506,5,94.70347595214844
230.70000000000002,3.573524802571231,-0.20368761603986335,0.08684210526315789,-0.038461538461538346,30.447071322,3.1167123317718506,5,94.70347595214844
230.70000000000002,3.573524802571231,-0.20368761603986335,0.08684210526315789,-0.038461538461538346,30.447071322,3.1167123317718506,5,94.70347595214844
230.8,3.573524802571231,-0.20368761603986335,0.08684210526315789,-0.038461538461538346,30.447071322,3.1167123317718506,5,94.70347595214844
230.8,3.573524802571231,-0.20368761603986335,0.08684210526315789,-0.038461538461538346,30.447071322,3.1167123317718506,5,94.70347595214844
230.8,3.5706665911437656,-0.20293293501251047,0.08684210526315789,-0.038461538461538346,30.447071322,3.1167123317718506,5,94.70347595214844
230.8,3.5706665911437656,-0.20293293501251047,0.08684210526315789,-0.038461538461538346,31.210449863,3.1167123317718506,5,94.70347595214844
230.8,3.5706665911437656,-0.20293293501251047,0.08684210526315789,-0.11538461538461525,31.210449863,3.1167123317718506,5,94.70347595214844
230.8,3.5706665911437656,-0.20293293501251047,0.08684210526315789,-0.11538461538461525,31.210449863,3.1167123317718506,5,94.70347595214844
230.8,3.5678070805491573,-0.2021752770379162,0.08684210526315789,-0.11538461538461525,32.014380568,3.1167123317718506,5,94.70347595214844
230.8,3.5678070805491573,-0.2021752770379162,0.08684210526315789,-0.11538461538461525,32.014380568,3.1167123317718506,5,94.70347595214844
230.8,3.5678070805491573,-0.2021752770379162,0.08684210526315789,-0.11538461538461525,32.014380568,3.1167123317718506,5,94.70347595214844
230.8,3.564947141632434,-0.2014099767875323,0.08684210526315789,-0.11538461538461525,32.868794606,3.1167123317718506,5,94.70347595214844
230.8,3.564947141632434,-0.2014099767875323,0.08684210526315789,-0.11538461538461525,32.868794606,3.1167123317718506,5,94.70347595214844
230.9,3.564947141632434,-0.2014099767875323,0.08684210526315789,-0.11538461538461525,32.868794606,3.1167123317718506,5,94.70347595214844
230.9,3.564947141632434,-0.2014099767875323,0.08684210526315789,-0.11538461538461525,32.868794606,3.1167123317718506,5,94.70347595214844
230.9,3.5620886247577053,-0.20063274320960833,0.08684210526315789,-0.11538461538461525,32.868794606,3.1167123317718506,5,94.70347595214844
230.9,3.5620886247577053,-0.20063274320960833,0.10999999999999999,-0.06410256410256399,33.777440059,3.1167123317718506,5,94.70347595214844
230.9,3.5620886247577053,-0.20063274320960833,0.10999999999999999,-0.06410256410256399,33.777440059,3.1167123317718506,5,94.70347595214844
230.9,3.5620886247577053,-0.20063274320960833,0.10999999999999999,-0.06410256410256399,33.777440059,3.1167123317718506,5,94.70347595214844
230.9,3.559235877829332,-0.19984278789147558,0.10999999999999999,-0.06410256410256399,34.257043149,3.1167123317718506,5,94.70347595214844
230.9,3.559235877829332,-0.19984278789147558,0.10999999999999999,-0.06410256410256399,34.257043149,3.1167123317718506,5,94.70347595214844
230.9,3.559235877829332,-0.19984278789147558,0.10999999999999999,-0.06410256410256399,34.257043149,3.1167123317718506,5,94.70347595214844
230.9,3.559235877829332,-0.19984278789147558,0.10999999999999999,-0.06410256410256399,34.257043149,3.1167123317718506,5,94.70347595214844
230.9,3.555241683928828,-0.19872568893970471,0.10999999999999999,-0.06410256410256399,33.078163097,3.091712474822998,5,94.70347595214844
231.00000000000003,3.555241683928828,-0.19872568893970471,0.10999999999999999,-0.06410256410256399,33.078163097,3.091712474822998,5,94.70347595214844
231.00000000000003,3.555241683928828,-0.19872568893970471,0.10999999999999999,-0.06410256410256399,33.078163097,3.091712474822998,5,94.70347595214844
231.00000000000003,3.555241683928828,-0.19872568893970471,0.10421052631578946,0.038461538461538575,33.078163097,3.091712474822998,5,94.65318298339844
231.00000000000003,3.555241683928828,-0.19872568893970471,0.10421052631578946,0.038461538461538575,33.078163097,3.091712474822998,5,94.65318298339844
231.00000000000003,3.5516457004174153,-0.19773004116876014,0.10421052631578946,0.038461538461538575,33.078163097,3.091712474822998,5,94.65318298339844
231.00000000000003,3.5516457004174153,-0.19773004116876014,0.10421052631578946,0.038461538461538575,32.631998152,3.091712474822998,5,94.65318298339844
231.00000000000003,3.5516457004174153,-0.19773004116876014,0.10421052631578946,0.038461538461538575,32.631998152,3.091712474822998,5,94.65318298339844
231.00000000000003,3.548229702588981,-0.19678634019214364,0.10421052631578946,0.038461538461538575,32.631998152,3.091712474822998,5,94.65318298339844
231.00000000000003,3.548229702588981,-0.19678634019214364,0.10421052631578946,0.038461538461538575,32.207817693,3.091712474822998,5,94.65318298339844
231.00000000000003,3.548229702588981,-0.19678634019214364,0.10421052631578946,0.038461538461538575,32.207817693,3.091712474822998,5,94.65318298339844
231.00000000000003,3.548229702588981,-0.19678634019214364,0.10421052631578946,0.038461538461538575,32.207817693,3.091712474822998,5,94.65318298339844
231.00000000000003,3.548229702588981,-0.19678634019214364,0.10421052631578946,0.038461538461538575,32.207817693,3.091712474822998,5,94.65318298339844
231.00000000000003,3.5448186923077807,-0.19583849110933949,0.10421052631578946,-0.06410256410256399,31.787413987,3.091712474822998,5,94.65318298339844
231.10000000000002,3.5448186923077807,-0.19583849110933949,0.10421052631578946,-0.06410256410256399,31.787413987,3.091712474822998,5,94.65318298339844
231.10000000000002,3.5448186923077807,-0.19583849110933949,0.10421052631578946,-0.06410256410256399,31.787413987,3.091712474822998,5,94.65318298339844
231.10000000000002,3.5448186923077807,-0.19583849110933949,0.10421052631578946,-0.06410256410256399,31.787413987,3.091712474822998,5,94.65318298339844
231.10000000000002,3.5414109302445116,-0.19489919140053125,0.10421052631578946,-0.06410256410256399,31.183630895,3.091712474822998,5,94.65318298339844
231.10000000000002,3.5414109302445116,-0.19489919140053125,0.10421052631578946,-0.06410256410256399,31.183630895,3.091712474822998,5,94.65318298339844
231.10000000000002,3.5414109302445116,-0.19489919140053125,0.10421052631578946,-0.06410256410256399,31.183630895,3.091712474822998,5,94.65318298339844
231.10000000000002,3.5414109302445116,-0.19489919140053125,0.10421052631578946,-0.06410256410256399,31.183630895,3.091712474822998,5,94.65318298339844
231.10000000000002,3.5379934826900454,-0.19396458480880824,0.10421052631578946,-0.06410256410256399,31.183630895,3.091712474822998,5,94.65318298339844
231.10000000000002,3.5379934826900454,-0.19396458480880824,0.10421052631578946,-0.06410256410256399,30.58829534,3.091712474822998,5,94.65318298339844
231.10000000000002,3.5379934826900454,-0.19396458480880824,0.09263157894736841,0.012820512820512941,30.58829534,3.091712474822998,5,94.65318298339844
231.10000000000002,3.5379934826900454,-0.19396458480880824,0.09263157894736841,0.012820512820512941,30.58829534,3.091712474822998,5,94.65318298339844
231.10000000000002,3.5379934826900454,-0.19396458480880824,0.09263157894736841,0.012820512820512941,30.58829534,3.091712474822998,5,94.65318298339844
231.20000000000002,3.534569836581534,-0.1930168218001051,0.09263157894736841,0.012820512820512941,30.0304506,3.091712474822998,5,94.65318298339844
231.20000000000002,3.534569836581534,-0.1930168218001051,0.09263157894736841,0.012820512820512941,30.0304506,3.091712474822998,5,94.65318298339844
231.20000000000002,3.534569836581534,-0.1930168218001051,0.09263157894736841,0.012820512820512935,30.0304506,3.091712474822998,5,94.65318298339844
231.20000000000002,3.534569836581534,-0.1930168218001051,0.09263157894736841,0.012820512820512935,30.0304506,3.091712474822998,5,94.65318298339844
231.20000000000002,3.531536381678076,-0.1921674191584356,0.09263157894736841,0.012820512820512935,29.913332589,3.097691774368286,5,94.65318298339844
231.20000000000002,3.531536381678076,-0.1921674191584356,0.09263157894736841,0.012820512820512935,29.913332589,3.097691774368286,5,94.65318298339844
231.20000000000002,3.531536381678076,-0.1921674191584356,0.09263157894736841,0.012820512820512935,29.913332589,3.097691774368286,5,94.65318298339844
231.20000000000002,3.531536381678076,-0.1921674191584356,0.09263157894736841,-0.06410256410256399,29.913332589,3.097691774368286,5,94.65318298339844
231.20000000000002,3.5285089675447505,-0.191334056399721,0.09263157894736841,-0.06410256410256399,29.913332589,3.097691774368286,5,94.65318298339844
231.20000000000002,3.5285089675447505,-0.191334056399721,0.09263157894736841,-0.06410256410256399,29.734179272,3.097691774368286,5,94.65318298339844
231.20000000000002,3.5285089675447505,-0.191334056399721,0.09263157894736841,-0.06410256410256399,29.734179272,3.097691774368286,5,94.65318298339844
231.20000000000002,3.5285089675447505,-0.191334056399721,0.09263157894736841,-0.06410256410256399,29.734179272,3.097691774368286,5,94.65318298339844
231.20000000000002,3.5285089675447505,-0.191334056399721,0.09263157894736841,-0.06410256410256399,29.734179272,3.097691774368286,5,94.65318298339844
231.20000000000002,3.5285089675447505,-0.191334056399721,0.09263157894736841,-0.06410256410256399,29.734179272,3.097691774368286,5,94.65318298339844
231.20000000000002,3.5254639232845095,-0.19050519490949125,0.09263157894736841,-0.06410256410256399,30.636398281,3.097691774368286,5,94.65318298339844
231.20000000000002,3.5254639232845095,-0.19050519490949125,0.09263157894736841,-0.06410256410256399,30.636398281,3.097691774368286,5,94.65318298339844
231.3,3.5254639232845095,-0.19050519490949125,0.09263157894736841,-0.06410256410256399,30.636398281,3.097691774368286,5,94.65318298339844
231.3,3.5254639232845095,-0.19050519490949125,0.09842105263157894,-0.21794871794871779,30.636398281,3.097691774368286,5,94.65318298339844
231.3,3.5254639232845095,-0.19050519490949125,0.09842105263157894,-0.21794871794871779,30.636398281,3.097691774368286,5,94.65318298339844
231.3,3.5254639232845095,-0.19050519490949125,0.09842105263157894,-0.21794871794871779,30.636398281,3.097691774368286,5,94.65318298339844
231.3,3.5224152541415163,-0.18965882012823737,0.09842105263157894,-0.21794871794871779,30.636398281,3.097691774368286,5,94.65318298339844
231.3,3.5224152541415163,-0.18965882012823737,0.09842105263157894,-0.21794871794871779,31.228750689,3.097691774368286,5,94.65318298339844
231.3,3.5224152541415163,-0.18965882012823737,0.09842105263157894,-0.21794871794871779,31.228750689,3.097691774368286,5,94.65318298339844
231.3,3.5224152541415163,-0.18965882012823737,0.09842105263157894,-0.21794871794871779,31.228750689,3.097691774368286,5,94.65318298339844
231.3,3.5224152541415163,-0.18965882012823737,0.09842105263157894,-0.21794871794871779,31.228750689,3.097691774368286,5,94.65318298339844
231.3,3.5191917962145975,-0.18874984718794252,0.09842105263157894,-0.21794871794871779,31.125337431,3.0667123794555664,5,94.65318298339844
231.3,3.5191917962145975,-0.18874984718794252,0.09842105263157894,-0.21794871794871779,31.125337431,3.0667123794555664,5,94.65318298339844
231.3,3.5191917962145975,-0.18874984718794252,0.09263157894736841,-0.19230769230769215,31.125337431,3.0667123794555664,5,94.65318298339844
231.3,3.5191917962145975,-0.18874984718794252,0.09263157894736841,-0.19230769230769215,31.125337431,3.0667123794555664,5,94.65318298339844
231.3,3.5191917962145975,-0.18874984718794252,0.09263157894736841,-0.19230769230769215,31.125337431,3.0667123794555664,5,94.65318298339844
231.4,3.5159661221850436,-0.18784003090787976,0.09263157894736841,-0.19230769230769215,31.29836272,3.0667123794555664,5,94.65318298339844
231.4,3.5159661221850436,-0.18784003090787976,0.09263157894736841,-0.19230769230769215,31.29836272,3.0667123794555664,5,94.65318298339844
231.4,3.5159661221850436,-0.18784003090787976,0.09263157894736841,-0.19230769230769215,31.29836272,3.0667123794555664,5,94.65318298339844
231.4,3.5129207533229043,-0.18695916212818348,0.09263157894736841,-0.19230769230769215,31.680565607,3.0667123794555664,5,94.65318298339844
231.4,3.5129207533229043,-0.18695916212818348,0.09263157894736841,-0.19230769230769215,31.680565607,3.0667123794555664,5,94.65318298339844
231.4,3.5129207533229043,-0.18695916212818348,0.09263157894736841,-0.19230769230769215,31.680565607,3.0667123794555664,5,94.65318298339844
231.4,3.5129207533229043,-0.18695916212818348,0.09263157894736841,-0.19230769230769215,31.680565607,3.0667123794555664,5,94.65318298339844
231.4,3.509890207284778,-0.18604774902967913,0.10999999999999999,-0.08974358974358962,32.101756202,3.0667123794555664,5,94.65318298339844
231.4,3.509890207284778,-0.18604774902967913,0.10999999999999999,-0.08974358974358962,32.101756202,3.0667123794555664,5,94.65318298339844
231.4,3.509890207284778,-0.18604774902967913,0.10999999999999999,-0.08974358974358962,32.101756202,3.0667123794555664,5,94.65318298339844
231.50000000000003,3.5068732415560167,-0.18512285587197896,0.10999999999999999,-0.08974358974358962,32.530870191,3.0667123794555664,5,94.65318298339844
231.50000000000003,3.5068732415560167,-0.18512285587197896,0.10999999999999999,-0.08974358974358962,32.530870191,3.0667123794555664,5,94.60294342041016
231.50000000000003,3.5068732415560167,-0.18512285587197896,0.10999999999999999,-0.08974358974358962,32.530870191,3.0667123794555664,5,94.60294342041016
231.50000000000003,3.5068732415560167,-0.18512285587197896,0.10999999999999999,-0.08974358974358962,32.530870191,3.0667123794555664,5,94.60294342041016
231.50000000000003,3.5031085552117474,-0.1839511983293492,0.10999999999999999,-0.08974358974358962,31.650536255,3.0667123794555664,5,94.60294342041016
231.50000000000003,3.5031085552117474,-0.1839511983293492,0.10999999999999999,-0.08974358974358962,31.650536255,3.0667123794555664,5,94.60294342041016
231.50000000000003,3.5031085552117474,-0.1839511983293492,0.10999999999999999,-0.08974358974358962,31.650536255,3.0667123794555664,5,94.60294342041016
231.50000000000003,3.5031085552117474,-0.1839511983293492,0.10421052631578946,-0.08974358974358962,31.650536255,3.0667123794555664,5,94.60294342041016
231.50000000000003,3.4995385369932657,-0.18282144503210312,0.10421052631578946,-0.08974358974358962,31.056028761,3.0667123794555664,5,94.60294342041016
231.50000000000003,3.4995385369932657,-0.18282144503210312,0.10421052631578946,-0.08974358974358962,31.056028761,3.0667123794555664,5,94.60294342041016
231.50000000000003,3.4995385369932657,-0.18282144503210312,0.10421052631578946,-0.08974358974358962,31.056028761,3.0667123794555664,5,94.60294342041016
231.50000000000003,3.4995385369932657,-0.18282144503210312,0.10421052631578946,-0.08974358974358962,31.056028761,3.0667123794555664,5,94.60294342041016
231.50000000000003,3.4995385369932657,-0.18282144503210312,0.10421052631578946,-0.08974358974358962,31.056028761,3.0667123794555664,5,94.60294342041016
231.50000000000003,3.4995385369932657,-0.18282144503210312,0.10421052631578946,-0.08974358974358962,31.056028761,3.0667123794555664,5,94.60294342041016
231.60000000000002,3.4961621688060154,-0.18174297124312494,0.10421052631578946,-0.08974358974358962,31.056028761,3.0667123794555664,5,94.60294342041016
231.60000000000002,3.4961621688060154,-0.18174297124312494,0.10421052631578946,-0.08974358974358962,30.679789921,3.0667123794555664,5,94.60294342041016
231.60000000000002,3.4961621688060154,-0.18174297124312494,0.10421052631578946,-0.08974358974358962,30.679789921,3.0667123794555664,5,94.60294342041016
231.60000000000002,3.4961621688060154,-0.18174297124312494,0.10999999999999999,-0.14102564102564089,30.679789921,3.0667123794555664,5,94.60294342041016
231.60000000000002,3.492786215732686,-0.18065635344946535,0.10999999999999999,-0.14102564102564089,30.299328617,3.0667123794555664,5,94.60294342041016
231.60000000000002,3.492786215732686,-0.18065635344946535,0.10999999999999999,-0.14102564102564089,30.052325313,3.0417120456695557,5,94.60294342041016
231.60000000000002,3.492786215732686,-0.18065635344946535,0.10999999999999999,-0.14102564102564089,30.052325313,3.0417120456695557,5,94.60294342041016
231.60000000000002,3.492786215732686,-0.18065635344946535,0.10999999999999999,-0.14102564102564089,30.052325313,3.0417120456695557,5,94.60294342041016
231.60000000000002,3.492786215732686,-0.18065635344946535,0.10999999999999999,-0.14102564102564089,30.052325313,3.0417120456695557,5,94.60294342041016
231.60000000000002,3.4892238665612276,-0.17949493214665824,0.10999999999999999,-0.14102564102564089,29.672275607,3.0417120456695557,5,94.60294342041016
231.60000000000002,3.4892238665612276,-0.17949493214665824,0.10999999999999999,-0.14102564102564089,29.672275607,3.0417120456695557,5,94.60294342041016
231.60000000000002,3.4892238665612276,-0.17949493214665824,0.10999999999999999,-0.14102564102564089,29.672275607,3.0417120456695557,5,94.60294342041016
231.70000000000002,3.4892238665612276,-0.17949493214665824,0.10999999999999999,-0.14102564102564089,29.672275607,3.0417120456695557,5,94.60294342041016
231.70000000000002,3.485664903843208,-0.17831396486130485,0.10421052631578946,-0.11538461538461525,29.084909938,3.016712188720703,5,94.60294342041016
231.70000000000002,3.485664903843208,-0.17831396486130485,0.10421052631578946,-0.11538461538461525,29.084909938,3.016712188720703,5,94.60294342041016
231.70000000000002,3.485664903843208,-0.17831396486130485,0.10421052631578946,-0.11538461538461525,29.084909938,3.016712188720703,5,94.60294342041016
231.70000000000002,3.48211272939478,-0.17711477778452978,0.10421052631578946,-0.11538461538461525,29.084909938,3.016712188720703,5,94.60294342041016
231.70000000000002,3.48211272939478,-0.17711477778452978,0.10421052631578946,-0.11538461538461525,28.570493963,3.016712188720703,5,94.60294342041016
231.70000000000002,3.48211272939478,-0.17711477778452978,0.10421052631578946,-0.11538461538461525,28.570493963,3.016712188720703,5,94.60294342041016
231.70000000000002,3.48211272939478,-0.17711477778452978,0.10421052631578946,-0.11538461538461525,28.570493963,3.016712188720703,5,94.60294342041016
231.70000000000002,3.4787519952936696,-0.17596414482747086,0.10421052631578946,-0.11538461538461525,28.226828861,3.016712188720703,5,94.60294342041016
231.70000000000002,3.4787519952936696,-0.17596414482747086,0.10421052631578946,-0.11538461538461525,28.226828861,3.016712188720703,5,94.60294342041016
231.70000000000002,3.4787519952936696,-0.17596414482747086,0.10421052631578946,-0.11538461538461525,28.226828861,3.016712188720703,5,94.60294342041016
231.8,3.4753956944875304,-0.17480102887325316,0.09263157894736841,-0.06410256410256399,27.894253532,3.016712188720703,5,94.60294342041016
231.8,3.4753956944875304,-0.17480102887325316,0.09263157894736841,-0.06410256410256399,27.894253532,3.016712188720703,5,94.60294342041016
231.8,3.4753956944875304,-0.17480102887325316,0.09263157894736841,-0.06410256410256399,27.894253532,3.016712188720703,5,94.60294342041016
231.8,3.4753956944875304,-0.17480102887325316,0.09263157894736841,-0.06410256410256399,27.894253532,3.016712188720703,5,94.60294342041016
231.8,3.4753956944875304,-0.17480102887325316,0.09263157894736841,-0.06410256410256399,27.894253532,3.016712188720703,5,94.60294342041016
231.8,3.472043038656194,-0.1736249700061292,0.09263157894736841,-0.06410256410256399,28.231085807,3.016712188720703,5,94.60294342041016
231.8,3.472043038656194,-0.1736249700061292,0.09263157894736841,-0.06410256410256399,28.231085807,3.016712188720703,5,94.60294342041016
231.8,3.472043038656194,-0.1736249700061292,0.09263157894736841,-0.06410256410256399,28.231085807,3.016712188720703,5,94.60294342041016
231.8,3.472043038656194,-0.1736249700061292,0.09263157894736841,-0.06410256410256399,28.231085807,3.016712188720703,5,94.60294342041016
231.8,3.472043038656194,-0.1736249700061292,0.09263157894736841,-0.06410256410256399,28.231085807,3.016712188720703,5,94.60294342041016
231.8,3.4686963330550187,-0.17243686190395957,0.08684210526315789,-0.06410256410256399,28.38679151,3.016712188720703,5,94.60294342041016
231.8,3.4686963330550187,-0.17243686190395957,0.08684210526315789,-0.06410256410256399,28.38679151,3.016712188720703,5,94.60294342041016
231.9,3.4686963330550187,-0.17243686190395957,0.08684210526315789,-0.06410256410256399,28.38679151,3.016712188720703,5,94.60294342041016
231.9,3.465725824803699,-0.17137512058849552,0.08684210526315789,-0.06410256410256399,28.38679151,3.016712188720703,5,94.60294342041016
231.9,3.465725824803699,-0.17137512058849552,0.08684210526315789,-0.06410256410256399,28.731229531,3.016712188720703,5,94.60294342041016
231.9,3.465725824803699,-0.17137512058849552,0.08684210526315789,-0.06410256410256399,28.731229531,3.016712188720703,5,94.60294342041016
231.9,3.465725824803699,-0.17137512058849552,0.08684210526315789,-0.06410256410256399,28.731229531,3.016712188720703,5,94.60294342041016
231.9,3.462941284703331,-0.17037586962247037,0.08684210526315789,-0.06410256410256399,29.025854963,2.9917120933532715,5,94.60294342041016
231.9,3.462941284703331,-0.17037586962247037,0.08684210526315789,-0.06410256410256399,29.025854963,2.9917120933532715,5,94.60294342041016
231.9,3.462941284703331,-0.17037586962247037,0.08684210526315789,-0.06410256410256399,29.025854963,2.9917120933532715,5,94.60294342041016
231.9,3.462941284703331,-0.17037586962247037,0.10999999999999999,-0.012820512820512706,29.025854963,2.9917120933532715,5,94.60294342041016
231.9,3.462941284703331,-0.17037586962247037,0.10999999999999999,-0.012820512820512706,29.025854963,2.9917120933532715,5,94.60294342041016
231.9,3.4601586128993533,-0.16936983119033117,0.10999999999999999,-0.012820512820512706,29.025854963,2.9917120933532715,5,94.60294342041016
231.9,3.4601586128993533,-0.16936983119033117,0.10999999999999999,-0.012820512820512706,29.764433683,2.9917120933532715,5,94.60294342041016
231.9,3.4601586128993533,-0.16936983119033117,0.10999999999999999,-0.012820512820512706,29.764433683,2.9917120933532715,5,94.60294342041016
231.9,3.4601586128993533,-0.16936983119033117,0.10999999999999999,-0.012820512820512706,29.764433683,2.9917120933532715,5,94.60294342041016
232.00000000000003,3.4601586128993533,-0.16936983119033117,0.10999999999999999,-0.012820512820512706,29.764433683,2.9917120933532715,5,94.55364227294922
232.00000000000003,3.4601586128993533,-0.16936983119033117,0.10999999999999999,-0.012820512820512706,29.764433683,2.9917120933532715,5,94.55364227294922
232.00000000000003,3.4564589950152635,-0.16802264719329113,0.10999999999999999,-0.012820512820512706,29.576506012,2.9917120933532715,5,94.55364227294922
232.00000000000003,3.4564589950152635,-0.16802264719329113,0.10999999999999999,-0.012820512820512706,29.576506012,2.9917120933532715,5,94.55364227294922
232.00000000000003,3.4564589950152635,-0.16802264719329113,0.10999999999999999,0.0,29.474933002,2.981437921524048,5,94.55364227294922
232.00000000000003,3.4564589950152635,-0.16802264719329113,0.10999999999999999,0.0,29.474933002,2.981437921524048,5,94.55364227294922
232.00000000000003,3.452947948135713,-0.1667439124980597,0.10999999999999999,0.0,29.489082411,2.981437921524048,5,94.55364227294922
232.00000000000003,3.452947948135713,-0.1667439124980597,0.10999999999999999,0.0,29.489082411,2.981437921524048,5,94.55364227294922
232.00000000000003,3.452947948135713,-0.1667439124980597,0.10999999999999999,0.0,29.489082411,2.981437921524048,5,94.55364227294922
232.00000000000003,3.452947948135713,-0.1667439124980597,0.10999999999999999,0.0,29.489082411,2.981437921524048,5,94.55364227294922
232.00000000000003,3.452947948135713,-0.1667439124980597,0.10999999999999999,0.0,29.489082411,2.981437921524048,5,94.55364227294922
232.00000000000003,3.4494353706101597,-0.16546693861088746,0.10999999999999999,0.0,29.310341823,2.981437921524048,5,94.55364227294922
232.00000000000003,3.4494353706101597,-0.16546693861088746,0.10999999999999999,0.0,29.310341823,2.981437921524048,5,94.55364227294922
232.00000000000003,3.4494353706101597,-0.16546693861088746,0.10999999999999999,0.0,29.310341823,2.981437921524048,5,94.55364227294922
232.10000000000002,3.4494353706101597,-0.16546693861088746,0.10421052631578946,0.012820512820512935,29.310341823,2.981437921524048,5,94.55364227294922
232.10000000000002,3.445922639995145,-0.1641881854674106,0.10421052631578946,0.012820512820512935,29.142899287,2.981437921524048,5,94.55364227294922
232.10000000000002,3.445922639995145,-0.1641881854674106,0.10421052631578946,0.012820512820512935,29.142899287,2.981437921524048,5,94.55364227294922
232.10000000000002,3.445922639995145,-0.1641881854674106,0.10421052631578946,0.012820512820512935,29.142899287,2.981437921524048,5,94.55364227294922
232.10000000000002,3.442596081752724,-0.16297676201656913,0.10421052631578946,0.012820512820512935,29.153797096,2.981437921524048,5,94.55364227294922
232.10000000000002,3.442596081752724,-0.16297676201656913,0.10421052631578946,0.012820512820512935,29.153797096,2.981437921524048,5,94.55364227294922
232.10000000000002,3.442596081752724,-0.16297676201656913,0.10421052631578946,0.012820512820512935,29.153797096,2.981437921524048,5,94.55364227294922
232.10000000000002,3.442596081752724,-0.16297676201656913,0.10421052631578946,0.012820512820512935,29.153797096,2.981437921524048,5,94.55364227294922
232.10000000000002,3.439269258238162,-0.16176797070702892,0.10421052631578946,0.012820512820512935,29.160166135,2.981437921524048,5,94.55364227294922
232.10000000000002,3.439269258238162,-0.16176797070702892,0.10421052631578946,0.012820512820512935,29.160166135,2.981437921524048,5,94.55364227294922
232.10000000000002,3.439269258238162,-0.16176797070702892,0.09842105263157894,-0.012820512820512706,29.160166135,2.981437921524048,5,94.55364227294922
232.20000000000002,3.439269258238162,-0.16176797070702892,0.09842105263157894,-0.012820512820512706,29.160166135,2.981437921524048,5,94.55364227294922
232.20000000000002,3.4359400371973736,-0.16056078757352948,0.09842105263157894,-0.012820512820512706,28.799616254,2.981437921524048,5,94.55364227294922
232.20000000000002,3.4359400371973736,-0.16056078757352948,0.09842105263157894,-0.012820512820512706,28.799616254,2.981437921524048,5,94.55364227294922
232.20000000000002,3.4359400371973736,-0.16056078757352948,0.09842105263157894,-0.012820512820512706,28.799616254,2.981437921524048,5,94.55364227294922
232.20000000000002,3.4327933879014454,-0.1594199447220997,0.09842105263157894,-0.012820512820512706,28.799616254,2.981437921524048,5,94.55364227294922
232.20000000000002,3.4327933879014454,-0.1594199447220997,0.09842105263157894,-0.012820512820512706,28.44145268,2.981437921524048,5,94.55364227294922
232.20000000000002,3.4327933879014454,-0.1594199447220997,0.09842105263157894,-0.012820512820512706,28.44145268,2.981437921524048,5,94.55364227294922
232.20000000000002,3.4327933879014454,-0.1594199447220997,0.09842105263157894,-0.012820512820512706,28.44145268,2.981437921524048,5,94.55364227294922
232.20000000000002,3.4327933879014454,-0.1594199447220997,0.09842105263157894,-0.012820512820512706,28.44145268,2.981437921524048,5,94.55364227294922
232.20000000000002,3.429646014127171,-0.15827684573608797,0.10999999999999999,-0.1728205128205127,28.094216084,2.981437921524048,5,94.55364227294922
232.20000000000002,3.429646014127171,-0.15827684573608797,0.10999999999999999,-0.1728205128205127,28.094216084,2.981437921524048,5,94.55364227294922
232.3,3.429646014127171,-0.15827684573608797,0.10999999999999999,-0.1728205128205127,28.094216084,2.981437921524048,5,94.55364227294922
232.3,3.429646014127171,-0.15827684573608797,0.10999999999999999,-0.1728205128205127,28.094216084,2.981437921524048,5,94.55364227294922
232.3,3.4264993213485684,-0.1571317455321068,0.10999999999999999,-0.1728205128205127,28.094216084,2.981437921524048,5,94.55364227294922
232.3,3.4264993213485684,-0.1571317455321068,0.10999999999999999,-0.19230769230769215,28.609616891,2.981437921524048,5,94.55364227294922
232.3,3.4264993213485684,-0.1571317455321068,0.10999999999999999,-0.19230769230769215,28.609616891,2.981437921524048,5,94.55364227294922
232.3,3.4264993213485684,-0.1571317455321068,0.10999999999999999,-0.19230769230769215,28.609616891,2.981437921524048,5,94.55364227294922
232.3,3.4264993213485684,-0.1571317455321068,0.10999999999999999,-0.19230769230769215,28.609616891,2.981437921524048,5,94.55364227294922
232.3,3.4224258864184636,-0.15564368474018164,0.10999999999999999,-0.19230769230769215,28.083589961,2.981437921524048,5,94.55364227294922
232.3,3.4224258864184636,-0.15564368474018164,0.09842105263157894,-0.16666666666666652,28.083589961,2.981437921524048,5,94.55364227294922
232.3,3.4224258864184636,-0.15564368474018164,0.09842105263157894,-0.16666666666666652,28.083589961,2.981437921524048,5,94.55364227294922
232.3,3.4224258864184636,-0.15564368474018164,0.09842105263157894,-0.16666666666666652,28.083589961,2.981437921524048,5,94.55364227294922
232.3,3.418904496766392,-0.15433178214034438,0.09842105263157894,-0.16666666666666652,27.693070207,2.9417123794555664,5,94.55364227294922
232.3,3.418904496766392,-0.15433178214034438,0.09842105263157894,-0.16666666666666652,27.693070207,2.9417123794555664,5,94.55364227294922
232.4,3.418904496766392,-0.15433178214034438,0.09842105263157894,-0.16666666666666652,27.693070207,2.9417123794555664,5,94.55364227294922
232.4,3.418904496766392,-0.15433178214034438,0.09842105263157894,-0.16666666666666652,27.693070207,2.9417123794555664,5,94.55364227294922
232.4,3.415763842835469,-0.15313011555395345,0.09842105263157894,-0.16666666666666652,28.008672677,2.9417123794555664,5,94.55364227294922
232.4,3.415763842835469,-0.15313011555395345,0.09842105263157894,-0.16666666666666652,28.008672677,2.9417123794555664,5,94.55364227294922
232.4,3.415763842835469,-0.15313011555395345,0.09842105263157894,-0.16666666666666652,28.008672677,2.9417123794555664,5,94.55364227294922
232.4,3.415763842835469,-0.15313011555395345,0.09842105263157894,-0.19230769230769215,28.008672677,2.9417123794555664,5,94.55364227294922
232.4,3.4126366868456897,-0.1519147838269363,0.09842105263157894,-0.19230769230769215,28.173703259,2.9417123794555664,5,94.55364227294922
232.4,3.4126366868456897,-0.1519147838269363,0.09842105263157894,-0.19230769230769215,28.173703259,2.9417123794555664,5,94.55364227294922
232.4,3.4126366868456897,-0.1519147838269363,0.09842105263157894,-0.19230769230769215,28.173703259,2.9417123794555664,5,94.55364227294922
232.4,3.409511333018302,-0.15068508561847743,0.09842105263157894,-0.19230769230769215,28.327820078,2.9417123794555664,5,94.55364227294922
232.4,3.409511333018302,-0.15068508561847743,0.09842105263157894,-0.19230769230769215,28.327820078,2.9417123794555664,5,94.55364227294922
232.50000000000003,3.409511333018302,-0.15068508561847743,0.09842105263157894,-0.19230769230769215,28.327820078,2.9417123794555664,5,94.4996566772461
232.50000000000003,3.409511333018302,-0.15068508561847743,0.09842105263157894,-0.19230769230769215,28.327820078,2.9417123794555664,5,94.4996566772461
232.50000000000003,3.409511333018302,-0.15068508561847743,0.09842105263157894,-0.19230769230769215,28.327820078,2.9417123794555664,5,94.4996566772461
232.50000000000003,3.4063911439318173,-0.14943135099569604,0.09842105263157894,-0.19230769230769215,28.486166447,2.9417123794555664,5,94.4996566772461
232.50000000000003,3.4063911439318173,-0.14943135099569604,0.10999999999999999,-0.06410256410256399,28.486166447,2.9417123794555664,5,94.4996566772461
232.50000000000003,3.4063911439318173,-0.14943135099569604,0.10999999999999999,-0.06410256410256399,28.486166447,2.9417123794555664,5,94.4996566772461
232.50000000000003,3.4032839484963624,-0.14815500492092237,0.10999999999999999,-0.06410256410256399,28.486166447,2.9417123794555664,5,94.4996566772461
232.50000000000003,3.4032839484963624,-0.14815500492092237,0.10999999999999999,-0.06410256410256399,28.479507015,2.9417123794555664,5,94.4996566772461
232.50000000000003,3.4032839484963624,-0.14815500492092237,0.10999999999999999,-0.06410256410256399,28.479507015,2.9417123794555664,5,94.4996566772461
232.50000000000003,3.4032839484963624,-0.14815500492092237,0.10999999999999999,-0.06410256410256399,28.479507015,2.9417123794555664,5,94.4996566772461
232.50000000000003,3.4032839484963624,-0.14815500492092237,0.10999999999999999,-0.06410256410256399,28.479507015,2.9417123794555664,5,94.4996566772461
232.50000000000003,3.3998280636543305,-0.14671539532725913,0.10999999999999999,-0.06410256410256399,28.146383258,2.9417123794555664,5,94.4996566772461
232.60000000000002,3.3998280636543305,-0.14671539532725913,0.10999999999999999,-0.06410256410256399,28.146383258,2.9417123794555664,5,94.4996566772461
232.60000000000002,3.3998280636543305,-0.14671539532725913,0.10999999999999999,-0.06410256410256399,28.146383258,2.9417123794555664,5,94.4996566772461
232.60000000000002,3.3998280636543305,-0.14671539532725913,0.10999999999999999,-0.038461538461538346,28.146383258,2.9417123794555664,5,94.4996566772461
232.60000000000002,3.396378984065845,-0.1452764596352349,0.10999999999999999,-0.038461538461538346,27.808762817,2.9417123794555664,5,94.4996566772461
232.60000000000002,3.396378984065845,-0.1452764596352349,0.10999999999999999,-0.038461538461538346,27.808762817,2.9417123794555664,5,94.4996566772461
232.60000000000002,3.396378984065845,-0.1452764596352349,0.10999999999999999,-0.038461538461538346,27.808762817,2.9417123794555664,5,94.4996566772461
232.60000000000002,3.396378984065845,-0.1452764596352349,0.10999999999999999,-0.038461538461538346,27.808762817,2.9417123794555664,5,94.4996566772461
232.60000000000002,3.39292653822071,-0.14383431793287654,0.10999999999999999,-0.038461538461538346,28.323253439,2.9417123794555664,5,94.4996566772461
232.60000000000002,3.39292653822071,-0.14383431793287654,0.10999999999999999,-0.038461538461538346,28.323253439,2.9417123794555664,5,94.4996566772461
232.60000000000002,3.39292653822071,-0.14383431793287654,0.10999999999999999,-0.038461538461538346,28.323253439,2.9417123794555664,5,94.4996566772461
232.60000000000002,3.3894767458471513,-0.14238318737133943,0.10999999999999999,-0.038461538461538346,28.323253439,2.9417123794555664,5,94.4996566772461
232.60000000000002,3.3894767458471513,-0.14238318737133943,0.10999999999999999,-0.038461538461538346,28.338602788,2.9417123794555664,5,94.4996566772461
232.70000000000002,3.3894767458471513,-0.14238318737133943,0.10999999999999999,-0.08974358974358962,28.338602788,2.9417123794555664,5,94.4996566772461
232.70000000000002,3.3894767458471513,-0.14238318737133943,0.10999999999999999,-0.08974358974358962,28.338602788,2.9417123794555664,5,94.4996566772461
232.70000000000002,3.3894767458471513,-0.14238318737133943,0.10999999999999999,-0.08974358974358962,28.338602788,2.9417123794555664,5,94.4996566772461
232.70000000000002,3.3860319622736315,-0.14092798310341215,0.10999999999999999,-0.08974358974358962,27.769499683,2.9167122840881348,5,94.4996566772461
232.70000000000002,3.3860319622736315,-0.14092798310341215,0.10999999999999999,-0.08974358974358962,27.769499683,2.9167122840881348,5,94.4996566772461
232.70000000000002,3.3860319622736315,-0.14092798310341215,0.10999999999999999,-0.08974358974358962,27.769499683,2.9167122840881348,5,94.4996566772461
232.70000000000002,3.3825860126090683,-0.13946871527671545,0.10999999999999999,-0.08974358974358962,27.435539702,2.9167122840881348,5,94.4996566772461
232.70000000000002,3.3825860126090683,-0.13946871527671545,0.10999999999999999,-0.08974358974358962,27.435539702,2.9167122840881348,5,94.4996566772461
232.70000000000002,3.3825860126090683,-0.13946871527671545,0.10999999999999999,-0.08974358974358962,27.435539702,2.9167122840881348,5,94.4996566772461
232.70000000000002,3.3825860126090683,-0.13946871527671545,0.10999999999999999,-0.08974358974358962,27.435539702,2.9167122840881348,5,94.4996566772461
232.70000000000002,3.3825860126090683,-0.13946871527671545,0.09842105263157894,-0.038461538461538346,27.435539702,2.9167122840881348,5,94.4996566772461
232.70000000000002,3.3791402887514925,-0.13799628513536316,0.09842105263157894,-0.038461538461538346,27.121941234,2.9167122840881348,5,94.4996566772461
232.70000000000002,3.3791402887514925,-0.13799628513536316,0.09842105263157894,-0.038461538461538346,27.121941234,2.9167122840881348,5,94.4996566772461
232.8,3.3791402887514925,-0.13799628513536316,0.09842105263157894,-0.038461538461538346,27.121941234,2.9167122840881348,5,94.4996566772461
232.8,3.3791402887514925,-0.13799628513536316,0.09842105263157894,-0.038461538461538346,27.121941234,2.9167122840881348,5,94.4996566772461
232.8,3.3791402887514925,-0.13799628513536316,0.09842105263157894,-0.038461538461538346,27.121941234,2.9167122840881348,5,94.4996566772461
232.8,3.3771406979305745,-0.1372687947509581,0.09842105263157894,-0.038461538461538346,27.131159518,2.9167122840881348,5,94.4996566772461
232.8,3.3771406979305745,-0.1372687947509581,0.09842105263157894,-0.038461538461538346,27.131159518,2.9167122840881348,5,94.4996566772461
232.8,3.3771406979305745,-0.1372687947509581,0.09842105263157894,-0.038461538461538346,27.131159518,2.9167122840881348,5,94.4996566772461
232.8,3.3771406979305745,-0.1372687947509581,0.09842105263157894,-0.038461538461538346,27.131159518,2.9167122840881348,5,94.4996566772461
232.8,3.3768851499520007,-0.1375113416143347,0.09842105263157894,-0.038461538461538346,27.136313088,2.9167122840881348,5,94.4996566772461
232.8,3.3768851499520007,-0.1375113416143347,0.09842105263157894,-0.08974358974358962,27.136313088,2.9167122840881348,5,94.4996566772461
232.8,3.3768851499520007,-0.1375113416143347,0.09842105263157894,-0.08974358974358962,27.335001653,2.93806791305542,5,94.4996566772461
232.8,3.3768851499520007,-0.1375113416143347,0.09842105263157894,-0.08974358974358962,27.335001653,2.93806791305542,5,94.4996566772461
232.8,3.376623333042711,-0.13774829074845063,0.09842105263157894,-0.08974358974358962,27.335001653,2.93806791305542,5,94.4996566772461
232.9,3.376623333042711,-0.13774829074845063,0.09842105263157894,-0.08974358974358962,27.644161467,2.93806791305542,5,94.4996566772461
232.9,3.376623333042711,-0.13774829074845063,0.09842105263157894,-0.08974358974358962,27.644161467,2.93806791305542,5,94.4996566772461
232.9,3.376623333042711,-0.13774829074845063,0.09842105263157894,-0.08974358974358962,27.644161467,2.93806791305542,5,94.4996566772461
232.9,3.376623333042711,-0.13774829074845063,0.09842105263157894,-0.08974358974358962,27.644161467,2.93806791305542,5,94.4996566772461
232.9,3.3763628201386506,-0.13796945534713312,0.09842105263157894,-0.08974358974358962,27.976887264,2.93806791305542,5,94.4996566772461
232.9,3.3763628201386506,-0.13796945534713312,0.08684210526315789,-0.038461538461538346,27.976887264,2.93806791305542,5,94.4996566772461
232.9,3.3763628201386506,-0.13796945534713312,0.08684210526315789,-0.038461538461538346,27.976887264,2.93806791305542,5,94.4996566772461
232.9,3.3761098567653596,-0.1381751165515982,0.08684210526315789,-0.038461538461538346,28.311427976,2.93806791305542,5,94.4996566772461
232.9,3.3761098567653596,-0.1381751165515982,0.08684210526315789,-0.038461538461538346,28.311427976,2.93806791305542,5,94.4996566772461
232.9,3.3761098567653596,-0.1381751165515982,0.08684210526315789,-0.038461538461538346,28.311427976,2.93806791305542,5,94.4996566772461
232.9,3.3761098567653596,-0.1381751165515982,0.08684210526315789,-0.038461538461538346,28.311427976,2.93806791305542,5,94.4996566772461
233.00000000000003,3.37622672227584,-0.13853347262399524,0.08684210526315789,-0.038461538461538346,29.038725697,2.93806791305542,5,94.46422576904297
233.00000000000003,3.37622672227584,-0.13853347262399524,0.08684210526315789,-0.038461538461538346,29.038725697,2.93806791305542,5,94.46422576904297
233.00000000000003,3.37622672227584,-0.13853347262399524,0.08684210526315789,-0.038461538461538346,29.038725697,2.93806791305542,5,94.46422576904297
233.00000000000003,3.37622672227584,-0.13853347262399524,0.08684210526315789,-0.038461538461538346,29.038725697,2.93806791305542,5,94.46422576904297
233.00000000000003,3.374936244465326,-0.13811915006097508,0.10999999999999999,0.03846153846153858,29.801312469,2.93806791305542,5,94.46422576904297
233.00000000000003,3.374936244465326,-0.13811915006097508,0.10999999999999999,0.03846153846153858,29.801312469,2.93806791305542,5,94.46422576904297
233.00000000000003,3.374936244465326,-0.13811915006097508,0.10999999999999999,0.03846153846153858,29.801312469,2.93806791305542,5,94.46422576904297
233.00000000000003,3.374936244465326,-0.13811915006097508,0.10999999999999999,0.03846153846153858,29.801312469,2.93806791305542,5,94.46422576904297
233.00000000000003,3.372231361233592,-0.13692397947281143,0.10999999999999999,0.03846153846153858,30.578623973,2.93806791305542,5,94.46422576904297
233.00000000000003,3.372231361233592,-0.13692397947281143,0.10999999999999999,0.038461538461538575,30.578623973,2.93806791305542,5,94.46422576904297
233.00000000000003,3.372231361233592,-0.13692397947281143,0.10999999999999999,0.038461538461538575,30.578623973,2.93806791305542,5,94.46422576904297
233.10000000000002,3.3688182534348217,-0.13540548486717752,0.10999999999999999,0.038461538461538575,30.590873695,2.93806791305542,5,94.46422576904297
233.10000000000002,3.3688182534348217,-0.13540548486717752,0.10999999999999999,0.038461538461538575,30.590873695,2.93806791305542,5,94.46422576904297
233.10000000000002,3.3688182534348217,-0.13540548486717752,0.10999999999999999,0.038461538461538575,30.590873695,2.93806791305542,5,94.46422576904297
233.10000000000002,3.3654059575277486,-0.13390694748340592,0.10999999999999999,0.012820512820512935,30.21901371,2.93806791305542,5,94.46422576904297
233.10000000000002,3.3654059575277486,-0.13390694748340592,0.10999999999999999,0.012820512820512935,30.21901371,2.93806791305542,5,94.46422576904297
233.10000000000002,3.3654059575277486,-0.13390694748340592,0.10999999999999999,0.012820512820512935,30.21901371,2.93806791305542,5,94.46422576904297
233.10000000000002,3.3654059575277486,-0.13390694748340592,0.10999999999999999,0.012820512820512935,30.21901371,2.93806791305542,5,94.46422576904297
233.10000000000002,3.3619778298787617,-0.13242003035205974,0.10999999999999999,0.012820512820512935,30.21901371,2.93806791305542,5,94.46422576904297
233.10000000000002,3.3619778298787617,-0.13242003035205974,0.10999999999999999,0.012820512820512935,29.364433232,2.8917126655578613,5,94.46422576904297
233.10000000000002,3.3619778298787617,-0.13242003035205974,0.10999999999999999,0.012820512820512935,29.364433232,2.8917126655578613,5,94.46422576904297
233.10000000000002,3.3619778298787617,-0.13242003035205974,0.10999999999999999,0.012820512820512935,29.364433232,2.8917126655578613,5,94.46422576904297
233.20000000000002,3.3585481288119583,-0.13092291132903444,0.10999999999999999,0.012820512820512935,29.007146177,2.8917126655578613,5,94.46422576904297
233.20000000000002,3.3585481288119583,-0.13092291132903444,0.10999999999999999,0.012820512820512935,29.007146177,2.8917126655578613,5,94.46422576904297
233.20000000000002,3.3585481288119583,-0.13092291132903444,0.10421052631578946,-0.012820512820512706,29.007146177,2.8917126655578613,5,94.46422576904297
233.20000000000002,3.3585481288119583,-0.13092291132903444,0.10421052631578946,-0.012820512820512706,29.007146177,2.8917126655578613,5,94.46422576904297
233.20000000000002,3.3585481288119583,-0.13092291132903444,0.10421052631578946,-0.012820512820512706,29.007146177,2.8917126655578613,5,94.46422576904297
233.20000000000002,3.3585481288119583,-0.13092291132903444,0.10421052631578946,-0.012820512820512706,29.007146177,2.8917126655578613,5,94.46422576904297
233.20000000000002,3.3585481288119583,-0.13092291132903444,0.10421052631578946,-0.012820512820512706,29.007146177,2.8917126655578613,5,94.46422576904297
233.20000000000002,3.3585481288119583,-0.13092291132903444,0.10421052631578946,-0.012820512820512706,29.007146177,2.8917126655578613,5,94.46422576904297
233.20000000000002,3.355126264816009,-0.12942461746418277,0.10421052631578946,-0.012820512820512706,29.007146177,2.8917126655578613,5,94.46422576904297
233.20000000000002,3.355126264816009,-0.12942461746418277,0.10421052631578946,-0.012820512820512706,28.658020558,2.8917126655578613,5,94.46422576904297
233.20000000000002,3.355126264816009,-0.12942461746418277,0.10421052631578946,-0.012820512820512706,28.658020558,2.8917126655578613,5,94.46422576904297
233.20000000000002,3.355126264816009,-0.12942461746418277,0.10421052631578946,-0.012820512820512706,28.658020558,2.8917126655578613,5,94.46422576904297
233.20000000000002,3.3518809832152314,-0.12801216650009584,0.09842105263157894,0.038461538461538575,28.489980335,2.8917126655578613,5,94.46422576904297
233.20000000000002,3.3518809832152314,-0.12801216650009584,0.09842105263157894,0.038461538461538575,28.489980335,2.8917126655578613,5,94.46422576904297
233.20000000000002,3.3518809832152314,-0.12801216650009584,0.09842105263157894,0.038461538461538575,28.489980335,2.8917126655578613,5,94.46422576904297
233.3,3.3486305167802497,-0.12659669226388337,0.09842105263157894,0.038461538461538575,27.950303902,2.8917126655578613,5,94.46422576904297
233.3,3.3486305167802497,-0.12659669226388337,0.09842105263157894,0.038461538461538575,27.708662645,2.8667125701904297,5,94.46422576904297
233.3,3.3486305167802497,-0.12659669226388337,0.09842105263157894,0.038461538461538575,27.708662645,2.8667125701904297,5,94.46422576904297
233.3,3.3486305167802497,-0.12659669226388337,0.09842105263157894,0.038461538461538575,27.708662645,2.8667125701904297,5,94.46422576904297
233.3,3.3486305167802497,-0.12659669226388337,0.09842105263157894,0.038461538461538575,27.708662645,2.8667125701904297,5,94.46422576904297
233.3,3.3455630025011587,-0.12525545684708728,0.09842105263157894,0.038461538461538575,27.362045145,2.8667125701904297,5,94.46422576904297
233.3,3.3455630025011587,-0.12525545684708728,0.09842105263157894,0.038461538461538575,27.362045145,2.8667125701904297,5,94.46422576904297
233.3,3.3455630025011587,-0.12525545684708728,0.09263157894736841,0.012820512820512935,27.362045145,2.8667125701904297,5,94.46422576904297
233.3,3.3424990707523454,-0.12392132440194092,0.09263157894736841,0.012820512820512935,27.362045145,2.8667125701904297,5,94.46422576904297
233.3,3.3424990707523454,-0.12392132440194092,0.09263157894736841,0.012820512820512935,27.050316752,2.8667125701904297,5,94.46422576904297
233.3,3.3424990707523454,-0.12392132440194092,0.09263157894736841,0.012820512820512935,27.050316752,2.8667125701904297,5,94.46422576904297
233.4,3.3424990707523454,-0.12392132440194092,0.09263157894736841,0.012820512820512935,27.050316752,2.8667125701904297,5,94.46422576904297
233.4,3.339608554055687,-0.12267153257805952,0.09263157894736841,0.012820512820512935,27.533314726,2.8667125701904297,5,94.46422576904297
233.4,3.339608554055687,-0.12267153257805952,0.09263157894736841,0.012820512820512935,27.533314726,2.8667125701904297,5,94.46422576904297
233.4,3.339608554055687,-0.12267153257805952,0.09263157894736841,0.012820512820512935,27.533314726,2.8667125701904297,5,94.46422576904297
233.4,3.339608554055687,-0.12267153257805952,0.09263157894736841,0.012820512820512935,27.533314726,2.8667125701904297,5,94.46422576904297
233.4,3.339608554055687,-0.12267153257805952,0.09263157894736841,0.012820512820512935,27.533314726,2.8667125701904297,5,94.46422576904297
233.4,3.3367139630312677,-0.1214197250160155,0.08684210526315789,0.038461538461538575,28.031292709,2.8667125701904297,5,94.46422576904297
233.4,3.3367139630312677,-0.1214197250160155,0.08684210526315789,0.038461538461538575,28.031292709,2.8667125701904297,5,94.46422576904297
233.4,3.3367139630312677,-0.1214197250160155,0.08684210526315789,0.038461538461538575,28.031292709,2.8667125701904297,5,94.46422576904297
233.4,3.3367139630312677,-0.1214197250160155,0.08684210526315789,0.038461538461538575,28.031292709,2.8667125701904297,5,94.46422576904297
233.4,3.333822642041023,-0.12016715589207128,0.08684210526315789,0.038461538461538575,28.571308408,2.8667125701904297,5,94.46422576904297
233.4,3.333822642041023,-0.12016715589207128,0.08684210526315789,0.038461538461538575,28.571308408,2.8667125701904297,5,94.46422576904297
233.4,3.333822642041023,-0.12016715589207128,0.08684210526315789,0.038461538461538575,28.571308408,2.8667125701904297,5,94.46422576904297
233.4,3.333822642041023,-0.12016715589207128,0.08684210526315789,0.038461538461538575,28.571308408,2.8667125701904297,5,94.46422576904297
233.4,3.333822642041023,-0.12016715589207128,0.08684210526315789,0.038461538461538575,28.571308408,2.8667125701904297,5,94.46422576904297
233.50000000000003,3.333822642041023,-0.12016715589207128,0.08684210526315789,0.038461538461538575,28.571308408,2.8667125701904297,5,94.46422576904297
233.50000000000003,3.3311131909863843,-0.118997037533916,0.10999999999999999,0.11538461538461547,29.319154087,2.8667125701904297,5,94.41801452636719
233.50000000000003,3.3311131909863843,-0.118997037533916,0.10999999999999999,0.11538461538461547,29.319154087,2.8667125701904297,5,94.41801452636719
233.50000000000003,3.3311131909863843,-0.118997037533916,0.10999999999999999,0.11538461538461547,29.319154087,2.8667125701904297,5,94.41801452636719
233.50000000000003,3.3311131909863843,-0.118997037533916,0.10999999999999999,0.11538461538461547,29.319154087,2.8667125701904297,5,94.41801452636719
233.50000000000003,3.3284019553347157,-0.11783191156722961,0.10999999999999999,0.11538461538461547,29.319154087,2.8667125701904297,5,94.41801452636719
233.50000000000003,3.3284019553347157,-0.11783191156722961,0.10999999999999999,0.11538461538461547,30.083586045,2.8667125701904297,5,94.41801452636719
233.50000000000003,3.3284019553347157,-0.11783191156722961,0.10999999999999999,0.11538461538461547,30.083586045,2.8667125701904297,5,94.41801452636719
233.50000000000003,3.3284019553347157,-0.11783191156722961,0.10999999999999999,0.11538461538461547,30.083586045,2.8667125701904297,5,94.41801452636719
233.50000000000003,3.324249028916274,-0.11605847562638505,0.10999999999999999,0.11538461538461547,28.862724552,2.841712474822998,5,94.41801452636719
233.50000000000003,3.324249028916274,-0.11605847562638505,0.10999999999999999,0.11538461538461547,28.862724552,2.841712474822998,5,94.41801452636719
233.50000000000003,3.324249028916274,-0.11605847562638505,0.10999999999999999,0.06410256410256421,28.862724552,2.841712474822998,5,94.41801452636719
233.60000000000002,3.324249028916274,-0.11605847562638505,0.10999999999999999,0.06410256410256421,28.862724552,2.841712474822998,5,94.41801452636719
233.60000000000002,3.320815469360899,-0.11462144282683029,0.10999999999999999,0.06410256410256421,28.686715908,2.841712474822998,5,94.41801452636719
233.60000000000002,3.320815469360899,-0.11462144282683029,0.10999999999999999,0.06410256410256421,28.686715908,2.841712474822998,5,94.41801452636719
233.60000000000002,3.320815469360899,-0.11462144282683029,0.10999999999999999,0.06410256410256421,28.686715908,2.841712474822998,5,94.41801452636719
233.60000000000002,3.320815469360899,-0.11462144282683029,0.10999999999999999,0.06410256410256421,28.686715908,2.841712474822998,5,94.41801452636719
233.60000000000002,3.320815469360899,-0.11462144282683029,0.10999999999999999,0.06410256410256421,28.686715908,2.841712474822998,5,94.41801452636719
233.60000000000002,3.3173629411067216,-0.11320143483327816,0.10999999999999999,0.06410256410256421,28.332574372,2.841712474822998,5,94.41801452636719
233.60000000000002,3.3173629411067216,-0.11320143483327816,0.10999999999999999,0.06410256410256421,28.332574372,2.841712474822998,5,94.41801452636719
233.60000000000002,3.3173629411067216,-0.11320143483327816,0.10999999999999999,0.06410256410256421,28.332574372,2.841712474822998,5,94.41801452636719
233.60000000000002,3.3173629411067216,-0.11320143483327816,0.10421052631578946,0.06410256410256421,28.332574372,2.841712474822998,5,94.41801452636719
233.60000000000002,3.3139039983611185,-0.11177857664124535,0.10421052631578946,0.06410256410256421,27.985962396,2.841712474822998,5,94.41801452636719
233.60000000000002,3.3139039983611185,-0.11177857664124535,0.10421052631578946,0.06410256410256421,27.985962396,2.841712474822998,5,94.41801452636719
233.70000000000002,3.3139039983611185,-0.11177857664124535,0.10421052631578946,0.06410256410256421,27.985962396,2.841712474822998,5,94.41801452636719
233.70000000000002,3.3139039983611185,-0.11177857664124535,0.10421052631578946,0.06410256410256421,27.602311384,2.8027563095092773,5,94.41801452636719
233.70000000000002,3.310632558371915,-0.11043512928427607,0.10421052631578946,0.06410256410256421,27.602311384,2.8027563095092773,5,94.41801452636719
233.70000000000002,3.310632558371915,-0.11043512928427607,0.10421052631578946,0.06410256410256421,27.278248341,2.8027563095092773,5,94.41801452636719
233.70000000000002,3.310632558371915,-0.11043512928427607,0.10421052631578946,0.06410256410256421,27.278248341,2.8027563095092773,5,94.41801452636719
233.70000000000002,3.310632558371915,-0.11043512928427607,0.10421052631578946,0.06410256410256421,27.278248341,2.8027563095092773,5,94.41801452636719
233.70000000000002,3.3073578065523987,-0.10910466657282869,0.10421052631578946,0.06410256410256421,26.947628692,2.8027563095092773,5,94.41801452636719
233.70000000000002,3.3073578065523987,-0.10910466657282869,0.10999999999999999,-0.08974358974358962,26.947628692,2.8027563095092773,5,94.41801452636719
233.70000000000002,3.3073578065523987,-0.10910466657282869,0.10999999999999999,-0.08974358974358962,26.947628692,2.8027563095092773,5,94.41801452636719
233.70000000000002,3.3073578065523987,-0.10910466657282869,0.10999999999999999,-0.08974358974358962,26.947628692,2.8027563095092773,5,94.41801452636719
233.70000000000002,3.304074796608754,-0.1077809549372527,0.10999999999999999,-0.08974358974358962,26.618968064,2.8027563095092773,5,94.41801452636719
233.70000000000002,3.304074796608754,-0.1077809549372527,0.10999999999999999,-0.08974358974358962,26.618968064,2.8027563095092773,5,94.41801452636719
233.8,3.304074796608754,-0.1077809549372527,0.10999999999999999,-0.08974358974358962,26.618968064,2.8027563095092773,5,94.41801452636719
233.8,3.304074796608754,-0.1077809549372527,0.10999999999999999,-0.08974358974358962,26.618968064,2.8027563095092773,5,94.41801452636719
233.8,3.300423308376315,-0.10631139289735292,0.10999999999999999,-0.08974358974358962,25.834458011,2.8027563095092773,5,94.41801452636719
233.8,3.300423308376315,-0.10631139289735292,0.10999999999999999,-0.08974358974358962,25.834458011,2.8027563095092773,5,94.41801452636719
233.8,3.300423308376315,-0.10631139289735292,0.10999999999999999,-0.08974358974358962,25.834458011,2.8027563095092773,5,94.41801452636719
233.8,3.300423308376315,-0.10631139289735292,0.10999999999999999,-0.08974358974358962,25.834458011,2.8027563095092773,5,94.41801452636719
233.8,3.300423308376315,-0.10631139289735292,0.09263157894736841,0.038461538461538575,25.834458011,2.8027563095092773,5,94.41801452636719
233.8,3.300423308376315,-0.10631139289735292,0.09263157894736841,0.038461538461538575,25.834458011,2.8027563095092773,5,94.41801452636719
233.8,3.300423308376315,-0.10631139289735292,0.09263157894736841,0.038461538461538575,25.834458011,2.8027563095092773,5,94.41801452636719
233.8,3.2969503783748535,-0.10490699646309554,0.09263157894736841,0.038461538461538575,25.242842836,2.8027563095092773,5,94.41801452636719
233.8,3.2969503783748535,-0.10490699646309554,0.09263157894736841,0.038461538461538575,25.242842836,2.8027563095092773,5,94.41801452636719
233.8,3.2969503783748535,-0.10490699646309554,0.09263157894736841,0.038461538461538575,25.242842836,2.8027563095092773,5,94.41801452636719
233.8,3.2969503783748535,-0.10490699646309554,0.09263157894736841,0.038461538461538575,25.242842836,2.8027563095092773,5,94.41801452636719
233.8,3.294028561234401,-0.1037148054185823,0.09263157894736841,0.038461538461538575,26.282438954,2.8027563095092773,5,94.41801452636719
233.8,3.294028561234401,-0.1037148054185823,0.09263157894736841,0.038461538461538575,26.282438954,2.8027563095092773,5,94.41801452636719
233.9,3.294028561234401,-0.1037148054185823,0.08684210526315789,0.06410256410256421,26.282438954,2.8027563095092773,5,94.41801452636719
233.9,3.294028561234401,-0.1037148054185823,0.08684210526315789,0.06410256410256421,26.282438954,2.8027563095092773,5,94.41801452636719
233.9,3.291116124761558,-0.10252919961293461,0.08684210526315789,0.06410256410256421,26.755742683,2.8027563095092773,5,94.41801452636719
233.9,3.291116124761558,-0.10252919961293461,0.08684210526315789,0.06410256410256421,26.755742683,2.8027563095092773,5,94.41801452636719
233.9,3.291116124761558,-0.10252919961293461,0.08684210526315789,0.06410256410256421,26.755742683,2.8027563095092773,5,94.41801452636719
233.9,3.288379940017438,-0.10142764206025767,0.08684210526315789,0.06410256410256421,27.423130342,2.8027563095092773,5,94.41801452636719
233.9,3.288379940017438,-0.10142764206025767,0.08684210526315789,0.06410256410256421,27.423130342,2.8027563095092773,5,94.41801452636719
233.9,3.288379940017438,-0.10142764206025767,0.08684210526315789,0.06410256410256421,27.423130342,2.8027563095092773,5,94.41801452636719
233.9,3.288379940017438,-0.10142764206025767,0.08684210526315789,0.06410256410256421,27.423130342,2.8027563095092773,5,94.41801452636719
233.9,3.288379940017438,-0.10142764206025767,0.08684210526315789,0.06410256410256421,27.423130342,2.8027563095092773,5,94.41801452636719
233.9,3.2856386362574708,-0.10032991479077125,0.08684210526315789,0.06410256410256421,28.104422229,2.8027563095092773,5,94.41801452636719
234.00000000000003,3.2856386362574708,-0.10032991479077125,0.08105263157894736,0.08974358974358984,28.104422229,2.8027563095092773,5,94.36590576171875
234.00000000000003,3.2856386362574708,-0.10032991479077125,0.08105263157894736,0.08974358974358984,28.104422229,2.8027563095092773,5,94.36590576171875
234.00000000000003,3.282898287217077,-0.09923672901409442,0.08105263157894736,0.08974358974358984,28.104422229,2.8027563095092773,5,94.36590576171875
234.00000000000003,3.282898287217077,-0.09923672901409442,0.08105263157894736,0.08974358974358984,28.654375911,2.8027563095092773,5,94.36590576171875
234.00000000000003,3.282898287217077,-0.09923672901409442,0.08105263157894736,0.08974358974358984,28.654375911,2.8027563095092773,5,94.36590576171875
234.00000000000003,3.282898287217077,-0.09923672901409442,0.08105263157894736,0.08974358974358984,28.654375911,2.8027563095092773,5,94.36590576171875
234.00000000000003,3.2803402676756943,-0.09822441140799032,0.08105263157894736,0.08974358974358984,29.406264281,2.8027563095092773,5,94.36590576171875
234.00000000000003,3.2803402676756943,-0.09822441140799032,0.08105263157894736,0.08974358974358984,29.406264281,2.8027563095092773,5,94.36590576171875
234.00000000000003,3.2803402676756943,-0.09822441140799032,0.08105263157894736,0.08974358974358984,29.406264281,2.8027563095092773,5,94.36590576171875
234.00000000000003,3.2803402676756943,-0.09822441140799032,0.10999999999999999,0.012820512820512941,29.406264281,2.8027563095092773,5,94.36590576171875
234.00000000000003,3.2777802392347444,-0.09722148283782572,0.10999999999999999,0.012820512820512941,30.22634955,2.8027563095092773,5,94.36590576171875
234.00000000000003,3.2777802392347444,-0.09722148283782572,0.10999999999999999,0.012820512820512941,30.22634955,2.8027563095092773,5,94.36590576171875
234.10000000000002,3.2777802392347444,-0.09722148283782572,0.10999999999999999,0.012820512820512941,30.22634955,2.8027563095092773,5,94.36590576171875
234.10000000000002,3.2777802392347444,-0.09722148283782572,0.10999999999999999,0.012820512820512941,30.22634955,2.8027563095092773,5,94.36590576171875
234.10000000000002,3.2777802392347444,-0.09722148283782572,0.10999999999999999,0.012820512820512941,30.22634955,2.8027563095092773,5,94.36590576171875
234.10000000000002,3.2739500653432048,-0.09573196153257668,0.10999999999999999,0.012820512820512935,30.044480622,2.8027563095092773,5,94.36590576171875
234.10000000000002,3.2739500653432048,-0.09573196153257668,0.10999999999999999,0.012820512820512935,30.044480622,2.8027563095092773,5,94.36590576171875
234.10000000000002,3.2739500653432048,-0.09573196153257668,0.10999999999999999,0.012820512820512935,30.044480622,2.8027563095092773,5,94.36590576171875
234.10000000000002,3.2739500653432048,-0.09573196153257668,0.10999999999999999,0.012820512820512935,30.044480622,2.8027563095092773,5,94.36590576171875
234.10000000000002,3.2739500653432048,-0.09573196153257668,0.10999999999999999,-0.012820512820512706,30.044480622,2.8027563095092773,5,94.36590576171875
234.10000000000002,3.27046396009421,-0.09437033874292855,0.10999999999999999,-0.012820512820512706,29.678063017,2.7667126655578613,5,94.36590576171875
234.10000000000002,3.27046396009421,-0.09437033874292855,0.10999999999999999,-0.012820512820512706,29.678063017,2.7667126655578613,5,94.36590576171875
234.10000000000002,3.27046396009421,-0.09437033874292855,0.10999999999999999,-0.012820512820512706,29.678063017,2.7667126655578613,5,94.36590576171875
234.10000000000002,3.2669860237969566,-0.09300689150789232,0.10999999999999999,-0.012820512820512706,29.109428546,2.7667126655578613,5,94.36590576171875
234.10000000000002,3.2669860237969566,-0.09300689150789232,0.10999999999999999,-0.012820512820512706,29.109428546,2.7667126655578613,5,94.36590576171875
234.20000000000002,3.2669860237969566,-0.09300689150789232,0.10999999999999999,-0.012820512820512706,29.109428546,2.7667126655578613,5,94.36590576171875
234.20000000000002,3.2669860237969566,-0.09300689150789232,0.10999999999999999,-0.012820512820512706,29.109428546,2.7667126655578613,5,94.36590576171875
234.20000000000002,3.2635072366915425,-0.09164937354033276,0.10999999999999999,-0.012820512820512706,28.54674153,2.7667126655578613,5,94.36590576171875
234.20000000000002,3.2635072366915425,-0.09164937354033276,0.10999999999999999,-0.012820512820512706,28.54674153,2.7667126655578613,5,94.36590576171875
234.20000000000002,3.2635072366915425,-0.09164937354033276,0.10999999999999999,-0.08974358974358962,28.54674153,2.7667126655578613,5,94.36590576171875
234.20000000000002,3.2635072366915425,-0.09164937354033276,0.10999999999999999,-0.08974358974358962,28.54674153,2.7667126655578613,5,94.36590576171875
234.20000000000002,3.2635072366915425,-0.09164937354033276,0.10999999999999999,-0.08974358974358962,28.54674153,2.7667126655578613,5,94.36590576171875
234.20000000000002,3.2635072366915425,-0.09164937354033276,0.10999999999999999,-0.08974358974358962,28.54674153,2.7667126655578613,5,94.36590576171875
234.20000000000002,3.2600226415723568,-0.0902900598055707,0.10999999999999999,-0.08974358974358962,27.809876709,2.7667126655578613,5,94.36590576171875
234.20000000000002,3.2600226415723568,-0.0902900598055707,0.10999999999999999,-0.08974358974358962,27.809876709,2.7667126655578613,5,94.36590576171875
234.20000000000002,3.2600226415723568,-0.0902900598055707,0.10999999999999999,-0.08974358974358962,27.809876709,2.7667126655578613,5,94.36590576171875
234.20000000000002,3.2565376007709923,-0.08892216266746167,0.10999999999999999,-0.08974358974358962,27.123763914,2.7667126655578613,5,94.36590576171875
234.20000000000002,3.2565376007709923,-0.08892216266746167,0.10999999999999999,-0.08974358974358962,27.123763914,2.7667126655578613,5,94.36590576171875
234.3,3.2565376007709923,-0.08892216266746167,0.10999999999999999,-0.08974358974358962,27.123763914,2.7667126655578613,5,94.36590576171875
234.3,3.2565376007709923,-0.08892216266746167,0.10421052631578946,-0.08974358974358962,27.123763914,2.7667126655578613,5,94.36590576171875
234.3,3.2565376007709923,-0.08892216266746167,0.10421052631578946,-0.08974358974358962,27.123763914,2.7667126655578613,5,94.36590576171875
234.3,3.2530545409242704,-0.08754211983355586,0.10421052631578946,-0.08974358974358962,27.123763914,2.7667126655578613,5,94.36590576171875
234.3,3.2530545409242704,-0.08754211983355586,0.10421052631578946,-0.08974358974358962,26.450803049,2.7667126655578613,5,94.36590576171875
234.3,3.2530545409242704,-0.08754211983355586,0.10421052631578946,-0.08974358974358962,26.450803049,2.7667126655578613,5,94.36590576171875
234.3,3.2530545409242704,-0.08754211983355586,0.10421052631578946,-0.08974358974358962,26.450803049,2.7667126655578613,5,94.36590576171875
234.3,3.2530545409242704,-0.08754211983355586,0.10421052631578946,-0.08974358974358962,26.450803049,2.7667126655578613,5,94.36590576171875
234.3,3.2530545409242704,-0.08754211983355586,0.10421052631578946,-0.08974358974358962,26.450803049,2.7667126655578613,5,94.36590576171875
234.3,3.2530545409242704,-0.08754211983355586,0.10421052631578946,-0.08974358974358962,26.450803049,2.7667126655578613,5,94.36590576171875
234.3,3.2497583716481504,-0.08622298558552388,0.09842105263157894,-0.06410256410256399,25.82175656,2.7667126655578613,5,94.36590576171875
234.3,3.2497583716481504,-0.08622298558552388,0.09842105263157894,-0.06410256410256399,25.82175656,2.7667126655578613,5,94.36590576171875
234.3,3.2497583716481504,-0.08622298558552388,0.09842105263157894,-0.06410256410256399,25.82175656,2.7667126655578613,5,94.36590576171875
234.3,3.2497583716481504,-0.08622298558552388,0.09842105263157894,-0.06410256410256399,25.82175656,2.7667126655578613,5,94.36590576171875
234.3,3.246466119209345,-0.08489444301619431,0.09842105263157894,-0.06410256410256399,25.204855641,2.7667126655578613,5,94.36590576171875
234.4,3.246466119209345,-0.08489444301619431,0.09842105263157894,-0.06410256410256399,25.204855641,2.7667126655578613,5,94.36590576171875
234.4,3.246466119209345,-0.08489444301619431,0.09842105263157894,-0.06410256410256399,25.204855641,2.7667126655578613,5,94.36590576171875
234.4,3.246466119209345,-0.08489444301619431,0.09842105263157894,-0.06410256410256399,25.204855641,2.7667126655578613,5,94.36590576171875
234.4,3.2433591904497128,-0.08363087345771864,0.09842105263157894,-0.06410256410256399,25.204855641,2.7667126655578613,5,94.36590576171875
234.4,3.2433591904497128,-0.08363087345771864,0.09842105263157894,-0.06410256410256399,25.778557992,2.7667126655578613,5,94.36590576171875
234.4,3.2433591904497128,-0.08363087345771864,0.09842105263157894,-0.06410256410256399,25.778557992,2.7667126655578613,5,94.36590576171875
234.4,3.2433591904497128,-0.08363087345771864,0.09263157894736841,-0.038461538461538346,25.778557992,2.7667126655578613,5,94.36590576171875
234.4,3.240256246679067,-0.08236075497537887,0.09263157894736841,-0.038461538461538346,25.778557992,2.7667126655578613,5,94.36590576171875
234.4,3.240256246679067,-0.08236075497537887,0.09263157894736841,-0.038461538461538346,25.833378269,2.7417125701904297,5,94.36590576171875
234.4,3.240256246679067,-0.08236075497537887,0.09263157894736841,-0.038461538461538346,25.833378269,2.7417125701904297,5,94.36590576171875
234.4,3.240256246679067,-0.08236075497537887,0.09263157894736841,-0.038461538461538346,25.833378269,2.7417125701904297,5,94.36590576171875
234.4,3.240256246679067,-0.08236075497537887,0.09263157894736841,-0.038461538461538346,25.833378269,2.7417125701904297,5,94.36590576171875
234.4,3.237338235534124,-0.08116047616513888,0.09263157894736841,-0.038461538461538346,26.280870322,2.7417125701904297,5,94.36590576171875
234.50000000000003,3.237338235534124,-0.08116047616513888,0.09263157894736841,-0.038461538461538346,26.412477503,2.7554421424865723,5,94.3139419555664
234.50000000000003,3.237338235534124,-0.08116047616513888,0.09263157894736841,-0.038461538461538346,26.412477503,2.7554421424865723,5,94.3139419555664
234.50000000000003,3.237338235534124,-0.08116047616513888,0.09263157894736841,-0.038461538461538346,26.412477503,2.7554421424865723,5,94.3139419555664
234.50000000000003,3.234423009398593,-0.07995714869964254,0.08684210526315789,-0.012820512820512706,26.896855195,2.7554421424865723,5,94.3139419555664
234.50000000000003,3.234423009398593,-0.07995714869964254,0.08684210526315789,-0.012820512820512706,26.896855195,2.7554421424865723,5,94.3139419555664
234.50000000000003,3.234423009398593,-0.07995714869964254,0.08684210526315789,-0.012820512820512706,26.896855195,2.7554421424865723,5,94.3139419555664
234.50000000000003,3.234423009398593,-0.07995714869964254,0.08684210526315789,-0.012820512820512706,26.896855195,2.7554421424865723,5,94.3139419555664
234.50000000000003,3.2316921134349235,-0.07882681297807459,0.08684210526315789,-0.012820512820512706,27.584415872,2.7554421424865723,5,94.3139419555664
234.50000000000003,3.2316921134349235,-0.07882681297807459,0.08684210526315789,-0.012820512820512706,27.584415872,2.7554421424865723,5,94.3139419555664
234.50000000000003,3.2316921134349235,-0.07882681297807459,0.08684210526315789,-0.012820512820512706,27.584415872,2.7554421424865723,5,94.3139419555664
234.50000000000003,3.2316921134349235,-0.07882681297807459,0.08684210526315789,-0.012820512820512706,27.584415872,2.7554421424865723,5,94.3139419555664
234.50000000000003,3.2316921134349235,-0.07882681297807459,0.08684210526315789,-0.012820512820512706,27.584415872,2.7554421424865723,5,94.3139419555664
234.50000000000003,3.22896361728074,-0.07769612921188507,0.08684210526315789,-0.012820512820512706,28.293758195,2.7554421424865723,5,94.3139419555664
234.60000000000002,3.22896361728074,-0.07769612921188507,0.10999999999999999,-0.012820512820512706,28.293758195,2.7554421424865723,5,94.3139419555664
234.60000000000002,3.22896361728074,-0.07769612921188507,0.10999999999999999,-0.012820512820512706,28.293758195,2.7554421424865723,5,94.3139419555664
234.60000000000002,3.22896361728074,-0.07769612921188507,0.10999999999999999,-0.012820512820512706,28.293758195,2.7554421424865723,5,94.3139419555664
234.60000000000002,3.226236084840872,-0.07656542058258609,0.10999999999999999,-0.012820512820512706,29.06342874,2.7554421424865723,5,94.3139419555664
234.60000000000002,3.226236084840872,-0.07656542058258609,0.10999999999999999,-0.012820512820512706,29.06342874,2.7554421424865723,5,94.3139419555664
234.60000000000002,3.226236084840872,-0.07656542058258609,0.10999999999999999,-0.012820512820512706,29.06342874,2.7554421424865723,5,94.3139419555664
234.60000000000002,3.226236084840872,-0.07656542058258609,0.10999999999999999,-0.012820512820512706,29.06342874,2.7554421424865723,5,94.3139419555664
234.60000000000002,3.222058076434628,-0.07483177229040061,0.10999999999999999,-0.012820512820512706,27.72132915,2.716712474822998,5,94.3139419555664
234.60000000000002,3.222058076434628,-0.07483177229040061,0.10999999999999999,-0.012820512820512706,27.72132915,2.716712474822998,5,94.3139419555664
234.60000000000002,3.222058076434628,-0.07483177229040061,0.10999999999999999,-0.012820512820512706,27.72132915,2.716712474822998,5,94.3139419555664
234.60000000000002,3.222058076434628,-0.07483177229040061,0.10999999999999999,0.012820512820512935,27.72132915,2.716712474822998,5,94.3139419555664
234.60000000000002,3.218606884213809,-0.07339963245646419,0.10999999999999999,0.012820512820512935,27.559644803,2.716712474822998,5,94.3139419555664
234.70000000000002,3.218606884213809,-0.07339963245646419,0.10999999999999999,0.012820512820512935,27.559644803,2.716712474822998,5,94.3139419555664
234.70000000000002,3.218606884213809,-0.07339963245646419,0.10999999999999999,0.012820512820512935,27.559644803,2.716712474822998,5,94.3139419555664
234.70000000000002,3.218606884213809,-0.07339963245646419,0.10999999999999999,0.012820512820512935,27.559644803,2.716712474822998,5,94.3139419555664
234.70000000000002,3.218606884213809,-0.07339963245646419,0.10999999999999999,0.012820512820512935,27.559644803,2.716712474822998,5,94.3139419555664
234.70000000000002,3.218606884213809,-0.07339963245646419,0.10999999999999999,0.012820512820512935,27.559644803,2.716712474822998,5,94.3139419555664
234.70000000000002,3.218606884213809,-0.07339963245646419,0.10999999999999999,0.012820512820512935,27.559644803,2.716712474822998,5,94.3139419555664
234.70000000000002,3.215155440944413,-0.07196787595652199,0.10999999999999999,0.012820512820512935,27.559644803,2.716712474822998,5,94.3139419555664
234.70000000000002,3.215155440944413,-0.07196787595652199,0.10999999999999999,0.012820512820512935,27.218245705,2.716712474822998,5,94.3139419555664
234.70000000000002,3.215155440944413,-0.07196787595652199,0.10421052631578946,0.012820512820512935,27.218245705,2.716712474822998,5,94.3139419555664
234.70000000000002,3.215155440944413,-0.07196787595652199,0.10421052631578946,0.012820512820512935,27.218245705,2.716712474822998,5,94.3139419555664
234.70000000000002,3.211704221139219,-0.07053703533325462,0.10421052631578946,0.012820512820512935,26.890610181,2.716712474822998,5,94.3139419555664
234.70000000000002,3.211704221139219,-0.07053703533325462,0.10421052631578946,0.012820512820512935,26.890610181,2.716712474822998,5,94.3139419555664
234.70000000000002,3.211704221139219,-0.07053703533325462,0.10421052631578946,0.012820512820512935,26.890610181,2.716712474822998,5,94.3139419555664
234.70000000000002,3.211704221139219,-0.07053703533325462,0.10421052631578946,0.012820512820512935,26.890610181,2.716712474822998,5,94.3139419555664
234.70000000000002,3.208432909404122,-0.06918339931674644,0.10421052631578946,0.012820512820512935,26.568776709,2.716712474822998,5,94.3139419555664
234.8,3.208432909404122,-0.06918339931674644,0.10421052631578946,0.012820512820512935,26.568776709,2.716712474822998,5,94.3139419555664
234.8,3.208432909404122,-0.06918339931674644,0.10421052631578946,0.012820512820512935,26.568776709,2.716712474822998,5,94.3139419555664
234.8,3.208432909404122,-0.06918339931674644,0.10421052631578946,0.012820512820512935,26.568776709,2.716712474822998,5,94.3139419555664
234.8,3.2051595372890596,-0.06783092534035706,0.09842105263157894,0.038461538461538575,26.241669618,2.716712474822998,5,94.3139419555664
234.8,3.2051595372890596,-0.06783092534035706,0.09842105263157894,0.038461538461538575,26.0001871,2.6917126178741455,5,94.3139419555664
234.8,3.2051595372890596,-0.06783092534035706,0.09842105263157894,0.038461538461538575,26.0001871,2.6917126178741455,5,94.3139419555664
234.8,3.2020668060461404,-0.06655478695965311,0.09842105263157894,0.038461538461538575,26.0001871,2.6917126178741455,5,94.3139419555664
234.8,3.2020668060461404,-0.06655478695965311,0.09842105263157894,0.038461538461538575,25.677393831,2.6917126178741455,5,94.3139419555664
234.8,3.2020668060461404,-0.06655478695965311,0.09842105263157894,0.038461538461538575,25.677393831,2.6917126178741455,5,94.3139419555664
234.8,3.2020668060461404,-0.06655478695965311,0.09842105263157894,0.038461538461538575,25.677393831,2.6917126178741455,5,94.3139419555664
234.8,3.2020668060461404,-0.06655478695965311,0.09842105263157894,0.038461538461538575,25.677393831,2.6917126178741455,5,94.3139419555664
234.8,3.2020668060461404,-0.06655478695965311,0.09842105263157894,0.038461538461538575,25.677393831,2.6917126178741455,5,94.3139419555664
234.9,3.1989733607887363,-0.06528323956575788,0.09842105263157894,0.038461538461538575,25.379216054,2.6917126178741455,5,94.3139419555664
234.9,3.1989733607887363,-0.06528323956575788,0.09263157894736841,0.012820512820512935,25.379216054,2.6917126178741455,5,94.3139419555664
234.9,3.1989733607887363,-0.06528323956575788,0.09263157894736841,0.012820512820512935,25.379216054,2.6917126178741455,5,94.3139419555664
234.9,3.1989733607887363,-0.06528323956575788,0.09263157894736841,0.012820512820512935,25.379216054,2.6917126178741455,5,94.3139419555664
234.9,3.1958765049309177,-0.06401655170440856,0.09263157894736841,0.012820512820512935,25.379216054,2.6917126178741455,5,94.3139419555664
234.9,3.1958765049309177,-0.06401655170440856,0.09263157894736841,0.012820512820512935,25.071588652,2.6917126178741455,5,94.3139419555664
234.9,3.1958765049309177,-0.06401655170440856,0.09263157894736841,0.012820512820512935,25.071588652,2.6917126178741455,5,94.3139419555664
234.9,3.1958765049309177,-0.06401655170440856,0.09263157894736841,0.012820512820512935,25.071588652,2.6917126178741455,5,94.3139419555664
234.9,3.1958765049309177,-0.06401655170440856,0.09263157894736841,0.012820512820512935,25.071588652,2.6917126178741455,5,94.3139419555664
234.9,3.1958765049309177,-0.06401655170440856,0.09263157894736841,0.012820512820512935,25.071588652,2.6917126178741455,5,94.3139419555664
234.9,3.192958280187513,-0.0628265149156716,0.09263157894736841,0.012820512820512935,26.169657965,2.6917126178741455,5,94.3139419555664
234.9,3.192958280187513,-0.0628265149156716,0.08684210526315789,0.038461538461538575,26.169657965,2.6917126178741455,5,94.3139419555664
234.9,3.192958280187513,-0.0628265149156716,0.08684210526315789,0.038461538461538575,26.169657965,2.6917126178741455,5,94.3139419555664
235.00000000000003,3.1900389959849704,-0.0616366221033382,0.08684210526315789,0.038461538461538575,26.169657965,2.6917126178741455,5,94.3139419555664
235.00000000000003,3.1900389959849704,-0.0616366221033382,0.08684210526315789,0.038461538461538575,26.649576582,2.6917126178741455,5,94.26592254638672
235.00000000000003,3.1900389959849704,-0.0616366221033382,0.08684210526315789,0.038461538461538575,26.649576582,2.6917126178741455,5,94.26592254638672
235.00000000000003,3.1900389959849704,-0.0616366221033382,0.08684210526315789,0.038461538461538575,26.649576582,2.6917126178741455,5,94.26592254638672
235.00000000000003,3.1900389959849704,-0.0616366221033382,0.08684210526315789,0.038461538461538575,26.649576582,2.6917126178741455,5,94.26592254638672
235.00000000000003,3.1873035001118595,-0.06052279308632025,0.08684210526315789,0.038461538461538575,27.339526889,2.6917126178741455,5,94.26592254638672
235.00000000000003,3.1873035001118595,-0.06052279308632025,0.08684210526315789,0.038461538461538575,27.339526889,2.6917126178741455,5,94.26592254638672
235.00000000000003,3.1873035001118595,-0.06052279308632025,0.08684210526315789,0.038461538461538575,27.339526889,2.6917126178741455,5,94.26592254638672
235.00000000000003,3.1845688769534206,-0.059414220140658114,0.08105263157894736,0.06410256410256421,27.339526889,2.6917126178741455,5,94.26592254638672
235.00000000000003,3.1845688769534206,-0.059414220140658114,0.08105263157894736,0.06410256410256421,28.067206678,2.6917126178741455,5,94.26592254638672
235.00000000000003,3.1845688769534206,-0.059414220140658114,0.08105263157894736,0.06410256410256421,28.067206678,2.6917126178741455,5,94.26592254638672
235.00000000000003,3.1845688769534206,-0.059414220140658114,0.08105263157894736,0.06410256410256421,28.067206678,2.6917126178741455,5,94.26592254638672
235.10000000000002,3.1845688769534206,-0.059414220140658114,0.08105263157894736,0.06410256410256421,28.067206678,2.6917126178741455,5,94.26592254638672
235.10000000000002,3.1820147938794032,-0.05838453290331569,0.08105263157894736,0.06410256410256421,28.553375118,2.6667122840881348,5,94.26592254638672
235.10000000000002,3.1820147938794032,-0.05838453290331569,0.08105263157894736,0.06410256410256421,28.553375118,2.6667122840881348,5,94.26592254638672
235.10000000000002,3.1820147938794032,-0.05838453290331569,0.08105263157894736,0.06410256410256421,28.553375118,2.6667122840881348,5,94.26592254638672
235.10000000000002,3.1820147938794032,-0.05838453290331569,0.08105263157894736,0.06410256410256421,28.553375118,2.6667122840881348,5,94.26592254638672
235.10000000000002,3.17946081140201,-0.057360688028158524,0.08105263157894736,0.06410256410256421,29.369440511,2.6667122840881348,5,94.26592254638672
235.10000000000002,3.17946081140201,-0.057360688028158524,0.10999999999999999,0.11538461538461547,29.369440511,2.6667122840881348,5,94.26592254638672
235.10000000000002,3.17946081140201,-0.057360688028158524,0.10999999999999999,0.11538461538461547,29.369440511,2.6667122840881348,5,94.26592254638672
235.10000000000002,3.17946081140201,-0.057360688028158524,0.10999999999999999,0.11538461538461547,29.369440511,2.6667122840881348,5,94.26592254638672
235.10000000000002,3.1769058465968243,-0.05634337264680156,0.10999999999999999,0.11538461538461547,30.01916906,2.6667122840881348,5,94.26592254638672
235.10000000000002,3.1769058465968243,-0.05634337264680156,0.10999999999999999,0.11538461538461547,30.01916906,2.6667122840881348,5,94.26592254638672
235.10000000000002,3.1769058465968243,-0.05634337264680156,0.10999999999999999,0.11538461538461547,30.01916906,2.6667122840881348,5,94.26592254638672
235.20000000000002,3.1769058465968243,-0.05634337264680156,0.10999999999999999,0.11538461538461547,30.01916906,2.6667122840881348,5,94.26592254638672
235.20000000000002,3.1725214365159813,-0.0546085003700858,0.10999999999999999,0.11538461538461547,30.01916906,2.6667122840881348,5,94.26592254638672
235.20000000000002,3.1725214365159813,-0.0546085003700858,0.10999999999999999,0.11538461538461547,28.599686229,2.6667122840881348,5,94.26592254638672
235.20000000000002,3.1725214365159813,-0.0546085003700858,0.10999999999999999,0.11538461538461547,28.599686229,2.6667122840881348,5,94.26592254638672
235.20000000000002,3.1725214365159813,-0.0546085003700858,0.10999999999999999,-0.04461538461538453,28.599686229,2.6667122840881348,5,94.26592254638672
235.20000000000002,3.169033828004046,-0.05323433832165814,0.10999999999999999,-0.04461538461538453,28.222532346,2.6667122840881348,5,94.26592254638672
235.20000000000002,3.169033828004046,-0.05323433832165814,0.10999999999999999,-0.04461538461538453,28.222532346,2.6667122840881348,5,94.26592254638672
235.20000000000002,3.169033828004046,-0.05323433832165814,0.10999999999999999,-0.04461538461538453,28.222532346,2.6667122840881348,5,94.26592254638672
235.20000000000002,3.169033828004046,-0.05323433832165814,0.10999999999999999,-0.04461538461538453,28.222532346,2.6667122840881348,5,94.26592254638672
235.20000000000002,3.1655573295840442,-0.05187519169996713,0.10999999999999999,-0.06410256410256399,27.666412319,2.6667122840881348,5,94.26592254638672
235.20000000000002,3.1655573295840442,-0.05187519169996713,0.10999999999999999,-0.06410256410256399,27.666412319,2.6667122840881348,5,94.26592254638672
235.20000000000002,3.1655573295840442,-0.05187519169996713,0.10999999999999999,-0.06410256410256399,27.666412319,2.6667122840881348,5,94.26592254638672
235.3,3.1620720227219907,-0.05051002357654266,0.10999999999999999,-0.06410256410256399,27.666412319,2.6667122840881348,5,94.26592254638672
235.3,3.1620720227219907,-0.05051002357654266,0.10999999999999999,-0.06410256410256399,27.666412319,2.6667122840881348,5,94.26592254638672
235.3,3.1620720227219907,-0.05051002357654266,0.10999999999999999,-0.06410256410256399,27.135966206,2.6667122840881348,5,94.26592254638672
235.3,3.1620720227219907,-0.05051002357654266,0.10999999999999999,-0.06410256410256399,26.881573323,2.6417126655578613,5,94.26592254638672
235.3,3.1620720227219907,-0.05051002357654266,0.10999999999999999,-0.06410256410256399,26.881573323,2.6417126655578613,5,94.26592254638672
235.3,3.1585906592754958,-0.04913107743498757,0.10999999999999999,-0.06410256410256399,26.196982451,2.6417126655578613,5,94.26592254638672
235.3,3.1585906592754958,-0.04913107743498757,0.10999999999999999,-0.06410256410256399,26.196982451,2.6417126655578613,5,94.26592254638672
235.3,3.1585906592754958,-0.04913107743498757,0.10999999999999999,-0.06410256410256399,26.196982451,2.6417126655578613,5,94.26592254638672
235.3,3.1585906592754958,-0.04913107743498757,0.10999999999999999,-0.06410256410256399,26.196982451,2.6417126655578613,5,94.26592254638672
235.3,3.1551153846144127,-0.047745687258777036,0.10999999999999999,-0.06410256410256399,25.545955985,2.6417126655578613,5,94.26592254638672
235.3,3.1551153846144127,-0.047745687258777036,0.10999999999999999,-0.06410256410256399,25.545955985,2.6417126655578613,5,94.26592254638672
235.3,3.1551153846144127,-0.047745687258777036,0.10999999999999999,-0.06410256410256399,25.545955985,2.6417126655578613,5,94.26592254638672
235.4,3.1551153846144127,-0.047745687258777036,0.10421052631578946,-0.08974358974358962,25.545955985,2.6417126655578613,5,94.26592254638672
235.4,3.1516399777203157,-0.04635507414881512,0.10421052631578946,-0.08974358974358962,24.789672191,2.6417126655578613,5,94.26592254638672
235.4,3.1516399777203157,-0.04635507414881512,0.10421052631578946,-0.08974358974358962,24.789672191,2.6417126655578613,5,94.26592254638672
235.4,3.1516399777203157,-0.04635507414881512,0.10421052631578946,-0.08974358974358962,24.789672191,2.6417126655578613,5,94.26592254638672
235.4,3.1516399777203157,-0.04635507414881512,0.10421052631578946,-0.08974358974358962,24.789672191,2.6417126655578613,5,94.26592254638672
235.4,3.1483466464457814,-0.04502744165617234,0.10421052631578946,-0.08974358974358962,24.192952765,2.6417126655578613,5,94.26592254638672
235.4,3.1483466464457814,-0.04502744165617234,0.10421052631578946,-0.08974358974358962,24.192952765,2.6417126655578613,5,94.26592254638672
235.4,3.1483466464457814,-0.04502744165617234,0.10421052631578946,-0.08974358974358962,24.192952765,2.6417126655578613,5,94.26592254638672
235.4,3.1450569135320157,-0.043687689331766366,0.10421052631578946,-0.08974358974358962,23.625441195,2.6417126655578613,5,94.26592254638672
235.4,3.1450569135320157,-0.043687689331766366,0.10421052631578946,-0.08974358974358962,23.625441195,2.6417126655578613,5,94.26592254638672
235.4,3.1450569135320157,-0.043687689331766366,0.09842105263157894,-0.11538461538461525,23.625441195,2.6417126655578613,5,94.26592254638672
235.50000000000003,3.1450569135320157,-0.043687689331766366,0.09842105263157894,-0.11538461538461525,23.625441195,2.6417126655578613,5,94.26592254638672
235.50000000000003,3.1450569135320157,-0.043687689331766366,0.09842105263157894,-0.11538461538461525,23.625441195,2.6417126655578613,5,94.21434020996094
235.50000000000003,3.14177184334686,-0.0423377265540138,0.09842105263157894,-0.11538461538461525,24.44511184,2.6417126655578613,5,94.21434020996094
235.50000000000003,3.14177184334686,-0.0423377265540138,0.09842105263157894,-0.11538461538461525,24.44511184,2.6417126655578613,5,94.21434020996094
235.50000000000003,3.14177184334686,-0.0423377265540138,0.09842105263157894,-0.11538461538461525,24.44511184,2.6417126655578613,5,94.21434020996094
235.50000000000003,3.14177184334686,-0.0423377265540138,0.09842105263157894,-0.11538461538461525,24.44511184,2.6417126655578613,5,94.21434020996094
235.50000000000003,3.1386710083914657,-0.041052945771952065,0.09842105263157894,-0.11538461538461525,24.44511184,2.6417126655578613,5,94.21434020996094
235.50000000000003,3.1386710083914657,-0.041052945771952065,0.09842105263157894,-0.11538461538461525,24.726851376,2.6417126655578613,5,94.21434020996094
235.50000000000003,3.1386710083914657,-0.041052945771952065,0.09842105263157894,-0.11538461538461525,24.726851376,2.6417126655578613,5,94.21434020996094
235.50000000000003,3.1386710083914657,-0.041052945771952065,0.09263157894736841,-0.08974358974358962,24.726851376,2.6417126655578613,5,94.21434020996094
235.50000000000003,3.135573483023988,-0.03975505731976914,0.09263157894736841,-0.08974358974358962,25.007508263,2.6417126655578613,5,94.21434020996094
235.60000000000002,3.135573483023988,-0.03975505731976914,0.09263157894736841,-0.08974358974358962,25.007508263,2.6417126655578613,5,94.21434020996094
235.60000000000002,3.135573483023988,-0.03975505731976914,0.09263157894736841,-0.08974358974358962,25.007508263,2.6417126655578613,5,94.21434020996094
235.60000000000002,3.132664631573993,-0.03852163651259166,0.09263157894736841,-0.08974358974358962,25.224845901,2.6167125701904297,5,94.21434020996094
235.60000000000002,3.132664631573993,-0.03852163651259166,0.09263157894736841,-0.08974358974358962,25.224845901,2.6167125701904297,5,94.21434020996094
235.60000000000002,3.132664631573993,-0.03852163651259166,0.09263157894736841,-0.08974358974358962,25.224845901,2.6167125701904297,5,94.21434020996094
235.60000000000002,3.132664631573993,-0.03852163651259166,0.09263157894736841,-0.08974358974358962,25.224845901,2.6167125701904297,5,94.21434020996094
235.60000000000002,3.1311466382056303,-0.03876166869222736,0.09263157894736841,-0.08974358974358962,25.6935466,2.6167125701904297,5,94.21434020996094
235.60000000000002,3.1311466382056303,-0.03876166869222736,0.09263157894736841,-0.08974358974358962,25.6935466,2.6167125701904297,5,94.21434020996094
235.60000000000002,3.1311466382056303,-0.03876166869222736,0.10999999999999999,0.012820512820512941,25.6935466,2.6167125701904297,5,94.21434020996094
235.60000000000002,3.129817157179878,-0.03918013415609356,0.10999999999999999,0.012820512820512941,26.181203147,2.6167125701904297,5,94.21434020996094
235.60000000000002,3.129817157179878,-0.03918013415609356,0.10999999999999999,0.012820512820512941,26.181203147,2.6167125701904297,5,94.21434020996094
235.70000000000002,3.129817157179878,-0.03918013415609356,0.10999999999999999,0.012820512820512941,26.181203147,2.6167125701904297,5,94.21434020996094
235.70000000000002,3.129817157179878,-0.03918013415609356,0.10999999999999999,0.012820512820512941,26.181203147,2.6167125701904297,5,94.21434020996094
235.70000000000002,3.1274169980300695,-0.03910621103097245,0.10999999999999999,0.012820512820512935,25.691391559,2.6167125701904297,5,94.21434020996094
235.70000000000002,3.1274169980300695,-0.03910621103097245,0.10999999999999999,0.012820512820512935,25.691391559,2.6167125701904297,5,94.21434020996094
235.70000000000002,3.1274169980300695,-0.03910621103097245,0.10999999999999999,0.012820512820512935,25.691391559,2.6167125701904297,5,94.21434020996094
235.70000000000002,3.1274169980300695,-0.03910621103097245,0.10999999999999999,0.012820512820512935,25.691391559,2.6167125701904297,5,94.21434020996094
235.70000000000002,3.1255644141472705,-0.03926469570319324,0.10999999999999999,0.012820512820512935,25.551820341,2.6167125701904297,5,94.21434020996094
235.70000000000002,3.1255644141472705,-0.03926469570319324,0.10999999999999999,0.038461538461538575,25.551820341,2.6167125701904297,5,94.21434020996094
235.70000000000002,3.1255644141472705,-0.03926469570319324,0.10999999999999999,0.038461538461538575,25.551820341,2.6167125701904297,5,94.21434020996094
235.70000000000002,3.1237046005864233,-0.039415917071214,0.10999999999999999,0.038461538461538575,25.551820341,2.6167125701904297,5,94.21434020996094
235.70000000000002,3.1237046005864233,-0.039415917071214,0.10999999999999999,0.038461538461538575,25.404618686,2.6167125701904297,5,94.21434020996094
235.70000000000002,3.1237046005864233,-0.039415917071214,0.10999999999999999,0.038461538461538575,25.404618686,2.6167125701904297,5,94.21434020996094
235.8,3.1237046005864233,-0.039415917071214,0.10999999999999999,0.038461538461538575,25.404618686,2.6167125701904297,5,94.21434020996094
235.8,3.1237046005864233,-0.039415917071214,0.10999999999999999,0.038461538461538575,25.404618686,2.6167125701904297,5,94.21434020996094
235.8,3.1217066345195263,-0.03940486580329505,0.10999999999999999,0.038461538461538575,25.260513719,2.6167125701904297,5,94.21434020996094
235.8,3.1217066345195263,-0.03940486580329505,0.10999999999999999,0.038461538461538575,25.260513719,2.6167125701904297,5,94.21434020996094
235.8,3.1217066345195263,-0.03940486580329505,0.10999999999999999,0.038461538461538575,25.260513719,2.6167125701904297,5,94.21434020996094
235.8,3.1182904899617894,-0.03789926807558747,0.10421052631578946,-0.012820512820512706,25.260513719,2.6167125701904297,5,94.21434020996094
235.8,3.1182904899617894,-0.03789926807558747,0.10421052631578946,-0.012820512820512706,24.966472804,2.6167125701904297,5,94.21434020996094
235.8,3.1182904899617894,-0.03789926807558747,0.10421052631578946,-0.012820512820512706,24.966472804,2.6167125701904297,5,94.21434020996094
235.8,3.1182904899617894,-0.03789926807558747,0.10421052631578946,-0.012820512820512706,24.966472804,2.6167125701904297,5,94.21434020996094
235.8,3.1182904899617894,-0.03789926807558747,0.10421052631578946,-0.012820512820512706,24.966472804,2.6167125701904297,5,94.21434020996094
235.8,3.1182904899617894,-0.03789926807558747,0.10421052631578946,-0.012820512820512706,24.966472804,2.6167125701904297,5,94.21434020996094
235.8,3.115049432557565,-0.03647947349897007,0.10421052631578946,-0.012820512820512706,24.966472804,2.6167125701904297,5,94.21434020996094
235.8,3.115049432557565,-0.03647947349897007,0.10421052631578946,-0.012820512820512706,24.825632649,2.6167125701904297,5,94.21434020996094
235.8,3.115049432557565,-0.03647947349897007,0.10421052631578946,-0.012820512820512706,24.825632649,2.6167125701904297,5,94.21434020996094
235.9,3.115049432557565,-0.03647947349897007,0.10421052631578946,-0.012820512820512706,24.825632649,2.6167125701904297,5,94.21434020996094
235.9,3.1118021489270173,-0.035055801669554576,0.09842105263157894,0.0,24.526451707,2.6167125701904297,5,94.21434020996094
235.9,3.1118021489270173,-0.035055801669554576,0.09842105263157894,0.0,24.526451707,2.6167125701904297,5,94.21434020996094
235.9,3.1118021489270173,-0.035055801669554576,0.09842105263157894,0.0,24.526451707,2.6167125701904297,5,94.21434020996094
235.9,3.1118021489270173,-0.035055801669554576,0.09842105263157894,0.0,24.526451707,2.6167125701904297,5,94.21434020996094
235.9,3.108737714476654,-0.03370585306400509,0.09842105263157894,0.0,24.146263827,2.591712474822998,5,94.21434020996094
235.9,3.108737714476654,-0.03370585306400509,0.09842105263157894,0.0,24.146263827,2.591712474822998,5,94.21434020996094
235.9,3.108737714476654,-0.03370585306400509,0.09842105263157894,0.0,24.146263827,2.591712474822998,5,94.21434020996094
235.9,3.108737714476654,-0.03370585306400509,0.09842105263157894,0.0,24.146263827,2.591712474822998,5,94.21434020996094
235.9,3.105675834327255,-0.03235808013873509,0.09842105263157894,0.0,24.00283863,2.591712474822998,5,94.21434020996094
235.9,3.105675834327255,-0.03235808013873509,0.09842105263157894,0.0,24.00283863,2.591712474822998,5,94.21434020996094
236.00000000000003,3.105675834327255,-0.03235808013873509,0.10999999999999999,-0.16,24.00283863,2.591712474822998,5,94.1733627319336
236.00000000000003,3.105675834327255,-0.03235808013873509,0.10999999999999999,-0.16,24.00283863,2.591712474822998,5,94.1733627319336
236.00000000000003,3.105675834327255,-0.03235808013873509,0.10999999999999999,-0.16,24.00283863,2.591712474822998,5,94.1733627319336
236.00000000000003,3.1026104791721614,-0.031011969759567437,0.10999999999999999,-0.16,24.72861834,2.591712474822998,5,94.1733627319336
236.00000000000003,3.1026104791721614,-0.031011969759567437,0.10999999999999999,-0.16,24.72861834,2.591712474822998,5,94.1733627319336
236.00000000000003,3.1026104791721614,-0.031011969759567437,0.10999999999999999,-0.16666666666666652,24.72861834,2.591712474822998,5,94.1733627319336
236.00000000000003,3.1026104791721614,-0.031011969759567437,0.10999999999999999,-0.16666666666666652,24.72861834,2.591712474822998,5,94.1733627319336
236.00000000000003,3.098821712631927,-0.029342745678011872,0.10999999999999999,-0.16666666666666652,24.404519543,2.591712474822998,5,94.1733627319336
236.00000000000003,3.098821712631927,-0.029342745678011872,0.10999999999999999,-0.16666666666666652,24.404519543,2.591712474822998,5,94.1733627319336
236.00000000000003,3.098821712631927,-0.029342745678011872,0.10999999999999999,-0.16666666666666652,24.404519543,2.591712474822998,5,94.1733627319336
236.00000000000003,3.098821712631927,-0.029342745678011872,0.10421052631578946,-0.19230769230769215,24.404519543,2.591712474822998,5,94.1733627319336
236.00000000000003,3.0953931106556647,-0.027808590835554425,0.10421052631578946,-0.19230769230769215,24.393117069,2.591712474822998,5,94.1733627319336
236.10000000000002,3.0953931106556647,-0.027808590835554425,0.10421052631578946,-0.19230769230769215,24.393117069,2.591712474822998,5,94.1733627319336
236.10000000000002,3.0953931106556647,-0.027808590835554425,0.10421052631578946,-0.19230769230769215,24.393117069,2.591712474822998,5,94.1733627319336
236.10000000000002,3.0953931106556647,-0.027808590835554425,0.10421052631578946,-0.19230769230769215,24.393117069,2.591712474822998,5,94.1733627319336
236.10000000000002,3.092155929195446,-0.026330786686013186,0.10421052631578946,-0.19230769230769215,24.525801281,2.591712474822998,5,94.1733627319336
236.10000000000002,3.092155929195446,-0.026330786686013186,0.10421052631578946,-0.19230769230769215,24.525801281,2.591712474822998,5,94.1733627319336
236.10000000000002,3.092155929195446,-0.026330786686013186,0.10421052631578946,-0.19230769230769215,24.525801281,2.591712474822998,5,94.1733627319336
236.10000000000002,3.088930850559355,-0.024833863846240645,0.10421052631578946,-0.19230769230769215,24.657832129,2.591712474822998,5,94.1733627319336
236.10000000000002,3.088930850559355,-0.024833863846240645,0.10421052631578946,-0.19230769230769215,24.657832129,2.591712474822998,5,94.1733627319336
236.10000000000002,3.088930850559355,-0.024833863846240645,0.09842105263157894,-0.16666666666666652,24.657832129,2.591712474822998,5,94.1733627319336
236.10000000000002,3.088930850559355,-0.024833863846240645,0.09842105263157894,-0.16666666666666652,24.657832129,2.591712474822998,5,94.1733627319336
236.20000000000002,3.085713886062757,-0.02331740179166697,0.09842105263157894,-0.16666666666666652,24.410955619,2.5667126178741455,5,94.1733627319336
236.20000000000002,3.085713886062757,-0.02331740179166697,0.09842105263157894,-0.16666666666666652,24.410955619,2.5667126178741455,5,94.1733627319336
236.20000000000002,3.085713886062757,-0.02331740179166697,0.09842105263157894,-0.16666666666666652,24.572487357,2.5836970806121826,5,94.1733627319336
236.20000000000002,3.085713886062757,-0.02331740179166697,0.09842105263157894,-0.16666666666666652,24.572487357,2.5836970806121826,5,94.1733627319336
236.20000000000002,3.085713886062757,-0.02331740179166697,0.09842105263157894,-0.16666666666666652,24.572487357,2.5836970806121826,5,94.1733627319336
236.20000000000002,3.082684781241108,-0.02186456577768614,0.09842105263157894,-0.16666666666666652,24.719851598,2.5836970806121826,5,94.1733627319336
236.20000000000002,3.082684781241108,-0.02186456577768614,0.09842105263157894,-0.16666666666666652,24.719851598,2.5836970806121826,5,94.1733627319336
236.20000000000002,3.082684781241108,-0.02186456577768614,0.09842105263157894,-0.16666666666666652,24.719851598,2.5836970806121826,5,94.1733627319336
236.20000000000002,3.0796672069401874,-0.020395525922294988,0.10999999999999999,-0.08974358974358962,24.719851598,2.5836970806121826,5,94.1733627319336
236.20000000000002,3.0796672069401874,-0.020395525922294988,0.10999999999999999,-0.08974358974358962,24.71212191,2.5836970806121826,5,94.1733627319336
236.20000000000002,3.0796672069401874,-0.020395525922294988,0.10999999999999999,-0.08974358974358962,24.71212191,2.5836970806121826,5,94.1733627319336
236.20000000000002,3.0796672069401874,-0.020395525922294988,0.10999999999999999,-0.08974358974358962,24.71212191,2.5836970806121826,5,94.1733627319336
236.20000000000002,3.0796672069401874,-0.020395525922294988,0.10999999999999999,-0.08974358974358962,24.71212191,2.5836970806121826,5,94.1733627319336
236.20000000000002,3.0759543784121695,-0.018566492171134152,0.10999999999999999,-0.08974358974358962,24.71212191,2.5836970806121826,5,94.1733627319336
236.20000000000002,3.0759543784121695,-0.018566492171134152,0.10999999999999999,-0.08974358974358962,24.134655077,2.5836970806121826,5,94.1733627319336
236.3,3.0759543784121695,-0.018566492171134152,0.10999999999999999,-0.08974358974358962,24.134655077,2.5836970806121826,5,94.1733627319336
236.3,3.072601760407504,-0.016902259630542593,0.10999999999999999,-0.08974358974358962,24.134655077,2.5836970806121826,5,94.1733627319336
236.3,3.072601760407504,-0.016902259630542593,0.10421052631578946,-0.038461538461538346,24.134655077,2.5836970806121826,5,94.1733627319336
236.3,3.072601760407504,-0.016902259630542593,0.10421052631578946,-0.038461538461538346,23.46713429,2.541712522506714,5,94.1733627319336
236.3,3.072601760407504,-0.016902259630542593,0.10421052631578946,-0.038461538461538346,23.46713429,2.541712522506714,5,94.1733627319336
236.3,3.072601760407504,-0.016902259630542593,0.10421052631578946,-0.038461538461538346,23.46713429,2.541712522506714,5,94.1733627319336
236.3,3.072601760407504,-0.016902259630542593,0.10421052631578946,-0.038461538461538346,23.46713429,2.541712522506714,5,94.1733627319336
236.3,3.0692529376344106,-0.015230146997488425,0.10421052631578946,-0.038461538461538346,23.756477759,2.541712522506714,5,94.1733627319336
236.3,3.0692529376344106,-0.015230146997488425,0.10421052631578946,-0.038461538461538346,23.756477759,2.541712522506714,5,94.1733627319336
236.3,3.0692529376344106,-0.015230146997488425,0.10421052631578946,-0.038461538461538346,23.756477759,2.541712522506714,5,94.1733627319336
236.3,3.0692529376344106,-0.015230146997488425,0.10421052631578946,-0.038461538461538346,23.756477759,2.541712522506714,5,94.1733627319336
236.3,3.066084290921146,-0.013636673546109868,0.10421052631578946,-0.038461538461538346,23.903473471,2.541712522506714,5,94.1733627319336
236.3,3.066084290921146,-0.013636673546109868,0.10421052631578946,-0.038461538461538346,23.903473471,2.541712522506714,5,94.1733627319336
236.4,3.066084290921146,-0.013636673546109868,0.10999999999999999,-0.08974358974358962,23.903473471,2.541712522506714,5,94.1733627319336
236.4,3.066084290921146,-0.013636673546109868,0.10999999999999999,-0.08974358974358962,23.903473471,2.541712522506714,5,94.1733627319336
236.4,3.066084290921146,-0.013636673546109868,0.10999999999999999,-0.08974358974358962,23.903473471,2.541712522506714,5,94.1733627319336
236.4,3.062921407849307,-0.012040027205318049,0.10999999999999999,-0.08974358974358962,23.910497678,2.541712522506714,5,94.1733627319336
236.4,3.062921407849307,-0.012040027205318049,0.10999999999999999,-0.08974358974358962,23.910497678,2.541712522506714,5,94.1733627319336
236.4,3.062921407849307,-0.012040027205318049,0.10999999999999999,-0.08974358974358962,23.910497678,2.541712522506714,5,94.1733627319336
236.4,3.062921407849307,-0.012040027205318049,0.10999999999999999,-0.08974358974358962,23.910497678,2.541712522506714,5,94.1733627319336
236.4,3.059582348532829,-0.010351209378786586,0.10999999999999999,-0.08974358974358962,23.774028459,2.541712522506714,5,94.1733627319336
236.4,3.059582348532829,-0.010351209378786586,0.10999999999999999,-0.08974358974358962,23.774028459,2.541712522506714,5,94.1733627319336
236.4,3.059582348532829,-0.010351209378786586,0.10999999999999999,-0.08974358974358962,23.774028459,2.541712522506714,5,94.1733627319336
236.4,3.059582348532829,-0.010351209378786586,0.10421052631578946,-0.06410256410256399,23.774028459,2.541712522506714,5,94.1733627319336
236.50000000000003,3.056243474144569,-0.008648964953458016,0.10421052631578946,-0.06410256410256399,23.635909695,2.541712522506714,5,94.1733627319336
236.50000000000003,3.056243474144569,-0.008648964953458016,0.10421052631578946,-0.06410256410256399,23.635909695,2.541712522506714,5,94.11853790283203
236.50000000000003,3.056243474144569,-0.008648964953458016,0.10421052631578946,-0.06410256410256399,23.635909695,2.541712522506714,5,94.11853790283203
236.50000000000003,3.056243474144569,-0.008648964953458016,0.10421052631578946,-0.06410256410256399,23.635909695,2.541712522506714,5,94.11853790283203
236.50000000000003,3.053087886453921,-0.007024161617655178,0.10421052631578946,-0.06410256410256399,23.498332039,2.541712522506714,5,94.11853790283203
236.50000000000003,3.053087886453921,-0.007024161617655178,0.10421052631578946,-0.06410256410256399,23.498332039,2.541712522506714,5,94.11853790283203
236.50000000000003,3.053087886453921,-0.007024161617655178,0.10421052631578946,-0.06410256410256399,23.498332039,2.541712522506714,5,94.11853790283203
236.50000000000003,3.053087886453921,-0.007024161617655178,0.10421052631578946,-0.06410256410256399,23.498332039,2.541712522506714,5,94.11853790283203
236.50000000000003,3.0499383681036933,-0.0053954832683122955,0.10421052631578946,-0.06410256410256399,23.369427224,2.541712522506714,5,94.11853790283203
236.50000000000003,3.0499383681036933,-0.0053954832683122955,0.09842105263157894,-0.06410256410256399,23.369427224,2.541712522506714,5,94.11853790283203
236.50000000000003,3.0499383681036933,-0.0053954832683122955,0.09842105263157894,-0.06410256410256399,23.369427224,2.541712522506714,5,94.11853790283203
236.50000000000003,3.0499383681036933,-0.0053954832683122955,0.09842105263157894,-0.06410256410256399,23.369427224,2.541712522506714,5,94.11853790283203
236.60000000000002,3.046788732172516,-0.003761527210316973,0.09842105263157894,-0.06410256410256399,23.773587235,2.541712522506714,5,94.11853790283203
236.60000000000002,3.046788732172516,-0.003761527210316973,0.09842105263157894,-0.06410256410256399,23.773587235,2.541712522506714,5,94.11853790283203
236.60000000000002,3.046788732172516,-0.003761527210316973,0.09842105263157894,-0.06410256410256399,23.773587235,2.541712522506714,5,94.11853790283203
236.60000000000002,3.046788732172516,-0.003761527210316973,0.09842105263157894,-0.06410256410256399,23.773587235,2.541712522506714,5,94.11853790283203
236.60000000000002,3.046788732172516,-0.003761527210316973,0.09842105263157894,-0.06410256410256399,23.773587235,2.541712522506714,5,94.11853790283203
236.60000000000002,3.043815711116941,-0.002209372031537704,0.09842105263157894,-0.06410256410256399,24.0570907,2.541712522506714,5,94.11853790283203
236.60000000000002,3.043815711116941,-0.002209372031537704,0.09842105263157894,-0.06410256410256399,24.0570907,2.541712522506714,5,94.11853790283203
236.60000000000002,3.043815711116941,-0.002209372031537704,0.09263157894736841,-0.06410256410256399,24.0570907,2.541712522506714,5,94.11853790283203
236.60000000000002,3.043815711116941,-0.002209372031537704,0.09263157894736841,-0.06410256410256399,24.0570907,2.541712522506714,5,94.11853790283203
236.60000000000002,3.0408483573769374,-0.00065051184726439,0.09263157894736841,-0.06410256410256399,24.109289328,2.5167124271392822,5,94.11853790283203
236.60000000000002,3.0408483573769374,-0.00065051184726439,0.09263157894736841,-0.06410256410256399,24.109289328,2.5167124271392822,5,94.11853790283203
236.60000000000002,3.0408483573769374,-0.00065051184726439,0.09263157894736841,-0.06410256410256399,24.109289328,2.5167124271392822,5,94.11853790283203
236.60000000000002,3.0408483573769374,-0.00065051184726439,0.09263157894736841,-0.06410256410256399,24.109289328,2.5167124271392822,5,94.11853790283203
236.70000000000002,3.0380581062356167,0.0008218210645126178,0.09263157894736841,-0.06410256410256399,24.399019349,2.5167124271392822,5,94.11853790283203
236.70000000000002,3.0380581062356167,0.0008218210645126178,0.09263157894736841,-0.06410256410256399,24.399019349,2.5167124271392822,5,94.11853790283203
236.70000000000002,3.0380581062356167,0.0008218210645126178,0.09263157894736841,-0.06410256410256399,24.399019349,2.5167124271392822,5,94.11853790283203
236.70000000000002,3.035270830274473,0.0022999705511955737,0.09263157894736841,-0.06410256410256399,24.695947565,2.5167124271392822,5,94.11853790283203
236.70000000000002,3.035270830274473,0.0022999705511955737,0.10999999999999999,0.06410256410256421,24.695947565,2.5167124271392822,5,94.11853790283203
236.70000000000002,3.035270830274473,0.0022999705511955737,0.10999999999999999,0.06410256410256421,24.695947565,2.5167124271392822,5,94.11853790283203
236.70000000000002,3.035270830274473,0.0022999705511955737,0.10999999999999999,0.06410256410256421,24.695947565,2.5167124271392822,5,94.11853790283203
236.70000000000002,3.032487402000273,0.0037845910507283143,0.10999999999999999,0.06410256410256421,25.171481015,2.5167124271392822,5,94.11853790283203
236.70000000000002,3.032487402000273,0.0037845910507283143,0.10999999999999999,0.06410256410256421,25.171481015,2.5167124271392822,5,94.11853790283203
236.70000000000002,3.032487402000273,0.0037845910507283143,0.10421052631578946,0.06410256410256421,25.171481015,2.5167124271392822,5,94.11853790283203
236.8,3.02867166243697,0.0058278394513043286,0.10421052631578946,0.06410256410256421,24.733339916,2.5167124271392822,5,94.11853790283203
236.8,3.02867166243697,0.0058278394513043286,0.10421052631578946,0.06410256410256421,24.733339916,2.5167124271392822,5,94.11853790283203
236.8,3.02867166243697,0.0058278394513043286,0.10421052631578946,0.06410256410256421,24.733339916,2.5167124271392822,5,94.11853790283203
236.8,3.02867166243697,0.0058278394513043286,0.10421052631578946,0.06410256410256421,24.733339916,2.5167124271392822,5,94.11853790283203
236.8,3.0255512275088123,0.007490946214519567,0.10421052631578946,0.06410256410256421,24.74480948,2.5167124271392822,5,94.11853790283203
236.8,3.0255512275088123,0.007490946214519567,0.10421052631578946,0.06410256410256421,24.74480948,2.5167124271392822,5,94.11853790283203
236.8,3.0255512275088123,0.007490946214519567,0.10421052631578946,0.06410256410256421,24.74480948,2.5167124271392822,5,94.11853790283203
236.8,3.0224247295370272,0.009142187330723028,0.10421052631578946,0.06410256410256421,24.74480948,2.5167124271392822,5,94.11853790283203
236.8,3.0224247295370272,0.009142187330723028,0.10421052631578946,0.06410256410256421,24.74480948,2.5167124271392822,5,94.11853790283203
236.8,3.0224247295370272,0.009142187330723028,0.10421052631578946,0.06410256410256421,24.750447669,2.5167124271392822,5,94.11853790283203
236.8,3.0224247295370272,0.009142187330723028,0.10421052631578946,0.06410256410256421,24.750447669,2.5167124271392822,5,94.11853790283203
236.9,3.0224247295370272,0.009142187330723028,0.10421052631578946,0.06410256410256421,24.750447669,2.5167124271392822,5,94.11853790283203
236.9,3.019291725539846,0.010788834597993957,0.10421052631578946,0.06410256410256421,24.750447669,2.5167124271392822,5,94.11853790283203
236.9,3.019291725539846,0.010788834597993957,0.10421052631578946,-0.08974358974358962,24.750447669,2.5167124271392822,5,94.11853790283203
236.9,3.019291725539846,0.010788834597993957,0.10421052631578946,-0.08974358974358962,24.513607965,2.4917125701904297,5,94.11853790283203
236.9,3.019291725539846,0.010788834597993957,0.10421052631578946,-0.08974358974358962,24.513607965,2.4917125701904297,5,94.11853790283203
236.9,3.019291725539846,0.010788834597993957,0.10421052631578946,-0.08974358974358962,24.513607965,2.4917125701904297,5,94.11853790283203
236.9,3.0161576434404527,0.012430770562960713,0.10421052631578946,-0.08974358974358962,24.368571367,2.4917125701904297,5,94.11853790283203
236.9,3.0161576434404527,0.012430770562960713,0.10421052631578946,-0.08974358974358962,24.368571367,2.4917125701904297,5,94.11853790283203
236.9,3.0161576434404527,0.012430770562960713,0.10421052631578946,-0.08974358974358962,24.368571367,2.4917125701904297,5,94.11853790283203
236.9,3.0161576434404527,0.012430770562960713,0.10421052631578946,-0.08974358974358962,24.368571367,2.4917125701904297,5,94.11853790283203
236.9,3.013016450179965,0.014069663999340398,0.10421052631578946,-0.08974358974358962,24.221558758,2.4917125701904297,5,94.11853790283203
236.9,3.013016450179965,0.014069663999340398,0.10421052631578946,-0.08974358974358962,24.221558758,2.4917125701904297,5,94.11853790283203
236.9,3.013016450179965,0.014069663999340398,0.10421052631578946,-0.08974358974358962,24.221558758,2.4917125701904297,5,94.11853790283203
237.00000000000003,3.0098723549900104,0.015722119644500487,0.10421052631578946,-0.08974358974358962,24.221558758,2.4917125701904297,5,94.11853790283203
237.00000000000003,3.0098723549900104,0.015722119644500487,0.09263157894736841,0.038461538461538575,23.928224942,2.4917125701904297,5,94.0697021484375
237.00000000000003,3.0098723549900104,0.015722119644500487,0.09263157894736841,0.038461538461538575,23.928224942,2.4917125701904297,5,94.0697021484375
237.00000000000003,3.0098723549900104,0.015722119644500487,0.09263157894736841,0.038461538461538575,23.928224942,2.4917125701904297,5,94.0697021484375
237.00000000000003,3.0098723549900104,0.015722119644500487,0.09263157894736841,0.038461538461538575,23.928224942,2.4917125701904297,5,94.0697021484375
237.00000000000003,3.007087459333305,0.017201793970701817,0.09263157894736841,0.038461538461538575,23.934442914,2.4917125701904297,5,94.0697021484375
237.00000000000003,3.007087459333305,0.017201793970701817,0.09263157894736841,0.038461538461538575,23.934442914,2.4917125701904297,5,94.0697021484375
237.00000000000003,3.007087459333305,0.017201793970701817,0.09263157894736841,0.038461538461538575,23.852435469,2.483175277709961,5,94.0697021484375
237.00000000000003,3.004309942223558,0.018669096698515186,0.09263157894736841,0.038461538461538575,23.852434222,2.483175277709961,5,94.0697021484375
237.00000000000003,3.004309942223558,0.018669096698515186,0.09263157894736841,0.038461538461538575,23.852434222,2.483175277709961,5,94.0697021484375
237.00000000000003,3.004309942223558,0.018669096698515186,0.10999999999999999,-0.11538461538461525,23.852434222,2.483175277709961,5,94.0697021484375
237.10000000000002,3.004309942223558,0.018669096698515186,0.10999999999999999,-0.11538461538461525,23.852434222,2.483175277709961,5,94.0697021484375
237.10000000000002,3.0015212773217197,0.02012750554371895,0.10999999999999999,-0.11538461538461525,23.852434222,2.483175277709961,5,94.0697021484375
237.10000000000002,3.0015212773217197,0.02012750554371895,0.10999999999999999,-0.11538461538461525,23.852434222,2.483175277709961,5,94.0697021484375
237.10000000000002,3.0015212773217197,0.02012750554371895,0.10999999999999999,-0.11538461538461525,23.852434222,2.483175277709961,5,94.0697021484375
237.10000000000002,3.0015212773217197,0.02012750554371895,0.10999999999999999,-0.11538461538461525,24.739812324,2.483175277709961,5,94.0697021484375
237.10000000000002,3.0015212773217197,0.02012750554371895,0.10999999999999999,-0.11538461538461525,24.739812324,2.483175277709961,5,94.0697021484375
237.10000000000002,3.0015212773217197,0.02012750554371895,0.10999999999999999,-0.11538461538461525,24.739812324,2.483175277709961,5,94.0697021484375
237.10000000000002,3.0015212773217197,0.02012750554371895,0.10999999999999999,-0.11538461538461525,24.739812324,2.483175277709961,5,94.0697021484375
237.10000000000002,3.0015212773217197,0.02012750554371895,0.10999999999999999,-0.11538461538461525,24.739812324,2.483175277709961,5,94.0697021484375
237.10000000000002,3.0015212773217197,0.02012750554371895,0.10421052631578946,-0.11538461538461525,24.739812324,2.483175277709961,5,94.0697021484375
237.10000000000002,3.0015212773217197,0.02012750554371895,0.10421052631578946,-0.11538461538461525,24.739812324,2.483175277709961,5,94.0697021484375
237.10000000000002,2.998202162788324,0.021867131738494305,0.10421052631578946,-0.11538461538461525,24.577383697,2.483175277709961,5,94.0697021484375
237.10000000000002,2.998202162788324,0.021867131738494305,0.10421052631578946,-0.11538461538461525,24.577383697,2.483175277709961,5,94.0697021484375
237.10000000000002,2.998202162788324,0.021867131738494305,0.10421052631578946,-0.11538461538461525,24.577383697,2.483175277709961,5,94.0697021484375
237.10000000000002,2.998202162788324,0.021867131738494305,0.10421052631578946,-0.11538461538461525,24.577383697,2.483175277709961,5,94.0697021484375
237.10000000000002,2.998202162788324,0.021867131738494305,0.10421052631578946,-0.11538461538461525,24.577383697,2.483175277709961,5,94.0697021484375
237.10000000000002,2.998202162788324,0.021867131738494305,0.10421052631578946,-0.11538461538461525,24.577383697,2.483175277709961,5,94.0697021484375
237.10000000000002,2.998202162788324,0.021867131738494305,0.10421052631578946,-0.11538461538461525,24.577383697,2.483175277709961,5,94.0697021484375
237.10000000000002,2.995061939262725,0.023534520924680336,0.10421052631578946,-0.11538461538461525,24.570067425,2.483175277709961,5,94.0697021484375
237.20000000000002,2.995061939262725,0.023534520924680336,0.09842105263157894,-0.11538461538461525,24.570067425,2.483175277709961,5,94.0697021484375
237.20000000000002,2.991934788975939,0.02521510669577698,0.09842105263157894,-0.11538461538461525,24.570067425,2.483175277709961,5,94.0697021484375
237.20000000000002,2.991934788975939,0.02521510669577698,0.09842105263157894,-0.11538461538461525,24.570067425,2.483175277709961,5,94.0697021484375
237.20000000000002,2.991934788975939,0.02521510669577698,0.09842105263157894,-0.11538461538461525,24.570067425,2.483175277709961,5,94.0697021484375
237.20000000000002,2.991934788975939,0.02521510669577698,0.09842105263157894,-0.11538461538461525,24.563603454,2.483175277709961,5,94.0697021484375
237.20000000000002,2.991934788975939,0.02521510669577698,0.09842105263157894,-0.11538461538461525,24.563603454,2.483175277709961,5,94.0697021484375
237.20000000000002,2.991934788975939,0.02521510669577698,0.09842105263157894,-0.11538461538461525,24.563603454,2.483175277709961,5,94.0697021484375
237.20000000000002,2.991934788975939,0.02521510669577698,0.09842105263157894,-0.11538461538461525,24.563603454,2.483175277709961,5,94.0697021484375
237.20000000000002,2.991934788975939,0.02521510669577698,0.09842105263157894,-0.11538461538461525,24.563603454,2.483175277709961,5,94.0697021484375
237.20000000000002,2.9889862057992254,0.02681040032932891,0.09842105263157894,-0.11538461538461525,24.563603454,2.483175277709961,5,94.0697021484375
237.20000000000002,2.9889862057992254,0.02681040032932891,0.09842105263157894,-0.11538461538461525,24.707630437,2.483175277709961,5,94.0697021484375
237.20000000000002,2.9889862057992254,0.02681040032932891,0.09842105263157894,-0.11538461538461525,24.707630437,2.483175277709961,5,94.0697021484375
237.20000000000002,2.9889862057992254,0.02681040032932891,0.09842105263157894,-0.11538461538461525,24.707630437,2.483175277709961,5,94.0697021484375
237.20000000000002,2.9889862057992254,0.02681040032932891,0.09842105263157894,-0.11538461538461525,24.707630437,2.483175277709961,5,94.0697021484375
237.20000000000002,2.9860412502467333,0.028417829285616925,0.09842105263157894,-0.11538461538461525,24.44582775,2.4417123794555664,5,94.0697021484375
237.3,2.9860412502467333,0.028417829285616925,0.09842105263157894,-0.11538461538461525,24.44582775,2.4417123794555664,5,94.0697021484375
237.3,2.9860412502467333,0.028417829285616925,0.09842105263157894,-0.11538461538461525,24.44582775,2.4417123794555664,5,94.0697021484375
237.3,2.9860412502467333,0.028417829285616925,0.09842105263157894,-0.11538461538461525,24.44582775,2.4417123794555664,5,94.0697021484375
237.3,2.9860412502467333,0.028417829285616925,0.09842105263157894,-0.11538461538461525,24.44582775,2.4417123794555664,5,94.0697021484375
237.3,2.983103994139682,0.03003845578052089,0.09842105263157894,-0.11538461538461525,24.44582775,2.4417123794555664,5,94.0697021484375
237.3,2.983103994139682,0.03003845578052089,0.10999999999999999,-0.03846153846153835,24.607716386,2.4417123794555664,5,94.0697021484375
237.3,2.983103994139682,0.03003845578052089,0.10999999999999999,-0.03846153846153835,24.607716386,2.4417123794555664,5,94.0697021484375
237.3,2.983103994139682,0.03003845578052089,0.10999999999999999,-0.03846153846153835,24.607716386,2.4417123794555664,5,94.0697021484375
237.3,2.9801747856107874,0.03166974939710654,0.10999999999999999,-0.03846153846153835,24.448802818,2.4417123794555664,5,94.0697021484375
237.3,2.9801747856107874,0.03166974939710654,0.10999999999999999,-0.03846153846153835,24.448802818,2.4417123794555664,5,94.0697021484375
237.3,2.9801747856107874,0.03166974939710654,0.10999999999999999,-0.038461538461538346,24.448802818,2.4417123794555664,5,94.0697021484375
237.3,2.9801747856107874,0.03166974939710654,0.10999999999999999,-0.038461538461538346,24.448802818,2.4417123794555664,5,94.0697021484375
237.3,2.97656734297313,0.03369324959976877,0.10999999999999999,-0.038461538461538346,23.684688508,2.4417123794555664,5,94.0697021484375
237.3,2.97656734297313,0.03369324959976877,0.10999999999999999,-0.038461538461538346,23.684688508,2.4417123794555664,5,94.0697021484375
237.3,2.97656734297313,0.03369324959976877,0.10999999999999999,-0.038461538461538346,23.684688508,2.4417123794555664,5,94.0697021484375
237.4,2.97656734297313,0.03369324959976877,0.10999999999999999,-0.11538461538461525,23.684688508,2.4417123794555664,5,94.0697021484375
237.4,2.97656734297313,0.03369324959976877,0.10999999999999999,-0.11538461538461525,23.684688508,2.4417123794555664,5,94.0697021484375
237.4,2.973308163520156,0.03552608829600501,0.10999999999999999,-0.11538461538461525,23.254683853,2.4417123794555664,5,94.0697021484375
237.4,2.973308163520156,0.03552608829600501,0.10999999999999999,-0.11538461538461525,23.254683853,2.4417123794555664,5,94.0697021484375
237.4,2.973308163520156,0.03552608829600501,0.10999999999999999,-0.11538461538461525,23.254683853,2.4417123794555664,5,94.0697021484375
237.4,2.970046868753117,0.0373635715452722,0.10999999999999999,-0.11538461538461525,23.254683853,2.4417123794555664,5,94.0697021484375
237.4,2.970046868753117,0.0373635715452722,0.10999999999999999,-0.11538461538461525,23.254683853,2.4417123794555664,5,94.0697021484375
237.4,2.970046868753117,0.0373635715452722,0.10999999999999999,-0.11538461538461525,23.254683853,2.4417123794555664,5,94.0697021484375
237.4,2.970046868753117,0.0373635715452722,0.10999999999999999,-0.11538461538461525,23.245592433,2.4417123794555664,5,94.0697021484375
237.4,2.970046868753117,0.0373635715452722,0.10421052631578946,-0.11538461538461525,23.245592433,2.4417123794555664,5,94.0697021484375
237.4,2.970046868753117,0.0373635715452722,0.10421052631578946,-0.11538461538461525,23.245592433,2.4417123794555664,5,94.0697021484375
237.4,2.970046868753117,0.0373635715452722,0.10421052631578946,-0.11538461538461525,23.245592433,2.4417123794555664,5,94.0697021484375
237.4,2.9667876323098716,0.039218741035745186,0.10421052631578946,-0.11538461538461525,23.245592433,2.4417123794555664,5,94.0697021484375
237.4,2.9667876323098716,0.039218741035745186,0.10421052631578946,-0.11538461538461525,23.104385585,2.4417123794555664,5,94.0697021484375
237.4,2.9667876323098716,0.039218741035745186,0.10421052631578946,-0.11538461538461525,23.104385585,2.4417123794555664,5,94.0697021484375
237.50000000000003,2.9667876323098716,0.039218741035745186,0.10421052631578946,-0.11538461538461525,23.104385585,2.4417123794555664,5,94.0697021484375
237.50000000000003,2.9667876323098716,0.039218741035745186,0.10421052631578946,-0.11538461538461525,23.104385585,2.4417123794555664,5,94.01707458496094
237.50000000000003,2.9667876323098716,0.039218741035745186,0.10421052631578946,-0.11538461538461525,23.104385585,2.4417123794555664,5,94.01707458496094
237.50000000000003,2.9667876323098716,0.039218741035745186,0.09842105263157894,-0.08974358974358962,23.104385585,2.4417123794555664,5,94.01707458496094
237.50000000000003,2.9667876323098716,0.039218741035745186,0.09842105263157894,-0.08974358974358962,23.104385585,2.4417123794555664,5,94.01707458496094
237.50000000000003,2.963710676778679,0.04099222327471286,0.09842105263157894,-0.08974358974358962,23.104385585,2.4417123794555664,5,94.01707458496094
237.50000000000003,2.963710676778679,0.04099222327471286,0.09842105263157894,-0.08974358974358962,23.104385585,2.4417123794555664,5,94.01707458496094
237.50000000000003,2.963710676778679,0.04099222327471286,0.09842105263157894,-0.08974358974358962,23.104385585,2.4417123794555664,5,94.01707458496094
237.50000000000003,2.9608123519813496,0.042674925631670024,0.09842105263157894,-0.08974358974358962,23.104385585,2.4417123794555664,5,94.01707458496094
237.50000000000003,2.9608123519813496,0.042674925631670024,0.09842105263157894,-0.08974358974358962,23.102405513,2.4417123794555664,5,94.01707458496094
237.50000000000003,2.9608123519813496,0.042674925631670024,0.09842105263157894,-0.08974358974358962,23.102405513,2.4417123794555664,5,94.01707458496094
237.50000000000003,2.9608123519813496,0.042674925631670024,0.09842105263157894,-0.08974358974358962,23.102405513,2.4417123794555664,5,94.01707458496094
237.50000000000003,2.9608123519813496,0.042674925631670024,0.09842105263157894,-0.08974358974358962,23.100948475,2.4417123794555664,5,94.01707458496094
237.50000000000003,2.9608123519813496,0.042674925631670024,0.09842105263157894,-0.08974358974358962,23.100948475,2.4417123794555664,5,94.01707458496094
237.50000000000003,2.9608123519813496,0.042674925631670024,0.09842105263157894,-0.08974358974358962,23.100948475,2.4417123794555664,5,94.01707458496094
237.50000000000003,2.9608123519813496,0.042674925631670024,0.09842105263157894,-0.08974358974358962,23.100948475,2.4417123794555664,5,94.01707458496094
237.50000000000003,2.9579172150700153,0.04436482041381967,0.09842105263157894,-0.08974358974358962,23.100948475,2.4417123794555664,5,94.01707458496094
237.50000000000003,2.9579172150700153,0.04436482041381967,0.09842105263157894,-0.08974358974358962,23.100948475,2.4417123794555664,5,94.01707458496094
237.50000000000003,2.9579172150700153,0.04436482041381967,0.09842105263157894,-0.08974358974358962,23.105895896,2.4417123794555664,5,94.01707458496094
237.60000000000002,2.9579172150700153,0.04436482041381967,0.09842105263157894,-0.08974358974358962,23.105895896,2.4417123794555664,5,94.01707458496094
237.60000000000002,2.9579172150700153,0.04436482041381967,0.09842105263157894,-0.08974358974358962,23.105895896,2.4417123794555664,5,94.01707458496094
237.60000000000002,2.9579172150700153,0.04436482041381967,0.09842105263157894,-0.08974358974358962,23.105895896,2.4417123794555664,5,94.01707458496094
237.60000000000002,2.9550258231395725,0.04606490223918491,0.09263157894736841,-0.06410256410256399,22.864940023,2.416712522506714,5,94.01707458496094
237.60000000000002,2.9550258231395725,0.04606490223918491,0.09263157894736841,-0.06410256410256399,22.864940023,2.416712522506714,5,94.01707458496094
237.60000000000002,2.9550258231395725,0.04606490223918491,0.09263157894736841,-0.06410256410256399,22.864940023,2.416712522506714,5,94.01707458496094
237.60000000000002,2.9550258231395725,0.04606490223918491,0.09263157894736841,-0.06410256410256399,22.864940023,2.416712522506714,5,94.01707458496094
237.60000000000002,2.9550258231395725,0.04606490223918491,0.09263157894736841,-0.06410256410256399,22.864940023,2.416712522506714,5,94.01707458496094
237.60000000000002,2.9550258231395725,0.04606490223918491,0.09263157894736841,-0.06410256410256399,22.864940023,2.416712522506714,5,94.01707458496094
237.60000000000002,2.952141066957564,0.04777432072556609,0.09263157894736841,-0.06410256410256399,22.867668084,2.416712522506714,5,94.01707458496094
237.60000000000002,2.952141066957564,0.04777432072556609,0.09263157894736841,-0.06410256410256399,22.867668084,2.416712522506714,5,94.01707458496094
237.60000000000002,2.952141066957564,0.04777432072556609,0.09263157894736841,-0.06410256410256399,22.867668084,2.416712522506714,5,94.01707458496094
237.60000000000002,2.952141066957564,0.04777432072556609,0.09263157894736841,-0.06410256410256399,23.126398816,2.4440557956695557,5,94.01707458496094
237.60000000000002,2.9494309515951724,0.049390118275412176,0.08684210526315789,-0.012820512820512706,23.126398816,2.4440557956695557,5,94.01707458496094
237.70000000000002,2.9494309515951724,0.049390118275412176,0.08684210526315789,-0.012820512820512706,23.853857788,2.4440557956695557,5,94.01707458496094
237.70000000000002,2.9494309515951724,0.049390118275412176,0.08684210526315789,-0.012820512820512706,23.853857788,2.4440557956695557,5,94.01707458496094
237.70000000000002,2.946894714650023,0.0509079304208378,0.08684210526315789,-0.012820512820512706,24.446587722,2.4440557956695557,5,94.01707458496094
237.70000000000002,2.946894714650023,0.0509079304208378,0.08684210526315789,-0.012820512820512706,24.446587722,2.4440557956695557,5,94.01707458496094
237.70000000000002,2.946894714650023,0.0509079304208378,0.08684210526315789,-0.012820512820512706,24.446587722,2.4440557956695557,5,94.01707458496094
237.70000000000002,2.946894714650023,0.0509079304208378,0.08684210526315789,-0.012820512820512706,24.446587722,2.4440557956695557,5,94.01707458496094
237.70000000000002,2.9443614632260746,0.05242457413480833,0.08684210526315789,-0.012820512820512706,24.446587722,2.4440557956695557,5,94.01707458496094
237.70000000000002,2.9443614632260746,0.05242457413480833,0.08684210526315789,-0.012820512820512706,25.10225842,2.4440557956695557,5,94.01707458496094
237.70000000000002,2.9443614632260746,0.05242457413480833,0.08684210526315789,-0.012820512820512706,25.10225842,2.4440557956695557,5,94.01707458496094
237.70000000000002,2.9443614632260746,0.05242457413480833,0.10999999999999999,-0.16666666666666652,25.10225842,2.4440557956695557,5,94.01707458496094
237.70000000000002,2.9443614632260746,0.05242457413480833,0.10999999999999999,-0.16666666666666652,25.10225842,2.4440557956695557,5,94.01707458496094
237.70000000000002,2.9443614632260746,0.05242457413480833,0.10999999999999999,-0.16666666666666652,25.10225842,2.4440557956695557,5,94.01707458496094
237.70000000000002,2.941826802555248,0.05394135810787698,0.10999999999999999,-0.16666666666666652,25.773196712,2.4440557956695557,5,94.01707458496094
237.8,2.941826802555248,0.05394135810787698,0.10999999999999999,-0.16666666666666652,25.773196712,2.4440557956695557,5,94.01707458496094
237.8,2.941826802555248,0.05394135810787698,0.10999999999999999,-0.16666666666666652,25.773196712,2.4440557956695557,5,94.01707458496094
237.8,2.941826802555248,0.05394135810787698,0.10999999999999999,-0.16666666666666652,25.773196712,2.4440557956695557,5,94.01707458496094
237.8,2.9379645981420985,0.05626151801936036,0.10999999999999999,-0.16666666666666652,24.959743763,2.4440557956695557,5,94.01707458496094
237.8,2.9379645981420985,0.05626151801936036,0.10999999999999999,-0.16666666666666652,24.959743763,2.4440557956695557,5,94.01707458496094
237.8,2.9379645981420985,0.05626151801936036,0.10999999999999999,-0.16666666666666652,24.959743763,2.4440557956695557,5,94.01707458496094
237.8,2.9379645981420985,0.05626151801936036,0.10421052631578946,-0.14102564102564089,24.959743763,2.4440557956695557,5,94.01707458496094
237.8,2.934759421939187,0.058217074751696685,0.10421052631578946,-0.14102564102564089,24.645228481,2.4440557956695557,5,94.01707458496094
237.8,2.934759421939187,0.058217074751696685,0.10421052631578946,-0.14102564102564089,24.645228481,2.4440557956695557,5,94.01707458496094
237.8,2.934759421939187,0.058217074751696685,0.10421052631578946,-0.14102564102564089,24.645228481,2.4440557956695557,5,94.01707458496094
237.8,2.934759421939187,0.058217074751696685,0.10421052631578946,-0.14102564102564089,24.645228481,2.4440557956695557,5,94.01707458496094
237.8,2.934759421939187,0.058217074751696685,0.10421052631578946,-0.14102564102564089,24.645228481,2.4440557956695557,5,94.01707458496094
237.8,2.9317407678497984,0.060090317253567616,0.10421052631578946,-0.14102564102564089,24.486062659,2.4440557956695557,5,94.01707458496094
237.9,2.9317407678497984,0.060090317253567616,0.10421052631578946,-0.14102564102564089,24.486062659,2.4440557956695557,5,94.01707458496094
237.9,2.9317407678497984,0.060090317253567616,0.10421052631578946,-0.14102564102564089,24.486062659,2.4440557956695557,5,94.01707458496094
237.9,2.9317407678497984,0.060090317253567616,0.10421052631578946,-0.14102564102564089,24.486062659,2.4440557956695557,5,94.01707458496094
237.9,2.9287342600027473,0.06197196785754788,0.09842105263157894,-0.14102564102564089,24.334987693,2.4440557956695557,5,94.01707458496094
237.9,2.9287342600027473,0.06197196785754788,0.09842105263157894,-0.14102564102564089,24.334987693,2.4440557956695557,5,94.01707458496094
237.9,2.9287342600027473,0.06197196785754788,0.09842105263157894,-0.14102564102564089,24.334987693,2.4440557956695557,5,94.01707458496094
237.9,2.9287342600027473,0.06197196785754788,0.09842105263157894,-0.14102564102564089,24.334987693,2.4440557956695557,5,94.01707458496094
237.9,2.9287342600027473,0.06197196785754788,0.09842105263157894,-0.14102564102564089,24.334987693,2.4440557956695557,5,94.01707458496094
237.9,2.9258965957484393,0.06376171034735995,0.09842105263157894,-0.14102564102564089,24.334987693,2.4440557956695557,5,94.01707458496094
237.9,2.9258965957484393,0.06376171034735995,0.09842105263157894,-0.14102564102564089,24.330645136,2.4440557956695557,5,94.01707458496094
237.9,2.9258965957484393,0.06376171034735995,0.09842105263157894,-0.14102564102564089,24.330645136,2.4440557956695557,5,94.01707458496094
238.00000000000003,2.9230669309199575,0.06556882810989384,0.09842105263157894,-0.14102564102564089,24.330645136,2.4440557956695557,5,94.01707458496094
238.00000000000003,2.9230669309199575,0.06556882810989384,0.10999999999999999,-0.08974358974358962,24.330645136,2.4440557956695557,5,93.96602630615234
238.00000000000003,2.9230669309199575,0.06556882810989384,0.10999999999999999,-0.08974358974358962,24.330645136,2.4440557956695557,5,93.96602630615234
238.00000000000003,2.9230669309199575,0.06556882810989384,0.10999999999999999,-0.08974358974358962,24.330645136,2.4440557956695557,5,93.96602630615234
238.00000000000003,2.9230669309199575,0.06556882810989384,0.10999999999999999,-0.08974358974358962,23.897726622,2.416712760925293,5,93.96602630615234
238.00000000000003,2.9195894344669915,0.06781509741045694,0.10999999999999999,-0.08974358974358962,23.897726622,2.416712760925293,5,93.96602630615234
238.00000000000003,2.9195894344669915,0.06781509741045694,0.10999999999999999,-0.08974358974358962,23.897726622,2.416712760925293,5,93.96602630615234
238.00000000000003,2.9195894344669915,0.06781509741045694,0.10999999999999999,-0.08974358974358962,23.897726622,2.416712760925293,5,93.96602630615234
238.00000000000003,2.9195894344669915,0.06781509741045694,0.10999999999999999,-0.08974358974358962,23.045215825,2.416712760925293,5,93.96602630615234
238.00000000000003,2.9195894344669915,0.06781509741045694,0.10999999999999999,-0.08974358974358962,23.045215825,2.416712760925293,5,93.96602630615234
238.00000000000003,2.9195894344669915,0.06781509741045694,0.10999999999999999,-0.08974358974358962,23.045215825,2.416712760925293,5,93.96602630615234
238.00000000000003,2.9164494308530364,0.069857744546651,0.10999999999999999,-0.08974358974358962,23.045215825,2.416712760925293,5,93.96602630615234
238.00000000000003,2.9164494308530364,0.069857744546651,0.10999999999999999,-0.14102564102564089,22.493071989,2.416712760925293,5,93.96602630615234
238.00000000000003,2.9164494308530364,0.069857744546651,0.10999999999999999,-0.14102564102564089,22.493071989,2.416712760925293,5,93.96602630615234
238.00000000000003,2.9164494308530364,0.069857744546651,0.10999999999999999,-0.14102564102564089,22.493071989,2.416712760925293,5,93.96602630615234
238.00000000000003,2.9164494308530364,0.069857744546651,0.10999999999999999,-0.14102564102564089,22.493071989,2.416712760925293,5,93.96602630615234
238.00000000000003,2.9133147785138087,0.07190826883169682,0.10999999999999999,-0.14102564102564089,22.493071989,2.416712760925293,5,93.96602630615234
238.00000000000003,2.9133147785138087,0.07190826883169682,0.10999999999999999,-0.14102564102564089,21.976585141,2.416712760925293,5,93.96602630615234
238.10000000000002,2.9133147785138087,0.07190826883169682,0.10999999999999999,-0.14102564102564089,21.976585141,2.416712760925293,5,93.96602630615234
238.10000000000002,2.9133147785138087,0.07190826883169682,0.10999999999999999,-0.14102564102564089,21.976585141,2.416712760925293,5,93.96602630615234
238.10000000000002,2.9133147785138087,0.07190826883169682,0.10999999999999999,-0.14102564102564089,21.976585141,2.416712760925293,5,93.96602630615234
238.10000000000002,2.9133147785138087,0.07190826883169682,0.10999999999999999,-0.012820512820512692,21.976585141,2.416712760925293,5,93.96602630615234
238.10000000000002,2.9133147785138087,0.07190826883169682,0.10999999999999999,-0.012820512820512692,21.976585141,2.416712760925293,5,93.96602630615234
238.10000000000002,2.9101843057559806,0.07397120540674262,0.10999999999999999,-0.012820512820512692,22.47746345,2.416712760925293,5,93.96602630615234
238.10000000000002,2.9101843057559806,0.07397120540674262,0.10999999999999999,-0.012820512820512692,22.47746345,2.416712760925293,5,93.96602630615234
238.10000000000002,2.9101843057559806,0.07397120540674262,0.10999999999999999,-0.012820512820512706,22.47746345,2.416712760925293,5,93.96602630615234
238.10000000000002,2.9101843057559806,0.07397120540674262,0.10999999999999999,-0.012820512820512706,22.47746345,2.416712760925293,5,93.96602630615234
238.10000000000002,2.907064375164857,0.07604537957968516,0.10421052631578946,0.0,22.47746345,2.416712760925293,5,93.96602630615234
238.10000000000002,2.907064375164857,0.07604537957968516,0.10421052631578946,0.0,22.47746345,2.416712760925293,5,93.96602630615234
238.10000000000002,2.907064375164857,0.07604537957968516,0.10421052631578946,0.0,22.479837253,2.416712760925293,5,93.96602630615234
238.10000000000002,2.907064375164857,0.07604537957968516,0.10421052631578946,0.0,22.479837253,2.416712760925293,5,93.96602630615234
238.10000000000002,2.907064375164857,0.07604537957968516,0.10421052631578946,0.0,22.479837253,2.416712760925293,5,93.96602630615234
238.20000000000002,2.904116090077407,0.07800212140767288,0.10421052631578946,0.0,22.479837253,2.416712760925293,5,93.96602630615234
238.20000000000002,2.904116090077407,0.07800212140767288,0.10421052631578946,0.0,22.48425766,2.416712760925293,5,93.96602630615234
238.20000000000002,2.904116090077407,0.07800212140767288,0.10421052631578946,-0.012820512820512706,22.48425766,2.416712760925293,5,93.96602630615234
238.20000000000002,2.904116090077407,0.07800212140767288,0.09842105263157894,0.012820512820512935,22.48425766,2.416712760925293,5,93.96602630615234
238.20000000000002,2.904116090077407,0.07800212140767288,0.09842105263157894,0.012820512820512935,22.48425766,2.416712760925293,5,93.96602630615234
238.20000000000002,2.904116090077407,0.07800212140767288,0.09842105263157894,0.012820512820512935,22.48425766,2.416712760925293,5,93.96602630615234
238.20000000000002,2.904116090077407,0.07800212140767288,0.09842105263157894,0.012820512820512935,22.48425766,2.416712760925293,5,93.96602630615234
238.20000000000002,2.904116090077407,0.07800212140767288,0.09842105263157894,0.012820512820512935,22.48425766,2.416712760925293,5,93.96602630615234
238.20000000000002,2.901158571790886,0.07995327893047899,0.09842105263157894,0.012820512820512935,22.48425766,2.416712760925293,5,93.96602630615234
238.20000000000002,2.901158571790886,0.07995327893047899,0.09842105263157894,0.012820512820512935,22.48425766,2.416712760925293,5,93.96602630615234
238.20000000000002,2.901158571790886,0.07995327893047899,0.09842105263157894,0.012820512820512935,22.48425766,2.416712760925293,5,93.96602630615234
238.20000000000002,2.901158571790886,0.07995327893047899,0.09842105263157894,0.012820512820512935,22.48425766,2.416712760925293,5,93.96602630615234
238.20000000000002,2.901158571790886,0.07995327893047899,0.09842105263157894,0.012820512820512935,22.48425766,2.416712760925293,5,93.96602630615234
238.20000000000002,2.901158571790886,0.07995327893047899,0.09842105263157894,0.012820512820512935,22.48425766,2.416712760925293,5,93.96602630615234
238.20000000000002,2.901158571790886,0.07995327893047899,0.09842105263157894,0.012820512820512935,22.48425766,2.416712760925293,5,93.96602630615234
238.20000000000002,2.8983628414179234,0.08180169313499885,0.09842105263157894,0.012820512820512935,22.48425766,2.416712760925293,5,93.96602630615234
238.20000000000002,2.8983628414179234,0.08180169313499885,0.09842105263157894,-0.012820512820512706,22.486148316,2.416712760925293,5,93.96602630615234
238.20000000000002,2.8983628414179234,0.08180169313499885,0.09842105263157894,-0.012820512820512706,22.486148316,2.416712760925293,5,93.96602630615234
238.3,2.895573342682285,0.08364917242716541,0.09842105263157894,-0.012820512820512706,22.147172181,2.3802809715270996,5,93.96602630615234
238.3,2.895573342682285,0.08364917242716541,0.09842105263157894,-0.012820512820512706,22.147172181,2.3802809715270996,5,93.96602630615234
238.3,2.895573342682285,0.08364917242716541,0.09842105263157894,-0.012820512820512706,22.14545131,2.3802809715270996,5,93.96602630615234
238.3,2.895573342682285,0.08364917242716541,0.09842105263157894,-0.012820512820512706,22.14545131,2.3802809715270996,5,93.96602630615234
238.3,2.895573342682285,0.08364917242716541,0.09842105263157894,-0.038461538461538346,22.14545131,2.3802809715270996,5,93.96602630615234
238.3,2.895573342682285,0.08364917242716541,0.09842105263157894,-0.038461538461538346,22.14545131,2.3802809715270996,5,93.96602630615234
238.3,2.895573342682285,0.08364917242716541,0.09842105263157894,-0.038461538461538346,22.14545131,2.3802809715270996,5,93.96602630615234
238.3,2.895573342682285,0.08364917242716541,0.09842105263157894,-0.038461538461538346,22.14545131,2.3802809715270996,5,93.96602630615234
238.3,2.895573342682285,0.08364917242716541,0.09842105263157894,-0.038461538461538346,22.14545131,2.3802809715270996,5,93.96602630615234
238.3,2.8927821812926098,0.08549196536950282,0.09842105263157894,-0.038461538461538346,22.156541349,2.3802809715270996,5,93.96602630615234
238.3,2.8927821812926098,0.08549196536950282,0.09842105263157894,-0.038461538461538346,22.156541349,2.3802809715270996,5,93.96602630615234
238.3,2.8927821812926098,0.08549196536950282,0.09842105263157894,-0.038461538461538346,22.156541349,2.3802809715270996,5,93.96602630615234
238.3,2.8927821812926098,0.08549196536950282,0.09842105263157894,-0.038461538461538346,22.156541349,2.3802809715270996,5,93.96602630615234
238.3,2.8927821812926098,0.08549196536950282,0.09842105263157894,-0.038461538461538346,22.156541349,2.3802809715270996,5,93.96602630615234
238.3,2.8927821812926098,0.08549196536950282,0.09842105263157894,-0.038461538461538346,22.156541349,2.3802809715270996,5,93.96602630615234
238.3,2.8927821812926098,0.08549196536950282,0.09842105263157894,-0.038461538461538346,22.156541349,2.3802809715270996,5,93.96602630615234
238.3,2.8927821812926098,0.08549196536950282,0.09842105263157894,-0.038461538461538346,22.687254644,2.3802809715270996,5,93.96602630615234
238.3,2.8927821812926098,0.08549196536950282,0.09842105263157894,-0.038461538461538346,22.687254644,2.3802809715270996,5,93.96602630615234
238.3,2.8927821812926098,0.08549196536950282,0.09842105263157894,-0.038461538461538346,22.687254644,2.3802809715270996,5,93.96602630615234
238.3,2.8927821812926098,0.08549196536950282,0.09842105263157894,-0.038461538461538346,22.687254644,2.3802809715270996,5,93.96602630615234
238.3,2.8927821812926098,0.08549196536950282,0.09842105263157894,-0.038461538461538346,22.687254644,2.3802809715270996,5,93.96602630615234
238.3,2.8927821812926098,0.08549196536950282,0.09842105263157894,-0.038461538461538346,22.687254644,2.3802809715270996,5,93.96602630615234
238.3,2.8927821812926098,0.08549196536950282,0.10999999999999999,-0.14102564102564089,22.687254644,2.3802809715270996,5,93.96602630615234
238.3,2.8927821812926098,0.08549196536950282,0.10999999999999999,-0.14102564102564089,22.687254644,2.3802809715270996,5,93.96602630615234
238.3,2.8899875633254384,0.08733825581922766,0.10999999999999999,-0.14102564102564089,22.959006231,2.3802809715270996,5,93.96602630615234
238.3,2.8899875633254384,0.08733825581922766,0.10999999999999999,-0.14102564102564089,22.959006231,2.3802809715270996,5,93.96602630615234
238.3,2.8899875633254384,0.08733825581922766,0.10999999999999999,-0.14102564102564089,22.959006231,2.3802809715270996,5,93.96602630615234
238.3,2.8899875633254384,0.08733825581922766,0.10999999999999999,-0.14102564102564089,22.959006231,2.3802809715270996,5,93.96602630615234
238.4,2.8865418273694967,0.08962765024883645,0.10999999999999999,-0.14102564102564089,22.959006231,2.3802809715270996,5,93.96602630615234
238.4,2.8865418273694967,0.08962765024883645,0.10999999999999999,-0.14102564102564089,22.673829607000002,2.3802809715270996,5,93.96602630615234
238.4,2.8865418273694967,0.08962765024883645,0.10999999999999999,-0.14102564102564089,22.673829607000002,2.3802809715270996,5,93.96602630615234
238.4,2.8865418273694967,0.08962765024883645,0.10999999999999999,-0.14102564102564089,22.673829607000002,2.3802809715270996,5,93.96602630615234
238.4,2.8865418273694967,0.08962765024883645,0.10999999999999999,-0.14102564102564089,22.673829607000002,2.3802809715270996,5,93.96602630615234
238.4,2.883970093833258,0.09222251828132788,0.10999999999999999,-0.16666666666666652,22.673829607000002,2.3802809715270996,5,93.96602630615234
238.4,2.883970093833258,0.09222251828132788,0.10999999999999999,-0.16666666666666652,22.673829607000002,2.3802809715270996,5,93.96602630615234
238.4,2.883970093833258,0.09222251828132788,0.10999999999999999,-0.16666666666666652,22.676542322,2.3802809715270996,5,93.96602630615234
238.4,2.8821806054730743,0.09558487813268479,0.10421052631578946,-0.16666666666666652,22.676542322,2.3802809715270996,5,93.96602630615234
238.4,2.8821806054730743,0.09558487813268479,0.10421052631578946,-0.16666666666666652,22.676542322,2.3802809715270996,5,93.96602630615234
238.50000000000003,2.880569973605431,0.09888020968546263,0.10421052631578946,-0.16666666666666652,22.676542322,2.3802809715270996,5,93.96602630615234
238.50000000000003,2.880569973605431,0.09888020968546263,0.10421052631578946,-0.16666666666666652,22.676542322,2.3802809715270996,5,93.9153060913086
238.50000000000003,2.880569973605431,0.09888020968546263,0.09842105263157894,-0.14102564102564089,22.676542322,2.3802809715270996,5,93.9153060913086
238.50000000000003,2.880569973605431,0.09888020968546263,0.09842105263157894,-0.14102564102564089,22.66612515,2.3802809715270996,5,93.9153060913086
238.50000000000003,2.880569973605431,0.09888020968546263,0.09842105263157894,-0.14102564102564089,22.66612515,2.3802809715270996,5,93.9153060913086
238.50000000000003,2.8789774188049515,0.1022142904676579,0.09842105263157894,-0.14102564102564089,22.656559946,2.3802809715270996,5,93.9153060913086
238.50000000000003,2.8789774188049515,0.1022142904676579,0.09842105263157894,-0.14102564102564089,22.656559946,2.3802809715270996,5,93.9153060913086
238.50000000000003,2.8789774188049515,0.1022142904676579,0.09842105263157894,-0.14102564102564089,22.656559946,2.3802809715270996,5,93.9153060913086
238.50000000000003,2.877558642066877,0.10547024836506763,0.09842105263157894,-0.14102564102564089,22.650970377,2.3802809715270996,5,93.9153060913086
238.50000000000003,2.877558642066877,0.10547024836506763,0.09842105263157894,-0.14102564102564089,22.650970377,2.3802809715270996,5,93.9153060913086
238.50000000000003,2.877558642066877,0.10547024836506763,0.10999999999999999,-0.08974358974358962,22.650970377,2.3802809715270996,5,93.9153060913086
238.60000000000002,2.877558642066877,0.10547024836506763,0.10999999999999999,-0.08974358974358962,22.650970377,2.3802809715270996,5,93.9153060913086
238.60000000000002,2.8761528327578425,0.1087609626855946,0.10999999999999999,-0.08974358974358962,22.650970377,2.3802809715270996,5,93.9153060913086
238.60000000000002,2.8761528327578425,0.1087609626855946,0.10999999999999999,-0.11538461538461525,22.650970377,2.3802809715270996,5,93.9153060913086
238.60000000000002,2.8761528327578425,0.1087609626855946,0.10999999999999999,-0.11538461538461525,22.650970377,2.3802809715270996,5,93.9153060913086
238.60000000000002,2.8761528327578425,0.1087609626855946,0.10999999999999999,-0.11538461538461525,22.650970377,2.3802809715270996,5,93.9153060913086
238.60000000000002,2.8761528327578425,0.1087609626855946,0.10999999999999999,-0.11538461538461525,22.650970377,2.3802809715270996,5,93.9153060913086
238.60000000000002,2.87355804458717,0.11196850297130173,0.10999999999999999,-0.11538461538461525,22.650970377,2.3802809715270996,5,93.9153060913086
238.60000000000002,2.87355804458717,0.11196850297130173,0.10999999999999999,-0.11538461538461525,22.647860097,2.3802809715270996,5,93.9153060913086
238.60000000000002,2.87355804458717,0.11196850297130173,0.10999999999999999,-0.11538461538461525,22.647860097,2.3802809715270996,5,93.9153060913086
238.60000000000002,2.87355804458717,0.11196850297130173,0.10999999999999999,-0.11538461538461525,22.647860097,2.3802809715270996,5,93.9153060913086
238.60000000000002,2.87355804458717,0.11196850297130173,0.10999999999999999,-0.11538461538461525,22.633695722,2.3802809715270996,5,93.9153060913086
238.60000000000002,2.87355804458717,0.11196850297130173,0.10999999999999999,-0.11538461538461525,22.633695722,2.3802809715270996,5,93.9153060913086
238.60000000000002,2.87355804458717,0.11196850297130173,0.10999999999999999,-0.11538461538461525,22.090579852,2.3802809715270996,5,93.9153060913086
238.60000000000002,2.87355804458717,0.11196850297130173,0.10999999999999999,-0.11538461538461525,22.090579852,2.3802809715270996,5,93.9153060913086
238.60000000000002,2.87355804458717,0.11196850297130173,0.10999999999999999,-0.16666666666666652,22.090579852,2.3802809715270996,5,93.9153060913086
238.60000000000002,2.8705607178274826,0.11421544746148032,0.10999999999999999,-0.16666666666666652,22.090579852,2.3802809715270996,5,93.9153060913086
238.60000000000002,2.8705607178274826,0.11421544746148032,0.10999999999999999,-0.16666666666666652,22.090579852,2.3802809715270996,5,93.9153060913086
238.60000000000002,2.8705607178274826,0.11421544746148032,0.10999999999999999,-0.16666666666666652,22.090579852,2.3802809715270996,5,93.9153060913086
238.60000000000002,2.8705607178274826,0.11421544746148032,0.10999999999999999,-0.16666666666666652,21.837103731,2.3802809715270996,5,93.9153060913086
238.60000000000002,2.8705607178274826,0.11421544746148032,0.10999999999999999,-0.16666666666666652,21.837103731,2.3802809715270996,5,93.9153060913086
238.60000000000002,2.8705607178274826,0.11421544746148032,0.10999999999999999,-0.16666666666666652,21.837103731,2.3802809715270996,5,93.9153060913086
238.70000000000002,2.8675679745619043,0.11647532800016358,0.10999999999999999,-0.16666666666666652,21.837103731,2.3802809715270996,5,93.9153060913086
238.70000000000002,2.8675679745619043,0.11647532800016358,0.10421052631578946,-0.14102564102564089,21.837103731,2.3802809715270996,5,93.9153060913086
238.70000000000002,2.8675679745619043,0.11647532800016358,0.10421052631578946,-0.14102564102564089,21.738176556,2.341712474822998,5,93.9153060913086
238.70000000000002,2.8675679745619043,0.11647532800016358,0.10421052631578946,-0.14102564102564089,21.738176556,2.341712474822998,5,93.9153060913086
238.70000000000002,2.8675679745619043,0.11647532800016358,0.10421052631578946,-0.14102564102564089,21.738176556,2.341712474822998,5,93.9153060913086
238.70000000000002,2.8675679745619043,0.11647532800016358,0.10421052631578946,-0.14102564102564089,21.738176556,2.341712474822998,5,93.9153060913086
238.70000000000002,2.8645861371403374,0.11875667659853856,0.10421052631578946,-0.14102564102564089,21.733406447,2.341712474822998,5,93.9153060913086
238.70000000000002,2.8645861371403374,0.11875667659853856,0.10421052631578946,-0.14102564102564089,21.733406447,2.341712474822998,5,93.9153060913086
238.70000000000002,2.8645861371403374,0.11875667659853856,0.10421052631578946,-0.14102564102564089,21.733406447,2.341712474822998,5,93.9153060913086
238.70000000000002,2.8645861371403374,0.11875667659853856,0.10421052631578946,-0.14102564102564089,21.733406447,2.341712474822998,5,93.9153060913086
238.70000000000002,2.8617770200937174,0.1209347026783763,0.10421052631578946,-0.14102564102564089,21.867665357,2.341712474822998,5,93.9153060913086
238.70000000000002,2.8617770200937174,0.1209347026783763,0.10421052631578946,-0.14102564102564089,21.867665357,2.341712474822998,5,93.9153060913086
238.70000000000002,2.8617770200937174,0.1209347026783763,0.10421052631578946,-0.14102564102564089,21.867665357,2.341712474822998,5,93.9153060913086
238.8,2.8617770200937174,0.1209347026783763,0.10999999999999999,-0.012820512820512692,21.867665357,2.341712474822998,5,93.9153060913086
238.8,2.8589795897566073,0.12312213976605285,0.10999999999999999,-0.012820512820512692,21.868436509,2.341712474822998,5,93.9153060913086
238.8,2.8589795897566073,0.12312213976605285,0.10999999999999999,-0.012820512820512692,21.868436509,2.341712474822998,5,93.9153060913086
238.8,2.8589795897566073,0.12312213976605285,0.10999999999999999,-0.012820512820512692,21.868436509,2.341712474822998,5,93.9153060913086
238.8,2.8589795897566073,0.12312213976605285,0.10999999999999999,-0.012820512820512706,21.868436509,2.341712474822998,5,93.9153060913086
238.8,2.8589795897566073,0.12312213976605285,0.10999999999999999,-0.012820512820512706,21.868436509,2.341712474822998,5,93.9153060913086
238.8,2.855882942307817,0.12555943895956412,0.10999999999999999,-0.012820512820512706,21.868436509,2.341712474822998,5,93.9153060913086
238.8,2.855882942307817,0.12555943895956412,0.10999999999999999,-0.012820512820512706,21.624364748,2.341712474822998,5,93.9153060913086
238.8,2.855882942307817,0.12555943895956412,0.10999999999999999,-0.012820512820512706,21.624364748,2.341712474822998,5,93.9153060913086
238.8,2.855882942307817,0.12555943895956412,0.10421052631578946,-0.012820512820512706,21.624364748,2.341712474822998,5,93.9153060913086
238.8,2.85294626354982,0.12787060205538792,0.10421052631578946,-0.012820512820512706,21.383700137,2.341712474822998,5,93.9153060913086
238.8,2.85294626354982,0.12787060205538792,0.10421052631578946,-0.012820512820512706,21.383700137,2.341712474822998,5,93.9153060913086
238.8,2.85294626354982,0.12787060205538792,0.10421052631578946,-0.012820512820512706,21.383700137,2.341712474822998,5,93.9153060913086
238.9,2.85294626354982,0.12787060205538792,0.10421052631578946,-0.012820512820512706,21.383700137,2.341712474822998,5,93.9153060913086
238.9,2.8501586850436613,0.13005801285579371,0.10421052631578946,-0.012820512820512706,21.383700137,2.341712474822998,5,93.9153060913086
238.9,2.8501586850436613,0.13005801285579371,0.10421052631578946,-0.012820512820512706,21.267574114,2.341712474822998,5,93.9153060913086
238.9,2.8501586850436613,0.13005801285579371,0.10421052631578946,-0.012820512820512706,21.267574114,2.341712474822998,5,93.9153060913086
238.9,2.8501586850436613,0.13005801285579371,0.10421052631578946,-0.012820512820512706,21.267574114,2.341712474822998,5,93.9153060913086
238.9,2.8473710651719877,0.1322505119823877,0.10421052631578946,-0.012820512820512706,21.267574114,2.341712474822998,5,93.9153060913086
238.9,2.8473710651719877,0.1322505119823877,0.09842105263157894,0.0,21.645931069,2.341712474822998,5,93.9153060913086
238.9,2.8473710651719877,0.1322505119823877,0.09842105263157894,0.0,21.645931069,2.341712474822998,5,93.9153060913086
238.9,2.8473710651719877,0.1322505119823877,0.09842105263157894,0.0,21.645931069,2.341712474822998,5,93.9153060913086
238.9,2.8473710651719877,0.1322505119823877,0.09842105263157894,0.0,21.645931069,2.341712474822998,5,93.9153060913086
238.9,2.844588563133943,0.13444462395001905,0.09842105263157894,0.0,21.645931069,2.341712474822998,5,93.9153060913086
238.9,2.844588563133943,0.13444462395001905,0.09842105263157894,0.0,21.777709666,2.341712474822998,5,93.9153060913086
239.00000000000003,2.844588563133943,0.13444462395001905,0.09842105263157894,0.0,21.777709666,2.341712474822998,5,93.86123657226562
239.00000000000003,2.844588563133943,0.13444462395001905,0.09842105263157894,0.0,21.777709666,2.341712474822998,5,93.86123657226562
239.00000000000003,2.8419613995974586,0.13651528349352887,0.09842105263157894,0.0,21.805140066,2.3167123794555664,5,93.86123657226562
239.00000000000003,2.8419613995974586,0.13651528349352887,0.09842105263157894,0.0,21.805140066,2.3167123794555664,5,93.86123657226562
239.00000000000003,2.8419613995974586,0.13651528349352887,0.09842105263157894,-0.038461538461538346,21.805140066,2.3167123794555664,5,93.86123657226562
239.00000000000003,2.8419613995974586,0.13651528349352887,0.09842105263157894,-0.038461538461538346,21.805140066,2.3167123794555664,5,93.86123657226562
239.00000000000003,2.8419613995974586,0.13651528349352887,0.09842105263157894,-0.038461538461538346,21.805140066,2.3167123794555664,5,93.86123657226562
239.00000000000003,2.8419613995974586,0.13651528349352887,0.09842105263157894,-0.038461538461538346,21.805140066,2.3167123794555664,5,93.86123657226562
239.00000000000003,2.8393330019006573,0.1385855010192052,0.09842105263157894,-0.038461538461538346,21.841620243,2.291712522506714,5,93.86123657226562
239.00000000000003,2.8393330019006573,0.1385855010192052,0.09842105263157894,-0.038461538461538346,21.841620243,2.291712522506714,5,93.86123657226562
239.00000000000003,2.8393330019006573,0.1385855010192052,0.09842105263157894,-0.038461538461538346,21.841620243,2.291712522506714,5,93.86123657226562
239.00000000000003,2.8393330019006573,0.1385855010192052,0.09842105263157894,-0.038461538461538346,21.841620243,2.291712522506714,5,93.86123657226562
239.00000000000003,2.836704153951782,0.14065802464783678,0.09842105263157894,-0.038461538461538346,21.841620243,2.291712522506714,5,93.86123657226562
239.00000000000003,2.836704153951782,0.14065802464783678,0.09842105263157894,-0.038461538461538346,21.974038367,2.291712522506714,5,93.86123657226562
239.00000000000003,2.836704153951782,0.14065802464783678,0.10999999999999999,-0.16666666666666652,21.974038367,2.291712522506714,5,93.86123657226562
239.10000000000002,2.836704153951782,0.14065802464783678,0.10999999999999999,-0.16666666666666652,21.974038367,2.291712522506714,5,93.86123657226562
239.10000000000002,2.836704153951782,0.14065802464783678,0.10999999999999999,-0.16666666666666652,21.974038367,2.291712522506714,5,93.86123657226562
239.10000000000002,2.8340773298063837,0.14273540814058727,0.10999999999999999,-0.16666666666666652,22.117317133,2.291712522506714,5,93.86123657226562
239.10000000000002,2.8340773298063837,0.14273540814058727,0.10999999999999999,-0.16666666666666652,22.117317133,2.291712522506714,5,93.86123657226562
239.10000000000002,2.8340773298063837,0.14273540814058727,0.10999999999999999,-0.16666666666666652,22.117317133,2.291712522506714,5,93.86123657226562
239.10000000000002,2.8340773298063837,0.14273540814058727,0.10999999999999999,-0.16666666666666652,22.117317133,2.291712522506714,5,93.86123657226562
239.10000000000002,2.830684952169988,0.14543012783117876,0.10999999999999999,-0.16666666666666652,22.117317133,2.291712522506714,5,93.86123657226562
239.10000000000002,2.830684952169988,0.14543012783117876,0.10999999999999999,-0.16666666666666652,21.853234817,2.291712522506714,5,93.86123657226562
239.10000000000002,2.830684952169988,0.14543012783117876,0.10999999999999999,-0.16666666666666652,21.853234817,2.291712522506714,5,93.86123657226562
239.10000000000002,2.830684952169988,0.14543012783117876,0.10421052631578946,-0.14102564102564089,21.853234817,2.291712522506714,5,93.86123657226562
239.10000000000002,2.827757713393428,0.14777548073113717,0.10421052631578946,-0.14102564102564089,21.844199617,2.291712522506714,5,93.86123657226562
239.10000000000002,2.827757713393428,0.14777548073113717,0.10421052631578946,-0.14102564102564089,21.844199617,2.291712522506714,5,93.86123657226562
239.20000000000002,2.827757713393428,0.14777548073113717,0.10421052631578946,-0.14102564102564089,21.844199617,2.291712522506714,5,93.86123657226562
239.20000000000002,2.827757713393428,0.14777548073113717,0.10421052631578946,-0.14102564102564089,21.844199617,2.291712522506714,5,93.86123657226562
239.20000000000002,2.8249977082590028,0.15001670872747042,0.10421052631578946,-0.14102564102564089,21.836633989,2.291712522506714,5,93.86123657226562
239.20000000000002,2.8249977082590028,0.15001670872747042,0.10421052631578946,-0.14102564102564089,21.836633989,2.291712522506714,5,93.86123657226562
239.20000000000002,2.8249977082590028,0.15001670872747042,0.10421052631578946,-0.14102564102564089,21.836633989,2.291712522506714,5,93.86123657226562
239.20000000000002,2.822253138775414,0.15226969844287935,0.10421052631578946,-0.14102564102564089,21.834261185,2.291712522506714,5,93.86123657226562
239.20000000000002,2.822253138775414,0.15226969844287935,0.10421052631578946,-0.14102564102564089,21.834261185,2.291712522506714,5,93.86123657226562
239.20000000000002,2.822253138775414,0.15226969844287935,0.10999999999999999,-0.11538461538461525,21.834261185,2.291712522506714,5,93.86123657226562
239.20000000000002,2.822253138775414,0.15226969844287935,0.10999999999999999,-0.11538461538461525,21.834261185,2.291712522506714,5,93.86123657226562
239.20000000000002,2.8195166594560925,0.1545332825121542,0.10999999999999999,-0.11538461538461525,21.826985564,2.291712522506714,5,93.86123657226562
239.20000000000002,2.8195166594560925,0.1545332825121542,0.10999999999999999,-0.11538461538461525,21.826985564,2.291712522506714,5,93.86123657226562
239.3,2.8195166594560925,0.1545332825121542,0.10999999999999999,-0.11538461538461525,21.826985564,2.291712522506714,5,93.86123657226562
239.3,2.816638288663446,0.15693671740898063,0.10999999999999999,-0.11538461538461525,21.567228744,2.291712522506714,5,93.86123657226562
239.3,2.816638288663446,0.15693671740898063,0.10999999999999999,-0.11538461538461525,21.331955445,2.2667126655578613,5,93.86123657226562
239.3,2.816638288663446,0.15693671740898063,0.10999999999999999,-0.11538461538461525,21.331955445,2.2667126655578613,5,93.86123657226562
239.3,2.816638288663446,0.15693671740898063,0.10999999999999999,-0.11538461538461525,21.331955445,2.2667126655578613,5,93.86123657226562
239.3,2.8137721145972883,0.159351728146082,0.10999999999999999,-0.11538461538461525,21.071936285,2.2667126655578613,5,93.86123657226562
239.3,2.8137721145972883,0.159351728146082,0.10999999999999999,-0.19230769230769215,21.071936285,2.2667126655578613,5,93.86123657226562
239.3,2.8137721145972883,0.159351728146082,0.10999999999999999,-0.19230769230769215,21.071936285,2.2667126655578613,5,93.86123657226562
239.3,2.810914722991328,0.16177616258657523,0.10999999999999999,-0.19230769230769215,21.071936285,2.2667126655578613,5,93.86123657226562
239.3,2.810914722991328,0.16177616258657523,0.10999999999999999,-0.19230769230769215,20.827061722,2.2667126655578613,5,93.86123657226562
239.4,2.810914722991328,0.16177616258657523,0.10999999999999999,-0.19230769230769215,20.827061722,2.2667126655578613,5,93.86123657226562
239.4,2.810914722991328,0.16177616258657523,0.10999999999999999,-0.19230769230769215,20.827061722,2.2667126655578613,5,93.86123657226562
239.4,2.8080644762850637,0.16421517390977386,0.10999999999999999,-0.19230769230769215,20.578332156,2.2667126655578613,5,93.86123657226562
239.4,2.8080644762850637,0.16421517390977386,0.10999999999999999,-0.19230769230769215,20.578332156,2.2667126655578613,5,93.86123657226562
239.4,2.8080644762850637,0.16421517390977386,0.10999999999999999,-0.19230769230769215,20.578332156,2.2667126655578613,5,93.86123657226562
239.4,2.8080644762850637,0.16421517390977386,0.10999999999999999,-0.19230769230769215,20.578332156,2.2667126655578613,5,93.86123657226562
239.4,2.805227979572516,0.16667705073451622,0.10421052631578946,-0.21794871794871779,20.744271586,2.2475903034210205,5,93.86123657226562
239.4,2.805227979572516,0.16667705073451622,0.10421052631578946,-0.21794871794871779,20.744271586,2.2475903034210205,5,93.86123657226562
239.4,2.805227979572516,0.16667705073451622,0.10421052631578946,-0.21794871794871779,20.744271586,2.2475903034210205,5,93.86123657226562
239.4,2.805227979572516,0.16667705073451622,0.10421052631578946,-0.21794871794871779,20.744271586,2.2475903034210205,5,93.86123657226562
239.4,2.805227979572516,0.16667705073451622,0.10421052631578946,-0.21794871794871779,20.744271586,2.2475903034210205,5,93.86123657226562
239.4,2.802412349517218,0.16915863287093513,0.10421052631578946,-0.21794871794871779,20.74531299,2.2475903034210205,5,93.86123657226562
239.50000000000003,2.802412349517218,0.16915863287093513,0.10421052631578946,-0.21794871794871779,20.74531299,2.2475903034210205,5,93.8066177368164
239.50000000000003,2.802412349517218,0.16915863287093513,0.10421052631578946,-0.21794871794871779,20.74531299,2.2475903034210205,5,93.8066177368164
239.50000000000003,2.799759526367862,0.171525815857264,0.10421052631578946,-0.21794871794871779,20.742045879,2.2475903034210205,5,93.8066177368164
239.50000000000003,2.799759526367862,0.171525815857264,0.10421052631578946,-0.21794871794871779,20.742045879,2.2475903034210205,5,93.8066177368164
239.50000000000003,2.799759526367862,0.171525815857264,0.09842105263157894,-0.19230769230769215,20.742045879,2.2475903034210205,5,93.8066177368164
239.50000000000003,2.799759526367862,0.171525815857264,0.09842105263157894,-0.19230769230769215,20.742045879,2.2475903034210205,5,93.8066177368164
239.50000000000003,2.797121231203985,0.1739134560691737,0.09842105263157894,-0.19230769230769215,20.742045879,2.2475903034210205,5,93.8066177368164
239.50000000000003,2.797121231203985,0.1739134560691737,0.09842105263157894,-0.19230769230769215,20.453619273,2.216712474822998,5,93.8066177368164
239.50000000000003,2.797121231203985,0.1739134560691737,0.09842105263157894,-0.19230769230769215,20.453619273,2.216712474822998,5,93.8066177368164
239.50000000000003,2.797121231203985,0.1739134560691737,0.09842105263157894,-0.19230769230769215,20.453619273,2.216712474822998,5,93.8066177368164
239.50000000000003,2.7946473987642055,0.1761883994781953,0.09842105263157894,-0.19230769230769215,20.567084487,2.216712474822998,5,93.8066177368164
239.60000000000002,2.7946473987642055,0.1761883994781953,0.09842105263157894,-0.19230769230769215,20.567084487,2.216712474822998,5,93.8066177368164
239.60000000000002,2.7946473987642055,0.1761883994781953,0.09842105263157894,-0.19230769230769215,20.567084487,2.216712474822998,5,93.8066177368164
239.60000000000002,2.7946473987642055,0.1761883994781953,0.09842105263157894,-0.19230769230769215,20.567084487,2.216712474822998,5,93.8066177368164
239.60000000000002,2.7921914220423516,0.17847669423827917,0.09263157894736841,-0.19230769230769215,20.812261339,2.216712474822998,5,93.8066177368164
239.60000000000002,2.7921914220423516,0.17847669423827917,0.09263157894736841,-0.19230769230769215,20.812261339,2.216712474822998,5,93.8066177368164
239.60000000000002,2.7921914220423516,0.17847669423827917,0.09263157894736841,-0.19230769230769215,20.812261339,2.216712474822998,5,93.8066177368164
239.60000000000002,2.7921914220423516,0.17847669423827917,0.09263157894736841,-0.19230769230769215,20.812261339,2.216712474822998,5,93.8066177368164
239.60000000000002,2.789747980845209,0.180779573854368,0.09263157894736841,-0.19230769230769215,21.057290998,2.216712474822998,5,93.8066177368164
239.60000000000002,2.789747980845209,0.180779573854368,0.09263157894736841,-0.19230769230769215,21.057290998,2.216712474822998,5,93.8066177368164
239.60000000000002,2.789747980845209,0.180779573854368,0.09263157894736841,-0.19230769230769215,21.057290998,2.216712474822998,5,93.8066177368164
239.60000000000002,2.789747980845209,0.180779573854368,0.09263157894736841,-0.19230769230769215,21.057290998,2.216712474822998,5,93.8066177368164
239.60000000000002,2.787461133528639,0.18296412689932567,0.09263157894736841,-0.19230769230769215,21.445560805,2.216712474822998,5,93.8066177368164
239.70000000000002,2.787461133528639,0.18296412689932567,0.09263157894736841,-0.19230769230769215,21.445560805,2.216712474822998,5,93.8066177368164
239.70000000000002,2.787461133528639,0.18296412689932567,0.10999999999999999,-0.08974358974358962,21.445560805,2.216712474822998,5,93.8066177368164
239.70000000000002,2.787461133528639,0.18296412689932567,0.10999999999999999,-0.08974358974358962,21.445560805,2.216712474822998,5,93.8066177368164
239.70000000000002,2.7851901811645803,0.18516363657380153,0.10999999999999999,-0.08974358974358962,21.844428239,2.216712474822998,5,93.8066177368164
239.70000000000002,2.7851901811645803,0.18516363657380153,0.10999999999999999,-0.08974358974358962,21.844428239,2.216712474822998,5,93.8066177368164
239.70000000000002,2.7851901811645803,0.18516363657380153,0.10999999999999999,-0.08974358974358962,21.844428239,2.216712474822998,5,93.8066177368164
239.70000000000002,2.7851901811645803,0.18516363657380153,0.10999999999999999,-0.08974358974358962,21.844428239,2.216712474822998,5,93.8066177368164
239.70000000000002,2.7820934858025783,0.18819707009473813,0.10999999999999999,-0.08974358974358962,21.844428239,2.216712474822998,5,93.8066177368164
239.70000000000002,2.7820934858025783,0.18819707009473813,0.10999999999999999,-0.08974358974358962,21.844428239,2.216712474822998,5,93.8066177368164
239.70000000000002,2.7820934858025783,0.18819707009473813,0.10999999999999999,-0.08974358974358962,21.459111549,2.216712474822998,5,93.8066177368164
239.70000000000002,2.7820934858025783,0.18819707009473813,0.10999999999999999,-0.08974358974358962,21.459111549,2.216712474822998,5,93.8066177368164
239.70000000000002,2.7820934858025783,0.18819707009473813,0.10999999999999999,-0.08974358974358962,21.459111549,2.216712474822998,5,93.8066177368164
239.8,2.7794262042128537,0.19081918282702065,0.10999999999999999,-0.08974358974358962,21.4675326,2.216712474822998,5,93.8066177368164
239.8,2.7794262042128537,0.19081918282702065,0.10999999999999999,-0.08974358974358962,21.4675326,2.216712474822998,5,93.8066177368164
239.8,2.7794262042128537,0.19081918282702065,0.10999999999999999,-0.08974358974358962,21.4675326,2.216712474822998,5,93.8066177368164
239.8,2.776760066951235,0.19344804716053488,0.10999999999999999,-0.08974358974358962,21.345373951,2.216712474822998,5,93.8066177368164
239.8,2.776760066951235,0.19344804716053488,0.10999999999999999,-0.08974358974358962,21.104641323,2.1917123794555664,5,93.8066177368164
239.8,2.776760066951235,0.19344804716053488,0.10999999999999999,-0.08974358974358962,21.104641323,2.1917123794555664,5,93.8066177368164
239.8,2.776760066951235,0.19344804716053488,0.10999999999999999,-0.08974358974358962,21.104641323,2.1917123794555664,5,93.8066177368164
239.8,2.7741016269568846,0.19608973677829222,0.10999999999999999,-0.08974358974358962,20.983277187,2.1917123794555664,5,93.8066177368164
239.8,2.7741016269568846,0.19608973677829222,0.10999999999999999,-0.08974358974358962,20.983277187,2.1917123794555664,5,93.8066177368164
239.8,2.7741016269568846,0.19608973677829222,0.09842105263157894,-0.06410256410256399,20.983277187,2.1917123794555664,5,93.8066177368164
239.8,2.7714548335225064,0.19873951431678827,0.09842105263157894,-0.06410256410256399,20.983277187,2.1917123794555664,5,93.8066177368164
239.9,2.7714548335225064,0.19873951431678827,0.09842105263157894,-0.06410256410256399,20.739735741,2.1917123794555664,5,93.8066177368164
239.9,2.7714548335225064,0.19873951431678827,0.09842105263157894,-0.06410256410256399,20.739735741,2.1917123794555664,5,93.8066177368164
239.9,2.7714548335225064,0.19873951431678827,0.09842105263157894,-0.06410256410256399,20.739735741,2.1917123794555664,5,93.8066177368164
239.9,2.7714548335225064,0.19873951431678827,0.09842105263157894,-0.06410256410256399,20.739735741,2.1917123794555664,5,93.8066177368164
239.9,2.7690915546711494,0.20111585073718258,0.09842105263157894,-0.06410256410256399,20.744150513,2.1917123794555664,5,93.8066177368164
239.9,2.7690915546711494,0.20111585073718258,0.09842105263157894,-0.06410256410256399,20.744150513,2.1917123794555664,5,93.8066177368164
239.9,2.7690915546711494,0.20111585073718258,0.09842105263157894,-0.06410256410256399,20.744150513,2.1917123794555664,5,93.8066177368164
239.9,2.766732328879559,0.20349634127706512,0.09842105263157894,-0.06410256410256399,20.748427709,2.1917123794555664,5,93.8066177368164
239.9,2.766732328879559,0.20349634127706512,0.09263157894736841,-0.06410256410256399,20.748427709,2.1917123794555664,5,93.8066177368164
239.9,2.766732328879559,0.20349634127706512,0.09263157894736841,-0.06410256410256399,20.748427709,2.1917123794555664,5,93.8066177368164
239.9,2.766732328879559,0.20349634127706512,0.09263157894736841,-0.06410256410256399,20.748427709,2.1917123794555664,5,93.8066177368164
240.00000000000003,2.7643773165005174,0.20588265623735552,0.09263157894736841,-0.06410256410256399,20.621975298,2.1917123794555664,5,93.8066177368164
240.00000000000003,2.7643773165005174,0.20588265623735552,0.09263157894736841,-0.06410256410256399,20.621975298,2.1917123794555664,5,93.75374603271484
240.00000000000003,2.7643773165005174,0.20588265623735552,0.09263157894736841,-0.06410256410256399,20.621975298,2.1917123794555664,5,93.75374603271484
240.00000000000003,2.7643773165005174,0.20588265623735552,0.09263157894736841,-0.06410256410256399,20.621975298,2.1917123794555664,5,93.75374603271484
240.00000000000003,2.762166162730413,0.20813421958197442,0.09263157894736841,-0.06410256410256399,20.634784336,2.1917123794555664,5,93.75374603271484
240.00000000000003,2.762166162730413,0.20813421958197442,0.09263157894736841,-0.06410256410256399,20.634784336,2.1917123794555664,5,93.75374603271484
240.00000000000003,2.762166162730413,0.20813421958197442,0.09263157894736841,-0.06410256410256399,20.634784336,2.1917123794555664,5,93.75374603271484
240.00000000000003,2.7599599591147417,0.21038974679710143,0.10421052631578946,-0.08974358974358962,21.398957256,2.1917123794555664,5,93.75374603271484
240.00000000000003,2.7599599591147417,0.21038974679710143,0.10421052631578946,-0.08974358974358962,21.398957256,2.1917123794555664,5,93.75374603271484
240.00000000000003,2.7599599591147417,0.21038974679710143,0.10421052631578946,-0.08974358974358962,21.398957256,2.1917123794555664,5,93.75374603271484
240.00000000000003,2.7599599591147417,0.21038974679710143,0.10421052631578946,-0.08974358974358962,21.398957256,2.1917123794555664,5,93.75374603271484
240.10000000000002,2.757347721740016,0.2130731724223846,0.10421052631578946,-0.08974358974358962,21.157373638,2.1667122840881348,5,93.75374603271484
240.10000000000002,2.757347721740016,0.2130731724223846,0.10421052631578946,-0.08974358974358962,21.157373638,2.1667122840881348,5,93.75374603271484
240.10000000000002,2.757347721740016,0.2130731724223846,0.10421052631578946,-0.08974358974358962,21.157373638,2.1667122840881348,5,93.75374603271484
240.10000000000002,2.757347721740016,0.2130731724223846,0.10421052631578946,-0.08974358974358962,21.157373638,2.1667122840881348,5,93.75374603271484
240.10000000000002,2.7548793588628504,0.21562354026770997,0.10421052631578946,-0.08974358974358962,21.288217782,2.1667122840881348,5,93.75374603271484
240.10000000000002,2.7548793588628504,0.21562354026770997,0.10421052631578946,-0.08974358974358962,21.288217782,2.1667122840881348,5,93.75374603271484
240.10000000000002,2.7548793588628504,0.21562354026770997,0.09842105263157894,-0.08974358974358962,21.288217782,2.1667122840881348,5,93.75374603271484
240.10000000000002,2.7548793588628504,0.21562354026770997,0.09842105263157894,-0.08974358974358962,21.288217782,2.1667122840881348,5,93.75374603271484
240.10000000000002,2.7524204063540427,0.2181818812312849,0.09842105263157894,-0.08974358974358962,21.423105684,2.1667122840881348,5,93.75374603271484
240.10000000000002,2.7524204063540427,0.2181818812312849,0.09842105263157894,-0.08974358974358962,21.423105684,2.1667122840881348,5,93.75374603271484
240.10000000000002,2.7524204063540427,0.2181818812312849,0.09842105263157894,-0.08974358974358962,21.423105684,2.1667122840881348,5,93.75374603271484
240.20000000000002,2.7501054207223974,0.22060484571875916,0.09842105263157894,-0.08974358974358962,21.699726714,2.1667122840881348,5,93.75374603271484
240.20000000000002,2.7501054207223974,0.22060484571875916,0.09842105263157894,-0.08974358974358962,21.699726714,2.1667122840881348,5,93.75374603271484
240.20000000000002,2.7501054207223974,0.22060484571875916,0.09842105263157894,-0.08974358974358962,21.699726714,2.1667122840881348,5,93.75374603271484
240.20000000000002,2.7501054207223974,0.22060484571875916,0.09842105263157894,-0.08974358974358962,21.699726714,2.1667122840881348,5,93.75374603271484
240.20000000000002,2.7477975599709823,0.22303445837611818,0.09842105263157894,-0.08974358974358962,21.699726714,2.1667122840881348,5,93.75374603271484
240.20000000000002,2.7477975599709823,0.22303445837611818,0.09842105263157894,-0.14102564102564089,21.694709322,2.1667122840881348,5,93.75374603271484
240.20000000000002,2.7477975599709823,0.22303445837611818,0.09842105263157894,-0.14102564102564089,21.694709322,2.1667122840881348,5,93.75374603271484
240.20000000000002,2.7477975599709823,0.22303445837611818,0.09842105263157894,-0.14102564102564089,21.694709322,2.1667122840881348,5,93.75374603271484
240.20000000000002,2.745497295136703,0.22547127650223187,0.09842105263157894,-0.14102564102564089,21.698352539,2.1667122840881348,5,93.75374603271484
240.20000000000002,2.745497295136703,0.22547127650223187,0.09842105263157894,-0.14102564102564089,21.698352539,2.1667122840881348,5,93.75374603271484
240.20000000000002,2.745497295136703,0.22547127650223187,0.09842105263157894,-0.14102564102564089,21.698352539,2.1667122840881348,5,93.75374603271484
240.20000000000002,2.745497295136703,0.22547127650223187,0.09842105263157894,-0.14102564102564089,21.698352539,2.1667122840881348,5,93.75374603271484
240.3,2.7432039305513807,0.22791766425614007,0.09842105263157894,-0.14102564102564089,21.704175209,2.1667122840881348,5,93.75374603271484
240.3,2.7432039305513807,0.22791766425614007,0.09842105263157894,-0.14102564102564089,21.704175209,2.1667122840881348,5,93.75374603271484
240.3,2.7432039305513807,0.22791766425614007,0.09842105263157894,-0.14102564102564089,21.704175209,2.1667122840881348,5,93.75374603271484
240.3,2.7409211109569505,0.23037660960452228,0.09842105263157894,-0.14102564102564089,21.31003658,2.1417124271392822,5,93.75374603271484
240.3,2.7409211109569505,0.23037660960452228,0.08684210526315789,-0.08974358974358962,21.31003658,2.1417124271392822,5,93.75374603271484
240.3,2.7409211109569505,0.23037660960452228,0.08684210526315789,-0.08974358974358962,21.31003658,2.1417124271392822,5,93.75374603271484
240.3,2.7386535237058514,0.23284264620623368,0.08684210526315789,-0.08974358974358962,21.279137587,2.1386070251464844,5,93.75374603271484
240.3,2.7386535237058514,0.23284264620623368,0.08684210526315789,-0.08974358974358962,21.137504891,2.1386070251464844,5,93.75374603271484
240.3,2.7386535237058514,0.23284264620623368,0.08684210526315789,-0.08974358974358962,21.137504891,2.1386070251464844,5,93.75374603271484
240.4,2.7386535237058514,0.23284264620623368,0.08684210526315789,-0.08974358974358962,21.137504891,2.1386070251464844,5,93.75374603271484
240.4,2.736655505079473,0.2350201655471229,0.08684210526315789,-0.08974358974358962,21.674840174,2.1386070251464844,5,93.75374603271484
240.4,2.736655505079473,0.2350201655471229,0.08684210526315789,-0.08974358974358962,21.674840174,2.1386070251464844,5,93.75374603271484
240.4,2.736655505079473,0.2350201655471229,0.08684210526315789,-0.08974358974358962,21.674840174,2.1386070251464844,5,93.75374603271484
240.4,2.736655505079473,0.2350201655471229,0.10999999999999999,-0.038461538461538346,21.674840174,2.1386070251464844,5,93.75374603271484
240.4,2.736655505079473,0.2350201655471229,0.10999999999999999,-0.038461538461538346,21.674840174,2.1386070251464844,5,93.75374603271484
240.4,2.734657398763682,0.23720304630736216,0.10999999999999999,-0.038461538461538346,22.108393994,2.1386070251464844,5,93.75374603271484
240.4,2.734657398763682,0.23720304630736216,0.10999999999999999,-0.038461538461538346,22.108393994,2.1386070251464844,5,93.75374603271484
240.4,2.734657398763682,0.23720304630736216,0.10999999999999999,-0.038461538461538346,22.108393994,2.1386070251464844,5,93.75374603271484
240.4,2.7321408309937327,0.23997498949215845,0.10999999999999999,-0.038461538461538346,22.108393994,2.1386070251464844,5,93.75374603271484
240.4,2.7321408309937327,0.23997498949215845,0.10999999999999999,-0.038461538461538346,21.967667354,2.1386070251464844,5,93.75374603271484
240.4,2.7321408309937327,0.23997498949215845,0.10999999999999999,-0.038461538461538346,21.967667354,2.1386070251464844,5,93.75374603271484
240.50000000000003,2.7321408309937327,0.23997498949215845,0.10999999999999999,-0.038461538461538346,21.967667354,2.1386070251464844,5,93.70682525634766
240.50000000000003,2.7321408309937327,0.23997498949215845,0.10999999999999999,-0.038461538461538346,21.967667354,2.1386070251464844,5,93.70682525634766
240.50000000000003,2.729631331497416,0.24274870916268343,0.10421052631578946,-0.012820512820512706,21.694924992,2.1386070251464844,5,93.70682525634766
240.50000000000003,2.729631331497416,0.24274870916268343,0.10421052631578946,-0.012820512820512706,21.694924992,2.1386070251464844,5,93.70682525634766
240.50000000000003,2.729631331497416,0.24274870916268343,0.10421052631578946,-0.012820512820512706,21.694924992,2.1386070251464844,5,93.70682525634766
240.50000000000003,2.729631331497416,0.24274870916268343,0.10421052631578946,-0.012820512820512706,21.694924992,2.1386070251464844,5,93.70682525634766
240.50000000000003,2.7271203737529937,0.24552212249944672,0.10421052631578946,-0.012820512820512706,21.43114136,2.1386070251464844,5,93.70682525634766
240.50000000000003,2.7271203737529937,0.24552212249944672,0.10421052631578946,-0.012820512820512706,21.43114136,2.1386070251464844,5,93.70682525634766
240.50000000000003,2.7271203737529937,0.24552212249944672,0.10421052631578946,-0.012820512820512706,21.43114136,2.1386070251464844,5,93.70682525634766
240.50000000000003,2.7271203737529937,0.24552212249944672,0.10421052631578946,-0.012820512820512706,21.43114136,2.1386070251464844,5,93.70682525634766
240.50000000000003,2.724743833579466,0.2481540781684064,0.10421052631578946,-0.012820512820512706,21.298313401,2.1386070251464844,5,93.70682525634766
240.50000000000003,2.724743833579466,0.2481540781684064,0.10421052631578946,-0.012820512820512706,21.298313401,2.1386070251464844,5,93.70682525634766
240.60000000000002,2.724743833579466,0.2481540781684064,0.09842105263157894,-0.038461538461538346,21.298313401,2.1386070251464844,5,93.70682525634766
240.60000000000002,2.7223717525699733,0.2507878021072264,0.09842105263157894,-0.038461538461538346,21.166531998,2.1386070251464844,5,93.70682525634766
240.60000000000002,2.7223717525699733,0.2507878021072264,0.09842105263157894,-0.038461538461538346,21.166531998,2.1386070251464844,5,93.70682525634766
240.60000000000002,2.7223717525699733,0.2507878021072264,0.09842105263157894,-0.038461538461538346,21.166531998,2.1386070251464844,5,93.70682525634766
240.60000000000002,2.7223717525699733,0.2507878021072264,0.09842105263157894,-0.038461538461538346,21.166531998,2.1386070251464844,5,93.70682525634766
240.60000000000002,2.7201698933356395,0.2541580143012567,0.09842105263157894,-0.038461538461538346,21.172717348,2.1386070251464844,5,93.70682525634766
240.60000000000002,2.7201698933356395,0.2541580143012567,0.09842105263157894,-0.038461538461538346,21.172717348,2.1386070251464844,5,93.70682525634766
240.60000000000002,2.7201698933356395,0.2541580143012567,0.09842105263157894,-0.038461538461538346,21.172717348,2.1386070251464844,5,93.70682525634766
240.60000000000002,2.7179719634426305,0.2581382962877428,0.09842105263157894,-0.038461538461538346,21.17828578,2.1386070251464844,5,93.70682525634766
240.60000000000002,2.7179719634426305,0.2581382962877428,0.09842105263157894,-0.038461538461538346,21.17828578,2.1386070251464844,5,93.70682525634766
240.70000000000002,2.7179719634426305,0.2581382962877428,0.10999999999999999,-0.11538461538461525,21.17828578,2.1386070251464844,5,93.70682525634766
240.70000000000002,2.7179719634426305,0.2581382962877428,0.10999999999999999,-0.11538461538461525,21.17828578,2.1386070251464844,5,93.70682525634766
240.70000000000002,2.7157478150811727,0.2621089107827966,0.10999999999999999,-0.11538461538461525,20.914398028,2.1386070251464844,5,93.70682525634766
240.70000000000002,2.7157478150811727,0.2621089107827966,0.10999999999999999,-0.11538461538461525,20.455797837,2.091712713241577,5,93.70682525634766
240.70000000000002,2.7157478150811727,0.2621089107827966,0.10999999999999999,-0.11538461538461525,20.455797837,2.091712713241577,5,93.70682525634766
240.70000000000002,2.7157478150811727,0.2621089107827966,0.10999999999999999,-0.11538461538461525,20.455797837,2.091712713241577,5,93.70682525634766
240.70000000000002,2.7157478150811727,0.2621089107827966,0.10999999999999999,-0.11538461538461525,20.455797837,2.091712713241577,5,93.70682525634766
240.70000000000002,2.71296367156381,0.26664871274908564,0.10999999999999999,-0.11538461538461525,20.455797837,2.091712713241577,5,93.70682525634766
240.70000000000002,2.71296367156381,0.26664871274908564,0.10999999999999999,-0.11538461538461525,19.713336359,2.091712713241577,5,93.70682525634766
240.70000000000002,2.71296367156381,0.26664871274908564,0.10999999999999999,-0.11538461538461525,19.713336359,2.091712713241577,5,93.70682525634766
240.70000000000002,2.710417575893848,0.27089330443017046,0.10421052631578946,-0.03846153846153835,19.713336359,2.091712713241577,5,93.70682525634766
240.8,2.710417575893848,0.27089330443017046,0.10421052631578946,-0.03846153846153835,19.713336359,2.091712713241577,5,93.70682525634766
240.8,2.710417575893848,0.27089330443017046,0.10421052631578946,-0.038461538461538346,19.713336359,2.091712713241577,5,93.70682525634766
240.8,2.710417575893848,0.27089330443017046,0.10421052631578946,-0.038461538461538346,19.71028625,2.091712713241577,5,93.70682525634766
240.8,2.707986060598288,0.27498544787714285,0.10421052631578946,-0.038461538461538346,19.71028625,2.091712713241577,5,93.70682525634766
240.8,2.707986060598288,0.27498544787714285,0.10999999999999999,-0.14102564102564089,19.71028625,2.091712713241577,5,93.70682525634766
240.8,2.707986060598288,0.27498544787714285,0.10999999999999999,-0.14102564102564089,19.71028625,2.091712713241577,5,93.70682525634766
240.8,2.707986060598288,0.27498544787714285,0.10999999999999999,-0.14102564102564089,19.71028625,2.091712713241577,5,93.70682525634766
240.8,2.707986060598288,0.27498544787714285,0.10999999999999999,-0.14102564102564089,19.71028625,2.091712713241577,5,93.70682525634766
240.8,2.707986060598288,0.27498544787714285,0.10999999999999999,-0.14102564102564089,19.71028625,2.091712713241577,5,93.70682525634766
240.8,2.707986060598288,0.27498544787714285,0.10999999999999999,-0.14102564102564089,19.71028625,2.091712713241577,5,93.70682525634766
240.8,2.707986060598288,0.27498544787714285,0.10999999999999999,-0.14102564102564089,19.814181798,2.091712713241577,5,93.70682525634766
240.8,2.707986060598288,0.27498544787714285,0.10999999999999999,-0.14102564102564089,19.814181798,2.091712713241577,5,93.70682525634766
240.8,2.707986060598288,0.27498544787714285,0.10999999999999999,-0.14102564102564089,19.814181798,2.091712713241577,5,93.70682525634766
240.8,2.707986060598288,0.27498544787714285,0.10999999999999999,-0.14102564102564089,19.814181798,2.091712713241577,5,93.70682525634766
240.8,2.707986060598288,0.27498544787714285,0.10999999999999999,-0.14102564102564089,19.814181798,2.091712713241577,5,93.70682525634766
240.8,2.707986060598288,0.27498544787714285,0.10999999999999999,-0.14102564102564089,19.814181798,2.091712713241577,5,93.70682525634766
240.8,2.707986060598288,0.27498544787714285,0.10999999999999999,-0.14102564102564089,19.814181798,2.091712713241577,5,93.70682525634766
240.8,2.705572949774429,0.2780709381044912,0.10999999999999999,-0.14102564102564089,19.814181798,2.091712713241577,5,93.70682525634766
240.8,2.705572949774429,0.2780709381044912,0.10999999999999999,-0.14102564102564089,19.928996179,2.091712713241577,5,93.70682525634766
240.8,2.705572949774429,0.2780709381044912,0.10999999999999999,-0.16666666666666652,19.928996179,2.091712713241577,5,93.70682525634766
240.8,2.705572949774429,0.2780709381044912,0.10999999999999999,-0.16666666666666652,19.928996179,2.091712713241577,5,93.70682525634766
240.8,2.703039192367061,0.2808300880152802,0.10999999999999999,-0.16666666666666652,19.807827373,2.091712713241577,5,93.70682525634766
240.8,2.703039192367061,0.2808300880152802,0.10999999999999999,-0.16666666666666652,19.807827373,2.091712713241577,5,93.70682525634766
240.9,2.703039192367061,0.2808300880152802,0.10999999999999999,-0.16666666666666652,19.807827373,2.091712713241577,5,93.70682525634766
240.9,2.703039192367061,0.2808300880152802,0.10999999999999999,-0.16666666666666652,19.807827373,2.091712713241577,5,93.70682525634766
240.9,2.703039192367061,0.2808300880152802,0.10999999999999999,-0.16666666666666652,19.807827373,2.091712713241577,5,93.70682525634766
240.9,2.703039192367061,0.2808300880152802,0.10999999999999999,-0.16666666666666652,19.807827373,2.091712713241577,5,93.70682525634766
240.9,2.7005171870719895,0.283609505573839,0.10999999999999999,-0.16666666666666652,19.681821888,2.091712713241577,5,93.70682525634766
240.9,2.7005171870719895,0.283609505573839,0.10999999999999999,-0.16666666666666652,19.681821888,2.091712713241577,5,93.70682525634766
240.9,2.7005171870719895,0.283609505573839,0.10421052631578946,-0.16666666666666652,19.681821888,2.091712713241577,5,93.70682525634766
240.9,2.7005171870719895,0.283609505573839,0.10421052631578946,-0.16666666666666652,19.681821888,2.091712713241577,5,93.70682525634766
240.9,2.6980181436588033,0.2864069892394565,0.10421052631578946,-0.16666666666666652,19.443828743,2.091712713241577,5,93.70682525634766
240.9,2.6980181436588033,0.2864069892394565,0.10421052631578946,-0.16666666666666652,19.443828743,2.091712713241577,5,93.70682525634766
240.9,2.6980181436588033,0.2864069892394565,0.10421052631578946,-0.16666666666666652,19.443828743,2.091712713241577,5,93.70682525634766
240.9,2.6980181436588033,0.2864069892394565,0.10421052631578946,-0.16666666666666652,19.443828743,2.091712713241577,5,93.70682525634766
240.9,2.6980181436588033,0.2864069892394565,0.10421052631578946,-0.16666666666666652,19.443828743,2.091712713241577,5,93.70682525634766
240.9,2.6956655520785273,0.28906809113100435,0.10421052631578946,-0.16666666666666652,19.443828743,2.091712713241577,5,93.70682525634766
240.9,2.6956655520785273,0.28906809113100435,0.10421052631578946,-0.16666666666666652,19.32506932,2.091712713241577,5,93.70682525634766
241.00000000000003,2.6956655520785273,0.28906809113100435,0.10421052631578946,-0.16666666666666652,19.32506932,2.091712713241577,5,93.70682525634766
241.00000000000003,2.6956655520785273,0.28906809113100435,0.09842105263157894,-0.14102564102564089,19.32506932,2.091712713241577,5,93.64566040039062
241.00000000000003,2.6956655520785273,0.28906809113100435,0.09842105263157894,-0.14102564102564089,19.32506932,2.091712713241577,5,93.64566040039062
241.00000000000003,2.693323771425592,0.2917412547370824,0.09842105263157894,-0.14102564102564089,18.977931196,2.0667126178741455,5,93.64566040039062
241.00000000000003,2.693323771425592,0.2917412547370824,0.09842105263157894,-0.14102564102564089,18.977931196,2.0667126178741455,5,93.64566040039062
241.00000000000003,2.693323771425592,0.2917412547370824,0.09842105263157894,-0.14102564102564089,18.977931196,2.0667126178741455,5,93.64566040039062
241.00000000000003,2.693323771425592,0.2917412547370824,0.09842105263157894,-0.14102564102564089,18.977931196,2.0667126178741455,5,93.64566040039062
241.00000000000003,2.6911261032147036,0.2942810158284352,0.09842105263157894,-0.14102564102564089,18.977931196,2.0667126178741455,5,93.64566040039062
241.00000000000003,2.6911261032147036,0.2942810158284352,0.09842105263157894,-0.14102564102564089,19.433311298,2.0667126178741455,5,93.64566040039062
241.00000000000003,2.6911261032147036,0.2942810158284352,0.09842105263157894,-0.14102564102564089,19.433311298,2.0667126178741455,5,93.64566040039062
241.00000000000003,2.6911261032147036,0.2942810158284352,0.09842105263157894,-0.14102564102564089,19.433311298,2.0667126178741455,5,93.64566040039062
241.00000000000003,2.6911261032147036,0.2942810158284352,0.10999999999999999,0.018974358974359118,19.433311298,2.0667126178741455,5,93.64566040039062
241.00000000000003,2.6889438510070423,0.2968294155699426,0.10999999999999999,0.018974358974359118,19.662645518,2.0667126178741455,5,93.64566040039062
241.00000000000003,2.6889438510070423,0.2968294155699426,0.10999999999999999,0.018974358974359118,19.662645518,2.0667126178741455,5,93.64566040039062
241.10000000000002,2.6889438510070423,0.2968294155699426,0.10999999999999999,0.018974358974359118,19.662645518,2.0667126178741455,5,93.64566040039062
241.10000000000002,2.6889438510070423,0.2968294155699426,0.10999999999999999,0.018974358974359118,19.662645518,2.0667126178741455,5,93.64566040039062
241.10000000000002,2.6889438510070423,0.2968294155699426,0.10999999999999999,0.038461538461538575,19.493035028,2.0488851070404053,5,93.64566040039062
241.10000000000002,2.6889438510070423,0.2968294155699426,0.10999999999999999,0.038461538461538575,19.493035028,2.0488851070404053,5,93.64566040039062
241.10000000000002,2.6889438510070423,0.2968294155699426,0.10999999999999999,0.038461538461538575,19.493035028,2.0488851070404053,5,93.64566040039062
241.10000000000002,2.6889438510070423,0.2968294155699426,0.10999999999999999,0.038461538461538575,19.493035028,2.0488851070404053,5,93.64566040039062
241.10000000000002,2.686263875352352,0.299978266923686,0.10999999999999999,0.038461538461538575,19.158381909,2.0488851070404053,5,93.64566040039062
241.10000000000002,2.686263875352352,0.299978266923686,0.10999999999999999,-0.12153846153846143,19.158381909,2.0488851070404053,5,93.64566040039062
241.10000000000002,2.686263875352352,0.299978266923686,0.10999999999999999,-0.12153846153846143,19.158381909,2.0488851070404053,5,93.64566040039062
241.10000000000002,2.686263875352352,0.299978266923686,0.10999999999999999,-0.12153846153846143,19.158381909,2.0488851070404053,5,93.64566040039062
241.10000000000002,2.683840434480342,0.30281971897408533,0.10999999999999999,-0.12153846153846143,19.046308523,2.0488851070404053,5,93.64566040039062
241.10000000000002,2.683840434480342,0.30281971897408533,0.10999999999999999,-0.12153846153846143,19.046308523,2.0488851070404053,5,93.64566040039062
241.10000000000002,2.683840434480342,0.30281971897408533,0.10999999999999999,-0.21794871794871779,19.046308523,2.0488851070404053,5,93.64566040039062
241.10000000000002,2.683840434480342,0.30281971897408533,0.10999999999999999,-0.21794871794871779,19.046308523,2.0488851070404053,5,93.64566040039062
241.10000000000002,2.683840434480342,0.30281971897408533,0.10999999999999999,-0.21794871794871779,19.046308523,2.0488851070404053,5,93.64566040039062
241.10000000000002,2.6814058592789243,0.30566040618959944,0.10999999999999999,-0.21794871794871779,19.041985605,2.0488851070404053,5,93.64566040039062
241.20000000000002,2.6814058592789243,0.30566040618959944,0.10999999999999999,-0.21794871794871779,19.041985605,2.0488851070404053,5,93.64566040039062
241.20000000000002,2.6814058592789243,0.30566040618959944,0.10421052631578946,-0.21794871794871779,19.041985605,2.0488851070404053,5,93.64566040039062
241.20000000000002,2.6814058592789243,0.30566040618959944,0.10421052631578946,-0.21794871794871779,19.041985605,2.0488851070404053,5,93.64566040039062
241.20000000000002,2.6789761034077975,0.3085273408419486,0.10421052631578946,-0.21794871794871779,19.036660054,2.0488851070404053,5,93.64566040039062
241.20000000000002,2.6789761034077975,0.3085273408419486,0.10421052631578946,-0.21794871794871779,19.036660054,2.0488851070404053,5,93.64566040039062
241.20000000000002,2.6789761034077975,0.3085273408419486,0.10421052631578946,-0.21794871794871779,19.036660054,2.0488851070404053,5,93.64566040039062
241.20000000000002,2.6789761034077975,0.3085273408419486,0.10421052631578946,-0.21794871794871779,19.036660054,2.0488851070404053,5,93.64566040039062
241.20000000000002,2.6789761034077975,0.3085273408419486,0.10421052631578946,-0.21794871794871779,19.036660054,2.0488851070404053,5,93.64566040039062
241.20000000000002,2.6767017678768346,0.31126932554115844,0.10421052631578946,-0.21794871794871779,19.036660054,2.0488851070404053,5,93.64566040039062
241.20000000000002,2.6767017678768346,0.31126932554115844,0.10421052631578946,-0.21794871794871779,19.146133795,2.0488851070404053,5,93.64566040039062
241.20000000000002,2.6767017678768346,0.31126932554115844,0.10421052631578946,-0.21794871794871779,19.146133795,2.0488851070404053,5,93.64566040039062
241.20000000000002,2.6767017678768346,0.31126932554115844,0.10999999999999999,-0.05794871794871778,19.146133795,2.0488851070404053,5,93.64566040039062
241.20000000000002,2.6767017678768346,0.31126932554115844,0.10999999999999999,-0.05794871794871778,19.146133795,2.0488851070404053,5,93.64566040039062
241.20000000000002,2.674453904215488,0.31402190290480775,0.10999999999999999,-0.05794871794871778,19.146133795,2.0488851070404053,5,93.64566040039062
241.3,2.674453904215488,0.31402190290480775,0.10999999999999999,-0.05794871794871778,19.146133795,2.0488851070404053,5,93.64566040039062
241.3,2.674453904215488,0.31402190290480775,0.10999999999999999,-0.012820512820512706,19.144042004,2.0488851070404053,5,93.64566040039062
241.3,2.674453904215488,0.31402190290480775,0.10999999999999999,-0.012820512820512706,19.144042004,2.0488851070404053,5,93.64566040039062
241.3,2.6719741737558413,0.3170832756378309,0.10999999999999999,-0.012820512820512706,19.144042004,2.0488851070404053,5,93.64566040039062
241.3,2.6719741737558413,0.3170832756378309,0.10999999999999999,-0.012820512820512706,19.144042004,2.0488851070404053,5,93.64566040039062
241.3,2.6696206393366095,0.3199822956651088,0.10999999999999999,0.11538461538461549,19.144042004,2.0488851070404053,5,93.64566040039062
241.3,2.6696206393366095,0.3199822956651088,0.10999999999999999,0.11538461538461549,19.144042004,2.0488851070404053,5,93.64566040039062
241.3,2.6696206393366095,0.3199822956651088,0.10999999999999999,0.11538461538461547,18.93378981,2.0488851070404053,5,93.64566040039062
241.3,2.6696206393366095,0.3199822956651088,0.10999999999999999,0.11538461538461547,18.93378981,2.0488851070404053,5,93.64566040039062
241.3,2.6696206393366095,0.3199822956651088,0.10999999999999999,0.11538461538461547,18.93378981,2.0488851070404053,5,93.64566040039062
241.3,2.6696206393366095,0.3199822956651088,0.10999999999999999,0.11538461538461547,18.93378981,2.0488851070404053,5,93.64566040039062
241.3,2.6672581355525327,0.3228762162747806,0.10999999999999999,0.11538461538461547,18.93378981,2.0488851070404053,5,93.64566040039062
241.4,2.6672581355525327,0.3228762162747806,0.10999999999999999,0.08974358974358984,18.93378981,2.0488851070404053,5,93.64566040039062
241.4,2.6672581355525327,0.3228762162747806,0.10999999999999999,0.08974358974358984,18.719976274,2.0488851070404053,5,93.64566040039062
241.4,2.6672581355525327,0.3228762162747806,0.10999999999999999,0.08974358974358984,18.719976274,2.0488851070404053,5,93.64566040039062
241.4,2.664889522881215,0.3257619990562124,0.10999999999999999,0.08974358974358984,18.719976274,2.0488851070404053,5,93.64566040039062
241.4,2.664889522881215,0.3257619990562124,0.10999999999999999,0.08974358974358984,18.719976274,2.0488851070404053,5,93.64566040039062
241.4,2.664889522881215,0.3257619990562124,0.10999999999999999,0.08974358974358984,18.719976274,2.0488851070404053,5,93.64566040039062
241.4,2.664889522881215,0.3257619990562124,0.10999999999999999,0.08974358974358984,17.996664809,1.9917125701904297,5,93.64566040039062
241.4,2.664889522881215,0.3257619990562124,0.10999999999999999,0.08974358974358984,17.996664809,1.9917125701904297,5,93.64566040039062
241.4,2.664889522881215,0.3257619990562124,0.10999999999999999,0.08974358974358984,17.996664809,1.9917125701904297,5,93.64566040039062
241.4,2.664889522881215,0.3257619990562124,0.10421052631578946,0.08974358974358984,17.996664809,1.9917125701904297,5,93.64566040039062
241.4,2.6625099246655766,0.328638279212618,0.10421052631578946,0.08974358974358984,17.996664809,1.9917125701904297,5,93.64566040039062
241.4,2.6625099246655766,0.328638279212618,0.10421052631578946,0.08974358974358984,18.203622966,1.9917125701904297,5,93.64566040039062
241.4,2.6625099246655766,0.328638279212618,0.10421052631578946,0.08974358974358984,18.203622966,1.9917125701904297,5,93.64566040039062
241.4,2.6625099246655766,0.328638279212618,0.10421052631578946,0.08974358974358984,18.203622966,1.9917125701904297,5,93.64566040039062
241.4,2.6625099246655766,0.328638279212618,0.10421052631578946,0.08974358974358984,18.203622966,1.9917125701904297,5,93.64566040039062
241.4,2.6625099246655766,0.328638279212618,0.10421052631578946,0.08974358974358984,18.203622966,1.9917125701904297,5,93.64566040039062
241.4,2.6625099246655766,0.328638279212618,0.10421052631578946,0.08974358974358984,18.203622966,1.9917125701904297,5,93.64566040039062
241.4,2.6625099246655766,0.328638279212618,0.10421052631578946,0.08974358974358984,18.203783437,1.9917125701904297,5,93.64566040039062
241.4,2.6625099246655766,0.328638279212618,0.10421052631578946,0.08974358974358984,18.203783437,1.9917125701904297,5,93.64566040039062
241.4,2.6625099246655766,0.328638279212618,0.10421052631578946,0.08974358974358984,18.203783437,1.9917125701904297,5,93.64566040039062
241.4,2.6625099246655766,0.328638279212618,0.10421052631578946,0.08974358974358984,18.203783437,1.9917125701904297,5,93.64566040039062
241.4,2.6625099246655766,0.328638279212618,0.10421052631578946,0.08974358974358984,18.203783437,1.9917125701904297,5,93.64566040039062
241.4,2.6625099246655766,0.328638279212618,0.10421052631578946,0.08974358974358984,18.203783437,1.9917125701904297,5,93.64566040039062
241.50000000000003,2.660245896885002,0.33135776676097706,0.10421052631578946,0.08974358974358984,18.316105786,1.9917125701904297,5,93.64566040039062
241.50000000000003,2.660245896885002,0.33135776676097706,0.10999999999999999,-0.06410256410256399,18.316105786,1.9917125701904297,5,93.64566040039062
241.50000000000003,2.660245896885002,0.33135776676097706,0.10999999999999999,-0.06410256410256399,18.316105786,1.9917125701904297,5,93.64566040039062
241.50000000000003,2.660245896885002,0.33135776676097706,0.10999999999999999,-0.06410256410256399,18.316105786,1.9917125701904297,5,93.59049987792969
241.50000000000003,2.660245896885002,0.33135776676097706,0.10999999999999999,-0.06410256410256399,18.316105786,1.9917125701904297,5,93.59049987792969
241.50000000000003,2.6579751764115995,0.3340709215572826,0.10999999999999999,-0.06410256410256399,18.316105786,1.9917125701904297,5,93.59049987792969
241.50000000000003,2.6579751764115995,0.3340709215572826,0.10999999999999999,-0.06410256410256399,18.435924386,1.9917125701904297,5,93.59049987792969
241.50000000000003,2.6579751764115995,0.3340709215572826,0.10999999999999999,-0.06410256410256399,18.435924386,1.9917125701904297,5,93.59049987792969
241.50000000000003,2.6579751764115995,0.3340709215572826,0.10999999999999999,-0.06410256410256399,18.435924386,1.9917125701904297,5,93.59049987792969
241.50000000000003,2.6579751764115995,0.3340709215572826,0.10999999999999999,-0.06410256410256399,18.435924386,1.9917125701904297,5,93.59049987792969
241.50000000000003,2.6579751764115995,0.3340709215572826,0.10999999999999999,-0.06410256410256399,18.435924386,1.9917125701904297,5,93.59049987792969
241.50000000000003,2.6579751764115995,0.3340709215572826,0.10999999999999999,-0.08974358974358962,18.435924386,1.9917125701904297,5,93.59049987792969
241.50000000000003,2.6553161937621157,0.33723536132254006,0.10999999999999999,-0.08974358974358962,18.435924386,1.9917125701904297,5,93.59049987792969
241.50000000000003,2.6553161937621157,0.33723536132254006,0.10999999999999999,-0.08974358974358962,18.115663864,1.9917125701904297,5,93.59049987792969
241.50000000000003,2.6553161937621157,0.33723536132254006,0.10999999999999999,-0.08974358974358962,18.115663864,1.9917125701904297,5,93.59049987792969
241.50000000000003,2.6553161937621157,0.33723536132254006,0.10999999999999999,-0.08974358974358962,18.115663864,1.9917125701904297,5,93.59049987792969
241.50000000000003,2.6553161937621157,0.33723536132254006,0.10999999999999999,-0.08974358974358962,18.115663864,1.9917125701904297,5,93.59049987792969
241.50000000000003,2.6553161937621157,0.33723536132254006,0.10999999999999999,-0.08974358974358962,18.115663864,1.9917125701904297,5,93.59049987792969
241.50000000000003,2.6553161937621157,0.33723536132254006,0.10999999999999999,-0.08974358974358962,18.115663864,1.9917125701904297,5,93.59049987792969
241.60000000000002,2.652913541326025,0.3401191269690311,0.10999999999999999,-0.08974358974358962,18.115663864,1.9917125701904297,5,93.59049987792969
241.60000000000002,2.652913541326025,0.3401191269690311,0.10421052631578946,-0.11538461538461525,18.115663864,1.9917125701904297,5,93.59049987792969
241.60000000000002,2.652913541326025,0.3401191269690311,0.10421052631578946,-0.11538461538461525,18.01075168,1.9917125701904297,5,93.59049987792969
241.60000000000002,2.652913541326025,0.3401191269690311,0.10421052631578946,-0.11538461538461525,18.01075168,1.9917125701904297,5,93.59049987792969
241.60000000000002,2.6505327828044947,0.34301326884640315,0.10421052631578946,-0.11538461538461525,18.01075168,1.9917125701904297,5,93.59049987792969
241.60000000000002,2.6505327828044947,0.34301326884640315,0.10421052631578946,-0.11538461538461525,18.106500681,1.9917125701904297,5,93.59049987792969
241.60000000000002,2.6505327828044947,0.34301326884640315,0.10421052631578946,-0.11538461538461525,18.106500681,1.9917125701904297,5,93.59049987792969
241.60000000000002,2.6505327828044947,0.34301326884640315,0.10421052631578946,-0.11538461538461525,18.106500681,1.9917125701904297,5,93.59049987792969
241.60000000000002,2.6505327828044947,0.34301326884640315,0.10421052631578946,-0.11538461538461525,18.106500681,1.9917125701904297,5,93.59049987792969
241.60000000000002,2.6505327828044947,0.34301326884640315,0.10421052631578946,-0.11538461538461525,17.987267236,1.9785969257354736,5,93.59049987792969
241.60000000000002,2.648285743926132,0.3457561583281734,0.10421052631578946,-0.11538461538461525,18.087189537,1.9785969257354736,5,93.59049987792969
241.60000000000002,2.648285743926132,0.3457561583281734,0.09842105263157894,-0.08974358974358962,18.087189537,1.9785969257354736,5,93.59049987792969
241.60000000000002,2.648285743926132,0.3457561583281734,0.09842105263157894,-0.08974358974358962,18.087189537,1.9785969257354736,5,93.59049987792969
241.70000000000002,2.6460419488753635,0.34850951962812093,0.09842105263157894,-0.08974358974358962,18.087189537,1.9785969257354736,5,93.59049987792969
241.70000000000002,2.6460419488753635,0.34850951962812093,0.09842105263157894,-0.08974358974358962,18.087189537,1.9785969257354736,5,93.59049987792969
241.70000000000002,2.6460419488753635,0.34850951962812093,0.09842105263157894,-0.08974358974358962,18.182378981,1.9785969257354736,5,93.59049987792969
241.70000000000002,2.6460419488753635,0.34850951962812093,0.09842105263157894,-0.08974358974358962,18.182378981,1.9785969257354736,5,93.59049987792969
241.70000000000002,2.6460419488753635,0.34850951962812093,0.09842105263157894,-0.08974358974358962,18.182378981,1.9785969257354736,5,93.59049987792969
241.70000000000002,2.6460419488753635,0.34850951962812093,0.09842105263157894,-0.08974358974358962,18.182378981,1.9785969257354736,5,93.59049987792969
241.70000000000002,2.6460419488753635,0.34850951962812093,0.09842105263157894,-0.08974358974358962,18.182378981,1.9785969257354736,5,93.59049987792969
241.70000000000002,2.6460419488753635,0.34850951962812093,0.09842105263157894,-0.08974358974358962,18.182378981,1.9785969257354736,5,93.59049987792969
241.70000000000002,2.6460419488753635,0.34850951962812093,0.10999999999999999,-0.16666666666666652,18.182378981,1.9785969257354736,5,93.59049987792969
241.70000000000002,2.6439349220617334,0.35112205892514853,0.10999999999999999,-0.16666666666666652,18.392229349,1.9785969257354736,5,93.59049987792969
241.70000000000002,2.6439349220617334,0.35112205892514853,0.10999999999999999,-0.16666666666666652,18.392229349,1.9785969257354736,5,93.59049987792969
241.70000000000002,2.6439349220617334,0.35112205892514853,0.10999999999999999,-0.16666666666666652,18.392229349,1.9785969257354736,5,93.59049987792969
241.70000000000002,2.6439349220617334,0.35112205892514853,0.10999999999999999,-0.16666666666666652,18.392229349,1.9785969257354736,5,93.59049987792969
241.70000000000002,2.641840319240497,0.35373750667562687,0.10999999999999999,-0.16666666666666652,18.603014667,1.9785969257354736,5,93.59049987792969
241.70000000000002,2.641840319240497,0.35373750667562687,0.10999999999999999,-0.16666666666666652,18.603014667,1.9785969257354736,5,93.59049987792969
241.70000000000002,2.641840319240497,0.35373750667562687,0.10999999999999999,-0.16666666666666652,18.603014667,1.9785969257354736,5,93.59049987792969
241.70000000000002,2.641840319240497,0.35373750667562687,0.10999999999999999,-0.16666666666666652,18.603014667,1.9785969257354736,5,93.59049987792969
241.8,2.6392603041766383,0.35697469667480597,0.10999999999999999,-0.16666666666666652,18.276502186,1.9785969257354736,5,93.59049987792969
241.8,2.6392603041766383,0.35697469667480597,0.10999999999999999,-0.16666666666666652,18.276502186,1.9785969257354736,5,93.59049987792969
241.8,2.6369380616340194,0.3599263659382897,0.10999999999999999,-0.16666666666666652,18.276502186,1.9785969257354736,5,93.59049987792969
241.8,2.6369380616340194,0.3599263659382897,0.10999999999999999,-0.16666666666666652,18.159112599,1.9785969257354736,5,93.59049987792969
241.8,2.6369380616340194,0.3599263659382897,0.10999999999999999,-0.16666666666666652,18.159112599,1.9785969257354736,5,93.59049987792969
241.8,2.6369380616340194,0.3599263659382897,0.10999999999999999,-0.16666666666666652,18.159112599,1.9785969257354736,5,93.59049987792969
241.8,2.6369380616340194,0.3599263659382897,0.10999999999999999,-0.16666666666666652,18.159112599,1.9785969257354736,5,93.59049987792969
241.8,2.6369380616340194,0.3599263659382897,0.10999999999999999,-0.16666666666666652,18.159112599,1.9785969257354736,5,93.59049987792969
241.8,2.6346410411551893,0.3628923969136384,0.10999999999999999,-0.16666666666666652,18.378780928,1.9785969257354736,5,93.59049987792969
241.8,2.6346410411551893,0.3628923969136384,0.10999999999999999,-0.006666666666666515,18.378780928,1.9785969257354736,5,93.59049987792969
241.8,2.6346410411551893,0.3628923969136384,0.10999999999999999,-0.006666666666666515,18.378780928,1.9785969257354736,5,93.59049987792969
241.8,2.6346410411551893,0.3628923969136384,0.10999999999999999,-0.006666666666666515,18.378780928,1.9785969257354736,5,93.59049987792969
241.9,2.6323611983563486,0.36586664107815325,0.10999999999999999,-0.006666666666666515,18.378780928,1.9785969257354736,5,93.59049987792969
241.9,2.6323611983563486,0.36586664107815325,0.10999999999999999,-0.006666666666666515,18.382123182,1.9785969257354736,5,93.59049987792969
241.9,2.6323611983563486,0.36586664107815325,0.10999999999999999,0.038461538461538575,18.382123182,1.9785969257354736,5,93.59049987792969
241.9,2.6323611983563486,0.36586664107815325,0.10999999999999999,0.038461538461538575,18.382123182,1.9785969257354736,5,93.59049987792969
241.9,2.6323611983563486,0.36586664107815325,0.10999999999999999,0.038461538461538575,18.382123182,1.9785969257354736,5,93.59049987792969
241.9,2.630093763819336,0.3688481493391734,0.10999999999999999,0.038461538461538575,18.382123182,1.9785969257354736,5,93.59049987792969
241.9,2.630093763819336,0.3688481493391734,0.10999999999999999,0.038461538461538575,18.039730223,1.9417126178741455,5,93.59049987792969
241.9,2.630093763819336,0.3688481493391734,0.10421052631578946,0.06410256410256421,18.039730223,1.9417126178741455,5,93.59049987792969
241.9,2.630093763819336,0.3688481493391734,0.10421052631578946,0.06410256410256421,18.039730223,1.9417126178741455,5,93.59049987792969
241.9,2.6278338728517703,0.3718229336708339,0.10421052631578946,0.06410256410256421,18.039730223,1.9417126178741455,5,93.59049987792969
241.9,2.6278338728517703,0.3718229336708339,0.10421052631578946,0.06410256410256421,18.039730223,1.9417126178741455,5,93.59049987792969
241.9,2.6278338728517703,0.3718229336708339,0.10421052631578946,0.06410256410256421,18.039730223,1.9417126178741455,5,93.59049987792969
242.00000000000003,2.6278338728517703,0.3718229336708339,0.10421052631578946,0.06410256410256421,17.939544954,1.9417126178741455,5,93.59049987792969
242.00000000000003,2.6256850006890198,0.37463205388824805,0.10421052631578946,0.06410256410256421,17.939544954,1.9417126178741455,5,93.53865814208984
242.00000000000003,2.6256850006890198,0.37463205388824805,0.10999999999999999,0.16666666666666674,17.939544954,1.9417126178741455,5,93.53865814208984
242.00000000000003,2.6256850006890198,0.37463205388824805,0.10999999999999999,0.16666666666666674,17.939544954,1.9417126178741455,5,93.53865814208984
242.00000000000003,2.6256850006890198,0.37463205388824805,0.10999999999999999,0.16666666666666674,17.939544954,1.9417126178741455,5,93.53865814208984
242.00000000000003,2.6256850006890198,0.37463205388824805,0.10999999999999999,0.16666666666666674,17.939544954,1.9417126178741455,5,93.53865814208984
242.00000000000003,2.6256850006890198,0.37463205388824805,0.10999999999999999,0.16666666666666674,17.951944487,1.9417126178741455,5,93.53865814208984
242.00000000000003,2.6256850006890198,0.37463205388824805,0.10999999999999999,0.16666666666666674,17.951944487,1.9417126178741455,5,93.53865814208984
242.00000000000003,2.6256850006890198,0.37463205388824805,0.10999999999999999,0.16666666666666674,17.951944487,1.9417126178741455,5,93.53865814208984
242.00000000000003,2.6256850006890198,0.37463205388824805,0.10999999999999999,0.16666666666666674,17.951944487,1.9417126178741455,5,93.53865814208984
242.00000000000003,2.6235264539281413,0.3774381358048423,0.10999999999999999,0.16666666666666674,17.846554148,1.9417126178741455,5,93.53865814208984
242.00000000000003,2.6235264539281413,0.3774381358048423,0.10999999999999999,0.16666666666666674,17.846554148,1.9417126178741455,5,93.53865814208984
242.00000000000003,2.6235264539281413,0.3774381358048423,0.10999999999999999,0.16666666666666674,17.846554148,1.9417126178741455,5,93.53865814208984
242.00000000000003,2.6235264539281413,0.3774381358048423,0.10999999999999999,0.16666666666666674,17.846554148,1.9417126178741455,5,93.53865814208984
242.00000000000003,2.6211234991221493,0.3805516755567472,0.10999999999999999,0.16666666666666674,17.846554148,1.9417126178741455,5,93.53865814208984
242.00000000000003,2.6211234991221493,0.3805516755567472,0.10999999999999999,0.16666666666666674,17.5504333,1.9417126178741455,5,93.53865814208984
242.00000000000003,2.6211234991221493,0.3805516755567472,0.10421052631578946,0.19230769230769237,17.5504333,1.9417126178741455,5,93.53865814208984
242.00000000000003,2.6211234991221493,0.3805516755567472,0.10421052631578946,0.19230769230769237,17.5504333,1.9417126178741455,5,93.53865814208984
242.00000000000003,2.6211234991221493,0.3805516755567472,0.10421052631578946,0.19230769230769237,17.5504333,1.9417126178741455,5,93.53865814208984
242.10000000000002,2.6188343267813776,0.38349719261282555,0.10421052631578946,0.19230769230769237,17.760356779,1.9417126178741455,5,93.53865814208984
242.10000000000002,2.6188343267813776,0.38349719261282555,0.10421052631578946,0.19230769230769237,17.760356779,1.9417126178741455,5,93.53865814208984
242.10000000000002,2.6188343267813776,0.38349719261282555,0.10421052631578946,0.19230769230769237,17.760356779,1.9417126178741455,5,93.53865814208984
242.10000000000002,2.6188343267813776,0.38349719261282555,0.10421052631578946,0.19230769230769237,17.760356779,1.9417126178741455,5,93.53865814208984
242.10000000000002,2.616649557878677,0.3862684537983446,0.10421052631578946,0.19230769230769237,17.881735562,1.9417126178741455,5,93.53865814208984
242.10000000000002,2.616649557878677,0.3862684537983446,0.10421052631578946,0.19230769230769237,17.881735562,1.9417126178741455,5,93.53865814208984
242.10000000000002,2.616649557878677,0.3862684537983446,0.10421052631578946,0.19230769230769237,17.881735562,1.9417126178741455,5,93.53865814208984
242.10000000000002,2.614443197087013,0.38902485815995574,0.09842105263157894,0.19230769230769237,17.994205173,1.9417126178741455,5,93.53865814208984
242.10000000000002,2.614443197087013,0.38902485815995574,0.09842105263157894,0.19230769230769237,17.994205173,1.9417126178741455,5,93.53865814208984
242.10000000000002,2.614443197087013,0.38902485815995574,0.09842105263157894,0.19230769230769237,17.994205173,1.9417126178741455,5,93.53865814208984
242.20000000000002,2.614443197087013,0.38902485815995574,0.09842105263157894,0.19230769230769237,17.994205173,1.9417126178741455,5,93.53865814208984
242.20000000000002,2.6123423288271304,0.39161659125284365,0.09842105263157894,0.19230769230769237,17.994205173,1.9417126178741455,5,93.53865814208984
242.20000000000002,2.6123423288271304,0.39161659125284365,0.09842105263157894,0.19230769230769237,17.987328097,1.9167125225067139,5,93.53865814208984
242.20000000000002,2.6123423288271304,0.39161659125284365,0.09842105263157894,0.19230769230769237,17.987328097,1.9167125225067139,5,93.53865814208984
242.20000000000002,2.6123423288271304,0.39161659125284365,0.09842105263157894,0.19230769230769237,17.987328097,1.9167125225067139,5,93.53865814208984
242.20000000000002,2.610226946589736,0.3941940504457959,0.09842105263157894,0.19230769230769237,18.209366048,1.9167125225067139,5,93.53865814208984
242.20000000000002,2.610226946589736,0.3941940504457959,0.09842105263157894,0.19230769230769237,18.209366048,1.9167125225067139,5,93.53865814208984
242.20000000000002,2.610226946589736,0.3941940504457959,0.10421052631578946,0.03230769230769237,18.209366048,1.9167125225067139,5,93.53865814208984
242.20000000000002,2.610226946589736,0.3941940504457959,0.10421052631578946,0.03230769230769237,18.209366048,1.9167125225067139,5,93.53865814208984
242.20000000000002,2.608094543534536,0.3967561503495853,0.10421052631578946,0.03230769230769237,18.437932667,1.9167125225067139,5,93.53865814208984
242.20000000000002,2.608094543534536,0.3967561503495853,0.10421052631578946,0.03230769230769237,18.437932667,1.9167125225067139,5,93.53865814208984
242.3,2.608094543534536,0.3967561503495853,0.10421052631578946,0.03230769230769237,18.437932667,1.9167125225067139,5,93.53865814208984
242.3,2.6055638324398176,0.39976252509478327,0.10421052631578946,0.03230769230769237,18.437932667,1.9167125225067139,5,93.53865814208984
242.3,2.6055638324398176,0.39976252509478327,0.10421052631578946,0.012820512820512935,18.215058212,1.9167125225067139,5,93.53865814208984
242.3,2.6055638324398176,0.39976252509478327,0.10421052631578946,0.012820512820512935,18.215058212,1.9167125225067139,5,93.53865814208984
242.3,2.6055638324398176,0.39976252509478327,0.10421052631578946,0.012820512820512935,18.215058212,1.9167125225067139,5,93.53865814208984
242.3,2.603279331503275,0.4024784262806848,0.10421052631578946,0.012820512820512935,18.212973341,1.9167125225067139,5,93.53865814208984
242.3,2.603279331503275,0.4024784262806848,0.09842105263157894,-0.038461538461538346,18.212973341,1.9167125225067139,5,93.53865814208984
242.3,2.603279331503275,0.4024784262806848,0.09842105263157894,-0.038461538461538346,18.212973341,1.9167125225067139,5,93.53865814208984
242.3,2.603279331503275,0.4024784262806848,0.09842105263157894,-0.038461538461538346,18.212973341,1.9167125225067139,5,93.53865814208984
242.3,2.603279331503275,0.4024784262806848,0.09842105263157894,-0.038461538461538346,18.212973341,1.9167125225067139,5,93.53865814208984
242.3,2.601004905589693,0.4051955703999548,0.09842105263157894,-0.038461538461538346,18.43101759,1.9167125225067139,5,93.53865814208984
242.3,2.601004905589693,0.4051955703999548,0.09842105263157894,-0.038461538461538346,18.43101759,1.9167125225067139,5,93.53865814208984
242.3,2.601004905589693,0.4051955703999548,0.09842105263157894,-0.038461538461538346,18.43101759,1.9167125225067139,5,93.53865814208984
242.4,2.601004905589693,0.4051955703999548,0.09842105263157894,-0.038461538461538346,18.43101759,1.9167125225067139,5,93.53865814208984
242.4,2.59885627009058,0.40775677754165457,0.09842105263157894,-0.038461538461538346,18.43101759,1.9167125225067139,5,93.53865814208984
242.4,2.59885627009058,0.40775677754165457,0.09842105263157894,-0.038461538461538346,18.493783748,1.9008574485778809,5,93.53865814208984
242.4,2.59885627009058,0.40775677754165457,0.10999999999999999,-0.16666666666666652,18.493783748,1.9008574485778809,5,93.53865814208984
242.4,2.59885627009058,0.40775677754165457,0.10999999999999999,-0.16666666666666652,18.493783748,1.9008574485778809,5,93.53865814208984
242.4,2.5967036519240376,0.4103238589159578,0.10999999999999999,-0.16666666666666652,18.598675944,1.9008574485778809,5,93.53865814208984
242.4,2.5967036519240376,0.4103238589159578,0.10999999999999999,-0.16666666666666652,18.598675944,1.9008574485778809,5,93.53865814208984
242.4,2.5967036519240376,0.4103238589159578,0.10999999999999999,-0.16666666666666652,18.598675944,1.9008574485778809,5,93.53865814208984
242.4,2.5941796557648145,0.4133541207223877,0.10999999999999999,-0.16666666666666652,18.598675944,1.9008574485778809,5,93.53865814208984
242.4,2.5941796557648145,0.4133541207223877,0.10999999999999999,-0.16666666666666652,18.598675944,1.9008574485778809,5,93.53865814208984
242.4,2.5941796557648145,0.4133541207223877,0.10999999999999999,-0.16666666666666652,18.368501156,1.9008574485778809,5,93.53865814208984
242.50000000000003,2.5941796557648145,0.4133541207223877,0.10999999999999999,-0.16666666666666652,18.368501156,1.9008574485778809,5,93.53865814208984
242.50000000000003,2.5941796557648145,0.4133541207223877,0.10999999999999999,-0.16666666666666652,18.368501156,1.9008574485778809,5,93.48519897460938
242.50000000000003,2.591794179255559,0.41624730244228536,0.10421052631578946,-0.16666666666666652,18.1325991,1.9008574485778809,5,93.48519897460938
242.50000000000003,2.591794179255559,0.41624730244228536,0.10421052631578946,-0.16666666666666652,18.1325991,1.9008574485778809,5,93.48519897460938
242.50000000000003,2.591794179255559,0.41624730244228536,0.10421052631578946,-0.16666666666666652,18.1325991,1.9008574485778809,5,93.48519897460938
242.50000000000003,2.591794179255559,0.41624730244228536,0.10421052631578946,-0.16666666666666652,18.1325991,1.9008574485778809,5,93.48519897460938
242.50000000000003,2.5895490865762296,0.419003644375326,0.10421052631578946,-0.16666666666666652,18.013284872,1.9008574485778809,5,93.48519897460938
242.50000000000003,2.5895490865762296,0.419003644375326,0.10421052631578946,-0.16666666666666652,18.013284872,1.9008574485778809,5,93.48519897460938
242.50000000000003,2.5895490865762296,0.419003644375326,0.10421052631578946,-0.16666666666666652,18.013284872,1.9008574485778809,5,93.48519897460938
242.50000000000003,2.5873211090740718,0.42177242080363586,0.10421052631578946,-0.16666666666666652,18.013284872,1.9008574485778809,5,93.48519897460938
242.50000000000003,2.5873211090740718,0.42177242080363586,0.10421052631578946,-0.16666666666666652,17.569700376,1.8667125701904297,5,93.48519897460938
242.60000000000002,2.5873211090740718,0.42177242080363586,0.10999999999999999,-0.006666666666666515,17.569700376,1.8667125701904297,5,93.48519897460938
242.60000000000002,2.5873211090740718,0.42177242080363586,0.10999999999999999,-0.006666666666666515,17.569700376,1.8667125701904297,5,93.48519897460938
242.60000000000002,2.585108250493427,0.4245531045846863,0.10999999999999999,-0.006666666666666515,17.772598312,1.8667125701904297,5,93.48519897460938
242.60000000000002,2.585108250493427,0.4245531045846863,0.10999999999999999,-0.006666666666666515,17.772598312,1.8667125701904297,5,93.48519897460938
242.60000000000002,2.585108250493427,0.4245531045846863,0.10999999999999999,-0.006666666666666515,17.772598312,1.8667125701904297,5,93.48519897460938
242.60000000000002,2.585108250493427,0.4245531045846863,0.10999999999999999,-0.006666666666666515,17.772598312,1.8667125701904297,5,93.48519897460938
242.60000000000002,2.585108250493427,0.4245531045846863,0.10999999999999999,0.038461538461538575,17.772598312,1.8667125701904297,5,93.48519897460938
242.60000000000002,2.585108250493427,0.4245531045846863,0.10999999999999999,0.038461538461538575,17.772598312,1.8667125701904297,5,93.48519897460938
242.60000000000002,2.5825462040844456,0.4278014705278224,0.10999999999999999,0.038461538461538575,17.467849692,1.8667125701904297,5,93.48519897460938
242.60000000000002,2.5825462040844456,0.4278014705278224,0.10999999999999999,0.038461538461538575,17.467849692,1.8667125701904297,5,93.48519897460938
242.60000000000002,2.5825462040844456,0.4278014705278224,0.10999999999999999,0.038461538461538575,17.467849692,1.8667125701904297,5,93.48519897460938
242.60000000000002,2.5825462040844456,0.4278014705278224,0.10999999999999999,0.19846153846153858,17.467849692,1.8667125701904297,5,93.48519897460938
242.60000000000002,2.5802303253001697,0.4307283434627154,0.10999999999999999,0.19846153846153858,17.367735414,1.8667125701904297,5,93.48519897460938
242.60000000000002,2.5802303253001697,0.4307283434627154,0.10999999999999999,0.19846153846153858,17.367735414,1.8667125701904297,5,93.48519897460938
242.70000000000002,2.5802303253001697,0.4307283434627154,0.10999999999999999,0.19846153846153858,17.367735414,1.8667125701904297,5,93.48519897460938
242.70000000000002,2.5802303253001697,0.4307283434627154,0.10999999999999999,0.217948717948718,17.367735414,1.8667125701904297,5,93.48519897460938
242.70000000000002,2.5802303253001697,0.4307283434627154,0.10999999999999999,0.217948717948718,17.367735414,1.8667125701904297,5,93.48519897460938
242.70000000000002,2.5779005806064745,0.43364140082144254,0.10999999999999999,0.217948717948718,17.173719174,1.8667125701904297,5,93.48519897460938
242.70000000000002,2.5779005806064745,0.43364140082144254,0.10999999999999999,0.217948717948718,17.173719174,1.8667125701904297,5,93.48519897460938
242.70000000000002,2.5779005806064745,0.43364140082144254,0.10999999999999999,0.217948717948718,17.173719174,1.8667125701904297,5,93.48519897460938
242.70000000000002,2.5779005806064745,0.43364140082144254,0.10999999999999999,0.217948717948718,17.173719174,1.8667125701904297,5,93.48519897460938
242.70000000000002,2.5755541240476547,0.43653619614783845,0.10421052631578946,0.217948717948718,16.983751623,1.8667125701904297,5,93.48519897460938
242.70000000000002,2.5755541240476547,0.43653619614783845,0.10421052631578946,0.217948717948718,16.983751623,1.8667125701904297,5,93.48519897460938
242.70000000000002,2.5755541240476547,0.43653619614783845,0.10421052631578946,0.217948717948718,16.983751623,1.8667125701904297,5,93.48519897460938
242.70000000000002,2.5755541240476547,0.43653619614783845,0.10421052631578946,0.217948717948718,16.983751623,1.8667125701904297,5,93.48519897460938
242.70000000000002,2.5731854751924548,0.4394110228360641,0.10421052631578946,0.217948717948718,17.087932877,1.8667125701904297,5,93.48519897460938
242.8,2.5731854751924548,0.4394110228360641,0.10421052631578946,0.217948717948718,17.087932877,1.8667125701904297,5,93.48519897460938
242.8,2.5731854751924548,0.4394110228360641,0.10421052631578946,0.217948717948718,17.087932877,1.8667125701904297,5,93.48519897460938
242.8,2.5731854751924548,0.4394110228360641,0.10421052631578946,0.217948717948718,17.087932877,1.8667125701904297,5,93.48519897460938
242.8,2.5709189562450563,0.4421180763203064,0.10421052631578946,0.217948717948718,17.195117199,1.8667125701904297,5,93.48519897460938
242.8,2.5709189562450563,0.4421180763203064,0.10421052631578946,0.217948717948718,17.195117199,1.8667125701904297,5,93.48519897460938
242.8,2.5709189562450563,0.4421180763203064,0.10421052631578946,0.1410256410256411,17.195117199,1.8667125701904297,5,93.48519897460938
242.8,2.5709189562450563,0.4421180763203064,0.10421052631578946,0.1410256410256411,17.195117199,1.8667125701904297,5,93.48519897460938
242.8,2.5686340632766944,0.44480946500739554,0.10421052631578946,0.1410256410256411,16.978843325,1.841712474822998,5,93.48519897460938
242.8,2.5686340632766944,0.44480946500739554,0.10421052631578946,0.1410256410256411,16.978843325,1.841712474822998,5,93.48519897460938
242.8,2.5686340632766944,0.44480946500739554,0.10421052631578946,0.1410256410256411,16.978843325,1.841712474822998,5,93.48519897460938
242.8,2.5686340632766944,0.44480946500739554,0.10421052631578946,0.1410256410256411,16.978843325,1.841712474822998,5,93.48519897460938
242.8,2.566329739050106,0.447485845491513,0.10421052631578946,0.1410256410256411,16.986077209,1.841712474822998,5,93.48519897460938
242.8,2.566329739050106,0.447485845491513,0.10421052631578946,0.1410256410256411,16.986077209,1.841712474822998,5,93.48519897460938
242.9,2.566329739050106,0.447485845491513,0.10421052631578946,0.1410256410256411,16.986077209,1.841712474822998,5,93.48519897460938
242.9,2.566329739050106,0.447485845491513,0.10421052631578946,0.1410256410256411,16.986077209,1.841712474822998,5,93.48519897460938
242.9,2.5640094278876027,0.45015425688106536,0.10999999999999999,-0.018974358974358896,16.986077209,1.841712474822998,5,93.48519897460938
242.9,2.5640094278876027,0.45015425688106536,0.10999999999999999,-0.018974358974358896,16.994000611,1.841712474822998,5,93.48519897460938
242.9,2.5640094278876027,0.45015425688106536,0.10999999999999999,-0.018974358974358896,16.994000611,1.841712474822998,5,93.48519897460938
242.9,2.5640094278876027,0.45015425688106536,0.10999999999999999,-0.018974358974358896,16.994000611,1.841712474822998,5,93.48519897460938
242.9,2.56142089407967,0.4531128661740914,0.10999999999999999,-0.06410256410256399,17.090872277,1.841712474822998,5,93.48519897460938
242.9,2.56142089407967,0.4531128661740914,0.10999999999999999,-0.06410256410256399,17.090872277,1.841712474822998,5,93.48519897460938
242.9,2.56142089407967,0.4531128661740914,0.10999999999999999,-0.06410256410256399,17.090872277,1.841712474822998,5,93.48519897460938
242.9,2.56142089407967,0.4531128661740914,0.10999999999999999,-0.06410256410256399,17.090872277,1.841712474822998,5,93.48519897460938
242.9,2.5589548261503707,0.45592622297412727,0.10999999999999999,-0.06410256410256399,17.090872277,1.841712474822998,5,93.48519897460938
243.00000000000003,2.5589548261503707,0.45592622297412727,0.10999999999999999,-0.06410256410256399,17.084932553,1.841712474822998,5,93.48519897460938
243.00000000000003,2.5589548261503707,0.45592622297412727,0.10421052631578946,-0.06410256410256399,17.084932553,1.841712474822998,5,93.42994689941406
243.00000000000003,2.5589548261503707,0.45592622297412727,0.10421052631578946,-0.06410256410256399,17.084932553,1.841712474822998,5,93.42994689941406
243.00000000000003,2.5564924730584337,0.4587471192796684,0.10421052631578946,-0.06410256410256399,17.07529113,1.841712474822998,5,93.42994689941406
243.00000000000003,2.5564924730584337,0.4587471192796684,0.10421052631578946,-0.06410256410256399,17.07529113,1.841712474822998,5,93.42994689941406
243.00000000000003,2.5564924730584337,0.4587471192796684,0.10421052631578946,-0.06410256410256399,17.07529113,1.841712474822998,5,93.42994689941406
243.00000000000003,2.5564924730584337,0.4587471192796684,0.10421052631578946,-0.06410256410256399,17.07529113,1.841712474822998,5,93.42994689941406
243.00000000000003,2.5541670610069866,0.461426231903667,0.10421052631578946,-0.06410256410256399,17.164614717,1.841712474822998,5,93.42994689941406
243.00000000000003,2.5541670610069866,0.461426231903667,0.10421052631578946,-0.06410256410256399,17.164614717,1.841712474822998,5,93.42994689941406
243.00000000000003,2.5541670610069866,0.461426231903667,0.10421052631578946,-0.06410256410256399,17.164614717,1.841712474822998,5,93.42994689941406
243.00000000000003,2.5541670610069866,0.461426231903667,0.10421052631578946,-0.06410256410256399,17.164614717,1.841712474822998,5,93.42994689941406
243.10000000000002,2.5518483928124214,0.46410917066370594,0.10999999999999999,-0.16666666666666652,17.164614717,1.841712474822998,5,93.42994689941406
243.10000000000002,2.5518483928124214,0.46410917066370594,0.10999999999999999,-0.16666666666666652,17.021877318,1.816712498664856,5,93.42994689941406
243.10000000000002,2.5518483928124214,0.46410917066370594,0.10999999999999999,-0.16666666666666652,17.021877318,1.816712498664856,5,93.42994689941406
243.10000000000002,2.5518483928124214,0.46410917066370594,0.10999999999999999,-0.16666666666666652,17.021877318,1.816712498664856,5,93.42994689941406
243.10000000000002,2.5518483928124214,0.46410917066370594,0.10999999999999999,-0.16666666666666652,17.021877318,1.816712498664856,5,93.42994689941406
243.10000000000002,2.549277538015916,0.46709719995684496,0.10999999999999999,-0.16666666666666652,17.021877318,1.816712498664856,5,93.42994689941406
243.10000000000002,2.549277538015916,0.46709719995684496,0.10999999999999999,-0.16666666666666652,17.021877318,1.816712498664856,5,93.42994689941406
243.10000000000002,2.549277538015916,0.46709719995684496,0.10999999999999999,-0.16666666666666652,16.816689941,1.816712498664856,5,93.42994689941406
243.10000000000002,2.549277538015916,0.46709719995684496,0.10421052631578946,-0.16666666666666652,16.816689941,1.816712498664856,5,93.42994689941406
243.10000000000002,2.549277538015916,0.46709719995684496,0.10421052631578946,-0.16666666666666652,16.816689941,1.816712498664856,5,93.42994689941406
243.10000000000002,2.549277538015916,0.46709719995684496,0.10421052631578946,-0.16666666666666652,16.816689941,1.816712498664856,5,93.42994689941406
243.10000000000002,2.549277538015916,0.46709719995684496,0.10421052631578946,-0.16666666666666652,16.816689941,1.816712498664856,5,93.42994689941406
243.10000000000002,2.549277538015916,0.46709719995684496,0.10421052631578946,-0.16666666666666652,16.816689941,1.816712498664856,5,93.42994689941406
243.10000000000002,2.549277538015916,0.46709719995684496,0.10421052631578946,-0.16666666666666652,16.816689941,1.816712498664856,5,93.42994689941406
243.10000000000002,2.546844294051425,0.46995273878803284,0.10421052631578946,-0.16666666666666652,16.816689941,1.816712498664856,5,93.42994689941406
243.10000000000002,2.546844294051425,0.46995273878803284,0.10421052631578946,-0.16666666666666652,16.703387571,1.816712498664856,5,93.42994689941406
243.10000000000002,2.546844294051425,0.46995273878803284,0.10421052631578946,-0.16666666666666652,16.703387571,1.816712498664856,5,93.42994689941406
243.10000000000002,2.546844294051425,0.46995273878803284,0.10421052631578946,-0.16666666666666652,16.703387571,1.816712498664856,5,93.42994689941406
243.10000000000002,2.5445559582395356,0.47267466236424555,0.09842105263157894,-0.14102564102564089,16.703387571,1.816712498664856,5,93.42994689941406
243.10000000000002,2.5445559582395356,0.47267466236424555,0.09842105263157894,-0.14102564102564089,16.703387571,1.816712498664856,5,93.42994689941406
243.10000000000002,2.5445559582395356,0.47267466236424555,0.09842105263157894,-0.14102564102564089,16.703387571,1.816712498664856,5,93.42994689941406
243.20000000000002,2.5445559582395356,0.47267466236424555,0.09842105263157894,-0.14102564102564089,16.818356845,1.8303003311157227,5,93.42994689941406
243.20000000000002,2.5445559582395356,0.47267466236424555,0.09842105263157894,-0.14102564102564089,16.818356845,1.8303003311157227,5,93.42994689941406
243.20000000000002,2.5445559582395356,0.47267466236424555,0.09842105263157894,-0.14102564102564089,16.818356845,1.8303003311157227,5,93.42994689941406
243.20000000000002,2.5445559582395356,0.47267466236424555,0.09842105263157894,-0.14102564102564089,16.818356845,1.8303003311157227,5,93.42994689941406
243.20000000000002,2.5445559582395356,0.47267466236424555,0.09263157894736841,-0.14102564102564089,16.818356845,1.8303003311157227,5,93.42994689941406
243.20000000000002,2.5445559582395356,0.47267466236424555,0.09263157894736841,-0.14102564102564089,16.818356845,1.8303003311157227,5,93.42994689941406
243.20000000000002,2.5445559582395356,0.47267466236424555,0.09263157894736841,-0.14102564102564089,16.818356845,1.8303003311157227,5,93.42994689941406
243.20000000000002,2.5445559582395356,0.47267466236424555,0.09263157894736841,-0.14102564102564089,16.818356845,1.8303003311157227,5,93.42994689941406
243.20000000000002,2.542411151665906,0.4752560337459562,0.09263157894736841,-0.14102564102564089,16.818356845,1.8303003311157227,5,93.42994689941406
243.20000000000002,2.542411151665906,0.4752560337459562,0.09263157894736841,-0.14102564102564089,16.906863887,1.8303003311157227,5,93.42994689941406
243.20000000000002,2.542411151665906,0.4752560337459562,0.09263157894736841,-0.14102564102564089,16.906863887,1.8303003311157227,5,93.42994689941406
243.20000000000002,2.542411151665906,0.4752560337459562,0.09263157894736841,-0.14102564102564089,16.906863887,1.8303003311157227,5,93.42994689941406
243.20000000000002,2.542411151665906,0.4752560337459562,0.09263157894736841,-0.14102564102564089,16.906863887,1.8303003311157227,5,93.42994689941406
243.20000000000002,2.5404026406275237,0.47769359143275625,0.09263157894736841,-0.14102564102564089,16.906863887,1.8303003311157227,5,93.42994689941406
243.20000000000002,2.5404026406275237,0.47769359143275625,0.09263157894736841,-0.14102564102564089,16.550419151,1.7917124032974243,5,93.42994689941406
243.20000000000002,2.5404026406275237,0.47769359143275625,0.09263157894736841,-0.14102564102564089,16.550419151,1.7917124032974243,5,93.42994689941406
243.20000000000002,2.5404026406275237,0.47769359143275625,0.09263157894736841,-0.14102564102564089,16.942791067,1.7917124032974243,5,93.42994689941406
243.20000000000002,2.5404026406275237,0.47769359143275625,0.09263157894736841,-0.14102564102564089,16.942791067,1.7917124032974243,5,93.42994689941406
243.20000000000002,2.5404026406275237,0.47769359143275625,0.09263157894736841,-0.14102564102564089,16.942791067,1.7917124032974243,5,93.42994689941406
243.20000000000002,2.5404026406275237,0.47769359143275625,0.09263157894736841,-0.14102564102564089,16.942791067,1.7917124032974243,5,93.42994689941406
243.20000000000002,2.5404026406275237,0.47769359143275625,0.09263157894736841,-0.14102564102564089,16.942791067,1.7917124032974243,5,93.42994689941406
243.20000000000002,2.5384038562811684,0.48014156547576425,0.09263157894736841,-0.14102564102564089,17.244429581,1.7917124032974243,5,93.42994689941406
243.3,2.5384038562811684,0.48014156547576425,0.09263157894736841,-0.14102564102564089,17.244429581,1.7917124032974243,5,93.42994689941406
243.3,2.5384038562811684,0.48014156547576425,0.09263157894736841,-0.14102564102564089,17.244429581,1.7917124032974243,5,93.42994689941406
243.3,2.5384038562811684,0.48014156547576425,0.09263157894736841,-0.14102564102564089,17.244429581,1.7917124032974243,5,93.42994689941406
243.3,2.536417939446932,0.48259976030759266,0.09263157894736841,-0.14102564102564089,17.244429581,1.7917124032974243,5,93.42994689941406
243.3,2.536417939446932,0.48259976030759266,0.09263157894736841,-0.14102564102564089,17.244429581,1.7917124032974243,5,93.42994689941406
243.3,2.536417939446932,0.48259976030759266,0.09263157894736841,-0.14102564102564089,17.244429581,1.7917124032974243,5,93.42994689941406
243.3,2.536417939446932,0.48259976030759266,0.09263157894736841,-0.14102564102564089,17.569406859,1.7917124032974243,5,93.42994689941406
243.3,2.536417939446932,0.48259976030759266,0.09263157894736841,-0.14102564102564089,17.569406859,1.7917124032974243,5,93.42994689941406
243.3,2.536417939446932,0.48259976030759266,0.10999999999999999,0.0,17.569406859,1.7917124032974243,5,93.42994689941406
243.3,2.534444754712265,0.4850664633495886,0.10999999999999999,0.0,17.569406859,1.7917124032974243,5,93.42994689941406
243.3,2.534444754712265,0.4850664633495886,0.10999999999999999,0.0,17.569406859,1.7917124032974243,5,93.42994689941406
243.3,2.534444754712265,0.4850664633495886,0.10999999999999999,0.0,17.569406859,1.7917124032974243,5,93.42994689941406
243.3,2.534444754712265,0.4850664633495886,0.10999999999999999,0.0,17.569406859,1.7917124032974243,5,93.42994689941406
243.3,2.5316292692773152,0.48861253938852856,0.10999999999999999,0.0,17.787337168,1.7917124032974243,5,93.42994689941406
243.4,2.5316292692773152,0.48861253938852856,0.10999999999999999,0.0,17.787337168,1.7917124032974243,5,93.42994689941406
243.4,2.5293045315797205,0.49153509236446025,0.10999999999999999,0.0,17.787337168,1.7917124032974243,5,93.42994689941406
243.4,2.5293045315797205,0.49153509236446025,0.10999999999999999,-0.012820512820512706,17.254414941,1.7917124032974243,5,93.42994689941406
243.4,2.5293045315797205,0.49153509236446025,0.10999999999999999,-0.012820512820512706,17.254414941,1.7917124032974243,5,93.42994689941406
243.4,2.5293045315797205,0.49153509236446025,0.10421052631578946,0.0,17.254414941,1.7917124032974243,5,93.42994689941406
243.4,2.5293045315797205,0.49153509236446025,0.10421052631578946,0.0,17.254414941,1.7917124032974243,5,93.42994689941406
243.4,2.5269714464098443,0.4944549312035367,0.10421052631578946,0.0,17.363929919,1.7917124032974243,5,93.42994689941406
243.50000000000003,2.5269714464098443,0.4944549312035367,0.10421052631578946,0.0,17.363929919,1.7917124032974243,5,93.42994689941406
243.50000000000003,2.5269714464098443,0.4944549312035367,0.10421052631578946,0.0,17.363929919,1.7917124032974243,5,93.42994689941406
243.50000000000003,2.5247603907386327,0.49722676443044994,0.10421052631578946,0.0,17.363929919,1.7917124032974243,5,93.42994689941406
243.50000000000003,2.5247603907386327,0.49722676443044994,0.10421052631578946,0.0,17.373791256,1.7917124032974243,5,93.42994689941406
243.50000000000003,2.5247603907386327,0.49722676443044994,0.10421052631578946,0.0,17.373791256,1.7917124032974243,5,93.42994689941406
243.50000000000003,2.5247603907386327,0.49722676443044994,0.10421052631578946,0.0,17.373791256,1.7917124032974243,5,93.42994689941406
243.50000000000003,2.5247603907386327,0.49722676443044994,0.10421052631578946,0.0,17.373791256,1.7917124032974243,5,93.37986755371094
243.50000000000003,2.5225538837619403,0.49999820474778073,0.10421052631578946,0.0,17.373791256,1.7917124032974243,5,93.37986755371094
243.50000000000003,2.5225538837619403,0.49999820474778073,0.10421052631578946,-0.012820512820512706,17.373791256,1.7917124032974243,5,93.37986755371094
243.50000000000003,2.5225538837619403,0.49999820474778073,0.10421052631578946,-0.012820512820512706,17.373791256,1.7917124032974243,5,93.37986755371094
243.50000000000003,2.5225538837619403,0.49999820474778073,0.10421052631578946,-0.012820512820512706,17.381392539,1.7917124032974243,5,93.37986755371094
243.50000000000003,2.5225538837619403,0.49999820474778073,0.10421052631578946,-0.012820512820512706,17.381392539,1.7917124032974243,5,93.37986755371094
243.50000000000003,2.5225538837619403,0.49999820474778073,0.10421052631578946,-0.012820512820512706,17.381392539,1.7917124032974243,5,93.37986755371094
243.50000000000003,2.5225538837619403,0.49999820474778073,0.10421052631578946,-0.012820512820512706,17.381392539,1.7917124032974243,5,93.37986755371094
243.50000000000003,2.5225538837619403,0.49999820474778073,0.10421052631578946,-0.012820512820512706,17.381392539,1.7917124032974243,5,93.37986755371094
243.50000000000003,2.5225538837619403,0.49999820474778073,0.10421052631578946,-0.012820512820512706,17.381392539,1.7917124032974243,5,93.37986755371094
243.50000000000003,2.5225538837619403,0.49999820474778073,0.10421052631578946,-0.012820512820512706,17.043252745,1.7667125463485718,5,93.37986755371094
243.50000000000003,2.5225538837619403,0.49999820474778073,0.10421052631578946,-0.012820512820512706,17.043252745,1.7667125463485718,5,93.37986755371094
243.50000000000003,2.5225538837619403,0.49999820474778073,0.10421052631578946,-0.012820512820512706,17.043252745,1.7667125463485718,5,93.37986755371094
243.50000000000003,2.5203462761382665,0.502767004916975,0.10421052631578946,-0.012820512820512706,17.043252745,1.7667125463485718,5,93.37986755371094
243.50000000000003,2.5203462761382665,0.502767004916975,0.10421052631578946,-0.012820512820512706,17.043252745,1.7667125463485718,5,93.37986755371094
243.50000000000003,2.5203462761382665,0.502767004916975,0.10421052631578946,-0.012820512820512706,17.043252745,1.7667125463485718,5,93.37986755371094
243.50000000000003,2.5203462761382665,0.502767004916975,0.09842105263157894,-0.012820512820512706,17.043252745,1.7667125463485718,5,93.37986755371094
243.50000000000003,2.5203462761382665,0.502767004916975,0.09842105263157894,-0.012820512820512706,17.043252745,1.7667125463485718,5,93.37986755371094
243.50000000000003,2.5203462761382665,0.502767004916975,0.09842105263157894,-0.012820512820512706,16.837602948,1.7667125463485718,5,93.37986755371094
243.50000000000003,2.5203462761382665,0.502767004916975,0.09842105263157894,-0.012820512820512706,16.837602948,1.7667125463485718,5,93.37986755371094
243.50000000000003,2.5203462761382665,0.502767004916975,0.09842105263157894,-0.012820512820512706,16.837602948,1.7667125463485718,5,93.37986755371094
243.50000000000003,2.5203462761382665,0.502767004916975,0.09842105263157894,-0.012820512820512706,16.837602948,1.7667125463485718,5,93.37986755371094
243.60000000000002,2.5203462761382665,0.502767004916975,0.09842105263157894,-0.012820512820512706,16.837602948,1.7667125463485718,5,93.37986755371094
243.60000000000002,2.5203462761382665,0.502767004916975,0.09842105263157894,-0.012820512820512706,16.837602948,1.7667125463485718,5,93.37986755371094
243.60000000000002,2.5181360778481308,0.5055373917700606,0.09842105263157894,-0.012820512820512706,16.837602948,1.7667125463485718,5,93.37986755371094
243.60000000000002,2.5181360778481308,0.5055373917700606,0.09842105263157894,-0.012820512820512706,16.837602948,1.7667125463485718,5,93.37986755371094
243.60000000000002,2.5181360778481308,0.5055373917700606,0.09842105263157894,-0.012820512820512706,16.64510782,1.7667125463485718,5,93.37986755371094
243.60000000000002,2.5181360778481308,0.5055373917700606,0.09842105263157894,-0.012820512820512706,16.64510782,1.7667125463485718,5,93.37986755371094
243.60000000000002,2.5181360778481308,0.5055373917700606,0.09842105263157894,-0.012820512820512706,16.64510782,1.7667125463485718,5,93.37986755371094
243.60000000000002,2.5181360778481308,0.5055373917700606,0.09842105263157894,-0.012820512820512706,16.64510782,1.7667125463485718,5,93.37986755371094
243.60000000000002,2.5160498654651953,0.5081572389465019,0.09842105263157894,-0.012820512820512706,16.64510782,1.7667125463485718,5,93.37986755371094
243.60000000000002,2.5160498654651953,0.5081572389465019,0.09842105263157894,-0.012820512820512706,16.548582286,1.7667125463485718,5,93.37986755371094
243.60000000000002,2.5160498654651953,0.5081572389465019,0.09842105263157894,-0.012820512820512706,16.548582286,1.7667125463485718,5,93.37986755371094
243.60000000000002,2.5160498654651953,0.5081572389465019,0.09842105263157894,-0.012820512820512706,16.799002247,1.7934471368789673,5,93.37986755371094
243.60000000000002,2.5160498654651953,0.5081572389465019,0.09842105263157894,-0.012820512820512706,16.799002247,1.7934471368789673,5,93.37986755371094
243.60000000000002,2.5139662742700386,0.5107773882539922,0.09842105263157894,-0.012820512820512706,16.223182699,1.7417125701904297,5,93.37986755371094
243.60000000000002,2.5139662742700386,0.5107773882539922,0.09263157894736841,0.0,16.223182699,1.7417125701904297,5,93.37986755371094
243.60000000000002,2.5139662742700386,0.5107773882539922,0.09263157894736841,0.0,16.223182699,1.7417125701904297,5,93.37986755371094
243.70000000000002,2.5139662742700386,0.5107773882539922,0.09263157894736841,0.0,16.223182699,1.7417125701904297,5,93.37986755371094
243.70000000000002,2.5118830980222264,0.5133975783809449,0.09263157894736841,0.0,16.811439821,1.7417125701904297,5,93.37986755371094
243.70000000000002,2.5118830980222264,0.5133975783809449,0.09263157894736841,0.0,16.811439821,1.7417125701904297,5,93.37986755371094
243.70000000000002,2.5118830980222264,0.5133975783809449,0.09263157894736841,0.0,16.811439821,1.7417125701904297,5,93.37986755371094
243.70000000000002,2.5099225143566453,0.5158649776212637,0.09263157894736841,0.0,16.811439821,1.7417125701904297,5,93.37986755371094
243.70000000000002,2.5099225143566453,0.5158649776212637,0.09263157894736841,0.0,17.127155013,1.7417125701904297,5,93.37986755371094
243.70000000000002,2.5099225143566453,0.5158649776212637,0.09263157894736841,0.0,17.127155013,1.7417125701904297,5,93.37986755371094
243.70000000000002,2.5099225143566453,0.5158649776212637,0.09263157894736841,0.0,17.127155013,1.7417125701904297,5,93.37986755371094
243.70000000000002,2.5099225143566453,0.5158649776212637,0.10421052631578946,-0.038461538461538346,17.127155013,1.7417125701904297,5,93.37986755371094
243.70000000000002,2.5079632609072924,0.5183316623260945,0.10421052631578946,-0.038461538461538346,17.44943505,1.7417125701904297,5,93.37986755371094
243.70000000000002,2.5079632609072924,0.5183316623260945,0.10421052631578946,-0.038461538461538346,17.44943505,1.7417125701904297,5,93.37986755371094
243.70000000000002,2.5079632609072924,0.5183316623260945,0.10421052631578946,-0.038461538461538346,17.44943505,1.7417125701904297,5,93.37986755371094
243.8,2.5079632609072924,0.5183316623260945,0.10421052631578946,-0.038461538461538346,17.44943505,1.7417125701904297,5,93.37986755371094
243.8,2.505393092693738,0.5215675704775135,0.10421052631578946,-0.038461538461538346,17.118955998,1.7417125701904297,5,93.37986755371094
243.8,2.505393092693738,0.5215675704775135,0.10421052631578946,-0.038461538461538346,17.118955998,1.7417125701904297,5,93.37986755371094
243.8,2.505393092693738,0.5215675704775135,0.10421052631578946,-0.038461538461538346,17.118955998,1.7417125701904297,5,93.37986755371094
243.8,2.505393092693738,0.5215675704775135,0.10421052631578946,-0.038461538461538346,17.118955998,1.7417125701904297,5,93.37986755371094
243.8,2.5031901390614117,0.5243476508077198,0.10421052631578946,-0.038461538461538346,17.117459348,1.7417125701904297,5,93.37986755371094
243.8,2.5031901390614117,0.5243476508077198,0.10421052631578946,-0.08974358974358962,17.117459348,1.7417125701904297,5,93.37986755371094
243.8,2.5031901390614117,0.5243476508077198,0.10421052631578946,-0.08974358974358962,17.117459348,1.7417125701904297,5,93.37986755371094
243.8,2.501221840960823,0.5240882532624226,0.10421052631578946,-0.08974358974358962,17.116566029,1.7417125701904297,5,93.37986755371094
243.8,2.501221840960823,0.5240882532624226,0.10421052631578946,-0.08974358974358962,17.116566029,1.7417125701904297,5,93.37986755371094
243.8,2.501221840960823,0.5240882532624226,0.10421052631578946,-0.08974358974358962,17.116566029,1.7417125701904297,5,93.37986755371094
243.9,2.501221840960823,0.5240882532624226,0.10421052631578946,-0.08974358974358962,17.116566029,1.7417125701904297,5,93.37986755371094
243.9,2.501221840960823,0.5240882532624226,0.10421052631578946,-0.08974358974358962,17.116566029,1.7417125701904297,5,93.37986755371094
243.9,2.499290307149276,0.5231696906401428,0.10421052631578946,-0.08974358974358962,17.116566029,1.7417125701904297,5,93.37986755371094
243.9,2.499290307149276,0.5231696906401428,0.10421052631578946,-0.08974358974358962,17.116014416,1.7417125701904297,5,93.37986755371094
243.9,2.499290307149276,0.5231696906401428,0.09263157894736841,-0.06410256410256399,17.116014416,1.7417125701904297,5,93.37986755371094
243.9,2.499290307149276,0.5231696906401428,0.09263157894736841,-0.06410256410256399,17.116014416,1.7417125701904297,5,93.37986755371094
243.9,2.4973461854719776,0.5222482228561544,0.09263157894736841,-0.06410256410256399,17.116014416,1.7417125701904297,5,93.37986755371094
243.9,2.4973461854719776,0.5222482228561544,0.09263157894736841,-0.06410256410256399,17.116014416,1.7417125701904297,5,93.37986755371094
243.9,2.4973461854719776,0.5222482228561544,0.09263157894736841,-0.06410256410256399,17.116014416,1.7417125701904297,5,93.37986755371094
243.9,2.4973461854719776,0.5222482228561544,0.09263157894736841,-0.06410256410256399,17.116014416,1.7417125701904297,5,93.37986755371094
243.9,2.4973461854719776,0.5222482228561544,0.09263157894736841,-0.06410256410256399,17.004756606,1.7417125701904297,5,93.37986755371094
243.9,2.4973461854719776,0.5222482228561544,0.09263157894736841,-0.06410256410256399,17.004756606,1.7417125701904297,5,93.37986755371094
243.9,2.4973461854719776,0.5222482228561544,0.09263157894736841,-0.06410256410256399,17.004756606,1.7417125701904297,5,93.37986755371094
243.9,2.4973461854719776,0.5222482228561544,0.09263157894736841,-0.06410256410256399,17.004756606,1.7417125701904297,5,93.37986755371094
243.9,2.4956391252531778,0.5210124805128251,0.09263157894736841,-0.06410256410256399,17.004756606,1.7417125701904297,5,93.37986755371094
243.9,2.4956391252531778,0.5210124805128251,0.09263157894736841,-0.06410256410256399,17.10884344,1.7417125701904297,5,93.37986755371094
243.9,2.4956391252531778,0.5210124805128251,0.09263157894736841,-0.06410256410256399,17.10884344,1.7417125701904297,5,93.37986755371094
244.00000000000003,2.4956391252531778,0.5210124805128251,0.09263157894736841,-0.06410256410256399,17.10884344,1.7417125701904297,5,93.37986755371094
244.00000000000003,2.493920335789151,0.5197631837644038,0.09263157894736841,-0.06410256410256399,17.10884344,1.7417125701904297,5,93.33879852294922
244.00000000000003,2.493920335789151,0.5197631837644038,0.09263157894736841,-0.06410256410256399,17.214099183,1.7417125701904297,5,93.33879852294922
244.00000000000003,2.493920335789151,0.5197631837644038,0.09263157894736841,-0.06410256410256399,17.214099183,1.7417125701904297,5,93.33879852294922
244.00000000000003,2.493920335789151,0.5197631837644038,0.09263157894736841,-0.06410256410256399,17.214099183,1.7417125701904297,5,93.33879852294922
244.00000000000003,2.493920335789151,0.5197631837644038,0.09263157894736841,-0.06410256410256399,17.214099183,1.7417125701904297,5,93.33879852294922
244.00000000000003,2.4921837682118353,0.5185089681302646,0.09263157894736841,-0.06410256410256399,17.211493105,1.7417125701904297,5,93.33879852294922
244.00000000000003,2.4921837682118353,0.5185089681302646,0.09263157894736841,-0.06410256410256399,17.211493105,1.7417125701904297,5,93.33879852294922
244.00000000000003,2.4921837682118353,0.5185089681302646,0.08684210526315789,-0.06410256410256399,17.211493105,1.7417125701904297,5,93.33879852294922
244.00000000000003,2.490240295747763,0.5206519244525831,0.08684210526315789,-0.06410256410256399,17.210304598,1.7417125701904297,5,93.33879852294922
244.00000000000003,2.490240295747763,0.5206519244525831,0.08684210526315789,-0.06410256410256399,17.210304598,1.7417125701904297,5,93.33879852294922
244.00000000000003,2.490240295747763,0.5206519244525831,0.08684210526315789,-0.06410256410256399,17.210304598,1.7417125701904297,5,93.33879852294922
244.10000000000002,2.490240295747763,0.5206519244525831,0.08684210526315789,-0.06410256410256399,17.210304598,1.7417125701904297,5,93.33879852294922
244.10000000000002,2.488407472162463,0.5229717635133121,0.08684210526315789,-0.06410256410256399,17.89280012,1.7417125701904297,5,93.33879852294922
244.10000000000002,2.488407472162463,0.5229717635133121,0.08684210526315789,-0.06410256410256399,17.89280012,1.7417125701904297,5,93.33879852294922
244.10000000000002,2.488407472162463,0.5229717635133121,0.08684210526315789,-0.06410256410256399,17.89280012,1.7417125701904297,5,93.33879852294922
244.10000000000002,2.488407472162463,0.5229717635133121,0.08684210526315789,-0.06410256410256399,17.89280012,1.7417125701904297,5,93.33879852294922
244.10000000000002,2.486578278531667,0.5252938129979842,0.08684210526315789,-0.06410256410256399,18.245220695,1.7417125701904297,5,93.33879852294922
244.10000000000002,2.486578278531667,0.5252938129979842,0.10999999999999999,0.038461538461538575,18.245220695,1.7417125701904297,5,93.33879852294922
244.10000000000002,2.486578278531667,0.5252938129979842,0.10999999999999999,0.038461538461538575,18.245220695,1.7417125701904297,5,93.33879852294922
244.10000000000002,2.486578278531667,0.5252938129979842,0.10999999999999999,0.038461538461538575,18.245220695,1.7417125701904297,5,93.33879852294922
244.10000000000002,2.4847529022804267,0.5276210481859878,0.10999999999999999,0.038461538461538575,18.613390783,1.7417125701904297,5,93.33879852294922
244.10000000000002,2.4847529022804267,0.5276210481859878,0.10999999999999999,0.038461538461538575,18.613390783,1.7417125701904297,5,93.33879852294922
244.20000000000002,2.4847529022804267,0.5276210481859878,0.10999999999999999,0.038461538461538575,18.613390783,1.7417125701904297,5,93.33879852294922
244.20000000000002,2.4847529022804267,0.5276210481859878,0.10999999999999999,0.038461538461538575,18.613390783,1.7417125701904297,5,93.33879852294922
244.20000000000002,2.4823306203706967,0.5307205947421653,0.10999999999999999,0.038461538461538575,18.378676093,1.7417125701904297,5,93.33879852294922
244.20000000000002,2.4823306203706967,0.5307205947421653,0.10999999999999999,0.038461538461538575,18.378676093,1.7417125701904297,5,93.33879852294922
244.20000000000002,2.4823306203706967,0.5307205947421653,0.10999999999999999,0.038461538461538575,18.378676093,1.7417125701904297,5,93.33879852294922
244.20000000000002,2.4823306203706967,0.5307205947421653,0.10421052631578946,0.038461538461538575,18.378676093,1.7417125701904297,5,93.33879852294922
244.20000000000002,2.4800248982248374,0.5336519656542337,0.10421052631578946,0.038461538461538575,18.011782131,1.7167125940322876,5,93.33879852294922
244.20000000000002,2.4800248982248374,0.5336519656542337,0.10421052631578946,0.038461538461538575,18.011782131,1.7167125940322876,5,93.33879852294922
244.20000000000002,2.4800248982248374,0.5336519656542337,0.10421052631578946,0.038461538461538575,18.011782131,1.7167125940322876,5,93.33879852294922
244.20000000000002,2.4800248982248374,0.5336519656542337,0.10421052631578946,0.038461538461538575,18.011782131,1.7167125940322876,5,93.33879852294922
244.20000000000002,2.4800248982248374,0.5336519656542337,0.10421052631578946,0.038461538461538575,18.011782131,1.7167125940322876,5,93.33879852294922
244.20000000000002,2.4778267198778052,0.5364264886800448,0.10421052631578946,0.038461538461538575,17.782528424,1.7167125940322876,5,93.33879852294922
244.20000000000002,2.4778267198778052,0.5364264886800448,0.10421052631578946,0.038461538461538575,17.782528424,1.7167125940322876,5,93.33879852294922
244.3,2.4778267198778052,0.5364264886800448,0.10421052631578946,0.038461538461538575,17.782528424,1.7167125940322876,5,93.33879852294922
244.3,2.4756265934823283,0.5392043866250023,0.10421052631578946,0.038461538461538575,17.560012746,1.7167125940322876,5,93.33879852294922
244.3,2.4756265934823283,0.5392043866250023,0.09842105263157894,0.038461538461538575,17.560012746,1.7167125940322876,5,93.33879852294922
244.3,2.4756265934823283,0.5392043866250023,0.09842105263157894,0.038461538461538575,17.560012746,1.7167125940322876,5,93.33879852294922
244.3,2.4756265934823283,0.5392043866250023,0.09842105263157894,0.038461538461538575,17.560012746,1.7167125940322876,5,93.33879852294922
244.3,2.473427850448232,0.5419778475298365,0.09842105263157894,0.038461538461538575,17.340402238,1.7167125940322876,5,93.33879852294922
244.3,2.473427850448232,0.5419778475298365,0.09842105263157894,0.038461538461538575,17.340402238,1.7167125940322876,5,93.33879852294922
244.3,2.473427850448232,0.5419778475298365,0.09842105263157894,0.038461538461538575,17.340402238,1.7167125940322876,5,93.33879852294922
244.3,2.473427850448232,0.5419778475298365,0.09842105263157894,0.038461538461538575,17.340402238,1.7167125940322876,5,93.33879852294922
244.3,2.471345317930957,0.5445923467521041,0.09842105263157894,0.038461538461538575,17.237719782,1.7167125940322876,5,93.33879852294922
244.4,2.471345317930957,0.5445923467521041,0.09842105263157894,0.038461538461538575,17.237719782,1.7167125940322876,5,93.33879852294922
244.4,2.471345317930957,0.5445923467521041,0.09842105263157894,0.038461538461538575,17.237719782,1.7167125940322876,5,93.33879852294922
244.4,2.469256941566157,0.5472060269054981,0.10999999999999999,0.038461538461538575,17.01699028,1.7167125940322876,5,93.33879852294922
244.4,2.469256941566157,0.5472060269054981,0.10999999999999999,0.038461538461538575,17.01699028,1.7167125940322876,5,93.33879852294922
244.4,2.469256941566157,0.5472060269054981,0.10999999999999999,0.038461538461538575,17.01699028,1.7167125940322876,5,93.33879852294922
244.4,2.469256941566157,0.5472060269054981,0.10999999999999999,0.038461538461538575,17.01699028,1.7167125940322876,5,93.33879852294922
244.4,2.466553763421172,0.550582614092284,0.10999999999999999,0.038461538461538575,16.31487332,1.7167125940322876,5,93.33879852294922
244.4,2.466553763421172,0.550582614092284,0.10999999999999999,0.038461538461538575,16.31487332,1.7167125940322876,5,93.33879852294922
244.4,2.466553763421172,0.550582614092284,0.10999999999999999,0.038461538461538575,16.31487332,1.7167125940322876,5,93.33879852294922
244.4,2.466553763421172,0.550582614092284,0.10999999999999999,0.038461538461538575,16.31487332,1.7167125940322876,5,93.33879852294922
244.4,2.4642110192175792,0.553491320581476,0.10999999999999999,0.038461538461538575,15.705284424,1.691712498664856,5,93.33879852294922
244.50000000000003,2.4642110192175792,0.553491320581476,0.10999999999999999,0.038461538461538575,15.705284424,1.691712498664856,5,93.2936019897461
244.50000000000003,2.4642110192175792,0.553491320581476,0.10999999999999999,0.16666666666666674,15.678996097,1.6888808012008667,5,93.2936019897461
244.50000000000003,2.4642110192175792,0.553491320581476,0.10999999999999999,0.16666666666666674,15.678996097,1.6888808012008667,5,93.2936019897461
244.50000000000003,2.4618592026646127,0.5563978015190131,0.10999999999999999,0.16666666666666674,15.76111629,1.6888808012008667,5,93.2936019897461
244.50000000000003,2.4618592026646127,0.5563978015190131,0.10999999999999999,0.16666666666666674,15.76111629,1.6888808012008667,5,93.2936019897461
244.50000000000003,2.4618592026646127,0.5563978015190131,0.10999999999999999,0.16666666666666674,15.76111629,1.6888808012008667,5,93.2936019897461
244.50000000000003,2.4618592026646127,0.5563978015190131,0.10999999999999999,0.16666666666666674,15.76111629,1.6888808012008667,5,93.2936019897461
244.50000000000003,2.459505832638177,0.5592996107316348,0.10999999999999999,0.16666666666666674,15.75738318,1.6888808012008667,5,93.2936019897461
244.50000000000003,2.459505832638177,0.5592996107316348,0.10999999999999999,0.16666666666666674,15.75738318,1.6888808012008667,5,93.2936019897461
244.50000000000003,2.459505832638177,0.5592996107316348,0.10999999999999999,0.16666666666666674,15.75738318,1.6888808012008667,5,93.2936019897461
244.50000000000003,2.459505832638177,0.5592996107316348,0.10999999999999999,0.16666666666666674,15.75738318,1.6888808012008667,5,93.2936019897461
244.50000000000003,2.459505832638177,0.5592996107316348,0.10999999999999999,0.1410256410256411,15.75738318,1.6888808012008667,5,93.2936019897461
244.50000000000003,2.457143101817486,0.5621795704666465,0.10999999999999999,0.1410256410256411,15.670379384,1.6888808012008667,5,93.2936019897461
244.60000000000002,2.457143101817486,0.5621795704666465,0.10999999999999999,0.1410256410256411,15.670379384,1.6888808012008667,5,93.2936019897461
244.60000000000002,2.457143101817486,0.5621795704666465,0.10999999999999999,0.1410256410256411,15.670379384,1.6888808012008667,5,93.2936019897461
244.60000000000002,2.4547551872102646,0.5650434936130493,0.10999999999999999,0.1410256410256411,15.670379384,1.6888808012008667,5,93.2936019897461
244.60000000000002,2.4547551872102646,0.5650434936130493,0.10421052631578946,0.1410256410256411,15.577295396,1.6888808012008667,5,93.2936019897461
244.60000000000002,2.4547551872102646,0.5650434936130493,0.10421052631578946,0.1410256410256411,15.577295396,1.6888808012008667,5,93.2936019897461
244.60000000000002,2.4547551872102646,0.5650434936130493,0.10421052631578946,0.1410256410256411,15.577295396,1.6888808012008667,5,93.2936019897461
244.60000000000002,2.452351333769952,0.5679027497477673,0.10421052631578946,0.1410256410256411,15.485326945,1.6888808012008667,5,93.2936019897461
244.60000000000002,2.452351333769952,0.5679027497477673,0.10421052631578946,0.1410256410256411,15.485326945,1.6888808012008667,5,93.2936019897461
244.60000000000002,2.452351333769952,0.5679027497477673,0.10421052631578946,0.1410256410256411,15.485326945,1.6888808012008667,5,93.2936019897461
244.60000000000002,2.450067406485778,0.570601376480034,0.10421052631578946,0.1410256410256411,15.397998994,1.6888808012008667,5,93.2936019897461
244.70000000000002,2.450067406485778,0.570601376480034,0.10421052631578946,0.1410256410256411,15.397998994,1.6888808012008667,5,93.2936019897461
244.70000000000002,2.450067406485778,0.570601376480034,0.10421052631578946,0.1410256410256411,15.397998994,1.6888808012008667,5,93.2936019897461
244.70000000000002,2.4477708417839668,0.5732848748419608,0.10421052631578946,0.1410256410256411,15.311883466,1.6888808012008667,5,93.2936019897461
244.70000000000002,2.4477708417839668,0.5732848748419608,0.10421052631578946,0.1410256410256411,15.311883466,1.6888808012008667,5,93.2936019897461
244.70000000000002,2.4477708417839668,0.5732848748419608,0.10421052631578946,0.1410256410256411,15.311883466,1.6888808012008667,5,93.2936019897461
244.70000000000002,2.4477708417839668,0.5732848748419608,0.10421052631578946,0.1410256410256411,15.311883466,1.6888808012008667,5,93.2936019897461
244.70000000000002,2.4454581616783426,0.5759575845856625,0.10421052631578946,0.1410256410256411,15.6645371,1.6888808012008667,5,93.2936019897461
244.70000000000002,2.4454581616783426,0.5759575845856625,0.10421052631578946,0.1410256410256411,15.6645371,1.6888808012008667,5,93.2936019897461
244.70000000000002,2.4454581616783426,0.5759575845856625,0.09263157894736841,0.16666666666666674,15.6645371,1.6888808012008667,5,93.2936019897461
244.70000000000002,2.4431339590880388,0.5786210805137261,0.09263157894736841,0.16666666666666674,15.6645371,1.6888808012008667,5,93.2936019897461
244.70000000000002,2.4431339590880388,0.5786210805137261,0.09263157894736841,0.16666666666666674,15.758295925,1.6888808012008667,5,93.2936019897461
244.8,2.4431339590880388,0.5786210805137261,0.09263157894736841,0.16666666666666674,15.758295925,1.6888808012008667,5,93.2936019897461
244.8,2.4431339590880388,0.5786210805137261,0.09263157894736841,0.16666666666666674,15.758295925,1.6888808012008667,5,93.2936019897461
244.8,2.4431339590880388,0.5786210805137261,0.09263157894736841,0.16666666666666674,15.758295925,1.6888808012008667,5,93.2936019897461
244.8,2.440928891574877,0.5811232999436001,0.09263157894736841,0.16666666666666674,15.758295925,1.6888808012008667,5,93.2936019897461
244.8,2.440928891574877,0.5811232999436001,0.09263157894736841,0.16666666666666674,15.506576572,1.6417126655578613,5,93.2936019897461
244.8,2.440928891574877,0.5811232999436001,0.09263157894736841,0.16666666666666674,15.506576572,1.6417126655578613,5,93.2936019897461
244.8,2.440928891574877,0.5811232999436001,0.10999999999999999,0.006666666666666737,15.506576572,1.6417126655578613,5,93.2936019897461
244.8,2.4388393802291444,0.5834613806326974,0.10999999999999999,0.006666666666666737,15.506576572,1.6417126655578613,5,93.2936019897461
244.8,2.4388393802291444,0.5834613806326974,0.10999999999999999,0.006666666666666737,15.792574057,1.6417126655578613,5,93.2936019897461
244.8,2.4388393802291444,0.5834613806326974,0.10999999999999999,0.006666666666666737,15.792574057,1.6417126655578613,5,93.2936019897461
244.8,2.4388393802291444,0.5834613806326974,0.10999999999999999,0.006666666666666737,15.792574057,1.6417126655578613,5,93.2936019897461
244.8,2.4388393802291444,0.5834613806326974,0.10999999999999999,0.006666666666666737,15.792574057,1.6417126655578613,5,93.2936019897461
244.9,2.4362043448406885,0.5863767440110166,0.10999999999999999,-0.012820512820512706,15.692991453,1.6417126655578613,5,93.2936019897461
244.9,2.4362043448406885,0.5863767440110166,0.10999999999999999,-0.012820512820512706,15.692991453,1.6417126655578613,5,93.2936019897461
244.9,2.4362043448406885,0.5863767440110166,0.10999999999999999,-0.012820512820512706,15.692991453,1.6417126655578613,5,93.2936019897461
244.9,2.4362043448406885,0.5863767440110166,0.10999999999999999,-0.012820512820512706,15.692991453,1.6417126655578613,5,93.2936019897461
244.9,2.4362043448406885,0.5863767440110166,0.10421052631578946,-0.012820512820512706,15.692991453,1.6417126655578613,5,93.2936019897461
244.9,2.433695306468814,0.5891551335481339,0.10421052631578946,-0.012820512820512706,15.692991453,1.6417126655578613,5,93.2936019897461
244.9,2.433695306468814,0.5891551335481339,0.10421052631578946,-0.012820512820512706,15.687677665,1.6417126655578613,5,93.2936019897461
244.9,2.433695306468814,0.5891551335481339,0.10421052631578946,-0.012820512820512706,15.687677665,1.6417126655578613,5,93.2936019897461
244.9,2.431325652865388,0.5917918844755603,0.10421052631578946,-0.012820512820512706,15.687677665,1.6417126655578613,5,93.2936019897461
244.9,2.431325652865388,0.5917918844755603,0.10421052631578946,-0.012820512820512706,15.687677665,1.6417126655578613,5,93.2936019897461
244.9,2.431325652865388,0.5917918844755603,0.10421052631578946,-0.012820512820512706,15.78023683,1.6417126655578613,5,93.2936019897461
244.9,2.431325652865388,0.5917918844755603,0.10421052631578946,-0.012820512820512706,15.78023683,1.6417126655578613,5,93.2936019897461
244.9,2.431325652865388,0.5917918844755603,0.10421052631578946,-0.012820512820512706,15.78023683,1.6417126655578613,5,93.2936019897461
244.9,2.431325652865388,0.5917918844755603,0.10421052631578946,-0.012820512820512706,15.78023683,1.6417126655578613,5,93.2936019897461
244.9,2.431325652865388,0.5917918844755603,0.10421052631578946,-0.012820512820512706,15.78023683,1.6417126655578613,5,93.2936019897461
245.00000000000003,2.428959114546976,0.5944253847201001,0.10421052631578946,-0.012820512820512706,15.774931253,1.6417126655578613,5,93.2936019897461
245.00000000000003,2.428959114546976,0.5944253847201001,0.09263157894736841,0.012820512820512935,15.774931253,1.6417126655578613,5,93.23957824707031
245.00000000000003,2.428959114546976,0.5944253847201001,0.09263157894736841,0.012820512820512935,15.774931253,1.6417126655578613,5,93.23957824707031
245.00000000000003,2.428959114546976,0.5944253847201001,0.09263157894736841,0.012820512820512935,15.774931253,1.6417126655578613,5,93.23957824707031
245.00000000000003,2.4265893969358734,0.5970571561563391,0.09263157894736841,0.012820512820512935,15.774931253,1.6417126655578613,5,93.23957824707031
245.00000000000003,2.4265893969358734,0.5970571561563391,0.09263157894736841,0.012820512820512935,15.7726767,1.6417126655578613,5,93.23957824707031
245.00000000000003,2.4265893969358734,0.5970571561563391,0.09263157894736841,0.012820512820512935,15.7726767,1.6417126655578613,5,93.23957824707031
245.00000000000003,2.4265893969358734,0.5970571561563391,0.09263157894736841,0.012820512820512935,15.7726767,1.6417126655578613,5,93.23957824707031
245.00000000000003,2.4265893969358734,0.5970571561563391,0.09263157894736841,0.012820512820512935,15.7726767,1.6417126655578613,5,93.23957824707031
245.00000000000003,2.424480199999289,0.5993937479982758,0.09263157894736841,0.012820512820512935,15.960835222,1.6417126655578613,5,93.23957824707031
245.00000000000003,2.424480199999289,0.5993937479982758,0.10999999999999999,-0.038461538461538346,15.960835222,1.6417126655578613,5,93.23957824707031
245.00000000000003,2.424480199999289,0.5993937479982758,0.10999999999999999,-0.038461538461538346,15.960835222,1.6417126655578613,5,93.23957824707031
245.00000000000003,2.424480199999289,0.5993937479982758,0.10999999999999999,-0.038461538461538346,15.960835222,1.6417126655578613,5,93.23957824707031
245.00000000000003,2.424480199999289,0.5993937479982758,0.10999999999999999,-0.038461538461538346,15.960835222,1.6417126655578613,5,93.23957824707031
245.10000000000002,2.422367365987407,0.6017300803351184,0.10999999999999999,-0.038461538461538346,16.151316033,1.6417126655578613,5,93.23957824707031
245.10000000000002,2.422367365987407,0.6017300803351184,0.10999999999999999,-0.038461538461538346,16.151316033,1.6417126655578613,5,93.23957824707031
245.10000000000002,2.422367365987407,0.6017300803351184,0.10999999999999999,-0.038461538461538346,16.151316033,1.6417126655578613,5,93.23957824707031
245.10000000000002,2.419858735880687,0.6045055981959475,0.10999999999999999,-0.038461538461538346,15.94566723,1.6417126655578613,5,93.23957824707031
245.10000000000002,2.419858735880687,0.6045055981959475,0.10999999999999999,-0.038461538461538346,15.94566723,1.6417126655578613,5,93.23957824707031
245.10000000000002,2.419858735880687,0.6045055981959475,0.10999999999999999,-0.038461538461538346,15.94566723,1.6417126655578613,5,93.23957824707031
245.10000000000002,2.419858735880687,0.6045055981959475,0.10999999999999999,-0.06410256410256399,15.94566723,1.6417126655578613,5,93.23957824707031
245.10000000000002,2.419858735880687,0.6045055981959475,0.10999999999999999,-0.06410256410256399,15.94566723,1.6417126655578613,5,93.23957824707031
245.10000000000002,2.4173530028017804,0.607286791447782,0.10999999999999999,-0.06410256410256399,15.411080384,1.6167125701904297,5,93.23957824707031
245.10000000000002,2.4173530028017804,0.607286791447782,0.10999999999999999,-0.06410256410256399,15.411080384,1.6167125701904297,5,93.23957824707031
245.10000000000002,2.4173530028017804,0.607286791447782,0.10999999999999999,-0.06410256410256399,15.411080384,1.6167125701904297,5,93.23957824707031
245.20000000000002,2.414852188112084,0.6100724901444112,0.10999999999999999,-0.06410256410256399,15.496800595,1.6167125701904297,5,93.23957824707031
245.20000000000002,2.414852188112084,0.6100724901444112,0.10999999999999999,-0.06410256410256399,15.496800595,1.6167125701904297,5,93.23957824707031
245.20000000000002,2.414852188112084,0.6100724901444112,0.10999999999999999,-0.06410256410256399,15.496800595,1.6167125701904297,5,93.23957824707031
245.20000000000002,2.412356470055097,0.6128639138516644,0.10999999999999999,-0.06410256410256399,15.500502873,1.6167125701904297,5,93.23957824707031
245.20000000000002,2.412356470055097,0.6128639138516644,0.10999999999999999,0.09589743589743602,15.500502873,1.6167125701904297,5,93.23957824707031
245.20000000000002,2.412356470055097,0.6128639138516644,0.10999999999999999,0.09589743589743602,15.500502873,1.6167125701904297,5,93.23957824707031
245.20000000000002,2.412356470055097,0.6128639138516644,0.10999999999999999,0.09589743589743602,15.500502873,1.6167125701904297,5,93.23957824707031
245.20000000000002,2.4098674496515446,0.6156612182328429,0.10999999999999999,0.09589743589743602,15.406482622,1.6167125701904297,5,93.23957824707031
245.20000000000002,2.4098674496515446,0.6156612182328429,0.10999999999999999,0.09589743589743602,15.406482622,1.6167125701904297,5,93.23957824707031
245.20000000000002,2.4098674496515446,0.6156612182328429,0.10999999999999999,0.09589743589743602,15.406482622,1.6167125701904297,5,93.23957824707031
245.20000000000002,2.4098674496515446,0.6156612182328429,0.10999999999999999,0.11538461538461547,15.406482622,1.6167125701904297,5,93.23957824707031
245.20000000000002,2.4098674496515446,0.6156612182328429,0.10999999999999999,0.11538461538461547,15.406482622,1.6167125701904297,5,93.23957824707031
245.3,2.4073860214657747,0.6184557829508187,0.10999999999999999,0.11538461538461547,15.319702648,1.6167125701904297,5,93.23957824707031
245.3,2.4073860214657747,0.6184557829508187,0.10999999999999999,0.11538461538461547,15.319702648,1.6167125701904297,5,93.23957824707031
245.3,2.4073860214657747,0.6184557829508187,0.10999999999999999,0.11538461538461547,15.319702648,1.6167125701904297,5,93.23957824707031
245.3,2.4073860214657747,0.6184557829508187,0.10421052631578946,0.11538461538461547,15.319702648,1.6167125701904297,5,93.23957824707031
245.3,2.4073860214657747,0.6184557829508187,0.10421052631578946,0.11538461538461547,15.319702648,1.6167125701904297,5,93.23957824707031
245.3,2.4048990698343653,0.6212309543898721,0.10421052631578946,0.11538461538461547,15.40901027,1.6354554891586304,5,93.23957824707031
245.3,2.4048990698343653,0.6212309543898721,0.10421052631578946,0.11538461538461547,15.40901027,1.6354554891586304,5,93.23957824707031
245.3,2.4048990698343653,0.6212309543898721,0.10421052631578946,0.11538461538461547,15.40901027,1.6354554891586304,5,93.23957824707031
245.3,2.4048990698343653,0.6212309543898721,0.10421052631578946,0.11538461538461547,15.40901027,1.6354554891586304,5,93.23957824707031
245.3,2.402522814190773,0.6238479063319871,0.10421052631578946,0.11538461538461547,15.40901027,1.6354554891586304,5,93.23957824707031
245.3,2.402522814190773,0.6238479063319871,0.10421052631578946,0.11538461538461547,15.23100923,1.6354554891586304,5,93.23957824707031
245.3,2.402522814190773,0.6238479063319871,0.10421052631578946,0.11538461538461547,15.23100923,1.6354554891586304,5,93.23957824707031
245.3,2.402522814190773,0.6238479063319871,0.10421052631578946,0.11538461538461547,15.23100923,1.6354554891586304,5,93.23957824707031
245.4,2.402522814190773,0.6238479063319871,0.09842105263157894,0.11538461538461547,15.23100923,1.6354554891586304,5,93.23957824707031
245.4,2.402522814190773,0.6238479063319871,0.09842105263157894,0.11538461538461547,15.23100923,1.6354554891586304,5,93.23957824707031
245.4,2.4001357574392945,0.626461513379475,0.09842105263157894,0.11538461538461547,15.058975527,1.6354554891586304,5,93.23957824707031
245.4,2.4001357574392945,0.626461513379475,0.09842105263157894,0.11538461538461547,15.058975527,1.6354554891586304,5,93.23957824707031
245.4,2.4001357574392945,0.626461513379475,0.09842105263157894,0.11538461538461547,15.058975527,1.6354554891586304,5,93.23957824707031
245.4,2.4001357574392945,0.626461513379475,0.09842105263157894,0.11538461538461547,15.058975527,1.6354554891586304,5,93.23957824707031
245.4,2.4001357574392945,0.626461513379475,0.09842105263157894,0.11538461538461547,15.058975527,1.6354554891586304,5,93.23957824707031
245.4,2.39787680934298,0.6289209894948458,0.09842105263157894,0.11538461538461547,15.058975527,1.6354554891586304,5,93.23957824707031
245.4,2.39787680934298,0.6289209894948458,0.09842105263157894,0.11538461538461547,14.833405496,1.5917123556137085,5,93.23957824707031
245.4,2.39787680934298,0.6289209894948458,0.09842105263157894,0.11538461538461547,14.833405496,1.5917123556137085,5,93.23957824707031
245.4,2.39787680934298,0.6289209894948458,0.09263157894736841,0.11538461538461547,14.833405496,1.5917123556137085,5,93.23957824707031
245.4,2.395607685100404,0.6313680810137248,0.09263157894736841,0.11538461538461547,15.010258982,1.5917123556137085,5,93.23957824707031
245.4,2.395607685100404,0.6313680810137248,0.09263157894736841,0.11538461538461547,15.010258982,1.5917123556137085,5,93.23957824707031
245.4,2.395607685100404,0.6313680810137248,0.09263157894736841,0.11538461538461547,15.010258982,1.5917123556137085,5,93.23957824707031
245.50000000000003,2.395607685100404,0.6313680810137248,0.09263157894736841,0.11538461538461547,15.010258982,1.5917123556137085,5,93.23957824707031
245.50000000000003,2.395607685100404,0.6313680810137248,0.09263157894736841,0.11538461538461547,15.010258982,1.5917123556137085,5,93.18981170654297
245.50000000000003,2.3934602580924906,0.6336637483767964,0.09263157894736841,0.11538461538461547,15.286730134,1.5917123556137085,5,93.18981170654297
245.50000000000003,2.3934602580924906,0.6336637483767964,0.09263157894736841,0.11538461538461547,15.286730134,1.5917123556137085,5,93.18981170654297
245.50000000000003,2.3934602580924906,0.6336637483767964,0.09263157894736841,0.11538461538461547,15.286730134,1.5917123556137085,5,93.18981170654297
245.50000000000003,2.391305354384011,0.635952034820105,0.09263157894736841,0.11538461538461547,15.571101761,1.5917123556137085,5,93.18981170654297
245.50000000000003,2.391305354384011,0.635952034820105,0.10999999999999999,0.19230769230769237,15.571101761,1.5917123556137085,5,93.18981170654297
245.50000000000003,2.391305354384011,0.635952034820105,0.10999999999999999,0.19230769230769237,15.571101761,1.5917123556137085,5,93.18981170654297
245.50000000000003,2.391305354384011,0.635952034820105,0.10999999999999999,0.19230769230769237,15.571101761,1.5917123556137085,5,93.18981170654297
245.50000000000003,2.3891428227500686,0.6382308148687711,0.10999999999999999,0.19230769230769237,15.874795298,1.5917123556137085,5,93.18981170654297
245.50000000000003,2.3891428227500686,0.6382308148687711,0.10999999999999999,0.19230769230769237,15.874795298,1.5917123556137085,5,93.18981170654297
245.60000000000002,2.3891428227500686,0.6382308148687711,0.10999999999999999,0.19230769230769237,15.874795298,1.5917123556137085,5,93.18981170654297
245.60000000000002,2.3861564522925813,0.6413477144522736,0.10999999999999999,0.19230769230769237,15.874795298,1.5917123556137085,5,93.18981170654297
245.60000000000002,2.3861564522925813,0.6413477144522736,0.10999999999999999,0.19230769230769237,15.589071397,1.5917123556137085,5,93.18981170654297
245.60000000000002,2.3861564522925813,0.6413477144522736,0.10999999999999999,0.19230769230769237,15.589071397,1.5917123556137085,5,93.18981170654297
245.60000000000002,2.383560987080382,0.6440191018309301,0.10999999999999999,0.19230769230769237,15.589071397,1.5917123556137085,5,93.18981170654297
245.60000000000002,2.383560987080382,0.6440191018309301,0.10999999999999999,0.217948717948718,15.593370696000001,1.5917123556137085,5,93.18981170654297
245.60000000000002,2.383560987080382,0.6440191018309301,0.10999999999999999,0.217948717948718,15.593370696000001,1.5917123556137085,5,93.18981170654297
245.60000000000002,2.383560987080382,0.6440191018309301,0.10999999999999999,0.217948717948718,15.593370696000001,1.5917123556137085,5,93.18981170654297
245.60000000000002,2.380944593195831,0.6466717666622256,0.10999999999999999,0.217948717948718,15.500831151,1.5917123556137085,5,93.18981170654297
245.60000000000002,2.380944593195831,0.6466717666622256,0.10999999999999999,0.217948717948718,15.500831151,1.5917123556137085,5,93.18981170654297
245.60000000000002,2.380944593195831,0.6466717666622256,0.10999999999999999,0.217948717948718,15.500831151,1.5917123556137085,5,93.18981170654297
245.70000000000002,2.380944593195831,0.6466717666622256,0.10999999999999999,0.217948717948718,15.500831151,1.5917123556137085,5,93.18981170654297
245.70000000000002,2.378310441638621,0.6493089123545479,0.10999999999999999,0.217948717948718,15.41101054,1.5917123556137085,5,93.18981170654297
245.70000000000002,2.378310441638621,0.6493089123545479,0.10999999999999999,0.217948717948718,15.41101054,1.5917123556137085,5,93.18981170654297
245.70000000000002,2.378310441638621,0.6493089123545479,0.10999999999999999,0.217948717948718,15.41101054,1.5917123556137085,5,93.18981170654297
245.70000000000002,2.378310441638621,0.6493089123545479,0.09842105263157894,0.24358974358974364,15.41101054,1.5917123556137085,5,93.18981170654297
245.70000000000002,2.3756597624864697,0.6519256994227021,0.09842105263157894,0.24358974358974364,15.231305074,1.5917123556137085,5,93.18981170654297
245.70000000000002,2.3756597624864697,0.6519256994227021,0.09842105263157894,0.24358974358974364,15.231305074,1.5917123556137085,5,93.18981170654297
245.70000000000002,2.3756597624864697,0.6519256994227021,0.09842105263157894,0.24358974358974364,15.231305074,1.5917123556137085,5,93.18981170654297
245.70000000000002,2.3756597624864697,0.6519256994227021,0.09842105263157894,0.24358974358974364,15.231305074,1.5917123556137085,5,93.18981170654297
245.70000000000002,2.3732692903042163,0.6542478528077662,0.09842105263157894,0.24358974358974364,15.231305074,1.5917123556137085,5,93.18981170654297
245.70000000000002,2.3732692903042163,0.6542478528077662,0.09842105263157894,0.24358974358974364,15.231305074,1.5917123556137085,5,93.18981170654297
245.70000000000002,2.3732692903042163,0.6542478528077662,0.09842105263157894,0.24358974358974364,15.231305074,1.5917123556137085,5,93.18981170654297
245.70000000000002,2.3732692903042163,0.6542478528077662,0.10999999999999999,0.08974358974358984,15.233410263,1.5917123556137085,5,93.18981170654297
245.70000000000002,2.3732692903042163,0.6542478528077662,0.10999999999999999,0.08974358974358984,15.233410263,1.5917123556137085,5,93.18981170654297
245.70000000000002,2.3732692903042163,0.6542478528077662,0.10999999999999999,0.08974358974358984,15.233410263,1.5917123556137085,5,93.18981170654297
245.70000000000002,2.3732692903042163,0.6542478528077662,0.10999999999999999,0.08974358974358984,15.233410263,1.5917123556137085,5,93.18981170654297
245.70000000000002,2.3732692903042163,0.6542478528077662,0.10999999999999999,0.08974358974358984,15.233410263,1.5917123556137085,5,93.18981170654297
245.8,2.3732692903042163,0.6542478528077662,0.10999999999999999,0.08974358974358984,15.233410263,1.5917123556137085,5,93.18981170654297
245.8,2.3732692903042163,0.6542478528077662,0.10999999999999999,0.08974358974358984,15.233410263,1.5917123556137085,5,93.18981170654297
245.8,2.3708607149130656,0.6565516888945673,0.10999999999999999,0.08974358974358984,15.233410263,1.5917123556137085,5,93.18981170654297
245.8,2.3708607149130656,0.6565516888945673,0.10999999999999999,0.08974358974358984,14.909434627,1.5667122602462769,5,93.18981170654297
245.8,2.3708607149130656,0.6565516888945673,0.10999999999999999,0.08974358974358984,14.909434627,1.5667122602462769,5,93.18981170654297
245.8,2.3708607149130656,0.6565516888945673,0.10999999999999999,0.08974358974358984,14.909434627,1.5667122602462769,5,93.18981170654297
245.8,2.368146743458376,0.6591115807903746,0.10999999999999999,0.08974358974358984,14.645925892,1.5667122602462769,5,93.18981170654297
245.8,2.368146743458376,0.6591115807903746,0.10999999999999999,0.08974358974358984,14.645925892,1.5667122602462769,5,93.18981170654297
245.8,2.368146743458376,0.6591115807903746,0.10999999999999999,0.08974358974358984,14.645925892,1.5667122602462769,5,93.18981170654297
245.8,2.368146743458376,0.6591115807903746,0.10999999999999999,0.08974358974358984,14.645925892,1.5667122602462769,5,93.18981170654297
245.8,2.368146743458376,0.6591115807903746,0.10999999999999999,0.08974358974358984,14.645925892,1.5667122602462769,5,93.18981170654297
245.8,2.368146743458376,0.6591115807903746,0.10999999999999999,0.08974358974358984,14.645925892,1.5667122602462769,5,93.18981170654297
245.8,2.3654201115878166,0.6616716161358165,0.10999999999999999,0.08974358974358984,14.382375923,1.5667122602462769,5,93.18981170654297
245.8,2.3654201115878166,0.6616716161358165,0.10999999999999999,0.08974358974358984,14.382375923,1.5667122602462769,5,93.18981170654297
245.9,2.3654201115878166,0.6616716161358165,0.10999999999999999,0.08974358974358984,14.382375923,1.5667122602462769,5,93.18981170654297
245.9,2.3626940129928053,0.6642266259306241,0.10999999999999999,0.08974358974358984,14.382375923,1.5667122602462769,5,93.18981170654297
245.9,2.3626940129928053,0.6642266259306241,0.10999999999999999,0.08974358974358984,14.62868734,1.5667122602462769,5,93.18981170654297
245.9,2.3626940129928053,0.6642266259306241,0.10999999999999999,0.038461538461538575,14.62868734,1.5667122602462769,5,93.18981170654297
245.9,2.3626940129928053,0.6642266259306241,0.10999999999999999,0.038461538461538575,14.62868734,1.5667122602462769,5,93.18981170654297
245.9,2.3599614573847925,0.6667677717867746,0.10999999999999999,0.038461538461538575,14.622330984,1.5667122602462769,5,93.18981170654297
245.9,2.3599614573847925,0.6667677717867746,0.10999999999999999,0.038461538461538575,14.622330984,1.5667122602462769,5,93.18981170654297
245.9,2.3599614573847925,0.6667677717867746,0.10999999999999999,0.038461538461538575,14.622330984,1.5667122602462769,5,93.18981170654297
245.9,2.3599614573847925,0.6667677717867746,0.10999999999999999,0.038461538461538575,14.622330984,1.5667122602462769,5,93.18981170654297
245.9,2.3599614573847925,0.6667677717867746,0.10999999999999999,0.038461538461538575,14.622330984,1.5667122602462769,5,93.18981170654297
245.9,2.3599614573847925,0.6667677717867746,0.10999999999999999,0.038461538461538575,14.622330984,1.5667122602462769,5,93.18981170654297
245.9,2.3572159385508185,0.6693020883123475,0.10999999999999999,0.038461538461538575,14.619340524,1.5667122602462769,5,93.18981170654297
246.00000000000003,2.3572159385508185,0.6693020883123475,0.10999999999999999,0.038461538461538575,14.619340524,1.5667122602462769,5,93.18981170654297
246.00000000000003,2.3572159385508185,0.6693020883123475,0.10421052631578946,0.012820512820512935,14.619340524,1.5667122602462769,5,93.18981170654297
246.00000000000003,2.3572159385508185,0.6693020883123475,0.10421052631578946,0.012820512820512935,14.619340524,1.5667122602462769,5,93.18981170654297
246.00000000000003,2.3544656555582812,0.6718380656457383,0.10421052631578946,0.012820512820512935,14.619340524,1.5667122602462769,5,93.18981170654297
246.00000000000003,2.3544656555582812,0.6718380656457383,0.10421052631578946,0.012820512820512935,14.610734126,1.5667122602462769,5,93.18981170654297
246.00000000000003,2.3544656555582812,0.6718380656457383,0.10421052631578946,0.012820512820512935,14.610734126,1.5667122602462769,5,93.18981170654297
246.00000000000003,2.3544656555582812,0.6718380656457383,0.10421052631578946,0.012820512820512935,14.610734126,1.5667122602462769,5,93.18981170654297
246.00000000000003,2.3544656555582812,0.6718380656457383,0.10421052631578946,0.012820512820512935,14.610734126,1.5667122602462769,5,93.18981170654297
246.00000000000003,2.3518618318091775,0.6742391112717597,0.10421052631578946,0.012820512820512935,14.377590156,1.5417121648788452,5,93.18981170654297
246.00000000000003,2.3518618318091775,0.6742391112717597,0.10421052631578946,0.012820512820512935,14.377590156,1.5417121648788452,5,93.18981170654297
246.00000000000003,2.3518618318091775,0.6742391112717597,0.10421052631578946,0.012820512820512935,14.454780956,1.5417121648788452,5,93.18981170654297
246.00000000000003,2.3518618318091775,0.6742391112717597,0.09842105263157894,0.012820512820512935,14.454780956,1.5417121648788452,5,93.18981170654297
246.00000000000003,2.3518618318091775,0.6742391112717597,0.09842105263157894,0.012820512820512935,14.454780956,1.5417121648788452,5,93.18981170654297
246.00000000000003,2.349255668406504,0.6766366716564147,0.09842105263157894,0.012820512820512935,14.365441261,1.5417121648788452,5,93.18981170654297
246.10000000000002,2.349255668406504,0.6766366716564147,0.09842105263157894,0.012820512820512935,13.741426458,1.4747424125671387,5,93.18981170654297
246.10000000000002,2.349255668406504,0.6766366716564147,0.09842105263157894,0.012820512820512935,13.741426458,1.4747424125671387,5,93.18981170654297
246.10000000000002,2.3467917999091363,0.6789011172919692,0.09842105263157894,0.012820512820512935,13.741426458,1.4747424125671387,5,93.18981170654297
246.10000000000002,2.3467917999091363,0.6789011172919692,0.09842105263157894,0.012820512820512935,13.741426458,1.4747424125671387,5,93.18981170654297
246.10000000000002,2.3467917999091363,0.6789011172919692,0.09842105263157894,0.012820512820512935,13.739025351,1.4747424125671387,5,93.18981170654297
246.10000000000002,2.3467917999091363,0.6789011172919692,0.09842105263157894,0.012820512820512935,13.739025351,1.4747424125671387,5,93.18981170654297
246.10000000000002,2.3467917999091363,0.6789011172919692,0.09842105263157894,0.012820512820512935,13.739025351,1.4747424125671387,5,93.18981170654297
246.10000000000002,2.344328331823615,0.6811651872901663,0.09842105263157894,0.012820512820512935,13.904158387,1.4747424125671387,5,93.18981170654297
