time,x,y,vx,vz,eta,distance_remaining,recoveries,battery
15.200000000000001,0.05608725079146737,0.011201396104809969,0.0,0.0,0.0,0.0,0,100.0
15.200000000000001,0.05608725079146737,0.011201396104809969,0.0,0.0,0.0,0.0,0,100.0
15.200000000000001,0.05608725079146737,0.011201396104809969,0.0,0.0,0.0,4.5352864265441895,0,100.0
15.200000000000001,0.05608725079146737,0.011201396104809969,0.0,0.0,0.0,4.5352864265441895,0,100.0
15.200000000000001,0.05608725079146737,0.011201396104809969,0.0,0.0,0.0,4.5352864265441895,0,100.0
15.200000000000001,0.05608724371579488,0.011201396427650723,0.0,0.0,0.0,4.5352864265441895,0,100.0
15.200000000000001,0.05608724371579488,0.011201396427650723,0.0,0.0,0.0,4.5352864265441895,0,100.0
15.200000000000001,0.05608724371579488,0.011201396427650723,0.0,0.0,0.0,4.5352864265441895,0,100.0
15.200000000000001,0.056087269266518636,0.011201395987172902,0.0,0.0,0.0,4.5352864265441895,0,100.0
15.3,0.056087269266518636,0.011201395987172902,0.125,0.16,0.0,4.5352864265441895,0,100.0
15.3,0.056087269266518636,0.011201395987172902,0.125,0.16,0.0,4.5352864265441895,0,100.0
15.3,0.056087269266518636,0.011201395987172902,0.125,0.16,0.0,4.5352864265441895,0,100.0
15.3,0.05608731811797485,0.011201395210614917,0.125,0.16,0.0,4.5352864265441895,0,100.0
15.3,0.05608731811797485,0.011201395210614917,0.125,0.16,0.0,4.5352864265441895,0,100.0
15.3,0.05608731811797485,0.011201395210614917,0.19684210526315787,0.32,0.0,4.5352864265441895,0,100.0
15.3,0.05608731811797485,0.011201395210614917,0.19684210526315787,0.32,0.0,4.5352864265441895,0,100.0
15.3,0.05724097094575864,0.01118829824358758,0.19684210526315787,0.32,0.0,4.5352864265441895,0,100.0
15.3,0.05724097094575864,0.01118829824358758,0.19684210526315787,0.32,0.0,4.5352864265441895,0,100.0
15.3,0.05724097094575864,0.01118829824358758,0.19684210526315787,0.32,0.0,4.5352864265441895,0,100.0
15.3,0.05724097094575864,0.01118829824358758,0.19684210526315787,0.48,0.0,4.5352864265441895,0,100.0
15.4,0.0595491422188692,0.01116209648129085,0.19684210526315787,0.48,401.443085564,4.5352864265441895,0,100.0
15.4,0.0595491422188692,0.01116209648129085,0.19684210526315787,0.48,401.443085564,4.5352864265441895,0,100.0
15.4,0.0595491422188692,0.01116209648129085,0.19684210526315787,0.48,401.443085564,4.5352864265441895,0,100.0
15.4,0.06301211007771013,0.011122784890618631,0.19684210526315787,0.48,401.443085564,4.5352864265441895,0,100.0
15.4,0.06301211007771013,0.011122784890618631,0.19684210526315787,0.48,200.77291791,4.5352864265441895,0,100.0
15.4,0.06301211007771013,0.011122784890618631,0.19684210526315787,0.64,200.77291791,4.5352864265441895,0,100.0
15.4,0.06301211007771013,0.011122784890618631,0.19684210526315787,0.64,200.77291791,4.5352864265441895,0,100.0
15.4,0.06762995400897132,0.011070365160286533,0.19684210526315787,0.64,120.434342655,4.5352864265441895,0,100.0
15.4,0.06762995400897132,0.011070365160286533,0.19684210526315787,0.64,120.434342655,4.5352864265441895,0,100.0
15.4,0.06762995400897132,0.011070365160286533,0.19684210526315787,0.8,120.434342655,4.5352864265441895,0,100.0
15.4,0.07298420117699611,0.011014552757574958,0.19684210526315787,0.8,82.296392338,4.5352864265441895,0,100.0
15.500000000000002,0.07298420117699611,0.011014552757574958,0.19684210526315787,0.8,82.296392338,4.5352864265441895,0,100.0
15.500000000000002,0.07298420117699611,0.011014552757574958,0.19684210526315787,0.8,82.296392338,4.5352864265441895,0,99.98310089111328
15.500000000000002,0.07298420117699611,0.011014552757574958,0.19684210526315787,0.8,82.296392338,4.5352864265441895,0,99.98310089111328
15.500000000000002,0.07867047443826625,0.010996227378544277,0.18526315789473682,0.9600000000000001,61.614362708,4.5352864265441895,0,99.98310089111328
15.500000000000002,0.07867047443826625,0.010996227378544277,0.18526315789473682,0.9600000000000001,61.614362708,4.5352864265441895,0,99.98310089111328
15.500000000000002,0.07867047443826625,0.010996227378544277,0.18526315789473682,0.9600000000000001,61.614362708,4.5352864265441895,0,99.98310089111328
15.500000000000002,0.08490751282436237,0.011098032158332938,0.18526315789473682,0.9600000000000001,48.270888245,4.5352864265441895,0,99.98310089111328
15.500000000000002,0.08490751282436237,0.011098032158332938,0.18526315789473682,0.9600000000000001,48.270888245,4.5352864265441895,0,99.98310089111328
15.500000000000002,0.08490751282436237,0.011098032158332938,0.18526315789473682,1.0000000000000004,48.270888245,4.5352864265441895,0,99.98310089111328
15.600000000000001,0.09113605243193756,0.01137554808781377,0.18526315789473682,1.0000000000000004,48.270888245,4.5352864265441895,0,99.98310089111328
15.600000000000001,0.09113605243193756,0.01137554808781377,0.18526315789473682,1.0000000000000004,39.683006483,4.5352864265441895,0,99.98310089111328
15.600000000000001,0.09113605243193756,0.01137554808781377,0.18526315789473682,1.0000000000000004,39.683006483,4.5352864265441895,0,99.98310089111328
15.600000000000001,0.09113605243193756,0.01137554808781377,0.18526315789473682,1.0000000000000004,39.683006483,4.5352864265441895,0,99.98310089111328
15.600000000000001,0.09734279278678226,0.011865211945390808,0.18526315789473682,1.0000000000000004,33.691226143,4.5352864265441895,0,99.98310089111328
15.600000000000001,0.09734279278678226,0.011865211945390808,0.18526315789473682,1.0000000000000004,33.691226143,4.5352864265441895,0,99.98310089111328
15.600000000000001,0.09734279278678226,0.011865211945390808,0.18526315789473682,1.0000000000000004,33.691226143,4.5352864265441895,0,99.98310089111328
15.600000000000001,0.09734279278678226,0.011865211945390808,0.18526315789473682,1.0000000000000004,33.691226143,4.5352864265441895,0,99.98310089111328
15.600000000000001,0.10353141548527556,0.012578184162017836,0.18526315789473682,1.0000000000000004,29.998893807,4.5352864265441895,0,99.98310089111328
15.600000000000001,0.10353141548527556,0.012578184162017836,0.16210526315789472,1.0000000000000004,29.998893807,4.5352864265441895,0,99.98310089111328
15.600000000000001,0.10353141548527556,0.012578184162017836,0.16210526315789472,1.0000000000000004,29.998893807,4.5352864265441895,0,99.98310089111328
15.700000000000001,0.10969784905303892,0.013497463152814249,0.16210526315789472,1.0000000000000004,27.649163903,4.5352864265441895,0,99.98310089111328
15.700000000000001,0.10969784905303892,0.013497463152814249,0.16210526315789472,1.0000000000000004,27.649163903,4.5352864265441895,0,99.98310089111328
15.700000000000001,0.10969784905303892,0.013497463152814249,0.16210526315789472,1.0000000000000004,27.649163903,4.5352864265441895,0,99.98310089111328
15.700000000000001,0.10969784905303892,0.013497463152814249,0.13894736842105262,1.0000000000000004,27.649163903,4.5352864265441895,0,99.98310089111328
15.700000000000001,0.1150572414746418,0.01447673061033794,0.13894736842105262,1.0000000000000004,26.596119198,4.5352864265441895,0,99.98310089111328
15.700000000000001,0.1150572414746418,0.01447673061033794,0.13894736842105262,1.0000000000000004,26.596119198,4.5352864265441895,0,99.98310089111328
15.700000000000001,0.1150572414746418,0.01447673061033794,0.13894736842105262,1.0000000000000004,26.596119198,4.5352864265441895,0,99.98310089111328
15.700000000000001,0.11961278595616642,0.015467252188578695,0.13894736842105262,1.0000000000000004,26.573884994,4.5352864265441895,0,99.98310089111328
15.700000000000001,0.11961278595616642,0.015467252188578695,0.13894736842105262,1.0000000000000004,26.573884994,4.5352864265441895,0,99.98310089111328
15.700000000000001,0.11961278595616642,0.015467252188578695,0.13894736842105262,1.0000000000000004,26.573884994,4.5352864265441895,0,99.98310089111328
15.8,0.12413159615532887,0.0166112574388817,0.13894736842105262,1.0000000000000004,26.573884994,4.5352864265441895,0,99.98310089111328
15.8,0.12413159615532887,0.0166112574388817,0.13894736842105262,1.0000000000000004,26.508626347,4.464575290679932,0,99.98310089111328
15.8,0.12413159615532887,0.0166112574388817,0.13894736842105262,1.0000000000000004,26.508626347,4.464575290679932,0,99.98310089111328
15.8,0.12413159615532887,0.0166112574388817,0.13894736842105262,1.0000000000000004,26.508626347,4.464575290679932,0,99.98310089111328
15.8,0.12860952579216867,0.01790933961075969,0.13894736842105262,1.0000000000000004,27.038235523,4.464575290679932,0,99.98310089111328
15.8,0.12860952579216867,0.01790933961075969,0.13894736842105262,1.0000000000000004,27.038235523,4.464575290679932,0,99.98310089111328
15.8,0.12860952579216867,0.01790933961075969,0.13894736842105262,1.0000000000000004,27.038235523,4.464575290679932,0,99.98310089111328
15.8,0.12860952579216867,0.01790933961075969,0.13894736842105262,1.0000000000000004,27.038235523,4.464575290679932,0,99.98310089111328
15.8,0.133042190047153,0.01935874961393158,0.21999999999999997,0.8974358974358978,27.909211168,4.464575290679932,0,99.98310089111328
15.8,0.133042190047153,0.01935874961393158,0.21999999999999997,0.8974358974358978,27.909211168,4.464575290679932,0,99.98310089111328
15.9,0.133042190047153,0.01935874961393158,0.21999999999999997,0.8974358974358978,27.909211168,4.464575290679932,0,99.98310089111328
15.9,0.13742382894022565,0.020957112628957664,0.21999999999999997,0.8974358974358978,28.836607054,4.464575290679932,0,99.98310089111328
15.9,0.13742382894022565,0.020957112628957664,0.21999999999999997,0.8974358974358978,28.836607054,4.464575290679932,0,99.98310089111328
15.9,0.13742382894022565,0.020957112628957664,0.21999999999999997,0.8974358974358978,28.836607054,4.464575290679932,0,99.98310089111328
15.9,0.13742382894022565,0.020957112628957664,0.21999999999999997,0.8974358974358978,28.836607054,4.464575290679932,0,99.98310089111328
15.9,0.1428189399169506,0.02313605232894972,0.21999999999999997,0.8974358974358978,29.093609653,4.464575290679932,0,99.98310089111328
15.9,0.1428189399169506,0.02313605232894972,0.21999999999999997,0.8974358974358978,29.093609653,4.464575290679932,0,99.98310089111328
15.9,0.1428189399169506,0.02313605232894972,0.21999999999999997,0.8974358974358978,29.093609653,4.464575290679932,0,99.98310089111328
15.9,0.1428189399169506,0.02313605232894972,0.19684210526315787,1.0000000000000004,29.093609653,4.464575290679932,0,99.98310089111328
15.9,0.14919221262259263,0.02596662045855208,0.19684210526315787,1.0000000000000004,28.647421369,4.464575290679932,0,99.98310089111328
15.9,0.14919221262259263,0.02596662045855208,0.19684210526315787,1.0000000000000004,28.647421369,4.464575290679932,0,99.98310089111328
16.0,0.14919221262259263,0.02596662045855208,0.19684210526315787,1.0000000000000004,28.647421369,4.464575290679932,0,99.98310089111328
16.0,0.15515846058305582,0.028861634340492937,0.19684210526315787,1.0000000000000004,28.417874799,4.464575290679932,0,99.90544128417969
16.0,0.15515846058305582,0.028861634340492937,0.19684210526315787,1.0000000000000004,28.417874799,4.464575290679932,0,99.90544128417969
16.0,0.15515846058305582,0.028861634340492937,0.19684210526315787,1.0000000000000004,28.417874799,4.464575290679932,0,99.90544128417969
16.0,0.15515846058305582,0.028861634340492937,0.19684210526315787,1.0000000000000004,28.417874799,4.464575290679932,0,99.90544128417969
16.0,0.16102339555342615,0.03195694348059003,0.19684210526315787,1.0000000000000004,27.741187754,4.464575290679932,0,99.90544128417969
16.0,0.16102339555342615,0.03195694348059003,0.19684210526315787,1.0000000000000004,27.741187754,4.464575290679932,0,99.90544128417969
16.0,0.16102339555342615,0.03195694348059003,0.19684210526315787,1.0000000000000004,27.741187754,4.464575290679932,0,99.90544128417969
16.0,0.16102339555342615,0.03195694348059003,0.19684210526315787,1.0000000000000004,27.741187754,4.464575290679932,0,99.90544128417969
16.0,0.16678041767668983,0.03524968589239219,0.19684210526315787,1.0000000000000004,26.678927458,4.464575290679932,0,99.90544128417969
16.0,0.16678041767668983,0.03524968589239219,0.19684210526315787,1.0000000000000004,26.678927458,4.464575290679932,0,99.90544128417969
16.1,0.16678041767668983,0.03524968589239219,0.19684210526315787,1.0000000000000004,26.678927458,4.464575290679932,0,99.90544128417969
16.1,0.16678041767668983,0.03524968589239219,0.19684210526315787,1.0000000000000004,26.678927458,4.464575290679932,0,99.90544128417969
16.1,0.17242310829878038,0.0387360231794418,0.19684210526315787,1.0000000000000004,25.693783198,4.464575290679932,0,99.90544128417969
16.1,0.17242310829878038,0.0387360231794418,0.19684210526315787,1.0000000000000004,25.693783198,4.464575290679932,0,99.90544128417969
16.1,0.17242310829878038,0.0387360231794418,0.19684210526315787,1.0000000000000004,25.693783198,4.464575290679932,0,99.90544128417969
16.1,0.17242310829878038,0.0387360231794418,0.19684210526315787,1.0000000000000004,25.693783198,4.464575290679932,0,99.90544128417969
16.1,0.1779449549088239,0.042411789547354695,0.21999999999999997,1.0000000000000004,24.77810922,4.464575290679932,0,99.90544128417969
16.1,0.1779449549088239,0.042411789547354695,0.21999999999999997,1.0000000000000004,24.77810922,4.464575290679932,0,99.90544128417969
16.1,0.1779449549088239,0.042411789547354695,0.21999999999999997,1.0000000000000004,24.77810922,4.464575290679932,0,99.90544128417969
16.1,0.18333941100325224,0.046272976052014914,0.21999999999999997,1.0000000000000004,23.924725849,4.464575290679932,0,99.90544128417969
16.1,0.18333941100325224,0.046272976052014914,0.21999999999999997,1.0000000000000004,23.924725849,4.464575290679932,0,99.90544128417969
16.2,0.18333941100325224,0.046272976052014914,0.20842105263157892,0.9487179487179491,23.924725849,4.464575290679932,0,99.90544128417969
16.2,0.18333941100325224,0.046272976052014914,0.20842105263157892,0.9487179487179491,24.013905249,4.481217384338379,0,99.90544128417969
16.2,0.1892232358653545,0.05079512154795146,0.20842105263157892,0.9487179487179491,22.646227963,4.431217193603516,0,99.90544128417969
16.2,0.1892232358653545,0.05079512154795146,0.20842105263157892,0.9487179487179491,22.646227963,4.431217193603516,0,99.90544128417969
16.2,0.1892232358653545,0.05079512154795146,0.20842105263157892,0.9487179487179491,22.646227963,4.431217193603516,0,99.90544128417969
16.2,0.19464914294954938,0.055263316851869915,0.20842105263157892,0.9487179487179491,22.646227963,4.431217193603516,0,99.90544128417969
16.2,0.19464914294954938,0.055263316851869915,0.20842105263157892,0.9487179487179491,22.197911911,4.431217193603516,0,99.90544128417969
16.2,0.19464914294954938,0.055263316851869915,0.20842105263157892,0.9487179487179491,22.197911911,4.431217193603516,0,99.90544128417969
16.2,0.19464914294954938,0.055263316851869915,0.20842105263157892,0.9487179487179491,22.197911911,4.431217193603516,0,99.90544128417969
16.2,0.19993068238507927,0.05990473928084428,0.20842105263157892,0.9487179487179491,22.197911911,4.431217193603516,0,99.90544128417969
16.2,0.19993068238507927,0.05990473928084428,0.20842105263157892,0.9487179487179491,22.17181122,4.431217193603516,0,99.90544128417969
16.2,0.19993068238507927,0.05990473928084428,0.20842105263157892,0.9487179487179491,22.17181122,4.431217193603516,0,99.90544128417969
16.2,0.19993068238507927,0.05990473928084428,0.20842105263157892,0.9487179487179491,22.17181122,4.431217193603516,0,99.90544128417969
16.3,0.19993068238507927,0.05990473928084428,0.20842105263157892,0.9487179487179491,22.17181122,4.431217193603516,0,99.90544128417969
16.3,0.20506185452065817,0.06470869163472598,0.20842105263157892,0.9487179487179491,22.023727993,4.431217193603516,0,99.90544128417969
16.3,0.20506185452065817,0.06470869163472598,0.19684210526315787,0.8974358974358978,22.023727993,4.431217193603516,0,99.90544128417969
16.3,0.20506185452065817,0.06470869163472598,0.19684210526315787,0.8974358974358978,22.023727993,4.431217193603516,0,99.90544128417969
16.3,0.21003199303858966,0.06967476995466398,0.19684210526315787,0.8974358974358978,22.023727993,4.431217193603516,0,99.90544128417969
16.3,0.21003199303858966,0.06967476995466398,0.19684210526315787,0.8974358974358978,21.884919229,4.431217193603516,0,99.90544128417969
16.3,0.21003199303858966,0.06967476995466398,0.19684210526315787,0.8974358974358978,21.884919229,4.431217193603516,0,99.90544128417969
16.3,0.21003199303858966,0.06967476995466398,0.19684210526315787,0.8974358974358978,21.884919229,4.431217193603516,0,99.90544128417969
16.3,0.21457172192630591,0.0745133045075072,0.19684210526315787,0.8974358974358978,21.876758789,4.431217193603516,0,99.90544128417969
16.3,0.21457172192630591,0.0745133045075072,0.19684210526315787,0.8974358974358978,21.876758789,4.431217193603516,0,99.90544128417969
16.400000000000002,0.21457172192630591,0.0745133045075072,0.19684210526315787,0.8974358974358978,21.876758789,4.431217193603516,0,99.90544128417969
16.400000000000002,0.21457172192630591,0.0745133045075072,0.19684210526315787,0.8974358974358978,21.876758789,4.431217193603516,0,99.90544128417969
16.400000000000002,0.21896531759811344,0.07948807322444001,0.21999999999999997,0.8461538461538465,21.875514031,4.431217193603516,0,99.90544128417969
16.400000000000002,0.21896531759811344,0.07948807322444001,0.21999999999999997,0.8461538461538465,21.875514031,4.431217193603516,0,99.90544128417969
16.400000000000002,0.21896531759811344,0.07948807322444001,0.21999999999999997,0.8461538461538465,21.875514031,4.431217193603516,0,99.90544128417969
16.400000000000002,0.22320721206517935,0.0845885390494629,0.21999999999999997,0.8461538461538465,21.868721964,4.431217193603516,0,99.90544128417969
16.400000000000002,0.22320721206517935,0.0845885390494629,0.21999999999999997,0.8461538461538465,21.868721964,4.431217193603516,0,99.90544128417969
16.400000000000002,0.22320721206517935,0.0845885390494629,0.19684210526315787,0.7435897435897438,21.868721964,4.431217193603516,0,99.90544128417969
16.400000000000002,0.22320721206517935,0.0845885390494629,0.19684210526315787,0.7435897435897438,21.868721964,4.431217193603516,0,99.90544128417969
16.400000000000002,0.22777388484243333,0.09043690884852751,0.19684210526315787,0.7435897435897438,21.593213198,4.431217193603516,0,99.90544128417969
16.400000000000002,0.22777388484243333,0.09043690884852751,0.19684210526315787,0.7435897435897438,21.593213198,4.431217193603516,0,99.90544128417969
16.5,0.22777388484243333,0.09043690884852751,0.19684210526315787,0.7435897435897438,21.593213198,4.431217193603516,0,99.80379486083984
16.5,0.22777388484243333,0.09043690884852751,0.19684210526315787,0.7435897435897438,21.593213198,4.431217193603516,0,99.80379486083984
16.5,0.23171164678878453,0.09578631969083845,0.19684210526315787,0.7435897435897438,21.622174129,4.381217002868652,0,99.80379486083984
16.5,0.23171164678878453,0.09578631969083845,0.19684210526315787,0.7435897435897438,21.622174129,4.381217002868652,0,99.80379486083984
16.5,0.23171164678878453,0.09578631969083845,0.19684210526315787,0.7435897435897438,21.622174129,4.381217002868652,0,99.80379486083984
16.5,0.23552392722885718,0.10123281990441224,0.19684210526315787,0.7435897435897438,21.622174129,4.381217002868652,0,99.80379486083984
16.5,0.23552392722885718,0.10123281990441224,0.21999999999999997,0.5897435897435899,21.756213337,4.381217002868652,0,99.80379486083984
16.5,0.23552392722885718,0.10123281990441224,0.21999999999999997,0.5897435897435899,21.756213337,4.381217002868652,0,99.80379486083984
16.5,0.23920244187182838,0.10676547133445452,0.21999999999999997,0.5897435897435899,21.901333492,4.381217002868652,0,99.80379486083984
16.5,0.23920244187182838,0.10676547133445452,0.21999999999999997,0.5897435897435899,21.901333492,4.381217002868652,0,99.80379486083984
16.6,0.23920244187182838,0.10676547133445452,0.21999999999999997,0.5897435897435899,21.901333492,4.381217002868652,0,99.80379486083984
16.6,0.24314543812079936,0.11304076418661402,0.21999999999999997,0.5897435897435899,21.767487265,4.381217002868652,0,99.80379486083984
16.6,0.24314543812079936,0.11304076418661402,0.21999999999999997,0.5897435897435899,21.767487265,4.381217002868652,0,99.80379486083984
16.6,0.24314543812079936,0.11304076418661402,0.21999999999999997,0.5897435897435899,21.767487265,4.381217002868652,0,99.80379486083984
16.6,0.24314543812079936,0.11304076418661402,0.21999999999999997,0.5897435897435899,21.767487265,4.381217002868652,0,99.80379486083984
16.6,0.24697889380605864,0.11942531362067615,0.21999999999999997,0.5897435897435899,21.767487265,4.381217002868652,0,99.80379486083984
16.6,0.24697889380605864,0.11942531362067615,0.21999999999999997,0.5897435897435899,21.615296967,4.381217002868652,0,99.80379486083984
16.6,0.24697889380605864,0.11942531362067615,0.21999999999999997,0.5897435897435899,21.615296967,4.381217002868652,0,99.80379486083984
16.6,0.24697889380605864,0.11942531362067615,0.21999999999999997,0.5897435897435899,21.615296967,4.381217002868652,0,99.80379486083984
16.6,0.2510797890516392,0.12586953367268228,0.21999999999999997,0.5897435897435899,21.343783977,4.381217002868652,0,99.80379486083984
16.7,0.2510797890516392,0.12586953367268228,0.21999999999999997,0.5897435897435899,21.343783977,4.381217002868652,0,99.80379486083984
16.7,0.2510797890516392,0.12586953367268228,0.21999999999999997,0.5897435897435899,21.343783977,4.381217002868652,0,99.80379486083984
16.7,0.258957899160575,0.13234854170484917,0.21999999999999997,0.5897435897435899,21.343783977,4.381217002868652,0,99.80379486083984
16.7,0.258957899160575,0.13234854170484917,0.21999999999999997,0.5897435897435899,21.074417349,4.381217002868652,0,99.80379486083984
16.7,0.258957899160575,0.13234854170484917,0.21999999999999997,0.5897435897435899,21.074417349,4.381217002868652,0,99.80379486083984
16.7,0.258957899160575,0.13234854170484917,0.21999999999999997,0.5897435897435899,21.074417349,4.381217002868652,0,99.80379486083984
16.7,0.26665420937762163,0.13884720198151135,0.21999999999999997,0.5897435897435899,20.573313489,4.331217288970947,0,99.80379486083984
16.7,0.26665420937762163,0.13884720198151135,0.21999999999999997,0.5897435897435899,20.573313489,4.331217288970947,0,99.80379486083984
16.7,0.26665420937762163,0.13884720198151135,0.21999999999999997,0.5897435897435899,20.573313489,4.331217288970947,0,99.80379486083984
16.7,0.2742038346744866,0.14544393598104394,0.21999999999999997,0.5897435897435899,20.573313489,4.331217288970947,0,99.80379486083984
16.7,0.2742038346744866,0.14544393598104394,0.21999999999999997,0.5897435897435899,20.588676782,4.331217288970947,0,99.80379486083984
16.8,0.2742038346744866,0.14544393598104394,0.17368421052631577,0.6410256410256412,20.588676782,4.331217288970947,0,99.80379486083984
16.8,0.2742038346744866,0.14544393598104394,0.17368421052631577,0.6410256410256412,20.588676782,4.331217288970947,0,99.80379486083984
16.8,0.28159154898213656,0.15209659992834557,0.17368421052631577,0.6410256410256412,20.348004186,4.331217288970947,0,99.80379486083984
16.8,0.28159154898213656,0.15209659992834557,0.17368421052631577,0.6410256410256412,20.348004186,4.331217288970947,0,99.80379486083984
16.8,0.28159154898213656,0.15209659992834557,0.17368421052631577,0.6410256410256412,20.348004186,4.331217288970947,0,99.80379486083984
16.8,0.28159154898213656,0.15209659992834557,0.17368421052631577,0.6410256410256412,20.348004186,4.331217288970947,0,99.80379486083984
16.8,0.28159154898213656,0.15209659992834557,0.17368421052631577,0.6410256410256412,20.348004186,4.331217288970947,0,99.80379486083984
16.8,0.2883499700739145,0.15774386136101703,0.17368421052631577,0.6410256410256412,20.348004186,4.331217288970947,0,99.80379486083984
16.8,0.2883499700739145,0.15774386136101703,0.17368421052631577,0.6410256410256412,20.467286335,4.331217288970947,0,99.80379486083984
16.8,0.2883499700739145,0.15774386136101703,0.17368421052631577,0.6410256410256412,20.467286335,4.331217288970947,0,99.80379486083984
16.8,0.2883499700739145,0.15774386136101703,0.21999999999999997,0.4871794871794873,20.467286335,4.331217288970947,0,99.80379486083984
16.8,0.2939507480713339,0.1631042986178457,0.21999999999999997,0.4871794871794873,20.74040294,4.331217288970947,0,99.80379486083984
16.900000000000002,0.2939507480713339,0.1631042986178457,0.21999999999999997,0.4871794871794873,20.74040294,4.331217288970947,0,99.80379486083984
16.900000000000002,0.2939507480713339,0.1631042986178457,0.21999999999999997,0.4871794871794873,20.74040294,4.331217288970947,0,99.80379486083984
16.900000000000002,0.2939507480713339,0.1631042986178457,0.21999999999999997,0.4871794871794873,20.74040294,4.331217288970947,0,99.80379486083984
16.900000000000002,0.2964460038015617,0.16958930385588183,0.21999999999999997,0.4871794871794873,20.874443125,4.331217288970947,0,99.80379486083984
16.900000000000002,0.2964460038015617,0.16958930385588183,0.21999999999999997,0.4871794871794873,20.874443125,4.331217288970947,0,99.80379486083984
16.900000000000002,0.2964460038015617,0.16958930385588183,0.21999999999999997,0.4871794871794873,20.874443125,4.331217288970947,0,99.80379486083984
16.900000000000002,0.29893684953610444,0.17653503104273527,0.21999999999999997,0.4871794871794873,20.863792144,4.331217288970947,0,99.80379486083984
16.900000000000002,0.29893684953610444,0.17653503104273527,0.21999999999999997,0.4871794871794873,20.863792144,4.331217288970947,0,99.80379486083984
16.900000000000002,0.29893684953610444,0.17653503104273527,0.21999999999999997,0.4871794871794873,20.863792144,4.331217288970947,0,99.80379486083984
16.900000000000002,0.29893684953610444,0.17653503104273527,0.20842105263157892,0.4871794871794873,20.863792144,4.331217288970947,0,99.80379486083984
16.900000000000002,0.3013348206876538,0.18359861617023326,0.20842105263157892,0.4871794871794873,20.863792144,4.331217288970947,0,99.80379486083984
17.0,0.3013348206876538,0.18359861617023326,0.20842105263157892,0.4871794871794873,20.613230882,4.281217098236084,0,99.68509674072266
17.0,0.3013348206876538,0.18359861617023326,0.20842105263157892,0.4871794871794873,20.613230882,4.281217098236084,0,99.68509674072266
17.0,0.3013348206876538,0.18359861617023326,0.20842105263157892,0.4871794871794873,20.613230882,4.281217098236084,0,99.68509674072266
17.0,0.3035109471322388,0.19031748350422129,0.20842105263157892,0.4871794871794873,20.734198263,4.281217098236084,0,99.68509674072266
17.0,0.3035109471322388,0.19031748350422129,0.20842105263157892,0.4871794871794873,20.734198263,4.281217098236084,0,99.68509674072266
17.0,0.3035109471322388,0.19031748350422129,0.20842105263157892,0.4871794871794873,20.734198263,4.281217098236084,0,99.68509674072266
17.0,0.3055689716220935,0.19706570136438106,0.20842105263157892,0.4871794871794873,20.864187976,4.281217098236084,0,99.68509674072266
17.0,0.3055689716220935,0.19706570136438106,0.21999999999999997,0.3333333333333335,20.864187976,4.281217098236084,0,99.68509674072266
17.0,0.3055689716220935,0.19706570136438106,0.21999999999999997,0.3333333333333335,20.864187976,4.281217098236084,0,99.68509674072266
17.0,0.3055689716220935,0.19706570136438106,0.21999999999999997,0.3333333333333335,20.864187976,4.281217098236084,0,99.68509674072266
17.0,0.30694983679716215,0.20278692806380294,0.21999999999999997,0.3333333333333335,20.967302364,4.281217098236084,0,99.68509674072266
17.1,0.30694983679716215,0.20278692806380294,0.21999999999999997,0.3333333333333335,20.967302364,4.281217098236084,0,99.68509674072266
17.1,0.30694983679716215,0.20278692806380294,0.21999999999999997,0.3333333333333335,20.967302364,4.281217098236084,0,99.68509674072266
17.1,0.30694983679716215,0.20278692806380294,0.21999999999999997,0.3333333333333335,20.967302364,4.281217098236084,0,99.68509674072266
17.1,0.30694983679716215,0.20278692806380294,0.21999999999999997,0.3333333333333335,20.967302364,4.281217098236084,0,99.68509674072266
17.1,0.3071544629224823,0.20670355656154882,0.21999999999999997,0.3333333333333335,20.946648608,4.281217098236084,0,99.68509674072266
17.1,0.3071544629224823,0.20670355656154882,0.21999999999999997,0.3333333333333335,20.989668898,4.29000997543335,0,99.68509674072266
17.1,0.3071544629224823,0.20670355656154882,0.20842105263157892,0.2820512820512822,20.989668898,4.29000997543335,0,99.68509674072266
17.1,0.3072640815027876,0.2106539685750501,0.20842105263157892,0.2820512820512822,20.590401896,4.29000997543335,0,99.68509674072266
17.1,0.3072640815027876,0.2106539685750501,0.20842105263157892,0.2820512820512822,20.590401896,4.29000997543335,0,99.68509674072266
17.1,0.3072640815027876,0.2106539685750501,0.20842105263157892,0.2820512820512822,20.590401896,4.29000997543335,0,99.68509674072266
17.1,0.3072640815027876,0.2106539685750501,0.20842105263157892,0.2820512820512822,20.590401896,4.29000997543335,0,99.68509674072266
17.200000000000003,0.30719121671918126,0.21424451020031582,0.20842105263157892,0.2820512820512822,20.182845717,4.29000997543335,0,99.68509674072266
17.200000000000003,0.30719121671918126,0.21424451020031582,0.20842105263157892,0.2820512820512822,20.182845717,4.29000997543335,0,99.68509674072266
17.200000000000003,0.30719121671918126,0.21424451020031582,0.20842105263157892,0.2820512820512822,20.182845717,4.29000997543335,0,99.68509674072266
17.200000000000003,0.30719121671918126,0.21424451020031582,0.20842105263157892,0.2820512820512822,20.182845717,4.29000997543335,0,99.68509674072266
17.200000000000003,0.307025344984061,0.21785947126737903,0.20842105263157892,0.2820512820512822,20.162102823,4.29000997543335,0,99.68509674072266
17.200000000000003,0.307025344984061,0.21785947126737903,0.19684210526315787,0.2820512820512822,20.162102823,4.29000997543335,0,99.68509674072266
17.200000000000003,0.307025344984061,0.21785947126737903,0.19684210526315787,0.2820512820512822,20.162102823,4.29000997543335,0,99.68509674072266
17.200000000000003,0.307025344984061,0.21785947126737903,0.19684210526315787,0.2820512820512822,20.162102823,4.29000997543335,0,99.68509674072266
17.200000000000003,0.3067715907310933,0.22149261509248724,0.19684210526315787,0.2820512820512822,20.295644143,4.29000997543335,0,99.68509674072266
17.200000000000003,0.3067715907310933,0.22149261509248724,0.19684210526315787,0.2820512820512822,20.295644143,4.29000997543335,0,99.68509674072266
17.200000000000003,0.3067715907310933,0.22149261509248724,0.19684210526315787,0.2820512820512822,20.295644143,4.29000997543335,0,99.68509674072266
17.3,0.3067715907310933,0.22149261509248724,0.19684210526315787,0.2820512820512822,20.295644143,4.29000997543335,0,99.68509674072266
17.3,0.30707796238287344,0.22609629760135297,0.19684210526315787,0.2820512820512822,20.551240752,4.29000997543335,0,99.68509674072266
17.3,0.30707796238287344,0.22609629760135297,0.19684210526315787,0.2820512820512822,20.551240752,4.29000997543335,0,99.68509674072266
17.3,0.30707796238287344,0.22609629760135297,0.19684210526315787,0.2820512820512822,20.551240752,4.29000997543335,0,99.68509674072266
17.3,0.30707796238287344,0.22609629760135297,0.21999999999999997,0.2820512820512822,20.551240752,4.29000997543335,0,99.68509674072266
17.3,0.30834484805083395,0.2326204116818319,0.21999999999999997,0.2820512820512822,20.677208645,4.29000997543335,0,99.68509674072266
17.3,0.30834484805083395,0.2326204116818319,0.21999999999999997,0.2820512820512822,20.677208645,4.29000997543335,0,99.68509674072266
17.3,0.30834484805083395,0.2326204116818319,0.21999999999999997,0.2820512820512822,20.677208645,4.29000997543335,0,99.68509674072266
17.3,0.309692856501228,0.2399572875253413,0.21999999999999997,0.2820512820512822,20.677208645,4.29000997543335,0,99.68509674072266
17.3,0.309692856501228,0.2399572875253413,0.21999999999999997,0.2820512820512822,20.544968708,4.29000997543335,0,99.68509674072266
17.3,0.309692856501228,0.2399572875253413,0.21999999999999997,0.2820512820512822,20.544968708,4.29000997543335,0,99.68509674072266
17.3,0.309692856501228,0.2399572875253413,0.21999999999999997,0.2820512820512822,20.544968708,4.29000997543335,0,99.68509674072266
17.400000000000002,0.31097133888061523,0.24730982816660907,0.21999999999999997,0.2820512820512822,20.415761182,4.29000997543335,0,99.68509674072266
17.400000000000002,0.31097133888061523,0.24730982816660907,0.21999999999999997,0.2820512820512822,20.415761182,4.29000997543335,0,99.68509674072266
17.400000000000002,0.31097133888061523,0.24730982816660907,0.21999999999999997,0.435897435897436,20.415761182,4.29000997543335,0,99.68509674072266
17.400000000000002,0.31097133888061523,0.24730982816660907,0.21999999999999997,0.435897435897436,20.415761182,4.29000997543335,0,99.68509674072266
17.400000000000002,0.312180895113394,0.25467416223899875,0.21999999999999997,0.435897435897436,20.177043326,4.240009784698486,0,99.68509674072266
17.400000000000002,0.312180895113394,0.25467416223899875,0.21999999999999997,0.435897435897436,20.177043326,4.240009784698486,0,99.68509674072266
17.400000000000002,0.312180895113394,0.25467416223899875,0.21999999999999997,0.435897435897436,20.177043326,4.240009784698486,0,99.68509674072266
17.400000000000002,0.31331229845419184,0.26204654753415507,0.21999999999999997,0.435897435897436,20.182263572,4.240009784698486,0,99.68509674072266
17.400000000000002,0.31331229845419184,0.26204654753415507,0.19684210526315787,0.275897435897436,20.182263572,4.240009784698486,0,99.68509674072266
17.400000000000002,0.31331229845419184,0.26204654753415507,0.19684210526315787,0.275897435897436,20.182263572,4.240009784698486,0,99.68509674072266
17.5,0.31331229845419184,0.26204654753415507,0.19684210526315787,0.275897435897436,20.182263572,4.240009784698486,0,99.6057357788086
17.5,0.3131292239718111,0.2683318800490073,0.19684210526315787,0.275897435897436,20.062610348,4.240009784698486,0,99.6057357788086
17.5,0.3131292239718111,0.2683318800490073,0.19684210526315787,0.23076923076923095,20.062610348,4.240009784698486,0,99.6057357788086
17.5,0.3131292239718111,0.2683318800490073,0.19684210526315787,0.23076923076923095,20.062610348,4.240009784698486,0,99.6057357788086
17.5,0.31179084794631695,0.2730353456055933,0.19684210526315787,0.23076923076923095,20.168780213,4.240009784698486,0,99.6057357788086
17.5,0.31179084794631695,0.2730353456055933,0.19684210526315787,0.23076923076923095,20.168780213,4.240009784698486,0,99.6057357788086
17.5,0.31179084794631695,0.2730353456055933,0.19684210526315787,0.23076923076923095,20.168780213,4.240009784698486,0,99.6057357788086
17.5,0.31039445372364094,0.2777225132467428,0.21999999999999997,0.17948717948717968,20.284403159,4.240009784698486,0,99.6057357788086
17.5,0.31039445372364094,0.2777225132467428,0.21999999999999997,0.17948717948717968,20.284403159,4.240009784698486,0,99.6057357788086
17.5,0.31039445372364094,0.2777225132467428,0.21999999999999997,0.17948717948717968,20.284403159,4.240009784698486,0,99.6057357788086
17.6,0.31039445372364094,0.2777225132467428,0.21999999999999997,0.17948717948717968,20.284403159,4.240009784698486,0,99.6057357788086
17.6,0.30905433767128,0.2832295478064823,0.21999999999999997,0.17948717948717968,20.021808155,4.240009784698486,0,99.6057357788086
17.6,0.30905433767128,0.2832295478064823,0.21999999999999997,0.17948717948717968,20.021808155,4.240009784698486,0,99.6057357788086
17.6,0.30905433767128,0.2832295478064823,0.21999999999999997,0.17948717948717968,20.021808155,4.240009784698486,0,99.6057357788086
17.6,0.3076447440620449,0.28869893419379744,0.21999999999999997,0.17948717948717968,19.776401798,4.240009784698486,0,99.6057357788086
17.6,0.3076447440620449,0.28869893419379744,0.21999999999999997,0.17948717948717968,19.776401798,4.240009784698486,0,99.6057357788086
17.6,0.3076447440620449,0.28869893419379744,0.21999999999999997,0.17948717948717968,19.776401798,4.240009784698486,0,99.6057357788086
17.6,0.3076447440620449,0.28869893419379744,0.21999999999999997,0.17948717948717968,19.776401798,4.240009784698486,0,99.6057357788086
17.6,0.3061776157900977,0.2941800497360264,0.21999999999999997,0.17948717948717968,19.771429147,4.240009784698486,0,99.6057357788086
17.6,0.3061776157900977,0.2941800497360264,0.21999999999999997,0.17948717948717968,19.771429147,4.240009784698486,0,99.6057357788086
17.6,0.3061776157900977,0.2941800497360264,0.21999999999999997,0.17948717948717968,19.771429147,4.240009784698486,0,99.6057357788086
17.700000000000003,0.3061776157900977,0.2941800497360264,0.21999999999999997,0.17948717948717968,19.771429147,4.240009784698486,0,99.6057357788086
17.700000000000003,0.3060669320603149,0.30093325458173203,0.21999999999999997,0.17948717948717968,19.766815733,4.240009784698486,0,99.6057357788086
17.700000000000003,0.3060669320603149,0.30093325458173203,0.19684210526315787,0.17948717948717968,19.766815733,4.240009784698486,0,99.6057357788086
17.700000000000003,0.3060669320603149,0.30093325458173203,0.19684210526315787,0.17948717948717968,19.766815733,4.240009784698486,0,99.6057357788086
17.700000000000003,0.3060669320603149,0.30093325458173203,0.19684210526315787,0.17948717948717968,19.766815733,4.240009784698486,0,99.6057357788086
17.700000000000003,0.3066725900396692,0.3083754514889901,0.19684210526315787,0.17948717948717968,19.533621817,4.190010070800781,0,99.6057357788086
17.700000000000003,0.3066725900396692,0.3083754514889901,0.19684210526315787,0.17948717948717968,19.533621817,4.190010070800781,0,99.6057357788086
17.700000000000003,0.3066725900396692,0.3083754514889901,0.19684210526315787,0.17948717948717968,19.533621817,4.190010070800781,0,99.6057357788086
17.700000000000003,0.3066725900396692,0.3083754514889901,0.19684210526315787,0.17948717948717968,19.533621817,4.190010070800781,0,99.6057357788086
17.700000000000003,0.307166553881816,0.31507389980469985,0.19684210526315787,0.17948717948717968,19.756929725,4.190010070800781,0,99.6057357788086
17.700000000000003,0.307166553881816,0.31507389980469985,0.19684210526315787,0.17948717948717968,19.756929725,4.190010070800781,0,99.6057357788086
17.8,0.30760479438815724,0.3217374144211762,0.19684210526315787,0.17948717948717968,19.756929725,4.190010070800781,0,99.6057357788086
17.8,0.30760479438815724,0.3217374144211762,0.21999999999999997,0.01948717948717968,19.994967969,4.190010070800781,0,99.6057357788086
17.8,0.30760479438815724,0.3217374144211762,0.21999999999999997,0.01948717948717968,19.994967969,4.190010070800781,0,99.6057357788086
17.8,0.30760479438815724,0.3217374144211762,0.21999999999999997,0.01948717948717968,19.994967969,4.190010070800781,0,99.6057357788086
17.8,0.30760479438815724,0.3217374144211762,0.21999999999999997,0.01948717948717968,19.994967969,4.190010070800781,0,99.6057357788086
17.8,0.30805194092670685,0.3291962819051768,0.21999999999999997,-0.02564102564102541,19.764624341,4.190010070800781,0,99.6057357788086
17.8,0.30805194092670685,0.3291962819051768,0.21999999999999997,-0.02564102564102541,19.764624341,4.190010070800781,0,99.6057357788086
17.8,0.30805194092670685,0.3291962819051768,0.21999999999999997,-0.02564102564102541,19.764624341,4.190010070800781,0,99.6057357788086
17.8,0.3084891167271093,0.33666130676109085,0.21999999999999997,-0.02564102564102541,19.52615697,4.190010070800781,0,99.6057357788086
17.8,0.3084891167271093,0.33666130676109085,0.21999999999999997,-0.02564102564102541,19.52615697,4.190010070800781,0,99.6057357788086
17.900000000000002,0.3084891167271093,0.33666130676109085,0.20842105263157892,-0.02564102564102541,19.52615697,4.190010070800781,0,99.6057357788086
17.900000000000002,0.3084891167271093,0.33666130676109085,0.20842105263157892,-0.02564102564102541,19.52615697,4.190010070800781,0,99.6057357788086
17.900000000000002,0.3080129416209345,0.3418431770336909,0.20842105263157892,-0.02564102564102541,19.532793407,4.190010070800781,0,99.6057357788086
17.900000000000002,0.3080129416209345,0.3418431770336909,0.20842105263157892,-0.02564102564102541,19.532793407,4.190010070800781,0,99.6057357788086
17.900000000000002,0.3080129416209345,0.3418431770336909,0.20842105263157892,-0.02564102564102541,19.532793407,4.190010070800781,0,99.6057357788086
17.900000000000002,0.3080129416209345,0.3418431770336909,0.20842105263157892,-0.02564102564102541,19.532793407,4.190010070800781,0,99.6057357788086
17.900000000000002,0.30721109388781964,0.3459295872453624,0.20842105263157892,-0.02564102564102541,19.647978937,4.190010070800781,0,99.6057357788086
17.900000000000002,0.30721109388781964,0.3459295872453624,0.20842105263157892,-0.02564102564102541,19.647978937,4.190010070800781,0,99.6057357788086
17.900000000000002,0.30721109388781964,0.3459295872453624,0.20842105263157892,-0.02564102564102541,19.647978937,4.190010070800781,0,99.6057357788086
17.900000000000002,0.30721109388781964,0.3459295872453624,0.20842105263157892,-0.02564102564102541,19.647978937,4.190010070800781,0,99.6057357788086
17.900000000000002,0.30636379181603624,0.35001593680373044,0.20842105263157892,-0.02564102564102541,19.769317082,4.190010070800781,0,99.6057357788086
17.900000000000002,0.30636379181603624,0.35001593680373044,0.19684210526315787,-0.02564102564102541,19.769317082,4.190010070800781,0,99.6057357788086
18.0,0.30636379181603624,0.35001593680373044,0.19684210526315787,-0.02564102564102541,19.769317082,4.190010070800781,0,99.6057357788086
18.0,0.30636379181603624,0.35001593680373044,0.19684210526315787,-0.02564102564102541,19.769317082,4.190010070800781,0,99.51749420166016
18.0,0.3054880073618933,0.3541157993669861,0.19684210526315787,-0.02564102564102541,19.888669026,4.190010070800781,0,99.51749420166016
18.0,0.3054880073618933,0.3541157993669861,0.19684210526315787,-0.02564102564102541,19.888669026,4.190010070800781,0,99.51749420166016
18.0,0.3054880073618933,0.3541157993669861,0.19684210526315787,-0.02564102564102541,19.888669026,4.190010070800781,0,99.51749420166016
18.0,0.3054880073618933,0.3541157993669861,0.19684210526315787,-0.02564102564102541,19.888669026,4.190010070800781,0,99.51749420166016
18.0,0.3054880073618933,0.3541157993669861,0.19684210526315787,-0.02564102564102541,19.888669026,4.190010070800781,0,99.51749420166016
18.0,0.304587256493281,0.35782405315667615,0.19684210526315787,-0.02564102564102541,20.134160088,4.190010070800781,0,99.51749420166016
18.0,0.304587256493281,0.35782405315667615,0.21999999999999997,-0.02564102564102541,20.134160088,4.190010070800781,0,99.51749420166016
18.0,0.304587256493281,0.35782405315667615,0.21999999999999997,-0.02564102564102541,20.134160088,4.190010070800781,0,99.51749420166016
18.0,0.304587256493281,0.35782405315667615,0.21999999999999997,-0.02564102564102541,20.134160088,4.190010070800781,0,99.51749420166016
18.0,0.3036456869622639,0.36152543808547066,0.21999999999999997,-0.02564102564102541,20.100931154,4.182390213012695,0,99.51749420166016
18.1,0.3036456869622639,0.36152543808547066,0.21999999999999997,-0.02564102564102541,20.100931154,4.182390213012695,0,99.51749420166016
18.1,0.3036456869622639,0.36152543808547066,0.21999999999999997,-0.02564102564102541,20.100931154,4.182390213012695,0,99.51749420166016
18.1,0.3036456869622639,0.36152543808547066,0.21999999999999997,-0.02564102564102541,20.100931154,4.182390213012695,0,99.51749420166016
18.1,0.3036456869622639,0.36152543808547066,0.21999999999999997,-0.02564102564102541,20.100931154,4.182390213012695,0,99.51749420166016
18.1,0.3036456869622639,0.36152543808547066,0.21999999999999997,-0.02564102564102541,20.100931154,4.182390213012695,0,99.51749420166016
18.1,0.3038261650761016,0.36873825066498445,0.21999999999999997,-0.02564102564102541,19.851449401,4.182390213012695,0,99.51749420166016
18.1,0.3038261650761016,0.36873825066498445,0.21999999999999997,0.1343589743589746,19.851449401,4.182390213012695,0,99.51749420166016
18.1,0.3038261650761016,0.36873825066498445,0.21999999999999997,0.1343589743589746,19.851449401,4.182390213012695,0,99.51749420166016
18.1,0.30411466928867315,0.37621317528496945,0.21999999999999997,0.1343589743589746,19.851107483,4.182390213012695,0,99.51749420166016
18.1,0.30411466928867315,0.37621317528496945,0.21999999999999997,0.1343589743589746,19.851107483,4.182390213012695,0,99.51749420166016
18.1,0.30411466928867315,0.37621317528496945,0.21999999999999997,0.1343589743589746,19.851107483,4.182390213012695,0,99.51749420166016
18.1,0.30411466928867315,0.37621317528496945,0.21999999999999997,0.2943589743589746,19.851107483,4.182390213012695,0,99.51749420166016
18.1,0.3043951064083432,0.38368355413253047,0.21999999999999997,0.2943589743589746,19.851595365,4.182390213012695,0,99.51749420166016
18.200000000000003,0.3043951064083432,0.38368355413253047,0.21999999999999997,0.2943589743589746,19.851595365,4.182390213012695,0,99.51749420166016
18.200000000000003,0.3043951064083432,0.38368355413253047,0.21999999999999997,0.2943589743589746,19.851595365,4.182390213012695,0,99.51749420166016
18.200000000000003,0.3043951064083432,0.38368355413253047,0.21999999999999997,0.2943589743589746,19.851595365,4.182390213012695,0,99.51749420166016
18.200000000000003,0.3046099676539351,0.3911365137684554,0.21999999999999997,0.3333333333333335,19.863147087,4.182390213012695,0,99.51749420166016
18.200000000000003,0.3046099676539351,0.3911365137684554,0.21999999999999997,0.3333333333333335,19.863147087,4.182390213012695,0,99.51749420166016
18.200000000000003,0.3046099676539351,0.3911365137684554,0.21999999999999997,0.3333333333333335,19.863147087,4.182390213012695,0,99.51749420166016
18.200000000000003,0.3047222134780392,0.3985928216316298,0.21999999999999997,0.3333333333333335,19.752211356,4.182390213012695,0,99.51749420166016
18.200000000000003,0.3047222134780392,0.3985928216316298,0.21999999999999997,0.3333333333333335,19.752211356,4.182390213012695,0,99.51749420166016
18.200000000000003,0.3047222134780392,0.3985928216316298,0.20842105263157892,0.17333333333333348,19.752211356,4.182390213012695,0,99.51749420166016
18.200000000000003,0.3047222134780392,0.3985928216316298,0.20842105263157892,0.17333333333333348,19.752211356,4.182390213012695,0,99.51749420166016
18.200000000000003,0.3047600998588218,0.4060577765152471,0.20842105263157892,0.17333333333333348,19.632666056,4.182390213012695,0,99.51749420166016
18.3,0.3047600998588218,0.4060577765152471,0.20842105263157892,0.17333333333333348,19.632666056,4.182390213012695,0,99.51749420166016
18.3,0.3047600998588218,0.4060577765152471,0.20842105263157892,0.17333333333333348,19.632666056,4.182390213012695,0,99.51749420166016
18.3,0.3047600998588218,0.4060577765152471,0.20842105263157892,0.07692307692307715,19.632666056,4.182390213012695,0,99.51749420166016
18.3,0.3047390674380721,0.41313532867176683,0.20842105263157892,0.07692307692307715,19.635378008,4.182390213012695,0,99.51749420166016
18.3,0.3047390674380721,0.41313532867176683,0.20842105263157892,0.07692307692307715,19.635378008,4.182390213012695,0,99.51749420166016
18.3,0.3047390674380721,0.41313532867176683,0.20842105263157892,0.07692307692307715,19.635378008,4.182390213012695,0,99.51749420166016
18.3,0.3046941575433184,0.42022235604697505,0.20842105263157892,0.07692307692307715,19.5132423,4.182390213012695,0,99.51749420166016
18.3,0.3046941575433184,0.42022235604697505,0.20842105263157892,0.07692307692307715,19.18333653,4.111679553985596,0,99.51749420166016
18.3,0.3046941575433184,0.42022235604697505,0.20842105263157892,0.07692307692307715,19.18333653,4.111679553985596,0,99.51749420166016
18.3,0.3046941575433184,0.42022235604697505,0.20842105263157892,0.07692307692307715,19.18333653,4.111679553985596,0,99.51749420166016
18.3,0.3046941575433184,0.42022235604697505,0.20842105263157892,0.07692307692307715,19.18333653,4.111679553985596,0,99.51749420166016
18.3,0.3046500545041235,0.4273083569515661,0.20842105263157892,0.07692307692307715,19.069934736,4.111679553985596,0,99.51749420166016
18.400000000000002,0.3046500545041235,0.4273083569515661,0.20842105263157892,0.07692307692307715,19.069934736,4.111679553985596,0,99.51749420166016
18.400000000000002,0.3046500545041235,0.4273083569515661,0.20842105263157892,0.07692307692307715,19.069934736,4.111679553985596,0,99.51749420166016
18.400000000000002,0.3046500545041235,0.4273083569515661,0.20842105263157892,0.07692307692307715,19.069934736,4.111679553985596,0,99.51749420166016
18.400000000000002,0.3045856670933489,0.4343872958337106,0.20842105263157892,0.07692307692307715,19.18566006,4.111679553985596,0,99.51749420166016
18.400000000000002,0.3045856670933489,0.4343872958337106,0.20842105263157892,0.07692307692307715,19.18566006,4.111679553985596,0,99.51749420166016
18.400000000000002,0.3045856670933489,0.4343872958337106,0.20842105263157892,0.07692307692307715,19.18566006,4.111679553985596,0,99.51749420166016
18.400000000000002,0.30449211986654756,0.4414677325140426,0.20842105263157892,0.07692307692307715,19.298712771,4.111679553985596,0,99.51749420166016
18.400000000000002,0.30449211986654756,0.4414677325140426,0.20842105263157892,0.07692307692307715,19.298712771,4.111679553985596,0,99.51749420166016
18.400000000000002,0.30449211986654756,0.4414677325140426,0.20842105263157892,0.07692307692307715,19.298712771,4.111679553985596,0,99.51749420166016
18.400000000000002,0.30438399885738643,0.4485503053514708,0.20842105263157892,0.07692307692307715,19.413230247,4.111679553985596,0,99.51749420166016
18.5,0.30438399885738643,0.4485503053514708,0.21999999999999997,0.07692307692307715,19.413230247,4.111679553985596,0,99.41893768310547
18.5,0.30438399885738643,0.4485503053514708,0.21999999999999997,0.07692307692307715,19.413230247,4.111679553985596,0,99.41893768310547
18.5,0.30438399885738643,0.4485503053514708,0.21999999999999997,0.07692307692307715,19.413230247,4.111679553985596,0,99.41893768310547
18.5,0.30426175759536633,0.4556304528723225,0.21999999999999997,0.07692307692307715,19.521118386,4.111679553985596,0,99.41893768310547
18.5,0.30426175759536633,0.4556304528723225,0.21999999999999997,0.07692307692307715,19.521118386,4.111679553985596,0,99.41893768310547
18.5,0.30426175759536633,0.4556304528723225,0.21999999999999997,0.07692307692307715,19.521118386,4.111679553985596,0,99.41893768310547
18.5,0.3041095563112799,0.4631027047122551,0.21999999999999997,0.07692307692307715,19.2744198,4.061679363250732,0,99.41893768310547
18.5,0.3041095563112799,0.4631027047122551,0.21999999999999997,0.07692307692307715,19.2744198,4.061679363250732,0,99.41893768310547
18.5,0.3041095563112799,0.4631027047122551,0.21999999999999997,0.07692307692307715,19.2744198,4.061679363250732,0,99.41893768310547
18.5,0.3041095563112799,0.4631027047122551,0.21999999999999997,0.07692307692307715,19.2744198,4.061679363250732,0,99.41893768310547
18.6,0.30393365376949344,0.47057404787178814,0.20842105263157892,0.07692307692307715,19.277081261,4.061679363250732,0,99.41893768310547
18.6,0.30393365376949344,0.47057404787178814,0.20842105263157892,0.07692307692307715,19.277081261,4.061679363250732,0,99.41893768310547
18.6,0.30393365376949344,0.47057404787178814,0.20842105263157892,0.07692307692307715,19.277081261,4.061679363250732,0,99.41893768310547
18.6,0.3037398001882792,0.4780457921859287,0.20842105263157892,0.07692307692307715,19.277081261,4.061679363250732,0,99.41893768310547
18.6,0.3037398001882792,0.4780457921859287,0.20842105263157892,0.07692307692307715,19.161394081,4.061679363250732,0,99.41893768310547
18.6,0.3037398001882792,0.4780457921859287,0.20842105263157892,0.07692307692307715,19.161394081,4.061679363250732,0,99.41893768310547
18.6,0.3037398001882792,0.4780457921859287,0.19684210526315787,0.02564102564102587,19.161394081,4.061679363250732,0,99.41893768310547
18.6,0.3035387115410977,0.48512609462683065,0.19684210526315787,0.02564102564102587,19.159118278,4.061679363250732,0,99.41893768310547
18.6,0.3035387115410977,0.48512609462683065,0.19684210526315787,0.02564102564102587,19.159118278,4.061679363250732,0,99.41893768310547
18.6,0.3035387115410977,0.48512609462683065,0.19684210526315787,0.02564102564102587,19.159118278,4.061679363250732,0,99.41893768310547
18.6,0.3035387115410977,0.48512609462683065,0.19684210526315787,0.02564102564102587,19.159118278,4.061679363250732,0,99.41893768310547
18.700000000000003,0.3031799408273317,0.4917915939147772,0.19684210526315787,0.02564102564102587,19.275206061,4.061679363250732,0,99.41893768310547
18.700000000000003,0.3031799408273317,0.4917915939147772,0.19684210526315787,0.02564102564102587,19.275206061,4.061679363250732,0,99.41893768310547
18.700000000000003,0.3031799408273317,0.4917915939147772,0.19684210526315787,0.02564102564102587,19.275206061,4.061679363250732,0,99.41893768310547
18.700000000000003,0.30194182529594826,0.4983416634394781,0.19684210526315787,0.02564102564102587,19.384239814,4.061679363250732,0,99.41893768310547
18.700000000000003,0.30194182529594826,0.4983416634394781,0.19684210526315787,0.02564102564102587,19.384239814,4.061679363250732,0,99.41893768310547
18.700000000000003,0.30194182529594826,0.4983416634394781,0.19684210526315787,0.02564102564102587,19.384239814,4.061679363250732,0,99.41893768310547
18.700000000000003,0.30194182529594826,0.4983416634394781,0.19684210526315787,0.02564102564102587,19.384239814,4.061679363250732,0,99.41893768310547
18.700000000000003,0.3007020009938026,0.5048911078328335,0.19684210526315787,0.02564102564102587,19.504061363,4.061679363250732,0,99.41893768310547
18.700000000000003,0.3007020009938026,0.5048911078328335,0.19684210526315787,0.02564102564102587,19.504061363,4.061679363250732,0,99.41893768310547
18.700000000000003,0.3007020009938026,0.5048911078328335,0.21999999999999997,-0.13435897435897415,19.504061363,4.061679363250732,0,99.41893768310547
18.8,0.29945255345386257,0.5114380304290185,0.21999999999999997,-0.13435897435897415,19.380260474,4.011679172515869,0,99.41893768310547
18.8,0.29945255345386257,0.5114380304290185,0.21999999999999997,-0.13435897435897415,19.380260474,4.011679172515869,0,99.41893768310547
18.8,0.29945255345386257,0.5114380304290185,0.21999999999999997,-0.13435897435897415,19.380260474,4.011679172515869,0,99.41893768310547
18.8,0.29945255345386257,0.5114380304290185,0.21999999999999997,-0.13435897435897415,19.380260474,4.011679172515869,0,99.41893768310547
18.8,0.2981706349849065,0.5187410981962365,0.21999999999999997,-0.17948717948717924,19.263832119,4.011679172515869,0,99.41893768310547
18.8,0.2981706349849065,0.5187410981962365,0.21999999999999997,-0.17948717948717924,19.263832119,4.011679172515869,0,99.41893768310547
18.8,0.2981706349849065,0.5187410981962365,0.21999999999999997,-0.17948717948717924,19.263832119,4.011679172515869,0,99.41893768310547
18.8,0.29692255622163954,0.5260915550743213,0.21999999999999997,-0.17948717948717924,19.262665683,4.011679172515869,0,99.41893768310547
18.8,0.29692255622163954,0.5260915550743213,0.21999999999999997,-0.17948717948717924,19.262665683,4.011679172515869,0,99.41893768310547
18.8,0.29692255622163954,0.5260915550743213,0.20842105263157892,-0.17948717948717924,19.262665683,4.011679172515869,0,99.41893768310547
18.8,0.29692255622163954,0.5260915550743213,0.20842105263157892,-0.17948717948717924,19.262665683,4.011679172515869,0,99.41893768310547
18.900000000000002,0.2960077698548689,0.5334805570612875,0.20842105263157892,-0.17948717948717924,19.257992083,4.011679172515869,0,99.41893768310547
18.900000000000002,0.2960077698548689,0.5334805570612875,0.20842105263157892,-0.17948717948717924,19.257992083,4.011679172515869,0,99.41893768310547
18.900000000000002,0.2960077698548689,0.5334805570612875,0.20842105263157892,-0.17948717948717924,19.257992083,4.011679172515869,0,99.41893768310547
18.900000000000002,0.2960077698548689,0.5334805570612875,0.20842105263157892,-0.17948717948717924,19.257992083,4.011679172515869,0,99.41893768310547
18.900000000000002,0.29589741944052284,0.5405382199834576,0.20842105263157892,-0.17948717948717924,19.381370095,4.011679172515869,0,99.41893768310547
18.900000000000002,0.29589741944052284,0.5405382199834576,0.20842105263157892,-0.17948717948717924,19.381370095,4.011679172515869,0,99.41893768310547
18.900000000000002,0.29589741944052284,0.5405382199834576,0.20842105263157892,-0.17948717948717924,19.381370095,4.011679172515869,0,99.41893768310547
18.900000000000002,0.29589741944052284,0.5405382199834576,0.20842105263157892,-0.17948717948717924,19.381370095,4.011679172515869,0,99.41893768310547
18.900000000000002,0.29580690516239594,0.5476301565591705,0.21999999999999997,-0.17948717948717924,19.377261658,4.011679172515869,0,99.41893768310547
18.900000000000002,0.29580690516239594,0.5476301565591705,0.21999999999999997,-0.17948717948717924,19.377261658,4.011679172515869,0,99.41893768310547
18.900000000000002,0.29580690516239594,0.5476301565591705,0.21999999999999997,-0.17948717948717924,19.377261658,4.011679172515869,0,99.41893768310547
18.900000000000002,0.29580690516239594,0.5476301565591705,0.21999999999999997,-0.17948717948717924,19.377261658,4.011679172515869,0,99.41893768310547
19.0,0.2957571465590103,0.5547301669987276,0.21999999999999997,-0.17948717948717924,19.252629039,4.011679172515869,0,99.31948852539062
19.0,0.2957571465590103,0.5547301669987276,0.21999999999999997,-0.17948717948717924,19.252629039,4.011679172515869,0,99.31948852539062
19.0,0.2957571465590103,0.5547301669987276,0.21999999999999997,-0.17948717948717924,19.252629039,4.011679172515869,0,99.31948852539062
19.0,0.2957571465590103,0.5547301669987276,0.21999999999999997,-0.17948717948717924,19.125295482,3.9851467609405518,0,99.31948852539062
19.0,0.29576126889283216,0.5621852797861007,0.21999999999999997,-0.17948717948717924,18.908653010000002,3.9851467609405518,0,99.31948852539062
19.0,0.29576126889283216,0.5621852797861007,0.21999999999999997,-0.17948717948717924,18.908653010000002,3.9851467609405518,0,99.31948852539062
19.0,0.29576126889283216,0.5621852797861007,0.21999999999999997,-0.17948717948717924,18.908653010000002,3.9851467609405518,0,99.31948852539062
19.0,0.2957943415615518,0.5696693319673094,0.21999999999999997,-0.12820512820512797,18.681105059,3.9851467609405518,0,99.31948852539062
19.0,0.2957943415615518,0.5696693319673094,0.21999999999999997,-0.12820512820512797,18.681105059,3.9851467609405518,0,99.31948852539062
19.0,0.2957943415615518,0.5696693319673094,0.21999999999999997,-0.12820512820512797,18.681105059,3.9851467609405518,0,99.31948852539062
19.1,0.2957943415615518,0.5696693319673094,0.21999999999999997,-0.12820512820512797,18.681105059,3.9851467609405518,0,99.31948852539062
19.1,0.2958587547812943,0.5771580577554926,0.21999999999999997,-0.12820512820512797,18.681105059,3.9851467609405518,0,99.31948852539062
19.1,0.2958587547812943,0.5771580577554926,0.21999999999999997,-0.12820512820512797,18.460434831,3.9851467609405518,0,99.31948852539062
19.1,0.2958587547812943,0.5771580577554926,0.21999999999999997,-0.12820512820512797,18.460434831,3.9851467609405518,0,99.31948852539062
19.1,0.2958587547812943,0.5771580577554926,0.21999999999999997,-0.12820512820512797,18.460434831,3.9851467609405518,0,99.31948852539062
19.1,0.2959661545176435,0.5846458304045746,0.21999999999999997,-0.12820512820512797,18.460434831,3.9851467609405518,0,99.31948852539062
19.1,0.2959661545176435,0.5846458304045746,0.20842105263157892,-0.28205128205128177,18.45430149,3.9851467609405518,0,99.31948852539062
19.1,0.2959661545176435,0.5846458304045746,0.20842105263157892,-0.28205128205128177,18.45430149,3.9851467609405518,0,99.31948852539062
19.1,0.2959661545176435,0.5846458304045746,0.20842105263157892,-0.28205128205128177,18.45430149,3.9851467609405518,0,99.31948852539062
19.1,0.2961046698590606,0.5921302801271575,0.20842105263157892,-0.28205128205128177,18.451846496,3.9851467609405518,0,99.31948852539062
19.1,0.2961046698590606,0.5921302801271575,0.20842105263157892,-0.28205128205128177,18.451846496,3.9851467609405518,0,99.31948852539062
19.1,0.2961046698590606,0.5921302801271575,0.20842105263157892,-0.28205128205128177,18.451846496,3.9851467609405518,0,99.31948852539062
19.1,0.2961046698590606,0.5921302801271575,0.20842105263157892,-0.28205128205128177,18.451846496,3.9851467609405518,0,99.31948852539062
19.200000000000003,0.2962666749499998,0.5991936278523554,0.20842105263157892,-0.28205128205128177,18.562024533,3.9851467609405518,0,99.31948852539062
19.200000000000003,0.2962666749499998,0.5991936278523554,0.20842105263157892,-0.28205128205128177,18.562024533,3.9851467609405518,0,99.31948852539062
19.200000000000003,0.2962666749499998,0.5991936278523554,0.20842105263157892,-0.28205128205128177,18.562024533,3.9851467609405518,0,99.31948852539062
19.200000000000003,0.2965002847919347,0.6062996625558582,0.20842105263157892,-0.28205128205128177,18.562024533,3.9851467609405518,0,99.31948852539062
19.200000000000003,0.2965002847919347,0.6062996625558582,0.21999999999999997,-0.28205128205128177,18.546498008,3.9851467609405518,0,99.31948852539062
19.200000000000003,0.2965002847919347,0.6062996625558582,0.21999999999999997,-0.28205128205128177,18.546498008,3.9851467609405518,0,99.31948852539062
19.200000000000003,0.2965002847919347,0.6062996625558582,0.21999999999999997,-0.28205128205128177,18.546498008,3.9851467609405518,0,99.31948852539062
19.200000000000003,0.296818238133143,0.6133991819481941,0.21999999999999997,-0.28205128205128177,18.214903198000002,3.914436101913452,0,99.31948852539062
19.200000000000003,0.296818238133143,0.6133991819481941,0.21999999999999997,-0.28205128205128177,18.214903198000002,3.914436101913452,0,99.31948852539062
19.200000000000003,0.296818238133143,0.6133991819481941,0.21999999999999997,-0.28205128205128177,18.214903198000002,3.914436101913452,0,99.31948852539062
19.3,0.2972171901813352,0.6208479767245639,0.21999999999999997,-0.28205128205128177,18.214903198000002,3.914436101913452,0,99.31948852539062
19.3,0.2972171901813352,0.6208479767245639,0.21999999999999997,-0.28205128205128177,18.116008796,3.914436101913452,0,99.31948852539062
19.3,0.2972171901813352,0.6208479767245639,0.21999999999999997,-0.28205128205128177,18.116008796,3.914436101913452,0,99.31948852539062
19.3,0.2972171901813352,0.6208479767245639,0.20842105263157892,-0.28205128205128177,18.116008796,3.914436101913452,0,99.31948852539062
19.3,0.2972171901813352,0.6208479767245639,0.20842105263157892,-0.28205128205128177,18.116008796,3.914436101913452,0,99.31948852539062
19.3,0.2976782703985934,0.6283303581184267,0.20842105263157892,-0.28205128205128177,18.101766111,3.914436101913452,0,99.31948852539062
19.3,0.2976782703985934,0.6283303581184267,0.20842105263157892,-0.28205128205128177,18.101766111,3.914436101913452,0,99.31948852539062
19.3,0.2976782703985934,0.6283303581184267,0.20842105263157892,-0.28205128205128177,18.101766111,3.914436101913452,0,99.31948852539062
19.3,0.29818415326790837,0.6353845599299947,0.20842105263157892,-0.28205128205128177,18.211088105,3.914436101913452,0,99.31948852539062
19.3,0.29818415326790837,0.6353845599299947,0.20842105263157892,-0.28205128205128177,18.211088105,3.914436101913452,0,99.31948852539062
19.3,0.29818415326790837,0.6353845599299947,0.20842105263157892,-0.28205128205128177,18.211088105,3.914436101913452,0,99.31948852539062
19.400000000000002,0.29818415326790837,0.6353845599299947,0.20842105263157892,-0.28205128205128177,18.211088105,3.914436101913452,0,99.31948852539062
19.400000000000002,0.29818415326790837,0.6353845599299947,0.20842105263157892,-0.28205128205128177,18.211088105,3.914436101913452,0,99.31948852539062
19.400000000000002,0.2987625254620383,0.6424643944465864,0.21999999999999997,-0.3846153846153843,18.316434994,3.914436101913452,0,99.31948852539062
19.400000000000002,0.2987625254620383,0.6424643944465864,0.21999999999999997,-0.3846153846153843,18.316434994,3.914436101913452,0,99.31948852539062
19.400000000000002,0.2987625254620383,0.6424643944465864,0.21999999999999997,-0.3846153846153843,18.316434994,3.914436101913452,0,99.31948852539062
19.400000000000002,0.2994041307554445,0.6495383711653051,0.21999999999999997,-0.3846153846153843,18.420913499,3.914436101913452,0,99.31948852539062
19.400000000000002,0.2994041307554445,0.6495383711653051,0.21999999999999997,-0.3846153846153843,18.420913499,3.914436101913452,0,99.31948852539062
19.400000000000002,0.2994041307554445,0.6495383711653051,0.21999999999999997,-0.28205128205128177,18.420913499,3.914436101913452,0,99.31948852539062
19.400000000000002,0.3001536278660484,0.6569663775238185,0.21999999999999997,-0.28205128205128177,18.428742321,3.914436101913452,0,99.31948852539062
19.400000000000002,0.3001536278660484,0.6569663775238185,0.21999999999999997,-0.28205128205128177,18.428742321,3.914436101913452,0,99.31948852539062
19.5,0.3001536278660484,0.6569663775238185,0.21999999999999997,-0.28205128205128177,18.428742321,3.914436101913452,0,99.31948852539062
19.5,0.3001536278660484,0.6569663775238185,0.21999999999999997,-0.28205128205128177,18.428742321,3.914436101913452,0,99.21006774902344
19.5,0.3010021518195569,0.6644206023267489,0.21999999999999997,-0.28205128205128177,18.310434575,3.914436101913452,0,99.21006774902344
19.5,0.3010021518195569,0.6644206023267489,0.21999999999999997,-0.28205128205128177,18.310434575,3.914436101913452,0,99.21006774902344
19.5,0.3010021518195569,0.6644206023267489,0.21999999999999997,-0.28205128205128177,18.310434575,3.914436101913452,0,99.21006774902344
19.5,0.3019280519430596,0.6718570637487982,0.21999999999999997,-0.28205128205128177,18.206607323,3.914436101913452,0,99.21006774902344
19.5,0.3019280519430596,0.6718570637487982,0.21999999999999997,-0.28205128205128177,18.206607323,3.914436101913452,0,99.21006774902344
19.5,0.3019280519430596,0.6718570637487982,0.21999999999999997,-0.28205128205128177,18.206607323,3.914436101913452,0,99.21006774902344
19.5,0.30291120552802897,0.67928596883425,0.21999999999999997,-0.28205128205128177,18.098851006,3.914436101913452,0,99.21006774902344
19.5,0.30291120552802897,0.67928596883425,0.21999999999999997,-0.28205128205128177,18.098851006,3.914436101913452,0,99.21006774902344
19.6,0.30291120552802897,0.67928596883425,0.21999999999999997,-0.28205128205128177,18.098851006,3.914436101913452,0,99.21006774902344
19.6,0.30291120552802897,0.67928596883425,0.21999999999999997,-0.28205128205128177,18.098851006,3.914436101913452,0,99.21006774902344
19.6,0.30396569706388243,0.6867101273701064,0.20842105263157892,-0.28205128205128177,18.090169291,3.914436101913452,0,99.21006774902344
19.6,0.30396569706388243,0.6867101273701064,0.20842105263157892,-0.28205128205128177,18.090169291,3.914436101913452,0,99.21006774902344
19.6,0.30396569706388243,0.6867101273701064,0.20842105263157892,-0.28205128205128177,18.090169291,3.914436101913452,0,99.21006774902344
19.6,0.3050989526514494,0.694122058614097,0.20842105263157892,-0.28205128205128177,17.532114518,3.7937254905700684,0,99.21006774902344
19.6,0.3050989526514494,0.694122058614097,0.20842105263157892,-0.28205128205128177,17.532114518,3.7937254905700684,0,99.21006774902344
19.6,0.3050989526514494,0.694122058614097,0.19684210526315787,-0.33333333333333304,17.532114518,3.7937254905700684,0,99.21006774902344
19.6,0.3050989526514494,0.694122058614097,0.19684210526315787,-0.33333333333333304,17.532114518,3.7937254905700684,0,99.21006774902344
19.6,0.30623672151368964,0.7011023742923854,0.19684210526315787,-0.33333333333333304,17.532114518,3.7937254905700684,0,99.21006774902344
19.6,0.30623672151368964,0.7011023742923854,0.19684210526315787,-0.33333333333333304,17.530285576,3.7937254905700684,0,99.21006774902344
19.6,0.30623672151368964,0.7011023742923854,0.19684210526315787,-0.33333333333333304,17.530285576,3.7937254905700684,0,99.21006774902344
19.700000000000003,0.30623672151368964,0.7011023742923854,0.19684210526315787,-0.33333333333333304,17.530285576,3.7937254905700684,0,99.21006774902344
19.700000000000003,0.30623672151368964,0.7011023742923854,0.19684210526315787,-0.33333333333333304,17.530285576,3.7937254905700684,0,99.21006774902344
19.700000000000003,0.30739803598068094,0.7077203467597634,0.19684210526315787,-0.33333333333333304,17.633212485,3.7937254905700684,0,99.21006774902344
19.700000000000003,0.30739803598068094,0.7077203467597634,0.19684210526315787,-0.33333333333333304,17.633212485,3.7937254905700684,0,99.21006774902344
19.700000000000003,0.30739803598068094,0.7077203467597634,0.19684210526315787,-0.33333333333333304,17.633212485,3.7937254905700684,0,99.21006774902344
19.700000000000003,0.3086436823418821,0.7143201249062919,0.19684210526315787,-0.33333333333333304,17.501508923,3.743725538253784,0,99.21006774902344
19.700000000000003,0.3086436823418821,0.7143201249062919,0.19684210526315787,-0.33333333333333304,17.501508923,3.743725538253784,0,99.21006774902344
19.700000000000003,0.3086436823418821,0.7143201249062919,0.19684210526315787,-0.33333333333333304,17.501508923,3.743725538253784,0,99.21006774902344
19.700000000000003,0.30995900388014497,0.7209029735792891,0.19684210526315787,-0.33333333333333304,17.699400478,3.743725538253784,0,99.21006774902344
19.700000000000003,0.30995900388014497,0.7209029735792891,0.19684210526315787,-0.33333333333333304,17.699400478,3.743725538253784,0,99.21006774902344
19.8,0.30995900388014497,0.7209029735792891,0.19684210526315787,-0.33333333333333304,17.699400478,3.743725538253784,0,99.21006774902344
19.8,0.31134471914166895,0.7274735388222666,0.19684210526315787,-0.33333333333333304,17.916905725,3.743725538253784,0,99.21006774902344
19.8,0.31134471914166895,0.7274735388222666,0.19684210526315787,-0.33333333333333304,17.916905725,3.743725538253784,0,99.21006774902344
19.8,0.31134471914166895,0.7274735388222666,0.19684210526315787,-0.33333333333333304,17.916905725,3.743725538253784,0,99.21006774902344
19.8,0.31134471914166895,0.7274735388222666,0.19684210526315787,-0.33333333333333304,17.916905725,3.743725538253784,0,99.21006774902344
19.8,0.31280826258079264,0.7340280891160527,0.21999999999999997,-0.49333333333333307,17.916905725,3.743725538253784,0,99.21006774902344
19.8,0.31280826258079264,0.7340280891160527,0.21999999999999997,-0.49333333333333307,18.132178705,3.743725538253784,0,99.21006774902344
19.8,0.31280826258079264,0.7340280891160527,0.21999999999999997,-0.49333333333333307,18.132178705,3.743725538253784,0,99.21006774902344
19.8,0.31280826258079264,0.7340280891160527,0.21999999999999997,-0.49333333333333307,18.132178705,3.743725538253784,0,99.21006774902344
19.8,0.31452810958971456,0.741300148801046,0.21999999999999997,-0.49333333333333307,18.137104585,3.743725538253784,0,99.21006774902344
19.8,0.31452810958971456,0.741300148801046,0.21999999999999997,-0.5897435897435894,18.137104585,3.743725538253784,0,99.21006774902344
19.900000000000002,0.31452810958971456,0.741300148801046,0.21999999999999997,-0.5897435897435894,18.137104585,3.743725538253784,0,99.21006774902344
19.900000000000002,0.3168584787941682,0.746980223362305,0.21999999999999997,-0.5897435897435894,18.137104585,3.743725538253784,0,99.21006774902344
19.900000000000002,0.3168584787941682,0.746980223362305,0.21999999999999997,-0.5897435897435894,18.13648169,3.743725538253784,0,99.21006774902344
19.900000000000002,0.3168584787941682,0.746980223362305,0.21999999999999997,-0.5897435897435894,18.13648169,3.743725538253784,0,99.21006774902344
19.900000000000002,0.3168584787941682,0.746980223362305,0.21999999999999997,-0.5897435897435894,18.13648169,3.743725538253784,0,99.21006774902344
19.900000000000002,0.31948901626790005,0.7522013718828757,0.21999999999999997,-0.5897435897435894,18.134293122,3.743725538253784,0,99.21006774902344
19.900000000000002,0.31948901626790005,0.7522013718828757,0.21999999999999997,-0.5897435897435894,18.134293122,3.743725538253784,0,99.21006774902344
19.900000000000002,0.31948901626790005,0.7522013718828757,0.21999999999999997,-0.5897435897435894,18.134293122,3.743725538253784,0,99.21006774902344
19.900000000000002,0.31948901626790005,0.7522013718828757,0.21999999999999997,-0.5897435897435894,18.134293122,3.743725538253784,0,99.21006774902344
19.900000000000002,0.3223008955914386,0.7573713221354581,0.20842105263157892,-0.5897435897435894,17.973193186,3.7348718643188477,0,99.21006774902344
20.0,0.3223008955914386,0.7573713221354581,0.20842105263157892,-0.5897435897435894,17.973193186,3.7348718643188477,0,99.21006774902344
20.0,0.3223008955914386,0.7573713221354581,0.20842105263157892,-0.5897435897435894,17.973193186,3.7348718643188477,0,99.10724639892578
20.0,0.3223008955914386,0.7573713221354581,0.20842105263157892,-0.5897435897435894,17.973193186,3.7348718643188477,0,99.10724639892578
20.0,0.32529640983599295,0.7624855291073427,0.20842105263157892,-0.5897435897435894,17.753458716,3.7348718643188477,0,99.10724639892578
20.0,0.32529640983599295,0.7624855291073427,0.20842105263157892,-0.5897435897435894,17.753458716,3.7348718643188477,0,99.10724639892578
20.0,0.32529640983599295,0.7624855291073427,0.20842105263157892,-0.5897435897435894,17.753458716,3.7348718643188477,0,99.10724639892578
20.0,0.32529640983599295,0.7624855291073427,0.20842105263157892,-0.5897435897435894,17.753458716,3.7348718643188477,0,99.10724639892578
20.0,0.32832547365843623,0.7671371440076256,0.20842105263157892,-0.5897435897435894,17.653599228,3.7348718643188477,0,99.10724639892578
20.0,0.32832547365843623,0.7671371440076256,0.20842105263157892,-0.5897435897435894,17.653599228,3.7348718643188477,0,99.10724639892578
20.0,0.32832547365843623,0.7671371440076256,0.20842105263157892,-0.43589743589743557,17.653599228,3.7348718643188477,0,99.10724639892578
20.0,0.32832547365843623,0.7671371440076256,0.20842105263157892,-0.43589743589743557,17.653599228,3.7348718643188477,0,99.10724639892578
20.0,0.33151235550523395,0.7717683370398558,0.20842105263157892,-0.43589743589743557,17.549480798,3.7348718643188477,0,99.10724639892578
20.1,0.33151235550523395,0.7717683370398558,0.20842105263157892,-0.43589743589743557,17.549480798,3.7348718643188477,0,99.10724639892578
20.1,0.33151235550523395,0.7717683370398558,0.20842105263157892,-0.43589743589743557,17.549480798,3.7348718643188477,0,99.10724639892578
20.1,0.33151235550523395,0.7717683370398558,0.20842105263157892,-0.43589743589743557,17.549480798,3.7348718643188477,0,99.10724639892578
20.1,0.33418726975618296,0.7781203226240784,0.20842105263157892,-0.43589743589743557,17.446369748,3.7348718643188477,0,99.10724639892578
20.1,0.33418726975618296,0.7781203226240784,0.20842105263157892,-0.43589743589743557,17.446369748,3.7348718643188477,0,99.10724639892578
20.1,0.33418726975618296,0.7781203226240784,0.20842105263157892,-0.43589743589743557,17.446369748,3.7348718643188477,0,99.10724639892578
20.1,0.3368762775628622,0.7847039115195582,0.20842105263157892,-0.43589743589743557,17.344535786,3.7348718643188477,0,99.10724639892578
20.1,0.3368762775628622,0.7847039115195582,0.21999999999999997,-0.5384615384615381,17.344535786,3.7348718643188477,0,99.10724639892578
20.1,0.3368762775628622,0.7847039115195582,0.21999999999999997,-0.5384615384615381,17.344535786,3.7348718643188477,0,99.10724639892578
20.1,0.3368762775628622,0.7847039115195582,0.21999999999999997,-0.5384615384615381,17.344535786,3.7348718643188477,0,99.10724639892578
20.200000000000003,0.3396432477916611,0.7912589399558775,0.21999999999999997,-0.5384615384615381,17.443926366,3.7348718643188477,0,99.10724639892578
20.200000000000003,0.3396432477916611,0.7912589399558775,0.21999999999999997,-0.5384615384615381,17.443926366,3.7348718643188477,0,99.10724639892578
20.200000000000003,0.3396432477916611,0.7912589399558775,0.21999999999999997,-0.5384615384615381,17.443926366,3.7348718643188477,0,99.10724639892578
20.200000000000003,0.3426646541832399,0.7981022320885565,0.20842105263157892,-0.5384615384615381,17.450717957,3.7348718643188477,0,99.10724639892578
20.200000000000003,0.3426646541832399,0.7981022320885565,0.20842105263157892,-0.5384615384615381,17.450717957,3.7348718643188477,0,99.10724639892578
20.200000000000003,0.3426646541832399,0.7981022320885565,0.20842105263157892,-0.5384615384615381,17.450717957,3.7348718643188477,0,99.10724639892578
20.200000000000003,0.3426646541832399,0.7981022320885565,0.20842105263157892,-0.5384615384615381,17.450717957,3.7348718643188477,0,99.10724639892578
20.200000000000003,0.34565125925800544,0.8045671222095292,0.20842105263157892,-0.5384615384615381,17.553931274,3.7348718643188477,0,99.10724639892578
20.200000000000003,0.34565125925800544,0.8045671222095292,0.20842105263157892,-0.5384615384615381,17.553931274,3.7348718643188477,0,99.10724639892578
20.200000000000003,0.34565125925800544,0.8045671222095292,0.20842105263157892,-0.5384615384615381,17.553931274,3.7348718643188477,0,99.10724639892578
20.200000000000003,0.34565125925800544,0.8045671222095292,0.20842105263157892,-0.5384615384615381,17.553931274,3.7348718643188477,0,99.10724639892578
20.200000000000003,0.3487504338409395,0.810980004473105,0.20842105263157892,-0.5384615384615381,17.656442676,3.7348718643188477,0,99.10724639892578
20.3,0.3487504338409395,0.810980004473105,0.20842105263157892,-0.5384615384615381,17.656442676,3.7348718643188477,0,99.10724639892578
20.3,0.3487504338409395,0.810980004473105,0.21999999999999997,-0.5897435897435894,17.656442676,3.7348718643188477,0,99.10724639892578
20.3,0.3519715163576551,0.8173333870370252,0.21999999999999997,-0.5897435897435894,17.762027821,3.7348718643188477,0,99.10724639892578
20.3,0.3519715163576551,0.8173333870370252,0.21999999999999997,-0.5897435897435894,17.762027821,3.7348718643188477,0,99.10724639892578
20.3,0.3519715163576551,0.8173333870370252,0.21999999999999997,-0.5897435897435894,17.762027821,3.7348718643188477,0,99.10724639892578
20.3,0.3519715163576551,0.8173333870370252,0.21999999999999997,-0.5897435897435894,17.762027821,3.7348718643188477,0,99.10724639892578
20.3,0.35549670600434924,0.8239718795363675,0.21999999999999997,-0.5897435897435894,17.646438056,3.7348718643188477,0,99.10724639892578
20.3,0.35549670600434924,0.8239718795363675,0.21999999999999997,-0.5897435897435894,17.646438056,3.7348718643188477,0,99.10724639892578
20.3,0.35549670600434924,0.8239718795363675,0.21999999999999997,-0.5897435897435894,17.646438056,3.7348718643188477,0,99.10724639892578
20.3,0.35549670600434924,0.8239718795363675,0.21999999999999997,-0.5897435897435894,17.646438056,3.7348718643188477,0,99.10724639892578
20.3,0.35915199268634557,0.8305420527630799,0.21999999999999997,-0.5897435897435894,16.877804898,3.5934505462646484,0,99.10724639892578
20.400000000000002,0.35915199268634557,0.8305420527630799,0.21999999999999997,-0.5897435897435894,16.877804898,3.5934505462646484,0,99.10724639892578
20.400000000000002,0.35915199268634557,0.8305420527630799,0.21999999999999997,-0.5897435897435894,16.877804898,3.5934505462646484,0,99.10724639892578
20.400000000000002,0.35915199268634557,0.8305420527630799,0.21999999999999997,-0.5897435897435894,16.877804898,3.5934505462646484,0,99.10724639892578
20.400000000000002,0.36294207097386266,0.837034817793013,0.21999999999999997,-0.5897435897435894,16.772626443,3.5934505462646484,0,99.10724639892578
20.400000000000002,0.36294207097386266,0.837034817793013,0.20842105263157892,-0.5897435897435894,16.772626443,3.5934505462646484,0,99.10724639892578
20.400000000000002,0.36294207097386266,0.837034817793013,0.20842105263157892,-0.5897435897435894,16.772626443,3.5934505462646484,0,99.10724639892578
20.400000000000002,0.36294207097386266,0.837034817793013,0.20842105263157892,-0.5897435897435894,16.772626443,3.5934505462646484,0,99.10724639892578
20.400000000000002,0.3668625752267576,0.843449564194986,0.20842105263157892,-0.5897435897435894,16.671486545,3.5934505462646484,0,99.10724639892578
20.400000000000002,0.3668625752267576,0.843449564194986,0.20842105263157892,-0.5897435897435894,16.671486545,3.5934505462646484,0,99.10724639892578
20.400000000000002,0.3668625752267576,0.843449564194986,0.20842105263157892,-0.5897435897435894,16.671486545,3.5934505462646484,0,99.10724639892578
20.400000000000002,0.3668625752267576,0.843449564194986,0.20842105263157892,-0.5897435897435894,16.671486545,3.5934505462646484,0,99.10724639892578
20.5,0.3706963356648014,0.8494554748882448,0.20842105263157892,-0.5897435897435894,16.667642198,3.5934505462646484,0,99.00321960449219
20.5,0.3706963356648014,0.8494554748882448,0.20842105263157892,-0.5897435897435894,16.667642198,3.5934505462646484,0,99.00321960449219
20.5,0.3706963356648014,0.8494554748882448,0.20842105263157892,-0.5897435897435894,16.667642198,3.5934505462646484,0,99.00321960449219
20.5,0.3746494542665184,0.8553837469694151,0.21999999999999997,-0.6410256410256407,16.756040728,3.5934505462646484,0,99.00321960449219
20.5,0.3746494542665184,0.8553837469694151,0.21999999999999997,-0.6410256410256407,16.756040728,3.5934505462646484,0,99.00321960449219
20.5,0.3746494542665184,0.8553837469694151,0.21999999999999997,-0.6410256410256407,16.756040728,3.5934505462646484,0,99.00321960449219
20.5,0.3746494542665184,0.8553837469694151,0.21999999999999997,-0.6410256410256407,16.756040728,3.5934505462646484,0,99.00321960449219
20.5,0.3787218760189248,0.8612312525756254,0.21999999999999997,-0.6410256410256407,16.75256586,3.5934505462646484,0,99.00321960449219
20.5,0.3787218760189248,0.8612312525756254,0.20842105263157892,-0.5897435897435894,16.75256586,3.5934505462646484,0,99.00321960449219
20.5,0.3787218760189248,0.8612312525756254,0.20842105263157892,-0.5897435897435894,16.75256586,3.5934505462646484,0,99.00321960449219
20.6,0.3831456227733616,0.8673147997634146,0.20842105263157892,-0.5897435897435894,16.327810031,3.5227396488189697,0,99.00321960449219
20.6,0.3831456227733616,0.8673147997634146,0.20842105263157892,-0.5897435897435894,16.327810031,3.5227396488189697,0,99.00321960449219
20.6,0.3831456227733616,0.8673147997634146,0.20842105263157892,-0.5897435897435894,16.327810031,3.5227396488189697,0,99.00321960449219
20.6,0.3831456227733616,0.8673147997634146,0.20842105263157892,-0.5897435897435894,16.327810031,3.5227396488189697,0,99.00321960449219
20.6,0.3874592276481419,0.8729890848312094,0.20842105263157892,-0.5897435897435894,16.325178267,3.5227396488189697,0,99.00321960449219
20.6,0.3874592276481419,0.8729890848312094,0.20842105263157892,-0.5897435897435894,16.325178267,3.5227396488189697,0,99.00321960449219
20.6,0.3874592276481419,0.8729890848312094,0.20842105263157892,-0.5897435897435894,16.325178267,3.5227396488189697,0,99.00321960449219
20.6,0.3874592276481419,0.8729890848312094,0.20842105263157892,-0.5897435897435894,16.325178267,3.5227396488189697,0,99.00321960449219
20.6,0.39188846775240793,0.8785716899146123,0.20842105263157892,-0.5897435897435894,16.421139711,3.5227396488189697,0,99.00321960449219
20.6,0.39188846775240793,0.8785716899146123,0.20842105263157892,-0.5897435897435894,16.421139711,3.5227396488189697,0,99.00321960449219
20.6,0.39188846775240793,0.8785716899146123,0.20842105263157892,-0.5897435897435894,16.421139711,3.5227396488189697,0,99.00321960449219
20.700000000000003,0.39654143133549535,0.8844772590327483,0.20842105263157892,-0.5897435897435894,16.421139711,3.5227396488189697,0,99.00321960449219
20.700000000000003,0.39654143133549535,0.8844772590327483,0.20842105263157892,-0.5897435897435894,16.526323156,3.5227396488189697,0,99.00321960449219
20.700000000000003,0.39654143133549535,0.8844772590327483,0.20842105263157892,-0.5897435897435894,16.526323156,3.5227396488189697,0,99.00321960449219
20.700000000000003,0.39654143133549535,0.8844772590327483,0.19684210526315787,-0.5897435897435894,16.526323156,3.5227396488189697,0,99.00321960449219
20.700000000000003,0.39654143133549535,0.8844772590327483,0.19684210526315787,-0.5897435897435894,16.526323156,3.5227396488189697,0,99.00321960449219
20.700000000000003,0.40171874643403993,0.8916319610699595,0.19684210526315787,-0.5897435897435894,16.6350994,3.5227396488189697,0,99.00321960449219
20.700000000000003,0.40171874643403993,0.8916319610699595,0.19684210526315787,-0.5897435897435894,16.6350994,3.5227396488189697,0,99.00321960449219
20.700000000000003,0.40171874643403993,0.8916319610699595,0.19684210526315787,-0.5897435897435894,16.6350994,3.5227396488189697,0,99.00321960449219
20.700000000000003,0.40171874643403993,0.8916319610699595,0.19684210526315787,-0.5897435897435894,16.6350994,3.5227396488189697,0,99.00321960449219
20.700000000000003,0.4067398386991856,0.8983745168267577,0.19684210526315787,-0.5897435897435894,16.839646326,3.5227396488189697,0,99.00321960449219
20.700000000000003,0.4067398386991856,0.8983745168267577,0.19684210526315787,-0.5897435897435894,16.839646326,3.5227396488189697,0,99.00321960449219
20.700000000000003,0.4067398386991856,0.8983745168267577,0.19684210526315787,-0.5897435897435894,16.839646326,3.5227396488189697,0,99.00321960449219
20.700000000000003,0.4067398386991856,0.8983745168267577,0.21999999999999997,-0.5897435897435894,16.839646326,3.5227396488189697,0,99.00321960449219
20.8,0.41188230848547214,0.9050202865324141,0.21999999999999997,-0.5897435897435894,16.951859371,3.5227396488189697,0,99.00321960449219
20.8,0.41188230848547214,0.9050202865324141,0.21999999999999997,-0.5897435897435894,16.951859371,3.5227396488189697,0,99.00321960449219
20.8,0.41188230848547214,0.9050202865324141,0.21999999999999997,-0.5897435897435894,16.951859371,3.5227396488189697,0,99.00321960449219
20.8,0.41188230848547214,0.9050202865324141,0.21999999999999997,-0.5897435897435894,16.951859371,3.5227396488189697,0,99.00321960449219
20.8,0.41188230848547214,0.9050202865324141,0.21999999999999997,-0.5897435897435894,16.951859371,3.5227396488189697,0,99.00321960449219
20.8,0.41188230848547214,0.9050202865324141,0.21999999999999997,-0.5897435897435894,16.951859371,3.5227396488189697,0,99.00321960449219
20.8,0.4177008613546649,0.9121338858243953,0.21999999999999997,-0.5897435897435894,16.615668104,3.4727396965026855,0,99.00321960449219
20.8,0.4177008613546649,0.9121338858243953,0.21999999999999997,-0.5897435897435894,16.615668104,3.4727396965026855,0,99.00321960449219
20.8,0.4177008613546649,0.9121338858243953,0.21999999999999997,-0.5897435897435894,16.615668104,3.4727396965026855,0,99.00321960449219
20.8,0.4177008613546649,0.9121338858243953,0.20842105263157892,-0.5384615384615381,16.615668104,3.4727396965026855,0,99.00321960449219
20.8,0.4236332820012547,0.9191215681466064,0.20842105263157892,-0.5384615384615381,16.525421179,3.4727396965026855,0,99.00321960449219
20.8,0.4236332820012547,0.9191215681466064,0.20842105263157892,-0.5384615384615381,16.525421179,3.4727396965026855,0,99.00321960449219
20.900000000000002,0.4236332820012547,0.9191215681466064,0.20842105263157892,-0.5384615384615381,16.524347017,3.4725139141082764,0,99.00321960449219
20.900000000000002,0.42915797834055036,0.9250759299939895,0.20842105263157892,-0.5384615384615381,16.615806799,3.4725139141082764,0,99.00321960449219
20.900000000000002,0.42915797834055036,0.9250759299939895,0.20842105263157892,-0.5384615384615381,16.615806799,3.4725139141082764,0,99.00321960449219
20.900000000000002,0.42915797834055036,0.9250759299939895,0.20842105263157892,-0.5384615384615381,16.615806799,3.4725139141082764,0,99.00321960449219
20.900000000000002,0.42915797834055036,0.9250759299939895,0.20842105263157892,-0.5384615384615381,16.615806799,3.4725139141082764,0,99.00321960449219
20.900000000000002,0.42915797834055036,0.9250759299939895,0.20842105263157892,-0.5384615384615381,16.615806799,3.4725139141082764,0,99.00321960449219
20.900000000000002,0.42915797834055036,0.9250759299939895,0.20842105263157892,-0.5384615384615381,16.615806799,3.4725139141082764,0,99.00321960449219
20.900000000000002,0.4344168059363944,0.9297938746965948,0.20842105263157892,-0.5384615384615381,16.621346876,3.4725139141082764,0,99.00321960449219
20.900000000000002,0.4344168059363944,0.9297938746965948,0.19684210526315787,-0.5384615384615381,16.621346876,3.4725139141082764,0,99.00321960449219
20.900000000000002,0.4344168059363944,0.9297938746965948,0.19684210526315787,-0.5384615384615381,16.621346876,3.4725139141082764,0,99.00321960449219
20.900000000000002,0.43977061109989446,0.934409011082622,0.19684210526315787,-0.5384615384615381,16.621346876,3.4725139141082764,0,99.00321960449219
20.900000000000002,0.43977061109989446,0.934409011082622,0.19684210526315787,-0.5384615384615381,16.621346876,3.4725139141082764,0,99.00321960449219
20.900000000000002,0.43977061109989446,0.934409011082622,0.19684210526315787,-0.5384615384615381,16.621346876,3.4725139141082764,0,99.00321960449219
20.900000000000002,0.43977061109989446,0.934409011082622,0.19684210526315787,-0.5384615384615381,16.637618208,3.4725139141082764,0,99.00321960449219
20.900000000000002,0.43977061109989446,0.934409011082622,0.19684210526315787,-0.5384615384615381,16.637618208,3.4725139141082764,0,99.00321960449219
21.0,0.43977061109989446,0.934409011082622,0.19684210526315787,-0.5384615384615381,16.637618208,3.4725139141082764,0,99.00321960449219
21.0,0.43977061109989446,0.934409011082622,0.19684210526315787,-0.5384615384615381,16.637618208,3.4725139141082764,0,98.89373016357422
21.0,0.44489833919845845,0.9386648633612331,0.19684210526315787,-0.5384615384615381,16.496963662,3.422513961791992,0,98.89373016357422
21.0,0.44489833919845845,0.9386648633612331,0.19684210526315787,-0.5384615384615381,16.496963662,3.422513961791992,0,98.89373016357422
21.0,0.44489833919845845,0.9386648633612331,0.19684210526315787,-0.5384615384615381,16.496963662,3.422513961791992,0,98.89373016357422
21.0,0.45010394167918255,0.9428196511127476,0.19684210526315787,-0.5384615384615381,16.595514881,3.422513961791992,0,98.89373016357422
21.0,0.45010394167918255,0.9428196511127476,0.19684210526315787,-0.5384615384615381,16.595514881,3.422513961791992,0,98.89373016357422
21.0,0.45010394167918255,0.9428196511127476,0.19684210526315787,-0.5384615384615381,16.595514881,3.422513961791992,0,98.89373016357422
21.0,0.45010394167918255,0.9428196511127476,0.19684210526315787,-0.5384615384615381,16.595514881,3.422513961791992,0,98.89373016357422
21.0,0.45010394167918255,0.9428196511127476,0.19684210526315787,-0.5384615384615381,16.595514881,3.422513961791992,0,98.89373016357422
21.0,0.45540191613879144,0.9468827719425975,0.19684210526315787,-0.5384615384615381,16.59727213,3.422513961791992,0,98.89373016357422
21.0,0.45540191613879144,0.9468827719425975,0.19684210526315787,-0.5384615384615381,16.59727213,3.422513961791992,0,98.89373016357422
21.0,0.45540191613879144,0.9468827719425975,0.20842105263157892,-0.48717948717948684,16.59727213,3.422513961791992,0,98.89373016357422
21.0,0.45540191613879144,0.9468827719425975,0.20842105263157892,-0.48717948717948684,16.59727213,3.422513961791992,0,98.89373016357422
21.1,0.45540191613879144,0.9468827719425975,0.20842105263157892,-0.48717948717948684,16.59727213,3.422513961791992,0,98.89373016357422
21.1,0.46159343089255866,0.9527158376104653,0.20842105263157892,-0.48717948717948684,16.59727213,3.422513961791992,0,98.89373016357422
21.1,0.46159343089255866,0.9527158376104653,0.20842105263157892,-0.48717948717948684,16.589729005,3.422513961791992,0,98.89373016357422
21.1,0.46159343089255866,0.9527158376104653,0.20842105263157892,-0.48717948717948684,16.589729005,3.422513961791992,0,98.89373016357422
21.1,0.46159343089255866,0.9527158376104653,0.20842105263157892,-0.48717948717948684,16.589729005,3.422513961791992,0,98.89373016357422
21.1,0.46159343089255866,0.9527158376104653,0.20842105263157892,-0.48717948717948684,16.589729005,3.422513961791992,0,98.89373016357422
21.1,0.46909369496415776,0.960742952408546,0.20842105263157892,-0.48717948717948684,16.684562146,3.422513961791992,0,98.89373016357422
21.1,0.46909369496415776,0.960742952408546,0.20842105263157892,-0.48717948717948684,16.684562146,3.422513961791992,0,98.89373016357422
21.1,0.46909369496415776,0.960742952408546,0.20842105263157892,-0.48717948717948684,16.684562146,3.422513961791992,0,98.89373016357422
21.1,0.46909369496415776,0.960742952408546,0.20842105263157892,-0.48717948717948684,16.684562146,3.422513961791992,0,98.89373016357422
21.1,0.4766763908256333,0.9686539081675569,0.20842105263157892,-0.48717948717948684,16.781301299,3.422513961791992,0,98.89373016357422
21.1,0.4766763908256333,0.9686539081675569,0.20842105263157892,-0.48717948717948684,16.781301299,3.422513961791992,0,98.89373016357422
21.200000000000003,0.4766763908256333,0.9686539081675569,0.20842105263157892,-0.48717948717948684,16.781301299,3.422513961791992,0,98.89373016357422
21.200000000000003,0.4766763908256333,0.9686539081675569,0.20842105263157892,-0.48717948717948684,16.781301299,3.422513961791992,0,98.89373016357422
21.200000000000003,0.4766763908256333,0.9686539081675569,0.20842105263157892,-0.48717948717948684,16.781301299,3.422513961791992,0,98.89373016357422
21.200000000000003,0.4843389605616588,0.9764498850980143,0.20842105263157892,-0.48717948717948684,16.790780019,3.422513961791992,0,98.89373016357422
21.200000000000003,0.4843389605616588,0.9764498850980143,0.20842105263157892,-0.48717948717948684,16.790780019,3.422513961791992,0,98.89373016357422
21.200000000000003,0.4843389605616588,0.9764498850980143,0.20842105263157892,-0.48717948717948684,16.790780019,3.422513961791992,0,98.89373016357422
21.200000000000003,0.4843389605616588,0.9764498850980143,0.19684210526315787,-0.5897435897435894,16.790780019,3.422513961791992,0,98.89373016357422
21.200000000000003,0.4920833963800504,0.9841241839849499,0.19684210526315787,-0.5897435897435894,16.786813972,3.422513961791992,0,98.89373016357422
21.200000000000003,0.4920833963800504,0.9841241839849499,0.19684210526315787,-0.5897435897435894,16.338408702,3.331092596054077,0,98.89373016357422
21.200000000000003,0.4920833963800504,0.9841241839849499,0.19684210526315787,-0.5897435897435894,16.338408702,3.331092596054077,0,98.89373016357422
21.200000000000003,0.4920833963800504,0.9841241839849499,0.19684210526315787,-0.5897435897435894,16.338408702,3.331092596054077,0,98.89373016357422
21.200000000000003,0.4920833963800504,0.9841241839849499,0.19684210526315787,-0.5897435897435894,16.338408702,3.331092596054077,0,98.89373016357422
21.200000000000003,0.4920833963800504,0.9841241839849499,0.19684210526315787,-0.5897435897435894,16.338408702,3.331092596054077,0,98.89373016357422
21.200000000000003,0.49957803594578376,0.9914725471829873,0.19684210526315787,-0.5897435897435894,16.432159677,3.331092596054077,0,98.89373016357422
21.200000000000003,0.49957803594578376,0.9914725471829873,0.19684210526315787,-0.5897435897435894,16.432159677,3.331092596054077,0,98.89373016357422
21.200000000000003,0.49957803594578376,0.9914725471829873,0.19684210526315787,-0.5897435897435894,16.432159677,3.331092596054077,0,98.89373016357422
21.3,0.49957803594578376,0.9914725471829873,0.19684210526315787,-0.5897435897435894,16.432159677,3.331092596054077,0,98.89373016357422
21.3,0.5061318281496432,0.9964158611146989,0.21999999999999997,-0.5897435897435894,16.424630053,3.331092596054077,0,98.89373016357422
21.3,0.5061318281496432,0.9964158611146989,0.21999999999999997,-0.5897435897435894,16.424630053,3.331092596054077,0,98.89373016357422
21.3,0.5061318281496432,0.9964158611146989,0.21999999999999997,-0.5897435897435894,16.424630053,3.331092596054077,0,98.89373016357422
21.3,0.5061318281496432,0.9964158611146989,0.21999999999999997,-0.5897435897435894,16.424630053,3.331092596054077,0,98.89373016357422
21.3,0.5127311961703014,1.0000184142793018,0.21999999999999997,-0.5897435897435894,16.424630053,3.331092596054077,0,98.89373016357422
21.3,0.5127311961703014,1.0000184142793018,0.21999999999999997,-0.5897435897435894,16.424630053,3.331092596054077,0,98.89373016357422
21.3,0.5127311961703014,1.0000184142793018,0.21999999999999997,-0.5897435897435894,16.21100719,3.331092596054077,0,98.89373016357422
21.3,0.5127311961703014,1.0000184142793018,0.21999999999999997,-0.5897435897435894,16.21100719,3.331092596054077,0,98.89373016357422
21.3,0.5127311961703014,1.0000184142793018,0.21999999999999997,-0.5897435897435894,16.21100719,3.331092596054077,0,98.89373016357422
21.3,0.5127311961703014,1.0000184142793018,0.20842105263157892,-0.5897435897435894,16.21100719,3.331092596054077,0,98.89373016357422
21.3,0.5194000453538776,1.0034912158830798,0.20842105263157892,-0.5897435897435894,16.008058339,3.331092596054077,0,98.89373016357422
21.3,0.5194000453538776,1.0034912158830798,0.20842105263157892,-0.5897435897435894,16.008058339,3.331092596054077,0,98.89373016357422
21.400000000000002,0.5194000453538776,1.0034912158830798,0.20842105263157892,-0.5897435897435894,16.008058339,3.331092596054077,0,98.89373016357422
21.400000000000002,0.5194000453538776,1.0034912158830798,0.20842105263157892,-0.5897435897435894,16.008058339,3.331092596054077,0,98.89373016357422
21.400000000000002,0.5257844292547762,1.0066600357810547,0.20842105263157892,-0.5897435897435894,15.910507989,3.331092596054077,0,98.89373016357422
21.400000000000002,0.5257844292547762,1.0066600357810547,0.20842105263157892,-0.5897435897435894,15.910507989,3.331092596054077,0,98.89373016357422
21.400000000000002,0.5257844292547762,1.0066600357810547,0.20842105263157892,-0.5897435897435894,15.910507989,3.331092596054077,0,98.89373016357422
21.400000000000002,0.5257844292547762,1.0066600357810547,0.20842105263157892,-0.5897435897435894,15.910507989,3.331092596054077,0,98.89373016357422
21.400000000000002,0.5257844292547762,1.0066600357810547,0.20842105263157892,-0.5897435897435894,15.910507989,3.331092596054077,0,98.89373016357422
21.400000000000002,0.5322323242970208,1.0096973935669453,0.19684210526315787,-0.5384615384615381,15.911887915,3.331092596054077,0,98.89373016357422
21.400000000000002,0.5322323242970208,1.0096973935669453,0.19684210526315787,-0.5384615384615381,15.911887915,3.331092596054077,0,98.89373016357422
21.400000000000002,0.5322323242970208,1.0096973935669453,0.19684210526315787,-0.5384615384615381,15.911887915,3.331092596054077,0,98.89373016357422
21.400000000000002,0.5322323242970208,1.0096973935669453,0.19684210526315787,-0.5384615384615381,15.911887915,3.331092596054077,0,98.89373016357422
21.400000000000002,0.5322323242970208,1.0096973935669453,0.19684210526315787,-0.5384615384615381,15.911887915,3.331092596054077,0,98.89373016357422
21.400000000000002,0.538740929113126,1.0126037784587485,0.19684210526315787,-0.5384615384615381,15.910929776,3.331092596054077,0,98.89373016357422
21.400000000000002,0.538740929113126,1.0126037784587485,0.19684210526315787,-0.5384615384615381,15.910929776,3.331092596054077,0,98.89373016357422
21.5,0.538740929113126,1.0126037784587485,0.19684210526315787,-0.5384615384615381,15.910929776,3.331092596054077,0,98.76759338378906
21.5,0.538740929113126,1.0126037784587485,0.19684210526315787,-0.5384615384615381,15.910929776,3.331092596054077,0,98.76759338378906
21.5,0.5441672906636466,1.014040198341845,0.21999999999999997,-0.43589743589743557,15.768007882,3.281092643737793,0,98.76759338378906
21.5,0.5441672906636466,1.014040198341845,0.21999999999999997,-0.43589743589743557,15.768007882,3.281092643737793,0,98.76759338378906
21.5,0.5441672906636466,1.014040198341845,0.21999999999999997,-0.43589743589743557,15.768007882,3.281092643737793,0,98.76759338378906
21.5,0.5493822398998987,1.0149006539015772,0.21999999999999997,-0.43589743589743557,15.866089096,3.281092643737793,0,98.76759338378906
21.5,0.5493822398998987,1.0149006539015772,0.21999999999999997,-0.43589743589743557,15.866089096,3.281092643737793,0,98.76759338378906
21.5,0.5493822398998987,1.0149006539015772,0.21999999999999997,-0.43589743589743557,15.866089096,3.281092643737793,0,98.76759338378906
21.5,0.5493822398998987,1.0149006539015772,0.21999999999999997,-0.43589743589743557,15.866089096,3.281092643737793,0,98.76759338378906
21.5,0.5493822398998987,1.0149006539015772,0.21999999999999997,-0.43589743589743557,15.866089096,3.281092643737793,0,98.76759338378906
21.5,0.5493822398998987,1.0149006539015772,0.21999999999999997,-0.43589743589743557,15.866089096,3.281092643737793,0,98.76759338378906
21.5,0.5553978127223167,1.015885199967502,0.21999999999999997,-0.43589743589743557,15.667502937,3.281092643737793,0,98.76759338378906
21.6,0.5553978127223167,1.015885199967502,0.20842105263157892,-0.48717948717948684,15.667502937,3.281092643737793,0,98.76759338378906
21.6,0.5553978127223167,1.015885199967502,0.20842105263157892,-0.48717948717948684,15.667502937,3.281092643737793,0,98.76759338378906
21.6,0.5614756005170336,1.0167186636695484,0.20842105263157892,-0.48717948717948684,15.478869447,3.281092643737793,0,98.76759338378906
21.6,0.5614756005170336,1.0167186636695484,0.20842105263157892,-0.48717948717948684,15.478869447,3.281092643737793,0,98.76759338378906
21.6,0.5614756005170336,1.0167186636695484,0.20842105263157892,-0.48717948717948684,15.591259405,3.3049161434173584,0,98.76759338378906
21.6,0.5614756005170336,1.0167186636695484,0.20842105263157892,-0.48717948717948684,15.591259405,3.3049161434173584,0,98.76759338378906
21.6,0.5614756005170336,1.0167186636695484,0.20842105263157892,-0.48717948717948684,15.591259405,3.3049161434173584,0,98.76759338378906
21.6,0.5672450429291318,1.017284928863035,0.20842105263157892,-0.48717948717948684,15.690967802,3.3049161434173584,0,98.76759338378906
21.6,0.5672450429291318,1.017284928863035,0.20842105263157892,-0.48717948717948684,15.690967802,3.3049161434173584,0,98.76759338378906
21.6,0.5672450429291318,1.017284928863035,0.19684210526315787,-0.43589743589743557,15.690967802,3.3049161434173584,0,98.76759338378906
21.6,0.5672450429291318,1.017284928863035,0.19684210526315787,-0.43589743589743557,15.690967802,3.3049161434173584,0,98.76759338378906
21.700000000000003,0.5730601881429,1.0176874553705346,0.19684210526315787,-0.43589743589743557,15.792156537,3.3049161434173584,0,98.76759338378906
21.700000000000003,0.5730601881429,1.0176874553705346,0.19684210526315787,-0.43589743589743557,15.792156537,3.3049161434173584,0,98.76759338378906
21.700000000000003,0.5730601881429,1.0176874553705346,0.19684210526315787,-0.43589743589743557,15.792156537,3.3049161434173584,0,98.76759338378906
21.700000000000003,0.5792471963837738,1.0192456978464344,0.19684210526315787,-0.43589743589743557,15.871922725,3.3049161434173584,0,98.76759338378906
21.700000000000003,0.5792471963837738,1.0192456978464344,0.19684210526315787,-0.43589743589743557,15.871922725,3.3049161434173584,0,98.76759338378906
21.700000000000003,0.5792471963837738,1.0192456978464344,0.19684210526315787,-0.43589743589743557,15.871922725,3.3049161434173584,0,98.76759338378906
21.700000000000003,0.5792471963837738,1.0192456978464344,0.19684210526315787,-0.43589743589743557,15.871922725,3.3049161434173584,0,98.76759338378906
21.700000000000003,0.5792471963837738,1.0192456978464344,0.19684210526315787,-0.43589743589743557,15.871922725,3.3049161434173584,0,98.76759338378906
21.700000000000003,0.5856820977330099,1.021022563200704,0.21999999999999997,-0.28205128205128177,15.983328645,3.3049161434173584,0,98.76759338378906
21.700000000000003,0.5856820977330099,1.021022563200704,0.21999999999999997,-0.28205128205128177,15.983328645,3.3049161434173584,0,98.76759338378906
21.700000000000003,0.5856820977330099,1.021022563200704,0.21999999999999997,-0.28205128205128177,15.983328645,3.3049161434173584,0,98.76759338378906
21.700000000000003,0.5856820977330099,1.021022563200704,0.21999999999999997,-0.28205128205128177,15.983328645,3.3049161434173584,0,98.76759338378906
21.700000000000003,0.5921475649581498,1.0227019952736416,0.21999999999999997,-0.28205128205128177,15.848286561,3.254916191101074,0,98.76759338378906
21.8,0.5921475649581498,1.0227019952736416,0.21999999999999997,-0.28205128205128177,15.848286561,3.254916191101074,0,98.76759338378906
21.8,0.5921475649581498,1.0227019952736416,0.21999999999999997,-0.28205128205128177,15.848286561,3.254916191101074,0,98.76759338378906
21.8,0.5921475649581498,1.0227019952736416,0.21999999999999997,-0.28205128205128177,15.848286561,3.254916191101074,0,98.76759338378906
21.8,0.5993038823688179,1.02444801081454,0.21999999999999997,-0.28205128205128177,15.612308425,3.254916191101074,0,98.76759338378906
21.8,0.5993038823688179,1.02444801081454,0.21999999999999997,-0.28205128205128177,15.612308425,3.254916191101074,0,98.76759338378906
21.8,0.5993038823688179,1.02444801081454,0.20842105263157892,-0.2307692307692305,15.612308425,3.254916191101074,0,98.76759338378906
21.8,0.5993038823688179,1.02444801081454,0.20842105263157892,-0.2307692307692305,15.612308425,3.254916191101074,0,98.76759338378906
21.8,0.6065965312438606,1.0261410363710834,0.20842105263157892,-0.2307692307692305,15.432180096,3.254916191101074,0,98.76759338378906
21.8,0.6065965312438606,1.0261410363710834,0.20842105263157892,-0.2307692307692305,15.432180096,3.254916191101074,0,98.76759338378906
21.8,0.6065965312438606,1.0261410363710834,0.20842105263157892,-0.2307692307692305,15.432180096,3.254916191101074,0,98.76759338378906
21.8,0.6065965312438606,1.0261410363710834,0.20842105263157892,-0.2307692307692305,15.432180096,3.254916191101074,0,98.76759338378906
21.8,0.6134903549075705,1.0276910789369473,0.20842105263157892,-0.2307692307692305,15.432180096,3.254916191101074,0,98.76759338378906
21.8,0.6134903549075705,1.0276910789369473,0.20842105263157892,-0.2307692307692305,15.544652718,3.254916191101074,0,98.76759338378906
21.900000000000002,0.6134903549075705,1.0276910789369473,0.20842105263157892,-0.2307692307692305,15.544652718,3.254916191101074,0,98.76759338378906
21.900000000000002,0.6134903549075705,1.0276910789369473,0.20842105263157892,-0.2307692307692305,15.544652718,3.254916191101074,0,98.76759338378906
21.900000000000002,0.6134903549075705,1.0276910789369473,0.19684210526315787,-0.2307692307692305,15.544652718,3.254916191101074,0,98.76759338378906
21.900000000000002,0.6195772733151539,1.0307390435319639,0.19684210526315787,-0.2307692307692305,15.641147256,3.254916191101074,0,98.76759338378906
21.900000000000002,0.6195772733151539,1.0307390435319639,0.19684210526315787,-0.2307692307692305,15.641147256,3.254916191101074,0,98.76759338378906
21.900000000000002,0.6195772733151539,1.0307390435319639,0.19684210526315787,-0.2307692307692305,15.641147256,3.254916191101074,0,98.76759338378906
21.900000000000002,0.6195772733151539,1.0307390435319639,0.19684210526315787,-0.2307692307692305,15.641147256,3.254916191101074,0,98.76759338378906
21.900000000000002,0.625219719997181,1.0337539311822521,0.19684210526315787,-0.2307692307692305,15.746250647,3.254916191101074,0,98.76759338378906
21.900000000000002,0.625219719997181,1.0337539311822521,0.19684210526315787,-0.2307692307692305,15.746250647,3.254916191101074,0,98.76759338378906
21.900000000000002,0.625219719997181,1.0337539311822521,0.19684210526315787,-0.2307692307692305,15.746250647,3.254916191101074,0,98.76759338378906
21.900000000000002,0.6308921159207135,1.0367331330239238,0.19684210526315787,-0.2307692307692305,15.843918621,3.254916191101074,0,98.76759338378906
22.0,0.6308921159207135,1.0367331330239238,0.19684210526315787,-0.2307692307692305,15.843918621,3.254916191101074,0,98.6723403930664
22.0,0.6308921159207135,1.0367331330239238,0.21999999999999997,-0.2307692307692305,15.843918621,3.254916191101074,0,98.6723403930664
22.0,0.6308921159207135,1.0367331330239238,0.21999999999999997,-0.2307692307692305,15.843918621,3.254916191101074,0,98.6723403930664
22.0,0.6365730084926482,1.039671737745887,0.21999999999999997,-0.2307692307692305,15.865648074,3.254916191101074,0,98.6723403930664
22.0,0.6365730084926482,1.039671737745887,0.21999999999999997,-0.2307692307692305,15.865648074,3.254916191101074,0,98.6723403930664
22.0,0.6365730084926482,1.039671737745887,0.21999999999999997,-0.2307692307692305,15.865648074,3.254916191101074,0,98.6723403930664
22.0,0.6365730084926482,1.039671737745887,0.21999999999999997,-0.2307692307692305,15.865648074,3.254916191101074,0,98.6723403930664
22.0,0.6430134650481354,1.0427083698485804,0.21999999999999997,-0.2307692307692305,15.431698781,3.20491623878479,0,98.6723403930664
22.0,0.6430134650481354,1.0427083698485804,0.21999999999999997,-0.2307692307692305,15.431698781,3.20491623878479,0,98.6723403930664
22.0,0.6430134650481354,1.0427083698485804,0.21999999999999997,-0.2307692307692305,15.431698781,3.20491623878479,0,98.6723403930664
22.0,0.6430134650481354,1.0427083698485804,0.21999999999999997,-0.2307692307692305,15.431698781,3.20491623878479,0,98.6723403930664
22.0,0.6495118170183534,1.0456520895666719,0.20842105263157892,-0.2307692307692305,15.243051672,3.20491623878479,0,98.6723403930664
22.0,0.6495118170183534,1.0456520895666719,0.20842105263157892,-0.2307692307692305,15.243051672,3.20491623878479,0,98.6723403930664
22.1,0.6495118170183534,1.0456520895666719,0.20842105263157892,-0.2307692307692305,15.243051672,3.20491623878479,0,98.6723403930664
22.1,0.6495118170183534,1.0456520895666719,0.20842105263157892,-0.2307692307692305,15.243051672,3.20491623878479,0,98.6723403930664
22.1,0.6495118170183534,1.0456520895666719,0.20842105263157892,-0.2307692307692305,15.243051672,3.20491623878479,0,98.6723403930664
22.1,0.6564892991415989,1.0468437575974296,0.20842105263157892,-0.2307692307692305,15.388361342,3.20491623878479,0,98.6723403930664
22.1,0.6564892991415989,1.0468437575974296,0.20842105263157892,-0.2307692307692305,15.388361342,3.20491623878479,0,98.6723403930664
22.1,0.6564892991415989,1.0468437575974296,0.20842105263157892,-0.2307692307692305,15.388361342,3.20491623878479,0,98.6723403930664
22.1,0.6634978682129968,1.047983492504433,0.20842105263157892,-0.2307692307692305,15.388361342,3.20491623878479,0,98.6723403930664
22.1,0.6634978682129968,1.047983492504433,0.20842105263157892,-0.2307692307692305,15.480573328,3.20491623878479,0,98.6723403930664
22.1,0.6634978682129968,1.047983492504433,0.19684210526315787,-0.2307692307692305,15.480573328,3.20491623878479,0,98.6723403930664
22.1,0.6634978682129968,1.047983492504433,0.19684210526315787,-0.2307692307692305,15.480573328,3.20491623878479,0,98.6723403930664
22.200000000000003,0.670515777623605,1.0490675726939875,0.19684210526315787,-0.2307692307692305,15.468379457,3.20491623878479,0,98.6723403930664
22.200000000000003,0.670515777623605,1.0490675726939875,0.19684210526315787,-0.2307692307692305,15.468379457,3.20491623878479,0,98.6723403930664
22.200000000000003,0.670515777623605,1.0490675726939875,0.19684210526315787,-0.2307692307692305,15.468379457,3.20491623878479,0,98.6723403930664
22.200000000000003,0.670515777623605,1.0490675726939875,0.19684210526315787,-0.2307692307692305,15.468379457,3.20491623878479,0,98.6723403930664
22.200000000000003,0.6771328786043651,1.050037271191742,0.19684210526315787,-0.2307692307692305,15.570938535,3.20491623878479,0,98.6723403930664
22.200000000000003,0.6771328786043651,1.050037271191742,0.19684210526315787,-0.2307692307692305,15.570938535,3.20491623878479,0,98.6723403930664
22.200000000000003,0.6771328786043651,1.050037271191742,0.19684210526315787,-0.2307692307692305,15.570938535,3.20491623878479,0,98.6723403930664
22.200000000000003,0.6771328786043651,1.050037271191742,0.19684210526315787,-0.2307692307692305,15.570938535,3.20491623878479,0,98.6723403930664
22.200000000000003,0.6837791751117686,1.0509563951922296,0.21999999999999997,-0.17948717948717924,15.563437602,3.20491623878479,0,98.6723403930664
22.200000000000003,0.6837791751117686,1.0509563951922296,0.21999999999999997,-0.17948717948717924,15.563437602,3.20491623878479,0,98.6723403930664
22.200000000000003,0.6837791751117686,1.0509563951922296,0.21999999999999997,-0.17948717948717924,15.563437602,3.20491623878479,0,98.6723403930664
22.200000000000003,0.6837791751117686,1.0509563951922296,0.21999999999999997,-0.17948717948717924,15.563437602,3.20491623878479,0,98.6723403930664
22.3,0.6901817803637436,1.0518313016491423,0.21999999999999997,-0.17948717948717924,15.320319836,3.154916286468506,0,98.6723403930664
22.3,0.6901817803637436,1.0518313016491423,0.21999999999999997,-0.17948717948717924,15.320319836,3.154916286468506,0,98.6723403930664
22.3,0.6901817803637436,1.0518313016491423,0.21999999999999997,-0.17948717948717924,15.320319836,3.154916286468506,0,98.6723403930664
22.3,0.6958913422847772,1.0528179665466295,0.21999999999999997,-0.17948717948717924,15.14227753,3.154916286468506,0,98.6723403930664
22.3,0.6958913422847772,1.0528179665466295,0.21999999999999997,-0.17948717948717924,15.14227753,3.154916286468506,0,98.6723403930664
22.3,0.6958913422847772,1.0528179665466295,0.21999999999999997,-0.17948717948717924,15.14227753,3.154916286468506,0,98.6723403930664
22.3,0.6958913422847772,1.0528179665466295,0.20842105263157892,-0.17948717948717924,15.14227753,3.154916286468506,0,98.6723403930664
22.3,0.7016296852028814,1.0537889019902875,0.20842105263157892,-0.17948717948717924,15.137991235,3.154916286468506,0,98.6723403930664
22.3,0.7016296852028814,1.0537889019902875,0.20842105263157892,-0.17948717948717924,15.137991235,3.154916286468506,0,98.6723403930664
22.3,0.7016296852028814,1.0537889019902875,0.20842105263157892,-0.17948717948717924,15.137991235,3.154916286468506,0,98.6723403930664
22.3,0.7016296852028814,1.0537889019902875,0.20842105263157892,-0.17948717948717924,15.137991235,3.154916286468506,0,98.6723403930664
22.3,0.7016296852028814,1.0537889019902875,0.20842105263157892,-0.17948717948717924,15.137991235,3.154916286468506,0,98.6723403930664
22.400000000000002,0.7069642395491256,1.0546973297160138,0.20842105263157892,-0.17948717948717924,15.234953007,3.154916286468506,0,98.6723403930664
22.400000000000002,0.7069642395491256,1.0546973297160138,0.20842105263157892,-0.17948717948717924,15.234953007,3.154916286468506,0,98.6723403930664
22.400000000000002,0.7069642395491256,1.0546973297160138,0.20842105263157892,-0.17948717948717924,15.234953007,3.154916286468506,0,98.6723403930664
22.400000000000002,0.7069642395491256,1.0546973297160138,0.20842105263157892,-0.17948717948717924,15.234953007,3.154916286468506,0,98.6723403930664
22.400000000000002,0.7123270669624511,1.055589429299078,0.19684210526315787,-0.17948717948717924,15.227688841,3.154916286468506,0,98.6723403930664
22.400000000000002,0.7123270669624511,1.055589429299078,0.19684210526315787,-0.17948717948717924,15.227688841,3.154916286468506,0,98.6723403930664
22.400000000000002,0.7123270669624511,1.055589429299078,0.19684210526315787,-0.17948717948717924,15.227688841,3.154916286468506,0,98.6723403930664
22.400000000000002,0.7176968134426256,1.0564612518920913,0.19684210526315787,-0.17948717948717924,15.226031859,3.154916286468506,0,98.6723403930664
22.400000000000002,0.7176968134426256,1.0564612518920913,0.19684210526315787,-0.17948717948717924,15.226031859,3.154916286468506,0,98.6723403930664
22.400000000000002,0.7176968134426256,1.0564612518920913,0.19684210526315787,-0.17948717948717924,15.226031859,3.154916286468506,0,98.6723403930664
22.5,0.7231563734603068,1.057236648508155,0.19684210526315787,-0.17948717948717924,15.323026474,3.154916286468506,0,98.58332061767578
22.5,0.7231563734603068,1.057236648508155,0.19684210526315787,-0.17948717948717924,15.323026474,3.154916286468506,0,98.58332061767578
22.5,0.7231563734603068,1.057236648508155,0.19684210526315787,-0.17948717948717924,15.231364706,3.1360435485839844,0,98.58332061767578
22.5,0.7231563734603068,1.057236648508155,0.19684210526315787,-0.17948717948717924,15.231364706,3.1360435485839844,0,98.58332061767578
22.5,0.7298299183434378,1.0578859206398543,0.21999999999999997,-0.17948717948717924,15.225771485,3.1360435485839844,0,98.58332061767578
22.5,0.7298299183434378,1.0578859206398543,0.21999999999999997,-0.17948717948717924,15.225771485,3.1360435485839844,0,98.58332061767578
22.5,0.7298299183434378,1.0578859206398543,0.21999999999999997,-0.17948717948717924,15.225771485,3.1360435485839844,0,98.58332061767578
22.5,0.7298299183434378,1.0578859206398543,0.21999999999999997,-0.17948717948717924,15.225771485,3.1360435485839844,0,98.58332061767578
22.5,0.737268035088321,1.0585616696002709,0.21999999999999997,-0.17948717948717924,14.810134147,3.0860435962677,0,98.58332061767578
22.5,0.737268035088321,1.0585616696002709,0.21999999999999997,-0.17948717948717924,14.810134147,3.0860435962677,0,98.58332061767578
22.5,0.737268035088321,1.0585616696002709,0.21999999999999997,-0.17948717948717924,14.810134147,3.0860435962677,0,98.58332061767578
22.5,0.737268035088321,1.0585616696002709,0.21999999999999997,-0.17948717948717924,14.810134147,3.0860435962677,0,98.58332061767578
22.6,0.7447214804638085,1.0591873213861822,0.21999999999999997,-0.17948717948717924,14.636008735,3.0860435962677,0,98.58332061767578
22.6,0.7447214804638085,1.0591873213861822,0.21999999999999997,-0.17948717948717924,14.636008735,3.0860435962677,0,98.58332061767578
22.6,0.7447214804638085,1.0591873213861822,0.20842105263157892,-0.28205128205128177,14.636008735,3.0860435962677,0,98.58332061767578
22.6,0.7447214804638085,1.0591873213861822,0.20842105263157892,-0.28205128205128177,14.636008735,3.0860435962677,0,98.58332061767578
22.6,0.7447214804638085,1.0591873213861822,0.20842105263157892,-0.28205128205128177,14.636008735,3.0860435962677,0,98.58332061767578
22.6,0.7521706135003738,1.0597688330997095,0.20842105263157892,-0.28205128205128177,14.632101512,3.0860435962677,0,98.58332061767578
22.6,0.7521706135003738,1.0597688330997095,0.20842105263157892,-0.28205128205128177,14.632101512,3.0860435962677,0,98.58332061767578
22.6,0.7521706135003738,1.0597688330997095,0.20842105263157892,-0.28205128205128177,14.632101512,3.0860435962677,0,98.58332061767578
22.6,0.7521706135003738,1.0597688330997095,0.20842105263157892,-0.28205128205128177,14.632101512,3.0860435962677,0,98.58332061767578
22.6,0.7592385787212035,1.0602690361484877,0.20842105263157892,-0.28205128205128177,14.759060197,3.0860435962677,0,98.58332061767578
22.700000000000003,0.7592385787212035,1.0602690361484877,0.20842105263157892,-0.28205128205128177,14.759060197,3.0860435962677,0,98.58332061767578
22.700000000000003,0.7592385787212035,1.0602690361484877,0.20842105263157892,-0.28205128205128177,14.759060197,3.0860435962677,0,98.58332061767578
22.700000000000003,0.7663013460464556,1.060698445773245,0.21999999999999997,-0.12820512820512797,14.749687667,3.0860435962677,0,98.58332061767578
22.700000000000003,0.7663013460464556,1.060698445773245,0.21999999999999997,-0.12820512820512797,14.749687667,3.0860435962677,0,98.58332061767578
22.700000000000003,0.7663013460464556,1.060698445773245,0.21999999999999997,-0.12820512820512797,14.749687667,3.0860435962677,0,98.58332061767578
22.700000000000003,0.7737367235193338,1.0610711968422213,0.21999999999999997,-0.12820512820512797,14.65829153,3.0860435962677,0,98.58332061767578
22.700000000000003,0.7737367235193338,1.0610711968422213,0.21999999999999997,-0.12820512820512797,14.65829153,3.0860435962677,0,98.58332061767578
22.700000000000003,0.7737367235193338,1.0610711968422213,0.21999999999999997,-0.2307692307692305,14.65829153,3.0860435962677,0,98.58332061767578
22.700000000000003,0.7737367235193338,1.0610711968422213,0.21999999999999997,-0.2307692307692305,14.65829153,3.0860435962677,0,98.58332061767578
22.700000000000003,0.7812180375537296,1.0614182270433448,0.21999999999999997,-0.2307692307692305,14.575836835,3.0860435962677,0,98.58332061767578
22.700000000000003,0.7812180375537296,1.0614182270433448,0.21999999999999997,-0.2307692307692305,14.575836835,3.0860435962677,0,98.58332061767578
22.8,0.7812180375537296,1.0614182270433448,0.21999999999999997,-0.2307692307692305,14.575836835,3.0860435962677,0,98.58332061767578
22.8,0.7887049141970865,1.061748475571787,0.21999999999999997,-0.2307692307692305,14.400373413,3.0860435962677,0,98.58332061767578
22.8,0.7887049141970865,1.061748475571787,0.21999999999999997,-0.2307692307692305,14.400373413,3.0860435962677,0,98.58332061767578
22.8,0.7887049141970865,1.061748475571787,0.21999999999999997,-0.2307692307692305,14.400373413,3.0860435962677,0,98.58332061767578
22.8,0.7887049141970865,1.061748475571787,0.21999999999999997,-0.2307692307692305,14.400373413,3.0860435962677,0,98.58332061767578
22.8,0.7961971648560169,1.062009069615951,0.21999999999999997,-0.2307692307692305,14.000501651,3.036043643951416,0,98.58332061767578
22.8,0.7961971648560169,1.062009069615951,0.21999999999999997,-0.2307692307692305,14.000501651,3.036043643951416,0,98.58332061767578
22.8,0.7961971648560169,1.062009069615951,0.21999999999999997,-0.2307692307692305,14.000501651,3.036043643951416,0,98.58332061767578
22.8,0.8036899001830029,1.0621920226524704,0.21999999999999997,-0.2307692307692305,14.000501651,3.036043643951416,0,98.58332061767578
22.8,0.8036899001830029,1.0621920226524704,0.21999999999999997,-0.2307692307692305,13.991624778,3.036043643951416,0,98.58332061767578
22.8,0.8036899001830029,1.0621920226524704,0.21999999999999997,-0.2307692307692305,13.991624778,3.036043643951416,0,98.58332061767578
22.900000000000002,0.8036899001830029,1.0621920226524704,0.20842105263157892,-0.2307692307692305,13.991624778,3.036043643951416,0,98.58332061767578
22.900000000000002,0.8123958820406514,1.0632783837200792,0.20842105263157892,-0.2307692307692305,13.98891101,3.036043643951416,0,98.58332061767578
22.900000000000002,0.8123958820406514,1.0632783837200792,0.20842105263157892,-0.2307692307692305,13.98891101,3.036043643951416,0,98.58332061767578
22.900000000000002,0.8123958820406514,1.0632783837200792,0.20842105263157892,-0.2307692307692305,13.98891101,3.036043643951416,0,98.58332061767578
22.900000000000002,0.821765226268053,1.0651748233724843,0.20842105263157892,-0.2307692307692305,14.068509233,3.036043643951416,0,98.58332061767578
22.900000000000002,0.821765226268053,1.0651748233724843,0.20842105263157892,-0.2307692307692305,14.068509233,3.036043643951416,0,98.58332061767578
22.900000000000002,0.821765226268053,1.0651748233724843,0.20842105263157892,-0.2307692307692305,14.068509233,3.036043643951416,0,98.58332061767578
22.900000000000002,0.821765226268053,1.0651748233724843,0.20842105263157892,-0.2307692307692305,14.068509233,3.036043643951416,0,98.58332061767578
22.900000000000002,0.8311628265913198,1.0670492275730838,0.20842105263157892,-0.2307692307692305,14.031079856,3.036043643951416,0,98.58332061767578
22.900000000000002,0.8311628265913198,1.0670492275730838,0.20842105263157892,-0.2307692307692305,14.031079856,3.036043643951416,0,98.58332061767578
23.0,0.8311628265913198,1.0670492275730838,0.21999999999999997,-0.2307692307692305,14.031079856,3.036043643951416,0,98.4693603515625
23.0,0.8405651500309692,1.0688942928363843,0.21999999999999997,-0.2307692307692305,14.031079856,3.036043643951416,0,98.4693603515625
23.0,0.8405651500309692,1.0688942928363843,0.21999999999999997,-0.2307692307692305,14.032606536,3.036043643951416,0,98.4693603515625
23.0,0.8405651500309692,1.0688942928363843,0.21999999999999997,-0.2307692307692305,14.032606536,3.036043643951416,0,98.4693603515625
23.0,0.8405651500309692,1.0688942928363843,0.21999999999999997,-0.2307692307692305,14.032606536,3.036043643951416,0,98.4693603515625
23.0,0.8503366533135355,1.070699412739275,0.21999999999999997,-0.2307692307692305,13.805274824,2.986043691635132,0,98.4693603515625
23.0,0.8503366533135355,1.070699412739275,0.21999999999999997,-0.2307692307692305,13.805274824,2.986043691635132,0,98.4693603515625
23.0,0.8503366533135355,1.070699412739275,0.21999999999999997,-0.2307692307692305,13.805274824,2.986043691635132,0,98.4693603515625
23.0,0.8503366533135355,1.070699412739275,0.21999999999999997,-0.2307692307692305,13.805274824,2.986043691635132,0,98.4693603515625
23.0,0.860135712233288,1.0724887770475329,0.21999999999999997,-0.2307692307692305,13.803456683,2.986043691635132,0,98.4693603515625
23.0,0.860135712233288,1.0724887770475329,0.20842105263157892,-0.17948717948717924,13.803456683,2.986043691635132,0,98.4693603515625
23.1,0.860135712233288,1.0724887770475329,0.20842105263157892,-0.17948717948717924,13.803456683,2.986043691635132,0,98.4693603515625
23.1,0.8685808560295931,1.0731608568036635,0.20842105263157892,-0.17948717948717924,13.803456683,2.986043691635132,0,98.4693603515625
23.1,0.8685808560295931,1.0731608568036635,0.20842105263157892,-0.17948717948717924,13.803173059,2.986043691635132,0,98.4693603515625
23.1,0.8685808560295931,1.0731608568036635,0.20842105263157892,-0.17948717948717924,13.803173059,2.986043691635132,0,98.4693603515625
23.1,0.8685808560295931,1.0731608568036635,0.20842105263157892,-0.17948717948717924,13.803173059,2.986043691635132,0,98.4693603515625
23.1,0.8756531464233797,1.0730151921908502,0.20842105263157892,-0.17948717948717924,13.803173059,2.986043691635132,0,98.4693603515625
23.1,0.8756531464233797,1.0730151921908502,0.20842105263157892,-0.17948717948717924,13.887397382,2.986043691635132,0,98.4693603515625
23.1,0.8756531464233797,1.0730151921908502,0.20842105263157892,-0.17948717948717924,13.887397382,2.986043691635132,0,98.4693603515625
23.1,0.8756531464233797,1.0730151921908502,0.20842105263157892,-0.17948717948717924,13.887397382,2.986043691635132,0,98.4693603515625
23.1,0.8827477137214386,1.0728444557601877,0.21999999999999997,-0.12820512820512797,13.972953098,2.986043691635132,0,98.4693603515625
23.1,0.8827477137214386,1.0728444557601877,0.21999999999999997,-0.12820512820512797,13.972953098,2.986043691635132,0,98.4693603515625
23.200000000000003,0.8827477137214386,1.0728444557601877,0.21999999999999997,-0.12820512820512797,13.972953098,2.986043691635132,0,98.4693603515625
23.200000000000003,0.8827477137214386,1.0728444557601877,0.21999999999999997,-0.12820512820512797,13.972953098,2.986043691635132,0,98.4693603515625
23.200000000000003,0.8827477137214386,1.0728444557601877,0.21999999999999997,-0.12820512820512797,13.972953098,2.986043691635132,0,98.4693603515625
23.200000000000003,0.8902075848242053,1.0726457477875573,0.21999999999999997,-0.12820512820512797,13.974795102,2.986043691635132,0,98.4693603515625
23.200000000000003,0.8902075848242053,1.0726457477875573,0.21999999999999997,-0.12820512820512797,13.974795102,2.986043691635132,0,98.4693603515625
23.200000000000003,0.8902075848242053,1.0726457477875573,0.21999999999999997,-0.12820512820512797,13.974795102,2.986043691635132,0,98.4693603515625
23.200000000000003,0.8976919188236292,1.0724194451959608,0.21999999999999997,-0.12820512820512797,13.660321172,2.9360437393188477,0,98.4693603515625
23.200000000000003,0.8976919188236292,1.0724194451959608,0.21999999999999997,-0.12820512820512797,13.660321172,2.9360437393188477,0,98.4693603515625
23.200000000000003,0.8976919188236292,1.0724194451959608,0.20842105263157892,-0.02564102564102541,13.660321172,2.9360437393188477,0,98.4693603515625
23.200000000000003,0.8976919188236292,1.0724194451959608,0.20842105263157892,-0.02564102564102541,13.660321172,2.9360437393188477,0,98.4693603515625
23.200000000000003,0.9051759122016299,1.0721649158450979,0.20842105263157892,-0.02564102564102541,13.578467891,2.9360437393188477,0,98.4693603515625
23.3,0.9051759122016299,1.0721649158450979,0.20842105263157892,-0.02564102564102541,13.578467891,2.9360437393188477,0,98.4693603515625
23.3,0.9051759122016299,1.0721649158450979,0.20842105263157892,-0.02564102564102541,13.578467891,2.9360437393188477,0,98.4693603515625
23.3,0.91223481538667,1.071898432085757,0.19684210526315787,-0.02564102564102541,13.582404657,2.9360437393188477,0,98.4693603515625
23.3,0.91223481538667,1.071898432085757,0.19684210526315787,-0.02564102564102541,13.582404657,2.9360437393188477,0,98.4693603515625
23.3,0.91223481538667,1.071898432085757,0.19684210526315787,-0.02564102564102541,13.582404657,2.9360437393188477,0,98.4693603515625
23.3,0.91223481538667,1.071898432085757,0.19684210526315787,-0.02564102564102541,13.582404657,2.9360437393188477,0,98.4693603515625
23.3,0.9189233428985617,1.0716582860841442,0.19684210526315787,-0.02564102564102541,13.748819149,2.9360437393188477,0,98.4693603515625
23.3,0.9189233428985617,1.0716582860841442,0.19684210526315787,-0.02564102564102541,13.748819149,2.9360437393188477,0,98.4693603515625
23.3,0.9189233428985617,1.0716582860841442,0.19684210526315787,-0.02564102564102541,13.748819149,2.9360437393188477,0,98.4693603515625
23.3,0.9189233428985617,1.0716582860841442,0.19684210526315787,-0.02564102564102541,13.748819149,2.9360437393188477,0,98.4693603515625
23.3,0.9256149911482021,1.071432119843791,0.19684210526315787,-0.02564102564102541,13.912106236,2.9360437393188477,0,98.4693603515625
23.400000000000002,0.9256149911482021,1.071432119843791,0.19684210526315787,-0.02564102564102541,13.912106236,2.9360437393188477,0,98.4693603515625
23.400000000000002,0.9256149911482021,1.071432119843791,0.19684210526315787,-0.02564102564102541,13.912106236,2.9360437393188477,0,98.4693603515625
23.400000000000002,0.9256149911482021,1.071432119843791,0.19684210526315787,-0.02564102564102541,13.912106236,2.9360437393188477,0,98.4693603515625
23.400000000000002,0.9323064481252261,1.0711863253449372,0.19684210526315787,-0.02564102564102541,14.08263168,2.9360437393188477,0,98.4693603515625
23.400000000000002,0.9323064481252261,1.0711863253449372,0.19684210526315787,-0.02564102564102541,14.08263168,2.9360437393188477,0,98.4693603515625
23.400000000000002,0.9323064481252261,1.0711863253449372,0.19684210526315787,-0.02564102564102541,14.08263168,2.9360437393188477,0,98.4693603515625
23.400000000000002,0.9389957594565592,1.070927821620009,0.21999999999999997,-0.02564102564102541,14.167907172,2.9360437393188477,0,98.4693603515625
23.400000000000002,0.9389957594565592,1.070927821620009,0.21999999999999997,-0.02564102564102541,14.205050375,2.9437408447265625,0,98.4693603515625
23.400000000000002,0.9389957594565592,1.070927821620009,0.21999999999999997,-0.02564102564102541,14.205050375,2.9437408447265625,0,98.4693603515625
23.400000000000002,0.9464680852558718,1.0706429073384793,0.21999999999999997,-0.02564102564102541,14.205050375,2.9437408447265625,0,98.4693603515625
23.5,0.9464680852558718,1.0706429073384793,0.21999999999999997,-0.02564102564102541,13.879585376,2.8937408924102783,0,98.4693603515625
23.5,0.9464680852558718,1.0706429073384793,0.21999999999999997,-0.02564102564102541,13.879585376,2.8937408924102783,0,98.35400390625
23.5,0.9464680852558718,1.0706429073384793,0.21999999999999997,-0.02564102564102541,13.879585376,2.8937408924102783,0,98.35400390625
23.5,0.9539423318569491,1.0703555842027193,0.21999999999999997,-0.02564102564102541,13.880620614,2.8937408924102783,0,98.35400390625
23.5,0.9539423318569491,1.0703555842027193,0.21999999999999997,-0.02564102564102541,13.880620614,2.8937408924102783,0,98.35400390625
23.5,0.9539423318569491,1.0703555842027193,0.21999999999999997,-0.02564102564102541,13.880620614,2.8937408924102783,0,98.35400390625
23.5,0.9539423318569491,1.0703555842027193,0.20842105263157892,0.0,13.880620614,2.8937408924102783,0,98.35400390625
23.5,0.9614164922223276,1.0700561375743076,0.20842105263157892,0.0,13.881563083,2.8937408924102783,0,98.35400390625
23.5,0.9614164922223276,1.0700561375743076,0.20842105263157892,0.0,13.881563083,2.8937408924102783,0,98.35400390625
23.5,0.9614164922223276,1.0700561375743076,0.20842105263157892,0.0,13.881563083,2.8937408924102783,0,98.35400390625
23.5,0.9614164922223276,1.0700561375743076,0.20842105263157892,0.0,13.881563083,2.8937408924102783,0,98.35400390625
23.5,0.9684952058661567,1.069767152061437,0.20842105263157892,0.0,13.968153337,2.8937408924102783,0,98.35400390625
23.6,0.9684952058661567,1.069767152061437,0.20842105263157892,0.0,13.968153337,2.8937408924102783,0,98.35400390625
23.6,0.9684952058661567,1.069767152061437,0.20842105263157892,0.0,13.968153337,2.8937408924102783,0,98.35400390625
23.6,0.9684952058661567,1.069767152061437,0.20842105263157892,0.0,13.968153337,2.8937408924102783,0,98.35400390625
23.6,0.9755746097282993,1.069483949779997,0.20842105263157892,0.0,13.96857544,2.8937408924102783,0,98.35400390625
23.6,0.9755746097282993,1.069483949779997,0.19684210526315787,0.0,13.96857544,2.8937408924102783,0,98.35400390625
23.6,0.9755746097282993,1.069483949779997,0.19684210526315787,0.0,13.96857544,2.8937408924102783,0,98.35400390625
23.6,0.9826552995077762,1.06920367129863,0.19684210526315787,0.0,13.96857544,2.8937408924102783,0,98.35400390625
23.6,0.9826552995077762,1.06920367129863,0.19684210526315787,0.0,13.879523405,2.8937408924102783,0,98.35400390625
23.6,0.9826552995077762,1.06920367129863,0.19684210526315787,0.0,13.879523405,2.8937408924102783,0,98.35400390625
23.6,0.9826552995077762,1.06920367129863,0.19684210526315787,0.0,13.879523405,2.8937408924102783,0,98.35400390625
23.700000000000003,0.9893432417186654,1.0689357175521073,0.19684210526315787,0.0,13.878274686,2.8937408924102783,0,98.35400390625
23.700000000000003,0.9893432417186654,1.0689357175521073,0.19684210526315787,0.0,13.878274686,2.8937408924102783,0,98.35400390625
23.700000000000003,0.9893432417186654,1.0689357175521073,0.19684210526315787,0.0,13.878274686,2.8937408924102783,0,98.35400390625
23.700000000000003,0.9960315107192343,1.0686692136252798,0.19684210526315787,0.0,13.878274686,2.8937408924102783,0,98.35400390625
23.700000000000003,0.9960315107192343,1.0686692136252798,0.20842105263157892,0.0,13.880751563,2.8937408924102783,0,98.35400390625
23.700000000000003,0.9960315107192343,1.0686692136252798,0.20842105263157892,0.0,13.880751563,2.8937408924102783,0,98.35400390625
23.700000000000003,1.0027201943768713,1.0684056681267629,0.20842105263157892,0.0,13.880751563,2.8937408924102783,0,98.35400390625
23.700000000000003,1.0027201943768713,1.0684056681267629,0.20842105263157892,0.0,13.585743681,2.831937551498413,0,98.35400390625
23.700000000000003,1.0027201943768713,1.0684056681267629,0.20842105263157892,0.0,13.585743681,2.831937551498413,0,98.35400390625
23.700000000000003,1.0027201943768713,1.0684056681267629,0.19684210526315787,0.0,13.585743681,2.831937551498413,0,98.35400390625
23.8,1.0098004144804364,1.0681253881707307,0.19684210526315787,0.0,13.585743681,2.831937551498413,0,98.35400390625
23.8,1.0098004144804364,1.0681253881707307,0.19684210526315787,0.0,13.668622411,2.831937551498413,0,98.35400390625
23.8,1.0098004144804364,1.0681253881707307,0.19684210526315787,0.0,13.668622411,2.831937551498413,0,98.35400390625
23.8,1.0098004144804364,1.0681253881707307,0.19684210526315787,0.0,13.668622411,2.831937551498413,0,98.35400390625
23.8,1.0164888946206512,1.0678614666751878,0.19684210526315787,0.0,13.838015108,2.831937551498413,0,98.35400390625
23.8,1.0164888946206512,1.0678614666751878,0.19684210526315787,0.0,13.838015108,2.831937551498413,0,98.35400390625
23.8,1.0164888946206512,1.0678614666751878,0.19684210526315787,0.0,13.838015108,2.831937551498413,0,98.35400390625
23.8,1.0164888946206512,1.0678614666751878,0.19684210526315787,0.0,13.838015108,2.831937551498413,0,98.35400390625
23.8,1.0231770000756004,1.067599694726578,0.19684210526315787,0.0,14.01027234,2.831937551498413,0,98.35400390625
23.8,1.0231770000756004,1.067599694726578,0.19684210526315787,0.0,14.01027234,2.831937551498413,0,98.35400390625
23.8,1.0231770000756004,1.067599694726578,0.19684210526315787,0.0,14.01027234,2.831937551498413,0,98.35400390625
23.8,1.0231770000756004,1.067599694726578,0.19684210526315787,0.0,14.01027234,2.831937551498413,0,98.35400390625
23.900000000000002,1.0295956254355754,1.0670668823712957,0.19684210526315787,0.0,14.101345238,2.831937551498413,0,98.35400390625
23.900000000000002,1.0295956254355754,1.0670668823712957,0.19684210526315787,0.0,14.101345238,2.831937551498413,0,98.35400390625
23.900000000000002,1.0295956254355754,1.0670668823712957,0.21999999999999997,0.0,14.101345238,2.831937551498413,0,98.35400390625
23.900000000000002,1.0317065523384987,1.0622095209304587,0.21999999999999997,0.0,14.190158074,2.831937551498413,0,98.35400390625
23.900000000000002,1.0317065523384987,1.0622095209304587,0.21999999999999997,0.0,14.190158074,2.831937551498413,0,98.35400390625
23.900000000000002,1.0317065523384987,1.0622095209304587,0.21999999999999997,0.0,14.190158074,2.831937551498413,0,98.35400390625
23.900000000000002,1.0317065523384987,1.0622095209304587,0.21999999999999997,0.0,14.190158074,2.831937551498413,0,98.35400390625
23.900000000000002,1.0346015004606213,1.057316086712695,0.21999999999999997,0.0,14.105024575,2.831937551498413,0,98.35400390625
23.900000000000002,1.0346015004606213,1.057316086712695,0.21999999999999997,0.0,14.105024575,2.831937551498413,0,98.35400390625
23.900000000000002,1.0346015004606213,1.057316086712695,0.21999999999999997,0.0,14.105024575,2.831937551498413,0,98.35400390625
23.900000000000002,1.0346015004606213,1.057316086712695,0.21999999999999997,0.0,14.105024575,2.831937551498413,0,98.35400390625
24.0,1.0374971098872683,1.052417221172039,0.21999999999999997,0.0,13.930587967,2.831937551498413,0,98.35400390625
24.0,1.0374971098872683,1.052417221172039,0.20842105263157892,0.0,13.930587967,2.831937551498413,0,98.26116180419922
24.0,1.0374971098872683,1.052417221172039,0.20842105263157892,0.0,13.930587967,2.831937551498413,0,98.26116180419922
24.0,1.0374971098872683,1.052417221172039,0.20842105263157892,0.0,13.930587967,2.831937551498413,0,98.26116180419922
24.0,1.0403928168667527,1.0475120020426356,0.20842105263157892,0.0,13.517126026,2.781937599182129,0,98.26116180419922
24.0,1.0403928168667527,1.0475120020426356,0.20842105263157892,0.0,13.517126026,2.781937599182129,0,98.26116180419922
24.0,1.0403928168667527,1.0475120020426356,0.20842105263157892,0.0,13.517126026,2.781937599182129,0,98.26116180419922
24.0,1.0428963220315473,1.0426166299431037,0.20842105263157892,0.0,13.517126026,2.781937599182129,0,98.26116180419922
24.0,1.0428963220315473,1.0426166299431037,0.20842105263157892,0.0,13.435588999,2.781937599182129,0,98.26116180419922
24.0,1.0428963220315473,1.0426166299431037,0.20842105263157892,0.0,13.435588999,2.781937599182129,0,98.26116180419922
24.0,1.0428963220315473,1.0426166299431037,0.20842105263157892,0.0,13.435588999,2.781937599182129,0,98.26116180419922
24.1,1.0462074089152287,1.0385293645130058,0.19684210526315787,0.0,13.435588999,2.781937599182129,0,98.26116180419922
24.1,1.0462074089152287,1.0385293645130058,0.19684210526315787,0.0,13.43623523,2.781937599182129,0,98.26116180419922
24.1,1.0462074089152287,1.0385293645130058,0.19684210526315787,0.0,13.43623523,2.781937599182129,0,98.26116180419922
24.1,1.0462074089152287,1.0385293645130058,0.19684210526315787,0.0,13.43623523,2.781937599182129,0,98.26116180419922
24.1,1.0462074089152287,1.0385293645130058,0.19684210526315787,0.0,13.43623523,2.781937599182129,0,98.26116180419922
24.1,1.0528952479073497,1.0382515319088612,0.19684210526315787,0.0,13.43609657,2.781937599182129,0,98.26116180419922
24.1,1.0528952479073497,1.0382515319088612,0.19684210526315787,0.0,13.43609657,2.781937599182129,0,98.26116180419922
24.1,1.0528952479073497,1.0382515319088612,0.19684210526315787,0.0,13.43609657,2.781937599182129,0,98.26116180419922
24.1,1.0595832762922337,1.0379736015216787,0.19684210526315787,0.0,13.435504178,2.781937599182129,0,98.26116180419922
24.1,1.0595832762922337,1.0379736015216787,0.19684210526315787,0.0,13.435504178,2.781937599182129,0,98.26116180419922
24.1,1.0595832762922337,1.0379736015216787,0.21999999999999997,0.0,13.435504178,2.781937599182129,0,98.26116180419922
24.200000000000003,1.0662714591298752,1.037695693782748,0.21999999999999997,0.0,13.433616353,2.781937599182129,0,98.26116180419922
24.200000000000003,1.0662714591298752,1.037695693782748,0.21999999999999997,0.0,13.433616353,2.781937599182129,0,98.26116180419922
24.200000000000003,1.0662714591298752,1.037695693782748,0.21999999999999997,0.0,13.433616353,2.781937599182129,0,98.26116180419922
24.200000000000003,1.0662714591298752,1.037695693782748,0.21999999999999997,0.0,13.433616353,2.781937599182129,0,98.26116180419922
24.200000000000003,1.0737444382852674,1.037385388894134,0.21999999999999997,0.0,13.274412891,2.781937599182129,0,98.26116180419922
24.200000000000003,1.0737444382852674,1.037385388894134,0.21999999999999997,0.0,13.274412891,2.781937599182129,0,98.26116180419922
24.200000000000003,1.0737444382852674,1.037385388894134,0.21999999999999997,0.0,13.274412891,2.781937599182129,0,98.26116180419922
24.200000000000003,1.0737444382852674,1.037385388894134,0.21999999999999997,0.0,13.274412891,2.781937599182129,0,98.26116180419922
24.200000000000003,1.0812183417915386,1.037075246238436,0.21999999999999997,0.0,13.272238148,2.781937599182129,0,98.26116180419922
24.200000000000003,1.0812183417915386,1.037075246238436,0.20842105263157892,0.0,13.272238148,2.781937599182129,0,98.26116180419922
24.200000000000003,1.0812183417915386,1.037075246238436,0.20842105263157892,0.0,13.272238148,2.781937599182129,0,98.26116180419922
24.3,1.0812183417915386,1.037075246238436,0.20842105263157892,0.0,13.272238148,2.781937599182129,0,98.26116180419922
24.3,1.0886917154942748,1.0367651694768862,0.20842105263157892,0.0,13.275633344,2.781937599182129,0,98.26116180419922
24.3,1.0886917154942748,1.0367651694768862,0.20842105263157892,0.0,13.275633344,2.781937599182129,0,98.26116180419922
24.3,1.0886917154942748,1.0367651694768862,0.20842105263157892,0.0,13.275633344,2.781937599182129,0,98.26116180419922
24.3,1.0957730135402506,1.0364711366385504,0.20842105263157892,0.0,13.113841629,2.7319374084472656,0,98.26116180419922
24.3,1.0957730135402506,1.0364711366385504,0.20842105263157892,0.0,13.113841629,2.7319374084472656,0,98.26116180419922
24.3,1.0957730135402506,1.0364711366385504,0.20842105263157892,0.0,13.113841629,2.7319374084472656,0,98.26116180419922
24.3,1.0957730135402506,1.0364711366385504,0.20842105263157892,0.0,13.113841629,2.7319374084472656,0,98.26116180419922
24.3,1.1028536779969103,1.0361774309621867,0.21999999999999997,0.02564102564102587,13.113500527,2.7319374084472656,0,98.26116180419922
24.3,1.1028536779969103,1.0361774309621867,0.21999999999999997,0.02564102564102587,13.113500527,2.7319374084472656,0,98.26116180419922
24.400000000000002,1.109934222995065,1.0358839767729793,0.21999999999999997,0.02564102564102587,13.113500527,2.7319374084472656,0,98.26116180419922
24.400000000000002,1.109934222995065,1.0358839767729793,0.21999999999999997,0.02564102564102587,13.113060688,2.7319374084472656,0,98.26116180419922
24.400000000000002,1.109934222995065,1.0358839767729793,0.21999999999999997,0.02564102564102587,13.130770041,2.7356269359588623,0,98.26116180419922
24.400000000000002,1.109934222995065,1.0358839767729793,0.21999999999999997,0.02564102564102587,13.130770041,2.7356269359588623,0,98.26116180419922
24.400000000000002,1.109934222995065,1.0358839767729793,0.21999999999999997,0.02564102564102587,13.130770041,2.7356269359588623,0,98.26116180419922
24.400000000000002,1.1174060029456983,1.0355753351492278,0.21999999999999997,0.02564102564102587,12.969972934,2.7356269359588623,0,98.26116180419922
24.400000000000002,1.1174060029456983,1.0355753351492278,0.21999999999999997,0.02564102564102587,12.969972934,2.7356269359588623,0,98.26116180419922
24.400000000000002,1.1174060029456983,1.0355753351492278,0.21999999999999997,0.02564102564102587,12.969972934,2.7356269359588623,0,98.26116180419922
24.400000000000002,1.1174060029456983,1.0355753351492278,0.20842105263157892,0.02564102564102587,12.969972934,2.7356269359588623,0,98.26116180419922
24.400000000000002,1.124876947510543,1.0352739316448716,0.20842105263157892,0.02564102564102587,12.818901480000001,2.7356269359588623,0,98.26116180419922
24.400000000000002,1.124876947510543,1.0352739316448716,0.20842105263157892,0.02564102564102587,12.818901480000001,2.7356269359588623,0,98.26116180419922
24.400000000000002,1.124876947510543,1.0352739316448716,0.20842105263157892,0.02564102564102587,12.818901480000001,2.7356269359588623,0,98.26116180419922
24.5,1.1319565930443152,1.0349970492235558,0.20842105263157892,0.02564102564102587,12.818901480000001,2.7356269359588623,0,98.172119140625
24.5,1.1319565930443152,1.0349970492235558,0.20842105263157892,0.02564102564102587,12.744143907,2.7356269359588623,0,98.172119140625
24.5,1.1319565930443152,1.0349970492235558,0.20842105263157892,0.02564102564102587,12.744143907,2.7356269359588623,0,98.172119140625
24.5,1.1319565930443152,1.0349970492235558,0.20842105263157892,0.02564102564102587,12.744143907,2.7356269359588623,0,98.172119140625
24.5,1.1390361579435837,1.0347255219264508,0.20842105263157892,0.02564102564102587,12.744143907,2.7356269359588623,0,98.172119140625
24.5,1.1390361579435837,1.0347255219264508,0.20842105263157892,0.02564102564102587,12.816488829,2.7356269359588623,0,98.172119140625
24.5,1.1390361579435837,1.0347255219264508,0.19684210526315787,0.02564102564102587,12.816488829,2.7356269359588623,0,98.172119140625
24.5,1.1390361579435837,1.0347255219264508,0.19684210526315787,0.02564102564102587,12.816488829,2.7356269359588623,0,98.172119140625
24.5,1.1461155570695394,1.0344589515129203,0.19684210526315787,0.02564102564102587,12.655206194,2.685626983642578,0,98.172119140625
24.5,1.1461155570695394,1.0344589515129203,0.19684210526315787,0.02564102564102587,12.655206194,2.685626983642578,0,98.172119140625
24.5,1.1461155570695394,1.0344589515129203,0.19684210526315787,0.02564102564102587,12.655206194,2.685626983642578,0,98.172119140625
24.6,1.1461155570695394,1.0344589515129203,0.19684210526315787,0.02564102564102587,12.655206194,2.685626983642578,0,98.172119140625
24.6,1.1528027309152238,1.0342136840010168,0.19684210526315787,0.02564102564102587,12.804731009,2.685626983642578,0,98.172119140625
24.6,1.1528027309152238,1.0342136840010168,0.19684210526315787,0.02564102564102587,12.804731009,2.685626983642578,0,98.172119140625
24.6,1.1528027309152238,1.0342136840010168,0.19684210526315787,0.02564102564102587,12.804731009,2.685626983642578,0,98.172119140625
24.6,1.1528027309152238,1.0342136840010168,0.19684210526315787,0.02564102564102587,12.804731009,2.685626983642578,0,98.172119140625
24.6,1.1594900302931834,1.0339747491591507,0.21999999999999997,0.02564102564102587,12.884021806,2.685626983642578,0,98.172119140625
24.6,1.1594900302931834,1.0339747491591507,0.21999999999999997,0.02564102564102587,12.884021806,2.685626983642578,0,98.172119140625
24.6,1.1594900302931834,1.0339747491591507,0.21999999999999997,0.02564102564102587,12.884021806,2.685626983642578,0,98.172119140625
24.6,1.1594900302931834,1.0339747491591507,0.21999999999999997,0.02564102564102587,12.884021806,2.685626983642578,0,98.172119140625
24.6,1.1661772089726647,1.0337413255497718,0.21999999999999997,0.02564102564102587,12.96182704,2.685626983642578,0,98.172119140625
24.6,1.1661772089726647,1.0337413255497718,0.21999999999999997,0.02564102564102587,12.96182704,2.685626983642578,0,98.172119140625
24.700000000000003,1.1661772089726647,1.0337413255497718,0.21999999999999997,0.02564102564102587,12.96182704,2.685626983642578,0,98.172119140625
24.700000000000003,1.1736493621101802,1.0334869600942391,0.21999999999999997,0.02564102564102587,12.96182704,2.685626983642578,0,98.172119140625
24.700000000000003,1.1736493621101802,1.0334869600942391,0.21999999999999997,0.02564102564102587,12.882072512,2.685626983642578,0,98.172119140625
24.700000000000003,1.1736493621101802,1.0334869600942391,0.21999999999999997,0.02564102564102587,12.882072512,2.685626983642578,0,98.172119140625
24.700000000000003,1.1736493621101802,1.0334869600942391,0.20842105263157892,0.02564102564102587,12.882072512,2.685626983642578,0,98.172119140625
24.700000000000003,1.1736493621101802,1.0334869600942391,0.20842105263157892,0.02564102564102587,12.882072512,2.685626983642578,0,98.172119140625
24.700000000000003,1.1811223446719894,1.0332397121033294,0.20842105263157892,0.02564102564102587,12.886018788,2.685626983642578,0,98.172119140625
24.700000000000003,1.1811223446719894,1.0332397121033294,0.20842105263157892,0.02564102564102587,12.886018788,2.685626983642578,0,98.172119140625
24.700000000000003,1.1811223446719894,1.0332397121033294,0.20842105263157892,0.02564102564102587,12.886018788,2.685626983642578,0,98.172119140625
24.700000000000003,1.1811223446719894,1.0332397121033294,0.20842105263157892,0.02564102564102587,12.886018788,2.685626983642578,0,98.172119140625
24.700000000000003,1.1882033697427956,1.0330116126319107,0.20842105263157892,0.02564102564102587,12.963044599,2.685626983642578,0,98.172119140625
24.8,1.1882033697427956,1.0330116126319107,0.20842105263157892,0.02564102564102587,12.963044599,2.685626983642578,0,98.172119140625
24.8,1.1882033697427956,1.0330116126319107,0.20842105263157892,0.02564102564102587,12.963044599,2.685626983642578,0,98.172119140625
24.8,1.1952840908119775,1.0327896370962164,0.20842105263157892,0.02564102564102587,12.721812152,2.635627031326294,0,98.172119140625
24.8,1.1952840908119775,1.0327896370962164,0.19684210526315787,0.02564102564102587,12.721812152,2.635627031326294,0,98.172119140625
24.8,1.1952840908119775,1.0327896370962164,0.19684210526315787,0.02564102564102587,12.721812152,2.635627031326294,0,98.172119140625
24.8,1.2023652566165421,1.032573900299861,0.19684210526315787,0.02564102564102587,12.722579488000001,2.635627031326294,0,98.172119140625
24.8,1.2023652566165421,1.032573900299861,0.19684210526315787,0.02564102564102587,12.722579488000001,2.635627031326294,0,98.172119140625
24.8,1.2023652566165421,1.032573900299861,0.19684210526315787,0.02564102564102587,12.722579488000001,2.635627031326294,0,98.172119140625
24.8,1.2023652566165421,1.032573900299861,0.18526315789473682,0.0,12.722579488000001,2.635627031326294,0,98.172119140625
24.8,1.2090546199360357,1.0323759456148869,0.18526315789473682,0.0,12.80303155,2.635627031326294,0,98.172119140625
24.8,1.2090546199360357,1.0323759456148869,0.18526315789473682,0.0,12.80303155,2.635627031326294,0,98.172119140625
24.900000000000002,1.2090546199360357,1.0323759456148869,0.18526315789473682,0.0,12.80303155,2.635627031326294,0,98.172119140625
24.900000000000002,1.2090546199360357,1.0323759456148869,0.18526315789473682,0.0,12.80303155,2.635627031326294,0,98.172119140625
24.900000000000002,1.2153521995473247,1.0321942190763949,0.18526315789473682,0.0,12.880996324,2.635627031326294,0,98.172119140625
24.900000000000002,1.2153521995473247,1.0321942190763949,0.18526315789473682,0.0,12.880996324,2.635627031326294,0,98.172119140625
24.900000000000002,1.2153521995473247,1.0321942190763949,0.18526315789473682,0.0,12.880996324,2.635627031326294,0,98.172119140625
24.900000000000002,1.2153521995473247,1.0321942190763949,0.18526315789473682,0.0,12.880996324,2.635627031326294,0,98.172119140625
24.900000000000002,1.2216502955942021,1.0320120963547093,0.18526315789473682,0.0,12.962615725,2.635627031326294,0,98.172119140625
24.900000000000002,1.2216502955942021,1.0320120963547093,0.18526315789473682,0.0,12.962615725,2.635627031326294,0,98.172119140625
24.900000000000002,1.2216502955942021,1.0320120963547093,0.18526315789473682,0.0,12.962615725,2.635627031326294,0,98.172119140625
24.900000000000002,1.2216502955942021,1.0320120963547093,0.18526315789473682,0.0,12.962615725,2.635627031326294,0,98.172119140625
24.900000000000002,1.2279479554425548,1.0318277186939062,0.18526315789473682,0.0,13.043023014,2.635627031326294,0,98.172119140625
25.0,1.2279479554425548,1.0318277186939062,0.18526315789473682,0.0,13.043023014,2.635627031326294,0,98.172119140625
25.0,1.2279479554425548,1.0318277186939062,0.18526315789473682,0.0,13.043023014,2.635627031326294,0,98.172119140625
25.0,1.2279479554425548,1.0318277186939062,0.17368421052631577,0.0,13.043023014,2.635627031326294,0,98.0689926147461
25.0,1.2342443900352351,1.0316441670125855,0.17368421052631577,0.0,13.293372506,2.635627031326294,0,98.0689926147461
25.0,1.2342443900352351,1.0316441670125855,0.17368421052631577,0.0,13.293372506,2.635627031326294,0,98.0689926147461
25.0,1.2342443900352351,1.0316441670125855,0.17368421052631577,0.0,13.293372506,2.635627031326294,0,98.0689926147461
25.0,1.2401480559130311,1.031472918449233,0.17368421052631577,0.0,13.385215821,2.5856270790100098,0,98.0689926147461
25.0,1.2401480559130311,1.031472918449233,0.17368421052631577,0.0,13.385215821,2.5856270790100098,0,98.0689926147461
25.0,1.2401480559130311,1.031472918449233,0.17368421052631577,0.0,13.385215821,2.5856270790100098,0,98.0689926147461
25.0,1.2401480559130311,1.031472918449233,0.17368421052631577,0.0,13.385215821,2.5856270790100098,0,98.0689926147461
25.0,1.2460511740699434,1.031301075214993,0.17368421052631577,0.0,13.650823946,2.5856270790100098,0,98.0689926147461
25.1,1.2460511740699434,1.031301075214993,0.16210526315789472,0.0,13.650823946,2.5856270790100098,0,98.0689926147461
25.1,1.2460511740699434,1.031301075214993,0.16210526315789472,0.0,13.650823946,2.5856270790100098,0,98.0689926147461
25.1,1.2460511740699434,1.031301075214993,0.16210526315789472,0.0,13.650823946,2.5856270790100098,0,98.0689926147461
25.1,1.251953395458807,1.0311287929129092,0.16210526315789472,0.0,13.93488279,2.5856270790100098,0,98.0689926147461
25.1,1.251953395458807,1.0311287929129092,0.16210526315789472,0.0,13.93488279,2.5856270790100098,0,98.0689926147461
25.1,1.251953395458807,1.0311287929129092,0.16210526315789472,0.0,13.93488279,2.5856270790100098,0,98.0689926147461
25.1,1.2574620253145616,1.0309683507762166,0.16210526315789472,0.0,14.332939216,2.5856270790100098,0,98.0689926147461
25.1,1.2574620253145616,1.0309683507762166,0.16210526315789472,0.0,14.332939216,2.5856270790100098,0,98.0689926147461
25.1,1.2574620253145616,1.0309683507762166,0.16210526315789472,0.0,14.332939216,2.5856270790100098,0,98.0689926147461
25.1,1.2574620253145616,1.0309683507762166,0.16210526315789472,0.0,14.332939216,2.5856270790100098,0,98.0689926147461
25.1,1.2629703393967613,1.030808077264254,0.21999999999999997,0.02564102564102587,14.639126022,2.5856270790100098,0,98.0689926147461
25.200000000000003,1.2629703393967613,1.030808077264254,0.21999999999999997,0.02564102564102587,14.639126022,2.5856270790100098,0,98.0689926147461
25.200000000000003,1.2629703393967613,1.030808077264254,0.21999999999999997,0.02564102564102587,14.639126022,2.5856270790100098,0,98.0689926147461
25.200000000000003,1.2629703393967613,1.030808077264254,0.21999999999999997,0.02564102564102587,14.639126022,2.5856270790100098,0,98.0689926147461
25.200000000000003,1.2684785660412095,1.0306474454598604,0.21999999999999997,0.02564102564102587,14.86382329,2.5856270790100098,0,98.0689926147461
25.200000000000003,1.2684785660412095,1.0306474454598604,0.21999999999999997,0.02564102564102587,14.86382329,2.5856270790100098,0,98.0689926147461
25.200000000000003,1.2684785660412095,1.0306474454598604,0.21999999999999997,0.02564102564102587,14.86382329,2.5856270790100098,0,98.0689926147461
25.200000000000003,1.2684785660412095,1.0306474454598604,0.21999999999999997,0.02564102564102587,14.86382329,2.5856270790100098,0,98.0689926147461
25.200000000000003,1.2751388489792048,1.0304536399068884,0.21999999999999997,0.02564102564102587,14.765531047,2.5856270790100098,0,98.0689926147461
25.200000000000003,1.2751388489792048,1.0304536399068884,0.21999999999999997,0.02564102564102587,14.765531047,2.5856270790100098,0,98.0689926147461
25.200000000000003,1.2751388489792048,1.0304536399068884,0.20842105263157892,0.02564102564102587,14.765531047,2.5856270790100098,0,98.0689926147461
25.200000000000003,1.2826100085857877,1.030237685006074,0.20842105263157892,0.02564102564102587,14.457930329,2.5856270790100098,0,98.0689926147461
25.3,1.2826100085857877,1.030237685006074,0.20842105263157892,0.02564102564102587,14.457930329,2.5856270790100098,0,98.0689926147461
25.3,1.2826100085857877,1.030237685006074,0.20842105263157892,0.02564102564102587,14.457930329,2.5856270790100098,0,98.0689926147461
25.3,1.2826100085857877,1.030237685006074,0.20842105263157892,0.02564102564102587,14.457930329,2.5856270790100098,0,98.0689926147461
25.3,1.2887356365818683,1.0315141016114984,0.20842105263157892,0.02564102564102587,14.457930329,2.5856270790100098,0,98.0689926147461
25.3,1.2887356365818683,1.0315141016114984,0.20842105263157892,0.02564102564102587,14.263157321,2.5856270790100098,0,98.0689926147461
25.3,1.2887356365818683,1.0315141016114984,0.20842105263157892,0.02564102564102587,14.365108844,2.6041088104248047,0,98.0689926147461
25.3,1.2887356365818683,1.0315141016114984,0.20842105263157892,0.02564102564102587,14.365108844,2.6041088104248047,0,98.0689926147461
25.3,1.2947376927741299,1.0330147161067313,0.20842105263157892,0.02564102564102587,13.799474726,2.5541088581085205,0,98.0689926147461
25.3,1.2947376927741299,1.0330147161067313,0.20842105263157892,0.02564102564102587,13.799474726,2.5541088581085205,0,98.0689926147461
25.3,1.2947376927741299,1.0330147161067313,0.19684210526315787,0.02564102564102587,13.799474726,2.5541088581085205,0,98.0689926147461
25.3,1.2947376927741299,1.0330147161067313,0.19684210526315787,0.02564102564102587,13.799474726,2.5541088581085205,0,98.0689926147461
25.400000000000002,1.30074328363503,1.0345406540492428,0.19684210526315787,0.02564102564102587,13.528014684,2.5541088581085205,0,98.0689926147461
25.400000000000002,1.30074328363503,1.0345406540492428,0.19684210526315787,0.02564102564102587,13.528014684,2.5541088581085205,0,98.0689926147461
25.400000000000002,1.30074328363503,1.0345406540492428,0.19684210526315787,0.02564102564102587,13.528014684,2.5541088581085205,0,98.0689926147461
25.400000000000002,1.30074328363503,1.0345406540492428,0.19684210526315787,0.02564102564102587,13.528014684,2.5541088581085205,0,98.0689926147461
25.400000000000002,1.3063596152544275,1.0360989593005403,0.19684210526315787,0.02564102564102587,13.344987151,2.5541088581085205,0,98.0689926147461
25.400000000000002,1.3063596152544275,1.0360989593005403,0.19684210526315787,0.02564102564102587,13.344987151,2.5541088581085205,0,98.0689926147461
25.400000000000002,1.3063596152544275,1.0360989593005403,0.19684210526315787,0.02564102564102587,13.344987151,2.5541088581085205,0,98.0689926147461
25.400000000000002,1.3119778971457037,1.0376827318856916,0.20842105263157892,0.02564102564102587,13.344987151,2.5541088581085205,0,98.0689926147461
25.400000000000002,1.3119778971457037,1.0376827318856916,0.20842105263157892,0.02564102564102587,13.080314016,2.5541088581085205,0,98.0689926147461
25.400000000000002,1.3119778971457037,1.0376827318856916,0.20842105263157892,0.02564102564102587,13.080314016,2.5541088581085205,0,98.0689926147461
25.400000000000002,1.3119778971457037,1.0376827318856916,0.20842105263157892,0.02564102564102587,13.080314016,2.5541088581085205,0,98.0689926147461
25.5,1.3176309214633921,1.0392411773632495,0.20842105263157892,0.02564102564102587,12.831393784,2.5541088581085205,0,98.0689926147461
25.5,1.3176309214633921,1.0392411773632495,0.20842105263157892,0.02564102564102587,12.831393784,2.5541088581085205,0,97.97900390625
25.5,1.3176309214633921,1.0392411773632495,0.20842105263157892,0.02564102564102587,12.831393784,2.5541088581085205,0,97.97900390625
25.5,1.3176309214633921,1.0392411773632495,0.20842105263157892,0.02564102564102587,12.831393784,2.5541088581085205,0,97.97900390625
25.5,1.3247174458362174,1.0391438508378348,0.20842105263157892,0.02564102564102587,12.509659181,2.5541088581085205,0,97.97900390625
25.5,1.3247174458362174,1.0391438508378348,0.20842105263157892,0.02564102564102587,12.509659181,2.5541088581085205,0,97.97900390625
25.5,1.3247174458362174,1.0391438508378348,0.20842105263157892,0.02564102564102587,12.509659181,2.5541088581085205,0,97.97900390625
25.5,1.3318044335782515,1.0390528516904198,0.19684210526315787,0.02564102564102587,12.425307518,2.5541088581085205,0,97.97900390625
25.5,1.3318044335782515,1.0390528516904198,0.19684210526315787,0.02564102564102587,12.425307518,2.5541088581085205,0,97.97900390625
25.5,1.3318044335782515,1.0390528516904198,0.19684210526315787,0.02564102564102587,12.425307518,2.5541088581085205,0,97.97900390625
25.5,1.3318044335782515,1.0390528516904198,0.19684210526315787,0.02564102564102587,12.425307518,2.5541088581085205,0,97.97900390625
25.6,1.3384995613392463,1.0389731872605523,0.19684210526315787,0.02564102564102587,12.578882695,2.5541088581085205,0,97.97900390625
25.6,1.3384995613392463,1.0389731872605523,0.19684210526315787,0.02564102564102587,12.578882695,2.5541088581085205,0,97.97900390625
25.6,1.3384995613392463,1.0389731872605523,0.19684210526315787,0.02564102564102587,12.578882695,2.5541088581085205,0,97.97900390625
25.6,1.3384995613392463,1.0389731872605523,0.19684210526315787,0.02564102564102587,12.578882695,2.5541088581085205,0,97.97900390625
25.6,1.3384995613392463,1.0389731872605523,0.19684210526315787,0.02564102564102587,12.578882695,2.5541088581085205,0,97.97900390625
25.6,1.3451934588062253,1.0388995374349381,0.21999999999999997,0.02564102564102587,12.405474788,2.5041086673736572,0,97.97900390625
25.6,1.3451934588062253,1.0388995374349381,0.21999999999999997,0.02564102564102587,12.405474788,2.5041086673736572,0,97.97900390625
25.6,1.3451934588062253,1.0388995374349381,0.21999999999999997,0.02564102564102587,12.405474788,2.5041086673736572,0,97.97900390625
25.6,1.3518867140480957,1.038831579234905,0.21999999999999997,0.02564102564102587,12.480318431,2.5041086673736572,0,97.97900390625
25.6,1.3518867140480957,1.038831579234905,0.21999999999999997,0.02564102564102587,12.480318431,2.5041086673736572,0,97.97900390625
25.6,1.3518867140480957,1.038831579234905,0.21999999999999997,0.02564102564102587,12.480318431,2.5041086673736572,0,97.97900390625
25.6,1.3518867140480957,1.038831579234905,0.21999999999999997,0.02564102564102587,12.480318431,2.5041086673736572,0,97.97900390625
25.6,1.3518867140480957,1.038831579234905,0.21999999999999997,0.02564102564102587,12.480318431,2.5041086673736572,0,97.97900390625
25.700000000000003,1.3593651025899738,1.0387623581702785,0.21999999999999997,0.02564102564102587,12.398009006,2.5041086673736572,0,97.97900390625
25.700000000000003,1.3593651025899738,1.0387623581702785,0.21999999999999997,0.02564102564102587,12.398009006,2.5041086673736572,0,97.97900390625
25.700000000000003,1.3593651025899738,1.0387623581702785,0.20842105263157892,0.02564102564102587,12.398009006,2.5041086673736572,0,97.97900390625
25.700000000000003,1.3668419638604585,1.0387000579311905,0.20842105263157892,0.02564102564102587,12.247931716,2.5041086673736572,0,97.97900390625
25.700000000000003,1.3668419638604585,1.0387000579311905,0.20842105263157892,0.02564102564102587,12.247931716,2.5041086673736572,0,97.97900390625
25.700000000000003,1.3668419638604585,1.0387000579311905,0.20842105263157892,0.02564102564102587,12.247931716,2.5041086673736572,0,97.97900390625
25.700000000000003,1.37392659969013,1.038647491625721,0.20842105263157892,0.02564102564102587,12.247931716,2.5041086673736572,0,97.97900390625
25.700000000000003,1.37392659969013,1.038647491625721,0.20842105263157892,0.02564102564102587,12.171741757,2.5041086673736572,0,97.97900390625
25.700000000000003,1.37392659969013,1.038647491625721,0.20842105263157892,0.02564102564102587,12.171741757,2.5041086673736572,0,97.97900390625
25.700000000000003,1.37392659969013,1.038647491625721,0.20842105263157892,0.02564102564102587,12.171741757,2.5041086673736572,0,97.97900390625
25.8,1.3810090623809546,1.0386010995904105,0.20842105263157892,0.02564102564102587,12.098091756,2.5041086673736572,0,97.97900390625
25.8,1.3810090623809546,1.0386010995904105,0.20842105263157892,0.02564102564102587,12.098091756,2.5041086673736572,0,97.97900390625
25.8,1.3810090623809546,1.0386010995904105,0.19684210526315787,0.0,12.098091756,2.5041086673736572,0,97.97900390625
25.8,1.3880912154431329,1.0385609515659717,0.19684210526315787,0.0,12.098091756,2.5041086673736572,0,97.97900390625
25.8,1.3880912154431329,1.0385609515659717,0.19684210526315787,0.0,12.096395336,2.5041086673736572,0,97.97900390625
25.8,1.3880912154431329,1.0385609515659717,0.19684210526315787,0.0,12.096395336,2.5041086673736572,0,97.97900390625
25.8,1.3880912154431329,1.0385609515659717,0.19684210526315787,0.0,12.096395336,2.5041086673736572,0,97.97900390625
25.8,1.3947824497310182,1.0385278021243138,0.19684210526315787,0.0,11.92509946,2.454108715057373,0,97.97900390625
25.8,1.3947824497310182,1.0385278021243138,0.19684210526315787,0.0,11.92509946,2.454108715057373,0,97.97900390625
25.8,1.3947824497310182,1.0385278021243138,0.19684210526315787,0.0,11.92509946,2.454108715057373,0,97.97900390625
25.8,1.3947824497310182,1.0385278021243138,0.19684210526315787,0.0,11.92509946,2.454108715057373,0,97.97900390625
25.900000000000002,1.4014740272540571,1.0384944363259154,0.19684210526315787,0.0,11.925246447,2.454108715057373,0,97.97900390625
25.900000000000002,1.4014740272540571,1.0384944363259154,0.21999999999999997,0.02564102564102587,11.925246447,2.454108715057373,0,97.97900390625
25.900000000000002,1.4014740272540571,1.0384944363259154,0.21999999999999997,0.02564102564102587,11.925246447,2.454108715057373,0,97.97900390625
25.900000000000002,1.4081655164027724,1.0384589155508646,0.21999999999999997,0.02564102564102587,11.925246447,2.454108715057373,0,97.97900390625
25.900000000000002,1.4081655164027724,1.0384589155508646,0.21999999999999997,0.02564102564102587,11.925189723,2.454108715057373,0,97.97900390625
25.900000000000002,1.4081655164027724,1.0384589155508646,0.21999999999999997,0.02564102564102587,11.925189723,2.454108715057373,0,97.97900390625
25.900000000000002,1.4081655164027724,1.0384589155508646,0.21999999999999997,0.02564102564102587,11.925189723,2.454108715057373,0,97.97900390625
25.900000000000002,1.4156418961925685,1.0384212707219471,0.21999999999999997,0.02564102564102587,11.779234412000001,2.454108715057373,0,97.97900390625
25.900000000000002,1.4156418961925685,1.0384212707219471,0.21999999999999997,0.02564102564102587,11.779234412000001,2.454108715057373,0,97.97900390625
25.900000000000002,1.4156418961925685,1.0384212707219471,0.21999999999999997,0.02564102564102587,11.779234412000001,2.454108715057373,0,97.97900390625
26.0,1.4156418961925685,1.0384212707219471,0.21999999999999997,0.02564102564102587,11.779234412000001,2.454108715057373,0,97.88098907470703
26.0,1.4231178344617303,1.0383922477968321,0.20842105263157892,0.02564102564102587,11.782817132,2.454108715057373,0,97.88098907470703
26.0,1.4231178344617303,1.0383922477968321,0.20842105263157892,0.02564102564102587,11.782817132,2.454108715057373,0,97.88098907470703
26.0,1.4231178344617303,1.0383922477968321,0.20842105263157892,0.02564102564102587,11.782817132,2.454108715057373,0,97.88098907470703
26.0,1.430595595783647,1.0383718363223124,0.20842105263157892,0.02564102564102587,11.780333606,2.454108715057373,0,97.88098907470703
26.0,1.430595595783647,1.0383718363223124,0.20842105263157892,0.02564102564102587,11.780333606,2.454108715057373,0,97.88098907470703
26.0,1.430595595783647,1.0383718363223124,0.21999999999999997,0.0,11.780333606,2.454108715057373,0,97.88098907470703
26.0,1.430595595783647,1.0383718363223124,0.21999999999999997,0.0,11.780333606,2.454108715057373,0,97.88098907470703
26.0,1.4376832401916761,1.0383571981111612,0.21999999999999997,0.0,11.779658461,2.454108715057373,0,97.88098907470703
26.0,1.4376832401916761,1.0383571981111612,0.21999999999999997,0.0,11.779658461,2.454108715057373,0,97.88098907470703
26.1,1.4376832401916761,1.0383571981111612,0.21999999999999997,0.0,11.779658461,2.454108715057373,0,97.88098907470703
26.1,1.445162755176291,1.0383468616585836,0.21999999999999997,0.0,11.779658461,2.454108715057373,0,97.88098907470703
26.1,1.445162755176291,1.0383468616585836,0.21999999999999997,0.0,11.466874476,2.404108762741089,0,97.88098907470703
26.1,1.445162755176291,1.0383468616585836,0.21999999999999997,0.0,11.466874476,2.404108762741089,0,97.88098907470703
26.1,1.445162755176291,1.0383468616585836,0.21999999999999997,0.0,11.466874476,2.404108762741089,0,97.88098907470703
26.1,1.452644735470082,1.0383373429851757,0.21999999999999997,0.0,11.395969009,2.404108762741089,0,97.88098907470703
26.1,1.452644735470082,1.0383373429851757,0.20842105263157892,0.0,11.395969009,2.404108762741089,0,97.88098907470703
26.1,1.452644735470082,1.0383373429851757,0.20842105263157892,0.0,11.395969009,2.404108762741089,0,97.88098907470703
26.1,1.4601268364906321,1.0383251750509426,0.20842105263157892,0.0,11.261617934,2.404108762741089,0,97.88098907470703
26.1,1.4601268364906321,1.0383251750509426,0.20842105263157892,0.0,11.261617934,2.404108762741089,0,97.88098907470703
26.1,1.4601268364906321,1.0383251750509426,0.20842105263157892,0.0,11.261617934,2.404108762741089,0,97.88098907470703
26.200000000000003,1.4601268364906321,1.0383251750509426,0.20842105263157892,0.0,11.261617934,2.404108762741089,0,97.88098907470703
26.200000000000003,1.4672154796949464,1.0383139021111663,0.20842105263157892,0.0,11.194207862,2.404108762741089,0,97.88098907470703
26.200000000000003,1.4672154796949464,1.0383139021111663,0.20842105263157892,0.0,11.194207862,2.404108762741089,0,97.88098907470703
26.200000000000003,1.4672154796949464,1.0383139021111663,0.20842105263157892,0.0,11.194207862,2.404108762741089,0,97.88098907470703
26.200000000000003,1.4743037729438067,1.0383042203571513,0.20842105263157892,0.0,11.194207862,2.404108762741089,0,97.88098907470703
26.200000000000003,1.4743037729438067,1.0383042203571513,0.19684210526315787,0.0,11.127165473,2.404108762741089,0,97.88098907470703
26.200000000000003,1.4743037729438067,1.0383042203571513,0.19684210526315787,0.0,11.127165473,2.404108762741089,0,97.88098907470703
26.200000000000003,1.481391867245362,1.03829423389453,0.19684210526315787,0.0,11.193324177,2.404108762741089,0,97.88098907470703
26.200000000000003,1.481391867245362,1.03829423389453,0.19684210526315787,0.0,11.193324177,2.404108762741089,0,97.88098907470703
26.200000000000003,1.481391867245362,1.03829423389453,0.19684210526315787,0.0,11.193324177,2.404108762741089,0,97.88098907470703
26.3,1.481391867245362,1.03829423389453,0.19684210526315787,0.0,11.193324177,2.404108762741089,0,97.88098907470703
26.3,1.4880864293577694,1.0382840713252295,0.19684210526315787,0.0,11.321924788,2.404108762741089,0,97.88098907470703
26.3,1.4880864293577694,1.0382840713252295,0.19684210526315787,0.0,11.321924788,2.404108762741089,0,97.88098907470703
26.3,1.4880864293577694,1.0382840713252295,0.19684210526315787,0.0,11.321924788,2.404108762741089,0,97.88098907470703
26.3,1.4947791882860977,1.038274604624526,0.19684210526315787,0.0,11.220158762,2.3541088104248047,0,97.88098907470703
26.3,1.4947791882860977,1.038274604624526,0.19684210526315787,0.0,11.220158762,2.3541088104248047,0,97.88098907470703
26.3,1.4947791882860977,1.038274604624526,0.19684210526315787,0.0,11.220158762,2.3541088104248047,0,97.88098907470703
26.3,1.4947791882860977,1.038274604624526,0.19684210526315787,0.0,11.220158762,2.3541088104248047,0,97.88098907470703
26.3,1.5014717406417155,1.0382655584440956,0.19684210526315787,0.0,11.286706377,2.3541088104248047,0,97.88098907470703
26.3,1.5014717406417155,1.0382655584440956,0.19684210526315787,0.0,11.286706377,2.3541088104248047,0,97.88098907470703
26.400000000000002,1.5014717406417155,1.0382655584440956,0.21999999999999997,0.02564102564102587,11.286706377,2.3541088104248047,0,97.88098907470703
26.400000000000002,1.5014717406417155,1.0382655584440956,0.21999999999999997,0.02564102564102587,11.286706377,2.3541088104248047,0,97.88098907470703
26.400000000000002,1.5081631493050351,1.0382561028426491,0.21999999999999997,0.02564102564102587,11.425138699,2.3541088104248047,0,97.88098907470703
26.400000000000002,1.5081631493050351,1.0382561028426491,0.21999999999999997,0.02564102564102587,11.425138699,2.3541088104248047,0,97.88098907470703
26.400000000000002,1.5081631493050351,1.0382561028426491,0.21999999999999997,0.02564102564102587,11.425138699,2.3541088104248047,0,97.88098907470703
26.400000000000002,1.515638257768296,1.0382466219419397,0.20842105263157892,0.02564102564102587,11.426037863,2.3541088104248047,0,97.88098907470703
26.400000000000002,1.515638257768296,1.0382466219419397,0.20842105263157892,0.02564102564102587,11.426037863,2.3541088104248047,0,97.88098907470703
26.400000000000002,1.515638257768296,1.0382466219419397,0.20842105263157892,0.02564102564102587,11.426037863,2.3541088104248047,0,97.88098907470703
26.400000000000002,1.515638257768296,1.0382466219419397,0.20842105263157892,0.02564102564102587,11.426037863,2.3541088104248047,0,97.88098907470703
26.400000000000002,1.5227194494084346,1.0382450163354808,0.20842105263157892,0.02564102564102587,11.497104352000001,2.3541088104248047,0,97.88098907470703
26.5,1.5227194494084346,1.0382450163354808,0.20842105263157892,0.02564102564102587,11.497104352000001,2.3541088104248047,0,97.88098907470703
26.5,1.5227194494084346,1.0382450163354808,0.20842105263157892,0.02564102564102587,11.497104352000001,2.3541088104248047,0,97.77391052246094
26.5,1.5298011269529583,1.0382524295486166,0.20842105263157892,0.02564102564102587,11.497553179,2.3541088104248047,0,97.77391052246094
26.5,1.5298011269529583,1.0382524295486166,0.20842105263157892,0.02564102564102587,11.497553179,2.3541088104248047,0,97.77391052246094
26.5,1.5298011269529583,1.0382524295486166,0.20842105263157892,0.02564102564102587,11.497553179,2.3541088104248047,0,97.77391052246094
26.5,1.5298011269529583,1.0382524295486166,0.19684210526315787,0.0,11.497553179,2.3541088104248047,0,97.77391052246094
26.5,1.53688412208434,1.0382649368400938,0.19684210526315787,0.0,11.49935975,2.3541088104248047,0,97.77391052246094
26.5,1.53688412208434,1.0382649368400938,0.19684210526315787,0.0,11.49935975,2.3541088104248047,0,97.77391052246094
26.5,1.53688412208434,1.0382649368400938,0.19684210526315787,0.0,11.49935975,2.3541088104248047,0,97.77391052246094
26.5,1.5435754683407954,1.0382804613053207,0.19684210526315787,0.0,11.32399555,2.3041088581085205,0,97.77391052246094
26.5,1.5435754683407954,1.0382804613053207,0.19684210526315787,0.0,11.32399555,2.3041088581085205,0,97.77391052246094
26.6,1.5435754683407954,1.0382804613053207,0.19684210526315787,0.0,11.32399555,2.3041088581085205,0,97.77391052246094
26.6,1.5435754683407954,1.0382804613053207,0.19684210526315787,0.0,11.32399555,2.3041088581085205,0,97.77391052246094
26.6,1.5502684520411365,1.0382968007892157,0.19684210526315787,0.0,11.325789276,2.3041088581085205,0,97.77391052246094
26.6,1.5502684520411365,1.0382968007892157,0.19684210526315787,0.0,11.325789276,2.3041088581085205,0,97.77391052246094
26.6,1.5502684520411365,1.0382968007892157,0.19684210526315787,0.0,11.325789276,2.3041088581085205,0,97.77391052246094
26.6,1.5502684520411365,1.0382968007892157,0.19684210526315787,0.0,11.325789276,2.3041088581085205,0,97.77391052246094
26.6,1.5569621833860272,1.0383113772505854,0.19684210526315787,0.0,11.323856139,2.3041088581085205,0,97.77391052246094
26.6,1.5569621833860272,1.0383113772505854,0.19684210526315787,0.0,11.323856139,2.3041088581085205,0,97.77391052246094
26.6,1.5569621833860272,1.0383113772505854,0.19684210526315787,0.0,11.323856139,2.3041088581085205,0,97.77391052246094
26.6,1.563655922673197,1.0383260014534201,0.20842105263157892,0.0,11.323856139,2.3041088581085205,0,97.77391052246094
26.6,1.563655922673197,1.0383260014534201,0.20842105263157892,0.0,11.325649544000001,2.3041088581085205,0,97.77391052246094
26.700000000000003,1.563655922673197,1.0383260014534201,0.20842105263157892,0.0,11.325649544000001,2.3041088581085205,0,97.77391052246094
26.700000000000003,1.563655922673197,1.0383260014534201,0.20842105263157892,0.0,11.325649544000001,2.3041088581085205,0,97.77391052246094
26.700000000000003,1.5704750728118968,1.0395629333059857,0.20842105263157892,0.0,11.257341456,2.3041088581085205,0,97.77391052246094
26.700000000000003,1.5704750728118968,1.0395629333059857,0.20842105263157892,0.0,11.257341456,2.3041088581085205,0,97.77391052246094
26.700000000000003,1.5704750728118968,1.0395629333059857,0.20842105263157892,0.0,11.257341456,2.3041088581085205,0,97.77391052246094
26.700000000000003,1.5771838703659193,1.0413070207420567,0.20842105263157892,0.0,11.329289394,2.3041088581085205,0,97.77391052246094
26.700000000000003,1.5771838703659193,1.0413070207420567,0.20842105263157892,0.0,11.329289394,2.3041088581085205,0,97.77391052246094
26.700000000000003,1.5771838703659193,1.0413070207420567,0.20842105263157892,0.0,11.329289394,2.3041088581085205,0,97.77391052246094
26.700000000000003,1.5771838703659193,1.0413070207420567,0.20842105263157892,0.0,11.329289394,2.3041088581085205,0,97.77391052246094
26.700000000000003,1.583892548376244,1.0430490815264266,0.20842105263157892,0.0,11.328577993,2.3041088581085205,0,97.77391052246094
26.8,1.583892548376244,1.0430490815264266,0.20842105263157892,0.0,11.328577993,2.3041088581085205,0,97.77391052246094
26.8,1.583892548376244,1.0430490815264266,0.20842105263157892,0.0,11.328577993,2.3041088581085205,0,97.77391052246094
26.8,1.590600720535126,1.0447895337696336,0.20842105263157892,0.0,11.328577993,2.3041088581085205,0,97.77391052246094
26.8,1.590600720535126,1.0447895337696336,0.21999999999999997,0.02564102564102587,11.083102034,2.2541086673736572,0,97.77391052246094
26.8,1.590600720535126,1.0447895337696336,0.21999999999999997,0.02564102564102587,11.083102034,2.2541086673736572,0,97.77391052246094
26.8,1.590600720535126,1.0447895337696336,0.21999999999999997,0.02564102564102587,11.083102034,2.2541086673736572,0,97.77391052246094
26.8,1.597308777744199,1.0465285661054806,0.21999999999999997,0.02564102564102587,11.082731391,2.2541086673736572,0,97.77391052246094
26.8,1.597308777744199,1.0465285661054806,0.21999999999999997,0.02564102564102587,11.082731391,2.2541086673736572,0,97.77391052246094
26.8,1.597308777744199,1.0465285661054806,0.21999999999999997,0.02564102564102587,11.082731391,2.2541086673736572,0,97.77391052246094
26.8,1.6044080076355125,1.0482676741649228,0.21999999999999997,0.02564102564102587,10.946561808,2.2541086673736572,0,97.77391052246094
26.8,1.6044080076355125,1.0482676741649228,0.21999999999999997,0.02564102564102587,10.946561808,2.2541086673736572,0,97.77391052246094
26.900000000000002,1.6044080076355125,1.0482676741649228,0.21999999999999997,0.02564102564102587,10.946561808,2.2541086673736572,0,97.77391052246094
26.900000000000002,1.6044080076355125,1.0482676741649228,0.21999999999999997,0.02564102564102587,10.946561808,2.2541086673736572,0,97.77391052246094
26.900000000000002,1.61181769382563,1.0485930731305224,0.21999999999999997,0.02564102564102587,10.816742699,2.2541086673736572,0,97.77391052246094
26.900000000000002,1.61181769382563,1.0485930731305224,0.21999999999999997,0.02564102564102587,10.816742699,2.2541086673736572,0,97.77391052246094
26.900000000000002,1.61181769382563,1.0485930731305224,0.21999999999999997,0.02564102564102587,10.816742699,2.2541086673736572,0,97.77391052246094
26.900000000000002,1.6192944645522998,1.0486235705085711,0.21999999999999997,0.02564102564102587,10.816742699,2.2541086673736572,0,97.77391052246094
26.900000000000002,1.6192944645522998,1.0486235705085711,0.21999999999999997,0.02564102564102587,10.686748029,2.2541086673736572,0,97.77391052246094
26.900000000000002,1.6192944645522998,1.0486235705085711,0.20842105263157892,0.0,10.686748029,2.2541086673736572,0,97.77391052246094
26.900000000000002,1.6192944645522998,1.0486235705085711,0.20842105263157892,0.0,10.686748029,2.2541086673736572,0,97.77391052246094
26.900000000000002,1.6267722468129413,1.0486595067625686,0.20842105263157892,0.0,10.561437131,2.2541086673736572,0,97.77391052246094
27.0,1.6267722468129413,1.0486595067625686,0.20842105263157892,0.0,10.561437131,2.2541086673736572,0,97.77391052246094
27.0,1.6267722468129413,1.0486595067625686,0.20842105263157892,0.0,10.561437131,2.2541086673736572,0,97.6693344116211
27.0,1.6267722468129413,1.0486595067625686,0.19684210526315787,0.0,10.561437131,2.2541086673736572,0,97.6693344116211
27.0,1.6338575213512638,1.048697531370867,0.19684210526315787,0.0,10.560807864000001,2.2541086673736572,0,97.6693344116211
27.0,1.6338575213512638,1.048697531370867,0.19684210526315787,0.0,10.560807864000001,2.2541086673736572,0,97.6693344116211
27.0,1.6338575213512638,1.048697531370867,0.19684210526315787,0.0,10.560807864000001,2.2541086673736572,0,97.6693344116211
27.0,1.6338575213512638,1.048697531370867,0.19684210526315787,0.0,10.560807864000001,2.2541086673736572,0,97.6693344116211
27.0,1.6405510788073583,1.0487342488788678,0.19684210526315787,0.0,10.388438813,2.204108715057373,0,97.6693344116211
27.0,1.6405510788073583,1.0487342488788678,0.19684210526315787,0.0,10.388438813,2.204108715057373,0,97.6693344116211
27.0,1.6405510788073583,1.0487342488788678,0.19684210526315787,0.0,10.388438813,2.204108715057373,0,97.6693344116211
27.0,1.6472448439650775,1.0487689489357088,0.19684210526315787,0.0,10.388438813,2.204108715057373,0,97.6693344116211
27.1,1.6472448439650775,1.0487689489357088,0.19684210526315787,0.0,10.449457937,2.204108715057373,0,97.6693344116211
27.1,1.6472448439650775,1.0487689489357088,0.19684210526315787,0.0,10.449457937,2.204108715057373,0,97.6693344116211
27.1,1.6472448439650775,1.0487689489357088,0.19684210526315787,0.0,10.449457937,2.204108715057373,0,97.6693344116211
27.1,1.6539376292877241,1.0488036399390048,0.19684210526315787,0.0,10.51092355,2.204108715057373,0,97.6693344116211
27.1,1.6539376292877241,1.0488036399390048,0.19684210526315787,0.0,10.51092355,2.204108715057373,0,97.6693344116211
27.1,1.6539376292877241,1.0488036399390048,0.19684210526315787,0.0,10.51092355,2.204108715057373,0,97.6693344116211
27.1,1.6539376292877241,1.0488036399390048,0.20842105263157892,0.0,10.51092355,2.204108715057373,0,97.6693344116211
27.1,1.6606308269255514,1.0488394339204545,0.20842105263157892,0.0,10.573940885,2.204108715057373,0,97.6693344116211
27.1,1.6606308269255514,1.0488394339204545,0.20842105263157892,0.0,10.573940885,2.204108715057373,0,97.6693344116211
27.1,1.6606308269255514,1.0488394339204545,0.20842105263157892,0.0,10.573940885,2.204108715057373,0,97.6693344116211
27.1,1.6677164730168603,1.0488770251749306,0.20842105263157892,0.0,10.640474223,2.204108715057373,0,97.6693344116211
27.1,1.6677164730168603,1.0488770251749306,0.20842105263157892,0.0,10.640474223,2.204108715057373,0,97.6693344116211
27.200000000000003,1.6677164730168603,1.0488770251749306,0.20842105263157892,0.0,10.640474223,2.204108715057373,0,97.6693344116211
27.200000000000003,1.6677164730168603,1.0488770251749306,0.20842105263157892,0.0,10.640474223,2.204108715057373,0,97.6693344116211
27.200000000000003,1.6748023041839593,1.0489138384200936,0.20842105263157892,0.0,10.704442708,2.204108715057373,0,97.6693344116211
27.200000000000003,1.6748023041839593,1.0489138384200936,0.20842105263157892,0.0,10.704442708,2.204108715057373,0,97.6693344116211
27.200000000000003,1.6748023041839593,1.0489138384200936,0.20842105263157892,0.0,10.704442708,2.204108715057373,0,97.6693344116211
27.200000000000003,1.6748023041839593,1.0489138384200936,0.20842105263157892,0.0,10.704442708,2.204108715057373,0,97.6693344116211
27.200000000000003,1.6818878536975541,1.0489508456844567,0.20842105263157892,0.0,10.782329474,2.2062015533447266,0,97.6693344116211
27.200000000000003,1.6818878536975541,1.0489508456844567,0.20842105263157892,0.0,10.782329474,2.2062015533447266,0,97.6693344116211
27.200000000000003,1.6818878536975541,1.0489508456844567,0.20842105263157892,0.0,10.782329474,2.2062015533447266,0,97.6693344116211
27.200000000000003,1.6889733402280345,1.0489882669967647,0.21999999999999997,0.0,10.602861255,2.1562016010284424,0,97.6693344116211
27.3,1.6889733402280345,1.0489882669967647,0.21999999999999997,0.0,10.602861255,2.1562016010284424,0,97.6693344116211
27.3,1.6889733402280345,1.0489882669967647,0.21999999999999997,0.0,10.602861255,2.1562016010284424,0,97.6693344116211
27.3,1.6889733402280345,1.0489882669967647,0.21999999999999997,0.0,10.602861255,2.1562016010284424,0,97.6693344116211
27.3,1.6960589538729791,1.0490254964833143,0.21999999999999997,0.0,10.603543692,2.1562016010284424,0,97.6693344116211
27.3,1.6960589538729791,1.0490254964833143,0.21999999999999997,0.0,10.603543692,2.1562016010284424,0,97.6693344116211
27.3,1.6960589538729791,1.0490254964833143,0.21999999999999997,0.0,10.603543692,2.1562016010284424,0,97.6693344116211
27.3,1.7035370050330698,1.049064573906264,0.21999999999999997,0.0,10.473747116,2.1562016010284424,0,97.6693344116211
27.3,1.7035370050330698,1.049064573906264,0.21999999999999997,0.0,10.473747116,2.1562016010284424,0,97.6693344116211
27.3,1.7035370050330698,1.049064573906264,0.21999999999999997,0.0,10.473747116,2.1562016010284424,0,97.6693344116211
27.3,1.7035370050330698,1.049064573906264,0.21999999999999997,0.0,10.473747116,2.1562016010284424,0,97.6693344116211
27.400000000000002,1.7110156790207038,1.0491036079374272,0.21999999999999997,0.0,10.349132267,2.1562016010284424,0,97.6693344116211
27.400000000000002,1.7110156790207038,1.0491036079374272,0.21999999999999997,0.0,10.349132267,2.1562016010284424,0,97.6693344116211
27.400000000000002,1.7110156790207038,1.0491036079374272,0.21999999999999997,0.0,10.349132267,2.1562016010284424,0,97.6693344116211
27.400000000000002,1.718494863796773,1.0491426181920667,0.21999999999999997,0.0,10.224513365,2.1562016010284424,0,97.6693344116211
27.400000000000002,1.718494863796773,1.0491426181920667,0.20842105263157892,0.0,10.224513365,2.1562016010284424,0,97.6693344116211
27.400000000000002,1.718494863796773,1.0491426181920667,0.20842105263157892,0.0,10.224513365,2.1562016010284424,0,97.6693344116211
27.400000000000002,1.7259743209772567,1.0491816791049489,0.20842105263157892,0.0,10.224513365,2.1562016010284424,0,97.6693344116211
27.400000000000002,1.7259743209772567,1.0491816791049489,0.20842105263157892,0.0,10.102877216,2.1562016010284424,0,97.6693344116211
27.400000000000002,1.7259743209772567,1.0491816791049489,0.20842105263157892,0.0,10.102877216,2.1562016010284424,0,97.6693344116211
27.400000000000002,1.7259743209772567,1.0491816791049489,0.19684210526315787,0.0,10.102877216,2.1562016010284424,0,97.6693344116211
27.5,1.7259743209772567,1.0491816791049489,0.19684210526315787,0.0,10.102877216,2.1562016010284424,0,97.6693344116211
27.5,1.7330613308069915,1.049218651937656,0.19684210526315787,0.0,10.101048366,2.1562016010284424,0,97.57012939453125
27.5,1.7330613308069915,1.049218651937656,0.19684210526315787,0.0,10.101048366,2.1562016010284424,0,97.57012939453125
27.5,1.7330613308069915,1.049218651937656,0.19684210526315787,0.0,10.101048366,2.1562016010284424,0,97.57012939453125
27.5,1.7397559180515878,1.0492533656133456,0.19684210526315787,0.0,9.922915337,2.106201648712158,0,97.57012939453125
27.5,1.7397559180515878,1.0492533656133456,0.19684210526315787,0.0,9.922915337,2.106201648712158,0,97.57012939453125
27.5,1.7397559180515878,1.0492533656133456,0.19684210526315787,0.0,9.922915337,2.106201648712158,0,97.57012939453125
27.5,1.7464501291941388,1.0492880010202286,0.19684210526315787,0.0,9.982962571,2.106201648712158,0,97.57012939453125
27.5,1.7464501291941388,1.0492880010202286,0.19684210526315787,0.0,9.982962571,2.106201648712158,0,97.57012939453125
27.5,1.7464501291941388,1.0492880010202286,0.20842105263157892,0.0,9.982962571,2.106201648712158,0,97.57012939453125
27.6,1.753144525232418,1.0493227811432206,0.20842105263157892,0.0,10.043481261,2.106201648712158,0,97.57012939453125
27.6,1.753144525232418,1.0493227811432206,0.20842105263157892,0.0,10.043481261,2.106201648712158,0,97.57012939453125
27.6,1.753144525232418,1.0493227811432206,0.20842105263157892,0.0,10.043481261,2.106201648712158,0,97.57012939453125
27.6,1.7602309531076468,1.0493596183611702,0.20842105263157892,0.0,10.043834539,2.106201648712158,0,97.57012939453125
27.6,1.7602309531076468,1.0493596183611702,0.20842105263157892,0.0,10.043834539,2.106201648712158,0,97.57012939453125
27.6,1.7602309531076468,1.0493596183611702,0.20842105263157892,0.0,10.043834539,2.106201648712158,0,97.57012939453125
27.6,1.7602309531076468,1.0493596183611702,0.20842105263157892,0.0,10.043834539,2.106201648712158,0,97.57012939453125
27.6,1.7673173964379656,1.0493963604018148,0.20842105263157892,0.0,10.103038291,2.106201648712158,0,97.57012939453125
27.6,1.7673173964379656,1.0493963604018148,0.20842105263157892,0.0,10.103038291,2.106201648712158,0,97.57012939453125
27.6,1.7673173964379656,1.0493963604018148,0.19684210526315787,0.0,10.103038291,2.106201648712158,0,97.57012939453125
27.700000000000003,1.7673173964379656,1.0493963604018148,0.19684210526315787,0.0,10.103038291,2.106201648712158,0,97.57012939453125
27.700000000000003,1.7744032012292141,1.049433112200036,0.19684210526315787,0.0,10.163637606,2.106201648712158,0,97.57012939453125
27.700000000000003,1.7744032012292141,1.049433112200036,0.19684210526315787,0.0,10.163637606,2.106201648712158,0,97.57012939453125
27.700000000000003,1.7744032012292141,1.049433112200036,0.19684210526315787,0.0,10.163637606,2.106201648712158,0,97.57012939453125
27.700000000000003,1.7810956823942667,1.0494678786390779,0.19684210526315787,0.0,10.28935493,2.106201648712158,0,97.57012939453125
27.700000000000003,1.7810956823942667,1.0494678786390779,0.19684210526315787,0.0,10.28935493,2.106201648712158,0,97.57012939453125
27.700000000000003,1.7810956823942667,1.0494678786390779,0.19684210526315787,0.0,10.28935493,2.106201648712158,0,97.57012939453125
27.700000000000003,1.7810956823942667,1.0494678786390779,0.19684210526315787,0.0,10.28935493,2.106201648712158,0,97.57012939453125
27.700000000000003,1.7877875798368492,1.0495026218440127,0.19684210526315787,0.0,10.420799494,2.106201648712158,0,97.57012939453125
27.700000000000003,1.7877875798368492,1.0495026218440127,0.19684210526315787,0.0,10.420799494,2.106201648712158,0,97.57012939453125
27.700000000000003,1.7877875798368492,1.0495026218440127,0.19684210526315787,0.0,10.420799494,2.106201648712158,0,97.57012939453125
27.8,1.7944793238543773,1.0495373374092793,0.19684210526315787,0.0,10.238042057,2.056201457977295,0,97.57012939453125
27.8,1.7944793238543773,1.0495373374092793,0.19684210526315787,0.0,10.238042057,2.056201457977295,0,97.57012939453125
27.8,1.7944793238543773,1.0495373374092793,0.19684210526315787,0.0,10.238042057,2.056201457977295,0,97.57012939453125
27.8,1.7944793238543773,1.0495373374092793,0.21999999999999997,0.02564102564102587,10.238042057,2.056201457977295,0,97.57012939453125
27.8,1.8011706340499318,1.049572082432128,0.21999999999999997,0.02564102564102587,10.241636313,2.056201457977295,0,97.57012939453125
27.8,1.8011706340499318,1.049572082432128,0.21999999999999997,0.02564102564102587,10.241636313,2.056201457977295,0,97.57012939453125
27.8,1.8011706340499318,1.049572082432128,0.21999999999999997,0.02564102564102587,10.241636313,2.056201457977295,0,97.57012939453125
27.8,1.808646282608003,1.049612016193751,0.21999999999999997,0.02564102564102587,10.115668409,2.056201457977295,0,97.57012939453125
27.8,1.808646282608003,1.049612016193751,0.21999999999999997,0.02564102564102587,10.115668409,2.056201457977295,0,97.57012939453125
27.8,1.808646282608003,1.049612016193751,0.21999999999999997,0.02564102564102587,10.115668409,2.056201457977295,0,97.57012939453125
27.900000000000002,1.808646282608003,1.049612016193751,0.21999999999999997,0.02564102564102587,10.115668409,2.056201457977295,0,97.57012939453125
27.900000000000002,1.8162075833501994,1.048899290112054,0.21999999999999997,0.02564102564102587,9.992595785,2.056201457977295,0,97.57012939453125
27.900000000000002,1.8162075833501994,1.048899290112054,0.21999999999999997,0.02564102564102587,9.992595785,2.056201457977295,0,97.57012939453125
27.900000000000002,1.8162075833501994,1.048899290112054,0.20842105263157892,0.02564102564102587,9.992595785,2.056201457977295,0,97.57012939453125
27.900000000000002,1.8162075833501994,1.048899290112054,0.20842105263157892,0.02564102564102587,9.992595785,2.056201457977295,0,97.57012939453125
27.900000000000002,1.8239501986406457,1.0466036228164346,0.20842105263157892,0.02564102564102587,9.932558711,2.056201457977295,0,97.57012939453125
27.900000000000002,1.8239501986406457,1.0466036228164346,0.20842105263157892,0.02564102564102587,9.932558711,2.056201457977295,0,97.57012939453125
27.900000000000002,1.8239501986406457,1.0466036228164346,0.20842105263157892,0.02564102564102587,9.932558711,2.056201457977295,0,97.57012939453125
27.900000000000002,1.831301818332018,1.0443049179640478,0.19684210526315787,0.0,9.93237671,2.056201457977295,0,97.57012939453125
27.900000000000002,1.831301818332018,1.0443049179640478,0.19684210526315787,0.0,9.93237671,2.056201457977295,0,97.57012939453125
27.900000000000002,1.831301818332018,1.0443049179640478,0.19684210526315787,0.0,9.93237671,2.056201457977295,0,97.57012939453125
28.0,1.831301818332018,1.0443049179640478,0.19684210526315787,0.0,9.93237671,2.056201457977295,0,97.57012939453125
28.0,1.831301818332018,1.0443049179640478,0.19684210526315787,0.0,9.93237671,2.056201457977295,0,97.46469116210938
28.0,1.8382615124815878,1.0420016522373945,0.19684210526315787,0.0,9.991952452,2.056201457977295,0,97.46469116210938
28.0,1.8382615124815878,1.0420016522373945,0.19684210526315787,0.0,9.991952452,2.056201457977295,0,97.46469116210938
28.0,1.8382615124815878,1.0420016522373945,0.19684210526315787,0.0,9.991952452,2.056201457977295,0,97.46469116210938
28.0,1.8382615124815878,1.0420016522373945,0.19684210526315787,0.0,9.991952452,2.056201457977295,0,97.46469116210938
28.0,1.8452227130890257,1.039693540339517,0.19684210526315787,0.0,9.991952452,2.056201457977295,0,97.46469116210938
28.0,1.8452227130890257,1.039693540339517,0.21999999999999997,0.0,9.74891202,2.0062015056610107,0,97.46469116210938
28.0,1.8452227130890257,1.039693540339517,0.21999999999999997,0.0,9.74891202,2.0062015056610107,0,97.46469116210938
28.0,1.852184219790258,1.0373784250890588,0.21999999999999997,0.0,9.748501511,2.0062015056610107,0,97.46469116210938
28.0,1.852184219790258,1.0373784250890588,0.21999999999999997,0.0,9.748501511,2.0062015056610107,0,97.46469116210938
28.1,1.852184219790258,1.0373784250890588,0.21999999999999997,0.0,9.748501511,2.0062015056610107,0,97.46469116210938
28.1,1.859812621245516,1.036106434529173,0.21999999999999997,0.0,9.748501511,2.0062015056610107,0,97.46469116210938
28.1,1.859812621245516,1.036106434529173,0.21999999999999997,0.0,9.632517214,2.0062015056610107,0,97.46469116210938
28.1,1.859812621245516,1.036106434529173,0.21999999999999997,0.0,9.632517214,2.0062015056610107,0,97.46469116210938
28.1,1.859812621245516,1.036106434529173,0.21999999999999997,0.0,9.632517214,2.0062015056610107,0,97.46469116210938
28.1,1.8672931745339825,1.0361553542323918,0.21999999999999997,0.0,9.516893101,2.0062015056610107,0,97.46469116210938
28.1,1.8672931745339825,1.0361553542323918,0.21999999999999997,0.0,9.516893101,2.0062015056610107,0,97.46469116210938
28.1,1.8672931745339825,1.0361553542323918,0.21999999999999997,0.0,9.516893101,2.0062015056610107,0,97.46469116210938
28.1,1.8672931745339825,1.0361553542323918,0.21999999999999997,0.0,9.516893101,2.0062015056610107,0,97.46469116210938
28.1,1.8747732561155133,1.0362039136566334,0.21999999999999997,0.0,9.513462191,2.0062015056610107,0,97.46469116210938
28.1,1.8747732561155133,1.0362039136566334,0.21999999999999997,0.0,9.513462191,2.0062015056610107,0,97.46469116210938
28.200000000000003,1.8747732561155133,1.0362039136566334,0.20842105263157892,0.0,9.513462191,2.0062015056610107,0,97.46469116210938
28.200000000000003,1.882253287763751,1.0362518706516461,0.20842105263157892,0.0,9.513462191,2.0062015056610107,0,97.46469116210938
28.200000000000003,1.882253287763751,1.0362518706516461,0.20842105263157892,0.0,9.512473354,2.0062015056610107,0,97.46469116210938
28.200000000000003,1.882253287763751,1.0362518706516461,0.20842105263157892,0.0,9.512473354,2.0062015056610107,0,97.46469116210938
28.200000000000003,1.882253287763751,1.0362518706516461,0.20842105263157892,0.0,9.512473354,2.0062015056610107,0,97.46469116210938
28.200000000000003,1.8893401571906103,1.0362977044316275,0.21999999999999997,0.0,9.228944083,1.9349799156188965,0,97.46469116210938
28.200000000000003,1.8893401571906103,1.0362977044316275,0.21999999999999997,0.0,9.228944083,1.9349799156188965,0,97.46469116210938
28.200000000000003,1.8893401571906103,1.0362977044316275,0.21999999999999997,0.0,9.228944083,1.9349799156188965,0,97.46469116210938
28.200000000000003,1.8893401571906103,1.0362977044316275,0.21999999999999997,0.0,9.228944083,1.9349799156188965,0,97.46469116210938
28.200000000000003,1.8968191812454895,1.0363464652082164,0.21999999999999997,0.0,9.174502311,1.9349799156188965,0,97.46469116210938
28.3,1.8968191812454895,1.0363464652082164,0.21999999999999997,0.0,9.174502311,1.9349799156188965,0,97.46469116210938
28.3,1.8968191812454895,1.0363464652082164,0.21999999999999997,0.0,9.174502311,1.9349799156188965,0,97.46469116210938
28.3,1.8968191812454895,1.0363464652082164,0.21999999999999997,0.0,9.174502311,1.9349799156188965,0,97.46469116210938
28.3,1.904298403655459,1.0363950747861161,0.21999999999999997,0.0,9.066030564,1.9349799156188965,0,97.46469116210938
28.3,1.904298403655459,1.0363950747861161,0.21999999999999997,0.0,9.066030564,1.9349799156188965,0,97.46469116210938
28.3,1.904298403655459,1.0363950747861161,0.21999999999999997,0.0,9.066030564,1.9349799156188965,0,97.46469116210938
28.3,1.9117772671654998,1.036443461097741,0.21999999999999997,0.0,9.066030564,1.9349799156188965,0,97.46469116210938
28.3,1.9117772671654998,1.036443461097741,0.21999999999999997,0.0,8.961150774,1.9349799156188965,0,97.46469116210938
28.3,1.9117772671654998,1.036443461097741,0.21999999999999997,0.0,8.961150774,1.9349799156188965,0,97.46469116210938
28.3,1.919256226244564,1.036492006564795,0.21999999999999997,0.0,8.856786091,1.9349799156188965,0,97.46469116210938
28.3,1.919256226244564,1.036492006564795,0.20842105263157892,0.0,8.856786091,1.9349799156188965,0,97.46469116210938
28.400000000000002,1.919256226244564,1.036492006564795,0.20842105263157892,0.0,8.856786091,1.9349799156188965,0,97.46469116210938
28.400000000000002,1.919256226244564,1.036492006564795,0.20842105263157892,0.0,8.856786091,1.9349799156188965,0,97.46469116210938
28.400000000000002,1.926735206532783,1.036540630618392,0.20842105263157892,0.0,8.855025136,1.9349799156188965,0,97.46469116210938
28.400000000000002,1.926735206532783,1.036540630618392,0.20842105263157892,0.0,8.855025136,1.9349799156188965,0,97.46469116210938
28.400000000000002,1.926735206532783,1.036540630618392,0.19684210526315787,0.0,8.855025136,1.9349799156188965,0,97.46469116210938
28.400000000000002,1.926735206532783,1.036540630618392,0.19684210526315787,0.0,8.855025136,1.9349799156188965,0,97.46469116210938
28.400000000000002,1.933821904113537,1.0365866127642906,0.19684210526315787,0.0,8.905681532,1.9349799156188965,0,97.46469116210938
28.400000000000002,1.933821904113537,1.0365866127642906,0.19684210526315787,0.0,8.905681532,1.9349799156188965,0,97.46469116210938
28.400000000000002,1.933821904113537,1.0365866127642906,0.19684210526315787,0.0,8.905681532,1.9349799156188965,0,97.46469116210938
28.400000000000002,1.933821904113537,1.0365866127642906,0.19684210526315787,0.0,8.905681532,1.9349799156188965,0,97.46469116210938
28.400000000000002,1.9405157230231054,1.0366300015992584,0.19684210526315787,0.0,8.776466674,1.8849798440933228,0,97.46469116210938
28.5,1.9405157230231054,1.0366300015992584,0.19684210526315787,0.0,8.776466674,1.8849798440933228,0,97.35520935058594
28.5,1.9405157230231054,1.0366300015992584,0.19684210526315787,0.0,8.776466674,1.8849798440933228,0,97.35520935058594
28.5,1.9472090511358084,1.0366734589948154,0.19684210526315787,0.0,8.881341528,1.8849798440933228,0,97.35520935058594
28.5,1.9472090511358084,1.0366734589948154,0.19684210526315787,0.0,8.881341528,1.8849798440933228,0,97.35520935058594
28.5,1.9472090511358084,1.0366734589948154,0.19684210526315787,0.0,8.881341528,1.8849798440933228,0,97.35520935058594
28.5,1.9539026127242705,1.0367169095616044,0.19684210526315787,0.0,8.933048342,1.8849798440933228,0,97.35520935058594
28.5,1.9539026127242705,1.0367169095616044,0.19684210526315787,0.0,8.933048342,1.8849798440933228,0,97.35520935058594
28.5,1.9539026127242705,1.0367169095616044,0.19684210526315787,0.0,8.933048342,1.8849798440933228,0,97.35520935058594
28.5,1.9539026127242705,1.0367169095616044,0.21999999999999997,0.0,8.933048342,1.8849798440933228,0,97.35520935058594
28.5,1.9605956776706641,1.0367603452356164,0.21999999999999997,0.0,9.041806327,1.8849798440933228,0,97.35520935058594
28.6,1.9605956776706641,1.0367603452356164,0.21999999999999997,0.0,9.041806327,1.8849798440933228,0,97.35520935058594
28.6,1.9605956776706641,1.0367603452356164,0.21999999999999997,0.0,9.041806327,1.8849798440933228,0,97.35520935058594
28.6,1.9605956776706641,1.0367603452356164,0.21999999999999997,0.0,9.041806327,1.8849798440933228,0,97.35520935058594
28.6,1.968074028349655,1.0368088737081789,0.21999999999999997,0.0,9.044373918,1.8849798440933228,0,97.35520935058594
28.6,1.968074028349655,1.0368088737081789,0.21999999999999997,0.0,9.044373918,1.8849798440933228,0,97.35520935058594
28.6,1.968074028349655,1.0368088737081789,0.21999999999999997,0.0,9.044373918,1.8849798440933228,0,97.35520935058594
28.6,1.9755527350841169,1.0368574261881498,0.21999999999999997,0.0,9.043066608,1.8849798440933228,0,97.35520935058594
28.6,1.9755527350841169,1.0368574261881498,0.21999999999999997,0.0,9.043066608,1.8849798440933228,0,97.35520935058594
28.6,1.9755527350841169,1.0368574261881498,0.20842105263157892,0.0,9.043066608,1.8849798440933228,0,97.35520935058594
28.6,1.9755527350841169,1.0368574261881498,0.20842105263157892,0.0,9.043066608,1.8849798440933228,0,97.35520935058594
28.6,1.9830309748300476,1.0369059780601777,0.20842105263157892,0.0,9.043726089,1.8849798440933228,0,97.35520935058594
28.700000000000003,1.9830309748300476,1.0369059780601777,0.20842105263157892,0.0,9.043726089,1.8849798440933228,0,97.35520935058594
28.700000000000003,1.9830309748300476,1.0369059780601777,0.20842105263157892,0.0,9.043726089,1.8849798440933228,0,97.35520935058594
28.700000000000003,1.9901171140614793,1.036951968358448,0.21999999999999997,0.02564102564102587,9.098444819,1.8849798440933228,0,97.35520935058594
28.700000000000003,1.9901171140614793,1.036951968358448,0.21999999999999997,0.02564102564102587,9.098444819,1.8849798440933228,0,97.35520935058594
28.700000000000003,1.9901171140614793,1.036951968358448,0.21999999999999997,0.02564102564102587,9.098444819,1.8849798440933228,0,97.35520935058594
28.700000000000003,1.9901171140614793,1.036951968358448,0.21999999999999997,0.02564102564102587,9.098444819,1.8849798440933228,0,97.35520935058594
28.700000000000003,1.9972027665947651,1.036997978038861,0.21999999999999997,0.02564102564102587,8.856482651,1.8349798917770386,0,97.35520935058594
28.700000000000003,1.9972027665947651,1.036997978038861,0.21999999999999997,0.02564102564102587,8.856482651,1.8349798917770386,0,97.35520935058594
28.700000000000003,1.9972027665947651,1.036997978038861,0.21999999999999997,0.02564102564102587,8.856482651,1.8349798917770386,0,97.35520935058594
28.700000000000003,1.9972027665947651,1.036997978038861,0.21999999999999997,0.02564102564102587,8.856482651,1.8349798917770386,0,97.35520935058594
28.8,2.0046806650572435,1.0370476119879202,0.21999999999999997,0.02564102564102587,8.751050273,1.8349798917770386,0,97.35520935058594
28.8,2.0046806650572435,1.0370476119879202,0.21999999999999997,0.02564102564102587,8.751050273,1.8349798917770386,0,97.35520935058594
28.8,2.0046806650572435,1.0370476119879202,0.20842105263157892,0.02564102564102587,8.751050273,1.8349798917770386,0,97.35520935058594
28.8,2.0046806650572435,1.0370476119879202,0.20842105263157892,0.02564102564102587,8.751050273,1.8349798917770386,0,97.35520935058594
28.8,2.012157290917355,1.0371043003428837,0.20842105263157892,0.02564102564102587,8.646318072,1.8349798917770386,0,97.35520935058594
28.8,2.012157290917355,1.0371043003428837,0.20842105263157892,0.02564102564102587,8.646318072,1.8349798917770386,0,97.35520935058594
28.8,2.012157290917355,1.0371043003428837,0.20842105263157892,0.02564102564102587,8.646318072,1.8349798917770386,0,97.35520935058594
28.8,2.0192425320131386,1.0371666590371984,0.20842105263157892,0.02564102564102587,8.59578957,1.8349798917770386,0,97.35520935058594
28.8,2.0192425320131386,1.0371666590371984,0.20842105263157892,0.02564102564102587,8.59578957,1.8349798917770386,0,97.35520935058594
28.8,2.0192425320131386,1.0371666590371984,0.20842105263157892,0.02564102564102587,8.59578957,1.8349798917770386,0,97.35520935058594
28.8,2.0192425320131386,1.0371666590371984,0.20842105263157892,0.02564102564102587,8.59578957,1.8349798917770386,0,97.35520935058594
28.900000000000002,2.0263280153549874,1.0372342275277966,0.20842105263157892,0.02564102564102587,8.544256741,1.8349798917770386,0,97.35520935058594
28.900000000000002,2.0263280153549874,1.0372342275277966,0.19684210526315787,0.0,8.544256741,1.8349798917770386,0,97.35520935058594
28.900000000000002,2.033413186642461,1.0373068170561404,0.19684210526315787,0.0,8.544256741,1.8349798917770386,0,97.35520935058594
28.900000000000002,2.033413186642461,1.0373068170561404,0.19684210526315787,0.0,8.593073437,1.8349798917770386,0,97.35520935058594
28.900000000000002,2.033413186642461,1.0373068170561404,0.19684210526315787,0.0,8.593073437,1.8349798917770386,0,97.35520935058594
28.900000000000002,2.033413186642461,1.0373068170561404,0.19684210526315787,0.0,8.593073437,1.8349798917770386,0,97.35520935058594
28.900000000000002,2.0401064665959914,1.0373809432797976,0.19684210526315787,0.0,8.593073437,1.8349798917770386,0,97.35520935058594
28.900000000000002,2.0401064665959914,1.0373809432797976,0.19684210526315787,0.0,8.695190552,1.8349798917770386,0,97.35520935058594
28.900000000000002,2.0401064665959914,1.0373809432797976,0.19684210526315787,0.0,8.695190552,1.8349798917770386,0,97.35520935058594
28.900000000000002,2.046801077557758,1.0374550630358008,0.19684210526315787,0.0,8.695190552,1.8349798917770386,0,97.35520935058594
28.900000000000002,2.046801077557758,1.0374550630358008,0.19684210526315787,0.0,8.531535126,1.7788245677947998,0,97.35520935058594
29.000000000000004,2.046801077557758,1.0374550630358008,0.19684210526315787,0.0,8.531535126,1.7788245677947998,0,97.35520935058594
29.000000000000004,2.046801077557758,1.0374550630358008,0.19684210526315787,0.0,8.531535126,1.7788245677947998,0,97.2489242553711
29.000000000000004,2.046801077557758,1.0374550630358008,0.19684210526315787,0.0,8.531535126,1.7788245677947998,0,97.2489242553711
29.000000000000004,2.046801077557758,1.0374550630358008,0.19684210526315787,0.0,8.531535126,1.7788245677947998,0,97.2489242553711
29.000000000000004,2.0534948057010505,1.0375262221926407,0.19684210526315787,0.0,8.583055344,1.7788245677947998,0,97.2489242553711
29.000000000000004,2.0534948057010505,1.0375262221926407,0.21999999999999997,0.0,8.583055344,1.7788245677947998,0,97.2489242553711
29.000000000000004,2.0534948057010505,1.0375262221926407,0.21999999999999997,0.0,8.583055344,1.7788245677947998,0,97.2489242553711
29.000000000000004,2.06018696774754,1.0375981443595217,0.21999999999999997,0.0,8.637257468,1.7788245677947998,0,97.2489242553711
29.000000000000004,2.06018696774754,1.0375981443595217,0.21999999999999997,0.0,8.637257468,1.7788245677947998,0,97.2489242553711
29.000000000000004,2.06018696774754,1.0375981443595217,0.21999999999999997,0.0,8.637257468,1.7788245677947998,0,97.2489242553711
29.000000000000004,2.06018696774754,1.0375981443595217,0.20842105263157892,0.0,8.637257468,1.7788245677947998,0,97.2489242553711
29.1,2.067712829815044,1.0377211250684586,0.20842105263157892,0.0,8.637304377,1.7788245677947998,0,97.2489242553711
29.1,2.067712829815044,1.0377211250684586,0.20842105263157892,0.0,8.637304377,1.7788245677947998,0,97.2489242553711
29.1,2.067712829815044,1.0377211250684586,0.20842105263157892,0.0,8.637304377,1.7788245677947998,0,97.2489242553711
29.1,2.067712829815044,1.0377211250684586,0.20842105263157892,0.0,8.637304377,1.7788245677947998,0,97.2489242553711
29.1,2.076429034239733,1.0392208029576342,0.20842105263157892,0.0,8.690154429,1.7788245677947998,0,97.2489242553711
29.1,2.076429034239733,1.0392208029576342,0.20842105263157892,0.0,8.690154429,1.7788245677947998,0,97.2489242553711
29.1,2.076429034239733,1.0392208029576342,0.20842105263157892,0.0,8.690154429,1.7788245677947998,0,97.2489242553711
29.1,2.085142088721276,1.0407703926174952,0.20842105263157892,0.0,8.691178653,1.7788245677947998,0,97.2489242553711
29.1,2.085142088721276,1.0407703926174952,0.20842105263157892,0.0,8.691178653,1.7788245677947998,0,97.2489242553711
29.1,2.085142088721276,1.0407703926174952,0.20842105263157892,0.0,8.691178653,1.7788245677947998,0,97.2489242553711
29.200000000000003,2.085142088721276,1.0407703926174952,0.20842105263157892,0.0,8.691178653,1.7788245677947998,0,97.2489242553711
29.200000000000003,2.0938526093131826,1.0423713114785296,0.20842105263157892,0.0,8.446882275,1.7288246154785156,0,97.2489242553711
29.200000000000003,2.0938526093131826,1.0423713114785296,0.20842105263157892,0.0,8.660344813,1.77251398563385,0,97.2489242553711
29.200000000000003,2.0938526093131826,1.0423713114785296,0.20842105263157892,0.0,8.660344813,1.77251398563385,0,97.2489242553711
29.200000000000003,2.1025607524469754,1.04402307845158,0.21999999999999997,0.0,8.660916577,1.77251398563385,0,97.2489242553711
29.200000000000003,2.1025607524469754,1.04402307845158,0.21999999999999997,0.0,8.660916577,1.77251398563385,0,97.2489242553711
29.200000000000003,2.1025607524469754,1.04402307845158,0.21999999999999997,0.0,8.660916577,1.77251398563385,0,97.2489242553711
29.200000000000003,2.1025607524469754,1.04402307845158,0.21999999999999997,0.0,8.660916577,1.77251398563385,0,97.2489242553711
29.200000000000003,2.1112662131701456,1.0457250847649404,0.21999999999999997,0.0,8.609768746,1.77251398563385,0,97.2489242553711
29.200000000000003,2.1112662131701456,1.0457250847649404,0.21999999999999997,0.0,8.609768746,1.77251398563385,0,97.2489242553711
29.200000000000003,2.1112662131701456,1.0457250847649404,0.21999999999999997,0.0,8.609768746,1.77251398563385,0,97.2489242553711
29.3,2.120218071866822,1.0473579445934784,0.21999999999999997,0.0,8.505420906,1.77251398563385,0,97.2489242553711
29.3,2.120218071866822,1.0473579445934784,0.21999999999999997,0.0,8.505420906,1.77251398563385,0,97.2489242553711
29.3,2.120218071866822,1.0473579445934784,0.21999999999999997,0.0,8.505420906,1.77251398563385,0,97.2489242553711
29.3,2.120218071866822,1.0473579445934784,0.20842105263157892,0.0,8.505420906,1.77251398563385,0,97.2489242553711
29.3,2.1276920639262316,1.0476296111461973,0.20842105263157892,0.0,8.405084658,1.77251398563385,0,97.2489242553711
29.3,2.1276920639262316,1.0476296111461973,0.20842105263157892,0.0,8.405084658,1.77251398563385,0,97.2489242553711
29.3,2.1276920639262316,1.0476296111461973,0.20842105263157892,0.0,8.405084658,1.77251398563385,0,97.2489242553711
29.3,2.1276920639262316,1.0476296111461973,0.20842105263157892,0.0,8.405084658,1.77251398563385,0,97.2489242553711
29.3,2.134774776529862,1.0478869524983745,0.19684210526315787,0.0,8.353367951,1.77251398563385,0,97.2489242553711
29.3,2.134774776529862,1.0478869524983745,0.19684210526315787,0.0,8.353367951,1.77251398563385,0,97.2489242553711
29.3,2.134774776529862,1.0478869524983745,0.19684210526315787,0.0,8.353367951,1.77251398563385,0,97.2489242553711
29.400000000000002,2.134774776529862,1.0478869524983745,0.19684210526315787,0.0,8.353367951,1.77251398563385,0,97.2489242553711
29.400000000000002,2.1418572781094443,1.0481441453696563,0.19684210526315787,0.0,8.166608302,1.722514033317566,0,97.2489242553711
29.400000000000002,2.1418572781094443,1.0481441453696563,0.19684210526315787,0.0,8.166608302,1.722514033317566,0,97.2489242553711
29.400000000000002,2.1418572781094443,1.0481441453696563,0.19684210526315787,0.0,8.166608302,1.722514033317566,0,97.2489242553711
29.400000000000002,2.1418572781094443,1.0481441453696563,0.19684210526315787,0.0,8.166608302,1.722514033317566,0,97.2489242553711
29.400000000000002,2.148548084752181,1.0483871473985544,0.19684210526315787,0.0,8.216323593,1.722514033317566,0,97.2489242553711
29.400000000000002,2.148548084752181,1.0483871473985544,0.19684210526315787,0.0,8.216323593,1.722514033317566,0,97.2489242553711
29.400000000000002,2.148548084752181,1.0483871473985544,0.19684210526315787,0.0,8.216323593,1.722514033317566,0,97.2489242553711
29.400000000000002,2.155238418276878,1.0486301417579378,0.19684210526315787,0.0,8.264771061,1.722514033317566,0,97.2489242553711
29.400000000000002,2.155238418276878,1.0486301417579378,0.19684210526315787,0.0,8.264771061,1.722514033317566,0,97.2489242553711
29.400000000000002,2.155238418276878,1.0486301417579378,0.19684210526315787,0.0,8.264771061,1.722514033317566,0,97.2489242553711
29.500000000000004,2.155238418276878,1.0486301417579378,0.19684210526315787,0.0,8.264771061,1.722514033317566,0,97.2489242553711
29.500000000000004,2.1619285423906978,1.0488730898458496,0.21999999999999997,0.0,8.316039451,1.722514033317566,0,97.13990783691406
29.500000000000004,2.1619285423906978,1.0488730898458496,0.21999999999999997,0.0,8.316039451,1.722514033317566,0,97.13990783691406
29.500000000000004,2.1619285423906978,1.0488730898458496,0.21999999999999997,0.0,8.316039451,1.722514033317566,0,97.13990783691406
29.500000000000004,2.1619285423906978,1.0488730898458496,0.21999999999999997,0.0,8.316039451,1.722514033317566,0,97.13990783691406
29.500000000000004,2.1686184551568637,1.0491160225859495,0.21999999999999997,0.0,8.366218268,1.722514033317566,0,97.13990783691406
29.500000000000004,2.1686184551568637,1.0491160225859495,0.21999999999999997,0.0,8.366218268,1.722514033317566,0,97.13990783691406
29.500000000000004,2.1686184551568637,1.0491160225859495,0.21999999999999997,0.0,8.366218268,1.722514033317566,0,97.13990783691406
29.500000000000004,2.1760927167702273,1.0493874704363357,0.21999999999999997,0.0,8.313983513,1.722514033317566,0,97.13990783691406
29.500000000000004,2.1760927167702273,1.0493874704363357,0.21999999999999997,0.0,8.313983513,1.722514033317566,0,97.13990783691406
29.500000000000004,2.1760927167702273,1.0493874704363357,0.21999999999999997,0.0,8.313983513,1.722514033317566,0,97.13990783691406
29.6,2.1835665278971024,1.0496588502883824,0.20842105263157892,0.0,8.311840844,1.722514033317566,0,97.13990783691406
29.6,2.1835665278971024,1.0496588502883824,0.20842105263157892,0.0,8.311840844,1.722514033317566,0,97.13990783691406
29.6,2.1835665278971024,1.0496588502883824,0.20842105263157892,0.0,8.311840844,1.722514033317566,0,97.13990783691406
29.6,2.1835665278971024,1.0496588502883824,0.20842105263157892,0.0,8.311840844,1.722514033317566,0,97.13990783691406
29.6,2.1906476590193495,1.0499159311164872,0.20842105263157892,0.0,8.119580873,1.6725139617919922,0,97.13990783691406
29.6,2.1906476590193495,1.0499159311164872,0.19684210526315787,0.0,8.119580873,1.6725139617919922,0,97.13990783691406
29.6,2.1906476590193495,1.0499159311164872,0.19684210526315787,0.0,8.119580873,1.6725139617919922,0,97.13990783691406
29.6,2.1906476590193495,1.0499159311164872,0.19684210526315787,0.0,8.119580873,1.6725139617919922,0,97.13990783691406
29.6,2.1977280808358164,1.0501729772346158,0.19684210526315787,0.0,8.12035451,1.6725139617919922,0,97.13990783691406
29.6,2.1977280808358164,1.0501729772346158,0.19684210526315787,0.0,8.12035451,1.6725139617919922,0,97.13990783691406
29.700000000000003,2.1977280808358164,1.0501729772346158,0.19684210526315787,0.0,8.12035451,1.6725139617919922,0,97.13990783691406
29.700000000000003,2.2044158273412457,1.050415754369103,0.19684210526315787,0.0,8.170307012,1.6725139617919922,0,97.13990783691406
29.700000000000003,2.2044158273412457,1.050415754369103,0.19684210526315787,0.0,8.170307012,1.6725139617919922,0,97.13990783691406
29.700000000000003,2.2044158273412457,1.050415754369103,0.19684210526315787,0.0,8.170307012,1.6725139617919922,0,97.13990783691406
29.700000000000003,2.2111034867695687,1.0506585025534227,0.19684210526315787,0.0,8.1690294,1.6725139617919922,0,97.13990783691406
29.700000000000003,2.2111034867695687,1.0506585025534227,0.19684210526315787,0.0,8.1690294,1.6725139617919922,0,97.13990783691406
29.700000000000003,2.2111034867695687,1.0506585025534227,0.19684210526315787,0.0,8.1690294,1.6725139617919922,0,97.13990783691406
29.700000000000003,2.2111034867695687,1.0506585025534227,0.19684210526315787,0.0,8.1690294,1.6725139617919922,0,97.13990783691406
29.700000000000003,2.2111034867695687,1.0506585025534227,0.19684210526315787,0.0,8.1690294,1.6725139617919922,0,97.13990783691406
29.700000000000003,2.2177909082652607,1.050901223714569,0.19684210526315787,0.0,8.171293615,1.6725139617919922,0,97.13990783691406
29.8,2.2177909082652607,1.050901223714569,0.21999999999999997,0.0,8.171293615,1.6725139617919922,0,97.13990783691406
29.8,2.22447865051352,1.0511439817133612,0.21999999999999997,0.0,8.171293615,1.6725139617919922,0,97.13990783691406
29.8,2.22447865051352,1.0511439817133612,0.21999999999999997,0.0,8.170162514,1.6725139617919922,0,97.13990783691406
29.8,2.22447865051352,1.0511439817133612,0.21999999999999997,0.0,8.170162514,1.6725139617919922,0,97.13990783691406
29.8,2.22447865051352,1.0511439817133612,0.21999999999999997,0.0,8.170162514,1.6725139617919922,0,97.13990783691406
29.8,2.231950997507134,1.0514152137193482,0.21999999999999997,0.0,8.072986674,1.6725139617919922,0,97.13990783691406
29.8,2.231950997507134,1.0514152137193482,0.19684210526315787,0.0,8.072986674,1.6725139617919922,0,97.13990783691406
29.8,2.231950997507134,1.0514152137193482,0.19684210526315787,0.0,8.072986674,1.6725139617919922,0,97.13990783691406
29.8,2.2394246229263506,1.0516864357533122,0.19684210526315787,0.0,8.072986674,1.6725139617919922,0,97.13990783691406
29.8,2.2394246229263506,1.0516864357533122,0.19684210526315787,0.0,8.075318347,1.6725139617919922,0,97.13990783691406
29.8,2.2394246229263506,1.0516864357533122,0.19684210526315787,0.0,8.075318347,1.6725139617919922,0,97.13990783691406
29.900000000000002,2.2394246229263506,1.0516864357533122,0.19684210526315787,0.0,8.075318347,1.6725139617919922,0,97.13990783691406
29.900000000000002,2.246114189809978,1.0519291818170626,0.19684210526315787,0.0,7.93094549,1.622514009475708,0,97.13990783691406
29.900000000000002,2.246114189809978,1.0519291818170626,0.19684210526315787,0.0,7.93094549,1.622514009475708,0,97.13990783691406
29.900000000000002,2.246114189809978,1.0519291818170626,0.19684210526315787,0.0,7.93094549,1.622514009475708,0,97.13990783691406
29.900000000000002,2.2528030408288138,1.0521718835372709,0.21999999999999997,0.0,7.93094549,1.622514009475708,0,97.13990783691406
29.900000000000002,2.2528030408288138,1.0521718835372709,0.21999999999999997,0.0,7.97978987,1.622514009475708,0,97.13990783691406
29.900000000000002,2.2528030408288138,1.0521718835372709,0.21999999999999997,0.0,7.97978987,1.622514009475708,0,97.13990783691406
29.900000000000002,2.2528030408288138,1.0521718835372709,0.21999999999999997,0.0,7.97978987,1.622514009475708,0,97.13990783691406
29.900000000000002,2.260277432343885,1.0524430717718958,0.21999999999999997,0.0,7.931479168,1.622514009475708,0,97.13990783691406
30.000000000000004,2.260277432343885,1.0524430717718958,0.21999999999999997,0.0,7.931479168,1.622514009475708,0,97.13990783691406
30.000000000000004,2.260277432343885,1.0524430717718958,0.21999999999999997,0.0,7.931479168,1.622514009475708,0,97.03479766845703
30.000000000000004,2.267752464645958,1.052714256314351,0.21999999999999997,0.0,7.836106812,1.622514009475708,0,97.03479766845703
30.000000000000004,2.267752464645958,1.052714256314351,0.21999999999999997,0.0,7.836106812,1.622514009475708,0,97.03479766845703
30.000000000000004,2.267752464645958,1.052714256314351,0.21999999999999997,0.0,7.836106812,1.622514009475708,0,97.03479766845703
30.000000000000004,2.267752464645958,1.052714256314351,0.20842105263157892,0.0,7.836106812,1.622514009475708,0,97.03479766845703
30.000000000000004,2.275227555551156,1.0529854343366185,0.20842105263157892,0.0,7.742824408,1.622514009475708,0,97.03479766845703
30.000000000000004,2.275227555551156,1.0529854343366185,0.20842105263157892,0.0,7.742824408,1.622514009475708,0,97.03479766845703
30.000000000000004,2.275227555551156,1.0529854343366185,0.20842105263157892,0.0,7.742824408,1.622514009475708,0,97.03479766845703
30.000000000000004,2.275227555551156,1.0529854343366185,0.20842105263157892,0.0,7.742824408,1.622514009475708,0,97.03479766845703
30.000000000000004,2.28231083562745,1.0532423997124045,0.20842105263157892,0.0,7.694886187,1.622514009475708,0,97.03479766845703
30.1,2.28231083562745,1.0532423997124045,0.20842105263157892,0.0,7.694886187,1.622514009475708,0,97.03479766845703
30.1,2.28231083562745,1.0532423997124045,0.20842105263157892,0.0,7.694886187,1.622514009475708,0,97.03479766845703
30.1,2.28231083562745,1.0532423997124045,0.20842105263157892,0.0,7.694886187,1.622514009475708,0,97.03479766845703
30.1,2.2893935445961793,1.053499304199512,0.20842105263157892,0.0,7.315833628,1.5518033504486084,0,97.03479766845703
30.1,2.2893935445961793,1.053499304199512,0.19684210526315787,0.0,7.315833628,1.5518033504486084,0,97.03479766845703
30.1,2.2893935445961793,1.053499304199512,0.19684210526315787,0.0,7.315833628,1.5518033504486084,0,97.03479766845703
30.1,2.2893935445961793,1.053499304199512,0.19684210526315787,0.0,7.315833628,1.5518033504486084,0,97.03479766845703
30.1,2.2964762253500117,1.053756192825066,0.19684210526315787,0.0,7.357747043,1.5518033504486084,0,97.03479766845703
30.1,2.2964762253500117,1.053756192825066,0.19684210526315787,0.0,7.357747043,1.5518033504486084,0,97.03479766845703
30.1,2.2964762253500117,1.053756192825066,0.19684210526315787,0.0,7.248795299,1.5288245677947998,0,97.03479766845703
30.1,2.3031662597274245,1.0539988489962833,0.19684210526315787,0.0,7.336392645,1.5288245677947998,0,97.03479766845703
30.200000000000003,2.3031662597274245,1.0539988489962833,0.19684210526315787,0.0,7.336392645,1.5288245677947998,0,97.03479766845703
30.200000000000003,2.3031662597274245,1.0539988489962833,0.19684210526315787,0.0,7.336392645,1.5288245677947998,0,97.03479766845703
30.200000000000003,2.309855785179096,1.0542414586297917,0.19684210526315787,0.0,7.336130874,1.5288245677947998,0,97.03479766845703
30.200000000000003,2.309855785179096,1.0542414586297917,0.18526315789473682,0.0,7.336130874,1.5288245677947998,0,97.03479766845703
30.200000000000003,2.309855785179096,1.0542414586297917,0.18526315789473682,0.0,7.336130874,1.5288245677947998,0,97.03479766845703
30.200000000000003,2.309855785179096,1.0542414586297917,0.18526315789473682,0.0,7.336130874,1.5288245677947998,0,97.03479766845703
30.200000000000003,2.316544408776347,1.0544840054500675,0.18526315789473682,0.0,7.337376569,1.5288245677947998,0,97.03479766845703
30.200000000000003,2.316544408776347,1.0544840054500675,0.18526315789473682,0.0,7.337376569,1.5288245677947998,0,97.03479766845703
30.200000000000003,2.316544408776347,1.0544840054500675,0.18526315789473682,0.0,7.337376569,1.5288245677947998,0,97.03479766845703
30.200000000000003,2.322840599479777,1.0547123447332751,0.18526315789473682,0.0,7.473699655,1.5288245677947998,0,97.03479766845703
30.3,2.322840599479777,1.0547123447332751,0.18526315789473682,0.0,7.473699655,1.5288245677947998,0,97.03479766845703
30.3,2.322840599479777,1.0547123447332751,0.18526315789473682,0.0,7.473699655,1.5288245677947998,0,97.03479766845703
30.3,2.322840599479777,1.0547123447332751,0.18526315789473682,0.0,7.473699655,1.5288245677947998,0,97.03479766845703
30.3,2.328541410952438,1.0526270131547506,0.17368421052631577,0.0,7.612520861,1.5288245677947998,0,97.03479766845703
30.3,2.328541410952438,1.0526270131547506,0.17368421052631577,0.0,7.612520861,1.5288245677947998,0,97.03479766845703
30.3,2.328541410952438,1.0526270131547506,0.17368421052631577,0.0,7.612520861,1.5288245677947998,0,97.03479766845703
30.3,2.333489293261465,1.0475837859014119,0.17368421052631577,0.0,7.760417141,1.5288245677947998,0,97.03479766845703
30.3,2.333489293261465,1.0475837859014119,0.17368421052631577,0.0,7.760417141,1.5288245677947998,0,97.03479766845703
30.3,2.333489293261465,1.0475837859014119,0.17368421052631577,0.0,7.760417141,1.5288245677947998,0,97.03479766845703
30.3,2.333489293261465,1.0475837859014119,0.17368421052631577,0.0,7.760417141,1.5288245677947998,0,97.03479766845703
30.3,2.3380430451088685,1.042490953886781,0.17368421052631577,0.0,7.913083155,1.5288245677947998,0,97.03479766845703
30.400000000000002,2.3380430451088685,1.042490953886781,0.17368421052631577,0.0,7.913083155,1.5288245677947998,0,97.03479766845703
30.400000000000002,2.3380430451088685,1.042490953886781,0.17368421052631577,0.0,7.913083155,1.5288245677947998,0,97.03479766845703
30.400000000000002,2.342594490937978,1.0373622456250071,0.17368421052631577,0.0,8.071201438,1.5288245677947998,0,97.03479766845703
30.400000000000002,2.342594490937978,1.0373622456250071,0.17368421052631577,0.0,7.80723389,1.4788246154785156,0,97.03479766845703
30.400000000000002,2.342594490937978,1.0373622456250071,0.17368421052631577,0.0,7.80723389,1.4788246154785156,0,97.03479766845703
30.400000000000002,2.342594490937978,1.0373622456250071,0.17368421052631577,0.0,7.80723389,1.4788246154785156,0,97.03479766845703
30.400000000000002,2.3471448894392535,1.0321977104857787,0.17368421052631577,0.0,7.970007906,1.4788246154785156,0,97.03479766845703
30.400000000000002,2.3471448894392535,1.0321977104857787,0.21999999999999997,0.0,7.970007906,1.4788246154785156,0,97.03479766845703
30.400000000000002,2.3471448894392535,1.0321977104857787,0.21999999999999997,0.0,7.970007906,1.4788246154785156,0,97.03479766845703
30.400000000000002,2.351693045559802,1.0269973491935318,0.21999999999999997,0.0,8.078408793,1.4788246154785156,0,97.03479766845703
30.500000000000004,2.351693045559802,1.0269973491935318,0.21999999999999997,0.0,8.078408793,1.4788246154785156,0,96.93991088867188
30.500000000000004,2.351693045559802,1.0269973491935318,0.21999999999999997,0.0,8.078408793,1.4788246154785156,0,96.93991088867188
30.500000000000004,2.351693045559802,1.0269973491935318,0.21999999999999997,0.0,8.078408793,1.4788246154785156,0,96.93991088867188
30.500000000000004,2.3581904353591963,1.0249403996240267,0.21999999999999997,0.0,8.030859924,1.4788246154785156,0,96.93991088867188
30.500000000000004,2.3581904353591963,1.0249403996240267,0.21999999999999997,0.0,8.030859924,1.4788246154785156,0,96.93991088867188
30.500000000000004,2.3581904353591963,1.0249403996240267,0.21999999999999997,0.0,8.030859924,1.4788246154785156,0,96.93991088867188
30.500000000000004,2.3656655493945316,1.0250935401993622,0.21999999999999997,0.0,8.030859924,1.4788246154785156,0,96.93991088867188
30.500000000000004,2.3656655493945316,1.0250935401993622,0.20842105263157892,0.0,7.922984234,1.4788246154785156,0,96.93991088867188
30.500000000000004,2.3656655493945316,1.0250935401993622,0.20842105263157892,0.0,7.922984234,1.4788246154785156,0,96.93991088867188
30.500000000000004,2.3656655493945316,1.0250935401993622,0.20842105263157892,0.0,7.922984234,1.4788246154785156,0,96.93991088867188
30.6,2.373140796815566,1.0252466857096647,0.20842105263157892,0.0,7.922984234,1.4788246154785156,0,96.93991088867188
30.6,2.373140796815566,1.0252466857096647,0.20842105263157892,0.0,7.766100744,1.4788246154785156,0,96.93991088867188
30.6,2.373140796815566,1.0252466857096647,0.20842105263157892,0.0,7.766100744,1.4788246154785156,0,96.93991088867188
30.6,2.373140796815566,1.0252466857096647,0.20842105263157892,0.0,7.766100744,1.4788246154785156,0,96.93991088867188
30.6,2.3802253949131438,1.0253918201265904,0.20842105263157892,0.0,7.666921976,1.4788246154785156,0,96.93991088867188
30.6,2.3802253949131438,1.0253918201265904,0.20842105263157892,0.0,7.666921976,1.4788246154785156,0,96.93991088867188
30.6,2.3802253949131438,1.0253918201265904,0.20842105263157892,0.0,7.666921976,1.4788246154785156,0,96.93991088867188
30.6,2.3802253949131438,1.0253918201265904,0.19684210526315787,0.0,7.666921976,1.4788246154785156,0,96.93991088867188
30.6,2.3873097085623556,1.0255369423083078,0.19684210526315787,0.0,7.5664039370000005,1.4788246154785156,0,96.93991088867188
30.6,2.3873097085623556,1.0255369423083078,0.19684210526315787,0.0,7.5664039370000005,1.4788246154785156,0,96.93991088867188
30.6,2.3873097085623556,1.0255369423083078,0.19684210526315787,0.0,7.5664039370000005,1.4788246154785156,0,96.93991088867188
30.700000000000003,2.3940034618991937,1.0256740620655314,0.19684210526315787,0.0,7.217065687,1.428824543952942,0,96.93991088867188
30.700000000000003,2.3940034618991937,1.0256740620655314,0.21999999999999997,0.0,7.217065687,1.428824543952942,0,96.93991088867188
30.700000000000003,2.3940034618991937,1.0256740620655314,0.21999999999999997,0.0,7.217065687,1.428824543952942,0,96.93991088867188
30.700000000000003,2.3940034618991937,1.0256740620655314,0.21999999999999997,0.0,7.217065687,1.428824543952942,0,96.93991088867188
30.700000000000003,2.400696853186985,1.0258111759738138,0.21999999999999997,0.0,7.126259104,1.428824543952942,0,96.93991088867188
30.700000000000003,2.400696853186985,1.0258111759738138,0.21999999999999997,0.0,7.126259104,1.428824543952942,0,96.93991088867188
30.700000000000003,2.400696853186985,1.0258111759738138,0.21999999999999997,0.0,7.126259104,1.428824543952942,0,96.93991088867188
30.700000000000003,2.4081771201464677,1.0259644159643595,0.21999999999999997,0.0,6.950237265,1.428824543952942,0,96.93991088867188
30.700000000000003,2.4081771201464677,1.0259644159643595,0.21999999999999997,0.0,6.950237265,1.428824543952942,0,96.93991088867188
30.700000000000003,2.4081771201464677,1.0259644159643595,0.21999999999999997,0.0,6.950237265,1.428824543952942,0,96.93991088867188
30.700000000000003,2.4081771201464677,1.0259644159643595,0.21999999999999997,0.0,6.950237265,1.428824543952942,0,96.93991088867188
30.8,2.415657587707958,1.02611764802622,0.20842105263157892,0.0,6.784920567,1.428824543952942,0,96.93991088867188
30.8,2.415657587707958,1.02611764802622,0.20842105263157892,0.0,6.784920567,1.428824543952942,0,96.93991088867188
30.8,2.415657587707958,1.02611764802622,0.20842105263157892,0.0,6.784920567,1.428824543952942,0,96.93991088867188
30.8,2.4231383643853737,1.0262708766667012,0.20842105263157892,0.0,6.740198676,1.428824543952942,0,96.93991088867188
30.8,2.4231383643853737,1.0262708766667012,0.20842105263157892,0.0,6.740198676,1.428824543952942,0,96.93991088867188
30.8,2.4231383643853737,1.0262708766667012,0.20842105263157892,0.0,6.740198676,1.428824543952942,0,96.93991088867188
30.8,2.4231383643853737,1.0262708766667012,0.20842105263157892,0.0,6.740198676,1.428824543952942,0,96.93991088867188
30.8,2.4302271053425706,1.0264160752827507,0.20842105263157892,0.0,6.740198676,1.428824543952942,0,96.93991088867188
30.8,2.4302271053425706,1.0264160752827507,0.20842105263157892,0.0,6.778945464,1.428824543952942,0,96.93991088867188
30.8,2.4302271053425706,1.0264160752827507,0.20842105263157892,0.0,6.778945464,1.428824543952942,0,96.93991088867188
30.8,2.4302271053425706,1.0264160752827507,0.19684210526315787,0.0,6.778945464,1.428824543952942,0,96.93991088867188
30.900000000000002,2.4373140776315756,1.0265612388898158,0.19684210526315787,0.0,6.817693848,1.428824543952942,0,96.93991088867188
30.900000000000002,2.4373140776315756,1.0265612388898158,0.19684210526315787,0.0,6.817693848,1.428824543952942,0,96.93991088867188
30.900000000000002,2.4373140776315756,1.0265612388898158,0.19684210526315787,0.0,6.817693848,1.428824543952942,0,96.93991088867188
30.900000000000002,2.4440085897737913,1.0266983614623497,0.19684210526315787,0.0,6.618970905,1.3788245916366577,0,96.93991088867188
30.900000000000002,2.4440085897737913,1.0266983614623497,0.19684210526315787,0.0,6.618970905,1.3788245916366577,0,96.93991088867188
30.900000000000002,2.4440085897737913,1.0266983614623497,0.19684210526315787,0.0,6.618970905,1.3788245916366577,0,96.93991088867188
30.900000000000002,2.4440085897737913,1.0266983614623497,0.19684210526315787,0.0,6.618970905,1.3788245916366577,0,96.93991088867188
30.900000000000002,2.4507008996208453,1.0268354333866605,0.19684210526315787,0.0,6.657712419,1.3788245916366577,0,96.93991088867188
30.900000000000002,2.4507008996208453,1.0268354333866605,0.19684210526315787,0.0,6.657712419,1.3788245916366577,0,96.93991088867188
30.900000000000002,2.4507008996208453,1.0268354333866605,0.19684210526315787,0.0,6.657712419,1.3788245916366577,0,96.93991088867188
31.000000000000004,2.4507008996208453,1.0268354333866605,0.19684210526315787,0.0,6.657712419,1.3788245916366577,0,96.93991088867188
31.000000000000004,2.4573921616967507,1.026972488988842,0.19684210526315787,0.0,6.658896789,1.3788245916366577,0,96.84090423583984
31.000000000000004,2.4573921616967507,1.026972488988842,0.19684210526315787,0.0,6.658896789,1.3788245916366577,0,96.84090423583984
31.000000000000004,2.4573921616967507,1.026972488988842,0.19684210526315787,0.0,6.658896789,1.3788245916366577,0,96.84090423583984
31.000000000000004,2.4573921616967507,1.026972488988842,0.20842105263157892,0.0,6.658896789,1.3788245916366577,0,96.84090423583984
31.000000000000004,2.4640822127277544,1.0271095149940488,0.20842105263157892,0.0,6.659834074,1.3788245916366577,0,96.84090423583984
31.000000000000004,2.4640822127277544,1.0271095149940488,0.20842105263157892,0.0,6.659834074,1.3788245916366577,0,96.84090423583984
31.000000000000004,2.4640822127277544,1.0271095149940488,0.20842105263157892,0.0,6.659834074,1.3788245916366577,0,96.84090423583984
31.000000000000004,2.4711653887798057,1.0272545987232036,0.20842105263157892,0.0,6.659834074,1.3788245916366577,0,96.84090423583984
31.000000000000004,2.4711653887798057,1.0272545987232036,0.20842105263157892,0.0,6.699265815,1.3788245916366577,0,96.84090423583984
31.000000000000004,2.4711653887798057,1.0272545987232036,0.20842105263157892,0.0,6.699265815,1.3788245916366577,0,96.84090423583984
31.1,2.4711653887798057,1.0272545987232036,0.20842105263157892,0.0,6.699265815,1.3788245916366577,0,96.84090423583984
31.1,2.478247171383098,1.0273996513186185,0.20842105263157892,0.0,6.740075623,1.3788245916366577,0,96.84090423583984
31.1,2.478247171383098,1.0273996513186185,0.20842105263157892,0.0,6.740075623,1.3788245916366577,0,96.84090423583984
31.1,2.478247171383098,1.0273996513186185,0.19684210526315787,0.0,6.740075623,1.3788245916366577,0,96.84090423583984
31.1,2.478247171383098,1.0273996513186185,0.19684210526315787,0.0,6.740075623,1.3788245916366577,0,96.84090423583984
31.1,2.4853287989143302,1.027544701277587,0.19684210526315787,0.0,6.698088993,1.361803412437439,0,96.84090423583984
31.1,2.4853287989143302,1.027544701277587,0.19684210526315787,0.0,6.698088993,1.361803412437439,0,96.84090423583984
31.1,2.4853287989143302,1.027544701277587,0.19684210526315787,0.0,6.698088993,1.361803412437439,0,96.84090423583984
31.1,2.492019393594502,1.027681738425212,0.19684210526315787,0.0,6.698088993,1.361803412437439,0,96.84090423583984
31.1,2.492019393594502,1.027681738425212,0.19684210526315787,0.0,6.492254245,1.3118034601211548,0,96.84090423583984
31.1,2.492019393594502,1.027681738425212,0.19684210526315787,0.0,6.492254245,1.3118034601211548,0,96.84090423583984
31.1,2.492019393594502,1.027681738425212,0.19684210526315787,0.0,6.492254245,1.3118034601211548,0,96.84090423583984
31.200000000000003,2.492019393594502,1.027681738425212,0.19684210526315787,0.0,6.492254245,1.3118034601211548,0,96.84090423583984
31.200000000000003,2.4987090766729354,1.0278187549135636,0.21999999999999997,-0.12820512820512797,6.492254245,1.3118034601211548,0,96.84090423583984
31.200000000000003,2.4987090766729354,1.0278187549135636,0.21999999999999997,-0.12820512820512797,6.533139508,1.3118034601211548,0,96.84090423583984
31.200000000000003,2.4987090766729354,1.0278187549135636,0.21999999999999997,-0.12820512820512797,6.533139508,1.3118034601211548,0,96.84090423583984
31.200000000000003,2.4987090766729354,1.0278187549135636,0.21999999999999997,-0.12820512820512797,6.533139508,1.3118034601211548,0,96.84090423583984
31.200000000000003,2.5061899911461243,1.0279663529475926,0.21999999999999997,-0.12820512820512797,6.451324637,1.3118034601211548,0,96.84090423583984
31.200000000000003,2.5061899911461243,1.0279663529475926,0.20842105263157892,-0.02564102564102541,6.451324637,1.3118034601211548,0,96.84090423583984
31.200000000000003,2.5061899911461243,1.0279663529475926,0.20842105263157892,-0.02564102564102541,6.451324637,1.3118034601211548,0,96.84090423583984
31.200000000000003,2.5136799472157207,1.0280789979397142,0.20842105263157892,-0.02564102564102541,6.372728567,1.3118034601211548,0,96.84090423583984
31.200000000000003,2.5136799472157207,1.0280789979397142,0.20842105263157892,-0.02564102564102541,6.372728567,1.3118034601211548,0,96.84090423583984
31.200000000000003,2.5136799472157207,1.0280789979397142,0.20842105263157892,-0.02564102564102541,6.372728567,1.3118034601211548,0,96.84090423583984
31.3,2.5136799472157207,1.0280789979397142,0.20842105263157892,-0.02564102564102541,6.372728567,1.3118034601211548,0,96.84090423583984
31.3,2.520773648219409,1.0281467607975059,0.20842105263157892,-0.02564102564102541,6.333123234,1.3118034601211548,0,96.84090423583984
31.3,2.520773648219409,1.0281467607975059,0.20842105263157892,-0.02564102564102541,6.333123234,1.3118034601211548,0,96.84090423583984
31.3,2.520773648219409,1.0281467607975059,0.20842105263157892,-0.02564102564102541,6.333123234,1.3118034601211548,0,96.84090423583984
31.3,2.5278570758630856,1.0282147897797977,0.20842105263157892,-0.02564102564102541,6.294009805,1.3118034601211548,0,96.84090423583984
31.3,2.5278570758630856,1.0282147897797977,0.19684210526315787,-0.12820512820512797,6.294009805,1.3118034601211548,0,96.84090423583984
31.3,2.5278570758630856,1.0282147897797977,0.19684210526315787,-0.12820512820512797,6.294009805,1.3118034601211548,0,96.84090423583984
31.3,2.5278570758630856,1.0282147897797977,0.19684210526315787,-0.12820512820512797,6.294009805,1.3118034601211548,0,96.84090423583984
31.3,2.534945653723305,1.0282925387610748,0.19684210526315787,-0.12820512820512797,6.293494285,1.3118034601211548,0,96.84090423583984
31.3,2.534945653723305,1.0282925387610748,0.19684210526315787,-0.12820512820512797,6.293494285,1.3118034601211548,0,96.84090423583984
31.400000000000002,2.534945653723305,1.0282925387610748,0.19684210526315787,-0.12820512820512797,6.293494285,1.3118034601211548,0,96.84090423583984
31.400000000000002,2.534945653723305,1.0282925387610748,0.19684210526315787,-0.12820512820512797,6.293494285,1.3118034601211548,0,96.84090423583984
31.400000000000002,2.5416512603948016,1.0283491814464758,0.19684210526315787,-0.12820512820512797,6.087997706,1.261803388595581,0,96.84090423583984
31.400000000000002,2.5416512603948016,1.0283491814464758,0.19684210526315787,-0.12820512820512797,6.087997706,1.261803388595581,0,96.84090423583984
31.400000000000002,2.5416512603948016,1.0283491814464758,0.19684210526315787,-0.12820512820512797,6.087997706,1.261803388595581,0,96.84090423583984
31.400000000000002,2.548357834415396,1.0283684274113865,0.21999999999999997,-0.07692307692307669,6.123514124,1.261803388595581,0,96.84090423583984
31.400000000000002,2.548357834415396,1.0283684274113865,0.21999999999999997,-0.07692307692307669,6.123514124,1.261803388595581,0,96.84090423583984
31.400000000000002,2.548357834415396,1.0283684274113865,0.21999999999999997,-0.07692307692307669,6.123514124,1.261803388595581,0,96.84090423583984
31.400000000000002,2.5550606063988424,1.0283542728107622,0.21999999999999997,-0.07692307692307669,6.123514124,1.261803388595581,0,96.84090423583984
31.400000000000002,2.5550606063988424,1.0283542728107622,0.21999999999999997,-0.07692307692307669,6.123860959,1.261803388595581,0,96.84090423583984
31.400000000000002,2.5550606063988424,1.0283542728107622,0.21999999999999997,-0.07692307692307669,6.123860959,1.261803388595581,0,96.84090423583984
31.500000000000004,2.5550606063988424,1.0283542728107622,0.21999999999999997,-0.07692307692307669,6.123860959,1.261803388595581,0,96.73653411865234
31.500000000000004,2.562546946488469,1.0283142196872368,0.21999999999999997,-0.07692307692307669,6.050426638,1.261803388595581,0,96.73653411865234
31.500000000000004,2.562546946488469,1.0283142196872368,0.21999999999999997,-0.07692307692307669,6.050426638,1.261803388595581,0,96.73653411865234
31.500000000000004,2.562546946488469,1.0283142196872368,0.21999999999999997,-0.07692307692307669,6.050426638,1.261803388595581,0,96.73653411865234
31.500000000000004,2.562546946488469,1.0283142196872368,0.20842105263157892,-0.07692307692307669,6.050426638,1.261803388595581,0,96.73653411865234
31.500000000000004,2.5700304231135593,1.028256510291376,0.20842105263157892,-0.07692307692307669,6.049192975,1.261803388595581,0,96.73653411865234
31.500000000000004,2.5700304231135593,1.028256510291376,0.20842105263157892,-0.07692307692307669,6.049192975,1.261803388595581,0,96.73653411865234
31.500000000000004,2.5700304231135593,1.028256510291376,0.20842105263157892,-0.07692307692307669,6.049192975,1.261803388595581,0,96.73653411865234
31.500000000000004,2.5771221613340822,1.0281848130488347,0.20842105263157892,-0.07692307692307669,6.085972149,1.261803388595581,0,96.73653411865234
31.6,2.5771221613340822,1.0281848130488347,0.20842105263157892,-0.07692307692307669,6.085972149,1.261803388595581,0,96.73653411865234
31.6,2.5771221613340822,1.0281848130488347,0.20842105263157892,-0.07692307692307669,6.085972149,1.261803388595581,0,96.73653411865234
31.6,2.5842120487342624,1.0280929000316892,0.20842105263157892,-0.07692307692307669,6.085433398,1.261803388595581,0,96.73653411865234
31.6,2.5842120487342624,1.0280929000316892,0.20842105263157892,-0.07692307692307669,6.085433398,1.261803388595581,0,96.73653411865234
31.6,2.5842120487342624,1.0280929000316892,0.20842105263157892,-0.07692307692307669,6.085433398,1.261803388595581,0,96.73653411865234
31.6,2.5842120487342624,1.0280929000316892,0.21999999999999997,-0.07692307692307669,6.085433398,1.261803388595581,0,96.73653411865234
31.6,2.591300424033933,1.0279820493051828,0.21999999999999997,-0.07692307692307669,5.843965004,1.2118034362792969,0,96.73653411865234
31.6,2.591300424033933,1.0279820493051828,0.21999999999999997,-0.07692307692307669,5.843965004,1.2118034362792969,0,96.73653411865234
31.6,2.591300424033933,1.0279820493051828,0.21999999999999997,-0.07692307692307669,5.843965004,1.2118034362792969,0,96.73653411865234
31.6,2.5987822636157234,1.0278463626606356,0.21999999999999997,-0.07692307692307669,5.807794767,1.2118034362792969,0,96.73653411865234
31.6,2.5987822636157234,1.0278463626606356,0.21999999999999997,-0.07692307692307669,5.807794767,1.2118034362792969,0,96.73653411865234
31.700000000000003,2.5987822636157234,1.0278463626606356,0.21999999999999997,-0.07692307692307669,5.807794767,1.2118034362792969,0,96.73653411865234
31.700000000000003,2.606071710455508,1.028423532641309,0.21999999999999997,-0.07692307692307669,5.739117979,1.2118034362792969,0,96.73653411865234
31.700000000000003,2.606071710455508,1.028423532641309,0.21999999999999997,-0.07692307692307669,5.739117979,1.2118034362792969,0,96.73653411865234
31.700000000000003,2.606071710455508,1.028423532641309,0.21999999999999997,-0.07692307692307669,5.739117979,1.2118034362792969,0,96.73653411865234
31.700000000000003,2.606071710455508,1.028423532641309,0.20842105263157892,-0.07692307692307669,5.739117979,1.2118034362792969,0,96.73653411865234
31.700000000000003,2.612738650485263,1.0313592031292185,0.20842105263157892,-0.07692307692307669,5.672483089,1.2118034362792969,0,96.73653411865234
31.700000000000003,2.612738650485263,1.0313592031292185,0.20842105263157892,-0.07692307692307669,5.672483089,1.2118034362792969,0,96.73653411865234
31.700000000000003,2.612738650485263,1.0313592031292185,0.20842105263157892,-0.07692307692307669,5.672483089,1.2118034362792969,0,96.73653411865234
31.700000000000003,2.6190147110838993,1.0342826198334243,0.20842105263157892,-0.07692307692307669,5.638684701,1.2118034362792969,0,96.73653411865234
31.700000000000003,2.6190147110838993,1.0342826198334243,0.20842105263157892,-0.07692307692307669,5.638684701,1.2118034362792969,0,96.73653411865234
31.8,2.6190147110838993,1.0342826198334243,0.20842105263157892,-0.07692307692307669,5.638684701,1.2118034362792969,0,96.73653411865234
31.8,2.6190147110838993,1.0342826198334243,0.20842105263157892,-0.07692307692307669,5.638684701,1.2118034362792969,0,96.73653411865234
31.8,2.6252892666533154,1.0371845235356383,0.20842105263157892,-0.07692307692307669,5.670712696,1.2118034362792969,0,96.73653411865234
31.8,2.6252892666533154,1.0371845235356383,0.20842105263157892,-0.07692307692307669,5.670712696,1.2118034362792969,0,96.73653411865234
31.8,2.6252892666533154,1.0371845235356383,0.20842105263157892,-0.07692307692307669,5.670712696,1.2118034362792969,0,96.73653411865234
31.8,2.631563874619185,1.0400644881976264,0.20842105263157892,-0.07692307692307669,5.705032579,1.2118034362792969,0,96.73653411865234
31.8,2.631563874619185,1.0400644881976264,0.20842105263157892,-0.07692307692307669,5.705032579,1.2118034362792969,0,96.73653411865234
31.8,2.631563874619185,1.0400644881976264,0.20842105263157892,-0.07692307692307669,5.705032579,1.2118034362792969,0,96.73653411865234
31.8,2.631563874619185,1.0400644881976264,0.20842105263157892,-0.07692307692307669,5.705032579,1.2118034362792969,0,96.73653411865234
31.8,2.637838278466762,1.0429228292803967,0.19684210526315787,-0.07692307692307669,5.704740658,1.2118034362792969,0,96.73653411865234
31.8,2.637838278466762,1.0429228292803967,0.19684210526315787,-0.07692307692307669,5.704740658,1.2118034362792969,0,96.73653411865234
31.900000000000002,2.637838278466762,1.0429228292803967,0.19684210526315787,-0.07692307692307669,5.704740658,1.2118034362792969,0,96.73653411865234
31.900000000000002,2.637838278466762,1.0429228292803967,0.19684210526315787,-0.07692307692307669,5.704740658,1.2118034362792969,0,96.73653411865234
31.900000000000002,2.6443995336497568,1.0446642150656407,0.19684210526315787,-0.07692307692307669,5.469260434,1.1618033647537231,0,96.73653411865234
31.900000000000002,2.6443995336497568,1.0446642150656407,0.19684210526315787,-0.07692307692307669,5.469260434,1.1618033647537231,0,96.73653411865234
31.900000000000002,2.6443995336497568,1.0446642150656407,0.19684210526315787,-0.07692307692307669,5.469260434,1.1618033647537231,0,96.73653411865234
31.900000000000002,2.651095956508372,1.0443935806315223,0.19684210526315787,-0.07692307692307669,5.500717391,1.1618033647537231,0,96.73653411865234
31.900000000000002,2.651095956508372,1.0443935806315223,0.19684210526315787,-0.07692307692307669,5.500717391,1.1618033647537231,0,96.73653411865234
31.900000000000002,2.651095956508372,1.0443935806315223,0.19684210526315787,-0.07692307692307669,5.500717391,1.1618033647537231,0,96.73653411865234
31.900000000000002,2.651095956508372,1.0443935806315223,0.20842105263157892,0.0,5.500717391,1.1618033647537231,0,96.73653411865234
31.900000000000002,2.6577895141428676,1.0441051894015838,0.20842105263157892,0.0,5.568745907,1.1618033647537231,0,96.73653411865234
32.0,2.6577895141428676,1.0441051894015838,0.20842105263157892,0.0,5.568745907,1.1618033647537231,0,96.63259887695312
32.0,2.6577895141428676,1.0441051894015838,0.20842105263157892,0.0,5.568745907,1.1618033647537231,0,96.63259887695312
32.0,2.6648732110265856,1.043784529481694,0.20842105263157892,0.0,5.603651298,1.1618033647537231,0,96.63259887695312
32.0,2.6648732110265856,1.043784529481694,0.20842105263157892,0.0,5.603651298,1.1618033647537231,0,96.63259887695312
32.0,2.6648732110265856,1.043784529481694,0.20842105263157892,0.0,5.603651298,1.1618033647537231,0,96.63259887695312
32.0,2.6648732110265856,1.043784529481694,0.20842105263157892,0.0,5.603651298,1.1618033647537231,0,96.63259887695312
32.0,2.6719504931635614,1.0434653478130707,0.20842105263157892,0.0,5.638438738,1.1618033647537231,0,96.63259887695312
32.0,2.6719504931635614,1.0434653478130707,0.20842105263157892,0.0,5.638438738,1.1618033647537231,0,96.63259887695312
32.0,2.6719504931635614,1.0434653478130707,0.20842105263157892,-0.02564102564102541,5.638438738,1.1618033647537231,0,96.63259887695312
32.0,2.6790289083405723,1.0431538250683707,0.20842105263157892,-0.02564102564102541,5.638905124,1.1618033647537231,0,96.63259887695312
32.1,2.6790289083405723,1.0431538250683707,0.20842105263157892,-0.02564102564102541,5.638905124,1.1618033647537231,0,96.63259887695312
32.1,2.6790289083405723,1.0431538250683707,0.20842105263157892,-0.02564102564102541,5.638905124,1.1618033647537231,0,96.63259887695312
32.1,2.6790289083405723,1.0431538250683707,0.20842105263157892,-0.02564102564102541,5.734959496,1.181593894958496,0,96.63259887695312
32.1,2.686109593959121,1.0428384200467948,0.21999999999999997,-0.02564102564102541,5.735680395,1.181593894958496,0,96.63259887695312
32.1,2.686109593959121,1.0428384200467948,0.21999999999999997,-0.02564102564102541,5.735680395,1.181593894958496,0,96.63259887695312
32.1,2.686109593959121,1.0428384200467948,0.21999999999999997,-0.02564102564102541,5.735680395,1.181593894958496,0,96.63259887695312
32.1,2.686109593959121,1.0428384200467948,0.21999999999999997,-0.02564102564102541,5.735680395,1.181593894958496,0,96.63259887695312
32.1,2.6935824835798767,1.0424957302578481,0.21999999999999997,-0.02564102564102541,5.459174088,1.1315938234329224,0,96.63259887695312
32.1,2.6935824835798767,1.0424957302578481,0.21999999999999997,-0.02564102564102541,5.459174088,1.1315938234329224,0,96.63259887695312
32.1,2.6935824835798767,1.0424957302578481,0.21999999999999997,-0.02564102564102541,5.459174088,1.1315938234329224,0,96.63259887695312
32.1,2.701051673552693,1.042152319988328,0.21999999999999997,-0.02564102564102541,5.427410013,1.1315938234329224,0,96.63259887695312
32.2,2.701051673552693,1.042152319988328,0.21999999999999997,-0.02564102564102541,5.427410013,1.1315938234329224,0,96.63259887695312
32.2,2.701051673552693,1.042152319988328,0.21999999999999997,-0.02564102564102541,5.427410013,1.1315938234329224,0,96.63259887695312
32.2,2.701051673552693,1.042152319988328,0.20842105263157892,0.1343589743589746,5.427410013,1.1315938234329224,0,96.63259887695312
32.2,2.7085231223900514,1.041806585789823,0.20842105263157892,0.1343589743589746,5.395360156,1.1315938234329224,0,96.63259887695312
32.2,2.7085231223900514,1.041806585789823,0.20842105263157892,0.1343589743589746,5.395360156,1.1315938234329224,0,96.63259887695312
32.2,2.7085231223900514,1.041806585789823,0.20842105263157892,0.1343589743589746,5.395360156,1.1315938234329224,0,96.63259887695312
32.2,2.7085231223900514,1.041806585789823,0.20842105263157892,0.1343589743589746,5.395360156,1.1315938234329224,0,96.63259887695312
32.2,2.715596336760137,1.0414768607206693,0.20842105263157892,0.17948717948717968,5.364315303,1.1315938234329224,0,96.63259887695312
32.2,2.715596336760137,1.0414768607206693,0.20842105263157892,0.17948717948717968,5.364315303,1.1315938234329224,0,96.63259887695312
32.2,2.715596336760137,1.0414768607206693,0.20842105263157892,0.17948717948717968,5.364315303,1.1315938234329224,0,96.63259887695312
32.2,2.7226635972328603,1.0411868967116773,0.20842105263157892,0.17948717948717968,5.333343711,1.1315938234329224,0,96.63259887695312
32.300000000000004,2.7226635972328603,1.0411868967116773,0.20842105263157892,0.17948717948717968,5.333343711,1.1315938234329224,0,96.63259887695312
32.300000000000004,2.7226635972328603,1.0411868967116773,0.20842105263157892,0.17948717948717968,5.333343711,1.1315938234329224,0,96.63259887695312
32.300000000000004,2.7226635972328603,1.0411868967116773,0.20842105263157892,0.17948717948717968,5.333343711,1.1315938234329224,0,96.63259887695312
32.300000000000004,2.729734268485112,1.0409505431491584,0.20842105263157892,0.17948717948717968,5.334238298,1.1315938234329224,0,96.63259887695312
32.300000000000004,2.729734268485112,1.0409505431491584,0.20842105263157892,0.17948717948717968,5.334238298,1.1315938234329224,0,96.63259887695312
32.300000000000004,2.729734268485112,1.0409505431491584,0.20842105263157892,0.17948717948717968,5.334238298,1.1315938234329224,0,96.63259887695312
32.300000000000004,2.729734268485112,1.0409505431491584,0.19684210526315787,0.17948717948717968,5.334238298,1.1315938234329224,0,96.63259887695312
32.300000000000004,2.736808165853256,1.0407495518321563,0.19684210526315787,0.17948717948717968,5.334234475,1.1315938234329224,0,96.63259887695312
32.300000000000004,2.736808165853256,1.0407495518321563,0.19684210526315787,0.17948717948717968,5.334234475,1.1315938234329224,0,96.63259887695312
32.300000000000004,2.736808165853256,1.0407495518321563,0.19684210526315787,0.17948717948717968,5.334234475,1.1315938234329224,0,96.63259887695312
32.4,2.7434913869618427,1.0405956306202984,0.19684210526315787,0.17948717948717968,5.13062605,1.0815938711166382,0,96.63259887695312
32.4,2.7434913869618427,1.0405956306202984,0.19684210526315787,0.17948717948717968,5.13062605,1.0815938711166382,0,96.63259887695312
32.4,2.7434913869618427,1.0405956306202984,0.19684210526315787,0.17948717948717968,5.13062605,1.0815938711166382,0,96.63259887695312
32.4,2.7434913869618427,1.0405956306202984,0.19684210526315787,0.17948717948717968,5.13062605,1.0815938711166382,0,96.63259887695312
32.4,2.750173335832227,1.0404838700140768,0.19684210526315787,0.17948717948717968,5.161938607,1.0815938711166382,0,96.63259887695312
32.4,2.750173335832227,1.0404838700140768,0.19684210526315787,0.17948717948717968,5.161938607,1.0815938711166382,0,96.63259887695312
32.4,2.750173335832227,1.0404838700140768,0.21999999999999997,0.12820512820512842,5.161938607,1.0815938711166382,0,96.63259887695312
32.4,2.750173335832227,1.0404838700140768,0.21999999999999997,0.12820512820512842,5.161938607,1.0815938711166382,0,96.63259887695312
32.4,2.7568559656500526,1.04041234852402,0.21999999999999997,0.12820512820512842,5.227252023,1.0815938711166382,0,96.63259887695312
32.4,2.7568559656500526,1.04041234852402,0.21999999999999997,0.12820512820512842,5.227252023,1.0815938711166382,0,96.63259887695312
32.4,2.7568559656500526,1.04041234852402,0.21999999999999997,0.12820512820512842,5.227252023,1.0815938711166382,0,96.63259887695312
32.4,2.7568559656500526,1.04041234852402,0.20842105263157892,0.12820512820512842,5.227252023,1.0815938711166382,0,96.63259887695312
32.5,2.7643286230709534,1.0403740429211372,0.20842105263157892,0.12820512820512842,5.226958673,1.0815938711166382,0,96.5260009765625
32.5,2.7643286230709534,1.0403740429211372,0.20842105263157892,0.12820512820512842,5.226958673,1.0815938711166382,0,96.5260009765625
32.5,2.7643286230709534,1.0403740429211372,0.20842105263157892,0.12820512820512842,5.226958673,1.0815938711166382,0,96.5260009765625
32.5,2.771409197021744,1.040364049678668,0.20842105263157892,0.12820512820512842,5.25944026,1.0815938711166382,0,96.5260009765625
32.5,2.771409197021744,1.040364049678668,0.20842105263157892,0.12820512820512842,5.25944026,1.0815938711166382,0,96.5260009765625
32.5,2.771409197021744,1.040364049678668,0.20842105263157892,0.12820512820512842,5.25944026,1.0815938711166382,0,96.5260009765625
32.5,2.771409197021744,1.040364049678668,0.20842105263157892,0.12820512820512842,5.25944026,1.0815938711166382,0,96.5260009765625
32.5,2.7784873478118177,1.0403779577579537,0.20842105263157892,0.12820512820512842,5.260190292,1.0815938711166382,0,96.5260009765625
32.5,2.7784873478118177,1.0403779577579537,0.20842105263157892,0.12820512820512842,5.260190292,1.0815938711166382,0,96.5260009765625
32.5,2.7784873478118177,1.0403779577579537,0.20842105263157892,0.12820512820512842,5.260190292,1.0815938711166382,0,96.5260009765625
32.6,2.7855639065189184,1.0404262062413243,0.20842105263157892,0.12820512820512842,5.260053071,1.0815938711166382,0,96.5260009765625
32.6,2.7855639065189184,1.0404262062413243,0.20842105263157892,0.12820512820512842,5.260053071,1.0815938711166382,0,96.5260009765625
32.6,2.7855639065189184,1.0404262062413243,0.20842105263157892,0.12820512820512842,5.260053071,1.0815938711166382,0,96.5260009765625
32.6,2.7855639065189184,1.0404262062413243,0.20842105263157892,0.12820512820512842,5.260053071,1.0815938711166382,0,96.5260009765625
32.6,2.7926407870489025,1.0405081057004695,0.21999999999999997,0.07692307692307715,5.01697334,1.0315937995910645,0,96.5260009765625
32.6,2.7926407870489025,1.0405081057004695,0.21999999999999997,0.07692307692307715,5.01697334,1.0315937995910645,0,96.5260009765625
32.6,2.7926407870489025,1.0405081057004695,0.21999999999999997,0.07692307692307715,5.01697334,1.0315937995910645,0,96.5260009765625
32.6,2.7926407870489025,1.0405081057004695,0.21999999999999997,0.07692307692307715,5.01697334,1.0315937995910645,0,96.5260009765625
32.6,2.7997173573020526,1.0406179665753914,0.21999999999999997,0.07692307692307715,5.017212906,1.0315937995910645,0,96.5260009765625
32.6,2.7997173573020526,1.0406179665753914,0.21999999999999997,0.07692307692307715,5.017212906,1.0315937995910645,0,96.5260009765625
32.6,2.7997173573020526,1.0406179665753914,0.21999999999999997,0.07692307692307715,5.017212906,1.0315937995910645,0,96.5260009765625
32.7,2.807187900292358,1.0407631947962526,0.21999999999999997,0.07692307692307715,4.956243409,1.0315937995910645,0,96.5260009765625
32.7,2.807187900292358,1.0407631947962526,0.21999999999999997,0.07692307692307715,4.956243409,1.0315937995910645,0,96.5260009765625
32.7,2.807187900292358,1.0407631947962526,0.21999999999999997,0.07692307692307715,4.956243409,1.0315937995910645,0,96.5260009765625
32.7,2.807187900292358,1.0407631947962526,0.21999999999999997,0.07692307692307715,4.956243409,1.0315937995910645,0,96.5260009765625
32.7,2.8146600533307264,1.0409282301352398,0.21999999999999997,0.07692307692307715,4.897247141,1.0315937995910645,0,96.5260009765625
32.7,2.8146600533307264,1.0409282301352398,0.21999999999999997,0.07692307692307715,4.897247141,1.0315937995910645,0,96.5260009765625
32.7,2.8146600533307264,1.0409282301352398,0.21999999999999997,0.07692307692307715,4.897247141,1.0315937995910645,0,96.5260009765625
32.7,2.8146600533307264,1.0409282301352398,0.21999999999999997,0.07692307692307715,4.897247141,1.0315937995910645,0,96.5260009765625
32.7,2.822131849996073,1.0411074057338463,0.19684210526315787,0.07692307692307715,4.838363319,1.0315937995910645,0,96.5260009765625
32.7,2.822131849996073,1.0411074057338463,0.19684210526315787,0.07692307692307715,4.838363319,1.0315937995910645,0,96.5260009765625
32.7,2.822131849996073,1.0411074057338463,0.19684210526315787,0.07692307692307715,4.838363319,1.0315937995910645,0,96.5260009765625
32.800000000000004,2.8296026940343575,1.0413071225044301,0.19684210526315787,0.07692307692307715,4.838686633,1.0315937995910645,0,96.5260009765625
32.800000000000004,2.8296026940343575,1.0413071225044301,0.19684210526315787,0.07692307692307715,4.838686633,1.0315937995910645,0,96.5260009765625
32.800000000000004,2.8296026940343575,1.0413071225044301,0.19684210526315787,0.07692307692307715,4.838686633,1.0315937995910645,0,96.5260009765625
32.800000000000004,2.8296026940343575,1.0413071225044301,0.19684210526315787,0.07692307692307715,4.838686633,1.0315937995910645,0,96.5260009765625
32.800000000000004,2.836289331629524,1.041505660573124,0.19684210526315787,0.07692307692307715,4.866340933,1.0315937995910645,0,96.5260009765625
32.800000000000004,2.836289331629524,1.041505660573124,0.19684210526315787,0.07692307692307715,4.866340933,1.0315937995910645,0,96.5260009765625
32.800000000000004,2.836289331629524,1.041505660573124,0.19684210526315787,0.07692307692307715,4.866340933,1.0315937995910645,0,96.5260009765625
32.800000000000004,2.8429756664869332,1.0417197447745197,0.21999999999999997,0.07692307692307715,4.657326947,0.9815938472747803,0,96.5260009765625
32.800000000000004,2.8429756664869332,1.0417197447745197,0.21999999999999997,0.07692307692307715,4.657326947,0.9815938472747803,0,96.5260009765625
32.800000000000004,2.8429756664869332,1.0417197447745197,0.21999999999999997,0.07692307692307715,4.657326947,0.9815938472747803,0,96.5260009765625
32.9,2.8496608581826557,1.0419500259715324,0.21999999999999997,0.07692307692307715,4.657326947,0.9815938472747803,0,96.5260009765625
32.9,2.8496608581826557,1.0419500259715324,0.21999999999999997,0.07692307692307715,4.685452408,0.9815938472747803,0,96.5260009765625
32.9,2.8496608581826557,1.0419500259715324,0.21999999999999997,0.07692307692307715,4.685452408,0.9815938472747803,0,96.5260009765625
32.9,2.8496608581826557,1.0419500259715324,0.21999999999999997,0.07692307692307715,4.685452408,0.9815938472747803,0,96.5260009765625
32.9,2.8571306209099507,1.0422281219315996,0.21999999999999997,0.07692307692307715,4.657616823,0.9815938472747803,0,96.5260009765625
32.9,2.8571306209099507,1.0422281219315996,0.21999999999999997,0.07692307692307715,4.657616823,0.9815938472747803,0,96.5260009765625
32.9,2.8571306209099507,1.0422281219315996,0.21999999999999997,0.07692307692307715,4.657616823,0.9815938472747803,0,96.5260009765625
32.9,2.864600331167491,1.0425256839032102,0.20842105263157892,0.02564102564102587,4.629026631,0.9815938472747803,0,96.5260009765625
32.9,2.864600331167491,1.0425256839032102,0.20842105263157892,0.02564102564102587,4.629026631,0.9815938472747803,0,96.5260009765625
33.0,2.864600331167491,1.0425256839032102,0.20842105263157892,0.02564102564102587,4.629026631,0.9815938472747803,0,96.5260009765625
33.0,2.864600331167491,1.0425256839032102,0.20842105263157892,0.02564102564102587,4.629026631,0.9815938472747803,0,96.42570495605469
33.0,2.871678750523694,1.0428229192282656,0.20842105263157892,0.02564102564102587,4.655365482,0.9815938472747803,0,96.42570495605469
33.0,2.871678750523694,1.0428229192282656,0.20842105263157892,0.02564102564102587,4.655365482,0.9815938472747803,0,96.42570495605469
33.0,2.871678750523694,1.0428229192282656,0.20842105263157892,0.02564102564102587,4.655365482,0.9815938472747803,0,96.42570495605469
33.0,2.8787588674339877,1.0431250889057546,0.20842105263157892,0.02564102564102587,4.682711216,0.9815938472747803,0,96.42570495605469
33.0,2.8787588674339877,1.0431250889057546,0.20842105263157892,0.02564102564102587,4.682711216,0.9815938472747803,0,96.42570495605469
33.0,2.8787588674339877,1.0431250889057546,0.20842105263157892,0.02564102564102587,4.682711216,0.9815938472747803,0,96.42570495605469
33.0,2.8787588674339877,1.0431250889057546,0.21999999999999997,0.02564102564102587,4.682711216,0.9815938472747803,0,96.42570495605469
33.0,2.8858375906244484,1.0434288490610988,0.21999999999999997,0.02564102564102587,4.710608089,0.9815938472747803,0,96.42570495605469
33.0,2.8858375906244484,1.0434288490610988,0.21999999999999997,0.02564102564102587,4.72685741,0.9849798679351807,0,96.42570495605469
33.1,2.8858375906244484,1.0434288490610988,0.21999999999999997,0.02564102564102587,4.72685741,0.9849798679351807,0,96.42570495605469
33.1,2.8858375906244484,1.0434288490610988,0.21999999999999997,0.02564102564102587,4.72685741,0.9849798679351807,0,96.42570495605469
33.1,2.893306891488317,1.0437577274038892,0.21999999999999997,0.02564102564102587,4.485911662,0.9349798560142517,0,96.42570495605469
33.1,2.893306891488317,1.0437577274038892,0.21999999999999997,0.02564102564102587,4.485911662,0.9349798560142517,0,96.42570495605469
33.1,2.893306891488317,1.0437577274038892,0.21999999999999997,0.02564102564102587,4.485911662,0.9349798560142517,0,96.42570495605469
33.1,2.8938281365388985,1.0416481279467207,0.21999999999999997,0.02564102564102587,4.485911662,0.9349798560142517,0,96.42570495605469
33.1,2.8938281365388985,1.0416481279467207,0.21999999999999997,0.02564102564102587,4.485911662,0.9349798560142517,0,96.42570495605469
33.1,2.8938281365388985,1.0416481279467207,0.21999999999999997,0.02564102564102587,4.432472048,0.9349798560142517,0,96.42570495605469
33.1,2.8938281365388985,1.0416481279467207,0.21999999999999997,0.02564102564102587,4.432472048,0.9349798560142517,0,96.42570495605469
33.1,2.8938281365388985,1.0416481279467207,0.21999999999999997,0.02564102564102587,4.432472048,0.9349798560142517,0,96.42570495605469
33.1,2.8938281365388985,1.0416481279467207,0.21999999999999997,0.02564102564102587,4.432472048,0.9349798560142517,0,96.42570495605469
33.1,2.894346455023965,1.0395652183274884,0.21999999999999997,0.02564102564102587,4.432472048,0.9349798560142517,0,96.42570495605469
33.1,2.894346455023965,1.0395652183274884,0.21999999999999997,0.02564102564102587,4.380702704,0.9349798560142517,0,96.42570495605469
33.1,2.894346455023965,1.0395652183274884,0.21999999999999997,0.02564102564102587,4.380702704,0.9349798560142517,0,96.42570495605469
33.2,2.894346455023965,1.0395652183274884,0.21999999999999997,0.02564102564102587,4.380702704,0.9349798560142517,0,96.42570495605469
33.2,2.8948605610922664,1.037509924809126,0.21999999999999997,0.02564102564102587,4.328216909,0.9349798560142517,0,96.42570495605469
33.2,2.8948605610922664,1.037509924809126,0.21999999999999997,0.02564102564102587,4.328216909,0.9349798560142517,0,96.42570495605469
33.2,2.8948605610922664,1.037509924809126,0.21999999999999997,0.02564102564102587,4.328216909,0.9349798560142517,0,96.42570495605469
33.2,2.8948605610922664,1.037509924809126,0.21999999999999997,0.02564102564102587,4.328216909,0.9349798560142517,0,96.42570495605469
33.2,2.8953711428044224,1.0354840838557058,0.21999999999999997,0.02564102564102587,4.32734827,0.9349798560142517,0,96.42570495605469
33.2,2.8953711428044224,1.0354840838557058,0.21999999999999997,0.02564102564102587,4.32734827,0.9349798560142517,0,96.42570495605469
33.2,2.8953711428044224,1.0354840838557058,0.21999999999999997,0.02564102564102587,4.32734827,0.9349798560142517,0,96.42570495605469
33.2,2.8953711428044224,1.0354840838557058,0.19684210526315787,0.02564102564102587,4.32734827,0.9349798560142517,0,96.42570495605469
33.2,2.8958785707870702,1.0334866000225085,0.19684210526315787,0.02564102564102587,4.327659481,0.9349798560142517,0,96.42570495605469
33.300000000000004,2.8958785707870702,1.0334866000225085,0.19684210526315787,0.02564102564102587,4.327659481,0.9349798560142517,0,96.42570495605469
33.300000000000004,2.8958785707870702,1.0334866000225085,0.19684210526315787,0.02564102564102587,4.327659481,0.9349798560142517,0,96.42570495605469
33.300000000000004,2.896418126768643,1.0317527919932319,0.19684210526315787,0.02564102564102587,4.352197252,0.9349798560142517,0,96.42570495605469
33.300000000000004,2.896418126768643,1.0317527919932319,0.19684210526315787,0.02564102564102587,4.352197252,0.9349798560142517,0,96.42570495605469
33.300000000000004,2.896418126768643,1.0317527919932319,0.19684210526315787,0.02564102564102587,4.352197252,0.9349798560142517,0,96.42570495605469
33.300000000000004,2.896418126768643,1.0317527919932319,0.19684210526315787,0.02564102564102587,4.352197252,0.9349798560142517,0,96.42570495605469
33.300000000000004,2.9030985582202162,1.0321486695804931,0.19684210526315787,0.02564102564102587,4.378658768,0.9349798560142517,0,96.42570495605469
33.300000000000004,2.9030985582202162,1.0321486695804931,0.19684210526315787,0.02564102564102587,4.378658768,0.9349798560142517,0,96.42570495605469
33.300000000000004,2.9030985582202162,1.0321486695804931,0.21999999999999997,0.0,4.378658768,0.9349798560142517,0,96.42570495605469
33.300000000000004,2.9030985582202162,1.0321486695804931,0.21999999999999997,0.0,4.378658768,0.9349798560142517,0,96.42570495605469
33.300000000000004,2.9097790315507654,1.032550544733608,0.21999999999999997,0.0,4.4040452850000005,0.9349798560142517,0,96.42570495605469
33.4,2.9097790315507654,1.032550544733608,0.21999999999999997,0.0,4.4040452850000005,0.9349798560142517,0,96.42570495605469
33.4,2.9097790315507654,1.032550544733608,0.21999999999999997,0.0,4.4040452850000005,0.9349798560142517,0,96.42570495605469
33.4,2.917243889955363,1.0330052722831433,0.21999999999999997,0.0,4.404999284,0.9349798560142517,0,96.42570495605469
33.4,2.917243889955363,1.0330052722831433,0.21999999999999997,0.0,4.404999284,0.9349798560142517,0,96.42570495605469
33.4,2.917243889955363,1.0330052722831433,0.21999999999999997,0.0,4.404999284,0.9349798560142517,0,96.42570495605469
33.4,2.917243889955363,1.0330052722831433,0.21999999999999997,0.0,4.404999284,0.9349798560142517,0,96.42570495605469
33.4,2.9247107058441206,1.0334591558246533,0.21999999999999997,0.0,4.404695583,0.9349798560142517,0,96.42570495605469
33.4,2.9247107058441206,1.0334591558246533,0.20842105263157892,0.0,4.404695583,0.9349798560142517,0,96.42570495605469
33.4,2.9247107058441206,1.0334591558246533,0.20842105263157892,0.0,4.404695583,0.9349798560142517,0,96.42570495605469
33.4,2.9247107058441206,1.0334591558246533,0.20842105263157892,0.0,4.404695583,0.9349798560142517,0,96.42570495605469
33.4,2.9321767774433476,1.0339102204499302,0.20842105263157892,0.0,4.404691987,0.9349798560142517,0,96.42570495605469
33.5,2.9321767774433476,1.0339102204499302,0.20842105263157892,0.0,4.404691987,0.9349798560142517,0,96.42570495605469
33.5,2.9321767774433476,1.0339102204499302,0.20842105263157892,0.0,4.404691987,0.9349798560142517,0,96.35758209228516
33.5,2.939250148969921,1.0343387167905191,0.19684210526315787,0.0,4.431148137,0.9349798560142517,0,96.35758209228516
33.5,2.939250148969921,1.0343387167905191,0.19684210526315787,0.0,4.431148137,0.9349798560142517,0,96.35758209228516
33.5,2.939250148969921,1.0343387167905191,0.19684210526315787,0.0,4.431148137,0.9349798560142517,0,96.35758209228516
33.5,2.939250148969921,1.0343387167905191,0.19684210526315787,0.0,4.431148137,0.9349798560142517,0,96.35758209228516
33.5,2.9459314272663453,1.0347442880148836,0.19684210526315787,0.0,4.245578449,0.8849798440933228,0,96.35758209228516
33.5,2.9459314272663453,1.0347442880148836,0.19684210526315787,0.0,4.245578449,0.8849798440933228,0,96.35758209228516
33.5,2.9459314272663453,1.0347442880148836,0.19684210526315787,0.0,4.245578449,0.8849798440933228,0,96.35758209228516
33.5,2.9459314272663453,1.0347442880148836,0.19684210526315787,0.0,4.245578449,0.8849798440933228,0,96.35758209228516
33.5,2.952612358364503,1.0351488519539278,0.19684210526315787,0.0,4.29693424,0.8849798440933228,0,96.35758209228516
33.6,2.952612358364503,1.0351488519539278,0.21999999999999997,0.0,4.29693424,0.8849798440933228,0,96.35758209228516
33.6,2.952612358364503,1.0351488519539278,0.21999999999999997,0.0,4.29693424,0.8849798440933228,0,96.35758209228516
33.6,2.959292865646187,1.0355531403437235,0.21999999999999997,0.0,4.298632926,0.8849798440933228,0,96.35758209228516
33.6,2.959292865646187,1.0355531403437235,0.21999999999999997,0.0,4.298632926,0.8849798440933228,0,96.35758209228516
33.6,2.959292865646187,1.0355531403437235,0.21999999999999997,0.0,4.298632926,0.8849798440933228,0,96.35758209228516
33.6,2.959292865646187,1.0355531403437235,0.21999999999999997,0.0,4.298632926,0.8849798440933228,0,96.35758209228516
33.6,2.966756941909337,1.0360056803769573,0.21999999999999997,0.0,4.246510488,0.8849798440933228,0,96.35758209228516
33.6,2.966756941909337,1.0360056803769573,0.21999999999999997,0.0,4.246510488,0.8849798440933228,0,96.35758209228516
33.6,2.966756941909337,1.0360056803769573,0.21999999999999997,0.0,4.246510488,0.8849798440933228,0,96.35758209228516
33.6,2.9742218855316254,1.0364582417403678,0.21999999999999997,0.0,4.195706309,0.8849798440933228,0,96.35758209228516
33.7,2.9742218855316254,1.0364582417403678,0.21999999999999997,0.0,4.195706309,0.8849798440933228,0,96.35758209228516
33.7,2.9742218855316254,1.0364582417403678,0.21999999999999997,0.0,4.195706309,0.8849798440933228,0,96.35758209228516
33.7,2.9742218855316254,1.0364582417403678,0.21999999999999997,0.0,4.195706309,0.8849798440933228,0,96.35758209228516
33.7,2.9816865904277505,1.0369103357325398,0.21999999999999997,0.0,4.19554349,0.8849798440933228,0,96.35758209228516
33.7,2.9816865904277505,1.0369103357325398,0.21999999999999997,0.0,4.19554349,0.8849798440933228,0,96.35758209228516
33.7,2.9816865904277505,1.0369103357325398,0.20842105263157892,0.0,4.19554349,0.8849798440933228,0,96.35758209228516
33.7,2.989151465756288,1.0373626808055476,0.20842105263157892,0.0,4.196378057,0.8849798440933228,0,96.35758209228516
33.7,2.989151465756288,1.0373626808055476,0.20842105263157892,0.0,4.196378057,0.8849798440933228,0,96.35758209228516
33.7,2.989151465756288,1.0373626808055476,0.20842105263157892,0.0,4.196378057,0.8849798440933228,0,96.35758209228516
33.7,2.9962250217174713,1.037791523667432,0.20842105263157892,0.0,4.196378057,0.8849798440933228,0,96.35758209228516
33.7,2.9962250217174713,1.037791523667432,0.21999999999999997,0.0,3.982508268,0.8349798321723938,0,96.35758209228516
33.800000000000004,2.9962250217174713,1.037791523667432,0.21999999999999997,0.0,3.982508268,0.8349798321723938,0,96.35758209228516
33.800000000000004,2.9962250217174713,1.037791523667432,0.21999999999999997,0.0,3.982508268,0.8349798321723938,0,96.35758209228516
33.800000000000004,3.003298630285465,1.03822014268902,0.21999999999999997,0.0,3.982489801,0.8349798321723938,0,96.35758209228516
33.800000000000004,3.003298630285465,1.03822014268902,0.21999999999999997,0.0,3.982489801,0.8349798321723938,0,96.35758209228516
33.800000000000004,3.003298630285465,1.03822014268902,0.21999999999999997,0.0,3.982489801,0.8349798321723938,0,96.35758209228516
33.800000000000004,3.003298630285465,1.03822014268902,0.21999999999999997,0.0,3.982489801,0.8349798321723938,0,96.35758209228516
33.800000000000004,3.003298630285465,1.03822014268902,0.21999999999999997,0.0,3.982489801,0.8349798321723938,0,96.35758209228516
33.800000000000004,3.0107645748378578,1.0386724519056665,0.21999999999999997,0.0,3.93399566,0.8349798321723938,0,96.35758209228516
33.800000000000004,3.0107645748378578,1.0386724519056665,0.21999999999999997,0.0,3.93399566,0.8349798321723938,0,96.35758209228516
33.800000000000004,3.0107645748378578,1.0386724519056665,0.20842105263157892,0.0,3.93399566,0.8349798321723938,0,96.35758209228516
33.800000000000004,3.018231148496645,1.0391248725868905,0.20842105263157892,0.0,3.888412438,0.8349798321723938,0,96.35758209228516
33.800000000000004,3.018231148496645,1.0391248725868905,0.20842105263157892,0.0,3.888412438,0.8349798321723938,0,96.35758209228516
33.9,3.018231148496645,1.0391248725868905,0.20842105263157892,0.0,3.888412438,0.8349798321723938,0,96.35758209228516
33.9,3.018231148496645,1.0391248725868905,0.20842105263157892,0.0,3.888412438,0.8349798321723938,0,96.35758209228516
33.9,3.025306259175686,1.0395536004009767,0.20842105263157892,0.0,3.888412438,0.8349798321723938,0,96.35758209228516
33.9,3.025306259175686,1.0395536004009767,0.20842105263157892,0.0,3.864674619,0.8349798321723938,0,96.35758209228516
33.9,3.025306259175686,1.0395536004009767,0.20842105263157892,0.0,3.864674619,0.8349798321723938,0,96.35758209228516
33.9,3.025306259175686,1.0395536004009767,0.20842105263157892,0.0,3.864674619,0.8349798321723938,0,96.35758209228516
33.9,3.0323808801327177,1.0399821688022486,0.20842105263157892,0.0,3.886435232,0.8349798321723938,0,96.35758209228516
33.9,3.0323808801327177,1.0399821688022486,0.20842105263157892,0.0,3.886435232,0.8349798321723938,0,96.35758209228516
33.9,3.0323808801327177,1.0399821688022486,0.20842105263157892,0.0,3.886435232,0.8349798321723938,0,96.35758209228516
33.9,3.0323808801327177,1.0399821688022486,0.20842105263157892,0.0,3.886435232,0.8349798321723938,0,96.35758209228516
34.0,3.0394554832505287,1.0404107501126778,0.20842105263157892,0.0,3.909562356,0.8349798321723938,0,96.25010681152344
34.0,3.0394554832505287,1.0404107501126778,0.20842105263157892,0.0,3.701896924,0.7906279563903809,0,96.25010681152344
34.0,3.0394554832505287,1.0404107501126778,0.19684210526315787,0.0,3.701896924,0.7906279563903809,0,96.25010681152344
34.0,3.046529723907387,1.0408394331337467,0.19684210526315787,0.0,3.723619257,0.7906279563903809,0,96.25010681152344
34.0,3.046529723907387,1.0408394331337467,0.19684210526315787,0.0,3.723619257,0.7906279563903809,0,96.25010681152344
34.0,3.046529723907387,1.0408394331337467,0.19684210526315787,0.0,3.723619257,0.7906279563903809,0,96.25010681152344
34.0,3.0532118746262977,1.0412443722353504,0.19684210526315787,0.0,3.767477984,0.7906279563903809,0,96.25010681152344
34.0,3.0532118746262977,1.0412443722353504,0.21999999999999997,-0.02564102564102541,3.767477984,0.7906279563903809,0,96.25010681152344
34.0,3.0532118746262977,1.0412443722353504,0.21999999999999997,-0.02564102564102541,3.767477984,0.7906279563903809,0,96.25010681152344
34.0,3.0598929062476725,1.0416491137016013,0.21999999999999997,-0.02564102564102541,3.767477984,0.7906279563903809,0,96.25010681152344
34.1,3.0598929062476725,1.0416491137016013,0.21999999999999997,-0.02564102564102541,3.789974972,0.7906279563903809,0,96.25010681152344
34.1,3.0598929062476725,1.0416491137016013,0.21999999999999997,-0.02564102564102541,3.789974972,0.7906279563903809,0,96.25010681152344
34.1,3.0598929062476725,1.0416491137016013,0.21999999999999997,-0.02564102564102541,3.789974972,0.7906279563903809,0,96.25010681152344
34.1,3.0673582845623626,1.042100220022819,0.21999999999999997,-0.02564102564102541,3.766857905,0.7906279563903809,0,96.25010681152344
34.1,3.0673582845623626,1.042100220022819,0.21999999999999997,-0.02564102564102541,3.766857905,0.7906279563903809,0,96.25010681152344
34.1,3.0673582845623626,1.042100220022819,0.21999999999999997,-0.02564102564102541,3.766857905,0.7906279563903809,0,96.25010681152344
34.1,3.0673582845623626,1.042100220022819,0.21999999999999997,-0.02564102564102541,3.766857905,0.7906279563903809,0,96.25010681152344
34.1,3.074825939292074,1.0425444696594761,0.21999999999999997,-0.02564102564102541,3.767680939,0.7906279563903809,0,96.25010681152344
34.1,3.074825939292074,1.0425444696594761,0.21999999999999997,-0.02564102564102541,3.767680939,0.7906279563903809,0,96.25010681152344
34.1,3.074825939292074,1.0425444696594761,0.21999999999999997,-0.02564102564102541,3.767680939,0.7906279563903809,0,96.25010681152344
34.2,3.0822929997776836,1.0429794552292746,0.21999999999999997,-0.02564102564102541,3.767193815,0.7906279563903809,0,96.25010681152344
34.2,3.0822929997776836,1.0429794552292746,0.21999999999999997,-0.02564102564102541,3.767193815,0.7906279563903809,0,96.25010681152344
34.2,3.0822929997776836,1.0429794552292746,0.20842105263157892,-0.02564102564102541,3.767193815,0.7906279563903809,0,96.25010681152344
34.2,3.0822929997776836,1.0429794552292746,0.20842105263157892,-0.02564102564102541,3.767193815,0.7906279563903809,0,96.25010681152344
34.2,3.089759954182062,1.043408900981139,0.20842105263157892,-0.02564102564102541,3.508299725,0.7406279444694519,0,96.25010681152344
34.2,3.089759954182062,1.043408900981139,0.20842105263157892,-0.02564102564102541,3.508299725,0.7406279444694519,0,96.25010681152344
34.2,3.089759954182062,1.043408900981139,0.20842105263157892,-0.02564102564102541,3.508299725,0.7406279444694519,0,96.25010681152344
34.2,3.089759954182062,1.043408900981139,0.21999999999999997,-0.02564102564102541,3.508299725,0.7406279444694519,0,96.25010681152344
34.2,3.0968356999517233,1.0438108354366813,0.21999999999999997,-0.02564102564102541,3.508202737,0.7406279444694519,0,96.25010681152344
34.2,3.0968356999517233,1.0438108354366813,0.21999999999999997,-0.02564102564102541,3.508202737,0.7406279444694519,0,96.25010681152344
34.2,3.0968356999517233,1.0438108354366813,0.21999999999999997,-0.02564102564102541,3.508202737,0.7406279444694519,0,96.25010681152344
34.300000000000004,3.104304269572096,1.0442275577028388,0.21999999999999997,-0.02564102564102541,3.508202737,0.7406279444694519,0,96.25010681152344
34.300000000000004,3.104304269572096,1.0442275577028388,0.21999999999999997,-0.02564102564102541,3.487600791,0.7406279444694519,0,96.25010681152344
34.300000000000004,3.104304269572096,1.0442275577028388,0.21999999999999997,-0.02564102564102541,3.487600791,0.7406279444694519,0,96.25010681152344
34.300000000000004,3.104304269572096,1.0442275577028388,0.21999999999999997,-0.02564102564102541,3.487600791,0.7406279444694519,0,96.25010681152344
34.300000000000004,3.1125389607299554,1.0429824651263284,0.21999999999999997,-0.02564102564102541,3.466890197,0.7406279444694519,0,96.25010681152344
34.300000000000004,3.1125389607299554,1.0429824651263284,0.21999999999999997,-0.02564102564102541,3.466890197,0.7406279444694519,0,96.25010681152344
34.300000000000004,3.1125389607299554,1.0429824651263284,0.21999999999999997,-0.02564102564102541,3.466890197,0.7406279444694519,0,96.25010681152344
34.300000000000004,3.1210101574916806,1.0412149001060866,0.20842105263157892,0.0,3.426895223,0.7406279444694519,0,96.25010681152344
34.300000000000004,3.1210101574916806,1.0412149001060866,0.20842105263157892,0.0,3.426895223,0.7406279444694519,0,96.25010681152344
34.300000000000004,3.1210101574916806,1.0412149001060866,0.20842105263157892,0.0,3.426895223,0.7406279444694519,0,96.25010681152344
34.400000000000006,3.1210101574916806,1.0412149001060866,0.20842105263157892,0.0,3.426895223,0.7406279444694519,0,96.25010681152344
34.400000000000006,3.1290896354540267,1.039413257508482,0.20842105263157892,0.0,3.407072737,0.7406279444694519,0,96.25010681152344
34.400000000000006,3.1290896354540267,1.039413257508482,0.20842105263157892,0.0,3.407072737,0.7406279444694519,0,96.25010681152344
34.400000000000006,3.1290896354540267,1.039413257508482,0.20842105263157892,0.0,3.407072737,0.7406279444694519,0,96.25010681152344
34.400000000000006,3.137167647935497,1.0376034280038082,0.20842105263157892,0.0,3.427498804,0.7406279444694519,0,96.25010681152344
34.400000000000006,3.137167647935497,1.0376034280038082,0.20842105263157892,0.0,3.427498804,0.7406279444694519,0,96.25010681152344
34.400000000000006,3.137167647935497,1.0376034280038082,0.19684210526315787,0.0,3.427498804,0.7406279444694519,0,96.25010681152344
34.400000000000006,3.14524616256017,1.0357880203242718,0.19684210526315787,0.0,3.446970492,0.7406279444694519,0,96.25010681152344
34.400000000000006,3.14524616256017,1.0357880203242718,0.19684210526315787,0.0,3.446970492,0.7406279444694519,0,96.25010681152344
34.400000000000006,3.14524616256017,1.0357880203242718,0.19684210526315787,0.0,3.446970492,0.7406279444694519,0,96.25010681152344
34.5,3.14524616256017,1.0357880203242718,0.19684210526315787,0.0,3.446970492,0.7406279444694519,0,96.25010681152344
34.5,3.15293311232122,1.0339441842673178,0.19684210526315787,0.0,3.215051746,0.6825140714645386,0,96.13644409179688
34.5,3.15293311232122,1.0339441842673178,0.19684210526315787,0.0,3.215051746,0.6825140714645386,0,96.13644409179688
34.5,3.15293311232122,1.0339441842673178,0.19684210526315787,0.0,3.215051746,0.6825140714645386,0,96.13644409179688
34.5,3.15293311232122,1.0339441842673178,0.19684210526315787,0.0,3.215051746,0.6825140714645386,0,96.13644409179688
34.5,3.1597666324107347,1.0339580175605259,0.19684210526315787,0.0,3.253125796,0.6825140714645386,0,96.13644409179688
34.5,3.1597666324107347,1.0339580175605259,0.19684210526315787,0.0,3.253125796,0.6825140714645386,0,96.13644409179688
34.5,3.1597666324107347,1.0339580175605259,0.19684210526315787,0.0,3.253125796,0.6825140714645386,0,96.13644409179688
34.5,3.166451744613733,1.0342935731067575,0.19684210526315787,0.0,3.273615685,0.6825140714645386,0,96.13644409179688
34.5,3.166451744613733,1.0342935731067575,0.19684210526315787,0.0,3.273615685,0.6825140714645386,0,96.13644409179688
34.5,3.166451744613733,1.0342935731067575,0.19684210526315787,0.0,3.273615685,0.6825140714645386,0,96.13644409179688
34.6,3.166451744613733,1.0342935731067575,0.20842105263157892,-0.02564102564102541,3.273615685,0.6825140714645386,0,96.13644409179688
34.6,3.1731366529740095,1.0346298112408117,0.20842105263157892,-0.02564102564102541,3.313334003,0.6825140714645386,0,96.13644409179688
34.6,3.1731366529740095,1.0346298112408117,0.20842105263157892,-0.02564102564102541,3.313334003,0.6825140714645386,0,96.13644409179688
34.6,3.1731366529740095,1.0346298112408117,0.20842105263157892,-0.02564102564102541,3.313334003,0.6825140714645386,0,96.13644409179688
34.6,3.180213620588926,1.0349841451122388,0.20842105263157892,-0.02564102564102541,3.333786989,0.6825140714645386,0,96.13644409179688
34.6,3.180213620588926,1.0349841451122388,0.20842105263157892,-0.02564102564102541,3.333786989,0.6825140714645386,0,96.13644409179688
34.6,3.180213620588926,1.0349841451122388,0.20842105263157892,-0.02564102564102541,3.333786989,0.6825140714645386,0,96.13644409179688
34.6,3.180213620588926,1.0349841451122388,0.20842105263157892,-0.02564102564102541,3.333786989,0.6825140714645386,0,96.13644409179688
34.6,3.187292273593818,1.0353314696973794,0.20842105263157892,-0.02564102564102541,3.354582039,0.6825140714645386,0,96.13644409179688
34.6,3.187292273593818,1.0353314696973794,0.20842105263157892,-0.02564102564102541,3.354582039,0.6825140714645386,0,96.13644409179688
34.6,3.187292273593818,1.0353314696973794,0.20842105263157892,-0.02564102564102541,3.354582039,0.6825140714645386,0,96.13644409179688
34.7,3.187292273593818,1.0353314696973794,0.20842105263157892,-0.02564102564102541,3.354582039,0.6825140714645386,0,96.13644409179688
34.7,3.194370072129565,1.0356702572666197,0.20842105263157892,-0.02564102564102541,3.109363892,0.6325140595436096,0,96.13644409179688
34.7,3.194370072129565,1.0356702572666197,0.20842105263157892,-0.02564102564102541,3.109363892,0.6325140595436096,0,96.13644409179688
34.7,3.194370072129565,1.0356702572666197,0.20842105263157892,-0.02564102564102541,3.109363892,0.6325140595436096,0,96.13644409179688
34.7,3.2014472965748038,1.036003960567657,0.20842105263157892,-0.02564102564102541,3.109419715,0.6325140595436096,0,96.13644409179688
34.7,3.2014472965748038,1.036003960567657,0.20842105263157892,-0.02564102564102541,3.109419715,0.6325140595436096,0,96.13644409179688
34.7,3.2014472965748038,1.036003960567657,0.20842105263157892,-0.02564102564102541,3.109419715,0.6325140595436096,0,96.13644409179688
34.7,3.2085253909919516,1.0363324759037513,0.20842105263157892,-0.02564102564102541,3.109419715,0.6325140595436096,0,96.13644409179688
34.7,3.2085253909919516,1.0363324759037513,0.20842105263157892,-0.02564102564102541,3.109808221,0.6325140595436096,0,96.13644409179688
34.7,3.2085253909919516,1.0363324759037513,0.21999999999999997,0.0,3.109808221,0.6325140595436096,0,96.13644409179688
34.800000000000004,3.2085253909919516,1.0363324759037513,0.21999999999999997,0.0,3.109808221,0.6325140595436096,0,96.13644409179688
34.800000000000004,3.2085253909919516,1.0363324759037513,0.21999999999999997,0.0,3.109808221,0.6325140595436096,0,96.13644409179688
34.800000000000004,3.2156044062334015,1.0366540620552172,0.21999999999999997,0.0,3.090209954,0.6325140595436096,0,96.13644409179688
34.800000000000004,3.2156044062334015,1.0366540620552172,0.21999999999999997,0.0,3.090209954,0.6325140595436096,0,96.13644409179688
34.800000000000004,3.2156044062334015,1.0366540620552172,0.21999999999999997,0.16,3.090209954,0.6325140595436096,0,96.13644409179688
34.800000000000004,3.223074867683401,1.0369875943296867,0.21999999999999997,0.16,3.053498229,0.6325140595436096,0,96.13644409179688
34.800000000000004,3.223074867683401,1.0369875943296867,0.21999999999999997,0.16,3.053498229,0.6325140595436096,0,96.13644409179688
34.800000000000004,3.223074867683401,1.0369875943296867,0.21999999999999997,0.16,3.053498229,0.6325140595436096,0,96.13644409179688
34.800000000000004,3.223074867683401,1.0369875943296867,0.21999999999999997,0.16,3.053498229,0.6325140595436096,0,96.13644409179688
34.800000000000004,3.2305398089742887,1.0373287557215896,0.21999999999999997,0.23076923076923095,3.017189985,0.6325140595436096,0,96.13644409179688
34.800000000000004,3.2305398089742887,1.0373287557215896,0.21999999999999997,0.23076923076923095,3.017189985,0.6325140595436096,0,96.13644409179688
34.900000000000006,3.2305398089742887,1.0373287557215896,0.21999999999999997,0.23076923076923095,3.017189985,0.6325140595436096,0,96.13644409179688
34.900000000000006,3.2379942893952194,1.037716039051114,0.21999999999999997,0.23076923076923095,2.982384982,0.6325140595436096,0,96.13644409179688
34.900000000000006,3.2379942893952194,1.037716039051114,0.21999999999999997,0.23076923076923095,2.982384982,0.6325140595436096,0,96.13644409179688
34.900000000000006,3.2379942893952194,1.037716039051114,0.20842105263157892,0.23076923076923095,2.982384982,0.6325140595436096,0,96.13644409179688
34.900000000000006,3.2454480200316604,1.038162351834659,0.20842105263157892,0.23076923076923095,2.730645977,0.5825141072273254,0,96.13644409179688
34.900000000000006,3.2454480200316604,1.038162351834659,0.20842105263157892,0.23076923076923095,2.730645977,0.5825141072273254,0,96.13644409179688
34.900000000000006,3.2454480200316604,1.038162351834659,0.20842105263157892,0.23076923076923095,2.730645977,0.5825141072273254,0,96.13644409179688
34.900000000000006,3.2454480200316604,1.038162351834659,0.20842105263157892,0.23076923076923095,2.730645977,0.5825141072273254,0,96.13644409179688
34.900000000000006,3.2525099585128263,1.038632713988653,0.20842105263157892,0.23076923076923095,2.730739766,0.5825141072273254,0,96.13644409179688
34.900000000000006,3.2525099585128263,1.038632713988653,0.20842105263157892,0.23076923076923095,2.810532455,0.5995352268218994,0,96.13644409179688
35.0,3.2525099585128263,1.038632713988653,0.20842105263157892,0.23076923076923095,2.810532455,0.5995352268218994,0,96.03675842285156
35.0,3.2525099585128263,1.038632713988653,0.20842105263157892,0.23076923076923095,2.810532455,0.5995352268218994,0,96.03675842285156
35.0,3.2595687890072984,1.0391439898163513,0.20842105263157892,0.23076923076923095,2.811063565,0.5995352268218994,0,96.03675842285156
35.0,3.2595687890072984,1.0391439898163513,0.20842105263157892,0.07076923076923095,2.811063565,0.5995352268218994,0,96.03675842285156
35.0,3.2595687890072984,1.0391439898163513,0.20842105263157892,0.07076923076923095,2.811063565,0.5995352268218994,0,96.03675842285156
35.0,3.2666188411427814,1.0397076782686479,0.20842105263157892,0.07076923076923095,2.811063565,0.5995352268218994,0,96.03675842285156
35.0,3.2666188411427814,1.0397076782686479,0.20842105263157892,0.07076923076923095,2.811470435,0.5995352268218994,0,96.03675842285156
35.0,3.2666188411427814,1.0397076782686479,0.20842105263157892,0.07076923076923095,2.811470435,0.5995352268218994,0,96.03675842285156
35.0,3.2666188411427814,1.0397076782686479,0.20842105263157892,-0.02564102564102541,2.811470435,0.5995352268218994,0,96.03675842285156
35.0,3.273672758253147,1.040325920589014,0.20842105263157892,-0.02564102564102541,2.81056994,0.5995352268218994,0,96.03675842285156
35.0,3.273672758253147,1.040325920589014,0.20842105263157892,-0.02564102564102541,2.81056994,0.5995352268218994,0,96.03675842285156
35.0,3.273672758253147,1.040325920589014,0.20842105263157892,-0.02564102564102541,2.81056994,0.5995352268218994,0,96.03675842285156
35.1,3.273672758253147,1.040325920589014,0.20842105263157892,-0.02564102564102541,2.81056994,0.5995352268218994,0,96.03675842285156
35.1,3.2807430883845017,1.0409395846687068,0.20842105263157892,-0.07692307692307669,2.81056994,0.5995352268218994,0,96.03675842285156
35.1,3.2807430883845017,1.0409395846687068,0.20842105263157892,-0.07692307692307669,2.810106865,0.5995352268218994,0,96.03675842285156
35.1,3.2807430883845017,1.0409395846687068,0.20842105263157892,-0.07692307692307669,2.810106865,0.5995352268218994,0,96.03675842285156
35.1,3.2807430883845017,1.0409395846687068,0.20842105263157892,-0.07692307692307669,2.810106865,0.5995352268218994,0,96.03675842285156
35.1,3.2878133993758913,1.0415170662888458,0.20842105263157892,-0.07692307692307669,2.826224168,0.5995352268218994,0,96.03675842285156
35.1,3.2878133993758913,1.0415170662888458,0.20842105263157892,-0.07692307692307669,2.826224168,0.5995352268218994,0,96.03675842285156
35.1,3.2878133993758913,1.0415170662888458,0.20842105263157892,-0.07692307692307669,2.826224168,0.5995352268218994,0,96.03675842285156
35.1,3.294878550384653,1.0420821457372014,0.20842105263157892,-0.07692307692307669,2.842289144,0.5995352268218994,0,96.03675842285156
35.1,3.294878550384653,1.0420821457372014,0.20842105263157892,-0.07692307692307669,2.842289144,0.5995352268218994,0,96.03675842285156
35.2,3.294878550384653,1.0420821457372014,0.20842105263157892,-0.07692307692307669,2.842289144,0.5995352268218994,0,96.03675842285156
35.2,3.294878550384653,1.0420821457372014,0.21999999999999997,-0.02564102564102541,2.842289144,0.5995352268218994,0,96.03675842285156
35.2,3.301947129887261,1.0426369316024655,0.21999999999999997,-0.02564102564102541,2.5211989790000002,0.5288245677947998,0,96.03675842285156
35.2,3.301947129887261,1.0426369316024655,0.21999999999999997,-0.02564102564102541,2.5211989790000002,0.5288245677947998,0,96.03675842285156
35.2,3.301947129887261,1.0426369316024655,0.21999999999999997,-0.02564102564102541,2.5211989790000002,0.5288245677947998,0,96.03675842285156
35.2,3.301947129887261,1.0426369316024655,0.21999999999999997,-0.02564102564102541,2.5211989790000002,0.5288245677947998,0,96.03675842285156
35.2,3.309405709783883,1.0432025119953994,0.21999999999999997,-0.02564102564102541,2.521567988,0.5288245677947998,0,96.03675842285156
35.2,3.309405709783883,1.0432025119953994,0.21999999999999997,-0.02564102564102541,2.521567988,0.5288245677947998,0,96.03675842285156
35.2,3.309405709783883,1.0432025119953994,0.21999999999999997,-0.02564102564102541,2.521567988,0.5288245677947998,0,96.03675842285156
35.2,3.309405709783883,1.0432025119953994,0.21999999999999997,-0.02564102564102541,2.521567988,0.5288245677947998,0,96.03675842285156
35.2,3.309405709783883,1.0432025119953994,0.21999999999999997,-0.02564102564102541,2.521567988,0.5288245677947998,0,96.03675842285156
35.2,3.3168557264003864,1.0437763979260541,0.20842105263157892,-0.02564102564102541,2.506317606,0.5288245677947998,0,96.03675842285156
35.300000000000004,3.3168557264003864,1.0437763979260541,0.20842105263157892,-0.02564102564102541,2.506317606,0.5288245677947998,0,96.03675842285156
35.300000000000004,3.3168557264003864,1.0437763979260541,0.20842105263157892,-0.02564102564102541,2.506317606,0.5288245677947998,0,96.03675842285156
35.300000000000004,3.324312012858786,1.0443600518841958,0.20842105263157892,-0.02564102564102541,2.490790471,0.5288245677947998,0,96.03675842285156
35.300000000000004,3.324312012858786,1.0443600518841958,0.20842105263157892,-0.02564102564102541,2.490790471,0.5288245677947998,0,96.03675842285156
35.300000000000004,3.324312012858786,1.0443600518841958,0.20842105263157892,-0.02564102564102541,2.490790471,0.5288245677947998,0,96.03675842285156
35.300000000000004,3.3313793684234185,1.04489872870609,0.20842105263157892,-0.02564102564102541,2.490356206,0.5288245677947998,0,96.03675842285156
35.300000000000004,3.3313793684234185,1.04489872870609,0.20842105263157892,-0.02564102564102541,2.490356206,0.5288245677947998,0,96.03675842285156
35.300000000000004,3.3313793684234185,1.04489872870609,0.20842105263157892,-0.02564102564102541,2.490356206,0.5288245677947998,0,96.03675842285156
35.300000000000004,3.3313793684234185,1.04489872870609,0.20842105263157892,-0.02564102564102541,2.490356206,0.5288245677947998,0,96.03675842285156
35.300000000000004,3.3384396298126053,1.0454416279958858,0.20842105263157892,-0.02564102564102541,2.491060815,0.5288245677947998,0,96.03675842285156
35.400000000000006,3.3384396298126053,1.0454416279958858,0.20842105263157892,-0.02564102564102541,2.491060815,0.5288245677947998,0,96.03675842285156
35.400000000000006,3.3384396298126053,1.0454416279958858,0.20842105263157892,-0.02564102564102541,2.491060815,0.5288245677947998,0,96.03675842285156
35.400000000000006,3.3384396298126053,1.0454416279958858,0.20842105263157892,-0.02564102564102541,2.491060815,0.5288245677947998,0,96.03675842285156
35.400000000000006,3.3455053501463503,1.0459922307235399,0.20842105263157892,-0.02564102564102541,2.255631697,0.47882455587387085,0,96.03675842285156
35.400000000000006,3.3455053501463503,1.0459922307235399,0.19684210526315787,-0.02564102564102541,2.255631697,0.47882455587387085,0,96.03675842285156
35.400000000000006,3.3455053501463503,1.0459922307235399,0.19684210526315787,-0.02564102564102541,2.255631697,0.47882455587387085,0,96.03675842285156
35.400000000000006,3.3455053501463503,1.0459922307235399,0.19684210526315787,-0.02564102564102541,2.255631697,0.47882455587387085,0,96.03675842285156
35.400000000000006,3.3525763375751927,1.0465281518907483,0.19684210526315787,-0.02564102564102541,2.255629758,0.47882455587387085,0,96.03675842285156
35.400000000000006,3.3525763375751927,1.0465281518907483,0.19684210526315787,-0.02564102564102541,2.255629758,0.47882455587387085,0,96.03675842285156
35.400000000000006,3.3525763375751927,1.0465281518907483,0.19684210526315787,-0.02564102564102541,2.255629758,0.47882455587387085,0,96.03675842285156
35.400000000000006,3.3592508566654526,1.0470263536286515,0.19684210526315787,-0.02564102564102541,2.26905791,0.47882455587387085,0,96.03675842285156
35.5,3.3592508566654526,1.0470263536286515,0.19684210526315787,-0.02564102564102541,2.26905791,0.47882455587387085,0,95.9296875
35.5,3.3592508566654526,1.0470263536286515,0.19684210526315787,-0.02564102564102541,2.26905791,0.47882455587387085,0,95.9296875
35.5,3.3667651255871216,1.0449859074588694,0.19684210526315787,-0.02564102564102541,2.283201087,0.47882455587387085,0,95.9296875
35.5,3.3667651255871216,1.0449859074588694,0.21999999999999997,-0.07692307692307669,2.283201087,0.47882455587387085,0,95.9296875
35.5,3.3667651255871216,1.0449859074588694,0.21999999999999997,-0.07692307692307669,2.283201087,0.47882455587387085,0,95.9296875
35.5,3.375337860225742,1.0396558559615734,0.21999999999999997,-0.07692307692307669,2.283201087,0.47882455587387085,0,95.9296875
35.5,3.375337860225742,1.0396558559615734,0.21999999999999997,-0.07692307692307669,2.310069273,0.47882455587387085,0,95.9296875
35.5,3.375337860225742,1.0396558559615734,0.21999999999999997,-0.07692307692307669,2.310069273,0.47882455587387085,0,95.9296875
35.5,3.375337860225742,1.0396558559615734,0.20842105263157892,-0.17948717948717924,2.310069273,0.47882455587387085,0,95.9296875
35.5,3.38466717858255,1.0342790801489194,0.20842105263157892,-0.17948717948717924,2.3106615,0.47882455587387085,0,95.9296875
35.6,3.38466717858255,1.0342790801489194,0.20842105263157892,-0.17948717948717924,2.3106615,0.47882455587387085,0,95.9296875
35.6,3.38466717858255,1.0342790801489194,0.20842105263157892,-0.17948717948717924,2.3106615,0.47882455587387085,0,95.9296875
35.6,3.38466717858255,1.0342790801489194,0.20842105263157892,-0.17948717948717924,2.3106615,0.47882455587387085,0,95.9296875
35.6,3.3935770193649404,1.028787190128662,0.20842105263157892,-0.17948717948717924,2.081510611,0.4288245737552643,0,95.9296875
35.6,3.3935770193649404,1.028787190128662,0.20842105263157892,-0.17948717948717924,2.081510611,0.4288245737552643,0,95.9296875
35.6,3.3935770193649404,1.028787190128662,0.20842105263157892,-0.17948717948717924,2.081510611,0.4288245737552643,0,95.9296875
35.6,3.3935770193649404,1.028787190128662,0.20842105263157892,-0.17948717948717924,2.081510611,0.4288245737552643,0,95.9296875
35.6,3.402470651106642,1.0231786840227914,0.20842105263157892,-0.17948717948717924,2.081014014,0.4288245737552643,0,95.9296875
35.6,3.402470651106642,1.0231786840227914,0.21999999999999997,-0.17948717948717924,2.081014014,0.4288245737552643,0,95.9296875
35.6,3.402470651106642,1.0231786840227914,0.21999999999999997,-0.17948717948717924,2.081014014,0.4288245737552643,0,95.9296875
35.6,3.411336262817591,1.017425989108032,0.21999999999999997,-0.17948717948717924,2.080848565,0.4288245737552643,0,95.9296875
35.7,3.411336262817591,1.017425989108032,0.21999999999999997,-0.17948717948717924,2.080848565,0.4288245737552643,0,95.9296875
35.7,3.411336262817591,1.017425989108032,0.21999999999999997,-0.17948717948717924,2.080848565,0.4288245737552643,0,95.9296875
35.7,3.411336262817591,1.017425989108032,0.21999999999999997,-0.17948717948717924,2.080848565,0.4288245737552643,0,95.9296875
35.7,3.4197438921409544,1.014417439259677,0.21999999999999997,-0.17948717948717924,2.068497683,0.4288245737552643,0,95.9296875
35.7,3.4197438921409544,1.014417439259677,0.21999999999999997,-0.17948717948717924,2.068497683,0.4288245737552643,0,95.9296875
35.7,3.4197438921409544,1.014417439259677,0.21999999999999997,-0.17948717948717924,2.068497683,0.4288245737552643,0,95.9296875
35.7,3.4272304568794096,1.014571014308884,0.21999999999999997,-0.17948717948717924,2.055507427,0.4288245737552643,0,95.9296875
35.7,3.4272304568794096,1.014571014308884,0.20842105263157892,-0.07692307692307669,2.055507427,0.4288245737552643,0,95.9296875
35.7,3.4272304568794096,1.014571014308884,0.20842105263157892,-0.07692307692307669,2.055507427,0.4288245737552643,0,95.9296875
35.7,3.434721571726703,1.0146764521253713,0.20842105263157892,-0.07692307692307669,2.055507427,0.4288245737552643,0,95.9296875
35.800000000000004,3.434721571726703,1.0146764521253713,0.20842105263157892,-0.07692307692307669,2.030793992,0.4288245737552643,0,95.9296875
35.800000000000004,3.434721571726703,1.0146764521253713,0.20842105263157892,-0.07692307692307669,2.030793992,0.4288245737552643,0,95.9296875
35.800000000000004,3.434721571726703,1.0146764521253713,0.20842105263157892,-0.07692307692307669,2.030793992,0.4288245737552643,0,95.9296875
35.800000000000004,3.441815391003667,1.0147313063958685,0.20842105263157892,-0.07692307692307669,1.783270323,0.3788245618343353,0,95.9296875
35.800000000000004,3.441815391003667,1.0147313063958685,0.20842105263157892,-0.07692307692307669,1.783270323,0.3788245618343353,0,95.9296875
35.800000000000004,3.441815391003667,1.0147313063958685,0.20842105263157892,-0.07692307692307669,1.783270323,0.3788245618343353,0,95.9296875
35.800000000000004,3.441815391003667,1.0147313063958685,0.20842105263157892,-0.07692307692307669,1.783270323,0.3788245618343353,0,95.9296875
35.800000000000004,3.4489007053478415,1.0147747719028724,0.19684210526315787,-0.17948717948717924,1.7729369510000001,0.3788245618343353,0,95.9296875
35.800000000000004,3.4489007053478415,1.0147747719028724,0.19684210526315787,-0.17948717948717924,1.7729369510000001,0.3788245618343353,0,95.9296875
35.800000000000004,3.4489007053478415,1.0147747719028724,0.19684210526315787,-0.17948717948717924,1.7729369510000001,0.3788245618343353,0,95.9296875
35.800000000000004,3.4489007053478415,1.0147747719028724,0.19684210526315787,-0.17948717948717924,1.7729369510000001,0.3788245618343353,0,95.9296875
35.900000000000006,3.4556019624269996,1.0148076852034351,0.19684210526315787,-0.17948717948717924,1.793011827,0.3788245618343353,0,95.9296875
35.900000000000006,3.4556019624269996,1.0148076852034351,0.19684210526315787,-0.17948717948717924,1.793011827,0.3788245618343353,0,95.9296875
35.900000000000006,3.4556019624269996,1.0148076852034351,0.19684210526315787,-0.17948717948717924,1.793011827,0.3788245618343353,0,95.9296875
35.900000000000006,3.462312128214786,1.0147923909239278,0.19684210526315787,-0.17948717948717924,1.793011827,0.3788245618343353,0,95.9296875
35.900000000000006,3.462312128214786,1.0147923909239278,0.19684210526315787,-0.17948717948717924,1.8040565320000002,0.3788245618343353,0,95.9296875
35.900000000000006,3.462312128214786,1.0147923909239278,0.19684210526315787,-0.17948717948717924,1.902685919,0.39953523874282837,0,95.9296875
35.900000000000006,3.462312128214786,1.0147923909239278,0.21999999999999997,-0.2307692307692305,1.902685919,0.39953523874282837,0,95.9296875
35.900000000000006,3.4690171305809105,1.0147221730954115,0.21999999999999997,-0.2307692307692305,1.91426491,0.39953523874282837,0,95.9296875
35.900000000000006,3.4690171305809105,1.0147221730954115,0.21999999999999997,-0.2307692307692305,1.91426491,0.39953523874282837,0,95.9296875
35.900000000000006,3.4690171305809105,1.0147221730954115,0.21999999999999997,-0.2307692307692305,1.91426491,0.39953523874282837,0,95.9296875
35.900000000000006,3.4690171305809105,1.0147221730954115,0.21999999999999997,-0.2307692307692305,1.91426491,0.39953523874282837,0,95.9296875
36.0,3.4765046496279797,1.0146048258934308,0.21999999999999997,-0.2307692307692305,1.902296416,0.39953523874282837,0,95.80802917480469
36.0,3.4765046496279797,1.0146048258934308,0.21999999999999997,-0.2307692307692305,1.902296416,0.39953523874282837,0,95.80802917480469
36.0,3.4765046496279797,1.0146048258934308,0.21999999999999997,-0.2307692307692305,1.902296416,0.39953523874282837,0,95.80802917480469
36.0,3.483998339042298,1.0144363043265217,0.21999999999999997,-0.2307692307692305,1.9019730080000001,0.39953523874282837,0,95.80802917480469
36.0,3.483998339042298,1.0144363043265217,0.21999999999999997,-0.2307692307692305,1.9019730080000001,0.39953523874282837,0,95.80802917480469
36.0,3.483998339042298,1.0144363043265217,0.21999999999999997,-0.2307692307692305,1.9019730080000001,0.39953523874282837,0,95.80802917480469
36.0,3.483998339042298,1.0144363043265217,0.21999999999999997,-0.2307692307692305,1.9019730080000001,0.39953523874282837,0,95.80802917480469
36.0,3.483998339042298,1.0144363043265217,0.21999999999999997,-0.2307692307692305,1.9019730080000001,0.39953523874282837,0,95.80802917480469
36.0,3.491491152184084,1.0141982043276354,0.21999999999999997,-0.2307692307692305,1.901875804,0.39953523874282837,0,95.80802917480469
36.0,3.491491152184084,1.0141982043276354,0.21999999999999997,-0.2307692307692305,1.901875804,0.39953523874282837,0,95.80802917480469
36.0,3.491491152184084,1.0141982043276354,0.20842105263157892,-0.12820512820512797,1.901875804,0.39953523874282837,0,95.80802917480469
36.1,3.491491152184084,1.0141982043276354,0.20842105263157892,-0.12820512820512797,1.901875804,0.39953523874282837,0,95.80802917480469
36.1,3.4989780661856758,1.0139000410627723,0.20842105263157892,-0.12820512820512797,1.901874443,0.39953523874282837,0,95.80802917480469
36.1,3.4989780661856758,1.0139000410627723,0.20842105263157892,-0.12820512820512797,1.901874443,0.39953523874282837,0,95.80802917480469
36.1,3.4989780661856758,1.0139000410627723,0.20842105263157892,-0.12820512820512797,1.901874443,0.39953523874282837,0,95.80802917480469
36.1,3.5060677539247793,1.0135728444457166,0.19684210526315787,-0.07692307692307669,1.901489404,0.39953523874282837,0,95.80802917480469
36.1,3.5060677539247793,1.0135728444457166,0.19684210526315787,-0.07692307692307669,1.901489404,0.39953523874282837,0,95.80802917480469
36.1,3.5060677539247793,1.0135728444457166,0.19684210526315787,-0.07692307692307669,1.901489404,0.39953523874282837,0,95.80802917480469
36.1,3.5060677539247793,1.0135728444457166,0.19684210526315787,-0.07692307692307669,1.901489404,0.39953523874282837,0,95.80802917480469
36.1,3.5131511332931553,1.0132181586756506,0.19684210526315787,-0.07692307692307669,1.901322747,0.39953523874282837,0,95.80802917480469
36.1,3.5131511332931553,1.0132181586756506,0.19684210526315787,-0.07692307692307669,1.901322747,0.39953523874282837,0,95.80802917480469
36.2,3.5131511332931553,1.0132181586756506,0.19684210526315787,-0.07692307692307669,1.901322747,0.39953523874282837,0,95.80802917480469
36.2,3.5131511332931553,1.0132181586756506,0.19684210526315787,-0.07692307692307669,1.901322747,0.39953523874282837,0,95.80802917480469
36.2,3.519841700255678,1.012863542579728,0.19684210526315787,-0.07692307692307669,1.9022341360000001,0.39953523874282837,0,95.80802917480469
36.2,3.519841700255678,1.012863542579728,0.19684210526315787,-0.07692307692307669,1.9022341360000001,0.39953523874282837,0,95.80802917480469
36.2,3.519841700255678,1.012863542579728,0.19684210526315787,-0.07692307692307669,1.9022341360000001,0.39953523874282837,0,95.80802917480469
36.2,3.526529681768208,1.0124909942158493,0.19684210526315787,-0.07692307692307669,1.902659682,0.39953523874282837,0,95.80802917480469
36.2,3.526529681768208,1.0124909942158493,0.19684210526315787,-0.07692307692307669,1.902659682,0.39953523874282837,0,95.80802917480469
36.2,3.526529681768208,1.0124909942158493,0.19684210526315787,-0.07692307692307669,1.902659682,0.39953523874282837,0,95.80802917480469
36.2,3.526529681768208,1.0124909942158493,0.19684210526315787,-0.07692307692307669,1.902659682,0.39953523874282837,0,95.80802917480469
36.2,3.533216315319621,1.012102974055685,0.18526315789473682,-0.07692307692307669,1.565956845,0.32882457971572876,0,95.80802917480469
36.2,3.533216315319621,1.012102974055685,0.18526315789473682,-0.07692307692307669,1.565956845,0.32882457971572876,0,95.80802917480469
36.2,3.533216315319621,1.012102974055685,0.18526315789473682,-0.07692307692307669,1.565956845,0.32882457971572876,0,95.80802917480469
36.300000000000004,3.533216315319621,1.012102974055685,0.18526315789473682,-0.07692307692307669,1.565956845,0.32882457971572876,0,95.80802917480469
36.300000000000004,3.539902377675583,1.0116976150471748,0.18526315789473682,-0.07692307692307669,1.585669577,0.32882457971572876,0,95.80802917480469
36.300000000000004,3.539902377675583,1.0116976150471748,0.16210526315789472,-0.07692307692307669,1.585669577,0.32882457971572876,0,95.80802917480469
36.300000000000004,3.539902377675583,1.0116976150471748,0.16210526315789472,-0.07692307692307669,1.585669577,0.32882457971572876,0,95.80802917480469
36.300000000000004,3.54619498189093,1.0112989776726995,0.16210526315789472,-0.07692307692307669,1.369958074,0.2788245677947998,0,95.80802917480469
36.300000000000004,3.54619498189093,1.0112989776726995,0.16210526315789472,-0.07692307692307669,1.369958074,0.2788245677947998,0,95.80802917480469
36.300000000000004,3.54619498189093,1.0112989776726995,0.16210526315789472,-0.07692307692307669,1.369958074,0.2788245677947998,0,95.80802917480469
36.300000000000004,3.54619498189093,1.0112989776726995,0.16210526315789472,-0.07692307692307669,1.369958074,0.2788245677947998,0,95.80802917480469
36.300000000000004,3.551699818014047,1.010937206415315,0.16210526315789472,-0.07692307692307669,1.414966734,0.2788245677947998,0,95.80802917480469
36.300000000000004,3.551699818014047,1.010937206415315,0.16210526315789472,-0.07692307692307669,1.414966734,0.2788245677947998,0,95.80802917480469
36.300000000000004,3.551699818014047,1.010937206415315,0.16210526315789472,-0.07692307692307669,1.414966734,0.2788245677947998,0,95.80802917480469
36.400000000000006,3.551699818014047,1.010937206415315,0.16210526315789472,-0.07692307692307669,1.414966734,0.2788245677947998,0,95.80802917480469
36.400000000000006,3.557204428429673,1.010562421451286,0.16210526315789472,-0.2307692307692305,1.46262736,0.2788245677947998,0,95.80802917480469
36.400000000000006,3.557204428429673,1.010562421451286,0.16210526315789472,-0.2307692307692305,1.46262736,0.2788245677947998,0,95.80802917480469
36.400000000000006,3.557204428429673,1.010562421451286,0.16210526315789472,-0.2307692307692305,1.46262736,0.2788245677947998,0,95.80802917480469
36.400000000000006,3.562707451385544,1.0101721919478004,0.16210526315789472,-0.2307692307692305,1.5029211980000001,0.2788245677947998,0,95.80802917480469
36.400000000000006,3.562707451385544,1.0101721919478004,0.16210526315789472,-0.2307692307692305,1.5029211980000001,0.2788245677947998,0,95.80802917480469
36.400000000000006,3.562707451385544,1.0101721919478004,0.16210526315789472,-0.2307692307692305,1.5029211980000001,0.2788245677947998,0,95.80802917480469
36.400000000000006,3.5682126360862134,1.009762005146155,0.16210526315789472,-0.2307692307692305,1.545572739,0.2788245677947998,0,95.80802917480469
36.400000000000006,3.5682126360862134,1.009762005146155,0.16210526315789472,-0.2307692307692305,1.545572739,0.2788245677947998,0,95.80802917480469
36.400000000000006,3.5682126360862134,1.009762005146155,0.16210526315789472,-0.2307692307692305,1.545572739,0.2788245677947998,0,95.80802917480469
36.5,3.5682126360862134,1.009762005146155,0.16210526315789472,-0.2307692307692305,1.545572739,0.2788245677947998,0,95.71619415283203
36.5,3.5737231885074396,1.0093063465625067,0.15052631578947367,-0.2307692307692305,1.578337297,0.2788245677947998,0,95.71619415283203
36.5,3.5737231885074396,1.0093063465625067,0.15052631578947367,-0.2307692307692305,1.578337297,0.2788245677947998,0,95.71619415283203
36.5,3.5737231885074396,1.0093063465625067,0.15052631578947367,-0.2307692307692305,1.578337297,0.2788245677947998,0,95.71619415283203
36.5,3.5792255305672063,1.0087962694460701,0.15052631578947367,-0.2307692307692305,1.612658535,0.2788245677947998,0,95.71619415283203
36.5,3.5792255305672063,1.0087962694460701,0.15052631578947367,-0.2307692307692305,1.612658535,0.2788245677947998,0,95.71619415283203
36.5,3.5792255305672063,1.0087962694460701,0.15052631578947367,-0.2307692307692305,1.612658535,0.2788245677947998,0,95.71619415283203
36.5,3.5792255305672063,1.0087962694460701,0.15052631578947367,-0.2307692307692305,1.612658535,0.2788245677947998,0,95.71619415283203
36.5,3.58432776512164,1.0082864363980564,0.15052631578947367,-0.2307692307692305,1.662502804,0.2788245677947998,0,95.71619415283203
36.5,3.58432776512164,1.0082864363980564,0.15052631578947367,-0.2307692307692305,1.662502804,0.2788245677947998,0,95.71619415283203
36.6,3.58432776512164,1.0082864363980564,0.15052631578947367,-0.2307692307692305,1.662502804,0.2788245677947998,0,95.71619415283203
36.6,3.5894303010207955,1.0077418034208048,0.025526315789473675,-0.0707692307692305,1.714216812,0.2788245677947998,0,95.71619415283203
36.6,3.5894303010207955,1.0077418034208048,0.025526315789473675,-0.0707692307692305,1.714216812,0.2788245677947998,0,95.71619415283203
36.6,3.5894303010207955,1.0077418034208048,0.025526315789473675,-0.0707692307692305,1.714216812,0.2788245677947998,0,95.71619415283203
41.2,3.593198421005445,1.0187171260750807,0.0,0.0,0.0,0.22882457077503204,0,95.6895980834961
41.2,3.5931985555353454,1.0187170355536561,0.0,0.0,0.0,0.22882457077503204,0,95.6895980834961
41.2,3.5931985555353454,1.0187170355536561,0.0,0.0,0.0,0.0,1,95.6895980834961
41.2,3.5931985555353454,1.0187170355536561,0.0,0.0,0.0,0.0,1,95.6895980834961
41.300000000000004,3.5931985555353454,1.0187170355536561,0.0,0.0,0.0,0.0,1,95.6895980834961
41.300000000000004,3.593198672689582,1.0187169546106547,0.0,0.0,0.0,0.0,1,95.6895980834961
41.300000000000004,3.593198672689582,1.0187169546106547,0.0,0.0,0.0,0.0,1,95.6895980834961
41.300000000000004,3.593198672689582,1.0187169546106547,0.0,0.0,0.0,0.0,1,95.6895980834961
41.300000000000004,3.593198745270575,1.0187168814738943,0.0,0.0,0.0,0.0,1,95.6895980834961
41.300000000000004,3.593198745270575,1.0187168814738943,0.0,0.0,0.0,0.0,1,95.6895980834961
41.300000000000004,3.593198745270575,1.0187168814738943,0.0,0.0,0.0,0.0,1,95.6895980834961
41.300000000000004,3.593198745270575,1.0187168814738943,0.0,0.0,0.0,0.0,1,95.6895980834961
41.300000000000004,3.59319877000577,1.0187168246706766,0.0,0.0,0.0,0.0,1,95.6895980834961
41.300000000000004,3.59319877000577,1.0187168246706766,0.0,0.0,0.0,0.0,1,95.6895980834961
41.300000000000004,3.59319877000577,1.0187168246706766,0.0,0.0,0.0,0.0,1,95.6895980834961
41.400000000000006,3.5931986916059673,1.0187167809251236,0.0,0.0,0.0,0.0,1,95.6895980834961
41.400000000000006,3.5931986916059673,1.0187167809251236,0.0,0.0,0.0,0.0,1,95.6895980834961
41.400000000000006,3.5931986916059673,1.0187167809251236,0.0,0.0,0.0,0.0,1,95.6895980834961
41.400000000000006,3.5931986916059673,1.0187167809251236,0.0,0.0,0.0,0.0,1,95.6895980834961
41.400000000000006,3.5931986525340465,1.0187167414487053,0.0,0.0,0.0,0.0,1,95.6895980834961
41.400000000000006,3.5931986525340465,1.0187167414487053,0.0,0.0,0.0,0.0,1,95.6895980834961
41.400000000000006,3.5931986525340465,1.0187167414487053,0.0,0.0,0.0,0.0,1,95.6895980834961
41.400000000000006,3.593198534245845,1.0187167122625147,0.0,0.0,0.0,0.0,1,95.6895980834961
41.400000000000006,3.593198534245845,1.0187167122625147,0.0,0.0,0.0,0.0,1,95.6895980834961
41.400000000000006,3.593198534245845,1.0187167122625147,0.0,0.0,0.0,0.0,1,95.6895980834961
41.5,3.593198534245845,1.0187167122625147,0.0,0.0,0.0,0.0,1,95.6895980834961
41.5,3.593198468698885,1.018716682811093,0.0,0.0,0.0,0.0,1,95.6895980834961
41.5,3.593198468698885,1.018716682811093,0.0,0.0,0.0,0.0,1,95.6895980834961
41.5,3.593198468698885,1.018716682811093,0.0,0.0,0.0,0.0,1,95.6895980834961
41.5,3.593198468698885,1.018716682811093,0.0,0.0,0.0,0.0,1,95.6895980834961
41.5,3.593198468698885,1.018716682811093,0.0,0.0,0.0,0.0,1,95.6895980834961
41.5,3.593198421782076,1.0187166538865298,0.0,0.0,0.0,0.0,1,95.6895980834961
41.5,3.593198421782076,1.0187166538865298,0.0,0.0,0.0,0.0,1,95.6895980834961
41.5,3.593198421782076,1.0187166538865298,0.0,0.0,0.0,0.0,1,95.6895980834961
41.5,3.5931983857360503,1.0187166251085922,0.0,0.0,0.0,0.0,1,95.6895980834961
41.5,3.5931983857360503,1.0187166251085922,0.0,0.0,0.0,0.0,1,95.6895980834961
41.6,3.5931983857360503,1.0187166251085922,0.0,0.0,0.0,0.0,1,95.6895980834961
41.6,3.5931983857360503,1.0187166251085922,0.0,0.0,0.0,0.0,1,95.6895980834961
41.6,3.5931983414180477,1.018716600561326,0.0,0.0,0.0,0.0,1,95.6895980834961
41.6,3.5931983414180477,1.018716600561326,0.0,0.0,0.0,0.0,1,95.6895980834961
41.6,3.5931983414180477,1.018716600561326,0.0,0.0,0.0,0.0,1,95.6895980834961
41.6,3.5931983435920163,1.018716573023743,0.0,0.0,0.0,0.0,1,95.6895980834961
41.6,3.5931983435920163,1.018716573023743,0.0,0.0,0.0,0.0,1,95.6895980834961
41.6,3.5931983435920163,1.018716573023743,0.0,0.0,0.0,0.0,1,95.6895980834961
41.6,3.5931983435920163,1.018716573023743,0.0,0.0,0.0,0.0,1,95.6895980834961
41.6,3.5931983435920163,1.018716573023743,0.0,0.0,0.0,0.0,1,95.6895980834961
41.6,3.5931983735406394,1.0187165493455168,0.0,0.0,0.0,0.0,1,95.6895980834961
41.7,3.5931983735406394,1.0187165493455168,0.0,0.0,0.0,0.0,1,95.6895980834961
41.7,3.5931983735406394,1.0187165493455168,0.0,0.0,0.0,0.0,1,95.6895980834961
41.7,3.5931983750304095,1.0187165276682608,0.0,0.0,0.0,0.0,1,95.6895980834961
41.7,3.5931983750304095,1.0187165276682608,0.0,0.0,0.0,0.0,1,95.6895980834961
41.7,3.5931983750304095,1.0187165276682608,0.0,0.0,0.0,0.0,1,95.6895980834961
41.7,3.593198386224492,1.0187165067406467,0.0,0.0,0.0,0.0,1,95.6895980834961
41.7,3.593198386224492,1.0187165067406467,0.0,0.0,0.0,0.0,1,95.6895980834961
41.7,3.593198386224492,1.0187165067406467,0.0,0.0,0.0,0.0,1,95.6895980834961
41.7,3.593198386224492,1.0187165067406467,0.0,0.0,0.0,0.0,1,95.6895980834961
41.7,3.593198455404071,1.0187164848889196,0.0,0.0,0.0,0.0,1,95.6895980834961
41.7,3.593198455404071,1.0187164848889196,0.0,0.0,0.0,0.0,1,95.6895980834961
41.800000000000004,3.593198455404071,1.0187164848889196,0.0,0.0,0.0,0.0,1,95.6895980834961
41.800000000000004,3.593198525798239,1.018716463397598,0.0,0.0,0.0,0.0,1,95.6895980834961
41.800000000000004,3.593198525798239,1.018716463397598,0.0,0.0,0.0,0.0,1,95.6895980834961
41.800000000000004,3.593198525798239,1.018716463397598,0.0,0.0,0.0,0.0,1,95.6895980834961
41.800000000000004,3.593198525798239,1.018716463397598,0.0,0.0,0.0,0.0,1,95.6895980834961
41.800000000000004,3.5931985631865535,1.0187164446364223,0.0,0.0,0.0,0.0,1,95.6895980834961
41.800000000000004,3.5931985631865535,1.0187164446364223,0.0,0.0,0.0,0.0,1,95.6895980834961
41.800000000000004,3.5931985631865535,1.0187164446364223,0.0,0.0,0.0,0.0,1,95.6895980834961
41.800000000000004,3.5931986363257247,1.0187164287277568,0.0,0.0,0.0,0.0,1,95.6895980834961
41.800000000000004,3.5931986363257247,1.0187164287277568,0.0,0.0,0.0,0.0,1,95.6895980834961
41.900000000000006,3.5931986363257247,1.0187164287277568,0.0,0.0,0.0,0.0,1,95.6895980834961
41.900000000000006,3.5931986363257247,1.0187164287277568,0.0,0.0,0.0,0.0,1,95.6895980834961
41.900000000000006,3.593198616318254,1.0187164250359317,0.0,0.0,0.0,0.0,1,95.6895980834961
41.900000000000006,3.593198616318254,1.0187164250359317,0.0,0.0,0.0,0.0,1,95.6895980834961
41.900000000000006,3.593198616318254,1.0187164250359317,0.0,0.0,0.0,0.0,1,95.6895980834961
41.900000000000006,3.593198638992602,1.0187164186516926,0.0,0.0,0.0,0.0,1,95.6895980834961
41.900000000000006,3.593198638992602,1.0187164186516926,0.0,0.0,0.0,0.0,1,95.6895980834961
41.900000000000006,3.593198638992602,1.0187164186516926,0.0,0.0,0.0,0.0,1,95.6895980834961
41.900000000000006,3.593198638992602,1.0187164186516926,0.0,0.0,0.0,0.0,1,95.6895980834961
41.900000000000006,3.593198596335885,1.0187164248733471,0.0,0.0,0.0,4.287233829498291,1,95.6895980834961
41.900000000000006,3.593198596335885,1.0187164248733471,0.0,0.0,0.0,4.287233829498291,1,95.6895980834961
42.0,3.593198596335885,1.0187164248733471,0.011578947368421053,0.16,0.0,4.287233829498291,1,95.6895980834961
42.0,3.593198596335885,1.0187164248733471,0.011578947368421053,0.16,0.0,4.287233829498291,1,95.6895980834961
42.0,3.593198596335885,1.0187164248733471,0.011578947368421053,0.16,0.0,4.287233829498291,1,95.6895980834961
42.0,3.5931985436819582,1.0187164300552394,0.011578947368421053,0.16,0.0,4.287233829498291,1,95.6895980834961
42.0,3.5931985436819582,1.0187164300552394,0.011578947368421053,0.16,0.0,4.287233829498291,1,95.6895980834961
42.0,3.5931985436819582,1.0187164300552394,0.011578947368421053,0.32,0.0,4.287233829498291,1,95.6895980834961
42.0,3.5931985436819582,1.0187164300552394,0.011578947368421053,0.32,0.0,4.287233829498291,1,95.6895980834961
42.0,3.5935816908385867,1.0186627101786818,0.011578947368421053,0.32,0.0,4.287233829498291,1,95.6895980834961
42.0,3.5935816908385867,1.0186627101786818,0.011578947368421053,0.32,0.0,4.287233829498291,1,95.6895980834961
42.0,3.5935816908385867,1.0186627101786818,0.011578947368421053,0.32,0.0,4.287233829498291,1,95.6895980834961
42.0,3.5939506094126603,1.0186127083510823,0.011578947368421053,0.48,0.0,4.287233829498291,1,95.6895980834961
42.0,3.5939506094126603,1.0186127083510823,0.011578947368421053,0.48,0.0,4.287233829498291,1,95.6895980834961
42.1,3.5939506094126603,1.0186127083510823,0.011578947368421053,0.48,0.0,4.287233829498291,1,95.6895980834961
42.1,3.5939506094126603,1.0186127083510823,0.011578947368421053,0.48,0.0,4.287233829498291,1,95.6895980834961
42.1,3.594308331413813,1.0185694062441726,0.011578947368421053,0.48,0.0,4.287233829498291,1,95.6895980834961
42.1,3.594308331413813,1.0185694062441726,0.011578947368421053,0.48,0.0,4.287233829498291,1,95.6895980834961
42.1,3.594308331413813,1.0185694062441726,0.011578947368421053,0.64,0.0,4.287233829498291,1,95.6895980834961
42.1,3.594308331413813,1.0185694062441726,0.011578947368421053,0.64,0.0,4.287233829498291,1,95.6895980834961
42.1,3.5946657978952836,1.0185330840505724,0.011578947368421053,0.64,0.0,4.287233829498291,1,95.6895980834961
42.1,3.5946657978952836,1.0185330840505724,0.011578947368421053,0.64,0.0,4.287233829498291,1,95.6895980834961
42.1,3.5946657978952836,1.0185330840505724,0.011578947368421053,0.64,0.0,4.287233829498291,1,95.6895980834961
42.1,3.5950239384223326,1.018503233537149,0.011578947368421053,0.8,0.0,4.287233829498291,1,95.6895980834961
42.1,3.5950239384223326,1.018503233537149,0.011578947368421053,0.8,0.0,4.287233829498291,1,95.6895980834961
42.2,3.5950239384223326,1.018503233537149,0.011578947368421053,0.8,0.0,4.287233829498291,1,95.6895980834961
42.2,3.5950239384223326,1.018503233537149,0.011578947368421053,0.8,0.0,4.287233829498291,1,95.6895980834961
42.2,3.595372659771934,1.0184811232450985,0.011578947368421053,0.8,0.0,4.287233829498291,1,95.6895980834961
42.2,3.595372659771934,1.0184811232450985,0.011578947368421053,0.8461538461538465,0.0,4.287233829498291,1,95.6895980834961
42.2,3.595372659771934,1.0184811232450985,0.011578947368421053,0.8461538461538465,0.0,4.287233829498291,1,95.6895980834961
42.2,3.595372659771934,1.0184811232450985,0.011578947368421053,0.8461538461538465,0.0,4.287233829498291,1,95.6895980834961
42.2,3.5957174082935297,1.018468153253917,0.011578947368421053,0.8461538461538465,0.0,4.287233829498291,1,95.6895980834961
42.2,3.5957174082935297,1.018468153253917,0.011578947368421053,0.8461538461538465,0.0,4.287233829498291,1,95.6895980834961
42.2,3.5957174082935297,1.018468153253917,0.011578947368421053,0.8461538461538465,0.0,4.287233829498291,1,95.6895980834961
42.2,3.5957174082935297,1.018468153253917,0.011578947368421053,0.8461538461538465,0.0,4.287233829498291,1,95.6895980834961
42.2,3.596056753711509,1.0184643772441135,0.011578947368421053,0.8461538461538465,0.0,4.287233829498291,1,95.6895980834961
42.300000000000004,3.596056753711509,1.0184643772441135,0.011578947368421053,0.8461538461538465,0.0,4.287233829498291,1,95.6895980834961
42.300000000000004,3.596056753711509,1.0184643772441135,0.011578947368421053,0.8461538461538465,0.0,4.287233829498291,1,95.6895980834961
42.300000000000004,3.596056753711509,1.0184643772441135,0.011578947368421053,0.8461538461538465,0.0,4.287233829498291,1,95.6895980834961
42.300000000000004,3.5963947128429448,1.0184709270789871,0.011578947368421053,0.8461538461538465,417.632060795,4.287233829498291,1,95.6895980834961
42.300000000000004,3.5963947128429448,1.0184709270789871,0.011578947368421053,0.8461538461538465,417.632060795,4.287233829498291,1,95.6895980834961
42.300000000000004,3.5963947128429448,1.0184709270789871,0.011578947368421053,0.8461538461538465,417.632060795,4.287233829498291,1,95.6895980834961
42.300000000000004,3.5967353452260946,1.0184874298486277,0.011578947368421053,0.8461538461538465,420.571727822,4.287233829498291,1,95.6895980834961
42.300000000000004,3.5967353452260946,1.0184874298486277,0.011578947368421053,0.7435897435897438,420.571727822,4.287233829498291,1,95.6895980834961
42.300000000000004,3.5967353452260946,1.0184874298486277,0.011578947368421053,0.7435897435897438,420.571727822,4.287233829498291,1,95.6895980834961
42.300000000000004,3.5970751180028433,1.018513536265694,0.011578947368421053,0.7435897435897438,425.556821515,4.287233829498291,1,95.6895980834961
42.400000000000006,3.5970751180028433,1.018513536265694,0.011578947368421053,0.7435897435897438,425.556821515,4.287233829498291,1,95.6895980834961
42.400000000000006,3.5970751180028433,1.018513536265694,0.011578947368421053,0.7435897435897438,425.556821515,4.287233829498291,1,95.6895980834961
42.400000000000006,3.5970751180028433,1.018513536265694,0.011578947368421053,0.7435897435897438,425.556821515,4.287233829498291,1,95.6895980834961
42.400000000000006,3.5974166502919367,1.018549176840497,0.011578947368421053,0.7435897435897438,427.065644241,4.287233829498291,1,95.6895980834961
42.400000000000006,3.5974166502919367,1.018549176840497,0.011578947368421053,0.7435897435897438,427.065644241,4.287233829498291,1,95.6895980834961
42.400000000000006,3.5974166502919367,1.018549176840497,0.011578947368421053,0.7435897435897438,427.065644241,4.287233829498291,1,95.6895980834961
42.400000000000006,3.5974166502919367,1.018549176840497,0.13657894736842105,0.9035897435897439,427.065644241,4.287233829498291,1,95.6895980834961
42.400000000000006,3.597761503030528,1.018594782956427,0.13657894736842105,0.9035897435897439,0.0,4.287233829498291,1,95.6895980834961
42.400000000000006,3.597761503030528,1.018594782956427,0.13657894736842105,0.9035897435897439,0.0,4.287233829498291,1,95.6895980834961
42.400000000000006,3.597761503030528,1.018594782956427,0.13657894736842105,0.9035897435897439,0.0,4.287233829498291,1,95.6895980834961
42.400000000000006,3.597761503030528,1.018594782956427,0.13657894736842105,0.9035897435897439,0.0,4.287233829498291,1,95.6895980834961
42.5,3.5992414684338905,1.0188266198203804,0.13657894736842105,0.9035897435897439,311.313119252,4.287233829498291,1,95.68355560302734
42.5,3.5992414684338905,1.0188266198203804,0.19684210526315787,1.0000000000000004,311.313119252,4.287233829498291,1,95.68355560302734
42.5,3.5992414684338905,1.0188266198203804,0.19684210526315787,1.0000000000000004,311.313119252,4.287233829498291,1,95.68355560302734
42.5,3.6018455789979997,1.0193088319068404,0.19684210526315787,1.0000000000000004,201.488068681,4.287233829498291,1,95.68355560302734
42.5,3.6018455789979997,1.0193088319068404,0.19684210526315787,1.0000000000000004,201.488068681,4.287233829498291,1,95.68355560302734
42.5,3.6018455789979997,1.0193088319068404,0.13894736842105262,1.0000000000000004,201.488068681,4.287233829498291,1,95.68355560302734
42.5,3.6018455789979997,1.0193088319068404,0.13894736842105262,1.0000000000000004,201.488068681,4.287233829498291,1,95.68355560302734
42.5,3.6055649112313137,1.0201090388037821,0.13894736842105262,1.0000000000000004,131.620302094,4.287233829498291,1,95.68355560302734
42.5,3.6055649112313137,1.0201090388037821,0.13894736842105262,1.0000000000000004,131.620302094,4.287233829498291,1,95.68355560302734
42.5,3.6055649112313137,1.0201090388037821,0.13894736842105262,1.0000000000000004,131.620302094,4.287233829498291,1,95.68355560302734
42.6,3.6099741187437866,1.0211855631694342,0.13894736842105262,1.0000000000000004,92.596598692,4.287233829498291,1,95.68355560302734
42.6,3.6099741187437866,1.0211855631694342,0.13894736842105262,1.0000000000000004,92.596598692,4.287233829498291,1,95.68355560302734
42.6,3.6099741187437866,1.0211855631694342,0.13894736842105262,1.0000000000000004,92.596598692,4.287233829498291,1,95.68355560302734
42.6,3.6099741187437866,1.0211855631694342,0.13894736842105262,1.0000000000000004,92.596598692,4.287233829498291,1,95.68355560302734
42.6,3.6144563529985807,1.02243488199451,0.13894736842105262,1.0000000000000004,70.978742998,4.287233829498291,1,95.68355560302734
42.6,3.6144563529985807,1.02243488199451,0.13894736842105262,1.0000000000000004,70.978742998,4.287233829498291,1,95.68355560302734
42.6,3.6144563529985807,1.02243488199451,0.13894736842105262,1.0000000000000004,70.978742998,4.287233829498291,1,95.68355560302734
42.6,3.6188898977466026,1.0238475619070762,0.13894736842105262,1.0000000000000004,57.597066836,4.287233829498291,1,95.68355560302734
42.6,3.6188898977466026,1.0238475619070762,0.13894736842105262,1.0000000000000004,57.597066836,4.287233829498291,1,95.68355560302734
42.6,3.6188898977466026,1.0238475619070762,0.13894736842105262,1.0000000000000004,57.597066836,4.287233829498291,1,95.68355560302734
42.6,3.6188898977466026,1.0238475619070762,0.13894736842105262,1.0000000000000004,57.597066836,4.287233829498291,1,95.68355560302734
42.7,3.623277117102983,1.0254122413575504,0.13894736842105262,1.0000000000000004,48.422323976,4.287233829498291,1,95.68355560302734
42.7,3.623277117102983,1.0254122413575504,0.13894736842105262,1.0000000000000004,48.422323976,4.287233829498291,1,95.68355560302734
42.7,3.623277117102983,1.0254122413575504,0.13894736842105262,1.0000000000000004,48.422323976,4.287233829498291,1,95.68355560302734
42.7,3.623277117102983,1.0254122413575504,0.13894736842105262,1.0000000000000004,48.422323976,4.287233829498291,1,95.68355560302734
42.7,3.6276113362580613,1.0271184534265267,0.17368421052631577,1.0000000000000004,41.783136532,4.287233829498291,1,95.68355560302734
42.7,3.6276113362580613,1.0271184534265267,0.17368421052631577,1.0000000000000004,41.783136532,4.287233829498291,1,95.68355560302734
42.7,3.6276113362580613,1.0271184534265267,0.17368421052631577,1.0000000000000004,41.783136532,4.287233829498291,1,95.68355560302734
42.7,3.6276113362580613,1.0271184534265267,0.17368421052631577,1.0000000000000004,41.783136532,4.287233829498291,1,95.68355560302734
42.7,3.6318834361010772,1.0289714094605011,0.17368421052631577,1.0000000000000004,36.753064747,4.287233829498291,1,95.68355560302734
42.7,3.6318834361010772,1.0289714094605011,0.17368421052631577,1.0000000000000004,36.753064747,4.287233829498291,1,95.68355560302734
42.7,3.6318834361010772,1.0289714094605011,0.17368421052631577,1.0000000000000004,36.753064747,4.287233829498291,1,95.68355560302734
42.800000000000004,3.6370243253623933,1.031415504092666,0.17368421052631577,1.0000000000000004,32.908025131,4.287233829498291,1,95.68355560302734
42.800000000000004,3.6370243253623933,1.031415504092666,0.17368421052631577,1.0000000000000004,32.908025131,4.287233829498291,1,95.68355560302734
42.800000000000004,3.6370243253623933,1.031415504092666,0.17368421052631577,1.0000000000000004,32.908025131,4.287233829498291,1,95.68355560302734
42.800000000000004,3.6370243253623933,1.031415504092666,0.17368421052631577,1.0000000000000004,32.908025131,4.287233829498291,1,95.68355560302734
42.800000000000004,3.6422159038257904,1.0340912294418432,0.19684210526315787,0.9487179487179491,30.468589816,4.287233829498291,1,95.68355560302734
42.800000000000004,3.6422159038257904,1.0340912294418432,0.19684210526315787,0.9487179487179491,30.468589816,4.287233829498291,1,95.68355560302734
42.800000000000004,3.6422159038257904,1.0340912294418432,0.19684210526315787,0.9487179487179491,30.468589816,4.287233829498291,1,95.68355560302734
42.800000000000004,3.6422159038257904,1.0340912294418432,0.19684210526315787,0.9487179487179491,30.468589816,4.287233829498291,1,95.68355560302734
42.800000000000004,3.647877547135477,1.0372468182375596,0.19684210526315787,0.9487179487179491,28.354748322,4.237233638763428,1,95.68355560302734
42.800000000000004,3.647877547135477,1.0372468182375596,0.19684210526315787,0.9487179487179491,28.354748322,4.237233638763428,1,95.68355560302734
42.800000000000004,3.647877547135477,1.0372468182375596,0.19684210526315787,0.9487179487179491,28.354748322,4.237233638763428,1,95.68355560302734
42.900000000000006,3.647877547135477,1.0372468182375596,0.19684210526315787,0.9487179487179491,28.354748322,4.237233638763428,1,95.68355560302734
42.900000000000006,3.6535630081337827,1.040657777189899,0.19684210526315787,0.9487179487179491,27.120544671,4.237233638763428,1,95.68355560302734
42.900000000000006,3.6535630081337827,1.040657777189899,0.19684210526315787,0.9487179487179491,27.120544671,4.237233638763428,1,95.68355560302734
42.900000000000006,3.6535630081337827,1.040657777189899,0.19684210526315787,0.9487179487179491,27.864342995,4.353442668914795,1,95.68355560302734
42.900000000000006,3.6535630081337827,1.040657777189899,0.19684210526315787,0.9487179487179491,27.864342995,4.353442668914795,1,95.68355560302734
42.900000000000006,3.6591392191953274,1.0442440009031722,0.19684210526315787,0.9487179487179491,26.761174114,4.353442668914795,1,95.68355560302734
42.900000000000006,3.6591392191953274,1.0442440009031722,0.19684210526315787,0.9487179487179491,26.761174114,4.353442668914795,1,95.68355560302734
42.900000000000006,3.6591392191953274,1.0442440009031722,0.18526315789473682,0.8974358974358978,26.761174114,4.353442668914795,1,95.68355560302734
42.900000000000006,3.6645950347662546,1.0480094621685085,0.18526315789473682,0.8974358974358978,25.738357797,4.353442668914795,1,95.68355560302734
42.900000000000006,3.6645950347662546,1.0480094621685085,0.18526315789473682,0.8974358974358978,25.738357797,4.353442668914795,1,95.68355560302734
42.900000000000006,3.6645950347662546,1.0480094621685085,0.18526315789473682,0.8974358974358978,25.738357797,4.353442668914795,1,95.68355560302734
43.0,3.6694970857934686,1.051630379732865,0.18526315789473682,0.8974358974358978,25.738357797,4.353442668914795,1,95.61197662353516
43.0,3.6694970857934686,1.051630379732865,0.17368421052631577,0.7435897435897438,24.754983788,4.303442478179932,1,95.61197662353516
43.0,3.6694970857934686,1.051630379732865,0.17368421052631577,0.7435897435897438,24.754983788,4.303442478179932,1,95.61197662353516
43.0,3.6694970857934686,1.051630379732865,0.17368421052631577,0.7435897435897438,24.754983788,4.303442478179932,1,95.61197662353516
43.0,3.6694970857934686,1.051630379732865,0.17368421052631577,0.7435897435897438,24.754983788,4.303442478179932,1,95.61197662353516
43.0,3.674413556466064,1.0554840139386958,0.17368421052631577,0.7435897435897438,24.039864298,4.303442478179932,1,95.61197662353516
43.0,3.674413556466064,1.0554840139386958,0.17368421052631577,0.7435897435897438,24.039864298,4.303442478179932,1,95.61197662353516
43.0,3.674413556466064,1.0554840139386958,0.17368421052631577,0.7435897435897438,24.039864298,4.303442478179932,1,95.61197662353516
43.0,3.6788064859479612,1.0591298013228738,0.17368421052631577,0.7435897435897438,23.584455602,4.303442478179932,1,95.61197662353516
43.0,3.6788064859479612,1.0591298013228738,0.17368421052631577,0.7435897435897438,23.584455602,4.303442478179932,1,95.61197662353516
43.0,3.6788064859479612,1.0591298013228738,0.17368421052631577,0.7435897435897438,23.584455602,4.303442478179932,1,95.61197662353516
43.1,3.6788064859479612,1.0591298013228738,0.16210526315789472,0.6410256410256412,23.584455602,4.303442478179932,1,95.61197662353516
43.1,3.6832242807467193,1.0629864026746418,0.16210526315789472,0.6410256410256412,23.511695276,4.303442478179932,1,95.61197662353516
43.1,3.6832242807467193,1.0629864026746418,0.16210526315789472,0.6410256410256412,23.511695276,4.303442478179932,1,95.61197662353516
43.1,3.6832242807467193,1.0629864026746418,0.16210526315789472,0.6410256410256412,23.511695276,4.303442478179932,1,95.61197662353516
43.1,3.6871589418051727,1.0665782494887255,0.16210526315789472,0.6410256410256412,23.732282699,4.303442478179932,1,95.61197662353516
43.1,3.6871589418051727,1.0665782494887255,0.16210526315789472,0.6410256410256412,23.732282699,4.303442478179932,1,95.61197662353516
43.1,3.6871589418051727,1.0665782494887255,0.16210526315789472,0.6410256410256412,23.732282699,4.303442478179932,1,95.61197662353516
43.1,3.6871589418051727,1.0665782494887255,0.16210526315789472,0.6410256410256412,23.732282699,4.303442478179932,1,95.61197662353516
43.1,3.691125371747709,1.0703552271497383,0.16210526315789472,0.6410256410256412,24.170444592,4.303442478179932,1,95.61197662353516
43.1,3.691125371747709,1.0703552271497383,0.16210526315789472,0.6410256410256412,24.170444592,4.303442478179932,1,95.61197662353516
43.2,3.691125371747709,1.0703552271497383,0.21999999999999997,0.6923076923076925,24.170444592,4.303442478179932,1,95.61197662353516
43.2,3.695010474189502,1.0742131144983178,0.21999999999999997,0.6923076923076925,24.698379644,4.303442478179932,1,95.61197662353516
43.2,3.695010474189502,1.0742131144983178,0.21999999999999997,0.6923076923076925,24.698379644,4.303442478179932,1,95.61197662353516
43.2,3.695010474189502,1.0742131144983178,0.21999999999999997,0.6923076923076925,24.698379644,4.303442478179932,1,95.61197662353516
43.2,3.695010474189502,1.0742131144983178,0.21999999999999997,0.6923076923076925,24.698379644,4.303442478179932,1,95.61197662353516
43.2,3.6995079643136135,1.078882981679895,0.21999999999999997,0.6923076923076925,24.767866396,4.303442478179932,1,95.61197662353516
43.2,3.6995079643136135,1.078882981679895,0.21999999999999997,0.6923076923076925,24.767866396,4.303442478179932,1,95.61197662353516
43.2,3.6995079643136135,1.078882981679895,0.21999999999999997,0.6923076923076925,24.767866396,4.303442478179932,1,95.61197662353516
43.2,3.7045441965188504,1.0843399931838982,0.21999999999999997,0.6923076923076925,24.404195805,4.303442478179932,1,95.61197662353516
43.2,3.7045441965188504,1.0843399931838982,0.21999999999999997,0.6923076923076925,24.404195805,4.303442478179932,1,95.61197662353516
43.2,3.7045441965188504,1.0843399931838982,0.20842105263157892,0.6410256410256412,24.404195805,4.303442478179932,1,95.61197662353516
43.2,3.7045441965188504,1.0843399931838982,0.20842105263157892,0.6410256410256412,24.404195805,4.303442478179932,1,95.61197662353516
43.300000000000004,3.7045441965188504,1.0843399931838982,0.20842105263157892,0.6410256410256412,24.404195805,4.303442478179932,1,95.61197662353516
43.300000000000004,3.70946383366502,1.0899182376601741,0.20842105263157892,0.6410256410256412,23.538107998,4.253442764282227,1,95.61197662353516
43.300000000000004,3.70946383366502,1.0899182376601741,0.20842105263157892,0.6410256410256412,23.538107998,4.253442764282227,1,95.61197662353516
43.300000000000004,3.70946383366502,1.0899182376601741,0.20842105263157892,0.6410256410256412,23.538107998,4.253442764282227,1,95.61197662353516
43.300000000000004,3.70946383366502,1.0899182376601741,0.20842105263157892,0.6410256410256412,23.538107998,4.253442764282227,1,95.61197662353516
43.300000000000004,3.7139834641811116,1.0953024521666317,0.20842105263157892,0.6410256410256412,23.208067919,4.253442764282227,1,95.61197662353516
43.300000000000004,3.7139834641811116,1.0953024521666317,0.20842105263157892,0.6410256410256412,23.208067919,4.253442764282227,1,95.61197662353516
43.300000000000004,3.7139834641811116,1.0953024521666317,0.20842105263157892,0.6410256410256412,23.208067919,4.253442764282227,1,95.61197662353516
43.300000000000004,3.718401023640708,1.1008014179295011,0.19684210526315787,0.5897435897435899,22.6675853,4.253442764282227,1,95.61197662353516
43.300000000000004,3.718401023640708,1.1008014179295011,0.19684210526315787,0.5897435897435899,22.6675853,4.253442764282227,1,95.61197662353516
43.400000000000006,3.718401023640708,1.1008014179295011,0.19684210526315787,0.5897435897435899,22.6675853,4.253442764282227,1,95.61197662353516
43.400000000000006,3.718401023640708,1.1008014179295011,0.19684210526315787,0.5897435897435899,22.6675853,4.253442764282227,1,95.61197662353516
43.400000000000006,3.722705443496472,1.1063867692714466,0.19684210526315787,0.5897435897435899,22.203555329,4.253442764282227,1,95.61197662353516
43.400000000000006,3.722705443496472,1.1063867692714466,0.19684210526315787,0.5897435897435899,22.203555329,4.253442764282227,1,95.61197662353516
43.400000000000006,3.722705443496472,1.1063867692714466,0.19684210526315787,0.5897435897435899,22.203555329,4.253442764282227,1,95.61197662353516
43.400000000000006,3.726642510350401,1.1117338778192136,0.19684210526315787,0.5897435897435899,21.711259134,4.253442764282227,1,95.61197662353516
43.400000000000006,3.726642510350401,1.1117338778192136,0.19684210526315787,0.5897435897435899,21.711259134,4.253442764282227,1,95.61197662353516
43.400000000000006,3.726642510350401,1.1117338778192136,0.19684210526315787,0.5897435897435899,21.711259134,4.253442764282227,1,95.61197662353516
43.400000000000006,3.730480758793454,1.1171773430980831,0.21999999999999997,0.6923076923076925,21.285554169,4.253442764282227,1,95.61197662353516
43.400000000000006,3.730480758793454,1.1171773430980831,0.21999999999999997,0.6923076923076925,21.285554169,4.253442764282227,1,95.61197662353516
43.5,3.730480758793454,1.1171773430980831,0.21999999999999997,0.6923076923076925,21.285554169,4.253442764282227,1,95.5164566040039
43.5,3.730480758793454,1.1171773430980831,0.21999999999999997,0.6923076923076925,21.285554169,4.253442764282227,1,95.5164566040039
43.5,3.7342159240940482,1.1226908338387511,0.21999999999999997,0.6923076923076925,20.875270955,4.253442764282227,1,95.5164566040039
43.5,3.7342159240940482,1.1226908338387511,0.21999999999999997,0.6923076923076925,20.875270955,4.253442764282227,1,95.5164566040039
43.5,3.7342159240940482,1.1226908338387511,0.21999999999999997,0.6923076923076925,20.875270955,4.253442764282227,1,95.5164566040039
43.5,3.7375121777352103,1.127647659029726,0.21999999999999997,0.6923076923076925,20.875270955,4.253442764282227,1,95.5164566040039
43.5,3.7375121777352103,1.127647659029726,0.21999999999999997,0.6923076923076925,20.568941049,4.253442764282227,1,95.5164566040039
43.5,3.7375121777352103,1.127647659029726,0.21999999999999997,0.6923076923076925,20.568941049,4.253442764282227,1,95.5164566040039
43.5,3.7375121777352103,1.127647659029726,0.21999999999999997,0.6923076923076925,20.568941049,4.253442764282227,1,95.5164566040039
43.5,3.740413019001421,1.1322295263931739,0.21999999999999997,0.6923076923076925,20.318632915,4.203442573547363,1,95.5164566040039
43.5,3.740413019001421,1.1322295263931739,0.21999999999999997,0.6923076923076925,20.318632915,4.203442573547363,1,95.5164566040039
43.5,3.740413019001421,1.1322295263931739,0.21999999999999997,0.6923076923076925,20.318632915,4.203442573547363,1,95.5164566040039
43.6,3.740413019001421,1.1322295263931739,0.21999999999999997,0.6923076923076925,20.318632915,4.203442573547363,1,95.5164566040039
43.6,3.740413019001421,1.1322295263931739,0.21999999999999997,0.6923076923076925,20.318632915,4.203442573547363,1,95.5164566040039
43.6,3.7431787004060846,1.1368830000428947,0.21999999999999997,0.6923076923076925,20.320334258,4.203442573547363,1,95.5164566040039
43.6,3.7431787004060846,1.1368830000428947,0.21999999999999997,0.6923076923076925,20.320334258,4.203442573547363,1,95.5164566040039
43.6,3.7431787004060846,1.1368830000428947,0.21999999999999997,0.6923076923076925,20.320334258,4.203442573547363,1,95.5164566040039
43.6,3.745820954554522,1.1415975358266557,0.21999999999999997,0.6923076923076925,20.185753606,4.203442573547363,1,95.5164566040039
43.6,3.745820954554522,1.1415975358266557,0.21999999999999997,0.6923076923076925,20.185753606,4.203442573547363,1,95.5164566040039
43.6,3.745820954554522,1.1415975358266557,0.21999999999999997,0.6923076923076925,20.185753606,4.203442573547363,1,95.5164566040039
43.6,3.745820954554522,1.1415975358266557,0.21999999999999997,0.6923076923076925,20.185753606,4.203442573547363,1,95.5164566040039
43.6,3.7483332485924707,1.146368286897558,0.21999999999999997,0.6923076923076925,20.065049548,4.203442573547363,1,95.5164566040039
43.6,3.7483332485924707,1.146368286897558,0.21999999999999997,0.6923076923076925,20.065049548,4.203442573547363,1,95.5164566040039
43.7,3.7483332485924707,1.146368286897558,0.20842105263157892,0.6410256410256412,20.065049548,4.203442573547363,1,95.5164566040039
43.7,3.7483332485924707,1.146368286897558,0.20842105263157892,0.6410256410256412,20.065049548,4.203442573547363,1,95.5164566040039
43.7,3.750709273233018,1.1511986921504476,0.20842105263157892,0.6410256410256412,19.948210116,4.203442573547363,1,95.5164566040039
43.7,3.750709273233018,1.1511986921504476,0.20842105263157892,0.6410256410256412,19.948210116,4.203442573547363,1,95.5164566040039
43.7,3.750709273233018,1.1511986921504476,0.20842105263157892,0.6410256410256412,19.948210116,4.203442573547363,1,95.5164566040039
43.7,3.753580055491968,1.1572138127177694,0.21999999999999997,0.5897435897435899,19.829383065000002,4.203442573547363,1,95.5164566040039
43.7,3.753580055491968,1.1572138127177694,0.21999999999999997,0.5897435897435899,19.829383065000002,4.203442573547363,1,95.5164566040039
43.7,3.753580055491968,1.1572138127177694,0.21999999999999997,0.5897435897435899,19.829383065000002,4.203442573547363,1,95.5164566040039
43.7,3.753580055491968,1.1572138127177694,0.21999999999999997,0.5897435897435899,19.829383065000002,4.203442573547363,1,95.5164566040039
43.7,3.7564981412936556,1.1636291685183693,0.21999999999999997,0.5897435897435899,19.711891631,4.203442573547363,1,95.5164566040039
43.800000000000004,3.7564981412936556,1.1636291685183693,0.21999999999999997,0.5897435897435899,19.711891631,4.203442573547363,1,95.5164566040039
43.800000000000004,3.7564981412936556,1.1636291685183693,0.21999999999999997,0.5897435897435899,19.711891631,4.203442573547363,1,95.5164566040039
43.800000000000004,3.759431218876857,1.170450031109597,0.21999999999999997,0.5897435897435899,19.711891631,4.203442573547363,1,95.5164566040039
43.800000000000004,3.759431218876857,1.170450031109597,0.21999999999999997,0.5897435897435899,19.483596197,4.203442573547363,1,95.5164566040039
43.800000000000004,3.759431218876857,1.170450031109597,0.21999999999999997,0.5897435897435899,19.483596197,4.203442573547363,1,95.5164566040039
43.800000000000004,3.759431218876857,1.170450031109597,0.20842105263157892,0.5897435897435899,19.483596197,4.203442573547363,1,95.5164566040039
43.800000000000004,3.7622324775843006,1.1773468675607641,0.20842105263157892,0.5897435897435899,19.470675944,4.203442573547363,1,95.5164566040039
43.800000000000004,3.7622324775843006,1.1773468675607641,0.20842105263157892,0.5897435897435899,19.470675944,4.203442573547363,1,95.5164566040039
43.800000000000004,3.7622324775843006,1.1773468675607641,0.20842105263157892,0.5897435897435899,19.470675944,4.203442573547363,1,95.5164566040039
43.800000000000004,3.764752275796483,1.183915842597693,0.20842105263157892,0.5897435897435899,19.470206237,4.177711486816406,1,95.5164566040039
43.800000000000004,3.764752275796483,1.183915842597693,0.20842105263157892,0.5897435897435899,19.470206237,4.177711486816406,1,95.5164566040039
43.900000000000006,3.764752275796483,1.183915842597693,0.20842105263157892,0.5897435897435899,19.470206237,4.177711486816406,1,95.5164566040039
43.900000000000006,3.764752275796483,1.183915842597693,0.20842105263157892,0.5897435897435899,19.470206237,4.177711486816406,1,95.5164566040039
43.900000000000006,3.767143080998058,1.1905370776566364,0.20842105263157892,0.5897435897435899,19.470206237,4.177711486816406,1,95.5164566040039
43.900000000000006,3.767143080998058,1.1905370776566364,0.20842105263157892,0.5897435897435899,19.591889456,4.177711486816406,1,95.5164566040039
43.900000000000006,3.767143080998058,1.1905370776566364,0.20842105263157892,0.5897435897435899,19.591889456,4.177711486816406,1,95.5164566040039
43.900000000000006,3.767143080998058,1.1905370776566364,0.20842105263157892,0.5897435897435899,19.591889456,4.177711486816406,1,95.5164566040039
43.900000000000006,3.767143080998058,1.1905370776566364,0.20842105263157892,0.5897435897435899,19.591889456,4.177711486816406,1,95.5164566040039
43.900000000000006,3.768621284709666,1.1977067216583057,0.20842105263157892,0.5897435897435899,19.727850295,4.177711486816406,1,95.5164566040039
43.900000000000006,3.768621284709666,1.1977067216583057,0.20842105263157892,0.5897435897435899,19.727850295,4.177711486816406,1,95.5164566040039
43.900000000000006,3.768621284709666,1.1977067216583057,0.19684210526315787,0.5384615384615385,19.727850295,4.177711486816406,1,95.5164566040039
43.900000000000006,3.7698961747038404,1.20495056489547,0.19684210526315787,0.5384615384615385,19.611135133,4.127711296081543,1,95.5164566040039
44.0,3.7698961747038404,1.20495056489547,0.19684210526315787,0.5384615384615385,19.611135133,4.127711296081543,1,95.5164566040039
44.0,3.7698961747038404,1.20495056489547,0.19684210526315787,0.5384615384615385,19.611135133,4.127711296081543,1,95.42023468017578
44.0,3.7698961747038404,1.20495056489547,0.19684210526315787,0.5384615384615385,19.611135133,4.127711296081543,1,95.42023468017578
44.0,3.7698961747038404,1.20495056489547,0.21999999999999997,0.4871794871794873,19.611135133,4.127711296081543,1,95.42023468017578
44.0,3.7709084558333785,1.2118499166365524,0.21999999999999997,0.4871794871794873,19.841417298,4.127711296081543,1,95.42023468017578
44.0,3.7709084558333785,1.2118499166365524,0.21999999999999997,0.4871794871794873,19.841417298,4.127711296081543,1,95.42023468017578
44.0,3.7709084558333785,1.2118499166365524,0.21999999999999997,0.4871794871794873,19.841417298,4.127711296081543,1,95.42023468017578
44.0,3.7709084558333785,1.2118499166365524,0.21999999999999997,0.4871794871794873,19.841417298,4.127711296081543,1,95.42023468017578
44.0,3.772005710717819,1.2195888486725917,0.21999999999999997,0.4871794871794873,19.706322592,4.127711296081543,1,95.42023468017578
44.0,3.772005710717819,1.2195888486725917,0.21999999999999997,0.4871794871794873,19.706322592,4.127711296081543,1,95.42023468017578
44.0,3.772005710717819,1.2195888486725917,0.21999999999999997,0.4871794871794873,19.706322592,4.127711296081543,1,95.42023468017578
44.0,3.772980155699347,1.2273951075423883,0.21999999999999997,0.4871794871794873,19.585147874,4.127711296081543,1,95.42023468017578
44.1,3.772980155699347,1.2273951075423883,0.21999999999999997,0.4871794871794873,19.585147874,4.127711296081543,1,95.42023468017578
44.1,3.772980155699347,1.2273951075423883,0.20842105263157892,0.435897435897436,19.585147874,4.127711296081543,1,95.42023468017578
44.1,3.772980155699347,1.2273951075423883,0.20842105263157892,0.435897435897436,19.585147874,4.127711296081543,1,95.42023468017578
44.1,3.7738239558809914,1.235240916273029,0.20842105263157892,0.435897435897436,19.576570997,4.127711296081543,1,95.42023468017578
44.1,3.7738239558809914,1.235240916273029,0.20842105263157892,0.435897435897436,19.576570997,4.127711296081543,1,95.42023468017578
44.1,3.7738239558809914,1.235240916273029,0.20842105263157892,0.435897435897436,19.576570997,4.127711296081543,1,95.42023468017578
44.1,3.7752738125211005,1.2421628610184499,0.20842105263157892,0.435897435897436,19.692477585,4.127711296081543,1,95.42023468017578
44.1,3.7752738125211005,1.2421628610184499,0.20842105263157892,0.435897435897436,19.692477585,4.127711296081543,1,95.42023468017578
44.1,3.7752738125211005,1.2421628610184499,0.20842105263157892,0.435897435897436,19.692477585,4.127711296081543,1,95.42023468017578
44.1,3.7752738125211005,1.2421628610184499,0.20842105263157892,0.435897435897436,19.692477585,4.127711296081543,1,95.42023468017578
44.1,3.7766483981624797,1.2490906235471302,0.20842105263157892,0.435897435897436,19.683047189,4.127711296081543,1,95.42023468017578
44.2,3.7766483981624797,1.2490906235471302,0.19684210526315787,0.435897435897436,19.683047189,4.127711296081543,1,95.42023468017578
44.2,3.7766483981624797,1.2490906235471302,0.19684210526315787,0.435897435897436,19.683047189,4.127711296081543,1,95.42023468017578
44.2,3.7766483981624797,1.2490906235471302,0.19684210526315787,0.435897435897436,19.683047189,4.127711296081543,1,95.42023468017578
44.2,3.7779272795623733,1.2560331257438573,0.19684210526315787,0.435897435897436,19.432454802,4.077711582183838,1,95.42023468017578
44.2,3.7779272795623733,1.2560331257438573,0.19684210526315787,0.435897435897436,19.432454802,4.077711582183838,1,95.42023468017578
44.2,3.7779272795623733,1.2560331257438573,0.19684210526315787,0.435897435897436,19.432454802,4.077711582183838,1,95.42023468017578
44.2,3.779033133132847,1.2625970949707135,0.19684210526315787,0.435897435897436,19.529476208,4.077711582183838,1,95.42023468017578
44.2,3.779033133132847,1.2625970949707135,0.19684210526315787,0.435897435897436,19.529476208,4.077711582183838,1,95.42023468017578
44.2,3.779033133132847,1.2625970949707135,0.19684210526315787,0.435897435897436,19.529476208,4.077711582183838,1,95.42023468017578
44.300000000000004,3.7800354262962657,1.2691593226058842,0.19684210526315787,0.435897435897436,19.646624078,4.077711582183838,1,95.42023468017578
44.300000000000004,3.7800354262962657,1.2691593226058842,0.19684210526315787,0.435897435897436,19.646624078,4.077711582183838,1,95.42023468017578
44.300000000000004,3.7800354262962657,1.2691593226058842,0.21999999999999997,0.5384615384615385,19.646624078,4.077711582183838,1,95.42023468017578
44.300000000000004,3.7800354262962657,1.2691593226058842,0.21999999999999997,0.5384615384615385,19.646624078,4.077711582183838,1,95.42023468017578
44.300000000000004,3.7809880905508866,1.275780852821014,0.21999999999999997,0.5384615384615385,19.665711617,4.077711582183838,1,95.42023468017578
44.300000000000004,3.7809880905508866,1.275780852821014,0.21999999999999997,0.5384615384615385,19.665711617,4.077711582183838,1,95.42023468017578
44.300000000000004,3.7809880905508866,1.275780852821014,0.21999999999999997,0.5384615384615385,19.665711617,4.077711582183838,1,95.42023468017578
44.300000000000004,3.7809880905508866,1.275780852821014,0.21999999999999997,0.5384615384615385,19.665711617,4.077711582183838,1,95.42023468017578
44.300000000000004,3.783584721322607,1.2848546734416524,0.21999999999999997,0.5384615384615385,19.732560907,4.077711582183838,1,95.42023468017578
44.300000000000004,3.783584721322607,1.2848546734416524,0.21999999999999997,0.5384615384615385,19.732560907,4.077711582183838,1,95.42023468017578
44.300000000000004,3.783584721322607,1.2848546734416524,0.21999999999999997,0.5384615384615385,19.732560907,4.077711582183838,1,95.42023468017578
44.400000000000006,3.786034420724617,1.2938526012302098,0.21999999999999997,0.4871794871794873,19.738154431,4.077711582183838,1,95.42023468017578
44.400000000000006,3.786034420724617,1.2938526012302098,0.21999999999999997,0.4871794871794873,19.738154431,4.077711582183838,1,95.42023468017578
44.400000000000006,3.786034420724617,1.2938526012302098,0.21999999999999997,0.4871794871794873,19.738154431,4.077711582183838,1,95.42023468017578
44.400000000000006,3.786034420724617,1.2938526012302098,0.21999999999999997,0.4871794871794873,19.738154431,4.077711582183838,1,95.42023468017578
44.400000000000006,3.788338649706702,1.3028837753504505,0.21999999999999997,0.4871794871794873,19.726908428,4.077711582183838,1,95.42023468017578
44.400000000000006,3.788338649706702,1.3028837753504505,0.21999999999999997,0.4871794871794873,19.726908428,4.077711582183838,1,95.42023468017578
44.400000000000006,3.788338649706702,1.3028837753504505,0.21999999999999997,0.4871794871794873,19.726908428,4.077711582183838,1,95.42023468017578
44.400000000000006,3.790514140164305,1.3119516686350694,0.21999999999999997,0.4871794871794873,19.363298053,4.027711391448975,1,95.42023468017578
44.400000000000006,3.790514140164305,1.3119516686350694,0.21999999999999997,0.4871794871794873,19.363298053,4.027711391448975,1,95.42023468017578
44.400000000000006,3.790514140164305,1.3119516686350694,0.21999999999999997,0.4871794871794873,19.363298053,4.027711391448975,1,95.42023468017578
44.400000000000006,3.790514140164305,1.3119516686350694,0.21999999999999997,0.38461538461538475,19.363298053,4.027711391448975,1,95.42023468017578
44.5,3.790514140164305,1.3119516686350694,0.21999999999999997,0.38461538461538475,19.363298053,4.027711391448975,1,95.31126403808594
44.5,3.792575123967122,1.321077517651704,0.21999999999999997,0.38461538461538475,19.24925758,4.027711391448975,1,95.31126403808594
44.5,3.792575123967122,1.321077517651704,0.21999999999999997,0.38461538461538475,19.24925758,4.027711391448975,1,95.31126403808594
44.5,3.792575123967122,1.321077517651704,0.21999999999999997,0.38461538461538475,19.24925758,4.027711391448975,1,95.31126403808594
44.5,3.794171016893217,1.3298716775597788,0.21999999999999997,0.38461538461538475,19.129991469,4.027711391448975,1,95.31126403808594
44.5,3.794171016893217,1.3298716775597788,0.21999999999999997,0.38461538461538475,19.129991469,4.027711391448975,1,95.31126403808594
44.5,3.794171016893217,1.3298716775597788,0.21999999999999997,0.38461538461538475,19.129991469,4.027711391448975,1,95.31126403808594
44.5,3.794171016893217,1.3298716775597788,0.21999999999999997,0.38461538461538475,19.129991469,4.027711391448975,1,95.31126403808594
44.5,3.794313212562621,1.337330495200709,0.21999999999999997,0.38461538461538475,18.90131665,4.027711391448975,1,95.31126403808594
44.5,3.794313212562621,1.337330495200709,0.21999999999999997,0.38461538461538475,18.90131665,4.027711391448975,1,95.31126403808594
44.5,3.794313212562621,1.337330495200709,0.21999999999999997,0.38461538461538475,18.90131665,4.027711391448975,1,95.31126403808594
44.5,3.794313212562621,1.337330495200709,0.21999999999999997,0.38461538461538475,18.90131665,4.027711391448975,1,95.31126403808594
44.6,3.794313212562621,1.337330495200709,0.21999999999999997,0.38461538461538475,18.90131665,4.027711391448975,1,95.31126403808594
44.6,3.7943690221188486,1.344789565557701,0.21999999999999997,0.38461538461538475,18.671636435,4.027711391448975,1,95.31126403808594
44.6,3.7943690221188486,1.344789565557701,0.20842105263157892,0.38461538461538475,18.671636435,4.027711391448975,1,95.31126403808594
44.6,3.7943690221188486,1.344789565557701,0.20842105263157892,0.38461538461538475,18.671636435,4.027711391448975,1,95.31126403808594
44.6,3.7943247066123744,1.352246351378973,0.20842105263157892,0.38461538461538475,18.440046048,4.027711391448975,1,95.31126403808594
44.6,3.7943247066123744,1.352246351378973,0.20842105263157892,0.38461538461538475,18.440046048,4.027711391448975,1,95.31126403808594
44.6,3.7943247066123744,1.352246351378973,0.20842105263157892,0.38461538461538475,18.440046048,4.027711391448975,1,95.31126403808594
44.6,3.7943247066123744,1.352246351378973,0.20842105263157892,0.38461538461538475,18.440046048,4.027711391448975,1,95.31126403808594
44.6,3.7943247066123744,1.352246351378973,0.20842105263157892,0.38461538461538475,18.440046048,4.027711391448975,1,95.31126403808594
44.6,3.7941799617465186,1.359306686031843,0.20842105263157892,0.38461538461538475,18.268253987,3.9777114391326904,1,95.31126403808594
44.6,3.7941799617465186,1.359306686031843,0.20842105263157892,0.38461538461538475,18.268253987,3.9777114391326904,1,95.31126403808594
44.6,3.7941799617465186,1.359306686031843,0.20842105263157892,0.38461538461538475,18.268253987,3.9777114391326904,1,95.31126403808594
44.7,3.793912487293233,1.366359732164489,0.21999999999999997,0.4871794871794873,18.372258746,3.9777114391326904,1,95.31126403808594
44.7,3.793912487293233,1.366359732164489,0.21999999999999997,0.4871794871794873,18.372258746,3.9777114391326904,1,95.31126403808594
44.7,3.793912487293233,1.366359732164489,0.21999999999999997,0.4871794871794873,18.372258746,3.9777114391326904,1,95.31126403808594
44.7,3.7928675599245327,1.3747205634356674,0.21999999999999997,0.4871794871794873,18.492786457,3.9777114391326904,1,95.31126403808594
44.7,3.7928675599245327,1.3747205634356674,0.21999999999999997,0.4871794871794873,18.492786457,3.9777114391326904,1,95.31126403808594
44.7,3.7928675599245327,1.3747205634356674,0.20842105263157892,0.435897435897436,18.492786457,3.9777114391326904,1,95.31126403808594
44.7,3.7928675599245327,1.3747205634356674,0.20842105263157892,0.435897435897436,18.492786457,3.9777114391326904,1,95.31126403808594
44.7,3.7902805263445396,1.3861818122797405,0.20842105263157892,0.435897435897436,18.495551076,3.9777114391326904,1,95.31126403808594
44.7,3.7902805263445396,1.3861818122797405,0.20842105263157892,0.435897435897436,18.495551076,3.9777114391326904,1,95.31126403808594
44.7,3.7902805263445396,1.3861818122797405,0.20842105263157892,0.435897435897436,18.495551076,3.9777114391326904,1,95.31126403808594
44.800000000000004,3.787556475076971,1.3972209513280713,0.20842105263157892,0.435897435897436,18.610844672,3.9777114391326904,1,95.31126403808594
44.800000000000004,3.787556475076971,1.3972209513280713,0.20842105263157892,0.435897435897436,18.610844672,3.9777114391326904,1,95.31126403808594
44.800000000000004,3.787556475076971,1.3972209513280713,0.20842105263157892,0.435897435897436,18.364147228,3.9249846935272217,1,95.31126403808594
44.800000000000004,3.787556475076971,1.3972209513280713,0.20842105263157892,0.435897435897436,18.364147228,3.9249846935272217,1,95.31126403808594
44.800000000000004,3.784658531959624,1.4082446464369083,0.20842105263157892,0.435897435897436,18.236570118,3.8749845027923584,1,95.31126403808594
44.800000000000004,3.784658531959624,1.4082446464369083,0.20842105263157892,0.435897435897436,18.236570118,3.8749845027923584,1,95.31126403808594
44.800000000000004,3.784658531959624,1.4082446464369083,0.20842105263157892,0.435897435897436,18.236570118,3.8749845027923584,1,95.31126403808594
44.800000000000004,3.7816207261579518,1.419252700055217,0.20842105263157892,0.435897435897436,18.351490329,3.8749845027923584,1,95.31126403808594
44.800000000000004,3.7816207261579518,1.419252700055217,0.20842105263157892,0.435897435897436,18.351490329,3.8749845027923584,1,95.31126403808594
44.900000000000006,3.7816207261579518,1.419252700055217,0.20842105263157892,0.435897435897436,18.351490329,3.8749845027923584,1,95.31126403808594
44.900000000000006,3.7784430222248564,1.4302325991329452,0.21999999999999997,0.435897435897436,18.462454915,3.8749845027923584,1,95.31126403808594
44.900000000000006,3.7784430222248564,1.4302325991329452,0.21999999999999997,0.435897435897436,18.462454915,3.8749845027923584,1,95.31126403808594
44.900000000000006,3.7784430222248564,1.4302325991329452,0.21999999999999997,0.435897435897436,18.462454915,3.8749845027923584,1,95.31126403808594
44.900000000000006,3.7784430222248564,1.4302325991329452,0.21999999999999997,0.435897435897436,18.462454915,3.8749845027923584,1,95.31126403808594
44.900000000000006,3.7761029295533604,1.4394271171831008,0.21999999999999997,0.435897435897436,18.580711241,3.8749845027923584,1,95.31126403808594
44.900000000000006,3.7761029295533604,1.4394271171831008,0.21999999999999997,0.435897435897436,18.580711241,3.8749845027923584,1,95.31126403808594
44.900000000000006,3.7761029295533604,1.4394271171831008,0.21999999999999997,0.435897435897436,18.580711241,3.8749845027923584,1,95.31126403808594
44.900000000000006,3.7761029295533604,1.4394271171831008,0.21999999999999997,0.435897435897436,18.580711241,3.8749845027923584,1,95.31126403808594
44.900000000000006,3.7748355228276056,1.4467696529180007,0.21999999999999997,0.435897435897436,18.460535725,3.8749845027923584,1,95.31126403808594
44.900000000000006,3.7748355228276056,1.4467696529180007,0.21999999999999997,0.435897435897436,18.460535725,3.8749845027923584,1,95.31126403808594
44.900000000000006,3.7748355228276056,1.4467696529180007,0.20842105263157892,0.38461538461538475,18.460535725,3.8749845027923584,1,95.31126403808594
45.0,3.7748355228276056,1.4467696529180007,0.20842105263157892,0.38461538461538475,18.460535725,3.8749845027923584,1,95.175537109375
45.0,3.7748355228276056,1.4467696529180007,0.20842105263157892,0.38461538461538475,18.460535725,3.8749845027923584,1,95.175537109375
45.0,3.773464000088378,1.4540929551270072,0.20842105263157892,0.38461538461538475,18.107187424,3.824984550476074,1,95.175537109375
45.0,3.773464000088378,1.4540929551270072,0.20842105263157892,0.38461538461538475,18.107187424,3.824984550476074,1,95.175537109375
45.0,3.773464000088378,1.4540929551270072,0.21999999999999997,0.435897435897436,18.107187424,3.824984550476074,1,95.175537109375
45.0,3.7720636867804744,1.4610109122640733,0.21999999999999997,0.435897435897436,18.11137327,3.824984550476074,1,95.175537109375
45.0,3.7720636867804744,1.4610109122640733,0.21999999999999997,0.435897435897436,18.11137327,3.824984550476074,1,95.175537109375
45.0,3.7720636867804744,1.4610109122640733,0.21999999999999997,0.435897435897436,18.11137327,3.824984550476074,1,95.175537109375
45.0,3.7720636867804744,1.4610109122640733,0.21999999999999997,0.435897435897436,18.11137327,3.824984550476074,1,95.175537109375
45.0,3.770484383682577,1.4682958005494942,0.21999999999999997,0.435897435897436,18.116194668,3.824984550476074,1,95.175537109375
45.1,3.770484383682577,1.4682958005494942,0.21999999999999997,0.435897435897436,18.116194668,3.824984550476074,1,95.175537109375
45.1,3.770484383682577,1.4682958005494942,0.21999999999999997,0.435897435897436,18.116194668,3.824984550476074,1,95.175537109375
45.1,3.768802752825522,1.4755549019978216,0.21999999999999997,0.435897435897436,18.006928925,3.824984550476074,1,95.175537109375
45.1,3.768802752825522,1.4755549019978216,0.21999999999999997,0.435897435897436,18.006928925,3.824984550476074,1,95.175537109375
45.1,3.768802752825522,1.4755549019978216,0.21999999999999997,0.435897435897436,18.006928925,3.824984550476074,1,95.175537109375
45.1,3.768802752825522,1.4755549019978216,0.21999999999999997,0.435897435897436,18.006928925,3.824984550476074,1,95.175537109375
45.1,3.7670090775148592,1.4827870999046253,0.21999999999999997,0.435897435897436,17.905959728,3.824984550476074,1,95.175537109375
45.1,3.7670090775148592,1.4827870999046253,0.21999999999999997,0.435897435897436,17.905959728,3.824984550476074,1,95.175537109375
45.1,3.7670090775148592,1.4827870999046253,0.21999999999999997,0.435897435897436,17.905959728,3.824984550476074,1,95.175537109375
45.1,3.765106391142444,1.489994056526991,0.21999999999999997,0.435897435897436,17.798344599,3.824984550476074,1,95.175537109375
45.1,3.765106391142444,1.489994056526991,0.21999999999999997,0.435897435897436,17.798344599,3.824984550476074,1,95.175537109375
45.2,3.765106391142444,1.489994056526991,0.21999999999999997,0.435897435897436,17.798344599,3.824984550476074,1,95.175537109375
45.2,3.765106391142444,1.489994056526991,0.21999999999999997,0.435897435897436,17.798344599,3.824984550476074,1,95.175537109375
45.2,3.763099983448834,1.4971736302723397,0.21999999999999997,0.435897435897436,17.695391991,3.824984550476074,1,95.175537109375
45.2,3.763099983448834,1.4971736302723397,0.21999999999999997,0.2820512820512822,17.695391991,3.824984550476074,1,95.175537109375
45.2,3.763099983448834,1.4971736302723397,0.21999999999999997,0.2820512820512822,17.695391991,3.824984550476074,1,95.175537109375
45.2,3.763099983448834,1.4971736302723397,0.21999999999999997,0.2820512820512822,17.695391991,3.824984550476074,1,95.175537109375
45.2,3.7609876120563905,1.5043225020041713,0.21999999999999997,0.2820512820512822,17.35756276,3.77498459815979,1,95.175537109375
45.2,3.7609876120563905,1.5043225020041713,0.21999999999999997,0.2820512820512822,17.35756276,3.77498459815979,1,95.175537109375
45.2,3.7609876120563905,1.5043225020041713,0.21999999999999997,0.2820512820512822,17.35756276,3.77498459815979,1,95.175537109375
45.2,3.758771837922878,1.511428028837362,0.21999999999999997,0.2820512820512822,17.357813382,3.77498459815979,1,95.175537109375
45.2,3.758771837922878,1.511428028837362,0.21999999999999997,0.2820512820512822,17.357813382,3.77498459815979,1,95.175537109375
45.300000000000004,3.758771837922878,1.511428028837362,0.21999999999999997,0.2820512820512822,17.357813382,3.77498459815979,1,95.175537109375
45.300000000000004,3.756487597600886,1.5185393282596655,0.21999999999999997,0.2820512820512822,17.357813382,3.77498459815979,1,95.175537109375
45.300000000000004,3.756487597600886,1.5185393282596655,0.21999999999999997,0.2820512820512822,17.354632718,3.77498459815979,1,95.175537109375
45.300000000000004,3.756487597600886,1.5185393282596655,0.21999999999999997,0.2820512820512822,17.354632718,3.77498459815979,1,95.175537109375
45.300000000000004,3.756487597600886,1.5185393282596655,0.21999999999999997,0.2820512820512822,17.354632718,3.77498459815979,1,95.175537109375
45.300000000000004,3.7553948882319004,1.5245943041763177,0.21999999999999997,0.2820512820512822,17.246824558,3.77498459815979,1,95.175537109375
45.300000000000004,3.7553948882319004,1.5245943041763177,0.21999999999999997,0.2820512820512822,17.246824558,3.77498459815979,1,95.175537109375
45.300000000000004,3.7553948882319004,1.5245943041763177,0.21999999999999997,0.2820512820512822,17.246824558,3.77498459815979,1,95.175537109375
45.300000000000004,3.754824754379726,1.5301239211521016,0.21999999999999997,0.2820512820512822,17.246824558,3.77498459815979,1,95.175537109375
45.300000000000004,3.754824754379726,1.5301239211521016,0.21999999999999997,0.2820512820512822,17.23903052,3.77498459815979,1,95.175537109375
45.400000000000006,3.754824754379726,1.5301239211521016,0.21999999999999997,0.2820512820512822,17.23903052,3.77498459815979,1,95.175537109375
45.400000000000006,3.754824754379726,1.5301239211521016,0.21999999999999997,0.2820512820512822,17.23903052,3.77498459815979,1,95.175537109375
45.400000000000006,3.7541798822300336,1.5356297990202656,0.21999999999999997,0.2820512820512822,17.22819874,3.77498459815979,1,95.175537109375
45.400000000000006,3.7541798822300336,1.5356297990202656,0.21999999999999997,0.2820512820512822,17.22819874,3.77498459815979,1,95.175537109375
45.400000000000006,3.7541798822300336,1.5356297990202656,0.21999999999999997,0.2820512820512822,17.22819874,3.77498459815979,1,95.175537109375
45.400000000000006,3.7541798822300336,1.5356297990202656,0.21999999999999997,0.2820512820512822,17.22819874,3.77498459815979,1,95.175537109375
45.400000000000006,3.753472612397191,1.5411140714163738,0.21999999999999997,0.2820512820512822,17.220886231,3.77498459815979,1,95.175537109375
45.400000000000006,3.753472612397191,1.5411140714163738,0.21999999999999997,0.2820512820512822,17.220886231,3.77498459815979,1,95.175537109375
45.400000000000006,3.753472612397191,1.5411140714163738,0.20842105263157892,0.23076923076923095,17.220886231,3.77498459815979,1,95.175537109375
45.400000000000006,3.753472612397191,1.5411140714163738,0.20842105263157892,0.23076923076923095,17.220886231,3.77498459815979,1,95.175537109375
45.400000000000006,3.7527021605610607,1.5465716301338621,0.20842105263157892,0.23076923076923095,17.214580833,3.77498459815979,1,95.175537109375
45.400000000000006,3.7527021605610607,1.5465716301338621,0.20842105263157892,0.23076923076923095,17.214580833,3.77498459815979,1,95.175537109375
45.5,3.7527021605610607,1.5465716301338621,0.21999999999999997,0.2820512820512822,17.214580833,3.77498459815979,1,95.07331085205078
45.5,3.7527021605610607,1.5465716301338621,0.21999999999999997,0.2820512820512822,17.214580833,3.77498459815979,1,95.07331085205078
45.5,3.752004293025286,1.5516376960387062,0.21999999999999997,0.2820512820512822,17.079858351,3.724984645843506,1,95.07331085205078
45.5,3.752004293025286,1.5516376960387062,0.21999999999999997,0.2820512820512822,17.079858351,3.724984645843506,1,95.07331085205078
45.5,3.752004293025286,1.5516376960387062,0.21999999999999997,0.2820512820512822,17.079858351,3.724984645843506,1,95.07331085205078
45.5,3.7497037689872945,1.5582231361314998,0.21999999999999997,0.2820512820512822,17.074101494,3.724984645843506,1,95.07331085205078
45.5,3.7497037689872945,1.5582231361314998,0.21999999999999997,0.2820512820512822,17.074101494,3.724984645843506,1,95.07331085205078
45.5,3.7497037689872945,1.5582231361314998,0.21999999999999997,0.2820512820512822,17.074101494,3.724984645843506,1,95.07331085205078
45.5,3.7469141037406377,1.5651376557799963,0.21999999999999997,0.2820512820512822,17.074101494,3.724984645843506,1,95.07331085205078
45.6,3.7469141037406377,1.5651376557799963,0.21999999999999997,0.2820512820512822,17.081854874,3.724984645843506,1,95.07331085205078
45.6,3.7469141037406377,1.5651376557799963,0.21999999999999997,0.2820512820512822,17.081854874,3.724984645843506,1,95.07331085205078
45.6,3.7469141037406377,1.5651376557799963,0.21999999999999997,0.2820512820512822,17.081854874,3.724984645843506,1,95.07331085205078
45.6,3.7469141037406377,1.5651376557799963,0.21999999999999997,0.2820512820512822,17.081854874,3.724984645843506,1,95.07331085205078
45.6,3.7440613840036834,1.571992422810548,0.21999999999999997,0.2820512820512822,17.080089575,3.724984645843506,1,95.07331085205078
45.6,3.7440613840036834,1.571992422810548,0.21999999999999997,0.2820512820512822,17.080089575,3.724984645843506,1,95.07331085205078
45.6,3.7440613840036834,1.571992422810548,0.20842105263157892,0.2820512820512822,17.080089575,3.724984645843506,1,95.07331085205078
45.6,3.7440613840036834,1.571992422810548,0.20842105263157892,0.2820512820512822,17.080089575,3.724984645843506,1,95.07331085205078
45.6,3.7411359178408206,1.5788226926037496,0.20842105263157892,0.2820512820512822,17.078317532,3.724984645843506,1,95.07331085205078
45.6,3.7411359178408206,1.5788226926037496,0.20842105263157892,0.2820512820512822,17.078317532,3.724984645843506,1,95.07331085205078
45.6,3.7411359178408206,1.5788226926037496,0.20842105263157892,0.2820512820512822,17.078317532,3.724984645843506,1,95.07331085205078
45.6,3.738297449371159,1.585279098342444,0.21999999999999997,0.23076923076923095,17.179211985,3.724984645843506,1,95.07331085205078
45.6,3.738297449371159,1.585279098342444,0.21999999999999997,0.23076923076923095,17.179211985,3.724984645843506,1,95.07331085205078
45.7,3.738297449371159,1.585279098342444,0.21999999999999997,0.23076923076923095,17.179211985,3.724984645843506,1,95.07331085205078
45.7,3.738297449371159,1.585279098342444,0.21999999999999997,0.23076923076923095,17.179211985,3.724984645843506,1,95.07331085205078
45.7,3.7352461174206786,1.5920443586060082,0.21999999999999997,0.23076923076923095,17.179211985,3.724984645843506,1,95.07331085205078
45.7,3.7352461174206786,1.5920443586060082,0.21999999999999997,0.23076923076923095,17.16854974,3.724984645843506,1,95.07331085205078
45.7,3.7352461174206786,1.5920443586060082,0.21999999999999997,0.23076923076923095,17.16854974,3.724984645843506,1,95.07331085205078
45.7,3.7352461174206786,1.5920443586060082,0.21999999999999997,0.23076923076923095,17.16854974,3.724984645843506,1,95.07331085205078
45.7,3.732123583156821,1.598815370823827,0.21999999999999997,0.23076923076923095,17.16679647,3.724984645843506,1,95.07331085205078
45.7,3.732123583156821,1.598815370823827,0.21999999999999997,0.23076923076923095,16.936368715,3.6749846935272217,1,95.07331085205078
45.7,3.732123583156821,1.598815370823827,0.19684210526315787,0.2820512820512822,17.147725686,3.72084641456604,1,95.07331085205078
45.7,3.732123583156821,1.598815370823827,0.19684210526315787,0.2820512820512822,17.147725686,3.72084641456604,1,95.07331085205078
45.800000000000004,3.728945964053696,1.6055733198374613,0.19684210526315787,0.2820512820512822,16.917093231,3.670846462249756,1,95.07331085205078
45.800000000000004,3.728945964053696,1.6055733198374613,0.19684210526315787,0.2820512820512822,16.917093231,3.670846462249756,1,95.07331085205078
45.800000000000004,3.728945964053696,1.6055733198374613,0.19684210526315787,0.2820512820512822,16.917093231,3.670846462249756,1,95.07331085205078
45.800000000000004,3.726055470348459,1.611594465912617,0.19684210526315787,0.2820512820512822,17.014880248,3.670846462249756,1,95.07331085205078
45.800000000000004,3.726055470348459,1.611594465912617,0.19684210526315787,0.2820512820512822,17.014880248,3.670846462249756,1,95.07331085205078
45.800000000000004,3.726055470348459,1.611594465912617,0.19684210526315787,0.2820512820512822,17.014880248,3.670846462249756,1,95.07331085205078
45.800000000000004,3.723105925119881,1.6175828572161148,0.19684210526315787,0.2820512820512822,17.014880248,3.670846462249756,1,95.07331085205078
45.800000000000004,3.723105925119881,1.6175828572161148,0.19684210526315787,0.2820512820512822,17.221039073,3.670846462249756,1,95.07331085205078
45.800000000000004,3.723105925119881,1.6175828572161148,0.21999999999999997,0.2820512820512822,17.221039073,3.670846462249756,1,95.07331085205078
45.800000000000004,3.723105925119881,1.6175828572161148,0.21999999999999997,0.2820512820512822,17.221039073,3.670846462249756,1,95.07331085205078
45.800000000000004,3.723105925119881,1.6175828572161148,0.21999999999999997,0.2820512820512822,17.221039073,3.670846462249756,1,95.07331085205078
45.800000000000004,3.7200952821797273,1.6235424089680985,0.21999999999999997,0.2820512820512822,17.417277292,3.670846462249756,1,95.07331085205078
45.900000000000006,3.7200952821797273,1.6235424089680985,0.21999999999999997,0.2820512820512822,17.417277292,3.670846462249756,1,95.07331085205078
45.900000000000006,3.7200952821797273,1.6235424089680985,0.21999999999999997,0.2820512820512822,17.417277292,3.670846462249756,1,95.07331085205078
45.900000000000006,3.7200952821797273,1.6235424089680985,0.21999999999999997,0.2820512820512822,17.417277292,3.670846462249756,1,95.07331085205078
45.900000000000006,3.716744966898938,1.6300688975000324,0.21999999999999997,0.2820512820512822,17.423947938,3.670846462249756,1,95.07331085205078
45.900000000000006,3.716744966898938,1.6300688975000324,0.21999999999999997,0.2820512820512822,17.423947938,3.670846462249756,1,95.07331085205078
45.900000000000006,3.716744966898938,1.6300688975000324,0.21999999999999997,0.2820512820512822,17.423947938,3.670846462249756,1,95.07331085205078
45.900000000000006,3.7158506691384074,1.6331640253921011,0.21999999999999997,0.2820512820512822,17.423727742,3.670846462249756,1,95.07331085205078
45.900000000000006,3.7158506691384074,1.6331640253921011,0.21999999999999997,0.2820512820512822,17.423727742,3.670846462249756,1,95.07331085205078
45.900000000000006,3.7158506691384074,1.6331640253921011,0.21999999999999997,0.2820512820512822,17.423727742,3.670846462249756,1,95.07331085205078
45.900000000000006,3.7158506691384074,1.6331640253921011,0.21999999999999997,0.2820512820512822,17.423727742,3.670846462249756,1,95.07331085205078
46.0,3.714904361194315,1.6362302285422707,0.21999999999999997,0.2820512820512822,17.321444992,3.670846462249756,1,95.07331085205078
46.0,3.714904361194315,1.6362302285422707,0.21999999999999997,0.2820512820512822,17.321444992,3.670846462249756,1,94.97601318359375
46.0,3.714904361194315,1.6362302285422707,0.21999999999999997,0.2820512820512822,17.321444992,3.670846462249756,1,94.97601318359375
46.0,3.7139065622847474,1.6392690496038882,0.21999999999999997,0.2820512820512822,17.33317022,3.670846462249756,1,94.97601318359375
46.0,3.7139065622847474,1.6392690496038882,0.21999999999999997,0.2820512820512822,17.33317022,3.670846462249756,1,94.97601318359375
46.0,3.7139065622847474,1.6392690496038882,0.21999999999999997,0.2820512820512822,17.33317022,3.670846462249756,1,94.97601318359375
46.0,3.7139065622847474,1.6392690496038882,0.21999999999999997,0.2820512820512822,17.33317022,3.670846462249756,1,94.97601318359375
46.0,3.7128603799662576,1.6422804948399785,0.21999999999999997,0.2820512820512822,17.337152306,3.670846462249756,1,94.97601318359375
46.0,3.7128603799662576,1.6422804948399785,0.21999999999999997,0.2820512820512822,17.337152306,3.670846462249756,1,94.97601318359375
46.0,3.7128603799662576,1.6422804948399785,0.21999999999999997,0.2820512820512822,17.337152306,3.670846462249756,1,94.97601318359375
46.0,3.7128603799662576,1.6422804948399785,0.21999999999999997,0.2820512820512822,17.337152306,3.670846462249756,1,94.97601318359375
46.1,3.711764253049131,1.645263201123785,0.21999999999999997,0.2820512820512822,17.339984794,3.670846462249756,1,94.97601318359375
46.1,3.711764253049131,1.645263201123785,0.21999999999999997,0.2820512820512822,17.339984794,3.670846462249756,1,94.97601318359375
46.1,3.711764253049131,1.645263201123785,0.21999999999999997,0.2820512820512822,17.339984794,3.670846462249756,1,94.97601318359375
46.1,3.7103096556663893,1.6486276622042375,0.21999999999999997,0.2820512820512822,17.138639785,3.670846462249756,1,94.97601318359375
46.1,3.7103096556663893,1.6486276622042375,0.21999999999999997,0.2820512820512822,17.138639785,3.670846462249756,1,94.97601318359375
46.1,3.7103096556663893,1.6486276622042375,0.21999999999999997,0.3333333333333335,17.138639785,3.670846462249756,1,94.97601318359375
46.1,3.7064896861618943,1.6550379741439734,0.21999999999999997,0.3333333333333335,17.138639785,3.670846462249756,1,94.97601318359375
46.1,3.7064896861618943,1.6550379741439734,0.21999999999999997,0.3333333333333335,16.706053845,3.6208465099334717,1,94.97601318359375
46.1,3.7064896861618943,1.6550379741439734,0.21999999999999997,0.3333333333333335,16.706053845,3.6208465099334717,1,94.97601318359375
46.1,3.7064896861618943,1.6550379741439734,0.21999999999999997,0.3333333333333335,16.706053845,3.6208465099334717,1,94.97601318359375
46.2,3.702607883086065,1.6614094617702526,0.21999999999999997,0.3333333333333335,16.516281195,3.6208465099334717,1,94.97601318359375
46.2,3.702607883086065,1.6614094617702526,0.21999999999999997,0.3333333333333335,16.516281195,3.6208465099334717,1,94.97601318359375
46.2,3.702607883086065,1.6614094617702526,0.21999999999999997,0.3333333333333335,16.516281195,3.6208465099334717,1,94.97601318359375
46.2,3.702607883086065,1.6614094617702526,0.21999999999999997,0.3333333333333335,16.516281195,3.6208465099334717,1,94.97601318359375
46.2,3.6986544741933844,1.6677338199978804,0.21999999999999997,0.3333333333333335,16.515589148,3.6208465099334717,1,94.97601318359375
46.2,3.6986544741933844,1.6677338199978804,0.21999999999999997,0.3333333333333335,16.515589148,3.6208465099334717,1,94.97601318359375
46.2,3.6986544741933844,1.6677338199978804,0.20842105263157892,0.3333333333333335,16.515589148,3.6208465099334717,1,94.97601318359375
46.2,3.6946243831440304,1.6740115148017152,0.20842105263157892,0.3333333333333335,16.515589148,3.6208465099334717,1,94.97601318359375
46.2,3.6946243831440304,1.6740115148017152,0.20842105263157892,0.3333333333333335,16.517717663,3.6208465099334717,1,94.97601318359375
46.2,3.6946243831440304,1.6740115148017152,0.20842105263157892,0.3333333333333335,16.517717663,3.6208465099334717,1,94.97601318359375
46.2,3.6946243831440304,1.6740115148017152,0.20842105263157892,0.3333333333333335,16.517717663,3.6208465099334717,1,94.97601318359375
46.300000000000004,3.6907408117851026,1.6799203284601385,0.20842105263157892,0.3333333333333335,16.612054094,3.6208465099334717,1,94.97601318359375
46.300000000000004,3.6907408117851026,1.6799203284601385,0.20842105263157892,0.3333333333333335,16.612054094,3.6208465099334717,1,94.97601318359375
46.300000000000004,3.6907408117851026,1.6799203284601385,0.20842105263157892,0.3333333333333335,16.612054094,3.6208465099334717,1,94.97601318359375
46.300000000000004,3.6907408117851026,1.6799203284601385,0.20842105263157892,0.3333333333333335,16.612054094,3.6208465099334717,1,94.97601318359375
46.300000000000004,3.6868019266932173,1.6857926532636018,0.20842105263157892,0.3333333333333335,16.709588589,3.6208465099334717,1,94.97601318359375
46.300000000000004,3.6868019266932173,1.6857926532636018,0.21999999999999997,0.2820512820512822,16.709588589,3.6208465099334717,1,94.97601318359375
46.300000000000004,3.6868019266932173,1.6857926532636018,0.21999999999999997,0.2820512820512822,16.709588589,3.6208465099334717,1,94.97601318359375
46.300000000000004,3.6868019266932173,1.6857926532636018,0.21999999999999997,0.2820512820512822,16.709588589,3.6208465099334717,1,94.97601318359375
46.300000000000004,3.682801791437594,1.6916173096713694,0.21999999999999997,0.2820512820512822,16.806396443,3.6208465099334717,1,94.97601318359375
46.300000000000004,3.682801791437594,1.6916173096713694,0.21999999999999997,0.2820512820512822,16.806396443,3.6208465099334717,1,94.97601318359375
46.300000000000004,3.682801791437594,1.6916173096713694,0.21999999999999997,0.2820512820512822,16.806396443,3.6208465099334717,1,94.97601318359375
46.400000000000006,3.682801791437594,1.6916173096713694,0.21999999999999997,0.2820512820512822,16.806396443,3.6208465099334717,1,94.97601318359375
46.400000000000006,3.6785046901757448,1.697717888046415,0.21999999999999997,0.2820512820512822,16.474218564,3.550135850906372,1,94.97601318359375
46.400000000000006,3.6785046901757448,1.697717888046415,0.21999999999999997,0.2820512820512822,16.474218564,3.550135850906372,1,94.97601318359375
46.400000000000006,3.6785046901757448,1.697717888046415,0.21999999999999997,0.2820512820512822,16.474218564,3.550135850906372,1,94.97601318359375
46.400000000000006,3.6785046901757448,1.697717888046415,0.20842105263157892,0.23076923076923095,16.474218564,3.550135850906372,1,94.97601318359375
46.400000000000006,3.674156692218509,1.7037908748435822,0.20842105263157892,0.23076923076923095,16.47037712,3.550135850906372,1,94.97601318359375
46.400000000000006,3.674156692218509,1.7037908748435822,0.20842105263157892,0.23076923076923095,16.47037712,3.550135850906372,1,94.97601318359375
46.400000000000006,3.674156692218509,1.7037908748435822,0.20842105263157892,0.23076923076923095,16.47037712,3.550135850906372,1,94.97601318359375
46.400000000000006,3.674156692218509,1.7037908748435822,0.20842105263157892,0.23076923076923095,16.47037712,3.550135850906372,1,94.97601318359375
46.400000000000006,3.674156692218509,1.7037908748435822,0.20842105263157892,0.23076923076923095,16.47037712,3.550135850906372,1,94.97601318359375
46.400000000000006,3.6699989756899525,1.709511960177347,0.20842105263157892,0.23076923076923095,16.566577785,3.550135850906372,1,94.97601318359375
46.400000000000006,3.6699989756899525,1.709511960177347,0.20842105263157892,0.23076923076923095,16.566577785,3.550135850906372,1,94.97601318359375
46.400000000000006,3.6699989756899525,1.709511960177347,0.20842105263157892,0.23076923076923095,16.566577785,3.550135850906372,1,94.97601318359375
46.5,3.6699989756899525,1.709511960177347,0.21999999999999997,0.2820512820512822,16.566577785,3.550135850906372,1,94.89006805419922
46.5,3.665796654587263,1.7152013162643205,0.21999999999999997,0.2820512820512822,16.661504896,3.550135850906372,1,94.89006805419922
46.5,3.665796654587263,1.7152013162643205,0.21999999999999997,0.2820512820512822,16.661504896,3.550135850906372,1,94.89006805419922
46.5,3.665796654587263,1.7152013162643205,0.21999999999999997,0.2820512820512822,16.661504896,3.550135850906372,1,94.89006805419922
46.5,3.665796654587263,1.7152013162643205,0.21999999999999997,0.2820512820512822,16.661504896,3.550135850906372,1,94.89006805419922
46.5,3.6613183806176703,1.7211725807735563,0.21999999999999997,0.2820512820512822,16.657888487,3.550135850906372,1,94.89006805419922
46.5,3.6613183806176703,1.7211725807735563,0.21999999999999997,0.2820512820512822,16.657888487,3.550135850906372,1,94.89006805419922
46.5,3.6567913512114734,1.7271035742188663,0.21999999999999997,0.2820512820512822,16.657888487,3.550135850906372,1,94.89006805419922
46.5,3.6567913512114734,1.7271035742188663,0.21999999999999997,0.2820512820512822,16.65924615,3.550135850906372,1,94.89006805419922
46.5,3.6567913512114734,1.7271035742188663,0.21999999999999997,0.2820512820512822,16.65924615,3.550135850906372,1,94.89006805419922
46.6,3.6567913512114734,1.7271035742188663,0.21999999999999997,0.2820512820512822,16.65924615,3.550135850906372,1,94.89006805419922
46.6,3.652206610681807,1.7329869521521133,0.20842105263157892,0.23076923076923095,16.562386871,3.550135850906372,1,94.89006805419922
46.6,3.652206610681807,1.7329869521521133,0.20842105263157892,0.23076923076923095,16.562386871,3.550135850906372,1,94.89006805419922
46.6,3.652206610681807,1.7329869521521133,0.20842105263157892,0.23076923076923095,16.562386871,3.550135850906372,1,94.89006805419922
46.6,3.652206610681807,1.7329869521521133,0.20842105263157892,0.23076923076923095,16.562386871,3.550135850906372,1,94.89006805419922
46.6,3.64780740400544,1.7385232334677485,0.20842105263157892,0.23076923076923095,16.560274637,3.550135850906372,1,94.89006805419922
46.6,3.64780740400544,1.7385232334677485,0.20842105263157892,0.23076923076923095,16.560274637,3.550135850906372,1,94.89006805419922
46.6,3.64780740400544,1.7385232334677485,0.20842105263157892,0.23076923076923095,16.560274637,3.550135850906372,1,94.89006805419922
46.6,3.64780740400544,1.7385232334677485,0.20842105263157892,0.23076923076923095,16.560274637,3.550135850906372,1,94.89006805419922
46.6,3.6433724680997024,1.7440376570682363,0.20842105263157892,0.23076923076923095,16.557890835,3.550135850906372,1,94.89006805419922
46.6,3.6433724680997024,1.7440376570682363,0.21999999999999997,0.17948717948717968,16.557890835,3.550135850906372,1,94.89006805419922
46.6,3.6433724680997024,1.7440376570682363,0.21999999999999997,0.17948717948717968,16.557890835,3.550135850906372,1,94.89006805419922
46.7,3.6433724680997024,1.7440376570682363,0.21999999999999997,0.17948717948717968,16.557890835,3.550135850906372,1,94.89006805419922
46.7,3.6389055667125056,1.7495188951408018,0.21999999999999997,0.17948717948717968,16.32673163,3.4794251918792725,1,94.89006805419922
46.7,3.6389055667125056,1.7495188951408018,0.21999999999999997,0.17948717948717968,16.32673163,3.4794251918792725,1,94.89006805419922
46.7,3.6389055667125056,1.7495188951408018,0.21999999999999997,0.17948717948717968,16.32673163,3.4794251918792725,1,94.89006805419922
46.7,3.6389055667125056,1.7495188951408018,0.21999999999999997,0.17948717948717968,16.32673163,3.4794251918792725,1,94.89006805419922
46.7,3.6331906642514435,1.7568905842022111,0.21999999999999997,0.17948717948717968,16.327368911,3.4794251918792725,1,94.89006805419922
46.7,3.6331906642514435,1.7568905842022111,0.21999999999999997,0.17948717948717968,16.327368911,3.4794251918792725,1,94.89006805419922
46.7,3.6331906642514435,1.7568905842022111,0.21999999999999997,0.17948717948717968,16.327368911,3.4794251918792725,1,94.89006805419922
46.7,3.626069535900039,1.766554926163541,0.20842105263157892,0.17948717948717968,16.327368911,3.4794251918792725,1,94.89006805419922
46.7,3.626069535900039,1.766554926163541,0.20842105263157892,0.17948717948717968,16.229249084,3.4794251918792725,1,94.89006805419922
46.7,3.626069535900039,1.766554926163541,0.20842105263157892,0.17948717948717968,16.229249084,3.4794251918792725,1,94.89006805419922
46.800000000000004,3.626069535900039,1.766554926163541,0.20842105263157892,0.17948717948717968,16.229249084,3.4794251918792725,1,94.89006805419922
46.800000000000004,3.6189057987128725,1.7761775426059674,0.20842105263157892,0.17948717948717968,16.135718486,3.4794251918792725,1,94.89006805419922
46.800000000000004,3.6189057987128725,1.7761775426059674,0.20842105263157892,0.17948717948717968,16.135718486,3.4794251918792725,1,94.89006805419922
46.800000000000004,3.6189057987128725,1.7761775426059674,0.20842105263157892,0.17948717948717968,16.135718486,3.4794251918792725,1,94.89006805419922
46.800000000000004,3.6189057987128725,1.7761775426059674,0.20842105263157892,0.17948717948717968,16.135718486,3.4794251918792725,1,94.89006805419922
46.800000000000004,3.611938106410572,1.7854484564852537,0.20842105263157892,0.17948717948717968,16.22949356,3.4794251918792725,1,94.89006805419922
46.800000000000004,3.611938106410572,1.7854484564852537,0.20842105263157892,0.17948717948717968,16.22949356,3.4794251918792725,1,94.89006805419922
46.800000000000004,3.611938106410572,1.7854484564852537,0.21999999999999997,0.025641025641025883,16.22949356,3.4794251918792725,1,94.89006805419922
46.800000000000004,3.611938106410572,1.7854484564852537,0.21999999999999997,0.025641025641025883,16.22949356,3.4794251918792725,1,94.89006805419922
46.800000000000004,3.6049152911500286,1.794678162316472,0.21999999999999997,0.025641025641025883,16.320098192,3.4794251918792725,1,94.89006805419922
46.800000000000004,3.6049152911500286,1.794678162316472,0.21999999999999997,0.025641025641025883,16.320098192,3.4794251918792725,1,94.89006805419922
46.900000000000006,3.6049152911500286,1.794678162316472,0.21999999999999997,0.025641025641025883,16.320098192,3.4794251918792725,1,94.89006805419922
46.900000000000006,3.597588079678821,1.8041688920005803,0.21999999999999997,0.02564102564102587,16.312383453,3.4794251918792725,1,94.89006805419922
46.900000000000006,3.597588079678821,1.8041688920005803,0.21999999999999997,0.02564102564102587,16.312383453,3.4794251918792725,1,94.89006805419922
46.900000000000006,3.597588079678821,1.8041688920005803,0.21999999999999997,0.02564102564102587,16.312383453,3.4794251918792725,1,94.89006805419922
46.900000000000006,3.597588079678821,1.8041688920005803,0.21999999999999997,0.02564102564102587,16.312383453,3.4794251918792725,1,94.89006805419922
46.900000000000006,3.5914967489339915,1.8115926691561437,0.21999999999999997,0.02564102564102587,15.884594272,3.408714532852173,1,94.89006805419922
46.900000000000006,3.5914967489339915,1.8115926691561437,0.21999999999999997,0.02564102564102587,15.884594272,3.408714532852173,1,94.89006805419922
46.900000000000006,3.5914967489339915,1.8115926691561437,0.21999999999999997,0.07692307692307715,15.884594272,3.408714532852173,1,94.89006805419922
46.900000000000006,3.5914967489339915,1.8115926691561437,0.21999999999999997,0.07692307692307715,15.884594272,3.408714532852173,1,94.89006805419922
46.900000000000006,3.5865328378420234,1.8171874523813916,0.21999999999999997,0.07692307692307715,15.788811503,3.408714532852173,1,94.89006805419922
46.900000000000006,3.5865328378420234,1.8171874523813916,0.21999999999999997,0.07692307692307715,15.788811503,3.408714532852173,1,94.89006805419922
47.0,3.5865328378420234,1.8171874523813916,0.21999999999999997,0.07692307692307715,15.788811503,3.408714532852173,1,94.75382995605469
47.0,3.5815598770274617,1.8227663816067774,0.21999999999999997,0.07692307692307715,15.695149543,3.408714532852173,1,94.75382995605469
47.0,3.5815598770274617,1.8227663816067774,0.21999999999999997,0.07692307692307715,15.695149543,3.408714532852173,1,94.75382995605469
47.0,3.5815598770274617,1.8227663816067774,0.21999999999999997,0.07692307692307715,15.695149543,3.408714532852173,1,94.75382995605469
47.0,3.5815598770274617,1.8227663816067774,0.21999999999999997,0.07692307692307715,15.695149543,3.408714532852173,1,94.75382995605469
47.0,3.576566688646066,1.8283273389279682,0.21999999999999997,0.07692307692307715,15.694199599000001,3.408714532852173,1,94.75382995605469
47.0,3.576566688646066,1.8283273389279682,0.21999999999999997,0.12820512820512842,15.694199599000001,3.408714532852173,1,94.75382995605469
47.0,3.576566688646066,1.8283273389279682,0.21999999999999997,0.12820512820512842,15.694199599000001,3.408714532852173,1,94.75382995605469
47.0,3.5715581966552703,1.8338771270773244,0.21999999999999997,0.12820512820512842,15.692965603,3.408714532852173,1,94.75382995605469
47.0,3.5715581966552703,1.8338771270773244,0.21999999999999997,0.12820512820512842,15.692965603,3.408714532852173,1,94.75382995605469
47.1,3.5715581966552703,1.8338771270773244,0.21999999999999997,0.12820512820512842,15.692965603,3.408714532852173,1,94.75382995605469
47.1,3.5715581966552703,1.8338771270773244,0.21999999999999997,0.12820512820512842,15.692965603,3.408714532852173,1,94.75382995605469
47.1,3.5715581966552703,1.8338771270773244,0.21999999999999997,0.12820512820512842,15.692965603,3.408714532852173,1,94.75382995605469
47.1,3.566538445800752,1.8394127649316065,0.21999999999999997,0.12820512820512842,15.691004333,3.408714532852173,1,94.75382995605469
47.1,3.566538445800752,1.8394127649316065,0.21999999999999997,0.12820512820512842,15.691004333,3.408714532852173,1,94.75382995605469
47.1,3.566538445800752,1.8394127649316065,0.20842105263157892,0.12820512820512842,15.691004333,3.408714532852173,1,94.75382995605469
47.1,3.5614953440331822,1.8449215547146318,0.20842105263157892,0.12820512820512842,15.600413271,3.408714532852173,1,94.75382995605469
47.1,3.5614953440331822,1.8449215547146318,0.20842105263157892,0.12820512820512842,15.600413271,3.408714532852173,1,94.75382995605469
47.1,3.5614953440331822,1.8449215547146318,0.20842105263157892,0.12820512820512842,15.600413271,3.408714532852173,1,94.75382995605469
47.1,3.5614953440331822,1.8449215547146318,0.20842105263157892,0.12820512820512842,15.600413271,3.408714532852173,1,94.75382995605469
47.1,3.5566896992416805,1.8501242525561887,0.20842105263157892,0.12820512820512842,15.59662997,3.408714532852173,1,94.75382995605469
47.2,3.5566896992416805,1.8501242525561887,0.20842105263157892,0.12820512820512842,15.59662997,3.408714532852173,1,94.75382995605469
47.2,3.5566896992416805,1.8501242525561887,0.20842105263157892,0.12820512820512842,15.59662997,3.408714532852173,1,94.75382995605469
47.2,3.551883103126549,1.8553343331061996,0.20842105263157892,0.12820512820512842,15.690786977,3.408714532852173,1,94.75382995605469
47.2,3.551883103126549,1.8553343331061996,0.20842105263157892,0.12820512820512842,15.690786977,3.408714532852173,1,94.75382995605469
47.2,3.551883103126549,1.8553343331061996,0.18526315789473682,0.17948717948717968,15.690786977,3.408714532852173,1,94.75382995605469
47.2,3.551883103126549,1.8553343331061996,0.18526315789473682,0.17948717948717968,15.690786977,3.408714532852173,1,94.75382995605469
47.2,3.5470744621163925,1.860524804381275,0.18526315789473682,0.17948717948717968,15.457997237,3.338003635406494,1,94.75382995605469
47.2,3.5470744621163925,1.860524804381275,0.18526315789473682,0.17948717948717968,15.457997237,3.338003635406494,1,94.75382995605469
47.2,3.5470744621163925,1.860524804381275,0.18526315789473682,0.17948717948717968,15.457997237,3.338003635406494,1,94.75382995605469
47.2,3.54276735927649,1.8651036289715168,0.18526315789473682,0.17948717948717968,15.457997237,3.338003635406494,1,94.75382995605469
47.2,3.54276735927649,1.8651036289715168,0.18526315789473682,0.17948717948717968,15.742536203,3.338003635406494,1,94.75382995605469
47.300000000000004,3.54276735927649,1.8651036289715168,0.18526315789473682,0.17948717948717968,15.742536203,3.338003635406494,1,94.75382995605469
47.300000000000004,3.54276735927649,1.8651036289715168,0.18526315789473682,0.17948717948717968,15.742536203,3.338003635406494,1,94.75382995605469
47.300000000000004,3.5384272801834857,1.869657332551037,0.18526315789473682,0.17948717948717968,16.024617181,3.338003635406494,1,94.75382995605469
47.300000000000004,3.5384272801834857,1.869657332551037,0.21999999999999997,0.12820512820512842,16.024617181,3.338003635406494,1,94.75382995605469
47.300000000000004,3.5384272801834857,1.869657332551037,0.21999999999999997,0.12820512820512842,16.024617181,3.338003635406494,1,94.75382995605469
47.300000000000004,3.5384272801834857,1.869657332551037,0.21999999999999997,0.12820512820512842,16.024617181,3.338003635406494,1,94.75382995605469
47.300000000000004,3.5340647273605916,1.8741891780214315,0.21999999999999997,0.12820512820512842,16.327777089,3.338003635406494,1,94.75382995605469
47.300000000000004,3.5340647273605916,1.8741891780214315,0.21999999999999997,0.12820512820512842,16.327777089,3.338003635406494,1,94.75382995605469
47.300000000000004,3.5340647273605916,1.8741891780214315,0.21999999999999997,0.12820512820512842,16.327777089,3.338003635406494,1,94.75382995605469
47.300000000000004,3.528909947312761,1.8794802656325218,0.21999999999999997,0.12820512820512842,16.349347469,3.338003635406494,1,94.75382995605469
47.400000000000006,3.528909947312761,1.8794802656325218,0.21999999999999997,0.12820512820512842,16.349347469,3.338003635406494,1,94.75382995605469
47.400000000000006,3.528909947312761,1.8794802656325218,0.21999999999999997,0.12820512820512842,16.349347469,3.338003635406494,1,94.75382995605469
47.400000000000006,3.523666915809679,1.8848017396878172,0.21999999999999997,0.12820512820512842,16.352375197,3.338003635406494,1,94.75382995605469
47.400000000000006,3.523666915809679,1.8848017396878172,0.21999999999999997,0.12820512820512842,16.352375197,3.338003635406494,1,94.75382995605469
47.400000000000006,3.523666915809679,1.8848017396878172,0.21999999999999997,0.07692307692307715,16.352375197,3.338003635406494,1,94.75382995605469
47.400000000000006,3.523666915809679,1.8848017396878172,0.21999999999999997,0.07692307692307715,16.352375197,3.338003635406494,1,94.75382995605469
47.400000000000006,3.518402423436087,1.8901049593599495,0.21999999999999997,0.07692307692307715,16.351195245,3.338003635406494,1,94.75382995605469
47.400000000000006,3.518402423436087,1.8901049593599495,0.21999999999999997,0.07692307692307715,16.351195245,3.338003635406494,1,94.75382995605469
47.400000000000006,3.518402423436087,1.8901049593599495,0.21999999999999997,0.07692307692307715,16.351195245,3.338003635406494,1,94.75382995605469
47.400000000000006,3.518402423436087,1.8901049593599495,0.21999999999999997,0.07692307692307715,16.351195245,3.338003635406494,1,94.75382995605469
47.5,3.513119489777973,1.8953891826708897,0.21999999999999997,0.07692307692307715,16.257462761,3.338003635406494,1,94.64656829833984
47.5,3.513119489777973,1.8953891826708897,0.21999999999999997,0.07692307692307715,16.257462761,3.338003635406494,1,94.64656829833984
47.5,3.513119489777973,1.8953891826708897,0.21999999999999997,0.07692307692307715,16.257462761,3.338003635406494,1,94.64656829833984
47.5,3.507819106962069,1.9006596731425074,0.21999999999999997,0.12820512820512842,16.158472073,3.338003635406494,1,94.64656829833984
47.5,3.507819106962069,1.9006596731425074,0.21999999999999997,0.12820512820512842,16.158472073,3.338003635406494,1,94.64656829833984
47.5,3.507819106962069,1.9006596731425074,0.21999999999999997,0.12820512820512842,16.158472073,3.338003635406494,1,94.64656829833984
47.5,3.507819106962069,1.9006596731425074,0.21999999999999997,0.12820512820512842,16.158472073,3.338003635406494,1,94.64656829833984
47.5,3.500472398037431,1.9075924695066675,0.21999999999999997,0.12820512820512842,16.059982175,3.338003635406494,1,94.64656829833984
47.5,3.500472398037431,1.9075924695066675,0.21999999999999997,0.12820512820512842,16.059982175,3.338003635406494,1,94.64656829833984
47.5,3.500472398037431,1.9075924695066675,0.21999999999999997,0.12820512820512842,16.059982175,3.338003635406494,1,94.64656829833984
47.5,3.500472398037431,1.9075924695066675,0.21999999999999997,0.12820512820512842,16.059982175,3.338003635406494,1,94.64656829833984
47.6,3.4928086587724536,1.9146986492024451,0.21999999999999997,0.12820512820512842,15.433173717,3.2672929763793945,1,94.64656829833984
47.6,3.4928086587724536,1.9146986492024451,0.21999999999999997,0.12820512820512842,15.433173717,3.2672929763793945,1,94.64656829833984
47.6,3.4928086587724536,1.9146986492024451,0.20842105263157892,0.17948717948717968,15.433173717,3.2672929763793945,1,94.64656829833984
47.6,3.4850872780215187,1.9217426891241796,0.20842105263157892,0.17948717948717968,15.165875977,3.2672929763793945,1,94.64656829833984
47.6,3.4850872780215187,1.9217426891241796,0.20842105263157892,0.17948717948717968,15.165875977,3.2672929763793945,1,94.64656829833984
47.6,3.4850872780215187,1.9217426891241796,0.20842105263157892,0.17948717948717968,15.165875977,3.2672929763793945,1,94.64656829833984
47.6,3.47764659464393,1.9283976847053959,0.20842105263157892,0.17948717948717968,15.001764182,3.2672929763793945,1,94.64656829833984
47.6,3.47764659464393,1.9283976847053959,0.20842105263157892,0.17948717948717968,15.317769558,3.3361170291900635,1,94.64656829833984
47.6,3.47764659464393,1.9283976847053959,0.20842105263157892,0.17948717948717968,15.317769558,3.3361170291900635,1,94.64656829833984
47.6,3.47764659464393,1.9283976847053959,0.20842105263157892,0.17948717948717968,15.317769558,3.3361170291900635,1,94.64656829833984
47.7,3.4700861790653965,1.9350378738011118,0.20842105263157892,0.17948717948717968,15.390527264,3.3361170291900635,1,94.64656829833984
47.7,3.4700861790653965,1.9350378738011118,0.20842105263157892,0.17948717948717968,15.390527264,3.3361170291900635,1,94.64656829833984
47.7,3.4700861790653965,1.9350378738011118,0.19684210526315787,0.17948717948717968,15.390527264,3.3361170291900635,1,94.64656829833984
47.7,3.4700861790653965,1.9350378738011118,0.19684210526315787,0.17948717948717968,15.390527264,3.3361170291900635,1,94.64656829833984
47.7,3.462459277762595,1.9416099949575047,0.19684210526315787,0.17948717948717968,15.390527264,3.3361170291900635,1,94.64656829833984
47.7,3.462459277762595,1.9416099949575047,0.19684210526315787,0.17948717948717968,15.390527264,3.3361170291900635,1,94.64656829833984
47.7,3.462459277762595,1.9416099949575047,0.19684210526315787,0.17948717948717968,15.47722537,3.3361170291900635,1,94.64656829833984
47.7,3.462459277762595,1.9416099949575047,0.19684210526315787,0.17948717948717968,15.47722537,3.3361170291900635,1,94.64656829833984
47.7,3.462459277762595,1.9416099949575047,0.19684210526315787,0.17948717948717968,15.47722537,3.3361170291900635,1,94.64656829833984
47.7,3.4575546665063284,1.9460332249154717,0.19684210526315787,0.17948717948717968,15.47722537,3.3361170291900635,1,94.64656829833984
47.7,3.4575546665063284,1.9460332249154717,0.19684210526315787,0.17948717948717968,15.685325668,3.3361170291900635,1,94.64656829833984
47.7,3.4575546665063284,1.9460332249154717,0.19684210526315787,0.17948717948717968,15.685325668,3.3361170291900635,1,94.64656829833984
47.7,3.4575546665063284,1.9460332249154717,0.19684210526315787,0.17948717948717968,15.685325668,3.3361170291900635,1,94.64656829833984
47.800000000000004,3.45256390318342,1.9504758440887326,0.21999999999999997,0.12820512820512842,15.871161509,3.3361170291900635,1,94.64656829833984
47.800000000000004,3.45256390318342,1.9504758440887326,0.21999999999999997,0.12820512820512842,15.871161509,3.3361170291900635,1,94.64656829833984
47.800000000000004,3.45256390318342,1.9504758440887326,0.21999999999999997,0.12820512820512842,15.871161509,3.3361170291900635,1,94.64656829833984
47.800000000000004,3.45256390318342,1.9504758440887326,0.21999999999999997,0.12820512820512842,15.871161509,3.3361170291900635,1,94.64656829833984
47.800000000000004,3.44701281690584,1.9553530578300875,0.21999999999999997,0.12820512820512842,15.889174549,3.3361170291900635,1,94.64656829833984
47.800000000000004,3.44701281690584,1.9553530578300875,0.21999999999999997,0.12820512820512842,15.889174549,3.3361170291900635,1,94.64656829833984
47.800000000000004,3.44701281690584,1.9553530578300875,0.21999999999999997,0.12820512820512842,15.889174549,3.3361170291900635,1,94.64656829833984
47.800000000000004,3.4413771897999825,1.9602596861990202,0.21999999999999997,0.12820512820512842,15.55421493,3.265406370162964,1,94.64656829833984
47.800000000000004,3.4413771897999825,1.9602596861990202,0.21999999999999997,0.12820512820512842,15.55421493,3.265406370162964,1,94.64656829833984
47.800000000000004,3.4413771897999825,1.9602596861990202,0.21999999999999997,0.12820512820512842,15.55421493,3.265406370162964,1,94.64656829833984
47.800000000000004,3.4413771897999825,1.9602596861990202,0.21999999999999997,0.12820512820512842,15.55421493,3.265406370162964,1,94.64656829833984
47.900000000000006,3.4357238857031964,1.9651449818458924,0.21999999999999997,0.12820512820512842,15.555631418,3.265406370162964,1,94.64656829833984
47.900000000000006,3.4357238857031964,1.9651449818458924,0.21999999999999997,0.12820512820512842,15.555631418,3.265406370162964,1,94.64656829833984
47.900000000000006,3.4357238857031964,1.9651449818458924,0.21999999999999997,0.12820512820512842,15.555631418,3.265406370162964,1,94.64656829833984
47.900000000000006,3.4357238857031964,1.9651449818458924,0.21999999999999997,0.12820512820512842,15.555631418,3.265406370162964,1,94.64656829833984
47.900000000000006,3.4357238857031964,1.9651449818458924,0.21999999999999997,0.12820512820512842,15.555631418,3.265406370162964,1,94.64656829833984
47.900000000000006,3.4300506161499373,1.9700036977380508,0.21999999999999997,0.12820512820512842,15.553999163,3.265406370162964,1,94.64656829833984
47.900000000000006,3.4300506161499373,1.9700036977380508,0.21999999999999997,0.12820512820512842,15.553999163,3.265406370162964,1,94.64656829833984
47.900000000000006,3.4300506161499373,1.9700036977380508,0.21999999999999997,0.12820512820512842,15.553999163,3.265406370162964,1,94.64656829833984
47.900000000000006,3.4243540865538877,1.9748360455866147,0.20842105263157892,0.12820512820512842,15.553999163,3.265406370162964,1,94.64656829833984
47.900000000000006,3.4243540865538877,1.9748360455866147,0.20842105263157892,0.12820512820512842,15.444451877,3.265406370162964,1,94.64656829833984
47.900000000000006,3.4243540865538877,1.9748360455866147,0.20842105263157892,0.12820512820512842,15.444451877,3.265406370162964,1,94.64656829833984
47.900000000000006,3.4243540865538877,1.9748360455866147,0.20842105263157892,0.12820512820512842,15.444451877,3.265406370162964,1,94.64656829833984
48.0,3.4189979623359172,1.9793397583315009,0.20842105263157892,0.12820512820512842,15.46058036,3.265406370162964,1,94.5274429321289
48.0,3.4189979623359172,1.9793397583315009,0.20842105263157892,0.12820512820512842,15.46058036,3.265406370162964,1,94.5274429321289
48.0,3.4189979623359172,1.9793397583315009,0.20842105263157892,0.12820512820512842,15.46058036,3.265406370162964,1,94.5274429321289
48.0,3.4189979623359172,1.9793397583315009,0.20842105263157892,0.12820512820512842,15.46058036,3.265406370162964,1,94.5274429321289
48.0,3.413559933221133,1.9838675960830472,0.20842105263157892,0.12820512820512842,15.462018726,3.265406370162964,1,94.5274429321289
48.0,3.413559933221133,1.9838675960830472,0.20842105263157892,0.12820512820512842,15.462018726,3.265406370162964,1,94.5274429321289
48.0,3.413559933221133,1.9838675960830472,0.20842105263157892,0.12820512820512842,15.462018726,3.265406370162964,1,94.5274429321289
48.0,3.413559933221133,1.9838675960830472,0.21999999999999997,0.17948717948717968,15.462018726,3.265406370162964,1,94.5274429321289
48.0,3.408099246304982,1.988370996125591,0.21999999999999997,0.17948717948717968,15.34820302,3.265406370162964,1,94.5274429321289
48.0,3.408099246304982,1.988370996125591,0.21999999999999997,0.17948717948717968,15.34820302,3.265406370162964,1,94.5274429321289
48.1,3.408099246304982,1.988370996125591,0.21999999999999997,0.17948717948717968,15.34820302,3.265406370162964,1,94.5274429321289
48.1,3.402377503117971,1.9930473155710426,0.21999999999999997,0.17948717948717968,15.187348771,3.265406370162964,1,94.5274429321289
48.1,3.402377503117971,1.9930473155710426,0.21999999999999997,0.17948717948717968,15.187348771,3.265406370162964,1,94.5274429321289
48.1,3.402377503117971,1.9930473155710426,0.21999999999999997,0.17948717948717968,15.187348771,3.265406370162964,1,94.5274429321289
48.1,3.396565365033834,1.9977323473679254,0.21999999999999997,0.17948717948717968,15.172565737,3.265406370162964,1,94.5274429321289
48.1,3.396565365033834,1.9977323473679254,0.21999999999999997,0.17948717948717968,15.172565737,3.265406370162964,1,94.5274429321289
48.1,3.396565365033834,1.9977323473679254,0.21999999999999997,0.17948717948717968,15.172565737,3.265406370162964,1,94.5274429321289
48.1,3.390717061144328,2.0023771695586254,0.20842105263157892,0.17948717948717968,15.172565737,3.265406370162964,1,94.5274429321289
48.1,3.390717061144328,2.0023771695586254,0.20842105263157892,0.17948717948717968,14.843244384,3.1946957111358643,1,94.5274429321289
48.1,3.390717061144328,2.0023771695586254,0.20842105263157892,0.17948717948717968,14.843244384,3.1946957111358643,1,94.5274429321289
48.2,3.390717061144328,2.0023771695586254,0.20842105263157892,0.17948717948717968,14.843244384,3.1946957111358643,1,94.5274429321289
48.2,3.385212629578793,2.006698874821981,0.20842105263157892,0.17948717948717968,14.948062567000001,3.1946957111358643,1,94.5274429321289
48.2,3.385212629578793,2.006698874821981,0.20842105263157892,0.17948717948717968,14.948062567000001,3.1946957111358643,1,94.5274429321289
48.2,3.385212629578793,2.006698874821981,0.20842105263157892,0.17948717948717968,14.948062567000001,3.1946957111358643,1,94.5274429321289
48.2,3.385212629578793,2.006698874821981,0.20842105263157892,0.17948717948717968,14.948062567000001,3.1946957111358643,1,94.5274429321289
48.2,3.3796208997486987,2.0110332805682987,0.20842105263157892,0.17948717948717968,15.038232959,3.1946957111358643,1,94.5274429321289
48.2,3.3796208997486987,2.0110332805682987,0.20842105263157892,0.17948717948717968,15.038232959,3.1946957111358643,1,94.5274429321289
48.2,3.3796208997486987,2.0110332805682987,0.19684210526315787,0.17948717948717968,15.038232959,3.1946957111358643,1,94.5274429321289
48.2,3.373999214603277,2.0153303775330844,0.19684210526315787,0.17948717948717968,15.038232959,3.1946957111358643,1,94.5274429321289
48.2,3.373999214603277,2.0153303775330844,0.19684210526315787,0.17948717948717968,15.127929621,3.1946957111358643,1,94.5274429321289
48.2,3.373999214603277,2.0153303775330844,0.19684210526315787,0.17948717948717968,15.127929621,3.1946957111358643,1,94.5274429321289
48.300000000000004,3.373999214603277,2.0153303775330844,0.19684210526315787,0.17948717948717968,15.127929621,3.1946957111358643,1,94.5274429321289
48.300000000000004,3.3687280383636793,2.0193096457960773,0.19684210526315787,0.17948717948717968,15.217842095,3.1946957111358643,1,94.5274429321289
48.300000000000004,3.3687280383636793,2.0193096457960773,0.19684210526315787,0.17948717948717968,15.217842095,3.1946957111358643,1,94.5274429321289
48.300000000000004,3.3687280383636793,2.0193096457960773,0.19684210526315787,0.17948717948717968,15.217842095,3.1946957111358643,1,94.5274429321289
48.300000000000004,3.3633698758068453,2.0233015031243697,0.19684210526315787,0.17948717948717968,15.312540179,3.1946957111358643,1,94.5274429321289
48.300000000000004,3.3633698758068453,2.0233015031243697,0.19684210526315787,0.17948717948717968,15.312540179,3.1946957111358643,1,94.5274429321289
48.300000000000004,3.3633698758068453,2.0233015031243697,0.21999999999999997,0.07692307692307715,15.312540179,3.1946957111358643,1,94.5274429321289
48.300000000000004,3.3633698758068453,2.0233015031243697,0.21999999999999997,0.07692307692307715,15.312540179,3.1946957111358643,1,94.5274429321289
48.300000000000004,3.357985518565693,2.027258813299136,0.21999999999999997,0.07692307692307715,15.404553611,3.1946957111358643,1,94.5274429321289
48.300000000000004,3.357985518565693,2.027258813299136,0.21999999999999997,0.07692307692307715,15.404553611,3.1946957111358643,1,94.5274429321289
48.400000000000006,3.357985518565693,2.027258813299136,0.21999999999999997,0.07692307692307715,15.404553611,3.1946957111358643,1,94.5274429321289
48.400000000000006,3.357985518565693,2.027258813299136,0.21999999999999997,0.07692307692307715,15.404553611,3.1946957111358643,1,94.5274429321289
48.400000000000006,3.3520063831808127,2.031603801150519,0.21999999999999997,0.07692307692307715,15.402483310000001,3.1946957111358643,1,94.5274429321289
48.400000000000006,3.3520063831808127,2.031603801150519,0.21999999999999997,0.07692307692307715,15.402483310000001,3.1946957111358643,1,94.5274429321289
48.400000000000006,3.3520063831808127,2.031603801150519,0.21999999999999997,0.07692307692307715,15.402483310000001,3.1946957111358643,1,94.5274429321289
48.400000000000006,3.3459466467793604,2.0359819864679065,0.21999999999999997,0.07692307692307715,15.401309847,3.1946957111358643,1,94.5274429321289
48.400000000000006,3.3459466467793604,2.0359819864679065,0.20842105263157892,0.12820512820512842,15.401309847,3.1946957111358643,1,94.5274429321289
48.400000000000006,3.3459466467793604,2.0359819864679065,0.20842105263157892,0.12820512820512842,15.401309847,3.1946957111358643,1,94.5274429321289
48.400000000000006,3.339882029890984,2.0403500895383666,0.20842105263157892,0.12820512820512842,15.401961357,3.1946957111358643,1,94.5274429321289
48.400000000000006,3.339882029890984,2.0403500895383666,0.20842105263157892,0.12820512820512842,15.401961357,3.1946957111358643,1,94.5274429321289
48.400000000000006,3.339882029890984,2.0403500895383666,0.20842105263157892,0.12820512820512842,15.401961357,3.1946957111358643,1,94.5274429321289
48.5,3.339882029890984,2.0403500895383666,0.20842105263157892,0.12820512820512842,15.401961357,3.1946957111358643,1,94.42053985595703
48.5,3.3341906272476978,2.0444207235515153,0.20842105263157892,0.12820512820512842,15.061451853,3.1239850521087646,1,94.42053985595703
48.5,3.3341906272476978,2.0444207235515153,0.20842105263157892,0.12820512820512842,15.061451853,3.1239850521087646,1,94.42053985595703
48.5,3.3341906272476978,2.0444207235515153,0.20842105263157892,0.12820512820512842,15.061451853,3.1239850521087646,1,94.42053985595703
48.5,3.3284140478891473,2.0485037504967445,0.20842105263157892,0.12820512820512842,15.061451853,3.1239850521087646,1,94.42053985595703
48.5,3.3284140478891473,2.0485037504967445,0.21999999999999997,0.17948717948717968,15.061823349,3.1239850521087646,1,94.42053985595703
48.5,3.3284140478891473,2.0485037504967445,0.21999999999999997,0.17948717948717968,15.061823349,3.1239850521087646,1,94.42053985595703
48.5,3.3284140478891473,2.0485037504967445,0.21999999999999997,0.17948717948717968,15.061823349,3.1239850521087646,1,94.42053985595703
48.5,3.3226137658821115,2.052560022634276,0.21999999999999997,0.17948717948717968,15.061005573,3.1239850521087646,1,94.42053985595703
48.5,3.3226137658821115,2.052560022634276,0.21999999999999997,0.17948717948717968,15.061005573,3.1239850521087646,1,94.42053985595703
48.5,3.3226137658821115,2.052560022634276,0.21999999999999997,0.17948717948717968,15.061005573,3.1239850521087646,1,94.42053985595703
48.6,3.3226137658821115,2.052560022634276,0.21999999999999997,0.17948717948717968,14.791026755,3.0679855346679688,1,94.42053985595703
48.6,3.316541129667181,2.0567712473099675,0.21999999999999997,0.17948717948717968,14.614941746,3.0679855346679688,1,94.42053985595703
48.6,3.316541129667181,2.0567712473099675,0.21999999999999997,0.17948717948717968,14.614941746,3.0679855346679688,1,94.42053985595703
48.6,3.316541129667181,2.0567712473099675,0.20842105263157892,0.17948717948717968,14.614941746,3.0679855346679688,1,94.42053985595703
48.6,3.316541129667181,2.0567712473099675,0.20842105263157892,0.17948717948717968,14.614941746,3.0679855346679688,1,94.42053985595703
48.6,3.3103793018194665,2.0609838984521742,0.20842105263157892,0.17948717948717968,14.440575353,3.0679855346679688,1,94.42053985595703
48.6,3.3103793018194665,2.0609838984521742,0.20842105263157892,0.17948717948717968,14.440575353,3.0679855346679688,1,94.42053985595703
48.6,3.3103793018194665,2.0609838984521742,0.20842105263157892,0.17948717948717968,14.440575353,3.0679855346679688,1,94.42053985595703
48.6,3.3103793018194665,2.0609838984521742,0.20842105263157892,0.17948717948717968,14.440575353,3.0679855346679688,1,94.42053985595703
48.6,3.304574638369565,2.064888068989505,0.20842105263157892,0.17948717948717968,14.37279269,3.0679855346679688,1,94.42053985595703
48.7,3.304574638369565,2.064888068989505,0.20842105263157892,0.17948717948717968,14.37279269,3.0679855346679688,1,94.42053985595703
48.7,3.304574638369565,2.064888068989505,0.20842105263157892,0.17948717948717968,14.37279269,3.0679855346679688,1,94.42053985595703
48.7,3.304574638369565,2.064888068989505,0.20842105263157892,0.17948717948717968,14.37279269,3.0679855346679688,1,94.42053985595703
48.7,3.2986788847899913,2.0688024902842614,0.20842105263157892,0.17948717948717968,14.442934023,3.0679855346679688,1,94.42053985595703
48.7,3.2986788847899913,2.0688024902842614,0.19684210526315787,0.23076923076923095,14.442934023,3.0679855346679688,1,94.42053985595703
48.7,3.2986788847899913,2.0688024902842614,0.19684210526315787,0.23076923076923095,14.442934023,3.0679855346679688,1,94.42053985595703
48.7,3.2927612838639257,2.072683197327324,0.19684210526315787,0.23076923076923095,14.529374083,3.0679855346679688,1,94.42053985595703
48.7,3.2927612838639257,2.072683197327324,0.19684210526315787,0.23076923076923095,14.529374083,3.0679855346679688,1,94.42053985595703
48.7,3.2927612838639257,2.072683197327324,0.19684210526315787,0.23076923076923095,14.529374083,3.0679855346679688,1,94.42053985595703
48.7,3.2927612838639257,2.072683197327324,0.19684210526315787,0.23076923076923095,14.529374083,3.0679855346679688,1,94.42053985595703
48.7,3.2872165814827037,2.076266700331093,0.19684210526315787,0.23076923076923095,14.481578953,3.0179855823516846,1,94.42053985595703
48.800000000000004,3.2872165814827037,2.076266700331093,0.19684210526315787,0.23076923076923095,14.481578953,3.0179855823516846,1,94.42053985595703
48.800000000000004,3.2872165814827037,2.076266700331093,0.19684210526315787,0.23076923076923095,14.481578953,3.0179855823516846,1,94.42053985595703
48.800000000000004,3.281577205945523,2.0798422770992646,0.19684210526315787,0.23076923076923095,14.554226341,3.0179855823516846,1,94.42053985595703
48.800000000000004,3.281577205945523,2.0798422770992646,0.21999999999999997,0.17948717948717968,14.554226341,3.0179855823516846,1,94.42053985595703
48.800000000000004,3.281577205945523,2.0798422770992646,0.21999999999999997,0.17948717948717968,14.554226341,3.0179855823516846,1,94.42053985595703
48.800000000000004,3.281577205945523,2.0798422770992646,0.21999999999999997,0.17948717948717968,14.554226341,3.0179855823516846,1,94.42053985595703
48.800000000000004,3.275904966420535,2.0833708091398675,0.21999999999999997,0.17948717948717968,14.646325533,3.0179855823516846,1,94.42053985595703
48.800000000000004,3.275904966420535,2.0833708091398675,0.21999999999999997,0.17948717948717968,14.646325533,3.0179855823516846,1,94.42053985595703
48.800000000000004,3.275904966420535,2.0833708091398675,0.21999999999999997,0.17948717948717968,14.646325533,3.0179855823516846,1,94.42053985595703
48.800000000000004,3.2696042425679197,2.0872292457036936,0.21999999999999997,0.17948717948717968,14.579068801,3.0179855823516846,1,94.42053985595703
48.900000000000006,3.2696042425679197,2.0872292457036936,0.21999999999999997,0.17948717948717968,14.579068801,3.0179855823516846,1,94.42053985595703
48.900000000000006,3.2696042425679197,2.0872292457036936,0.21999999999999997,0.17948717948717968,14.579068801,3.0179855823516846,1,94.42053985595703
48.900000000000006,3.2696042425679197,2.0872292457036936,0.21999999999999997,0.17948717948717968,14.579068801,3.0179855823516846,1,94.42053985595703
48.900000000000006,3.2632111888805744,2.091089600465523,0.20842105263157892,0.17948717948717968,14.560439352,3.0179855823516846,1,94.42053985595703
48.900000000000006,3.2632111888805744,2.091089600465523,0.20842105263157892,0.17948717948717968,14.560439352,3.0179855823516846,1,94.42053985595703
48.900000000000006,3.2632111888805744,2.091089600465523,0.20842105263157892,0.17948717948717968,14.560439352,3.0179855823516846,1,94.42053985595703
48.900000000000006,3.257201339749023,2.0946691847435117,0.20842105263157892,0.17948717948717968,14.666664328,3.0179855823516846,1,94.42053985595703
48.900000000000006,3.257201339749023,2.0946691847435117,0.20842105263157892,0.17948717948717968,14.666664328,3.0179855823516846,1,94.42053985595703
48.900000000000006,3.257201339749023,2.0946691847435117,0.20842105263157892,0.17948717948717968,14.666664328,3.0179855823516846,1,94.42053985595703
48.900000000000006,3.257201339749023,2.0946691847435117,0.20842105263157892,0.17948717948717968,14.666664328,3.0179855823516846,1,94.42053985595703
48.900000000000006,3.2511008131515773,2.0982482367967643,0.20842105263157892,0.17948717948717968,14.650286037,3.0179855823516846,1,94.42053985595703
49.0,3.2511008131515773,2.0982482367967643,0.20842105263157892,0.17948717948717968,14.650286037,3.0179855823516846,1,94.3145523071289
49.0,3.2511008131515773,2.0982482367967643,0.20842105263157892,0.17948717948717968,14.650286037,3.0179855823516846,1,94.3145523071289
49.0,3.2449767644234306,2.101789249793888,0.21999999999999997,0.23076923076923095,14.651808963,3.0179855823516846,1,94.3145523071289
49.0,3.2449767644234306,2.101789249793888,0.21999999999999997,0.23076923076923095,14.651808963,3.0179855823516846,1,94.3145523071289
49.0,3.2449767644234306,2.101789249793888,0.21999999999999997,0.23076923076923095,14.651808963,3.0179855823516846,1,94.3145523071289
49.0,3.2385603693750538,2.1054465808636653,0.21999999999999997,0.23076923076923095,14.24171845,2.947274923324585,1,94.3145523071289
49.0,3.2385603693750538,2.1054465808636653,0.21999999999999997,0.23076923076923095,14.24171845,2.947274923324585,1,94.3145523071289
49.0,3.2385603693750538,2.1054465808636653,0.21999999999999997,0.23076923076923095,14.24171845,2.947274923324585,1,94.3145523071289
49.0,3.2385603693750538,2.1054465808636653,0.21999999999999997,0.23076923076923095,14.24171845,2.947274923324585,1,94.3145523071289
49.0,3.2320477995086394,2.109086324261452,0.21999999999999997,0.23076923076923095,14.056907721,2.947274923324585,1,94.3145523071289
49.0,3.2320477995086394,2.109086324261452,0.21999999999999997,0.23076923076923095,14.056907721,2.947274923324585,1,94.3145523071289
49.1,3.2320477995086394,2.109086324261452,0.21999999999999997,0.23076923076923095,14.056907721,2.947274923324585,1,94.3145523071289
49.1,3.2320477995086394,2.109086324261452,0.21999999999999997,0.23076923076923095,14.056907721,2.947274923324585,1,94.3145523071289
49.1,3.2255004362762083,2.1126693879359877,0.21999999999999997,0.23076923076923095,13.888329895,2.947274923324585,1,94.3145523071289
49.1,3.2255004362762083,2.1126693879359877,0.21999999999999997,0.23076923076923095,13.888329895,2.947274923324585,1,94.3145523071289
49.1,3.2255004362762083,2.1126693879359877,0.21999999999999997,0.23076923076923095,13.888329895,2.947274923324585,1,94.3145523071289
49.1,3.2255004362762083,2.1126693879359877,0.21999999999999997,0.23076923076923095,13.888329895,2.947274923324585,1,94.3145523071289
49.1,3.2224670572261895,2.113568137518613,0.21999999999999997,0.07692307692307715,13.723948966,2.947274923324585,1,94.3145523071289
49.1,3.2224670572261895,2.113568137518613,0.21999999999999997,0.07692307692307715,13.723948966,2.947274923324585,1,94.3145523071289
49.1,3.2224670572261895,2.113568137518613,0.21999999999999997,0.07692307692307715,13.723948966,2.947274923324585,1,94.3145523071289
49.1,3.2202399775547423,2.1138312199433713,0.21999999999999997,0.07692307692307715,13.71986139,2.947274923324585,1,94.3145523071289
49.2,3.2202399775547423,2.1138312199433713,0.21999999999999997,0.07692307692307715,13.71986139,2.947274923324585,1,94.3145523071289
49.2,3.2202399775547423,2.1138312199433713,0.20842105263157892,0.07692307692307715,13.71986139,2.947274923324585,1,94.3145523071289
49.2,3.2202399775547423,2.1138312199433713,0.20842105263157892,0.07692307692307715,13.71986139,2.947274923324585,1,94.3145523071289
49.2,3.2179289955963872,2.1141238870763317,0.20842105263157892,0.07692307692307715,13.719214488,2.947274923324585,1,94.3145523071289
49.2,3.2179289955963872,2.1141238870763317,0.20842105263157892,0.07692307692307715,13.719214488,2.947274923324585,1,94.3145523071289
49.2,3.2179289955963872,2.1141238870763317,0.20842105263157892,0.07692307692307715,13.719214488,2.947274923324585,1,94.3145523071289
49.2,3.2179289955963872,2.1141238870763317,0.20842105263157892,0.07692307692307715,13.719214488,2.947274923324585,1,94.3145523071289
49.2,3.216036333829652,2.114199019829339,0.20842105263157892,0.07692307692307715,13.718256304,2.947274923324585,1,94.3145523071289
49.2,3.216036333829652,2.114199019829339,0.20842105263157892,0.07692307692307715,13.718256304,2.947274923324585,1,94.3145523071289
49.2,3.216036333829652,2.114199019829339,0.20842105263157892,0.07692307692307715,13.718256304,2.947274923324585,1,94.3145523071289
49.2,3.21407157747807,2.114296856124475,0.20842105263157892,0.07692307692307715,13.718256304,2.947274923324585,1,94.3145523071289
49.300000000000004,3.21407157747807,2.114296856124475,0.21999999999999997,0.12820512820512842,13.715685133000001,2.947274923324585,1,94.3145523071289
49.300000000000004,3.21407157747807,2.114296856124475,0.21999999999999997,0.12820512820512842,13.715685133000001,2.947274923324585,1,94.3145523071289
49.300000000000004,3.21407157747807,2.114296856124475,0.21999999999999997,0.12820512820512842,13.715685133000001,2.947274923324585,1,94.3145523071289
49.300000000000004,3.2120960267129144,2.1143809428801705,0.21999999999999997,0.12820512820512842,13.712384733,2.947274923324585,1,94.3145523071289
49.300000000000004,3.2120960267129144,2.1143809428801705,0.21999999999999997,0.12820512820512842,13.712384733,2.947274923324585,1,94.3145523071289
49.300000000000004,3.2120960267129144,2.1143809428801705,0.21999999999999997,0.12820512820512842,13.712384733,2.947274923324585,1,94.3145523071289
49.300000000000004,3.2057818906539035,2.1175963386565364,0.21999999999999997,0.12820512820512842,13.712384733,2.947274923324585,1,94.3145523071289
49.300000000000004,3.2057818906539035,2.1175963386565364,0.21999999999999997,0.12820512820512842,13.707534652,2.947274923324585,1,94.3145523071289
49.300000000000004,3.2057818906539035,2.1175963386565364,0.21999999999999997,0.12820512820512842,13.707534652,2.947274923324585,1,94.3145523071289
49.300000000000004,3.2057818906539035,2.1175963386565364,0.21999999999999997,0.02564102564102587,13.707534652,2.947274923324585,1,94.3145523071289
49.400000000000006,3.1991339237010674,2.1210021678603797,0.21999999999999997,0.02564102564102587,13.705347509,2.947274923324585,1,94.3145523071289
49.400000000000006,3.1991339237010674,2.1210021678603797,0.21999999999999997,0.02564102564102587,13.705347509,2.947274923324585,1,94.3145523071289
49.400000000000006,3.1991339237010674,2.1210021678603797,0.21999999999999997,0.02564102564102587,13.705347509,2.947274923324585,1,94.3145523071289
49.400000000000006,3.1991339237010674,2.1210021678603797,0.21999999999999997,0.02564102564102587,13.705347509,2.947274923324585,1,94.3145523071289
49.400000000000006,3.19246394554631,2.124375682944904,0.21999999999999997,0.02564102564102587,13.701002457,2.947274923324585,1,94.3145523071289
49.400000000000006,3.19246394554631,2.124375682944904,0.21999999999999997,0.02564102564102587,13.701002457,2.947274923324585,1,94.3145523071289
49.400000000000006,3.19246394554631,2.124375682944904,0.21999999999999997,0.02564102564102587,13.701002457,2.947274923324585,1,94.3145523071289
49.400000000000006,3.19246394554631,2.124375682944904,0.21999999999999997,0.02564102564102587,13.701002457,2.947274923324585,1,94.3145523071289
49.400000000000006,3.1857863636355055,2.127752447799876,0.21999999999999997,0.02564102564102587,13.463032309,2.8972747325897217,1,94.3145523071289
49.400000000000006,3.1857863636355055,2.127752447799876,0.21999999999999997,0.02564102564102587,13.463032309,2.8972747325897217,1,94.3145523071289
49.400000000000006,3.1857863636355055,2.127752447799876,0.20842105263157892,0.02564102564102587,13.463032309,2.8972747325897217,1,94.3145523071289
49.5,3.1791163928372255,2.1311348598901563,0.20842105263157892,0.02564102564102587,13.447098893,2.8972747325897217,1,94.3145523071289
49.5,3.1791163928372255,2.1311348598901563,0.20842105263157892,0.02564102564102587,13.447098893,2.8972747325897217,1,94.23541259765625
49.5,3.1791163928372255,2.1311348598901563,0.20842105263157892,0.02564102564102587,13.447098893,2.8972747325897217,1,94.23541259765625
49.5,3.1791163928372255,2.1311348598901563,0.20842105263157892,0.02564102564102587,13.447098893,2.8972747325897217,1,94.23541259765625
49.5,3.1728668070741253,2.134284501124335,0.20842105263157892,0.02564102564102587,13.542737025,2.8972747325897217,1,94.23541259765625
49.5,3.1728668070741253,2.134284501124335,0.20842105263157892,0.02564102564102587,13.542737025,2.8972747325897217,1,94.23541259765625
49.5,3.1728668070741253,2.134284501124335,0.20842105263157892,0.02564102564102587,13.542737025,2.8972747325897217,1,94.23541259765625
49.5,3.1728668070741253,2.134284501124335,0.20842105263157892,0.02564102564102587,13.542737025,2.8972747325897217,1,94.23541259765625
49.5,3.166529883256657,2.1374337372025924,0.21999999999999997,0.07692307692307715,0.0,0.0,2,94.23541259765625
49.5,3.166529883256657,2.1374337372025924,0.21999999999999997,0.07692307692307715,0.0,0.0,2,94.23541259765625
49.5,3.166529883256657,2.1374337372025924,0.21999999999999997,0.07692307692307715,0.0,0.0,2,94.23541259765625
49.5,3.166529883256657,2.1374337372025924,0.21999999999999997,0.07692307692307715,0.0,0.0,2,94.23541259765625
49.5,3.166529883256657,2.1374337372025924,0.21999999999999997,0.07692307692307715,0.0,0.0,2,94.23541259765625
49.6,3.1601777903421118,2.1405784028251453,0.21999999999999997,0.07692307692307715,0.0,0.0,2,94.23541259765625
49.6,3.1601777903421118,2.1405784028251453,0.21999999999999997,0.07692307692307715,0.0,0.0,2,94.23541259765625
49.6,3.1601777903421118,2.1405784028251453,0.21999999999999997,0.07692307692307715,0.0,0.0,2,94.23541259765625
49.6,3.1601777903421118,2.1405784028251453,0.21999999999999997,0.07692307692307715,0.0,0.0,2,94.23541259765625
49.6,3.1534812055415724,2.1439046847176213,0.21999999999999997,0.07692307692307715,0.0,0.0,2,94.23541259765625
49.6,3.1534812055415724,2.1439046847176213,0.14763157894736845,0.019230769230768913,0.0,0.0,2,94.23541259765625
49.6,3.1534812055415724,2.1439046847176213,0.14763157894736845,0.019230769230768913,0.0,0.0,2,94.23541259765625
49.6,3.1534812055415724,2.1439046847176213,0.14763157894736845,0.019230769230768913,0.0,0.0,2,94.23541259765625
49.6,3.1534812055415724,2.1439046847176213,0.14763157894736845,0.019230769230768913,0.0,0.0,2,94.23541259765625
49.6,3.1467816150828414,2.1472061841516914,0.14763157894736845,0.019230769230768913,0.0,0.0,2,94.23541259765625
49.6,3.1467816150828414,2.1472061841516914,0.14763157894736845,0.019230769230768913,0.0,0.0,2,94.23541259765625
49.7,3.1467816150828414,2.1472061841516914,0.14763157894736845,0.019230769230768913,0.0,0.0,2,94.23541259765625
49.7,3.1411002190043735,2.1499727036087055,0.14763157894736845,0.019230769230768913,0.0,0.0,2,94.23541259765625
49.7,3.1411002190043735,2.1499727036087055,0.14763157894736845,0.019230769230768913,0.0,0.0,2,94.23541259765625
49.7,3.1411002190043735,2.1499727036087055,0.14763157894736845,0.019230769230768913,0.0,0.0,2,94.23541259765625
49.7,3.1411002190043735,2.1499727036087055,0.14763157894736845,0.019230769230768913,0.0,0.0,2,94.23541259765625
49.7,3.1364372322596683,2.152231821552775,0.16500000000000004,0.09615384615384584,0.0,0.0,2,94.23541259765625
49.7,3.1364372322596683,2.152231821552775,0.16500000000000004,0.09615384615384584,0.0,0.0,2,94.23541259765625
49.7,3.1364372322596683,2.152231821552775,0.16500000000000004,0.09615384615384584,0.0,0.0,2,94.23541259765625
49.7,3.1364372322596683,2.152231821552775,0.16500000000000004,0.09615384615384584,0.0,0.0,2,94.23541259765625
49.7,3.131387644337681,2.1546674823554226,0.16500000000000004,0.09615384615384584,0.0,0.0,2,94.23541259765625
49.7,3.131387644337681,2.1546674823554226,0.16500000000000004,0.09615384615384584,0.0,0.0,2,94.23541259765625
49.7,3.131387644337681,2.1546674823554226,0.16500000000000004,0.09615384615384584,0.0,0.0,2,94.23541259765625
49.7,3.131387644337681,2.1546674823554226,0.16500000000000004,0.09615384615384584,0.0,0.0,2,94.23541259765625
49.800000000000004,3.131387644337681,2.1546674823554226,0.16500000000000004,0.09615384615384584,0.0,0.0,2,94.23541259765625
49.800000000000004,3.1263307022357183,2.1570817942745113,0.16500000000000004,0.09615384615384584,0.0,0.0,2,94.23541259765625
49.800000000000004,3.1263307022357183,2.1570817942745113,0.15631578947368424,0.09615384615384584,0.0,0.0,2,94.23541259765625
49.800000000000004,3.1263307022357183,2.1570817942745113,0.15631578947368424,0.09615384615384584,0.0,0.0,2,94.23541259765625
49.800000000000004,3.1212630389335816,2.1594763127210665,0.15631578947368424,0.09615384615384584,0.0,0.0,2,94.23541259765625
49.800000000000004,3.1212630389335816,2.1594763127210665,0.15631578947368424,0.09615384615384584,0.0,0.0,2,94.23541259765625
49.800000000000004,3.1212630389335816,2.1594763127210665,0.15631578947368424,0.09615384615384584,0.0,0.0,2,94.23541259765625
49.800000000000004,3.1164552507751173,2.161732571196748,0.15631578947368424,0.09615384615384584,0.0,0.0,2,94.23541259765625
49.800000000000004,3.1164552507751173,2.161732571196748,0.15631578947368424,0.09615384615384584,0.0,0.0,2,94.23541259765625
49.800000000000004,3.1164552507751173,2.161732571196748,0.15631578947368424,0.09615384615384584,0.0,0.0,2,94.23541259765625
49.900000000000006,3.1164552507751173,2.161732571196748,0.15631578947368424,0.09615384615384584,0.0,0.0,2,94.23541259765625
49.900000000000006,3.111643144229638,2.1639725957248124,0.14763157894736845,0.057692307692307376,0.0,0.0,2,94.23541259765625
49.900000000000006,3.111643144229638,2.1639725957248124,0.14763157894736845,0.057692307692307376,0.0,0.0,2,94.23541259765625
49.900000000000006,3.111643144229638,2.1639725957248124,0.14763157894736845,0.057692307692307376,0.0,0.0,2,94.23541259765625
49.900000000000006,3.111643144229638,2.1639725957248124,0.14763157894736845,0.057692307692307376,0.0,0.0,2,94.23541259765625
49.900000000000006,3.106823380229505,2.166195084896741,0.14763157894736845,0.057692307692307376,0.0,0.0,2,94.23541259765625
49.900000000000006,3.106823380229505,2.166195084896741,0.14763157894736845,0.057692307692307376,0.0,0.0,2,94.23541259765625
49.900000000000006,3.106823380229505,2.166195084896741,0.14763157894736845,0.057692307692307376,0.0,0.0,2,94.23541259765625
49.900000000000006,3.101996470697255,2.1684023980166414,0.14763157894736845,0.057692307692307376,0.0,0.0,2,94.23541259765625
49.900000000000006,3.101996470697255,2.1684023980166414,0.14763157894736845,0.057692307692307376,0.0,0.0,2,94.23541259765625
50.0,3.101996470697255,2.1684023980166414,0.14763157894736845,0.057692307692307376,0.0,0.0,2,94.1497573852539
50.0,3.101996470697255,2.1684023980166414,0.16500000000000004,0.09615384615384584,0.0,0.0,2,94.1497573852539
50.0,3.097431197686674,2.1704811513341626,0.16500000000000004,0.09615384615384584,0.0,0.0,2,94.1497573852539
50.0,3.097431197686674,2.1704811513341626,0.16500000000000004,0.09615384615384584,0.0,0.0,2,94.1497573852539
50.0,3.097431197686674,2.1704811513341626,0.16500000000000004,0.09615384615384584,0.0,0.0,2,94.1497573852539
50.0,3.097431197686674,2.1704811513341626,0.16500000000000004,0.09615384615384584,0.0,0.0,2,94.1497573852539
50.0,3.092060901353705,2.1729149078372316,0.16500000000000004,0.09615384615384584,0.0,0.0,2,94.1497573852539
50.0,3.092060901353705,2.1729149078372316,0.16500000000000004,0.09615384615384584,0.0,0.0,2,94.1497573852539
50.0,3.092060901353705,2.1729149078372316,0.16500000000000004,0.09615384615384584,0.0,0.0,2,94.1497573852539
50.0,3.092060901353705,2.1729149078372316,0.16500000000000004,0.09615384615384584,0.0,0.0,2,94.1497573852539
50.0,3.086951762354502,2.1752075626865306,0.16500000000000004,0.09615384615384584,0.0,0.0,2,94.1497573852539
50.0,3.086951762354502,2.1752075626865306,0.16500000000000004,0.09615384615384584,0.0,0.0,2,94.1497573852539
50.0,3.086951762354502,2.1752075626865306,0.15631578947368424,0.1346153846153843,0.0,0.0,2,94.1497573852539
50.1,3.086951762354502,2.1752075626865306,0.15631578947368424,0.1346153846153843,0.0,0.0,2,94.1497573852539
50.1,3.0818316586985723,2.1774804795379903,0.15631578947368424,0.1346153846153843,0.0,0.0,2,94.1497573852539
50.1,3.0818316586985723,2.1774804795379903,0.15631578947368424,0.1346153846153843,0.0,0.0,2,94.1497573852539
50.1,3.0818316586985723,2.1774804795379903,0.15631578947368424,0.1346153846153843,0.0,0.0,2,94.1497573852539
50.1,3.0767050372394515,2.179737293633089,0.15631578947368424,0.1346153846153843,0.0,0.0,2,94.1497573852539
50.1,3.0767050372394515,2.179737293633089,0.15631578947368424,0.1346153846153843,0.0,0.0,2,94.1497573852539
50.1,3.0767050372394515,2.179737293633089,0.15631578947368424,0.1346153846153843,0.0,0.0,2,94.1497573852539
50.1,3.0767050372394515,2.179737293633089,0.15631578947368424,0.1346153846153843,0.0,0.0,2,94.1497573852539
50.1,3.0718399673385663,2.181853443976427,0.15631578947368424,0.1346153846153843,0.0,0.0,2,94.1497573852539
50.1,3.0718399673385663,2.181853443976427,0.14763157894736845,0.057692307692307376,0.0,0.0,2,94.1497573852539
50.2,3.0718399673385663,2.181853443976427,0.14763157894736845,0.057692307692307376,0.0,0.0,2,94.1497573852539
50.2,3.0718399673385663,2.181853443976427,0.14763157894736845,0.057692307692307376,0.0,0.0,2,94.1497573852539
50.2,3.066962722731166,2.1839435301708043,0.14763157894736845,0.057692307692307376,0.0,0.0,2,94.1497573852539
50.2,3.066962722731166,2.1839435301708043,0.14763157894736845,0.057692307692307376,0.0,0.0,2,94.1497573852539
50.2,3.066962722731166,2.1839435301708043,0.14763157894736845,0.057692307692307376,0.0,0.0,2,94.1497573852539
50.2,3.066962722731166,2.1839435301708043,0.14763157894736845,0.057692307692307376,0.0,0.0,2,94.1497573852539
50.2,3.06207378376548,2.1860154356259547,0.14763157894736845,0.057692307692307376,17.191210936,2.7579140663146973,2,94.1497573852539
50.2,3.06207378376548,2.1860154356259547,0.14763157894736845,0.057692307692307376,17.191210936,2.7579140663146973,2,94.1497573852539
50.2,3.06207378376548,2.1860154356259547,0.16500000000000004,0.21769230769230738,17.191210936,2.7579140663146973,2,94.1497573852539
50.2,3.06207378376548,2.1860154356259547,0.16500000000000004,0.21769230769230738,17.191210936,2.7579140663146973,2,94.1497573852539
50.2,3.06207378376548,2.1860154356259547,0.16500000000000004,0.21769230769230738,17.191210936,2.7579140663146973,2,94.1497573852539
50.2,3.0574482121304487,2.1879681516633234,0.16500000000000004,0.21769230769230738,17.295434567,2.7579140663146973,2,94.1497573852539
50.2,3.0574482121304487,2.1879681516633234,0.16500000000000004,0.21769230769230738,17.295434567,2.7579140663146973,2,94.1497573852539
50.2,3.0574482121304487,2.1879681516633234,0.16500000000000004,0.21769230769230738,17.295434567,2.7579140663146973,2,94.1497573852539
50.300000000000004,3.0574482121304487,2.1879681516633234,0.16500000000000004,0.3776923076923074,17.295434567,2.7579140663146973,2,94.1497573852539
50.300000000000004,3.052013624935437,2.190249889771798,0.16500000000000004,0.3776923076923074,16.997644339,2.7579140663146973,2,94.1497573852539
50.300000000000004,3.052013624935437,2.190249889771798,0.16500000000000004,0.3776923076923074,16.997644339,2.7579140663146973,2,94.1497573852539
50.300000000000004,3.052013624935437,2.190249889771798,0.16500000000000004,0.3776923076923074,16.997644339,2.7579140663146973,2,94.1497573852539
50.300000000000004,3.052013624935437,2.190249889771798,0.16500000000000004,0.3776923076923074,16.997644339,2.7579140663146973,2,94.1497573852539
50.300000000000004,3.052013624935437,2.190249889771798,0.16500000000000004,0.44230769230769196,16.997644339,2.7579140663146973,2,94.1497573852539
50.300000000000004,3.046843749507972,2.1923638364490747,0.16500000000000004,0.44230769230769196,16.997644339,2.7579140663146973,2,94.1497573852539
50.300000000000004,3.046843749507972,2.1923638364490747,0.16500000000000004,0.44230769230769196,17.112227151,2.7579140663146973,2,94.1497573852539
50.300000000000004,3.046843749507972,2.1923638364490747,0.16500000000000004,0.44230769230769196,17.112227151,2.7579140663146973,2,94.1497573852539
50.300000000000004,3.046843749507972,2.1923638364490747,0.16500000000000004,0.44230769230769196,17.112227151,2.7579140663146973,2,94.1497573852539
50.300000000000004,3.046843749507972,2.1923638364490747,0.16500000000000004,0.44230769230769196,17.112227151,2.7579140663146973,2,94.1497573852539
50.300000000000004,3.0416465005600846,2.194388908375159,0.16500000000000004,0.44230769230769196,17.127382603,2.7579140663146973,2,94.1497573852539
50.400000000000006,3.0416465005600846,2.194388908375159,0.16500000000000004,0.44230769230769196,17.127382603,2.7579140663146973,2,94.1497573852539
50.400000000000006,3.0416465005600846,2.194388908375159,0.16500000000000004,0.44230769230769196,17.127382603,2.7579140663146973,2,94.1497573852539
50.400000000000006,3.036412704969937,2.196331463691695,0.16500000000000004,0.44230769230769196,17.127382603,2.7579140663146973,2,94.1497573852539
50.400000000000006,3.036412704969937,2.196331463691695,0.15631578947368424,0.4038461538461535,16.82982369,2.707913875579834,2,94.1497573852539
50.400000000000006,3.036412704969937,2.196331463691695,0.15631578947368424,0.4038461538461535,16.82982369,2.707913875579834,2,94.1497573852539
50.400000000000006,3.036412704969937,2.196331463691695,0.15631578947368424,0.4038461538461535,16.82982369,2.707913875579834,2,94.1497573852539
50.400000000000006,3.0311510220653672,2.1982014443744924,0.15631578947368424,0.4038461538461535,16.82982369,2.707913875579834,2,94.1497573852539
50.400000000000006,3.0311510220653672,2.1982014443744924,0.15631578947368424,0.4038461538461535,16.835406084,2.707913875579834,2,94.1497573852539
50.400000000000006,3.0311510220653672,2.1982014443744924,0.15631578947368424,0.4038461538461535,16.835406084,2.707913875579834,2,94.1497573852539
50.400000000000006,3.0311510220653672,2.1982014443744924,0.15631578947368424,0.4038461538461535,16.835406084,2.707913875579834,2,94.1497573852539
50.400000000000006,3.0261427118256203,2.1999022772877037,0.15631578947368424,0.4038461538461535,16.843658650000002,2.707913875579834,2,94.1497573852539
50.400000000000006,3.0261427118256203,2.1999022772877037,0.15631578947368424,0.4038461538461535,16.843658650000002,2.707913875579834,2,94.1497573852539
50.5,3.0261427118256203,2.1999022772877037,0.14763157894736845,0.3653846153846151,16.843658650000002,2.707913875579834,2,94.06761932373047
50.5,3.0261427118256203,2.1999022772877037,0.14763157894736845,0.3653846153846151,16.843658650000002,2.707913875579834,2,94.06761932373047
50.5,3.0211100685282712,2.2015403257862194,0.14763157894736845,0.3653846153846151,16.852626163,2.707913875579834,2,94.06761932373047
50.5,3.0211100685282712,2.2015403257862194,0.14763157894736845,0.3653846153846151,16.852626163,2.707913875579834,2,94.06761932373047
50.5,3.0211100685282712,2.2015403257862194,0.14763157894736845,0.3653846153846151,16.852626163,2.707913875579834,2,94.06761932373047
50.5,3.0163399028051403,2.203029425091669,0.14763157894736845,0.3653846153846151,16.852626163,2.707913875579834,2,94.06761932373047
50.5,3.0163399028051403,2.203029425091669,0.14763157894736845,0.3653846153846151,16.966754249,2.707913875579834,2,94.06761932373047
50.5,3.0163399028051403,2.203029425091669,0.14763157894736845,0.3653846153846151,16.966754249,2.707913875579834,2,94.06761932373047
50.5,3.0163399028051403,2.203029425091669,0.14763157894736845,0.3653846153846151,16.966754249,2.707913875579834,2,94.06761932373047
50.5,3.0115512858596016,2.204464105600367,0.14763157894736845,0.3653846153846151,16.977639539000002,2.707913875579834,2,94.06761932373047
50.5,3.0115512858596016,2.204464105600367,0.16500000000000004,0.3653846153846151,16.977639539000002,2.707913875579834,2,94.06761932373047
50.6,3.0115512858596016,2.204464105600367,0.16500000000000004,0.3653846153846151,16.977639539000002,2.707913875579834,2,94.06761932373047
50.6,3.0115512858596016,2.204464105600367,0.16500000000000004,0.3653846153846151,16.977639539000002,2.707913875579834,2,94.06761932373047
50.6,3.006749034952794,2.2058416374182874,0.16500000000000004,0.3653846153846151,17.284669497,2.707913875579834,2,94.06761932373047
50.6,3.006749034952794,2.2058416374182874,0.16500000000000004,0.3653846153846151,17.284669497,2.707913875579834,2,94.06761932373047
50.6,3.006749034952794,2.2058416374182874,0.16500000000000004,0.3653846153846151,17.284669497,2.707913875579834,2,94.06761932373047
50.6,3.001361144441538,2.207313505856698,0.16500000000000004,0.3653846153846151,17.284669497,2.707913875579834,2,94.06761932373047
50.6,3.001361144441538,2.207313505856698,0.16500000000000004,0.3653846153846151,17.284896839,2.707913875579834,2,94.06761932373047
50.6,3.001361144441538,2.207313505856698,0.16500000000000004,0.3653846153846151,17.284896839,2.707913875579834,2,94.06761932373047
50.6,3.001361144441538,2.207313505856698,0.16500000000000004,0.3653846153846151,17.284896839,2.707913875579834,2,94.06761932373047
50.6,2.995953359563347,2.208726305643341,0.16500000000000004,0.3653846153846151,17.284896839,2.707913875579834,2,94.06761932373047
50.6,2.995953359563347,2.208726305643341,0.16500000000000004,0.3653846153846151,17.285978866,2.707913875579834,2,94.06761932373047
50.7,2.995953359563347,2.208726305643341,0.16500000000000004,0.3653846153846151,17.285978866,2.707913875579834,2,94.06761932373047
50.7,2.995953359563347,2.208726305643341,0.16500000000000004,0.3653846153846151,17.285978866,2.707913875579834,2,94.06761932373047
50.7,2.990533757381125,2.2100763682029827,0.16500000000000004,0.3653846153846151,17.289636541,2.707913875579834,2,94.06761932373047
50.7,2.990533757381125,2.2100763682029827,0.16500000000000004,0.3653846153846151,17.289636541,2.707913875579834,2,94.06761932373047
50.7,2.990533757381125,2.2100763682029827,0.16500000000000004,0.3653846153846151,17.289636541,2.707913875579834,2,94.06761932373047
50.7,2.990533757381125,2.2100763682029827,0.16500000000000004,0.3653846153846151,17.289636541,2.707913875579834,2,94.06761932373047
50.7,2.9861909683903938,2.211542398837522,0.16500000000000004,0.3653846153846151,17.289636541,2.707913875579834,2,94.06761932373047
50.7,2.9861909683903938,2.211542398837522,0.16500000000000004,0.3653846153846151,16.971665695,2.65791392326355,2,94.06761932373047
50.7,2.9861909683903938,2.211542398837522,0.16500000000000004,0.3653846153846151,16.971665695,2.65791392326355,2,94.06761932373047
50.7,2.9822234915011747,2.2130103578805147,0.14763157894736845,0.32692307692307665,16.873520481,2.65791392326355,2,94.06761932373047
50.800000000000004,2.9822234915011747,2.2130103578805147,0.14763157894736845,0.32692307692307665,16.873520481,2.65791392326355,2,94.06761932373047
50.800000000000004,2.9822234915011747,2.2130103578805147,0.14763157894736845,0.32692307692307665,16.873520481,2.65791392326355,2,94.06761932373047
50.800000000000004,2.9788161281184378,2.2142990070725137,0.14763157894736845,0.32692307692307665,16.873520481,2.65791392326355,2,94.06761932373047
50.800000000000004,2.9788161281184378,2.2142990070725137,0.14763157894736845,0.32692307692307665,16.972924181,2.65791392326355,2,94.06761932373047
50.800000000000004,2.9788161281184378,2.2142990070725137,0.14763157894736845,0.32692307692307665,16.972924181,2.65791392326355,2,94.06761932373047
50.800000000000004,2.9788161281184378,2.2142990070725137,0.14763157894736845,0.32692307692307665,16.972924181,2.65791392326355,2,94.06761932373047
50.800000000000004,2.9753975971989006,2.2155442618927528,0.14763157894736845,0.32692307692307665,16.971531133,2.65791392326355,2,94.06761932373047
50.800000000000004,2.9753975971989006,2.2155442618927528,0.14763157894736845,0.32692307692307665,16.971531133,2.65791392326355,2,94.06761932373047
50.800000000000004,2.9753975971989006,2.2155442618927528,0.14763157894736845,0.32692307692307665,16.971531133,2.65791392326355,2,94.06761932373047
50.800000000000004,2.9753975971989006,2.2155442618927528,0.13894736842105265,0.32692307692307665,16.971531133,2.65791392326355,2,94.06761932373047
50.900000000000006,2.9719737827545316,2.216741131759571,0.13894736842105265,0.32692307692307665,16.973598762,2.65791392326355,2,94.06761932373047
50.900000000000006,2.9719737827545316,2.216741131759571,0.13894736842105265,0.32692307692307665,16.973598762,2.65791392326355,2,94.06761932373047
50.900000000000006,2.9719737827545316,2.216741131759571,0.13894736842105265,0.32692307692307665,16.973598762,2.65791392326355,2,94.06761932373047
50.900000000000006,2.9688302712412895,2.2178289068967807,0.13894736842105265,0.32692307692307665,17.081785394,2.65791392326355,2,94.06761932373047
50.900000000000006,2.9688302712412895,2.2178289068967807,0.13894736842105265,0.32692307692307665,17.081785394,2.65791392326355,2,94.06761932373047
50.900000000000006,2.9688302712412895,2.2178289068967807,0.13894736842105265,0.32692307692307665,17.081785394,2.65791392326355,2,94.06761932373047
50.900000000000006,2.9688302712412895,2.2178289068967807,0.13894736842105265,0.32692307692307665,17.081785394,2.65791392326355,2,94.06761932373047
50.900000000000006,2.9644068639496246,2.218642709194923,0.13894736842105265,0.32692307692307665,17.400033352,2.65791392326355,2,94.06761932373047
50.900000000000006,2.9644068639496246,2.218642709194923,0.13894736842105265,0.32692307692307665,17.400033352,2.65791392326355,2,94.06761932373047
50.900000000000006,2.9644068639496246,2.218642709194923,0.16500000000000004,0.28846153846153816,17.400033352,2.65791392326355,2,94.06761932373047
50.900000000000006,2.9644068639496246,2.218642709194923,0.16500000000000004,0.28846153846153816,17.400033352,2.65791392326355,2,94.06761932373047
51.0,2.9597579362898525,2.219368665672124,0.16500000000000004,0.28846153846153816,17.731635711,2.65791392326355,2,93.99844360351562
51.0,2.9597579362898525,2.219368665672124,0.16500000000000004,0.28846153846153816,17.731635711,2.65791392326355,2,93.99844360351562
51.0,2.9597579362898525,2.219368665672124,0.16500000000000004,0.28846153846153816,17.731635711,2.65791392326355,2,93.99844360351562
51.0,2.9539343612988738,2.220214542124406,0.16500000000000004,0.28846153846153816,17.610072789,2.65791392326355,2,93.99844360351562
51.0,2.9539343612988738,2.220214542124406,0.16500000000000004,0.28846153846153816,17.610072789,2.65791392326355,2,93.99844360351562
51.0,2.9539343612988738,2.220214542124406,0.16500000000000004,0.28846153846153816,17.610072789,2.65791392326355,2,93.99844360351562
51.0,2.9539343612988738,2.220214542124406,0.16500000000000004,0.28846153846153816,17.610072789,2.65791392326355,2,93.99844360351562
51.0,2.9483913320269384,2.2209717110738985,0.15631578947368424,0.2499999999999997,17.611728866,2.65791392326355,2,93.99844360351562
51.0,2.9483913320269384,2.2209717110738985,0.15631578947368424,0.2499999999999997,17.611728866,2.65791392326355,2,93.99844360351562
51.0,2.9483913320269384,2.2209717110738985,0.15631578947368424,0.2499999999999997,17.611728866,2.65791392326355,2,93.99844360351562
51.1,2.94284665143266,2.2216813466636713,0.15631578947368424,0.2499999999999997,17.615060989,2.65791392326355,2,93.99844360351562
51.1,2.94284665143266,2.2216813466636713,0.15631578947368424,0.2499999999999997,17.615060989,2.65791392326355,2,93.99844360351562
51.1,2.94284665143266,2.2216813466636713,0.15631578947368424,0.2499999999999997,17.615060989,2.65791392326355,2,93.99844360351562
51.1,2.94284665143266,2.2216813466636713,0.15631578947368424,0.2499999999999997,17.615060989,2.65791392326355,2,93.99844360351562
51.1,2.9375876871118547,2.222298544604678,0.15631578947368424,0.2499999999999997,17.615060989,2.65791392326355,2,93.99844360351562
51.1,2.9375876871118547,2.222298544604678,0.15631578947368424,0.2499999999999997,17.178806315,2.6079139709472656,2,93.99844360351562
51.1,2.9375876871118547,2.222298544604678,0.15631578947368424,0.2499999999999997,17.178806315,2.6079139709472656,2,93.99844360351562
51.1,2.9375876871118547,2.222298544604678,0.14763157894736845,0.2499999999999997,17.178806315,2.6079139709472656,2,93.99844360351562
51.1,2.9323188179191115,2.2228697945086933,0.14763157894736845,0.2499999999999997,0.0,0.0,3,93.99844360351562
51.1,2.9323188179191115,2.2228697945086933,0.14763157894736845,0.2499999999999997,0.0,0.0,3,93.99844360351562
51.1,2.9323188179191115,2.2228697945086933,0.14763157894736845,0.2499999999999997,0.0,0.0,3,93.99844360351562
51.1,2.9323188179191115,2.2228697945086933,0.14763157894736845,0.2499999999999997,0.0,0.0,3,93.99844360351562
51.2,2.927339050177143,2.223373111574953,0.14763157894736845,0.2499999999999997,0.0,0.0,3,93.99844360351562
51.2,2.927339050177143,2.223373111574953,0.14763157894736845,0.2499999999999997,0.0,0.0,3,93.99844360351562
51.2,2.927339050177143,2.223373111574953,0.14763157894736845,0.2499999999999997,0.0,0.0,3,93.99844360351562
51.2,2.927339050177143,2.223373111574953,0.14763157894736845,0.2499999999999997,0.0,0.0,3,93.99844360351562
51.2,2.9223577658588695,2.2238333651907873,0.14763157894736845,0.2499999999999997,0.0,0.0,3,93.99844360351562
51.2,2.9223577658588695,2.2238333651907873,0.14763157894736845,0.2499999999999997,0.0,0.0,3,93.99844360351562
51.2,2.9223577658588695,2.2238333651907873,0.13894736842105265,0.21153846153846123,0.0,0.0,3,93.99844360351562
51.2,2.9223577658588695,2.2238333651907873,0.13894736842105265,0.21153846153846123,0.0,0.0,3,93.99844360351562
51.2,2.9173711849734048,2.2242482921655258,0.13894736842105265,0.21153846153846123,0.0,0.0,3,93.99844360351562
51.2,2.9173711849734048,2.2242482921655258,0.13894736842105265,0.21153846153846123,0.0,0.0,3,93.99844360351562
51.2,2.9173711849734048,2.2242482921655258,0.13894736842105265,0.21153846153846123,0.0,0.0,3,93.99844360351562
51.300000000000004,2.9173711849734048,2.2242482921655258,0.13894736842105265,0.21153846153846123,0.0,0.0,3,93.99844360351562
51.300000000000004,2.9123780615262005,2.2246234702196137,0.13894736842105265,0.21153846153846123,0.0,0.0,3,93.99844360351562
51.300000000000004,2.9123780615262005,2.2246234702196137,0.13894736842105265,0.21153846153846123,0.0,0.0,3,93.99844360351562
51.300000000000004,2.9123780615262005,2.2246234702196137,0.13894736842105265,0.21153846153846123,0.0,0.0,3,93.99844360351562
51.300000000000004,2.9076749479204853,2.2249451735114714,0.13894736842105265,0.21153846153846123,0.0,0.0,3,93.99844360351562
51.300000000000004,2.9076749479204853,2.2249451735114714,0.16500000000000004,0.21153846153846123,0.0,0.0,3,93.99844360351562
51.300000000000004,2.9076749479204853,2.2249451735114714,0.16500000000000004,0.21153846153846123,0.0,0.0,3,93.99844360351562
51.300000000000004,2.9076749479204853,2.2249451735114714,0.16500000000000004,0.21153846153846123,0.0,0.0,3,93.99844360351562
51.300000000000004,2.9029716304494766,2.22523479531661,0.16500000000000004,0.21153846153846123,0.0,0.0,3,93.99844360351562
51.300000000000004,2.9029716304494766,2.22523479531661,0.16500000000000004,0.21153846153846123,0.0,0.0,3,93.99844360351562
51.300000000000004,2.9029716304494766,2.22523479531661,0.16500000000000004,0.21153846153846123,0.0,0.0,3,93.99844360351562
51.400000000000006,2.8970898423518987,2.2255519102453185,0.16500000000000004,0.21153846153846123,0.0,0.0,3,93.99844360351562
51.400000000000006,2.8970898423518987,2.2255519102453185,0.16500000000000004,0.21153846153846123,0.0,0.0,3,93.99844360351562
51.400000000000006,2.8970898423518987,2.2255519102453185,0.16500000000000004,0.21153846153846123,0.0,0.0,3,93.99844360351562
51.400000000000006,2.8970898423518987,2.2255519102453185,0.14763157894736845,0.17307692307692277,0.0,0.0,3,93.99844360351562
51.400000000000006,2.891499402719493,2.2258132273967557,0.14763157894736845,0.17307692307692277,0.0,0.0,3,93.99844360351562
51.400000000000006,2.891499402719493,2.2258132273967557,0.14763157894736845,0.17307692307692277,0.0,0.0,3,93.99844360351562
51.400000000000006,2.891499402719493,2.2258132273967557,0.14763157894736845,0.17307692307692277,0.0,0.0,3,93.99844360351562
51.400000000000006,2.891499402719493,2.2258132273967557,0.14763157894736845,0.17307692307692277,0.0,0.0,3,93.99844360351562
51.400000000000006,2.8861997970594473,2.226025304746838,0.14763157894736845,0.17307692307692277,0.0,0.0,3,93.99844360351562
51.400000000000006,2.8861997970594473,2.226025304746838,0.14763157894736845,0.17307692307692277,0.0,0.0,3,93.99844360351562
51.400000000000006,2.8861997970594473,2.226025304746838,0.14763157894736845,0.17307692307692277,0.0,0.0,3,93.99844360351562
51.5,2.8861997970594473,2.226025304746838,0.14763157894736845,0.17307692307692277,0.0,0.0,3,93.9245834350586
51.5,2.8811924195164273,2.226196859967942,0.14763157894736845,0.17307692307692277,0.0,0.0,3,93.9245834350586
51.5,2.8811924195164273,2.226196859967942,0.14763157894736845,0.17307692307692277,0.0,0.0,3,93.9245834350586
51.5,2.8811924195164273,2.226196859967942,0.14763157894736845,0.17307692307692277,0.0,0.0,3,93.9245834350586
51.5,2.8761853305742666,2.2263412034730274,0.14763157894736845,0.17307692307692277,0.0,0.0,3,93.9245834350586
51.5,2.8761853305742666,2.2263412034730274,0.14763157894736845,0.17307692307692277,0.0,0.0,3,93.9245834350586
51.5,2.8761853305742666,2.2263412034730274,0.14763157894736845,0.17307692307692277,0.0,0.0,3,93.9245834350586
51.5,2.87117840703225,2.2264549029806155,0.14763157894736845,0.17307692307692277,0.0,0.0,3,93.9245834350586
51.5,2.87117840703225,2.2264549029806155,0.14763157894736845,0.17307692307692277,0.0,0.0,3,93.9245834350586
51.5,2.87117840703225,2.2264549029806155,0.14763157894736845,0.17307692307692277,0.0,0.0,3,93.9245834350586
51.5,2.87117840703225,2.2264549029806155,0.14763157894736845,0.17307692307692277,0.0,0.0,3,93.9245834350586
51.6,2.8661703706833763,2.2265381856675472,0.14763157894736845,0.17307692307692277,0.0,0.0,3,93.9245834350586
51.6,2.8661703706833763,2.2265381856675472,0.16500000000000004,0.1346153846153843,0.0,0.0,3,93.9245834350586
51.6,2.8661703706833763,2.2265381856675472,0.16500000000000004,0.1346153846153843,0.0,0.0,3,93.9245834350586
51.6,2.8661703706833763,2.2265381856675472,0.16500000000000004,0.1346153846153843,0.0,0.0,3,93.9245834350586
51.6,2.8611616757911875,2.2265927519142275,0.16500000000000004,0.1346153846153843,0.0,0.0,3,93.9245834350586
51.6,2.8611616757911875,2.2265927519142275,0.16500000000000004,0.1346153846153843,0.0,0.0,3,93.9245834350586
51.6,2.8611616757911875,2.2265927519142275,0.16500000000000004,0.1346153846153843,0.0,0.0,3,93.9245834350586
51.6,2.8552677672223616,2.226623746619279,0.16500000000000004,0.1346153846153843,0.0,0.0,3,93.9245834350586
51.6,2.8552677672223616,2.226623746619279,0.16500000000000004,0.1346153846153843,0.0,0.0,3,93.9245834350586
51.6,2.8552677672223616,2.226623746619279,0.16500000000000004,0.1346153846153843,0.0,0.0,3,93.9245834350586
51.7,2.8552677672223616,2.226623746619279,0.16500000000000004,0.1346153846153843,0.0,0.0,3,93.9245834350586
51.7,2.8496659021151904,2.22662801080589,0.15631578947368424,0.1346153846153843,0.0,0.0,3,93.9245834350586
51.7,2.8496659021151904,2.22662801080589,0.15631578947368424,0.1346153846153843,0.0,0.0,3,93.9245834350586
51.7,2.8496659021151904,2.22662801080589,0.15631578947368424,0.1346153846153843,0.0,0.0,3,93.9245834350586
51.7,2.845013262753903,2.22698273254909,0.15631578947368424,0.1346153846153843,0.0,0.0,3,93.9245834350586
51.7,2.845013262753903,2.22698273254909,0.15631578947368424,0.1346153846153843,0.0,0.0,3,93.9245834350586
51.7,2.845013262753903,2.22698273254909,0.15631578947368424,0.1346153846153843,0.0,0.0,3,93.9245834350586
51.7,2.845013262753903,2.22698273254909,0.15631578947368424,0.1346153846153843,0.0,0.0,3,93.9245834350586
51.7,2.842637814536327,2.228099670733234,0.15631578947368424,0.1346153846153843,0.0,0.0,3,93.9245834350586
51.7,2.842637814536327,2.228099670733234,0.15631578947368424,0.1346153846153843,0.0,0.0,3,93.9245834350586
51.800000000000004,2.842637814536327,2.228099670733234,0.15631578947368424,0.1346153846153843,0.0,0.0,3,93.9245834350586
51.800000000000004,2.840260349708201,2.229201024332011,0.14763157894736845,0.09615384615384584,0.0,0.0,3,93.9245834350586
51.800000000000004,2.840260349708201,2.229201024332011,0.14763157894736845,0.09615384615384584,0.0,0.0,3,93.9245834350586
51.800000000000004,2.840260349708201,2.229201024332011,0.14763157894736845,0.09615384615384584,0.0,0.0,3,93.9245834350586
51.800000000000004,2.840260349708201,2.229201024332011,0.14763157894736845,0.09615384615384584,0.0,0.0,3,93.9245834350586
51.800000000000004,2.840260349708201,2.229201024332011,0.14763157894736845,0.09615384615384584,0.0,0.0,3,93.9245834350586
51.800000000000004,2.8375843612945095,2.2302862456896477,0.14763157894736845,0.09615384615384584,0.0,0.0,3,93.9245834350586
51.800000000000004,2.8375843612945095,2.2302862456896477,0.14763157894736845,0.09615384615384584,0.0,0.0,3,93.9245834350586
51.800000000000004,2.8375843612945095,2.2302862456896477,0.14763157894736845,0.09615384615384584,0.0,0.0,3,93.9245834350586
51.800000000000004,2.8354939152796077,2.2313745154239877,0.14763157894736845,0.09615384615384584,0.0,0.0,3,93.9245834350586
51.800000000000004,2.8354939152796077,2.2313745154239877,0.14763157894736845,0.09615384615384584,0.0,0.0,3,93.9245834350586
51.900000000000006,2.8354939152796077,2.2313745154239877,0.14763157894736845,0.09615384615384584,0.0,0.0,3,93.9245834350586
51.900000000000006,2.8354939152796077,2.2313745154239877,0.16500000000000004,0.09615384615384584,0.0,0.0,3,93.9245834350586
51.900000000000006,2.8334039789390966,2.2324580788501143,0.16500000000000004,0.09615384615384584,0.0,0.0,3,93.9245834350586
51.900000000000006,2.8334039789390966,2.2324580788501143,0.16500000000000004,0.09615384615384584,0.0,0.0,3,93.9245834350586
51.900000000000006,2.8334039789390966,2.2324580788501143,0.16500000000000004,0.09615384615384584,0.0,0.0,3,93.9245834350586
51.900000000000006,2.8334039789390966,2.2324580788501143,0.16500000000000004,0.09615384615384584,0.0,0.0,3,93.9245834350586
51.900000000000006,2.829435420815217,2.2330043374122974,0.16500000000000004,0.09615384615384584,0.0,0.0,3,93.9245834350586
51.900000000000006,2.829435420815217,2.2330043374122974,0.16500000000000004,0.09615384615384584,0.0,0.0,3,93.9245834350586
51.900000000000006,2.829435420815217,2.2330043374122974,0.16500000000000004,0.09615384615384584,0.0,0.0,3,93.9245834350586
51.900000000000006,2.8238323598898054,2.2328776559648316,0.16500000000000004,0.09615384615384584,0.0,0.0,3,93.9245834350586
51.900000000000006,2.8238323598898054,2.2328776559648316,0.15631578947368424,0.09615384615384584,0.0,0.0,3,93.9245834350586
52.0,2.8238323598898054,2.2328776559648316,0.15631578947368424,0.09615384615384584,0.0,0.0,3,93.9245834350586
52.0,2.8238323598898054,2.2328776559648316,0.15631578947368424,0.09615384615384584,0.0,0.0,3,93.8618392944336
52.0,2.8182298012910896,2.232733669866219,0.15631578947368424,0.09615384615384584,0.0,0.0,3,93.8618392944336
52.0,2.8182298012910896,2.232733669866219,0.15631578947368424,0.09615384615384584,0.0,0.0,3,93.8618392944336
52.0,2.8182298012910896,2.232733669866219,0.15631578947368424,0.09615384615384584,0.0,0.0,3,93.8618392944336
52.0,2.8182298012910896,2.232733669866219,0.15631578947368424,0.09615384615384584,0.0,0.0,3,93.8618392944336
52.0,2.8129229567540435,2.2325802446296152,0.15631578947368424,0.09615384615384584,0.0,0.0,3,93.8618392944336
52.0,2.8129229567540435,2.2325802446296152,0.15631578947368424,0.09615384615384584,0.0,0.0,3,93.8618392944336
52.0,2.8076171590548737,2.232408660513844,0.14763157894736845,0.057692307692307376,0.0,0.0,5,93.8618392944336
52.0,2.8076171590548737,2.232408660513844,0.14763157894736845,0.057692307692307376,0.0,0.0,5,93.8618392944336
52.1,2.8076171590548737,2.232408660513844,0.14763157894736845,0.057692307692307376,0.0,0.0,5,93.8618392944336
52.1,2.802310370063326,2.232220696790775,0.14763157894736845,0.057692307692307376,0.0,0.0,5,93.8618392944336
52.1,2.802310370063326,2.232220696790775,0.14763157894736845,0.057692307692307376,0.0,0.0,5,93.8618392944336
52.1,2.802310370063326,2.232220696790775,0.14763157894736845,0.057692307692307376,0.0,0.0,5,93.8618392944336
52.1,2.802310370063326,2.232220696790775,0.14763157894736845,0.057692307692307376,0.0,0.0,5,93.8618392944336
52.1,2.797296157976467,2.2320343869955472,0.14763157894736845,0.057692307692307376,0.0,0.0,5,93.8618392944336
52.1,2.797296157976467,2.2320343869955472,0.14763157894736845,0.057692307692307376,0.0,0.0,5,93.8618392944336
52.1,2.797296157976467,2.2320343869955472,0.022631578947368447,0.0,0.0,0.0,5,93.8618392944336
52.1,2.797296157976467,2.2320343869955472,0.022631578947368447,0.0,0.0,0.0,5,93.8618392944336
52.1,2.7922837596527303,2.231840682407591,0.022631578947368447,0.0,0.0,0.0,5,93.8618392944336
52.1,2.7922837596527303,2.231840682407591,0.022631578947368447,0.0,0.0,0.0,5,93.8618392944336
52.2,2.7922837596527303,2.231840682407591,0.022631578947368447,0.0,0.0,0.0,5,93.8618392944336
52.2,2.7922837596527303,2.231840682407591,0.0,0.0,0.0,0.0,5,93.8618392944336
52.2,2.7922837596527303,2.231840682407591,0.0,0.0,0.0,0.0,5,93.8618392944336
52.2,2.7881314761678926,2.2316709490075457,0.0,0.0,0.0,0.0,5,93.8618392944336
52.2,2.7881314761678926,2.2316709490075457,0.0,0.0,0.0,0.0,5,93.8618392944336
52.2,2.7881314761678926,2.2316709490075457,0.0,0.0,0.0,0.0,5,93.8618392944336
52.2,2.785132006051194,2.231541810914556,0.0,0.0,0.0,0.0,5,93.8618392944336
52.2,2.785132006051194,2.231541810914556,0.0,0.0,0.0,0.0,5,93.8618392944336
52.2,2.785132006051194,2.231541810914556,0.0,0.0,0.0,0.0,5,93.8618392944336
52.2,2.785132006051194,2.231541810914556,0.0,0.0,0.0,0.0,5,93.8618392944336
52.2,2.7832865568863934,2.2314587911264576,0.0,0.0,0.0,0.0,5,93.8618392944336
52.300000000000004,2.7832865568863934,2.2314587911264576,0.0,0.0,0.0,0.0,5,93.8618392944336
52.300000000000004,2.7832865568863934,2.2314587911264576,0.0,0.0,0.0,0.0,5,93.8618392944336
52.300000000000004,2.7825960389600124,2.231426086614488,0.0,0.0,0.0,0.0,5,93.8618392944336
52.300000000000004,2.7825960389600124,2.231426086614488,0.0,0.0,0.0,0.0,5,93.8618392944336
52.300000000000004,2.7825960389600124,2.231426086614488,0.0,0.0,0.0,0.0,5,93.8618392944336
52.300000000000004,2.7825960389600124,2.231426086614488,0.0,0.0,0.0,0.0,5,93.8618392944336
52.300000000000004,2.7825946753239528,2.231425319691983,0.0,0.0,0.0,0.0,5,93.8618392944336
52.300000000000004,2.7825946753239528,2.231425319691983,0.0,0.0,0.0,0.0,5,93.8618392944336
52.300000000000004,2.7825946753239528,2.231425319691983,0.0,0.0,0.0,0.0,5,93.8618392944336
52.300000000000004,2.7825918835062557,2.231424110918354,0.0,0.0,0.0,0.0,5,93.8618392944336
52.400000000000006,2.7825918835062557,2.231424110918354,0.0,0.0,0.0,0.0,5,93.8618392944336
52.400000000000006,2.7825918835062557,2.231424110918354,0.0,0.0,0.0,0.0,5,93.8618392944336
52.400000000000006,2.7825918835062557,2.231424110918354,0.0,0.0,0.0,0.0,5,93.8618392944336
52.400000000000006,2.782592798462189,2.231423058479075,0.0,0.0,0.0,0.0,5,93.8618392944336
52.400000000000006,2.782592798462189,2.231423058479075,0.0,0.0,0.0,0.0,5,93.8618392944336
52.400000000000006,2.782592798462189,2.231423058479075,0.0,0.0,0.0,0.0,5,93.8618392944336
52.400000000000006,2.782592798462189,2.231423058479075,0.0,0.0,0.0,0.0,5,93.8618392944336
52.400000000000006,2.7825976273174464,2.2314221778531764,0.0,0.0,0.0,0.0,5,93.8618392944336
52.400000000000006,2.7825976273174464,2.2314221778531764,0.0,0.0,0.0,0.0,5,93.8618392944336
52.400000000000006,2.7825976273174464,2.2314221778531764,0.0,0.0,0.0,0.0,5,93.8618392944336
52.400000000000006,2.7826025299071953,2.2314212719200874,0.0,0.0,0.0,0.0,5,93.8618392944336
52.5,2.7826025299071953,2.2314212719200874,0.0,0.0,0.0,0.0,5,93.82058715820312
52.5,2.7826025299071953,2.2314212719200874,0.0,0.0,0.0,0.0,5,93.82058715820312
52.5,2.782607568117067,2.2314200639063104,0.0,0.0,0.0,0.0,5,93.82058715820312
52.5,2.782607568117067,2.2314200639063104,0.0,0.0,0.0,0.0,5,93.82058715820312
52.5,2.782607568117067,2.2314200639063104,0.0,0.0,0.0,0.0,5,93.82058715820312
52.5,2.782607568117067,2.2314200639063104,0.0,0.0,0.0,0.0,5,93.82058715820312
52.5,2.782612978466986,2.2314190294996408,0.0,0.0,0.0,0.0,5,93.82058715820312
52.5,2.782612978466986,2.2314190294996408,0.0,0.0,0.0,0.0,5,93.82058715820312
52.5,2.782612978466986,2.2314190294996408,0.0,0.0,0.0,0.0,5,93.82058715820312
52.5,2.782612978466986,2.2314190294996408,0.0,0.0,0.0,0.0,5,93.82058715820312
52.5,2.7826176901846216,2.2314179013702935,0.0,0.0,0.0,0.0,5,93.82058715820312
52.6,2.7826176901846216,2.2314179013702935,0.0,0.0,0.0,0.0,5,93.82058715820312
52.6,2.7826176901846216,2.2314179013702935,0.0,0.0,0.0,0.0,5,93.82058715820312
52.6,2.7826176901846216,2.2314179013702935,0.0,0.0,0.0,0.0,5,93.82058715820312
52.6,2.782620498483647,2.231416696938613,0.0,0.0,0.0,0.0,5,93.82058715820312
52.6,2.782620498483647,2.231416696938613,0.0,0.0,0.0,0.0,5,93.82058715820312
52.6,2.782620498483647,2.231416696938613,0.0,0.0,0.0,0.0,5,93.82058715820312
52.6,2.782620498483647,2.231416696938613,0.0,0.0,0.0,0.0,5,93.82058715820312
52.6,2.7826220267214423,2.231415388666643,0.0,0.0,0.0,0.0,5,93.82058715820312
52.6,2.7826220267214423,2.231415388666643,0.0,0.0,0.0,0.0,5,93.82058715820312
52.6,2.7826220267214423,2.231415388666643,0.0,0.0,0.0,0.0,5,93.82058715820312
52.6,2.7826225431307754,2.2314140385254673,0.0,0.0,0.0,0.0,5,93.82058715820312
52.7,2.7826225431307754,2.2314140385254673,0.0,0.0,0.0,0.0,5,93.82058715820312
52.7,2.7826225431307754,2.2314140385254673,0.0,0.0,0.0,0.0,5,93.82058715820312
52.7,2.7826225431307754,2.2314140385254673,0.0,0.0,0.0,0.0,5,93.82058715820312
52.7,2.782621696856119,2.2314126212977707,0.0,0.0,0.0,0.0,5,93.82058715820312
52.7,2.782621696856119,2.2314126212977707,0.0,0.0,0.0,0.0,5,93.82058715820312
52.7,2.782621696856119,2.2314126212977707,0.0,0.0,0.0,0.0,5,93.82058715820312
52.7,2.782619448253157,2.231411105997483,0.0,0.0,0.0,0.0,5,93.82058715820312
52.7,2.782619448253157,2.231411105997483,0.0,0.0,0.0,0.0,5,93.82058715820312
52.7,2.782619448253157,2.231411105997483,0.0,0.0,0.0,0.0,5,93.82058715820312
52.7,2.782619448253157,2.231411105997483,0.0,0.0,0.0,0.0,5,93.82058715820312
52.7,2.782619448253157,2.231411105997483,0.0,0.0,0.0,0.0,5,93.82058715820312
52.800000000000004,2.782616037661544,2.2314095188068546,0.0,0.0,0.0,0.0,5,93.82058715820312
52.800000000000004,2.782616037661544,2.2314095188068546,0.0,0.0,0.0,0.0,5,93.82058715820312
52.800000000000004,2.782616037661544,2.2314095188068546,0.0,0.0,0.0,0.0,5,93.82058715820312
52.800000000000004,2.782611741729452,2.2314079702373593,0.0,0.0,0.0,0.0,5,93.82058715820312
52.800000000000004,2.782611741729452,2.2314079702373593,0.0,0.0,0.0,0.0,5,93.82058715820312
52.800000000000004,2.782611741729452,2.2314079702373593,0.0,0.0,0.0,0.0,5,93.82058715820312
52.800000000000004,2.782611741729452,2.2314079702373593,0.0,0.0,0.0,0.0,5,93.82058715820312
52.800000000000004,2.782607375928584,2.231406325542965,0.0,0.0,0.0,0.0,5,93.82058715820312
52.800000000000004,2.782607375928584,2.231406325542965,0.0,0.0,0.0,0.0,5,93.82058715820312
52.800000000000004,2.782607375928584,2.231406325542965,0.0,0.0,0.0,0.0,5,93.82058715820312
52.800000000000004,2.782607375928584,2.231406325542965,0.0,0.0,0.0,0.0,5,93.82058715820312
52.900000000000006,2.782603320114113,2.2314047375366206,0.0,0.0,0.0,0.0,5,93.82058715820312
52.900000000000006,2.782603320114113,2.2314047375366206,0.0,0.0,0.0,0.0,5,93.82058715820312
52.900000000000006,2.782603320114113,2.2314047375366206,0.0,0.0,0.0,0.0,5,93.82058715820312
52.900000000000006,2.7827581138866435,2.2313710243106004,0.0,0.0,0.0,0.0,5,93.82058715820312
52.900000000000006,2.7827581138866435,2.2313710243106004,0.0,0.0,0.0,0.0,5,93.82058715820312
52.900000000000006,2.7827581138866435,2.2313710243106004,0.0,0.0,0.0,0.0,5,93.82058715820312
52.900000000000006,2.7827581138866435,2.2313710243106004,0.0,0.0,0.0,0.0,5,93.82058715820312
52.900000000000006,2.7881105805928588,2.2302732072978477,0.0,0.0,0.0,0.0,6,93.82058715820312
52.900000000000006,2.7881105805928588,2.2302732072978477,0.0,0.0,0.0,0.0,6,93.82058715820312
52.900000000000006,2.7881105805928588,2.2302732072978477,0.0,0.0,0.0,0.0,6,93.82058715820312
52.900000000000006,2.7881105805928588,2.2302732072978477,0.0,0.0,0.0,0.0,6,93.82058715820312
53.0,2.793461135898962,2.229167597888265,0.0,0.0,0.0,0.0,6,93.82058715820312
53.0,2.793461135898962,2.229167597888265,0.0,0.0,0.0,0.0,6,93.82058715820312
53.0,2.793461135898962,2.229167597888265,0.0,0.0,0.0,0.0,6,93.80949401855469
53.0,2.793461135898962,2.229167597888265,0.0,0.0,0.0,0.0,6,93.80949401855469
53.0,2.793461135898962,2.229167597888265,0.0,0.0,0.0,0.0,6,93.80949401855469
53.0,2.7988096734475563,2.2280541451175218,0.0,0.0,0.0,0.0,6,93.80949401855469
53.0,2.7988096734475563,2.2280541451175218,0.0,0.0,0.0,0.0,6,93.80949401855469
53.0,2.7988096734475563,2.2280541451175218,0.0,0.0,0.0,0.0,6,93.80949401855469
53.0,2.7988096734475563,2.2280541451175218,0.0,0.0,0.0,0.0,6,93.80949401855469
53.0,2.7988096734475563,2.2280541451175218,0.0,0.0,0.0,0.0,6,93.80949401855469
53.0,2.804155958205605,2.226932932175454,0.0,0.0,0.0,0.0,6,93.80949401855469
53.0,2.804155958205605,2.226932932175454,0.0,0.0,0.0,0.0,6,93.80949401855469
53.0,2.804155958205605,2.226932932175454,0.0,0.0,0.0,0.0,6,93.80949401855469
53.0,2.804155958205605,2.226932932175454,0.0,0.0,0.0,0.0,6,93.80949401855469
53.1,2.804155958205605,2.226932932175454,0.0,0.0,0.0,0.0,6,93.80949401855469
53.1,2.809499456976238,2.22580381441136,0.0,0.0,0.0,0.0,6,93.80949401855469
53.1,2.809499456976238,2.22580381441136,0.0,0.0,0.0,0.0,6,93.80949401855469
53.1,2.809499456976238,2.22580381441136,0.0,0.0,0.0,0.0,6,93.80949401855469
53.1,2.809499456976238,2.22580381441136,0.0,0.0,0.0,0.0,6,93.80949401855469
53.1,2.8140550306496666,2.2248344098045174,0.0,0.0,0.0,0.0,6,93.80949401855469
53.1,2.8140550306496666,2.2248344098045174,0.0,0.0,0.0,0.0,6,93.80949401855469
53.1,2.8140550306496666,2.2248344098045174,0.0,0.0,0.0,0.0,6,93.80949401855469
53.1,2.8140582696975516,2.2248330378921257,0.0,0.0,0.0,0.0,6,93.80949401855469
53.1,2.8140582696975516,2.2248330378921257,0.0,0.0,0.0,0.0,6,93.80949401855469
53.1,2.8140582696975516,2.2248330378921257,0.0,0.0,0.0,0.0,6,93.80949401855469
53.2,2.8140582696975516,2.2248330378921257,0.0,0.0,0.0,0.0,6,93.80949401855469
53.2,2.8140607542302067,2.224831710165197,0.0,0.0,0.0,0.0,6,93.80949401855469
53.2,2.8140607542302067,2.224831710165197,0.0,0.0,0.0,0.0,6,93.80949401855469
53.2,2.8140607542302067,2.224831710165197,0.0,0.0,0.0,0.0,6,93.80949401855469
53.2,2.814062124421966,2.224830373638655,0.0,0.0,0.0,0.0,6,93.80949401855469
53.2,2.814062124421966,2.224830373638655,0.0,0.0,0.0,0.0,6,93.80949401855469
53.2,2.814062124421966,2.224830373638655,0.0,0.0,0.0,0.0,6,93.80949401855469
53.2,2.814062124421966,2.224830373638655,0.0,0.0,0.0,0.0,6,93.80949401855469
53.2,2.814062277411894,2.2248290249227,0.0,0.0,0.0,0.0,6,93.80949401855469
53.2,2.814062277411894,2.2248290249227,0.0,0.0,0.0,0.0,6,93.80949401855469
53.2,2.814062277411894,2.2248290249227,0.0,0.0,0.0,0.0,6,93.80949401855469
53.300000000000004,2.814061187986695,2.2248276948130705,0.0,0.0,0.0,0.0,6,93.80949401855469
53.300000000000004,2.814061187986695,2.2248276948130705,0.0,0.0,0.0,0.0,6,93.80949401855469
53.300000000000004,2.814061187986695,2.2248276948130705,0.0,0.0,0.0,0.0,6,93.80949401855469
53.300000000000004,2.814061187986695,2.2248276948130705,0.0,0.0,0.0,0.0,6,93.80949401855469
53.300000000000004,2.8140591786468936,2.2248263700513817,0.0,0.0,0.0,0.0,6,93.80949401855469
53.300000000000004,2.8140591786468936,2.2248263700513817,0.0,0.0,0.0,0.0,6,93.80949401855469
53.300000000000004,2.8140591786468936,2.2248263700513817,0.0,0.0,0.0,0.0,6,93.80949401855469
53.300000000000004,2.814056723395563,2.224825067254929,0.0,0.0,0.0,0.0,6,93.80949401855469
53.300000000000004,2.814056723395563,2.224825067254929,0.0,0.0,0.0,0.0,6,93.80949401855469
53.300000000000004,2.814056723395563,2.224825067254929,0.0,0.0,0.0,0.0,6,93.80949401855469
53.400000000000006,2.814056723395563,2.224825067254929,0.0,0.0,0.0,0.0,6,93.80949401855469
53.400000000000006,2.81405388506099,2.2248237995206055,0.0,0.0,0.0,0.0,6,93.80949401855469
53.400000000000006,2.81405388506099,2.2248237995206055,0.0,0.0,0.0,0.0,6,93.80949401855469
53.400000000000006,2.81405388506099,2.2248237995206055,0.0,0.0,0.0,0.0,6,93.80949401855469
53.400000000000006,2.81405388506099,2.2248237995206055,0.0,0.0,0.0,0.0,6,93.80949401855469
53.400000000000006,2.8140515464548876,2.2248225507264907,0.0,0.0,0.0,0.0,6,93.80949401855469
53.400000000000006,2.8140515464548876,2.2248225507264907,0.0,0.0,0.0,0.0,6,93.80949401855469
53.400000000000006,2.8140515464548876,2.2248225507264907,0.0,0.0,0.0,0.0,6,93.80949401855469
53.400000000000006,2.8140515464548876,2.2248225507264907,0.0,0.0,0.0,0.0,6,93.80949401855469
53.400000000000006,2.814049643016317,2.2248213940068724,0.0,0.0,0.0,0.0,6,93.80949401855469
53.400000000000006,2.814049643016317,2.2248213940068724,0.0,0.0,0.0,0.0,6,93.80949401855469
53.400000000000006,2.814049643016317,2.2248213940068724,0.0,0.0,0.0,0.0,6,93.80949401855469
53.5,2.814049643016317,2.2248213940068724,0.0,0.0,0.0,0.0,6,93.80949401855469
53.5,2.814049643016317,2.2248213940068724,0.0,0.0,0.0,0.0,6,93.7884521484375
53.5,2.814048465826659,2.224820233882607,0.0,0.0,0.0,0.0,6,93.7884521484375
53.5,2.814048465826659,2.224820233882607,0.0,0.0,0.0,0.0,6,93.7884521484375
53.5,2.814048465826659,2.224820233882607,0.0,0.0,0.0,0.0,6,93.7884521484375
53.5,2.814048465826659,2.224820233882607,0.0,0.0,0.0,0.0,6,93.7884521484375
53.5,2.81404844870757,2.224819169783538,0.0,0.0,0.0,0.0,6,93.7884521484375
53.5,2.81404844870757,2.224819169783538,0.0,0.0,0.0,0.0,6,93.7884521484375
53.5,2.81404844870757,2.224819169783538,0.0,0.0,0.0,0.0,6,93.7884521484375
53.5,2.81404844870757,2.224819169783538,0.0,0.0,0.0,0.0,6,93.7884521484375
53.5,2.81404844870757,2.224819169783538,0.0,0.0,0.0,0.0,6,93.7884521484375
53.5,2.814049049718133,2.2248181391606234,0.0,0.0,0.0,0.0,6,93.7884521484375
53.5,2.814049049718133,2.2248181391606234,0.0,0.0,0.0,0.0,6,93.7884521484375
53.6,2.814049049718133,2.2248181391606234,0.0,0.0,0.0,0.0,6,93.7884521484375
53.6,2.814049049718133,2.2248181391606234,0.0,0.0,0.0,0.0,6,93.7884521484375
53.6,2.8140506645279695,2.224817195196004,0.0,0.0,0.0,0.0,6,93.7884521484375
53.6,2.8140506645279695,2.224817195196004,0.0,0.0,0.0,0.0,6,93.7884521484375
53.6,2.8140506645279695,2.224817195196004,0.0,0.0,0.0,0.0,6,93.7884521484375
53.6,2.8140506645279695,2.224817195196004,0.0,0.0,0.0,0.0,6,93.7884521484375
53.6,2.8140506645279695,2.224817195196004,0.0,0.0,0.0,0.0,6,93.7884521484375
53.6,2.8140525553290803,2.224816259932648,0.0,0.0,0.0,0.0,6,93.7884521484375
53.6,2.8140525553290803,2.224816259932648,0.0,0.0,0.0,0.0,6,93.7884521484375
53.6,2.8140525553290803,2.224816259932648,0.0,0.0,0.0,0.0,6,93.7884521484375
53.6,2.8140525553290803,2.224816259932648,0.0,0.0,0.0,0.0,6,93.7884521484375
53.6,2.814054557325639,2.2248153981009624,0.0,0.0,0.0,0.0,6,93.7884521484375
53.6,2.814054557325639,2.2248153981009624,0.0,0.0,0.0,0.0,6,93.7884521484375
53.7,2.814056589625978,2.224814551339109,0.0,0.0,0.0,0.0,6,93.7884521484375
53.7,2.814056589625978,2.224814551339109,0.0,0.0,0.0,0.0,6,93.7884521484375
53.7,2.814056589625978,2.224814551339109,0.0,0.0,0.0,0.0,6,93.7884521484375
53.7,2.814056589625978,2.224814551339109,0.0,0.0,0.0,0.0,6,93.7884521484375
53.7,2.814056589625978,2.224814551339109,0.0,0.0,0.0,0.0,6,93.7884521484375
53.7,2.814058226703542,2.224813764456569,0.0,0.0,0.0,0.0,6,93.7884521484375
53.7,2.814058226703542,2.224813764456569,0.0,0.0,0.0,0.0,6,93.7884521484375
53.7,2.814058226703542,2.224813764456569,0.0,0.0,0.0,0.0,6,93.7884521484375
53.7,2.814058226703542,2.224813764456569,0.0,0.0,0.0,0.0,6,93.7884521484375
53.7,2.8140590761394053,2.2248129918761785,0.0,0.0,0.0,0.0,6,93.7884521484375
53.7,2.8140590761394053,2.2248129918761785,0.0,0.0,0.0,0.0,6,93.7884521484375
53.800000000000004,2.8140590761394053,2.2248129918761785,0.0,0.0,0.0,0.0,6,93.7884521484375
53.800000000000004,2.8140590761394053,2.2248129918761785,0.0,0.0,0.0,2.3219404220581055,6,93.7884521484375
53.800000000000004,2.8140590761394053,2.2248129918761785,0.0,0.0,0.0,2.3219404220581055,6,93.7884521484375
53.800000000000004,2.8140592763402337,2.2248122380392292,0.0,0.0,0.0,2.3219404220581055,6,93.7884521484375
53.800000000000004,2.8140592763402337,2.2248122380392292,0.0,0.0,0.0,2.3219404220581055,6,93.7884521484375
53.800000000000004,2.8140592763402337,2.2248122380392292,0.0,0.0,0.0,2.3219404220581055,6,93.7884521484375
53.800000000000004,2.8140592763402337,2.2248122380392292,0.0,0.0,0.0,2.3219404220581055,6,93.7884521484375
53.800000000000004,2.8140592763402337,2.2248122380392292,0.0,0.0,0.0,2.3219404220581055,6,93.7884521484375
53.800000000000004,2.8140592763402337,2.2248122380392292,0.09263157894736841,0.08974358974358984,0.0,2.3219404220581055,6,93.7884521484375
53.800000000000004,2.8140592763402337,2.2248122380392292,0.09263157894736841,0.08974358974358984,0.0,2.3219404220581055,6,93.7884521484375
53.800000000000004,2.814058751809339,2.2248115007274363,0.09263157894736841,0.08974358974358984,0.0,2.3219404220581055,6,93.7884521484375
53.800000000000004,2.814058751809339,2.2248115007274363,0.09263157894736841,0.08974358974358984,0.0,2.3219404220581055,6,93.7884521484375
53.800000000000004,2.814058751809339,2.2248115007274363,0.09263157894736841,0.08974358974358984,0.0,2.3219404220581055,6,93.7884521484375
53.800000000000004,2.814058751809339,2.2248115007274363,0.09263157894736841,0.08974358974358984,0.0,2.3219404220581055,6,93.7884521484375
53.800000000000004,2.8129050657251007,2.224770203711225,0.09263157894736841,0.08974358974358984,0.0,2.3219404220581055,6,93.7884521484375
53.800000000000004,2.8129050657251007,2.224770203711225,0.09263157894736841,0.08974358974358984,0.0,2.3219404220581055,6,93.7884521484375
53.900000000000006,2.8129050657251007,2.224770203711225,0.09263157894736841,0.08974358974358984,0.0,2.3219404220581055,6,93.7884521484375
53.900000000000006,2.8129050657251007,2.224770203711225,0.09263157894736841,0.08974358974358984,0.0,2.3219404220581055,6,93.7884521484375
53.900000000000006,2.8105970392134676,2.2246882555313006,0.09263157894736841,0.08974358974358984,201.991432878,2.3219404220581055,6,93.7884521484375
53.900000000000006,2.8105970392134676,2.2246882555313006,0.09263157894736841,0.08974358974358984,201.991432878,2.3219404220581055,6,93.7884521484375
53.900000000000006,2.8105970392134676,2.2246882555313006,0.09263157894736841,0.08974358974358984,201.991432878,2.3219404220581055,6,93.7884521484375
53.900000000000006,2.8074551689540788,2.224575177911746,0.09263157894736841,0.08974358974358984,106.834848002,2.3219404220581055,6,93.7884521484375
53.900000000000006,2.8074551689540788,2.224575177911746,0.09263157894736841,0.08974358974358984,106.834848002,2.3219404220581055,6,93.7884521484375
53.900000000000006,2.8074551689540788,2.224575177911746,0.09263157894736841,0.08974358974358984,106.834848002,2.3219404220581055,6,93.7884521484375
53.900000000000006,2.8074551689540788,2.224575177911746,0.08684210526315789,0.08974358974358984,106.834848002,2.3219404220581055,6,93.7884521484375
53.900000000000006,2.8043185952892675,2.2244522184612254,0.08684210526315789,0.08974358974358984,106.834848002,2.3219404220581055,6,93.7884521484375
53.900000000000006,2.8043185952892675,2.2244522184612254,0.08684210526315789,0.08974358974358984,72.755732437,2.3219404220581055,6,93.7884521484375
54.0,2.8043185952892675,2.2244522184612254,0.08684210526315789,0.08974358974358984,72.755732437,2.3219404220581055,6,93.7884521484375
54.0,2.8043185952892675,2.2244522184612254,0.08684210526315789,0.08974358974358984,72.755732437,2.3219404220581055,6,93.77871704101562
54.0,2.8043185952892675,2.2244522184612254,0.08684210526315789,0.08974358974358984,72.755732437,2.3219404220581055,6,93.77871704101562
54.0,2.8013763175868567,2.2243243516928097,0.08684210526315789,0.08974358974358984,55.932790988,2.3219404220581055,6,93.77871704101562
54.0,2.8013763175868567,2.2243243516928097,0.08684210526315789,0.08974358974358984,55.932790988,2.3219404220581055,6,93.77871704101562
54.0,2.8013763175868567,2.2243243516928097,0.08684210526315789,0.08974358974358984,55.932790988,2.3219404220581055,6,93.77871704101562
54.0,2.8013763175868567,2.2243243516928097,0.08684210526315789,0.08974358974358984,55.932790988,2.3219404220581055,6,93.77871704101562
54.0,2.7984310912109,2.224188439713153,0.08684210526315789,0.06410256410256421,45.479690386,2.3219404220581055,6,93.77871704101562
54.0,2.7984310912109,2.224188439713153,0.08684210526315789,0.06410256410256421,45.479690386,2.3219404220581055,6,93.77871704101562
54.0,2.7984310912109,2.224188439713153,0.08684210526315789,0.06410256410256421,45.479690386,2.3219404220581055,6,93.77871704101562
54.0,2.7954871243712645,2.2240452763415846,0.08684210526315789,0.06410256410256421,38.324128779,2.3219404220581055,6,93.77871704101562
54.0,2.7954871243712645,2.2240452763415846,0.08684210526315789,0.06410256410256421,38.324128779,2.3219404220581055,6,93.77871704101562
54.1,2.7954871243712645,2.2240452763415846,0.08684210526315789,0.06410256410256421,38.324128779,2.3219404220581055,6,93.77871704101562
54.1,2.7954871243712645,2.2240452763415846,0.08684210526315789,0.06410256410256421,38.324128779,2.3219404220581055,6,93.77871704101562
54.1,2.7925430523418155,2.2238926313577245,0.08684210526315789,0.06410256410256421,33.11427128,2.3219404220581055,6,93.77871704101562
54.1,2.7925430523418155,2.2238926313577245,0.08684210526315789,0.06410256410256421,33.11427128,2.3219404220581055,6,93.77871704101562
54.1,2.7925430523418155,2.2238926313577245,0.08684210526315789,0.06410256410256421,33.11427128,2.3219404220581055,6,93.77871704101562
54.1,2.7925430523418155,2.2238926313577245,0.10999999999999999,0.012820512820512935,33.11427128,2.3219404220581055,6,93.77871704101562
54.1,2.789595933989397,2.223732898136646,0.10999999999999999,0.012820512820512935,29.152655704,2.3219404220581055,6,93.77871704101562
54.1,2.789595933989397,2.223732898136646,0.10999999999999999,0.012820512820512935,29.152655704,2.3219404220581055,6,93.77871704101562
54.1,2.789595933989397,2.223732898136646,0.10999999999999999,0.012820512820512935,29.152655704,2.3219404220581055,6,93.77871704101562
54.1,2.789595933989397,2.223732898136646,0.10999999999999999,0.012820512820512935,29.152655704,2.3219404220581055,6,93.77871704101562
54.1,2.7856658650639936,2.2235144970853473,0.10999999999999999,0.012820512820512935,26.172950865,2.3219404220581055,6,93.77871704101562
54.2,2.7856658650639936,2.2235144970853473,0.10999999999999999,0.012820512820512935,26.172950865,2.3219404220581055,6,93.77871704101562
54.2,2.7856658650639936,2.2235144970853473,0.10999999999999999,0.012820512820512935,26.172950865,2.3219404220581055,6,93.77871704101562
54.2,2.7856658650639936,2.2235144970853473,0.10999999999999999,0.012820512820512935,26.172950865,2.3219404220581055,6,93.77871704101562
54.2,2.781931332967696,2.223302638601056,0.10999999999999999,0.012820512820512935,26.172950865,2.3219404220581055,6,93.77871704101562
54.2,2.781931332967696,2.223302638601056,0.10999999999999999,0.0,24.863961131,2.3219404220581055,6,93.77871704101562
54.2,2.781931332967696,2.223302638601056,0.10999999999999999,0.0,24.863961131,2.3219404220581055,6,93.77871704101562
54.2,2.7781951658965656,2.223089428282134,0.10999999999999999,0.0,24.863961131,2.3219404220581055,6,93.77871704101562
54.2,2.7781951658965656,2.223089428282134,0.10999999999999999,0.0,24.356293721,2.3219404220581055,6,93.77871704101562
54.2,2.7781951658965656,2.223089428282134,0.10999999999999999,0.0,24.356293721,2.3219404220581055,6,93.77871704101562
54.2,2.7781951658965656,2.223089428282134,0.10999999999999999,0.0,24.356293721,2.3219404220581055,6,93.77871704101562
54.2,2.7781951658965656,2.223089428282134,0.10999999999999999,0.0,24.356293721,2.3219404220581055,6,93.77871704101562
54.2,2.7781951658965656,2.223089428282134,0.10999999999999999,0.0,24.356293721,2.3219404220581055,6,93.77871704101562
54.2,2.7744589984948003,2.2228761957256657,0.10999999999999999,0.0,23.592043018,2.2964227199554443,6,93.77871704101562
54.300000000000004,2.7744589984948003,2.2228761957256657,0.10999999999999999,0.0,23.592043018,2.2964227199554443,6,93.77871704101562
54.300000000000004,2.7744589984948003,2.2228761957256657,0.10999999999999999,0.0,23.592043018,2.2964227199554443,6,93.77871704101562
54.300000000000004,2.7744589984948003,2.2228761957256657,0.10999999999999999,0.0,23.592043018,2.2964227199554443,6,93.77871704101562
54.300000000000004,2.7707235756134905,2.222662788392263,0.10999999999999999,0.0,23.592043018,2.2964227199554443,6,93.77871704101562
54.300000000000004,2.7707235756134905,2.222662788392263,0.10999999999999999,0.0,22.983043088,2.2964227199554443,6,93.77871704101562
54.300000000000004,2.7707235756134905,2.222662788392263,0.10999999999999999,0.0,22.983043088,2.2964227199554443,6,93.77871704101562
54.300000000000004,2.7707235756134905,2.222662788392263,0.09842105263157894,0.0,22.983043088,2.2964227199554443,6,93.77871704101562
54.300000000000004,2.7669880092224206,2.22244935409884,0.09842105263157894,0.0,22.391570786,2.2964227199554443,6,93.77871704101562
54.300000000000004,2.7669880092224206,2.22244935409884,0.09842105263157894,0.0,22.391570786,2.2964227199554443,6,93.77871704101562
54.300000000000004,2.7669880092224206,2.22244935409884,0.09842105263157894,0.0,22.391570786,2.2964227199554443,6,93.77871704101562
54.300000000000004,2.7669880092224206,2.22244935409884,0.09842105263157894,0.0,22.391570786,2.2964227199554443,6,93.77871704101562
54.300000000000004,2.763450674588012,2.222246723151139,0.09842105263157894,0.0,22.391570786,2.2964227199554443,6,93.77871704101562
54.400000000000006,2.763450674588012,2.222246723151139,0.09842105263157894,0.0,21.983573455,2.2964227199554443,6,93.77871704101562
54.400000000000006,2.763450674588012,2.222246723151139,0.09842105263157894,0.0,21.983573455,2.2964227199554443,6,93.77871704101562
54.400000000000006,2.763450674588012,2.222246723151139,0.09842105263157894,0.0,21.983573455,2.2964227199554443,6,93.77871704101562
54.400000000000006,2.760111693627839,2.22205151956209,0.09842105263157894,0.0,21.702944867,2.2964227199554443,6,93.77871704101562
54.400000000000006,2.760111693627839,2.22205151956209,0.09263157894736841,0.0,21.702944867,2.2964227199554443,6,93.77871704101562
54.400000000000006,2.7567709120133435,2.2218545664071536,0.09263157894736841,0.0,21.702944867,2.2964227199554443,6,93.77871704101562
54.400000000000006,2.7567709120133435,2.2218545664071536,0.09263157894736841,0.0,21.702944867,2.2964227199554443,6,93.77871704101562
54.400000000000006,2.7567709120133435,2.2218545664071536,0.09263157894736841,0.0,21.43975097,2.2964227199554443,6,93.77871704101562
54.400000000000006,2.7567709120133435,2.2218545664071536,0.08684210526315789,0.0,21.43975097,2.2964227199554443,6,93.77871704101562
54.400000000000006,2.7567709120133435,2.2218545664071536,0.08684210526315789,0.0,21.43975097,2.2964227199554443,6,93.77871704101562
54.5,2.753626079969694,2.2216714080574436,0.08684210526315789,0.0,21.958082372,2.2964227199554443,6,93.72794342041016
54.5,2.753626079969694,2.2216714080574436,0.08684210526315789,0.0,21.958082372,2.2964227199554443,6,93.72794342041016
54.5,2.753626079969694,2.2216714080574436,0.08684210526315789,0.0,21.958082372,2.2964227199554443,6,93.72794342041016
54.5,2.753626079969694,2.2216714080574436,0.08684210526315789,0.0,21.958082372,2.2964227199554443,6,93.72794342041016
54.5,2.750680038517897,2.221500169573667,0.08684210526315789,0.0,22.257243909,2.2714226245880127,6,93.72794342041016
54.5,2.750680038517897,2.221500169573667,0.08684210526315789,0.0,22.257243909,2.2714226245880127,6,93.72794342041016
54.5,2.750680038517897,2.221500169573667,0.08684210526315789,0.0,22.257243909,2.2714226245880127,6,93.72794342041016
54.5,2.750680038517897,2.221500169573667,0.08684210526315789,0.0,22.257243909,2.2714226245880127,6,93.72794342041016
54.5,2.7477342102052558,2.2213277384616053,0.08684210526315789,-0.012820512820512706,22.82227131,2.2714226245880127,6,93.72794342041016
54.5,2.7477342102052558,2.2213277384616053,0.08684210526315789,-0.012820512820512706,22.82227131,2.2714226245880127,6,93.72794342041016
54.5,2.7477342102052558,2.2213277384616053,0.08684210526315789,-0.012820512820512706,22.82227131,2.2714226245880127,6,93.72794342041016
54.5,2.7477342102052558,2.2213277384616053,0.08684210526315789,-0.012820512820512706,22.82227131,2.2714226245880127,6,93.72794342041016
54.6,2.7447876606226322,2.221155364367231,0.08684210526315789,-0.012820512820512706,23.42986424,2.2714226245880127,6,93.72794342041016
54.6,2.7447876606226322,2.221155364367231,0.08684210526315789,-0.012820512820512706,23.42986424,2.2714226245880127,6,93.72794342041016
54.6,2.7447876606226322,2.221155364367231,0.08684210526315789,-0.012820512820512706,23.42986424,2.2714226245880127,6,93.72794342041016
54.6,2.7447876606226322,2.221155364367231,0.08684210526315789,-0.012820512820512706,23.42986424,2.2714226245880127,6,93.72794342041016
54.6,2.741840907159022,2.2209839305852555,0.08684210526315789,-0.012820512820512706,24.054774323,2.2714226245880127,6,93.72794342041016
54.6,2.741840907159022,2.2209839305852555,0.08684210526315789,-0.012820512820512706,24.054774323,2.2714226245880127,6,93.72794342041016
54.6,2.741840907159022,2.2209839305852555,0.08684210526315789,-0.012820512820512706,24.054774323,2.2714226245880127,6,93.72794342041016
54.6,2.741840907159022,2.2209839305852555,0.10999999999999999,-0.012820512820512706,24.586121932,2.321596145629883,6,93.72794342041016
54.6,2.7388936194214364,2.2208135540105935,0.10999999999999999,-0.012820512820512706,25.276072651,2.321596145629883,6,93.72794342041016
54.6,2.7388936194214364,2.2208135540105935,0.10999999999999999,-0.012820512820512706,25.276072651,2.321596145629883,6,93.72794342041016
54.6,2.7388936194214364,2.2208135540105935,0.10999999999999999,-0.012820512820512706,25.276072651,2.321596145629883,6,93.72794342041016
54.6,2.7388936194214364,2.2208135540105935,0.10999999999999999,-0.012820512820512706,25.276072651,2.321596145629883,6,93.72794342041016
54.7,2.734574212181837,2.220564706234308,0.10999999999999999,-0.012820512820512706,24.57768498,2.321596145629883,6,93.72794342041016
54.7,2.734574212181837,2.220564706234308,0.10999999999999999,-0.012820512820512706,24.57768498,2.321596145629883,6,93.72794342041016
54.7,2.734574212181837,2.220564706234308,0.10999999999999999,-0.012820512820512706,24.57768498,2.321596145629883,6,93.72794342041016
54.7,2.734574212181837,2.220564706234308,0.10999999999999999,-0.012820512820512706,24.57768498,2.321596145629883,6,93.72794342041016
54.7,2.734574212181837,2.220564706234308,0.10999999999999999,-0.012820512820512706,24.57768498,2.321596145629883,6,93.72794342041016
54.7,2.734574212181837,2.220564706234308,0.10999999999999999,-0.012820512820512706,24.57768498,2.321596145629883,6,93.72794342041016
54.7,2.730844777437551,2.220345682365803,0.10421052631578946,-0.038461538461538346,24.57768498,2.321596145629883,6,93.72794342041016
54.7,2.730844777437551,2.220345682365803,0.10421052631578946,-0.038461538461538346,24.265378294,2.321596145629883,6,93.72794342041016
54.7,2.730844777437551,2.220345682365803,0.10421052631578946,-0.038461538461538346,24.265378294,2.321596145629883,6,93.72794342041016
54.7,2.730844777437551,2.220345682365803,0.10421052631578946,-0.038461538461538346,24.265378294,2.321596145629883,6,93.72794342041016
54.7,2.730844777437551,2.220345682365803,0.10421052631578946,-0.038461538461538346,24.265378294,2.321596145629883,6,93.72794342041016
54.7,2.7273053652774,2.220137494772507,0.10421052631578946,-0.038461538461538346,24.094836212,2.321596145629883,6,93.72794342041016
54.7,2.7273053652774,2.220137494772507,0.10421052631578946,-0.038461538461538346,24.094836212,2.321596145629883,6,93.72794342041016
54.7,2.7273053652774,2.220137494772507,0.10421052631578946,-0.038461538461538346,24.094836212,2.321596145629883,6,93.72794342041016
54.7,2.7273053652774,2.220137494772507,0.10421052631578946,-0.038461538461538346,24.094836212,2.321596145629883,6,93.72794342041016
54.7,2.7273053652774,2.220137494772507,0.10421052631578946,-0.038461538461538346,24.094836212,2.321596145629883,6,93.72794342041016
54.800000000000004,2.7237626097320082,2.2199370802971328,0.10421052631578946,-0.038461538461538346,23.522959516,2.2964227199554443,6,93.72794342041016
54.800000000000004,2.7237626097320082,2.2199370802971328,0.10421052631578946,-0.038461538461538346,23.522959516,2.2964227199554443,6,93.72794342041016
54.800000000000004,2.7237626097320082,2.2199370802971328,0.10421052631578946,-0.038461538461538346,23.522959516,2.2964227199554443,6,93.72794342041016
54.800000000000004,2.7237626097320082,2.2199370802971328,0.10421052631578946,-0.038461538461538346,23.522959516,2.2964227199554443,6,93.72794342041016
54.800000000000004,2.7237626097320082,2.2199370802971328,0.10421052631578946,-0.038461538461538346,23.522959516,2.2964227199554443,6,93.72794342041016
54.800000000000004,2.720221583182556,2.219743287020978,0.10421052631578946,-0.038461538461538346,23.070149556,2.2964227199554443,6,93.72794342041016
54.800000000000004,2.720221583182556,2.219743287020978,0.10421052631578946,-0.038461538461538346,23.070149556,2.2964227199554443,6,93.72794342041016
54.800000000000004,2.720221583182556,2.219743287020978,0.10421052631578946,-0.038461538461538346,23.070149556,2.2964227199554443,6,93.72794342041016
54.800000000000004,2.720221583182556,2.219743287020978,0.10421052631578946,-0.038461538461538346,23.070149556,2.2964227199554443,6,93.72794342041016
54.800000000000004,2.716680345411531,2.219551900925344,0.10421052631578946,-0.038461538461538346,22.63299963,2.2964227199554443,6,93.72794342041016
54.800000000000004,2.716680345411531,2.219551900925344,0.10421052631578946,-0.038461538461538346,22.63299963,2.2964227199554443,6,93.72794342041016
54.800000000000004,2.716680345411531,2.219551900925344,0.10421052631578946,-0.038461538461538346,22.63299963,2.2964227199554443,6,93.72794342041016
54.900000000000006,2.716680345411531,2.219551900925344,0.10421052631578946,-0.038461538461538346,22.63299963,2.2964227199554443,6,93.72794342041016
54.900000000000006,2.716680345411531,2.219551900925344,0.10421052631578946,-0.038461538461538346,22.63299963,2.2964227199554443,6,93.72794342041016
54.900000000000006,2.7131368275536474,2.2193645565065108,0.09842105263157894,-0.038461538461538346,22.206725919,2.2964227199554443,6,93.72794342041016
54.900000000000006,2.7131368275536474,2.2193645565065108,0.09842105263157894,-0.038461538461538346,22.206725919,2.2964227199554443,6,93.72794342041016
54.900000000000006,2.7131368275536474,2.2193645565065108,0.09842105263157894,-0.038461538461538346,22.206725919,2.2964227199554443,6,93.72794342041016
54.900000000000006,2.7131368275536474,2.2193645565065108,0.09842105263157894,-0.038461538461538346,22.206725919,2.2964227199554443,6,93.72794342041016
54.900000000000006,2.709789184168691,2.2191932991475536,0.09842105263157894,-0.038461538461538346,22.206725919,2.2964227199554443,6,93.72794342041016
54.900000000000006,2.709789184168691,2.2191932991475536,0.09842105263157894,-0.038461538461538346,21.929507002,2.2964227199554443,6,93.72794342041016
54.900000000000006,2.709789184168691,2.2191932991475536,0.09842105263157894,-0.038461538461538346,21.929507002,2.2964227199554443,6,93.72794342041016
54.900000000000006,2.709789184168691,2.2191932991475536,0.09842105263157894,-0.038461538461538346,21.929507002,2.2964227199554443,6,93.72794342041016
54.900000000000006,2.706442796886762,2.2190263145415448,0.09842105263157894,-0.038461538461538346,21.661820529,2.2964227199554443,6,93.72794342041016
54.900000000000006,2.706442796886762,2.2190263145415448,0.09263157894736841,-0.012820512820512706,21.661820529,2.2964227199554443,6,93.72794342041016
54.900000000000006,2.706442796886762,2.2190263145415448,0.09263157894736841,-0.012820512820512706,21.661820529,2.2964227199554443,6,93.72794342041016
54.900000000000006,2.706442796886762,2.2190263145415448,0.09263157894736841,-0.012820512820512706,21.661820529,2.2964227199554443,6,93.72794342041016
54.900000000000006,2.706442796886762,2.2190263145415448,0.09263157894736841,-0.012820512820512706,21.661820529,2.2964227199554443,6,93.72794342041016
55.0,2.706442796886762,2.2190263145415448,0.09263157894736841,-0.012820512820512706,21.661820529,2.2964227199554443,6,93.72794342041016
55.0,2.70309648535489,2.218863088706155,0.09263157894736841,-0.012820512820512706,21.661820529,2.2964227199554443,6,93.72794342041016
55.0,2.70309648535489,2.218863088706155,0.09263157894736841,-0.012820512820512706,22.323199857,2.2964227199554443,6,93.6806869506836
55.0,2.70309648535489,2.218863088706155,0.09263157894736841,-0.012820512820512706,22.323199857,2.2964227199554443,6,93.6806869506836
55.0,2.70309648535489,2.218863088706155,0.09263157894736841,-0.012820512820512706,22.323199857,2.2964227199554443,6,93.6806869506836
55.0,2.70309648535489,2.218863088706155,0.09263157894736841,-0.012820512820512706,22.323199857,2.2964227199554443,6,93.6806869506836
55.0,2.6999473809771097,2.2187132368245006,0.09263157894736841,-0.012820512820512706,22.323199857,2.2964227199554443,6,93.6806869506836
55.0,2.6999473809771097,2.2187132368245006,0.08684210526315789,-0.012820512820512706,22.486398983,2.2714226245880127,6,93.6806869506836
55.0,2.6999473809771097,2.2187132368245006,0.08684210526315789,-0.012820512820512706,22.486398983,2.2714226245880127,6,93.6806869506836
55.0,2.6999473809771097,2.2187132368245006,0.08684210526315789,-0.012820512820512706,22.486398983,2.2714226245880127,6,93.6806869506836
55.0,2.6999473809771097,2.2187132368245006,0.08684210526315789,-0.012820512820512706,22.486398983,2.2714226245880127,6,93.6806869506836
55.0,2.696801049648449,2.2185650884174484,0.08684210526315789,-0.012820512820512706,22.765282469,2.2714226245880127,6,93.6806869506836
55.0,2.696801049648449,2.2185650884174484,0.08684210526315789,-0.012820512820512706,22.765282469,2.2714226245880127,6,93.6806869506836
55.0,2.696801049648449,2.2185650884174484,0.08105263157894736,-0.012820512820512706,22.765282469,2.2714226245880127,6,93.6806869506836
55.0,2.696801049648449,2.2185650884174484,0.08105263157894736,-0.012820512820512706,22.765282469,2.2714226245880127,6,93.6806869506836
55.1,2.693851528285473,2.218426209355968,0.08105263157894736,-0.012820512820512706,22.765282469,2.2714226245880127,6,93.6806869506836
55.1,2.693851528285473,2.218426209355968,0.08105263157894736,-0.012820512820512706,23.211148887,2.2714226245880127,6,93.6806869506836
55.1,2.693851528285473,2.218426209355968,0.08105263157894736,-0.012820512820512706,23.211148887,2.2714226245880127,6,93.6806869506836
55.1,2.693851528285473,2.218426209355968,0.08105263157894736,-0.012820512820512706,23.211148887,2.2714226245880127,6,93.6806869506836
55.1,2.6910979208663233,2.2182979456898746,0.08105263157894736,-0.012820512820512706,23.814002439,2.2714226245880127,6,93.6806869506836
55.1,2.6910979208663233,2.2182979456898746,0.08105263157894736,-0.012820512820512706,23.814002439,2.2714226245880127,6,93.6806869506836
55.1,2.6910979208663233,2.2182979456898746,0.08105263157894736,-0.012820512820512706,23.814002439,2.2714226245880127,6,93.6806869506836
55.1,2.6910979208663233,2.2182979456898746,0.10999999999999999,-0.012820512820512706,23.814002439,2.2714226245880127,6,93.6806869506836
55.1,2.6883455826315856,2.2181715210801256,0.10999999999999999,-0.012820512820512706,24.474355004,2.2714226245880127,6,93.6806869506836
55.2,2.6883455826315856,2.2181715210801256,0.10999999999999999,-0.012820512820512706,24.474355004,2.2714226245880127,6,93.6806869506836
55.2,2.6883455826315856,2.2181715210801256,0.10999999999999999,-0.012820512820512706,24.474355004,2.2714226245880127,6,93.6806869506836
55.2,2.683631438222062,2.217956470966212,0.10999999999999999,-0.012820512820512706,23.514119455,2.2714226245880127,6,93.6806869506836
55.2,2.683631438222062,2.217956470966212,0.10999999999999999,-0.012820512820512706,23.514119455,2.2714226245880127,6,93.6806869506836
55.2,2.683631438222062,2.217956470966212,0.10999999999999999,-0.012820512820512706,23.514119455,2.2714226245880127,6,93.6806869506836
55.2,2.6798976914169055,2.217787046800938,0.10999999999999999,-0.012820512820512706,23.514119455,2.2714226245880127,6,93.6806869506836
55.2,2.6798976914169055,2.217787046800938,0.10999999999999999,-0.012820512820512706,23.221305833,2.2714226245880127,6,93.6806869506836
55.2,2.6798976914169055,2.217787046800938,0.10999999999999999,-0.012820512820512706,23.221305833,2.2714226245880127,6,93.6806869506836
55.2,2.6798976914169055,2.217787046800938,0.10999999999999999,-0.012820512820512706,23.221305833,2.2714226245880127,6,93.6806869506836
55.2,2.6798976914169055,2.217787046800938,0.10999999999999999,-0.012820512820512706,23.221305833,2.2714226245880127,6,93.6806869506836
55.2,2.67616314585139,2.217619472464003,0.10999999999999999,-0.012820512820512706,22.678238008,2.246422529220581,6,93.6806869506836
55.2,2.67616314585139,2.217619472464003,0.10999999999999999,-0.012820512820512706,22.678238008,2.246422529220581,6,93.6806869506836
55.300000000000004,2.67616314585139,2.217619472464003,0.10999999999999999,-0.012820512820512706,22.678238008,2.246422529220581,6,93.6806869506836
55.300000000000004,2.67616314585139,2.217619472464003,0.10999999999999999,-0.012820512820512706,22.678238008,2.246422529220581,6,93.6806869506836
55.300000000000004,2.67616314585139,2.217619472464003,0.10421052631578946,-0.012820512820512706,22.678238008,2.246422529220581,6,93.6806869506836
55.300000000000004,2.672427797399009,2.21745380778991,0.10421052631578946,-0.012820512820512706,22.397848706,2.246422529220581,6,93.6806869506836
55.300000000000004,2.672427797399009,2.21745380778991,0.10421052631578946,-0.012820512820512706,22.397848706,2.246422529220581,6,93.6806869506836
55.300000000000004,2.672427797399009,2.21745380778991,0.10421052631578946,-0.012820512820512706,22.397848706,2.246422529220581,6,93.6806869506836
55.300000000000004,2.672427797399009,2.21745380778991,0.09842105263157894,-0.012820512820512706,22.397848706,2.246422529220581,6,93.6806869506836
55.300000000000004,2.6688876797773626,2.2172981775741976,0.09842105263157894,-0.012820512820512706,22.114073577,2.246422529220581,6,93.6806869506836
55.300000000000004,2.6688876797773626,2.2172981775741976,0.09842105263157894,-0.012820512820512706,22.114073577,2.246422529220581,6,93.6806869506836
55.300000000000004,2.6688876797773626,2.2172981775741976,0.09842105263157894,-0.012820512820512706,22.114073577,2.246422529220581,6,93.6806869506836
55.300000000000004,2.6688876797773626,2.2172981775741976,0.09842105263157894,-0.012820512820512706,22.114073577,2.246422529220581,6,93.6806869506836
55.300000000000004,2.6655426698448346,2.2171524514860206,0.09842105263157894,-0.012820512820512706,21.976418032,2.246422529220581,6,93.6806869506836
55.300000000000004,2.6655426698448346,2.2171524514860206,0.09842105263157894,-0.012820512820512706,21.976418032,2.246422529220581,6,93.6806869506836
55.400000000000006,2.6655426698448346,2.2171524514860206,0.09842105263157894,-0.012820512820512706,21.976418032,2.246422529220581,6,93.6806869506836
55.400000000000006,2.6621967093737275,2.217008237841247,0.09842105263157894,-0.012820512820512706,21.698396485,2.246422529220581,6,93.6806869506836
55.400000000000006,2.6621967093737275,2.217008237841247,0.09842105263157894,-0.012820512820512706,21.698396485,2.246422529220581,6,93.6806869506836
55.400000000000006,2.6621967093737275,2.217008237841247,0.09263157894736841,-0.012820512820512706,21.698396485,2.246422529220581,6,93.6806869506836
55.400000000000006,2.6621967093737275,2.217008237841247,0.09263157894736841,-0.012820512820512706,21.698396485,2.246422529220581,6,93.6806869506836
55.400000000000006,2.6621967093737275,2.217008237841247,0.09263157894736841,-0.012820512820512706,21.472699417,2.2230563163757324,6,93.6806869506836
55.400000000000006,2.6588500480808204,2.216865528299677,0.09263157894736841,-0.012820512820512706,21.091817094,2.2230563163757324,6,93.6806869506836
55.400000000000006,2.6588500480808204,2.216865528299677,0.09263157894736841,-0.012820512820512706,21.091817094,2.2230563163757324,6,93.6806869506836
55.400000000000006,2.6588500480808204,2.216865528299677,0.09263157894736841,-0.012820512820512706,21.091817094,2.2230563163757324,6,93.6806869506836
55.400000000000006,2.6588500480808204,2.216865528299677,0.09263157894736841,-0.012820512820512706,21.091817094,2.2230563163757324,6,93.6806869506836
55.400000000000006,2.6588500480808204,2.216865528299677,0.09263157894736841,-0.012820512820512706,21.091817094,2.2230563163757324,6,93.6806869506836
55.400000000000006,2.655699122232031,2.216732477946524,0.09263157894736841,-0.012820512820512706,20.828072172,2.2230563163757324,6,93.6806869506836
55.400000000000006,2.655699122232031,2.216732477946524,0.09263157894736841,-0.012820512820512706,20.828072172,2.2230563163757324,6,93.6806869506836
55.5,2.655699122232031,2.216732477946524,0.09263157894736841,-0.012820512820512706,20.828072172,2.2230563163757324,6,93.62989044189453
55.5,2.655699122232031,2.216732477946524,0.09263157894736841,-0.012820512820512706,20.828072172,2.2230563163757324,6,93.62989044189453
55.5,2.6525485384996816,2.216600812424138,0.09263157894736841,-0.012820512820512706,21.863317245,2.2230563163757324,6,93.62989044189453
55.5,2.6525485384996816,2.216600812424138,0.09263157894736841,-0.012820512820512706,21.863317245,2.2230563163757324,6,93.62989044189453
55.5,2.6525485384996816,2.216600812424138,0.09263157894736841,-0.012820512820512706,21.863317245,2.2230563163757324,6,93.62989044189453
55.5,2.6525485384996816,2.216600812424138,0.08684210526315789,-0.012820512820512706,21.863317245,2.2230563163757324,6,93.62989044189453
55.5,2.6525485384996816,2.216600812424138,0.08684210526315789,-0.012820512820512706,21.863317245,2.2230563163757324,6,93.62989044189453
55.5,2.6525485384996816,2.216600812424138,0.08684210526315789,-0.012820512820512706,21.863317245,2.2230563163757324,6,93.62989044189453
55.5,2.6525485384996816,2.216600812424138,0.08684210526315789,-0.012820512820512706,21.863317245,2.2230563163757324,6,93.62989044189453
55.5,2.6525485384996816,2.216600812424138,0.08684210526315789,-0.012820512820512706,21.863317245,2.2230563163757324,6,93.62989044189453
55.5,2.649398312915518,2.2164705386275134,0.08684210526315789,-0.012820512820512706,21.863317245,2.2230563163757324,6,93.62989044189453
55.5,2.649398312915518,2.2164705386275134,0.08684210526315789,-0.012820512820512706,22.274174281,2.2230563163757324,6,93.62989044189453
55.5,2.649398312915518,2.2164705386275134,0.08684210526315789,-0.012820512820512706,22.274174281,2.2230563163757324,6,93.62989044189453
55.5,2.649398312915518,2.2164705386275134,0.08684210526315789,-0.012820512820512706,22.274174281,2.2230563163757324,6,93.62989044189453
55.5,2.6464453919185966,2.2163497321815924,0.08684210526315789,-0.012820512820512706,22.274174281,2.2230563163757324,6,93.62989044189453
55.5,2.6464453919185966,2.2163497321815924,0.08684210526315789,-0.012820512820512706,22.85449173,2.2230563163757324,6,93.62989044189453
55.6,2.6464453919185966,2.2163497321815924,0.08684210526315789,-0.012820512820512706,22.85449173,2.2230563163757324,6,93.62989044189453
55.6,2.6464453919185966,2.2163497321815924,0.08684210526315789,-0.012820512820512706,22.85449173,2.2230563163757324,6,93.62989044189453
55.6,2.6464453919185966,2.2163497321815924,0.08684210526315789,-0.012820512820512706,22.85449173,2.2230563163757324,6,93.62989044189453
55.6,2.643493466589763,2.2162302176964683,0.08684210526315789,-0.012820512820512706,23.468047223,2.2230563163757324,6,93.62989044189453
55.6,2.643493466589763,2.2162302176964683,0.08105263157894736,-0.012820512820512706,23.468047223,2.2230563163757324,6,93.62989044189453
55.6,2.643493466589763,2.2162302176964683,0.08105263157894736,-0.012820512820512706,23.468047223,2.2230563163757324,6,93.62989044189453
55.6,2.643493466589763,2.2162302176964683,0.08105263157894736,-0.012820512820512706,23.468047223,2.2230563163757324,6,93.62989044189453
55.6,2.643493466589763,2.2162302176964683,0.08105263157894736,-0.012820512820512706,23.468047223,2.2230563163757324,6,93.62989044189453
55.6,2.640542561250181,2.2161120047269343,0.08105263157894736,-0.012820512820512706,23.943771851,2.2230563163757324,6,93.62989044189453
55.6,2.640542561250181,2.2161120047269343,0.08105263157894736,-0.012820512820512706,23.943771851,2.2230563163757324,6,93.62989044189453
55.6,2.640542561250181,2.2161120047269343,0.08105263157894736,-0.012820512820512706,23.943771851,2.2230563163757324,6,93.62989044189453
55.6,2.640542561250181,2.2161120047269343,0.08105263157894736,-0.012820512820512706,23.943771851,2.2230563163757324,6,93.62989044189453
55.6,2.640542561250181,2.2161120047269343,0.08105263157894736,-0.012820512820512706,23.943771851,2.2230563163757324,6,93.62989044189453
55.6,2.6377888753532477,2.216002882452493,0.08105263157894736,-0.012820512820512706,23.943771851,2.2230563163757324,6,93.62989044189453
55.6,2.6377888753532477,2.216002882452493,0.08105263157894736,-0.012820512820512706,23.943771851,2.2230563163757324,6,93.62989044189453
55.6,2.6377888753532477,2.216002882452493,0.08105263157894736,-0.012820512820512706,24.460209589,2.2230563163757324,6,93.62989044189453
55.6,2.6377888753532477,2.216002882452493,0.08105263157894736,-0.012820512820512706,24.460209589,2.2230563163757324,6,93.62989044189453
55.7,2.6377888753532477,2.216002882452493,0.08105263157894736,-0.012820512820512706,24.460209589,2.2230563163757324,6,93.62989044189453
55.7,2.6377888753532477,2.216002882452493,0.08105263157894736,-0.012820512820512706,24.460209589,2.2230563163757324,6,93.62989044189453
55.7,2.6377888753532477,2.216002882452493,0.10999999999999999,-0.038461538461538346,24.460209589,2.2230563163757324,6,93.62989044189453
55.7,2.635036475035534,2.2158950293925814,0.10999999999999999,-0.038461538461538346,24.982033982,2.2230563163757324,6,93.62989044189453
55.7,2.635036475035534,2.2158950293925814,0.10999999999999999,-0.038461538461538346,24.982033982,2.2230563163757324,6,93.62989044189453
55.7,2.635036475035534,2.2158950293925814,0.10999999999999999,-0.038461538461538346,24.982033982,2.2230563163757324,6,93.62989044189453
55.7,2.635036475035534,2.2158950293925814,0.10999999999999999,-0.038461538461538346,24.982033982,2.2230563163757324,6,93.62989044189453
55.7,2.6303204418253325,2.2157130727270467,0.10421052631578946,-0.038461538461538346,23.796006846,2.2230563163757324,6,93.62989044189453
55.7,2.6303204418253325,2.2157130727270467,0.10421052631578946,-0.038461538461538346,23.796006846,2.2230563163757324,6,93.62989044189453
55.7,2.6303204418253325,2.2157130727270467,0.10421052631578946,-0.038461538461538346,23.796006846,2.2230563163757324,6,93.62989044189453
55.7,2.6303204418253325,2.2157130727270467,0.10421052631578946,-0.038461538461538346,23.796006846,2.2230563163757324,6,93.62989044189453
55.7,2.6267551083278375,2.215580303062943,0.10421052631578946,-0.038461538461538346,23.469275437,2.2230563163757324,6,93.62989044189453
55.800000000000004,2.6267551083278375,2.215580303062943,0.10421052631578946,-0.038461538461538346,23.469275437,2.2230563163757324,6,93.62989044189453
55.800000000000004,2.6267551083278375,2.215580303062943,0.10421052631578946,-0.038461538461538346,23.469275437,2.2230563163757324,6,93.62989044189453
55.800000000000004,2.6232145389738255,2.2154544160683933,0.10421052631578946,-0.038461538461538346,23.469275437,2.2230563163757324,6,93.62989044189453
55.800000000000004,2.6232145389738255,2.2154544160683933,0.10421052631578946,-0.038461538461538346,22.891407185,2.196422576904297,6,93.62989044189453
55.800000000000004,2.6232145389738255,2.2154544160683933,0.10421052631578946,-0.038461538461538346,22.891407185,2.196422576904297,6,93.62989044189453
55.800000000000004,2.6232145389738255,2.2154544160683933,0.09842105263157894,-0.012820512820512706,22.891407185,2.196422576904297,6,93.62989044189453
55.800000000000004,2.6196736029053698,2.2153327988259486,0.09842105263157894,-0.012820512820512706,22.593363448,2.196422576904297,6,93.62989044189453
55.800000000000004,2.6196736029053698,2.2153327988259486,0.09842105263157894,-0.012820512820512706,22.593363448,2.196422576904297,6,93.62989044189453
55.800000000000004,2.6196736029053698,2.2153327988259486,0.09842105263157894,-0.012820512820512706,22.593363448,2.196422576904297,6,93.62989044189453
55.800000000000004,2.6196736029053698,2.2153327988259486,0.09842105263157894,-0.012820512820512706,22.593363448,2.196422576904297,6,93.62989044189453
55.800000000000004,2.6196736029053698,2.2153327988259486,0.09842105263157894,-0.012820512820512706,22.593363448,2.196422576904297,6,93.62989044189453
55.800000000000004,2.616328119014156,2.215221191743326,0.09842105263157894,-0.012820512820512706,22.296654648,2.196422576904297,6,93.62989044189453
55.900000000000006,2.616328119014156,2.215221191743326,0.09842105263157894,-0.012820512820512706,22.296654648,2.196422576904297,6,93.62989044189453
55.900000000000006,2.616328119014156,2.215221191743326,0.09842105263157894,-0.012820512820512706,22.296654648,2.196422576904297,6,93.62989044189453
55.900000000000006,2.616328119014156,2.215221191743326,0.09842105263157894,-0.012820512820512706,22.296654648,2.196422576904297,6,93.62989044189453
55.900000000000006,2.612983038358867,2.2151112283417236,0.09263157894736841,-0.012820512820512706,22.007928467,2.196422576904297,6,93.62989044189453
55.900000000000006,2.612983038358867,2.2151112283417236,0.09263157894736841,-0.012820512820512706,22.007928467,2.196422576904297,6,93.62989044189453
55.900000000000006,2.612983038358867,2.2151112283417236,0.09263157894736841,-0.012820512820512706,22.007928467,2.196422576904297,6,93.62989044189453
55.900000000000006,2.609636720797781,2.21500174139869,0.09263157894736841,-0.012820512820512706,21.735993122,2.196422576904297,6,93.62989044189453
55.900000000000006,2.609636720797781,2.21500174139869,0.09263157894736841,-0.012820512820512706,21.735993122,2.196422576904297,6,93.62989044189453
55.900000000000006,2.609636720797781,2.21500174139869,0.09263157894736841,-0.012820512820512706,21.735993122,2.196422576904297,6,93.62989044189453
55.900000000000006,2.6064848789538013,2.2149000986538416,0.09263157894736841,-0.012820512820512706,21.735993122,2.196422576904297,6,93.62989044189453
55.900000000000006,2.6064848789538013,2.2149000986538416,0.09263157894736841,-0.012820512820512706,21.454562509,2.196422576904297,6,93.62989044189453
56.0,2.6064848789538013,2.2149000986538416,0.09263157894736841,-0.012820512820512706,21.454562509,2.196422576904297,6,93.58064270019531
56.0,2.6064848789538013,2.2149000986538416,0.09263157894736841,-0.012820512820512706,21.454562509,2.196422576904297,6,93.58064270019531
56.0,2.6064848789538013,2.2149000986538416,0.08684210526315789,-0.012820512820512706,21.454562509,2.196422576904297,6,93.58064270019531
56.0,2.6033329016053686,2.2148002873541586,0.08684210526315789,-0.012820512820512706,21.198348244,2.196422576904297,6,93.58064270019531
56.0,2.6033329016053686,2.2148002873541586,0.08684210526315789,-0.012820512820512706,21.198348244,2.196422576904297,6,93.58064270019531
56.0,2.6033329016053686,2.2148002873541586,0.08684210526315789,-0.012820512820512706,21.198348244,2.196422576904297,6,93.58064270019531
56.0,2.6033329016053686,2.2148002873541586,0.08684210526315789,-0.012820512820512706,21.198348244,2.196422576904297,6,93.58064270019531
56.0,2.600377293201259,2.2147078339748694,0.08684210526315789,-0.012820512820512706,22.430241995,2.196422576904297,6,93.58064270019531
56.0,2.600377293201259,2.2147078339748694,0.08684210526315789,-0.012820512820512706,22.174938904,2.1714227199554443,6,93.58064270019531
56.0,2.600377293201259,2.2147078339748694,0.08684210526315789,-0.012820512820512706,22.174938904,2.1714227199554443,6,93.58064270019531
56.0,2.600377293201259,2.2147078339748694,0.08684210526315789,-0.012820512820512706,22.174938904,2.1714227199554443,6,93.58064270019531
56.0,2.600377293201259,2.2147078339748694,0.08684210526315789,-0.012820512820512706,22.174938904,2.1714227199554443,6,93.58064270019531
56.0,2.597422110070045,2.2146164572197216,0.08105263157894736,-0.012820512820512706,22.174938904,2.1714227199554443,6,93.58064270019531
56.0,2.597422110070045,2.2146164572197216,0.08105263157894736,-0.012820512820512706,22.632983554,2.1714227199554443,6,93.58064270019531
56.1,2.597422110070045,2.2146164572197216,0.08105263157894736,-0.012820512820512706,22.632983554,2.1714227199554443,6,93.58064270019531
56.1,2.597422110070045,2.2146164572197216,0.08105263157894736,-0.012820512820512706,22.632983554,2.1714227199554443,6,93.58064270019531
56.1,2.597422110070045,2.2146164572197216,0.08105263157894736,-0.012820512820512706,22.632983554,2.1714227199554443,6,93.58064270019531
56.1,2.594663937420984,2.214532525572962,0.08105263157894736,-0.012820512820512706,23.236368999,2.1714227199554443,6,93.58064270019531
56.1,2.594663937420984,2.214532525572962,0.08105263157894736,-0.012820512820512706,23.236368999,2.1714227199554443,6,93.58064270019531
56.1,2.594663937420984,2.214532525572962,0.08105263157894736,-0.012820512820512706,23.236368999,2.1714227199554443,6,93.58064270019531
56.1,2.594663937420984,2.214532525572962,0.08105263157894736,-0.012820512820512706,23.236368999,2.1714227199554443,6,93.58064270019531
56.1,2.594663937420984,2.214532525572962,0.08105263157894736,-0.012820512820512706,23.236368999,2.1714227199554443,6,93.58064270019531
56.1,2.594663937420984,2.214532525572962,0.08105263157894736,-0.012820512820512706,23.236368999,2.1714227199554443,6,93.58064270019531
56.1,2.5919068905797924,2.2144498476584102,0.08105263157894736,-0.012820512820512706,23.891249557000002,2.1714227199554443,6,93.58064270019531
56.1,2.5919068905797924,2.2144498476584102,0.08105263157894736,-0.012820512820512706,23.891249557000002,2.1714227199554443,6,93.58064270019531
56.1,2.5919068905797924,2.2144498476584102,0.08105263157894736,-0.012820512820512706,23.891249557000002,2.1714227199554443,6,93.58064270019531
56.1,2.5919068905797924,2.2144498476584102,0.08105263157894736,-0.012820512820512706,23.891249557000002,2.1714227199554443,6,93.58064270019531
56.2,2.5891513997944795,2.214368345389355,0.08105263157894736,-0.012820512820512706,23.888732794,2.124856948852539,6,93.58064270019531
56.2,2.5891513997944795,2.214368345389355,0.08105263157894736,-0.012820512820512706,23.888732794,2.124856948852539,6,93.58064270019531
56.2,2.5891513997944795,2.214368345389355,0.08105263157894736,-0.012820512820512706,23.888732794,2.124856948852539,6,93.58064270019531
56.2,2.5863968781830433,2.2142880356221983,0.08105263157894736,-0.012820512820512706,24.405651172,2.124856948852539,6,93.58064270019531
56.2,2.5863968781830433,2.2142880356221983,0.08105263157894736,-0.012820512820512706,24.405651172,2.124856948852539,6,93.58064270019531
56.2,2.5863968781830433,2.2142880356221983,0.10999999999999999,-0.012820512820512706,24.405651172,2.124856948852539,6,93.58064270019531
56.2,2.5863968781830433,2.2142880356221983,0.10999999999999999,-0.012820512820512706,24.405651172,2.124856948852539,6,93.58064270019531
56.2,2.583643570235139,2.2142089922997963,0.10999999999999999,-0.012820512820512706,24.405651172,2.124856948852539,6,93.58064270019531
56.2,2.583643570235139,2.2142089922997963,0.10999999999999999,-0.012820512820512706,24.963518981,2.124856948852539,6,93.58064270019531
56.2,2.583643570235139,2.2142089922997963,0.10999999999999999,-0.012820512820512706,24.963518981,2.124856948852539,6,93.58064270019531
56.2,2.583643570235139,2.2142089922997963,0.10999999999999999,-0.012820512820512706,24.963518981,2.124856948852539,6,93.58064270019531
56.300000000000004,2.57909764804189,2.2140812672810686,0.10999999999999999,-0.012820512820512706,23.710200505,2.124856948852539,6,93.58064270019531
56.300000000000004,2.57909764804189,2.2140812672810686,0.10999999999999999,-0.012820512820512706,23.710200505,2.124856948852539,6,93.58064270019531
56.300000000000004,2.57909764804189,2.2140812672810686,0.10999999999999999,-0.012820512820512706,23.710200505,2.124856948852539,6,93.58064270019531
56.300000000000004,2.57909764804189,2.2140812672810686,0.10999999999999999,-0.012820512820512706,23.710200505,2.124856948852539,6,93.58064270019531
56.300000000000004,2.5753610535069873,2.213980703749635,0.10421052631578946,-0.012820512820512706,22.917144361,2.0964226722717285,6,93.58064270019531
56.300000000000004,2.5753610535069873,2.213980703749635,0.10421052631578946,-0.012820512820512706,22.917144361,2.0964226722717285,6,93.58064270019531
56.300000000000004,2.5753610535069873,2.213980703749635,0.10421052631578946,-0.012820512820512706,22.917144361,2.0964226722717285,6,93.58064270019531
56.300000000000004,2.5753610535069873,2.213980703749635,0.10421052631578946,-0.012820512820512706,22.917144361,2.0964226722717285,6,93.58064270019531
56.300000000000004,2.571822148648503,2.2138882379320965,0.10421052631578946,-0.012820512820512706,22.464375349,2.0964226722717285,6,93.58064270019531
56.300000000000004,2.571822148648503,2.2138882379320965,0.10421052631578946,-0.012820512820512706,22.464375349,2.0964226722717285,6,93.58064270019531
56.300000000000004,2.571822148648503,2.2138882379320965,0.10421052631578946,-0.012820512820512706,22.464375349,2.0964226722717285,6,93.58064270019531
56.300000000000004,2.571822148648503,2.2138882379320965,0.10421052631578946,-0.012820512820512706,22.464375349,2.0964226722717285,6,93.58064270019531
56.400000000000006,2.568282822439069,2.2137957851744026,0.10421052631578946,-0.012820512820512706,22.464375349,2.0964226722717285,6,93.58064270019531
56.400000000000006,2.568282822439069,2.2137957851744026,0.10421052631578946,-0.012820512820512706,22.015582462,2.0964226722717285,6,93.58064270019531
56.400000000000006,2.568282822439069,2.2137957851744026,0.09842105263157894,-0.012820512820512706,22.015582462,2.0964226722717285,6,93.58064270019531
56.400000000000006,2.568282822439069,2.2137957851744026,0.09842105263157894,-0.012820512820512706,22.015582462,2.0964226722717285,6,93.58064270019531
56.400000000000006,2.568282822439069,2.2137957851744026,0.09842105263157894,-0.012820512820512706,22.015582462,2.0964226722717285,6,93.58064270019531
56.400000000000006,2.568282822439069,2.2137957851744026,0.09842105263157894,-0.012820512820512706,22.015582462,2.0964226722717285,6,93.58064270019531
56.400000000000006,2.5647413004439303,2.2137045586504382,0.09842105263157894,-0.012820512820512706,21.453409945,2.0964226722717285,6,93.58064270019531
56.400000000000006,2.5647413004439303,2.2137045586504382,0.09842105263157894,-0.012820512820512706,21.453409945,2.0964226722717285,6,93.58064270019531
56.400000000000006,2.5647413004439303,2.2137045586504382,0.09842105263157894,-0.012820512820512706,21.453409945,2.0964226722717285,6,93.58064270019531
56.400000000000006,2.5647413004439303,2.2137045586504382,0.09842105263157894,-0.012820512820512706,21.453409945,2.0964226722717285,6,93.58064270019531
56.400000000000006,2.56139509571271,2.213620664400115,0.09842105263157894,-0.012820512820512706,21.035754299,2.0964226722717285,6,93.58064270019531
56.400000000000006,2.56139509571271,2.213620664400115,0.09842105263157894,-0.012820512820512706,21.035754299,2.0964226722717285,6,93.58064270019531
56.400000000000006,2.56139509571271,2.213620664400115,0.09842105263157894,-0.012820512820512706,21.035754299,2.0964226722717285,6,93.58064270019531
56.400000000000006,2.56139509571271,2.213620664400115,0.09842105263157894,-0.012820512820512706,21.035754299,2.0964226722717285,6,93.58064270019531
56.5,2.5580486875470214,2.2135381644092496,0.09842105263157894,-0.012820512820512706,20.63432183,2.0964226722717285,6,93.53553771972656
56.5,2.5580486875470214,2.2135381644092496,0.09842105263157894,-0.012820512820512706,20.63432183,2.0964226722717285,6,93.53553771972656
56.5,2.5580486875470214,2.2135381644092496,0.09263157894736841,-0.012820512820512706,20.63432183,2.0964226722717285,6,93.53553771972656
56.5,2.5580486875470214,2.2135381644092496,0.09263157894736841,-0.012820512820512706,20.63432183,2.0964226722717285,6,93.53553771972656
56.5,2.5547010113633646,2.2134566326890033,0.09263157894736841,-0.012820512820512706,20.258087176,2.0964226722717285,6,93.53553771972656
56.5,2.5547010113633646,2.2134566326890033,0.09263157894736841,-0.012820512820512706,20.258087176,2.0964226722717285,6,93.53553771972656
56.5,2.5547010113633646,2.2134566326890033,0.09263157894736841,-0.012820512820512706,20.258087176,2.0964226722717285,6,93.53553771972656
56.5,2.5515482064079156,2.21338135320338,0.08684210526315789,-0.012820512820512706,20.002120825,2.0964226722717285,6,93.53553771972656
56.5,2.5515482064079156,2.21338135320338,0.08684210526315789,-0.012820512820512706,20.002120825,2.0964226722717285,6,93.53553771972656
56.5,2.5515482064079156,2.21338135320338,0.08684210526315789,-0.012820512820512706,20.002120825,2.0964226722717285,6,93.53553771972656
56.6,2.5515482064079156,2.21338135320338,0.08684210526315789,-0.012820512820512706,20.002120825,2.0964226722717285,6,93.53553771972656
56.6,2.5483950186203397,2.2133076870810258,0.08684210526315789,-0.012820512820512706,20.651499526,2.071422576904297,6,93.53553771972656
56.6,2.5483950186203397,2.2133076870810258,0.08684210526315789,-0.012820512820512706,20.651499526,2.071422576904297,6,93.53553771972656
56.6,2.5483950186203397,2.2133076870810258,0.08684210526315789,-0.012820512820512706,20.651499526,2.071422576904297,6,93.53553771972656
56.6,2.5483950186203397,2.2133076870810258,0.08684210526315789,-0.012820512820512706,20.651499526,2.071422576904297,6,93.53553771972656
56.6,2.5454379499392634,2.213239780283148,0.08684210526315789,-0.012820512820512706,21.170247344,2.071422576904297,6,93.53553771972656
56.6,2.5454379499392634,2.213239780283148,0.08684210526315789,-0.012820512820512706,21.170247344,2.071422576904297,6,93.53553771972656
56.6,2.5454379499392634,2.213239780283148,0.08684210526315789,-0.012820512820512706,21.170247344,2.071422576904297,6,93.53553771972656
56.6,2.5454379499392634,2.213239780283148,0.08684210526315789,-0.012820512820512706,21.170247344,2.071422576904297,6,93.53553771972656
56.6,2.5424815213472325,2.213173112867182,0.08684210526315789,-0.012820512820512706,21.170247344,2.071422576904297,6,93.53553771972656
56.6,2.5424815213472325,2.213173112867182,0.08684210526315789,-0.012820512820512706,21.577401356,2.071422576904297,6,93.53553771972656
56.6,2.5424815213472325,2.213173112867182,0.08684210526315789,-0.012820512820512706,21.577401356,2.071422576904297,6,93.53553771972656
56.6,2.5424815213472325,2.213173112867182,0.08684210526315789,-0.012820512820512706,21.577401356,2.071422576904297,6,93.53553771972656
56.7,2.5424815213472325,2.213173112867182,0.08105263157894736,-0.012820512820512706,21.577401356,2.071422576904297,6,93.53553771972656
56.7,2.539525754493887,2.2131077893838964,0.08105263157894736,-0.012820512820512706,21.577401356,2.071422576904297,6,93.53553771972656
56.7,2.539525754493887,2.2131077893838964,0.08105263157894736,-0.012820512820512706,22.012307679,2.071422576904297,6,93.53553771972656
56.7,2.539525754493887,2.2131077893838964,0.08105263157894736,-0.012820512820512706,22.012307679,2.071422576904297,6,93.53553771972656
56.7,2.539525754493887,2.2131077893838964,0.08105263157894736,-0.012820512820512706,22.012307679,2.071422576904297,6,93.53553771972656
56.7,2.5367678903930058,2.2130480860843815,0.10999999999999999,-0.012820512820512706,22.012307679,2.071422576904297,6,93.53553771972656
56.7,2.5367678903930058,2.2130480860843815,0.10999999999999999,-0.012820512820512706,22.627223646,2.071422576904297,6,93.53553771972656
56.7,2.5367678903930058,2.2130480860843815,0.10999999999999999,-0.012820512820512706,22.627223646,2.071422576904297,6,93.53553771972656
56.7,2.5367678903930058,2.2130480860843815,0.10999999999999999,-0.012820512820512706,22.627223646,2.071422576904297,6,93.53553771972656
56.7,2.532046615483306,2.2129478981765747,0.10999999999999999,-0.012820512820512706,21.580070352,2.071422576904297,6,93.53553771972656
56.7,2.532046615483306,2.2129478981765747,0.10999999999999999,-0.012820512820512706,21.580070352,2.071422576904297,6,93.53553771972656
56.7,2.532046615483306,2.2129478981765747,0.10999999999999999,-0.012820512820512706,21.580070352,2.071422576904297,6,93.53553771972656
56.800000000000004,2.532046615483306,2.2129478981765747,0.10999999999999999,-0.012820512820512706,21.580070352,2.071422576904297,6,93.53553771972656
56.800000000000004,2.5283087828727178,2.2128702348946128,0.10999999999999999,-0.012820512820512706,21.297533618,2.071422576904297,6,93.53553771972656
56.800000000000004,2.5283087828727178,2.2128702348946128,0.10999999999999999,-0.012820512820512706,21.297533618,2.071422576904297,6,93.53553771972656
56.800000000000004,2.5283087828727178,2.2128702348946128,0.10421052631578946,-0.012820512820512706,21.297533618,2.071422576904297,6,93.53553771972656
56.800000000000004,2.524571621794376,2.2127943830613868,0.10421052631578946,-0.012820512820512706,21.034735913,2.071422576904297,6,93.53553771972656
56.800000000000004,2.524571621794376,2.2127943830613868,0.10421052631578946,-0.012820512820512706,21.034735913,2.071422576904297,6,93.53553771972656
56.800000000000004,2.524571621794376,2.2127943830613868,0.10421052631578946,-0.012820512820512706,21.034735913,2.071422576904297,6,93.53553771972656
56.800000000000004,2.524571621794376,2.2127943830613868,0.10421052631578946,-0.012820512820512706,21.034735913,2.071422576904297,6,93.53553771972656
56.800000000000004,2.5210312195142808,2.212723976582983,0.10421052631578946,-0.012820512820512706,20.519316407,2.0464224815368652,6,93.53553771972656
56.800000000000004,2.5210312195142808,2.212723976582983,0.10421052631578946,-0.012820512820512706,20.519316407,2.0464224815368652,6,93.53553771972656
56.800000000000004,2.5210312195142808,2.212723976582983,0.10421052631578946,-0.012820512820512706,20.519316407,2.0464224815368652,6,93.53553771972656
56.900000000000006,2.5210312195142808,2.212723976582983,0.10421052631578946,-0.012820512820512706,20.519316407,2.0464224815368652,6,93.53553771972656
56.900000000000006,2.5210312195142808,2.212723976582983,0.10421052631578946,-0.012820512820512706,20.519316407,2.0464224815368652,6,93.53553771972656
56.900000000000006,2.517490803005452,2.2126550994347984,0.09842105263157894,-0.012820512820512706,20.26791988,2.0464224815368652,6,93.53553771972656
56.900000000000006,2.517490803005452,2.2126550994347984,0.09842105263157894,-0.012820512820512706,20.26791988,2.0464224815368652,6,93.53553771972656
56.900000000000006,2.517490803005452,2.2126550994347984,0.09842105263157894,-0.012820512820512706,20.26791988,2.0464224815368652,6,93.53553771972656
56.900000000000006,2.517490803005452,2.2126550994347984,0.09842105263157894,-0.012820512820512706,20.26791988,2.0464224815368652,6,93.53553771972656
56.900000000000006,2.513950048290232,2.2125878061917192,0.09842105263157894,-0.012820512820512706,19.900852146,2.0464224815368652,6,93.53553771972656
56.900000000000006,2.513950048290232,2.2125878061917192,0.09842105263157894,-0.012820512820512706,19.900852146,2.0464224815368652,6,93.53553771972656
56.900000000000006,2.513950048290232,2.2125878061917192,0.09842105263157894,-0.012820512820512706,19.900852146,2.0464224815368652,6,93.53553771972656
56.900000000000006,2.5106046884747353,2.212525707241657,0.09842105263157894,-0.012820512820512706,19.662405886,2.0464224815368652,6,93.53553771972656
56.900000000000006,2.5106046884747353,2.212525707241657,0.09842105263157894,-0.012820512820512706,19.662405886,2.0464224815368652,6,93.53553771972656
56.900000000000006,2.5106046884747353,2.212525707241657,0.09842105263157894,-0.012820512820512706,19.662405886,2.0464224815368652,6,93.53553771972656
57.0,2.5106046884747353,2.212525707241657,0.09263157894736841,-0.012820512820512706,19.662405886,2.0464224815368652,6,93.48473358154297
57.0,2.507258529514047,2.212465032984137,0.09263157894736841,-0.012820512820512706,19.662405886,2.0464224815368652,6,93.48473358154297
57.0,2.507258529514047,2.212465032984137,0.09263157894736841,-0.012820512820512706,19.422374878,2.0464224815368652,6,93.48473358154297
57.0,2.507258529514047,2.212465032984137,0.09263157894736841,-0.012820512820512706,19.422374878,2.0464224815368652,6,93.48473358154297
57.0,2.507258529514047,2.212465032984137,0.09263157894736841,-0.012820512820512706,19.422374878,2.0464224815368652,6,93.48473358154297
57.0,2.5041075216268567,2.212409291780294,0.09263157894736841,-0.012820512820512706,19.182599298,2.0464224815368652,6,93.48473358154297
57.0,2.5041075216268567,2.212409291780294,0.09263157894736841,-0.012820512820512706,19.182599298,2.0464224815368652,6,93.48473358154297
57.0,2.5041075216268567,2.212409291780294,0.09263157894736841,-0.012820512820512706,19.182599298,2.0464224815368652,6,93.48473358154297
57.0,2.5009559475719394,2.2123549343307882,0.09263157894736841,-0.012820512820512706,19.943274245,2.0265190601348877,6,93.48473358154297
57.0,2.5009559475719394,2.2123549343307882,0.09263157894736841,-0.012820512820512706,19.943274245,2.0265190601348877,6,93.48473358154297
57.0,2.5009559475719394,2.2123549343307882,0.09263157894736841,-0.012820512820512706,19.943274245,2.0265190601348877,6,93.48473358154297
57.1,2.5009559475719394,2.2123549343307882,0.09263157894736841,-0.012820512820512706,19.943274245,2.0265190601348877,6,93.48473358154297
57.1,2.5009559475719394,2.2123549343307882,0.09263157894736841,-0.012820512820512706,19.943274245,2.0265190601348877,6,93.48473358154297
57.1,2.4978038704478736,2.2123019416414413,0.09263157894736841,-0.012820512820512706,20.323531537,2.0265190601348877,6,93.48473358154297
57.1,2.4978038704478736,2.2123019416414413,0.09263157894736841,-0.012820512820512706,20.323531537,2.0265190601348877,6,93.48473358154297
57.1,2.4978038704478736,2.2123019416414413,0.08684210526315789,-0.012820512820512706,20.323531537,2.0265190601348877,6,93.48473358154297
57.1,2.4978038704478736,2.2123019416414413,0.08684210526315789,-0.012820512820512706,20.323531537,2.0265190601348877,6,93.48473358154297
57.1,2.4978038704478736,2.2123019416414413,0.08684210526315789,-0.012820512820512706,20.323531537,2.0265190601348877,6,93.48473358154297
57.1,2.4948921793319077,2.2122691802438466,0.08684210526315789,-0.012820512820512706,20.70747066,2.0265190601348877,6,93.48473358154297
57.1,2.4948921793319077,2.2122691802438466,0.08684210526315789,-0.012820512820512706,20.70747066,2.0265190601348877,6,93.48473358154297
57.1,2.4948921793319077,2.2122691802438466,0.08105263157894736,-0.012820512820512706,20.70747066,2.0265190601348877,6,93.48473358154297
57.1,2.4928435879321325,2.212295828590313,0.08105263157894736,-0.012820512820512706,21.123849018,2.0265190601348877,6,93.48473358154297
57.1,2.4928435879321325,2.212295828590313,0.08105263157894736,-0.012820512820512706,21.123849018,2.0265190601348877,6,93.48473358154297
57.2,2.4928435879321325,2.212295828590313,0.08105263157894736,-0.012820512820512706,21.123849018,2.0265190601348877,6,93.48473358154297
57.2,2.4928435879321325,2.212295828590313,0.08105263157894736,-0.012820512820512706,21.123849018,2.0265190601348877,6,93.48473358154297
57.2,2.4928435879321325,2.212295828590313,0.08105263157894736,-0.012820512820512706,21.123849018,2.0265190601348877,6,93.48473358154297
57.2,2.4909897404257975,2.212329967870699,0.08105263157894736,-0.012820512820512706,21.123849018,2.0265190601348877,6,93.48473358154297
57.2,2.4909897404257975,2.212329967870699,0.08105263157894736,-0.012820512820512706,21.700618474,2.0265190601348877,6,93.48473358154297
57.2,2.4909897404257975,2.212329967870699,0.08105263157894736,-0.012820512820512706,21.700618474,2.0265190601348877,6,93.48473358154297
57.2,2.4909897404257975,2.212329967870699,0.08105263157894736,-0.012820512820512706,21.700618474,2.0265190601348877,6,93.48473358154297
57.2,2.4891347261185577,2.2123685755994806,0.10999999999999999,-0.012820512820512706,22.310720183,2.0265190601348877,6,93.48473358154297
57.2,2.4891347261185577,2.2123685755994806,0.10999999999999999,-0.012820512820512706,22.310720183,2.0265190601348877,6,93.48473358154297
57.2,2.4891347261185577,2.2123685755994806,0.10999999999999999,-0.012820512820512706,22.310720183,2.0265190601348877,6,93.48473358154297
57.2,2.4891347261185577,2.2123685755994806,0.10999999999999999,-0.012820512820512706,22.310720183,2.0265190601348877,6,93.48473358154297
57.2,2.4853131887052102,2.2124011787239812,0.10999999999999999,-0.012820512820512706,21.270987944,2.0265190601348877,6,93.48473358154297
57.300000000000004,2.4853131887052102,2.2124011787239812,0.10999999999999999,-0.012820512820512706,21.270987944,2.0265190601348877,6,93.48473358154297
57.300000000000004,2.4853131887052102,2.2124011787239812,0.10999999999999999,-0.012820512820512706,21.270987944,2.0265190601348877,6,93.48473358154297
57.300000000000004,2.482472065756914,2.2124502951543534,0.10999999999999999,-0.012820512820512706,20.98857298,2.0265190601348877,6,93.48473358154297
57.300000000000004,2.482472065756914,2.2124502951543534,0.10999999999999999,-0.012820512820512706,20.98857298,2.0265190601348877,6,93.48473358154297
57.300000000000004,2.482472065756914,2.2124502951543534,0.10999999999999999,-0.012820512820512706,20.98857298,2.0265190601348877,6,93.48473358154297
57.300000000000004,2.482472065756914,2.2124502951543534,0.10421052631578946,-0.012820512820512706,20.98857298,2.0265190601348877,6,93.48473358154297
57.300000000000004,2.4792873346234434,2.2124841180298436,0.10421052631578946,-0.012820512820512706,20.582427659,2.0265190601348877,6,93.48473358154297
57.300000000000004,2.4792873346234434,2.2124841180298436,0.10421052631578946,-0.012820512820512706,20.582427659,2.0265190601348877,6,93.48473358154297
57.300000000000004,2.4792873346234434,2.2124841180298436,0.10421052631578946,-0.012820512820512706,20.582427659,2.0265190601348877,6,93.48473358154297
57.300000000000004,2.4792873346234434,2.2124841180298436,0.10421052631578946,-0.012820512820512706,20.582427659,2.0265190601348877,6,93.48473358154297
57.300000000000004,2.4757451801803976,2.2124823787356096,0.10421052631578946,-0.012820512820512706,20.327180043,2.0265190601348877,6,93.48473358154297
57.300000000000004,2.4757451801803976,2.2124823787356096,0.10421052631578946,-0.012820512820512706,20.327180043,2.0265190601348877,6,93.48473358154297
57.400000000000006,2.4757451801803976,2.2124823787356096,0.10421052631578946,-0.012820512820512706,20.327180043,2.0265190601348877,6,93.48473358154297
57.400000000000006,2.4757451801803976,2.2124823787356096,0.10421052631578946,-0.012820512820512706,20.327180043,2.0265190601348877,6,93.48473358154297
57.400000000000006,2.4757451801803976,2.2124823787356096,0.10421052631578946,-0.012820512820512706,20.327180043,2.0265190601348877,6,93.48473358154297
57.400000000000006,2.4722029479644196,2.2124821902676604,0.10421052631578946,-0.012820512820512706,19.778454731,1.996422529220581,6,93.48473358154297
57.400000000000006,2.4722029479644196,2.2124821902676604,0.10421052631578946,-0.012820512820512706,19.778454731,1.996422529220581,6,93.48473358154297
57.400000000000006,2.4722029479644196,2.2124821902676604,0.10421052631578946,-0.012820512820512706,19.778454731,1.996422529220581,6,93.48473358154297
57.400000000000006,2.4686602991988855,2.212483547817374,0.10421052631578946,-0.012820512820512706,19.536095317,1.996422529220581,6,93.48473358154297
57.400000000000006,2.4686602991988855,2.212483547817374,0.10421052631578946,-0.012820512820512706,19.536095317,1.996422529220581,6,93.48473358154297
57.400000000000006,2.4686602991988855,2.212483547817374,0.09842105263157894,-0.012820512820512706,19.536095317,1.996422529220581,6,93.48473358154297
57.400000000000006,2.4686602991988855,2.212483547817374,0.09842105263157894,-0.012820512820512706,19.536095317,1.996422529220581,6,93.48473358154297
57.400000000000006,2.4651170896423196,2.212486429798925,0.09842105263157894,-0.012820512820512706,19.176360666,1.996422529220581,6,93.48473358154297
57.50000000000001,2.4651170896423196,2.212486429798925,0.09842105263157894,-0.012820512820512706,19.176360666,1.996422529220581,6,93.48473358154297
57.50000000000001,2.4651170896423196,2.212486429798925,0.09842105263157894,-0.012820512820512706,19.176360666,1.996422529220581,6,93.43924713134766
57.50000000000001,2.4651170896423196,2.212486429798925,0.09263157894736841,-0.012820512820512706,19.176360666,1.996422529220581,6,93.43924713134766
57.50000000000001,2.4617696119030823,2.212490651422897,0.09263157894736841,-0.012820512820512706,18.82473532,1.996422529220581,6,93.43924713134766
57.50000000000001,2.4617696119030823,2.212490651422897,0.09263157894736841,-0.012820512820512706,18.82473532,1.996422529220581,6,93.43924713134766
57.50000000000001,2.4617696119030823,2.212490651422897,0.09263157894736841,-0.012820512820512706,18.82473532,1.996422529220581,6,93.43924713134766
57.50000000000001,2.458618000551878,2.2124959718735857,0.09263157894736841,-0.012820512820512706,18.593268645,1.996422529220581,6,93.43924713134766
57.50000000000001,2.458618000551878,2.2124959718735857,0.09263157894736841,-0.012820512820512706,18.593268645,1.996422529220581,6,93.43924713134766
57.50000000000001,2.458618000551878,2.2124959718735857,0.09263157894736841,-0.012820512820512706,18.593268645,1.996422529220581,6,93.43924713134766
57.50000000000001,2.458618000551878,2.2124959718735857,0.09263157894736841,-0.012820512820512706,18.593268645,1.996422529220581,6,93.43924713134766
57.6,2.455466241314878,2.2125026771080725,0.09263157894736841,-0.012820512820512706,19.51863731,1.996422529220581,6,93.43924713134766
57.6,2.455466241314878,2.2125026771080725,0.09263157894736841,-0.012820512820512706,19.51863731,1.996422529220581,6,93.43924713134766
57.6,2.455466241314878,2.2125026771080725,0.08105263157894736,-0.012820512820512706,19.51863731,1.996422529220581,6,93.43924713134766
57.6,2.455466241314878,2.2125026771080725,0.08105263157894736,-0.012820512820512706,19.51863731,1.996422529220581,6,93.43924713134766
57.6,2.452314133416268,2.2125107301310125,0.08105263157894736,-0.012820512820512706,19.889136238,1.996422529220581,6,93.43924713134766
57.6,2.452314133416268,2.2125107301310125,0.08105263157894736,-0.012820512820512706,19.889136238,1.996422529220581,6,93.43924713134766
57.6,2.452314133416268,2.2125107301310125,0.08105263157894736,-0.012820512820512706,19.889136238,1.996422529220581,6,93.43924713134766
57.6,2.452314133416268,2.2125107301310125,0.08105263157894736,-0.012820512820512706,19.889136238,1.996422529220581,6,93.43924713134766
57.6,2.448965657179934,2.2125207810528504,0.08105263157894736,-0.012820512820512706,19.889136238,1.996422529220581,6,93.43924713134766
57.6,2.448965657179934,2.2125207810528504,0.08105263157894736,-0.012820512820512706,20.147520794,1.996422529220581,6,93.43924713134766
57.6,2.448965657179934,2.2125207810528504,0.08105263157894736,-0.012820512820512706,20.147520794,1.996422529220581,6,93.43924713134766
57.6,2.448965657179934,2.2125207810528504,0.08105263157894736,-0.012820512820512706,20.147520794,1.996422529220581,6,93.43924713134766
57.6,2.448965657179934,2.2125207810528504,0.10999999999999999,-0.012820512820512706,20.147520794,1.996422529220581,6,93.43924713134766
57.6,2.448965657179934,2.2125207810528504,0.10999999999999999,-0.012820512820512706,20.147520794,1.996422529220581,6,93.43924713134766
57.6,2.4462064172331472,2.2125302409245693,0.10999999999999999,-0.012820512820512706,20.404929624,1.9714224338531494,6,93.43924713134766
57.7,2.4462064172331472,2.2125302409245693,0.10999999999999999,-0.012820512820512706,20.404929624,1.9714224338531494,6,93.43924713134766
57.7,2.4462064172331472,2.2125302409245693,0.10999999999999999,-0.012820512820512706,20.404929624,1.9714224338531494,6,93.43924713134766
57.7,2.442466737206179,2.2125447291541636,0.10999999999999999,-0.012820512820512706,20.264868905,1.9714224338531494,6,93.43924713134766
57.7,2.442466737206179,2.2125447291541636,0.10999999999999999,-0.012820512820512706,20.264868905,1.9714224338531494,6,93.43924713134766
57.7,2.442466737206179,2.2125447291541636,0.10999999999999999,-0.012820512820512706,20.264868905,1.9714224338531494,6,93.43924713134766
57.7,2.442466737206179,2.2125447291541636,0.10999999999999999,-0.012820512820512706,20.264868905,1.9714224338531494,6,93.43924713134766
57.7,2.438726787095147,2.212560826554161,0.10999999999999999,-0.012820512820512706,20.129075612,1.9714224338531494,6,93.43924713134766
57.7,2.438726787095147,2.212560826554161,0.10999999999999999,-0.012820512820512706,20.129075612,1.9714224338531494,6,93.43924713134766
57.7,2.438726787095147,2.212560826554161,0.10999999999999999,-0.012820512820512706,20.129075612,1.9714224338531494,6,93.43924713134766
57.7,2.438726787095147,2.212560826554161,0.10999999999999999,-0.012820512820512706,20.129075612,1.9714224338531494,6,93.43924713134766
57.7,2.4349868463813586,2.2125785577534844,0.10999999999999999,-0.012820512820512706,20.129075612,1.9714224338531494,6,93.43924713134766
57.800000000000004,2.4349868463813586,2.2125785577534844,0.10999999999999999,-0.012820512820512706,20.005799551,1.9714224338531494,6,93.43924713134766
57.800000000000004,2.4349868463813586,2.2125785577534844,0.10999999999999999,-0.012820512820512706,20.005799551,1.9714224338531494,6,93.43924713134766
57.800000000000004,2.431247720124598,2.2125979306578456,0.10999999999999999,-0.012820512820512706,20.005799551,1.9714224338531494,6,93.43924713134766
57.800000000000004,2.431247720124598,2.2125979306578456,0.10999999999999999,-0.012820512820512706,19.751052967,1.9714224338531494,6,93.43924713134766
57.800000000000004,2.431247720124598,2.2125979306578456,0.10999999999999999,-0.012820512820512706,19.751052967,1.9714224338531494,6,93.43924713134766
57.800000000000004,2.431247720124598,2.2125979306578456,0.10999999999999999,-0.012820512820512706,19.751052967,1.9714224338531494,6,93.43924713134766
57.800000000000004,2.4275083717207293,2.212618918255002,0.10999999999999999,-0.012820512820512706,19.39007873,1.9714224338531494,6,93.43924713134766
57.800000000000004,2.4275083717207293,2.212618918255002,0.09842105263157894,-0.012820512820512706,19.39007873,1.9714224338531494,6,93.43924713134766
57.800000000000004,2.4275083717207293,2.212618918255002,0.09842105263157894,-0.012820512820512706,19.39007873,1.9714224338531494,6,93.43924713134766
57.800000000000004,2.4275083717207293,2.212618918255002,0.09842105263157894,-0.012820512820512706,19.39007873,1.9714224338531494,6,93.43924713134766
57.900000000000006,2.4237691134702803,2.212641555640202,0.09842105263157894,-0.012820512820512706,19.034315857,1.9714224338531494,6,93.43924713134766
57.900000000000006,2.4237691134702803,2.212641555640202,0.09842105263157894,-0.012820512820512706,19.034315857,1.9714224338531494,6,93.43924713134766
57.900000000000006,2.4237691134702803,2.212641555640202,0.09842105263157894,-0.012820512820512706,19.034315857,1.9714224338531494,6,93.43924713134766
57.900000000000006,2.4204223537500127,2.212663270118351,0.09842105263157894,-0.012820512820512706,18.67812126,1.9464225769042969,6,93.43924713134766
57.900000000000006,2.4204223537500127,2.212663270118351,0.09842105263157894,-0.012820512820512706,18.67812126,1.9464225769042969,6,93.43924713134766
57.900000000000006,2.4204223537500127,2.212663270118351,0.09842105263157894,-0.012820512820512706,18.67812126,1.9464225769042969,6,93.43924713134766
57.900000000000006,2.4204223537500127,2.212663270118351,0.09263157894736841,-0.012820512820512706,18.67812126,1.9464225769042969,6,93.43924713134766
57.900000000000006,2.4170754410659687,2.212686448603707,0.09263157894736841,-0.012820512820512706,18.675516228,1.9464224576950073,6,93.43924713134766
57.900000000000006,2.4170754410659687,2.212686448603707,0.09263157894736841,-0.012820512820512706,18.675516228,1.9464224576950073,6,93.43924713134766
57.900000000000006,2.4170754410659687,2.212686448603707,0.09263157894736841,-0.012820512820512706,18.675516228,1.9464224576950073,6,93.43924713134766
58.00000000000001,2.41392447976138,2.212709642115759,0.09263157894736841,-0.012820512820512706,18.46125438,1.9464224576950073,6,93.38805389404297
58.00000000000001,2.41392447976138,2.212709642115759,0.09263157894736841,-0.012820512820512706,18.46125438,1.9464224576950073,6,93.38805389404297
58.00000000000001,2.41392447976138,2.212709642115759,0.09263157894736841,-0.012820512820512706,18.46125438,1.9464224576950073,6,93.38805389404297
58.00000000000001,2.41392447976138,2.212709642115759,0.09263157894736841,-0.012820512820512706,18.46125438,1.9464224576950073,6,93.38805389404297
58.00000000000001,2.4107733991939027,2.21273418926141,0.09263157894736841,-0.012820512820512706,18.799883597,1.9464224576950073,6,93.38805389404297
58.00000000000001,2.4107733991939027,2.21273418926141,0.09263157894736841,-0.012820512820512706,18.799883597,1.9464224576950073,6,93.38805389404297
58.00000000000001,2.4107733991939027,2.21273418926141,0.09263157894736841,-0.012820512820512706,18.799883597,1.9464224576950073,6,93.38805389404297
58.00000000000001,2.4107733991939027,2.21273418926141,0.09263157894736841,-0.012820512820512706,18.799883597,1.9464224576950073,6,93.38805389404297
58.00000000000001,2.407622232189184,2.2127601458490096,0.09263157894736841,-0.012820512820512706,19.156480833,1.9464224576950073,6,93.38805389404297
58.00000000000001,2.407622232189184,2.2127601458490096,0.09263157894736841,-0.012820512820512706,19.156480833,1.9464224576950073,6,93.38805389404297
58.00000000000001,2.407622232189184,2.2127601458490096,0.09263157894736841,-0.012820512820512706,19.156480833,1.9464224576950073,6,93.38805389404297
58.1,2.404470939962693,2.212787446676744,0.08684210526315789,-0.012820512820512706,19.512088029,1.9464224576950073,6,93.38805389404297
58.1,2.404470939962693,2.212787446676744,0.08684210526315789,-0.012820512820512706,19.512088029,1.9464224576950073,6,93.38805389404297
58.1,2.404470939962693,2.212787446676744,0.08684210526315789,-0.012820512820512706,19.512088029,1.9464224576950073,6,93.38805389404297
58.1,2.404470939962693,2.212787446676744,0.08684210526315789,-0.012820512820512706,19.512088029,1.9464224576950073,6,93.38805389404297
58.1,2.4015164000336657,2.2128143495668553,0.08684210526315789,-0.012820512820512706,20.028554252,1.9464224576950073,6,93.38805389404297
58.1,2.4015164000336657,2.2128143495668553,0.08105263157894736,-0.012820512820512706,20.028554252,1.9464224576950073,6,93.38805389404297
58.1,2.4015164000336657,2.2128143495668553,0.08105263157894736,-0.012820512820512706,20.028554252,1.9464224576950073,6,93.38805389404297
58.1,2.4015164000336657,2.2128143495668553,0.08105263157894736,-0.012820512820512706,20.028554252,1.9464224576950073,6,93.38805389404297
58.1,2.3985620618487,2.212842515953226,0.08105263157894736,-0.012820512820512706,20.556055586,1.9464224576950073,6,93.38805389404297
58.1,2.3985620618487,2.212842515953226,0.08105263157894736,-0.012820512820512706,20.556055586,1.9464224576950073,6,93.38805389404297
58.1,2.3985620618487,2.212842515953226,0.08105263157894736,-0.012820512820512706,20.556055586,1.9464224576950073,6,93.38805389404297
58.2,2.3958048269086873,2.212870005758515,0.08105263157894736,-0.012820512820512706,20.98369369,1.9214226007461548,6,93.38805389404297
58.2,2.3958048269086873,2.212870005758515,0.08105263157894736,-0.012820512820512706,20.98369369,1.9214226007461548,6,93.38805389404297
58.2,2.3958048269086873,2.212870005758515,0.08105263157894736,-0.012820512820512706,20.98369369,1.9214226007461548,6,93.38805389404297
58.2,2.3958048269086873,2.212870005758515,0.08105263157894736,-0.012820512820512706,20.98369369,1.9214226007461548,6,93.38805389404297
58.2,2.3930479442870918,2.2128987198845738,0.08105263157894736,-0.012820512820512706,21.441682583,1.9214226007461548,6,93.38805389404297
58.2,2.3930479442870918,2.2128987198845738,0.08105263157894736,-0.012820512820512706,21.441682583,1.9214226007461548,6,93.38805389404297
58.2,2.3930479442870918,2.2128987198845738,0.08105263157894736,-0.012820512820512706,21.441682583,1.9214226007461548,6,93.38805389404297
58.2,2.3930479442870918,2.2128987198845738,0.08105263157894736,-0.012820512820512706,21.441682583,1.9214226007461548,6,93.38805389404297
58.2,2.39029186445926,2.2129285975442783,0.08105263157894736,-0.012820512820512706,21.905630357,1.9214226007461548,6,93.38805389404297
58.2,2.39029186445926,2.2129285975442783,0.10999999999999999,-0.012820512820512706,21.905630357,1.9214226007461548,6,93.38805389404297
58.300000000000004,2.39029186445926,2.2129285975442783,0.10999999999999999,-0.012820512820512706,21.905630357,1.9214226007461548,6,93.38805389404297
58.300000000000004,2.38753619119241,2.21295970541724,0.10999999999999999,-0.012820512820512706,22.231771112,1.9214226007461548,6,93.38805389404297
58.300000000000004,2.38753619119241,2.21295970541724,0.10999999999999999,-0.012820512820512706,22.231771112,1.9214226007461548,6,93.38805389404297
58.300000000000004,2.38753619119241,2.21295970541724,0.10999999999999999,-0.012820512820512706,22.231771112,1.9214226007461548,6,93.38805389404297
58.300000000000004,2.38753619119241,2.21295970541724,0.10421052631578946,-0.012820512820512706,22.231771112,1.9214226007461548,6,93.38805389404297
58.300000000000004,2.383209720179026,2.2130103991655377,0.10421052631578946,-0.012820512820512706,21.302929657,1.9214226007461548,6,93.38805389404297
58.300000000000004,2.383209720179026,2.2130103991655377,0.10421052631578946,-0.012820512820512706,21.302929657,1.9214226007461548,6,93.38805389404297
58.300000000000004,2.383209720179026,2.2130103991655377,0.10421052631578946,-0.012820512820512706,21.302929657,1.9214226007461548,6,93.38805389404297
58.300000000000004,2.379667976654727,2.213053449347602,0.10421052631578946,-0.012820512820512706,21.002202806,1.9214226007461548,6,93.38805389404297
58.300000000000004,2.379667976654727,2.213053449347602,0.10421052631578946,-0.012820512820512706,21.002202806,1.9214226007461548,6,93.38805389404297
58.300000000000004,2.379667976654727,2.213053449347602,0.10421052631578946,-0.012820512820512706,21.002202806,1.9214226007461548,6,93.38805389404297
58.400000000000006,2.3761264532772293,2.2130980369052717,0.10421052631578946,-0.012820512820512706,20.724677547,1.9214226007461548,6,93.38805389404297
58.400000000000006,2.3761264532772293,2.2130980369052717,0.10421052631578946,-0.012820512820512706,20.724677547,1.9214226007461548,6,93.38805389404297
58.400000000000006,2.3761264532772293,2.2130980369052717,0.10421052631578946,-0.012820512820512706,20.724677547,1.9214226007461548,6,93.38805389404297
58.400000000000006,2.3761264532772293,2.2130980369052717,0.09842105263157894,-0.012820512820512706,20.724677547,1.9214226007461548,6,93.38805389404297
58.400000000000006,2.372584157620808,2.213144163112409,0.09842105263157894,-0.012820512820512706,20.307823311,1.9214226007461548,6,93.38805389404297
58.400000000000006,2.372584157620808,2.213144163112409,0.09842105263157894,-0.012820512820512706,20.307823311,1.9214226007461548,6,93.38805389404297
58.400000000000006,2.372584157620808,2.213144163112409,0.09842105263157894,-0.012820512820512706,20.307823311,1.9214226007461548,6,93.38805389404297
58.400000000000006,2.372584157620808,2.213144163112409,0.09842105263157894,-0.012820512820512706,20.307823311,1.9214226007461548,6,93.38805389404297
58.400000000000006,2.369237419614058,2.213189199463951,0.09842105263157894,-0.012820512820512706,19.783306185,1.8964227437973022,6,93.38805389404297
58.400000000000006,2.369237419614058,2.213189199463951,0.09842105263157894,-0.012820512820512706,19.783306185,1.8964227437973022,6,93.38805389404297
58.50000000000001,2.369237419614058,2.213189199463951,0.09842105263157894,-0.012820512820512706,19.783306185,1.8964227437973022,6,93.3433609008789
58.50000000000001,2.365890074374488,2.213235731875439,0.09842105263157894,-0.012820512820512706,19.405590704,1.8964227437973022,6,93.3433609008789
58.50000000000001,2.365890074374488,2.213235731875439,0.09842105263157894,-0.012820512820512706,19.405590704,1.8964227437973022,6,93.3433609008789
58.50000000000001,2.365890074374488,2.213235731875439,0.09842105263157894,-0.012820512820512706,19.405590704,1.8964227437973022,6,93.3433609008789
58.50000000000001,2.365890074374488,2.213235731875439,0.09842105263157894,-0.012820512820512706,19.405590704,1.8964227437973022,6,93.3433609008789
58.50000000000001,2.362542018175027,2.213283704659826,0.09842105263157894,-0.012820512820512706,19.028250692,1.8964227437973022,6,93.3433609008789
58.50000000000001,2.362542018175027,2.213283704659826,0.09842105263157894,-0.012820512820512706,19.028250692,1.8964227437973022,6,93.3433609008789
58.50000000000001,2.362542018175027,2.213283704659826,0.09842105263157894,-0.012820512820512706,19.028250692,1.8964227437973022,6,93.3433609008789
58.50000000000001,2.362542018175027,2.213283704659826,0.09263157894736841,-0.012820512820512706,19.028250692,1.8964227437973022,6,93.3433609008789
58.50000000000001,2.359193512670684,2.2133331517982056,0.09263157894736841,-0.012820512820512706,18.675408794,1.8964227437973022,6,93.3433609008789
58.50000000000001,2.359193512670684,2.2133331517982056,0.09263157894736841,-0.012820512820512706,18.675408794,1.8964227437973022,6,93.3433609008789
58.6,2.359193512670684,2.2133331517982056,0.09263157894736841,-0.012820512820512706,18.675408794,1.8964227437973022,6,93.3433609008789
58.6,2.359193512670684,2.2133331517982056,0.09263157894736841,-0.012820512820512706,18.675408794,1.8964227437973022,6,93.3433609008789
58.6,2.3560411325157204,2.2133810791052184,0.08684210526315789,-0.012820512820512706,18.440840828,1.8964227437973022,6,93.3433609008789
58.6,2.3560411325157204,2.2133810791052184,0.08684210526315789,-0.012820512820512706,18.440840828,1.8964227437973022,6,93.3433609008789
58.6,2.3560411325157204,2.2133810791052184,0.08684210526315789,-0.012820512820512706,18.440840828,1.8964227437973022,6,93.3433609008789
58.6,2.352889022302361,2.213430358926038,0.08684210526315789,-0.012820512820512706,19.144347424,1.8964227437973022,6,93.3433609008789
58.6,2.352889022302361,2.213430358926038,0.08684210526315789,-0.012820512820512706,19.144347424,1.8964227437973022,6,93.3433609008789
58.6,2.352889022302361,2.213430358926038,0.08684210526315789,-0.012820512820512706,19.144347424,1.8964227437973022,6,93.3433609008789
58.6,2.349933746644043,2.213477863547169,0.08684210526315789,-0.012820512820512706,19.525776886,1.8964227437973022,6,93.3433609008789
58.6,2.349933746644043,2.213477863547169,0.08684210526315789,-0.012820512820512706,19.525776886,1.8964227437973022,6,93.3433609008789
58.7,2.349933746644043,2.213477863547169,0.08684210526315789,-0.012820512820512706,19.525776886,1.8964227437973022,6,93.3433609008789
58.7,2.349933746644043,2.213477863547169,0.08684210526315789,-0.012820512820512706,19.525776886,1.8964227437973022,6,93.3433609008789
58.7,2.346979161702341,2.213526624039986,0.08105263157894736,-0.012820512820512706,19.904980796,1.8964227437973022,6,93.3433609008789
58.7,2.346979161702341,2.213526624039986,0.08105263157894736,-0.012820512820512706,19.904980796,1.8964227437973022,6,93.3433609008789
58.7,2.346979161702341,2.213526624039986,0.08105263157894736,-0.012820512820512706,19.904980796,1.8964227437973022,6,93.3433609008789
58.7,2.344025514929334,2.2135766835592237,0.08105263157894736,-0.012820512820512706,20.042684801,1.8714226484298706,6,93.3433609008789
58.7,2.344025514929334,2.2135766835592237,0.08105263157894736,-0.012820512820512706,20.042684801,1.8714226484298706,6,93.3433609008789
58.7,2.344025514929334,2.2135766835592237,0.08105263157894736,-0.012820512820512706,20.042684801,1.8714226484298706,6,93.3433609008789
58.7,2.3412689357767804,2.213624585312273,0.08105263157894736,-0.012820512820512706,20.042684801,1.8714226484298706,6,93.3433609008789
58.7,2.3412689357767804,2.213624585312273,0.08105263157894736,-0.012820512820512706,20.466821653,1.8714226484298706,6,93.3433609008789
58.7,2.3412689357767804,2.213624585312273,0.08105263157894736,-0.012820512820512706,20.466821653,1.8714226484298706,6,93.3433609008789
58.800000000000004,2.3412689357767804,2.213624585312273,0.08105263157894736,-0.012820512820512706,20.466821653,1.8714226484298706,6,93.3433609008789
58.800000000000004,2.338513486272158,2.2136736713034537,0.10999999999999999,0.0,20.896104903,1.8714226484298706,6,93.3433609008789
58.800000000000004,2.338513486272158,2.2136736713034537,0.10999999999999999,0.0,20.896104903,1.8714226484298706,6,93.3433609008789
58.800000000000004,2.338513486272158,2.2136736713034537,0.10999999999999999,0.0,20.896104903,1.8714226484298706,6,93.3433609008789
58.800000000000004,2.338513486272158,2.2136736713034537,0.10999999999999999,0.0,20.896104903,1.8714226484298706,6,93.3433609008789
58.800000000000004,2.33399128028866,2.213755891968825,0.10999999999999999,0.0,20.04567025,1.8714226484298706,6,93.3433609008789
58.800000000000004,2.33399128028866,2.213755891968825,0.10999999999999999,0.0,20.04567025,1.8714226484298706,6,93.3433609008789
58.800000000000004,2.33399128028866,2.213755891968825,0.10999999999999999,0.0,20.04567025,1.8714226484298706,6,93.3433609008789
58.800000000000004,2.330255566838602,2.213823682248375,0.10999999999999999,0.0,19.788662455,1.8714226484298706,6,93.3433609008789
58.900000000000006,2.330255566838602,2.213823682248375,0.10999999999999999,0.0,19.788662455,1.8714226484298706,6,93.3433609008789
58.900000000000006,2.330255566838602,2.213823682248375,0.10999999999999999,0.0,19.788662455,1.8714226484298706,6,93.3433609008789
58.900000000000006,2.326519317902668,2.2138907443493903,0.09842105263157894,-0.012820512820512706,19.788662455,1.8714226484298706,6,93.3433609008789
58.900000000000006,2.326519317902668,2.2138907443493903,0.09842105263157894,-0.012820512820512706,19.404923298,1.8714226484298706,6,93.3433609008789
58.900000000000006,2.326519317902668,2.2138907443493903,0.09842105263157894,-0.012820512820512706,19.404923298,1.8714226484298706,6,93.3433609008789
58.900000000000006,2.326519317902668,2.2138907443493903,0.09842105263157894,-0.012820512820512706,19.404923298,1.8714226484298706,6,93.3433609008789
58.900000000000006,2.323173719592855,2.2139512984767604,0.09842105263157894,-0.012820512820512706,19.02296907,1.846422553062439,6,93.3433609008789
58.900000000000006,2.323173719592855,2.2139512984767604,0.09842105263157894,-0.012820512820512706,19.02296907,1.846422553062439,6,93.3433609008789
58.900000000000006,2.323173719592855,2.2139512984767604,0.09842105263157894,-0.012820512820512706,19.02296907,1.846422553062439,6,93.3433609008789
58.900000000000006,2.3198276435169185,2.214013610584327,0.09842105263157894,-0.012820512820512706,18.773466952,1.846422553062439,6,93.3433609008789
58.900000000000006,2.3198276435169185,2.214013610584327,0.09842105263157894,-0.012820512820512706,18.773466952,1.846422553062439,6,93.3433609008789
59.00000000000001,2.3198276435169185,2.214013610584327,0.09842105263157894,-0.012820512820512706,18.773466952,1.846422553062439,6,93.2939453125
59.00000000000001,2.3198276435169185,2.214013610584327,0.09263157894736841,0.0,18.773466952,1.846422553062439,6,93.2939453125
59.00000000000001,2.316480941806224,2.2140778116409057,0.09263157894736841,0.0,18.538747425,1.846422553062439,6,93.2939453125
59.00000000000001,2.316480941806224,2.2140778116409057,0.09263157894736841,0.0,18.538747425,1.846422553062439,6,93.2939453125
59.00000000000001,2.316480941806224,2.2140778116409057,0.09263157894736841,0.0,18.538747425,1.846422553062439,6,93.2939453125
59.00000000000001,2.316480941806224,2.2140778116409057,0.09263157894736841,0.0,18.538747425,1.846422553062439,6,93.2939453125
59.00000000000001,2.3133302560383737,2.214139071213163,0.09263157894736841,0.0,18.538747425,1.846422553062439,6,93.2939453125
59.00000000000001,2.3133302560383737,2.214139071213163,0.09263157894736841,0.0,18.415327168,1.846422553062439,6,93.2939453125
59.00000000000001,2.3133302560383737,2.214139071213163,0.09263157894736841,0.0,18.415327168,1.846422553062439,6,93.2939453125
59.00000000000001,2.3133302560383737,2.214139071213163,0.09263157894736841,0.0,18.415327168,1.846422553062439,6,93.2939453125
59.1,2.310179674448777,2.214200156678201,0.09263157894736841,0.0,18.178014597,1.846422553062439,6,93.2939453125
59.1,2.310179674448777,2.214200156678201,0.08684210526315789,0.0,18.178014597,1.846422553062439,6,93.2939453125
59.1,2.310179674448777,2.214200156678201,0.08684210526315789,0.0,18.178014597,1.846422553062439,6,93.2939453125
59.1,2.3070283871102495,2.214260884817459,0.08684210526315789,0.0,17.956644915,1.846422553062439,6,93.2939453125
59.1,2.3070283871102495,2.214260884817459,0.08684210526315789,0.0,17.956644915,1.846422553062439,6,93.2939453125
59.1,2.3070283871102495,2.214260884817459,0.08684210526315789,0.0,17.956644915,1.846422553062439,6,93.2939453125
59.1,2.3070283871102495,2.214260884817459,0.08684210526315789,0.0,17.956644915,1.846422553062439,6,93.2939453125
59.1,2.3040733944354344,2.214318031157373,0.08684210526315789,0.0,18.891792533,1.846422553062439,6,93.2939453125
59.1,2.3040733944354344,2.214318031157373,0.08684210526315789,0.0,18.891792533,1.846422553062439,6,93.2939453125
59.1,2.3040733944354344,2.214318031157373,0.08684210526315789,0.0,18.891792533,1.846422553062439,6,93.2939453125
59.1,2.3040733944354344,2.214318031157373,0.08684210526315789,0.0,18.891792533,1.846422553062439,6,93.2939453125
59.1,2.301118983007464,2.2143752812973845,0.08105263157894736,0.0,19.388774097,1.846422553062439,6,93.2939453125
59.2,2.301118983007464,2.2143752812973845,0.08105263157894736,0.0,19.388774097,1.846422553062439,6,93.2939453125
59.2,2.301118983007464,2.2143752812973845,0.08105263157894736,0.0,19.388774097,1.846422553062439,6,93.2939453125
59.2,2.2983617592150867,2.214428588316916,0.08105263157894736,0.0,20.040810565,1.846422553062439,6,93.2939453125
59.2,2.2983617592150867,2.214428588316916,0.08105263157894736,0.0,20.040810565,1.846422553062439,6,93.2939453125
59.2,2.2983617592150867,2.214428588316916,0.08105263157894736,0.0,20.040810565,1.846422553062439,6,93.2939453125
59.2,2.2983617592150867,2.214428588316916,0.08105263157894736,0.0,20.040810565,1.846422553062439,6,93.2939453125
59.2,2.295605552234218,2.214481853081287,0.08105263157894736,0.0,20.471410437,1.846422553062439,6,93.2939453125
59.2,2.295605552234218,2.214481853081287,0.08105263157894736,0.0,20.471410437,1.846422553062439,6,93.2939453125
59.2,2.295605552234218,2.214481853081287,0.08105263157894736,0.0,20.471410437,1.846422553062439,6,93.2939453125
59.2,2.295605552234218,2.214481853081287,0.10999999999999999,0.16,20.471410437,1.846422553062439,6,93.2939453125
59.2,2.292850211779655,2.2145351649101706,0.10999999999999999,0.16,20.625079878,1.821422815322876,6,93.2939453125
59.300000000000004,2.292850211779655,2.2145351649101706,0.10999999999999999,0.16,20.625079878,1.821422815322876,6,93.2939453125
59.300000000000004,2.292850211779655,2.2145351649101706,0.10999999999999999,0.16,20.625079878,1.821422815322876,6,93.2939453125
59.300000000000004,2.292850211779655,2.2145351649101706,0.10999999999999999,0.16,20.625079878,1.821422815322876,6,93.2939453125
59.300000000000004,2.28865891329677,2.2146139161196903,0.10999999999999999,0.16666666666666674,20.001279744,1.821422815322876,6,93.2939453125
59.300000000000004,2.28865891329677,2.2146139161196903,0.10999999999999999,0.16666666666666674,20.001279744,1.821422815322876,6,93.2939453125
59.300000000000004,2.28865891329677,2.2146139161196903,0.10999999999999999,0.16666666666666674,20.001279744,1.821422815322876,6,93.2939453125
59.300000000000004,2.2849344446881403,2.214668686217136,0.10999999999999999,0.16666666666666674,19.616733363,1.821422815322876,6,93.2939453125
59.300000000000004,2.2849344446881403,2.214668686217136,0.10999999999999999,0.16666666666666674,19.616733363,1.821422815322876,6,93.2939453125
59.300000000000004,2.2849344446881403,2.214668686217136,0.10999999999999999,0.19230769230769237,19.616733363,1.821422815322876,6,93.2939453125
59.300000000000004,2.281211155050796,2.214697306069506,0.10999999999999999,0.19230769230769237,19.24143175,1.821422815322876,6,93.2939453125
59.400000000000006,2.281211155050796,2.214697306069506,0.10999999999999999,0.19230769230769237,19.24143175,1.821422815322876,6,93.2939453125
59.400000000000006,2.281211155050796,2.214697306069506,0.10999999999999999,0.19230769230769237,19.24143175,1.821422815322876,6,93.2939453125
59.400000000000006,2.281211155050796,2.214697306069506,0.10999999999999999,0.19230769230769237,19.24143175,1.821422815322876,6,93.2939453125
59.400000000000006,2.2774845346658514,2.214702453238,0.10999999999999999,0.19230769230769237,18.867037765,1.821422815322876,6,93.2939453125
59.400000000000006,2.2774845346658514,2.214702453238,0.10999999999999999,0.19230769230769237,18.867037765,1.821422815322876,6,93.2939453125
59.400000000000006,2.2774845346658514,2.214702453238,0.10999999999999999,0.19230769230769237,18.867037765,1.821422815322876,6,93.2939453125
59.400000000000006,2.2737587190259942,2.214686345276025,0.10999999999999999,0.19230769230769237,18.392497422,1.821422815322876,6,93.2939453125
59.400000000000006,2.2737587190259942,2.214686345276025,0.10999999999999999,0.19230769230769237,18.392497422,1.821422815322876,6,93.2939453125
59.400000000000006,2.2737587190259942,2.214686345276025,0.10999999999999999,0.19230769230769237,18.392497422,1.821422815322876,6,93.2939453125
59.400000000000006,2.270033808511943,2.2146446931122115,0.09842105263157894,0.16666666666666674,17.939272459,1.821422815322876,6,93.2939453125
59.50000000000001,2.270033808511943,2.2146446931122115,0.09842105263157894,0.16666666666666674,17.939272459,1.821422815322876,6,93.24414825439453
59.50000000000001,2.270033808511943,2.2146446931122115,0.09842105263157894,0.16666666666666674,17.939272459,1.821422815322876,6,93.24414825439453
59.50000000000001,2.270033808511943,2.2146446931122115,0.09842105263157894,0.16666666666666674,17.939272459,1.821422815322876,6,93.24414825439453
59.50000000000001,2.2666976009410935,2.214585474673884,0.09842105263157894,0.16666666666666674,17.374066673,1.7964226007461548,6,93.24414825439453
59.50000000000001,2.2666976009410935,2.214585474673884,0.09842105263157894,0.16666666666666674,17.374066673,1.7964226007461548,6,93.24414825439453
59.50000000000001,2.2666976009410935,2.214585474673884,0.09842105263157894,0.16666666666666674,17.374066673,1.7964226007461548,6,93.24414825439453
59.50000000000001,2.2633582702421386,2.214511186763484,0.09842105263157894,0.16666666666666674,17.057294136,1.7964226007461548,6,93.24414825439453
59.50000000000001,2.2633582702421386,2.214511186763484,0.09842105263157894,0.16666666666666674,17.057294136,1.7964226007461548,6,93.24414825439453
59.50000000000001,2.2633582702421386,2.214511186763484,0.09263157894736841,0.16666666666666674,17.057294136,1.7964226007461548,6,93.24414825439453
59.50000000000001,2.2633582702421386,2.214511186763484,0.09263157894736841,0.16666666666666674,17.057294136,1.7964226007461548,6,93.24414825439453
59.50000000000001,2.2600221321302785,2.2144209100095287,0.09263157894736841,0.16666666666666674,16.76227782,1.7964226007461548,6,93.24414825439453
59.6,2.2600221321302785,2.2144209100095287,0.09263157894736841,0.16666666666666674,16.76227782,1.7964226007461548,6,93.24414825439453
59.6,2.2600221321302785,2.2144209100095287,0.09263157894736841,0.16666666666666674,16.76227782,1.7964226007461548,6,93.24414825439453
59.6,2.2600221321302785,2.2144209100095287,0.09263157894736841,0.16666666666666674,16.76227782,1.7964226007461548,6,93.24414825439453
59.6,2.256883520869685,2.214315815758188,0.09263157894736841,0.16666666666666674,17.311629692,1.7964226007461548,6,93.24414825439453
59.6,2.256883520869685,2.214315815758188,0.09263157894736841,0.16666666666666674,17.311629692,1.7964226007461548,6,93.24414825439453
59.6,2.256883520869685,2.214315815758188,0.09263157894736841,0.16666666666666674,17.311629692,1.7964226007461548,6,93.24414825439453
59.6,2.25374355007215,2.214192060232497,0.09263157894736841,0.16666666666666674,17.623953352,1.7964226007461548,6,93.24414825439453
59.6,2.25374355007215,2.214192060232497,0.09263157894736841,0.16666666666666674,17.623953352,1.7964226007461548,6,93.24414825439453
59.6,2.25374355007215,2.214192060232497,0.09263157894736841,0.16666666666666674,17.623953352,1.7964226007461548,6,93.24414825439453
59.6,2.25374355007215,2.214192060232497,0.09263157894736841,0.16666666666666674,17.623953352,1.7964226007461548,6,93.24414825439453
59.7,2.25060438445969,2.214052291173804,0.09263157894736841,0.16666666666666674,17.947282413,1.7964226007461548,6,93.24414825439453
59.7,2.25060438445969,2.214052291173804,0.09263157894736841,0.16666666666666674,17.947282413,1.7964226007461548,6,93.24414825439453
59.7,2.25060438445969,2.214052291173804,0.08684210526315789,0.16666666666666674,17.947282413,1.7964226007461548,6,93.24414825439453
59.7,2.25060438445969,2.214052291173804,0.08684210526315789,0.16666666666666674,17.947282413,1.7964226007461548,6,93.24414825439453
59.7,2.2474682428561823,2.213894937118404,0.08684210526315789,0.16666666666666674,18.301266302,1.7964226007461548,6,93.24414825439453
59.7,2.2474682428561823,2.213894937118404,0.08684210526315789,0.16666666666666674,18.301266302,1.7964226007461548,6,93.24414825439453
59.7,2.2474682428561823,2.213894937118404,0.08684210526315789,0.16666666666666674,18.301266302,1.7964226007461548,6,93.24414825439453
59.7,2.2474682428561823,2.213894937118404,0.10999999999999999,0.11538461538461547,18.301266302,1.7964226007461548,6,93.24414825439453
59.7,2.24875550293603,2.2156053453082136,0.10999999999999999,0.11538461538461547,18.784681548000002,1.7964226007461548,6,93.24414825439453
59.7,2.24875550293603,2.2156053453082136,0.10999999999999999,0.11538461538461547,18.784681548000002,1.7964226007461548,6,93.24414825439453
59.7,2.24875550293603,2.2156053453082136,0.10999999999999999,0.11538461538461547,18.784681548000002,1.7964226007461548,6,93.24414825439453
59.800000000000004,2.250883610286655,2.2181333406713684,0.10999999999999999,0.11538461538461547,18.525880295,1.7964226007461548,6,93.24414825439453
59.800000000000004,2.250883610286655,2.2181333406713684,0.10999999999999999,0.11538461538461547,18.525880295,1.7964226007461548,6,93.24414825439453
59.800000000000004,2.250883610286655,2.2181333406713684,0.10999999999999999,0.11538461538461547,18.525880295,1.7964226007461548,6,93.24414825439453
59.800000000000004,2.250883610286655,2.2181333406713684,0.10999999999999999,0.11538461538461547,18.525880295,1.7964226007461548,6,93.24414825439453
59.800000000000004,2.253397901476773,2.2206814549920257,0.10999999999999999,0.11538461538461547,18.29608876,1.7964226007461548,6,93.24414825439453
59.800000000000004,2.253397901476773,2.2206814549920257,0.10999999999999999,0.11538461538461547,18.29608876,1.7964226007461548,6,93.24414825439453
59.800000000000004,2.253397901476773,2.2206814549920257,0.10999999999999999,0.11538461538461547,18.29608876,1.7964226007461548,6,93.24414825439453
59.800000000000004,2.253397901476773,2.2206814549920257,0.10999999999999999,0.11538461538461547,18.29608876,1.7964226007461548,6,93.24414825439453
59.800000000000004,2.255914831097839,2.2232271378562434,0.10999999999999999,0.11538461538461547,18.071790401,1.7964226007461548,6,93.24414825439453
59.800000000000004,2.255914831097839,2.2232271378562434,0.10999999999999999,0.11538461538461547,18.071790401,1.7964226007461548,6,93.24414825439453
59.900000000000006,2.255914831097839,2.2232271378562434,0.10999999999999999,0.11538461538461547,18.071790401,1.7964226007461548,6,93.24414825439453
59.900000000000006,2.258431986680775,2.225762896028425,0.10999999999999999,0.11538461538461547,18.071790401,1.7964226007461548,6,93.24414825439453
59.900000000000006,2.258431986680775,2.225762896028425,0.10999999999999999,0.11538461538461547,17.13749031,1.725594162940979,6,93.24414825439453
59.900000000000006,2.258431986680775,2.225762896028425,0.10999999999999999,0.11538461538461547,17.13749031,1.725594162940979,6,93.24414825439453
59.900000000000006,2.258431986680775,2.225762896028425,0.10999999999999999,0.11538461538461547,17.13749031,1.725594162940979,6,93.24414825439453
59.900000000000006,2.258431986680775,2.225762896028425,0.10999999999999999,0.11538461538461547,17.13749031,1.725594162940979,6,93.24414825439453
59.900000000000006,2.260944416259729,2.228289911821669,0.10421052631578946,0.08974358974358984,16.823450421,1.725594162940979,6,93.24414825439453
59.900000000000006,2.260944416259729,2.228289911821669,0.10421052631578946,0.08974358974358984,16.823450421,1.725594162940979,6,93.24414825439453
59.900000000000006,2.260944416259729,2.228289911821669,0.10421052631578946,0.08974358974358984,16.823450421,1.725594162940979,6,93.24414825439453
59.900000000000006,2.259065905055644,2.2287955664209567,0.10421052631578946,0.08974358974358984,16.614133948,1.725594162940979,6,93.24414825439453
59.900000000000006,2.259065905055644,2.2287955664209567,0.10421052631578946,0.08974358974358984,16.614133948,1.725594162940979,6,93.24414825439453
59.900000000000006,2.259065905055644,2.2287955664209567,0.10421052631578946,0.08974358974358984,16.614133948,1.725594162940979,6,93.24414825439453
59.900000000000006,2.259065905055644,2.2287955664209567,0.10421052631578946,0.08974358974358984,16.614133948,1.725594162940979,6,93.24414825439453
59.900000000000006,2.259065905055644,2.2287955664209567,0.10421052631578946,0.08974358974358984,16.614133948,1.725594162940979,6,93.24414825439453
60.00000000000001,2.2555369873491404,2.228561231619474,0.10421052631578946,0.08974358974358984,16.413311383,1.725594162940979,6,93.22624969482422
60.00000000000001,2.2555369873491404,2.228561231619474,0.10421052631578946,0.08974358974358984,16.413311383,1.725594162940979,6,93.22624969482422
60.00000000000001,2.2555369873491404,2.228561231619474,0.09842105263157894,0.08974358974358984,16.413311383,1.725594162940979,6,93.22624969482422
60.00000000000001,2.2555369873491404,2.228561231619474,0.09842105263157894,0.08974358974358984,16.413311383,1.725594162940979,6,93.22624969482422
60.00000000000001,2.2520082921886253,2.228316276957413,0.09842105263157894,0.08974358974358984,16.212430578,1.725594162940979,6,93.22624969482422
60.00000000000001,2.2520082921886253,2.228316276957413,0.09842105263157894,0.08974358974358984,16.212430578,1.725594162940979,6,93.22624969482422
60.00000000000001,2.2520082921886253,2.228316276957413,0.09842105263157894,0.08974358974358984,16.212430578,1.725594162940979,6,93.22624969482422
60.00000000000001,2.2520082921886253,2.228316276957413,0.09842105263157894,0.08974358974358984,16.212430578,1.725594162940979,6,93.22624969482422
60.00000000000001,2.2486753078581705,2.2280745103775725,0.09842105263157894,0.08974358974358984,16.013153873,1.725594162940979,6,93.22624969482422
60.00000000000001,2.2486753078581705,2.2280745103775725,0.09842105263157894,0.08974358974358984,16.013153873,1.725594162940979,6,93.22624969482422
60.1,2.2486753078581705,2.2280745103775725,0.09842105263157894,0.08974358974358984,16.013153873,1.725594162940979,6,93.22624969482422
60.1,2.2453424531488784,2.227822565193494,0.09842105263157894,0.08974358974358984,16.401187695,1.725594162940979,6,93.22624969482422
60.1,2.2453424531488784,2.227822565193494,0.09263157894736841,0.08974358974358984,16.401187695,1.725594162940979,6,93.22624969482422
60.1,2.2453424531488784,2.227822565193494,0.09263157894736841,0.08974358974358984,16.401187695,1.725594162940979,6,93.22624969482422
60.1,2.2420100606807836,2.227560606272227,0.09263157894736841,0.08974358974358984,16.594988943,1.725594162940979,6,93.22624969482422
60.1,2.2420100606807836,2.227560606272227,0.09263157894736841,0.08974358974358984,16.594988943,1.725594162940979,6,93.22624969482422
60.1,2.2420100606807836,2.227560606272227,0.09263157894736841,0.08974358974358984,16.594988943,1.725594162940979,6,93.22624969482422
60.1,2.2420100606807836,2.227560606272227,0.09263157894736841,0.08974358974358984,16.594988943,1.725594162940979,6,93.22624969482422
60.1,2.238874199966699,2.2273044866482854,0.09263157894736841,0.08974358974358984,16.892012914,1.725594162940979,6,93.22624969482422
60.1,2.238874199966699,2.2273044866482854,0.09263157894736841,0.08974358974358984,16.892012914,1.725594162940979,6,93.22624969482422
60.2,2.238874199966699,2.2273044866482854,0.09263157894736841,0.08974358974358984,16.892012914,1.725594162940979,6,93.22624969482422
60.2,2.235739629718674,2.2270387497932997,0.09263157894736841,0.08974358974358984,17.210633806,1.725594162940979,6,93.22624969482422
60.2,2.235739629718674,2.2270387497932997,0.08684210526315789,0.08974358974358984,17.210633806,1.725594162940979,6,93.22624969482422
60.2,2.235739629718674,2.2270387497932997,0.08684210526315789,0.08974358974358984,17.210633806,1.725594162940979,6,93.22624969482422
60.2,2.2326062427420656,2.2267635656360047,0.08684210526315789,0.08974358974358984,17.543072298,1.725594162940979,6,93.22624969482422
60.2,2.2326062427420656,2.2267635656360047,0.08684210526315789,0.08974358974358984,17.543072298,1.725594162940979,6,93.22624969482422
60.2,2.2326062427420656,2.2267635656360047,0.08684210526315789,0.08974358974358984,17.543072298,1.725594162940979,6,93.22624969482422
60.2,2.2326062427420656,2.2267635656360047,0.08684210526315789,0.08974358974358984,17.543072298,1.725594162940979,6,93.22624969482422
60.2,2.2296700040079602,2.226496774410492,0.08684210526315789,0.08974358974358984,17.892443155,1.725594162940979,6,93.22624969482422
60.2,2.2296700040079602,2.226496774410492,0.08684210526315789,0.08974358974358984,17.892443155,1.725594162940979,6,93.22624969482422
60.2,2.2296700040079602,2.226496774410492,0.08684210526315789,0.08974358974358984,17.892443155,1.725594162940979,6,93.22624969482422
60.300000000000004,2.2296700040079602,2.226496774410492,0.08684210526315789,0.08974358974358984,17.892443155,1.725594162940979,6,93.22624969482422
60.300000000000004,2.2296700040079602,2.226496774410492,0.10999999999999999,0.038461538461538575,17.892443155,1.725594162940979,6,93.22624969482422
60.300000000000004,2.2267359305949457,2.2262210205418707,0.10999999999999999,0.038461538461538575,18.249107796,1.725594162940979,6,93.22624969482422
60.300000000000004,2.2267359305949457,2.2262210205418707,0.10999999999999999,0.038461538461538575,18.249107796,1.725594162940979,6,93.22624969482422
60.300000000000004,2.2267359305949457,2.2262210205418707,0.10999999999999999,0.038461538461538575,18.249107796,1.725594162940979,6,93.22624969482422
60.300000000000004,2.2222379562882737,2.22578476426485,0.10999999999999999,0.038461538461538575,17.647487377,1.725594162940979,6,93.22624969482422
60.300000000000004,2.2222379562882737,2.22578476426485,0.10999999999999999,0.038461538461538575,17.647487377,1.725594162940979,6,93.22624969482422
60.300000000000004,2.2222379562882737,2.22578476426485,0.10999999999999999,0.038461538461538575,17.647487377,1.725594162940979,6,93.22624969482422
60.300000000000004,2.2222379562882737,2.22578476426485,0.10999999999999999,0.038461538461538575,17.647487377,1.725594162940979,6,93.22624969482422
60.300000000000004,2.2185207140998306,2.225417475182362,0.10999999999999999,0.038461538461538575,17.42818749,1.725594162940979,6,93.22624969482422
60.300000000000004,2.2185207140998306,2.225417475182362,0.10999999999999999,0.038461538461538575,17.42818749,1.725594162940979,6,93.22624969482422
60.400000000000006,2.2185207140998306,2.225417475182362,0.10999999999999999,0.16666666666666674,17.42818749,1.725594162940979,6,93.22624969482422
60.400000000000006,2.2185207140998306,2.225417475182362,0.10999999999999999,0.16666666666666674,17.42818749,1.725594162940979,6,93.22624969482422
60.400000000000006,2.2148029469844857,2.22504688995825,0.10999999999999999,0.16666666666666674,16.769966596,1.6811115741729736,6,93.22624969482422
60.400000000000006,2.2148029469844857,2.22504688995825,0.10999999999999999,0.16666666666666674,16.769966596,1.6811115741729736,6,93.22624969482422
60.400000000000006,2.2148029469844857,2.22504688995825,0.10999999999999999,0.16666666666666674,16.769966596,1.6811115741729736,6,93.22624969482422
60.400000000000006,2.2110914742662877,2.2246698333726447,0.10999999999999999,0.16666666666666674,16.567365879,1.6811115741729736,6,93.22624969482422
60.400000000000006,2.2110914742662877,2.2246698333726447,0.10999999999999999,0.16666666666666674,16.567365879,1.6811115741729736,6,93.22624969482422
60.400000000000006,2.2110914742662877,2.2246698333726447,0.10999999999999999,0.16666666666666674,16.567365879,1.6811115741729736,6,93.22624969482422
60.400000000000006,2.2110914742662877,2.2246698333726447,0.10999999999999999,0.16666666666666674,16.567365879,1.6811115741729736,6,93.22624969482422
60.400000000000006,2.207389760832585,2.224270480606355,0.10999999999999999,0.16666666666666674,16.273235739,1.6811115741729736,6,93.22624969482422
60.50000000000001,2.207389760832585,2.224270480606355,0.10421052631578946,0.16666666666666674,16.273235739,1.6811115741729736,6,93.17436981201172
60.50000000000001,2.207389760832585,2.224270480606355,0.10421052631578946,0.16666666666666674,16.273235739,1.6811115741729736,6,93.17436981201172
60.50000000000001,2.203686996473404,2.2238431389585513,0.10421052631578946,0.16666666666666674,15.984179044,1.6811115741729736,6,93.17436981201172
60.50000000000001,2.203686996473404,2.2238431389585513,0.10421052631578946,0.16666666666666674,15.984179044,1.6811115741729736,6,93.17436981201172
60.50000000000001,2.203686996473404,2.2238431389585513,0.10421052631578946,0.16666666666666674,15.984179044,1.6811115741729736,6,93.17436981201172
60.50000000000001,2.200176999308018,2.2234204346803463,0.10421052631578946,0.16666666666666674,15.984179044,1.6811115741729736,6,93.17436981201172
60.50000000000001,2.200176999308018,2.2234204346803463,0.10421052631578946,0.16666666666666674,15.79232976,1.6811115741729736,6,93.17436981201172
60.50000000000001,2.200176999308018,2.2234204346803463,0.10421052631578946,0.16666666666666674,15.79232976,1.6811115741729736,6,93.17436981201172
60.50000000000001,2.200176999308018,2.2234204346803463,0.10421052631578946,0.16666666666666674,15.79232976,1.6811115741729736,6,93.17436981201172
60.50000000000001,2.1966711901389084,2.2229808623269567,0.10421052631578946,0.16666666666666674,15.514169778,1.6811115741729736,6,93.17436981201172
60.6,2.1966711901389084,2.2229808623269567,0.09842105263157894,0.1410256410256411,15.514169778,1.6811115741729736,6,93.17436981201172
60.6,2.1966711901389084,2.2229808623269567,0.09842105263157894,0.1410256410256411,15.514169778,1.6811115741729736,6,93.17436981201172
60.6,2.19316877468117,2.2225194611439316,0.09842105263157894,0.1410256410256411,15.250184993,1.6811115741729736,6,93.17436981201172
60.6,2.19316877468117,2.2225194611439316,0.09842105263157894,0.1410256410256411,15.250184993,1.6811115741729736,6,93.17436981201172
60.6,2.19316877468117,2.2225194611439316,0.09842105263157894,0.1410256410256411,15.250184993,1.6811115741729736,6,93.17436981201172
60.6,2.19316877468117,2.2225194611439316,0.09842105263157894,0.1410256410256411,15.250184993,1.6811115741729736,6,93.17436981201172
60.6,2.189860503450085,2.2220641951404008,0.09842105263157894,0.1410256410256411,15.801110103,1.6811115741729736,6,93.17436981201172
60.6,2.189860503450085,2.2220641951404008,0.09842105263157894,0.1410256410256411,15.801110103,1.6811115741729736,6,93.17436981201172
60.6,2.189860503450085,2.2220641951404008,0.09842105263157894,0.1410256410256411,15.801110103,1.6811115741729736,6,93.17436981201172
60.6,2.186552663154193,2.221594204769715,0.09842105263157894,0.1410256410256411,15.801110103,1.6811115741729736,6,93.17436981201172
60.6,2.186552663154193,2.221594204769715,0.09263157894736841,0.1410256410256411,15.987235789,1.6811115741729736,6,93.17436981201172
60.7,2.186552663154193,2.221594204769715,0.09263157894736841,0.1410256410256411,15.987235789,1.6811115741729736,6,93.17436981201172
60.7,2.186552663154193,2.221594204769715,0.09263157894736841,0.1410256410256411,15.987235789,1.6811115741729736,6,93.17436981201172
60.7,2.183248586274662,2.2211101200439796,0.09263157894736841,0.1410256410256411,16.182059174,1.6811115741729736,6,93.17436981201172
60.7,2.183248586274662,2.2211101200439796,0.09263157894736841,0.1410256410256411,16.182059174,1.6811115741729736,6,93.17436981201172
60.7,2.183248586274662,2.2211101200439796,0.09263157894736841,0.1410256410256411,16.182059174,1.6811115741729736,6,93.17436981201172
60.7,2.1801423687093404,2.2206387293407306,0.09263157894736841,0.1410256410256411,16.228530733,1.656111478805542,6,93.17436981201172
60.7,2.1801423687093404,2.2206387293407306,0.09263157894736841,0.1410256410256411,16.228530733,1.656111478805542,6,93.17436981201172
60.7,2.1801423687093404,2.2206387293407306,0.09263157894736841,0.1410256410256411,16.228530733,1.656111478805542,6,93.17436981201172
60.7,2.1801423687093404,2.2206387293407306,0.09263157894736841,0.1410256410256411,16.228530733,1.656111478805542,6,93.17436981201172
60.7,2.1801423687093404,2.2206387293407306,0.10999999999999999,0.038461538461538575,16.228530733,1.656111478805542,6,93.17436981201172
60.800000000000004,2.1770384128866143,2.2201519280308086,0.10999999999999999,0.038461538461538575,16.533752826,1.656111478805542,6,93.17436981201172
60.800000000000004,2.1770384128866143,2.2201519280308086,0.10999999999999999,0.038461538461538575,16.533752826,1.656111478805542,6,93.17436981201172
60.800000000000004,2.1770384128866143,2.2201519280308086,0.10999999999999999,0.038461538461538575,16.533752826,1.656111478805542,6,93.17436981201172
60.800000000000004,2.1727709691782215,2.219464497713085,0.10999999999999999,0.038461538461538575,16.230444136,1.656111478805542,6,93.17436981201172
60.800000000000004,2.1727709691782215,2.219464497713085,0.10999999999999999,0.038461538461538575,16.230444136,1.656111478805542,6,93.17436981201172
60.800000000000004,2.1727709691782215,2.219464497713085,0.10999999999999999,0.038461538461538575,16.230444136,1.656111478805542,6,93.17436981201172
60.800000000000004,2.1690809442162426,2.218862876853678,0.10999999999999999,0.038461538461538575,16.128774280000002,1.656111478805542,6,93.17436981201172
60.800000000000004,2.1690809442162426,2.218862876853678,0.10999999999999999,0.038461538461538575,16.128774280000002,1.656111478805542,6,93.17436981201172
60.800000000000004,2.1690809442162426,2.218862876853678,0.10421052631578946,0.012820512820512935,17.656481314,1.8129773139953613,6,93.17436981201172
60.800000000000004,2.1690809442162426,2.218862876853678,0.10421052631578946,0.012820512820512935,17.656481314,1.8129773139953613,6,93.17436981201172
60.800000000000004,2.1653925468723294,2.2182611610768355,0.10421052631578946,0.012820512820512935,17.144870169,1.7714226245880127,6,93.17436981201172
60.900000000000006,2.1653925468723294,2.2182611610768355,0.10421052631578946,0.012820512820512935,17.144870169,1.7714226245880127,6,93.17436981201172
60.900000000000006,2.1653925468723294,2.2182611610768355,0.10421052631578946,0.012820512820512935,17.144870169,1.7714226245880127,6,93.17436981201172
60.900000000000006,2.1653925468723294,2.2182611610768355,0.10421052631578946,0.012820512820512935,17.144870169,1.7714226245880127,6,93.17436981201172
60.900000000000006,2.161900436925488,2.2176872146191444,0.10421052631578946,0.012820512820512935,17.141366276,1.7714226245880127,6,93.17436981201172
60.900000000000006,2.161900436925488,2.2176872146191444,0.10421052631578946,0.012820512820512935,17.141366276,1.7714226245880127,6,93.17436981201172
60.900000000000006,2.161900436925488,2.2176872146191444,0.10421052631578946,0.012820512820512935,17.141366276,1.7714226245880127,6,93.17436981201172
60.900000000000006,2.158406892380292,2.217109713824563,0.10421052631578946,0.012820512820512935,17.035857921,1.7714226245880127,6,93.17436981201172
60.900000000000006,2.158406892380292,2.217109713824563,0.10421052631578946,0.012820512820512935,17.035857921,1.7714226245880127,6,93.17436981201172
60.900000000000006,2.158406892380292,2.217109713824563,0.09842105263157894,0.0,17.035857921,1.7714226245880127,6,93.17436981201172
60.900000000000006,2.1549123101555954,2.2165320435810263,0.09842105263157894,0.0,16.930834587,1.7714226245880127,6,93.17436981201172
61.00000000000001,2.1549123101555954,2.2165320435810263,0.09842105263157894,0.0,16.930834587,1.7714226245880127,6,93.17436981201172
61.00000000000001,2.1549123101555954,2.2165320435810263,0.09842105263157894,0.0,16.930834587,1.7714226245880127,6,93.12133026123047
61.00000000000001,2.1549123101555954,2.2165320435810263,0.09842105263157894,0.0,16.930834587,1.7714226245880127,6,93.12133026123047
61.00000000000001,2.1516120342505753,2.2159858674142665,0.09842105263157894,0.0,16.923051376,1.7714226245880127,6,93.12133026123047
61.00000000000001,2.1516120342505753,2.2159858674142665,0.09842105263157894,0.0,16.923051376,1.7714226245880127,6,93.12133026123047
61.00000000000001,2.1516120342505753,2.2159858674142665,0.09842105263157894,0.0,16.923051376,1.7714226245880127,6,93.12133026123047
61.00000000000001,2.1516120342505753,2.2159858674142665,0.09842105263157894,0.0,16.923051376,1.7714226245880127,6,93.12133026123047
61.00000000000001,2.1483108340902293,2.215438726357493,0.09842105263157894,0.0,16.818986229,1.7714226245880127,6,93.12133026123047
61.00000000000001,2.1483108340902293,2.215438726357493,0.09263157894736841,0.012820512820512935,16.818986229,1.7714226245880127,6,93.12133026123047
61.00000000000001,2.1483108340902293,2.215438726357493,0.09263157894736841,0.012820512820512935,16.818986229,1.7714226245880127,6,93.12133026123047
61.00000000000001,2.1450086225129574,2.2148918612653588,0.09263157894736841,0.012820512820512935,16.818986229,1.7714226245880127,6,93.12133026123047
61.1,2.1450086225129574,2.2148918612653588,0.09263157894736841,0.012820512820512935,16.818986229,1.7714226245880127,6,93.12133026123047
61.1,2.1450086225129574,2.2148918612653588,0.09263157894736841,0.012820512820512935,16.709681703,1.7714226245880127,6,93.12133026123047
61.1,2.1450086225129574,2.2148918612653588,0.09263157894736841,0.012820512820512935,16.709681703,1.7714226245880127,6,93.12133026123047
61.1,2.1419006672476217,2.2143772567908098,0.09263157894736841,0.012820512820512935,17.324085693,1.7714226245880127,6,93.12133026123047
61.1,2.1419006672476217,2.2143772567908098,0.09263157894736841,0.012820512820512935,17.324085693,1.7714226245880127,6,93.12133026123047
61.1,2.1419006672476217,2.2143772567908098,0.09263157894736841,0.012820512820512935,17.324085693,1.7714226245880127,6,93.12133026123047
61.1,2.1419006672476217,2.2143772567908098,0.09263157894736841,0.012820512820512935,17.324085693,1.7714226245880127,6,93.12133026123047
61.1,2.1387938852807493,2.2138610408968904,0.08684210526315789,0.0,17.647169834,1.7714226245880127,6,93.12133026123047
61.1,2.1387938852807493,2.2138610408968904,0.08684210526315789,0.0,17.647169834,1.7714226245880127,6,93.12133026123047
61.1,2.1387938852807493,2.2138610408968904,0.08684210526315789,0.0,17.647169834,1.7714226245880127,6,93.12133026123047
61.2,2.135880230166038,2.213375107661502,0.08684210526315789,0.0,18.104603727,1.7714226245880127,6,93.12133026123047
61.2,2.135880230166038,2.213375107661502,0.08684210526315789,0.0,18.104603727,1.7714226245880127,6,93.12133026123047
61.2,2.135880230166038,2.213375107661502,0.08684210526315789,0.0,18.104603727,1.7714226245880127,6,93.12133026123047
61.2,2.132965406771574,2.212889493976169,0.08684210526315789,0.0,18.205162239,1.7464226484298706,6,93.12133026123047
61.2,2.132965406771574,2.212889493976169,0.08684210526315789,0.0,18.205162239,1.7464226484298706,6,93.12133026123047
61.2,2.132965406771574,2.212889493976169,0.08684210526315789,0.0,18.205162239,1.7464226484298706,6,93.12133026123047
61.2,2.132965406771574,2.212889493976169,0.08684210526315789,0.0,18.205162239,1.7464226484298706,6,93.12133026123047
61.2,2.130051934962919,2.212404720639989,0.08684210526315789,0.0,18.57925776,1.7464226484298706,6,93.12133026123047
61.2,2.130051934962919,2.212404720639989,0.08684210526315789,0.0,18.57925776,1.7464226484298706,6,93.12133026123047
61.2,2.130051934962919,2.212404720639989,0.08684210526315789,0.0,18.57925776,1.7464226484298706,6,93.12133026123047
61.300000000000004,2.127139242154825,2.211919661202,0.08684210526315789,0.0,18.968940291,1.7464226484298706,6,93.12133026123047
61.300000000000004,2.127139242154825,2.211919661202,0.08684210526315789,0.0,18.968940291,1.7464226484298706,6,93.12133026123047
61.300000000000004,2.127139242154825,2.211919661202,0.10999999999999999,-0.06410256410256399,18.968940291,1.7464226484298706,6,93.12133026123047
61.300000000000004,2.127139242154825,2.211919661202,0.10999999999999999,-0.06410256410256399,18.968940291,1.7464226484298706,6,93.12133026123047
61.300000000000004,2.1242268906196595,2.2114342580827278,0.10999999999999999,-0.06410256410256399,19.234109892,1.7464226484298706,6,93.12133026123047
61.300000000000004,2.1242268906196595,2.2114342580827278,0.10999999999999999,-0.06410256410256399,19.234109892,1.7464226484298706,6,93.12133026123047
61.300000000000004,2.1242268906196595,2.2114342580827278,0.10999999999999999,-0.06410256410256399,19.234109892,1.7464226484298706,6,93.12133026123047
61.300000000000004,2.119763116113337,2.2106914327870406,0.10421052631578946,-0.08974358974358962,18.452026231,1.7464226484298706,6,93.12133026123047
61.300000000000004,2.119763116113337,2.2106914327870406,0.10421052631578946,-0.08974358974358962,18.452026231,1.7464226484298706,6,93.12133026123047
61.300000000000004,2.119763116113337,2.2106914327870406,0.10421052631578946,-0.08974358974358962,18.452026231,1.7464226484298706,6,93.12133026123047
61.300000000000004,2.119763116113337,2.2106914327870406,0.10421052631578946,-0.08974358974358962,18.452026231,1.7464226484298706,6,93.12133026123047
61.400000000000006,2.116264249797369,2.2101142557902715,0.10421052631578946,-0.08974358974358962,18.333230161,1.7464226484298706,6,93.12133026123047
61.400000000000006,2.116264249797369,2.2101142557902715,0.10421052631578946,-0.08974358974358962,18.333230161,1.7464226484298706,6,93.12133026123047
61.400000000000006,2.116264249797369,2.2101142557902715,0.10421052631578946,-0.08974358974358962,18.333230161,1.7464226484298706,6,93.12133026123047
61.400000000000006,2.112760415193136,2.209549052544909,0.10421052631578946,-0.08974358974358962,18.088744706,1.7464226484298706,6,93.12133026123047
61.400000000000006,2.112760415193136,2.209549052544909,0.10421052631578946,-0.08974358974358962,18.088744706,1.7464226484298706,6,93.12133026123047
61.400000000000006,2.112760415193136,2.209549052544909,0.10421052631578946,-0.08974358974358962,18.088744706,1.7464226484298706,6,93.12133026123047
61.400000000000006,2.112760415193136,2.209549052544909,0.09842105263157894,-0.08974358974358962,18.088744706,1.7464226484298706,6,93.12133026123047
61.400000000000006,2.1092561556351415,2.20899722022289,0.09842105263157894,-0.08974358974358962,17.602228924,1.7214226722717285,6,93.12133026123047
61.400000000000006,2.1092561556351415,2.20899722022289,0.09842105263157894,-0.08974358974358962,17.602228924,1.7214226722717285,6,93.12133026123047
61.400000000000006,2.1092561556351415,2.20899722022289,0.09842105263157894,-0.08974358974358962,17.602228924,1.7214226722717285,6,93.12133026123047
61.400000000000006,2.1092561556351415,2.20899722022289,0.09842105263157894,-0.08974358974358962,17.602228924,1.7214226722717285,6,93.12133026123047
61.50000000000001,2.10594517866393,2.2084846781544103,0.09842105263157894,-0.08974358974358962,17.369958796,1.7214226722717285,6,93.0750503540039
61.50000000000001,2.10594517866393,2.2084846781544103,0.09842105263157894,-0.08974358974358962,17.369958796,1.7214226722717285,6,93.0750503540039
61.50000000000001,2.10594517866393,2.2084846781544103,0.09842105263157894,-0.08974358974358962,17.369958796,1.7214226722717285,6,93.0750503540039
61.50000000000001,2.1026310402909196,2.2079809738967127,0.09842105263157894,-0.08974358974358962,17.144264068,1.7214226722717285,6,93.0750503540039
61.50000000000001,2.1026310402909196,2.2079809738967127,0.09842105263157894,-0.08974358974358962,17.144264068,1.7214226722717285,6,93.0750503540039
61.50000000000001,2.1026310402909196,2.2079809738967127,0.09263157894736841,-0.06410256410256399,17.144264068,1.7214226722717285,6,93.0750503540039
61.50000000000001,2.1026310402909196,2.2079809738967127,0.09263157894736841,-0.06410256410256399,17.144264068,1.7214226722717285,6,93.0750503540039
61.50000000000001,2.099314372625519,2.207488218290465,0.09263157894736841,-0.06410256410256399,16.923298777,1.7214226722717285,6,93.0750503540039
61.50000000000001,2.099314372625519,2.207488218290465,0.09263157894736841,-0.06410256410256399,16.923298777,1.7214226722717285,6,93.0750503540039
61.50000000000001,2.099314372625519,2.207488218290465,0.09263157894736841,-0.06410256410256399,16.923298777,1.7214226722717285,6,93.0750503540039
61.50000000000001,2.099314372625519,2.207488218290465,0.09263157894736841,-0.06410256410256399,16.923298777,1.7214226722717285,6,93.0750503540039
61.6,2.0961918373563115,2.2070336910546176,0.09263157894736841,-0.06410256410256399,16.810090423,1.7214226722717285,6,93.0750503540039
61.6,2.0961918373563115,2.2070336910546176,0.09263157894736841,-0.06410256410256399,16.810090423,1.7214226722717285,6,93.0750503540039
61.6,2.0961918373563115,2.2070336910546176,0.09263157894736841,-0.06410256410256399,16.810090423,1.7214226722717285,6,93.0750503540039
61.6,2.093069910376527,2.206585451893627,0.09263157894736841,-0.06410256410256399,16.705515203,1.7214226722717285,6,93.0750503540039
61.6,2.093069910376527,2.206585451893627,0.08684210526315789,-0.08974358974358962,16.705515203,1.7214226722717285,6,93.0750503540039
61.6,2.093069910376527,2.206585451893627,0.08684210526315789,-0.08974358974358962,16.705515203,1.7214226722717285,6,93.0750503540039
61.6,2.093069910376527,2.206585451893627,0.08684210526315789,-0.08974358974358962,16.705515203,1.7214226722717285,6,93.0750503540039
61.6,2.089946008967187,2.2061426329375493,0.08684210526315789,-0.08974358974358962,17.464257698,1.7214226722717285,6,93.0750503540039
61.6,2.089946008967187,2.2061426329375493,0.08684210526315789,-0.08974358974358962,17.464257698,1.7214226722717285,6,93.0750503540039
61.7,2.089946008967187,2.2061426329375493,0.08684210526315789,-0.08974358974358962,17.464257698,1.7214226722717285,6,93.0750503540039
61.7,2.087014406809106,2.2057345940622217,0.08684210526315789,-0.08974358974358962,17.799771889,1.7214226722717285,6,93.0750503540039
61.7,2.087014406809106,2.2057345940622217,0.08684210526315789,-0.08974358974358962,17.799771889,1.7214226722717285,6,93.0750503540039
61.7,2.087014406809106,2.2057345940622217,0.08684210526315789,-0.08974358974358962,17.799771889,1.7214226722717285,6,93.0750503540039
61.7,2.084080933278914,2.2053359068179987,0.08684210526315789,-0.08974358974358962,17.541267045,1.6964225769042969,6,93.0750503540039
61.7,2.084080933278914,2.2053359068179987,0.08105263157894736,-0.08974358974358962,17.89272626,1.6964225769042969,6,93.0750503540039
61.7,2.084080933278914,2.2053359068179987,0.08105263157894736,-0.08974358974358962,17.89272626,1.6964225769042969,6,93.0750503540039
61.7,2.084080933278914,2.2053359068179987,0.08105263157894736,-0.08974358974358962,17.89272626,1.6964225769042969,6,93.0750503540039
61.7,2.0811476185765967,2.204946861194535,0.08105263157894736,-0.08974358974358962,18.252862149,1.6964225769042969,6,93.0750503540039
61.7,2.0811476185765967,2.204946861194535,0.08105263157894736,-0.08974358974358962,18.252862149,1.6964225769042969,6,93.0750503540039
61.800000000000004,2.0811476185765967,2.204946861194535,0.08105263157894736,-0.08974358974358962,18.252862149,1.6964225769042969,6,93.0750503540039
61.800000000000004,2.078409041971045,2.2045916627940167,0.08105263157894736,-0.08974358974358962,18.640921882,1.6964225769042969,6,93.0750503540039
61.800000000000004,2.078409041971045,2.2045916627940167,0.08105263157894736,-0.08974358974358962,18.640921882,1.6964225769042969,6,93.0750503540039
61.800000000000004,2.078409041971045,2.2045916627940167,0.08105263157894736,-0.08974358974358962,18.640921882,1.6964225769042969,6,93.0750503540039
61.800000000000004,2.0756693955901793,2.2042445358824994,0.08105263157894736,-0.08974358974358962,19.045357895,1.6964225769042969,6,93.0750503540039
61.800000000000004,2.0756693955901793,2.2042445358824994,0.10999999999999999,-0.08974358974358962,19.045357895,1.6964225769042969,6,93.0750503540039
61.800000000000004,2.0756693955901793,2.2042445358824994,0.10999999999999999,-0.08974358974358962,19.045357895,1.6964225769042969,6,93.0750503540039
61.800000000000004,2.072929530384069,2.2039061264408017,0.10999999999999999,-0.08974358974358962,19.252899715,1.7149088382720947,6,93.0750503540039
61.800000000000004,2.072929530384069,2.2039061264408017,0.10999999999999999,-0.08974358974358962,19.670222181,1.7149088382720947,6,93.0750503540039
61.800000000000004,2.072929530384069,2.2039061264408017,0.10999999999999999,-0.08974358974358962,19.670222181,1.7149088382720947,6,93.0750503540039
61.800000000000004,2.072929530384069,2.2039061264408017,0.10999999999999999,-0.08974358974358962,19.670222181,1.7149088382720947,6,93.0750503540039
61.900000000000006,2.072929530384069,2.2039061264408017,0.10999999999999999,-0.08974358974358962,19.670222181,1.7149088382720947,6,93.0750503540039
61.900000000000006,2.0684341107569693,2.2033655163059223,0.10999999999999999,-0.08974358974358962,18.719546837,1.7149088382720947,6,93.0750503540039
61.900000000000006,2.0684341107569693,2.2033655163059223,0.10999999999999999,-0.08974358974358962,18.719546837,1.7149088382720947,6,93.0750503540039
61.900000000000006,2.064716686563484,2.2029294151255434,0.10999999999999999,-0.08974358974358962,18.719546837,1.7149088382720947,6,93.0750503540039
61.900000000000006,2.064716686563484,2.2029294151255434,0.10421052631578946,-0.08974358974358962,17.869637937,1.6714223623275757,6,93.0750503540039
61.900000000000006,2.064716686563484,2.2029294151255434,0.10421052631578946,-0.08974358974358962,17.869637937,1.6714223623275757,6,93.0750503540039
61.900000000000006,2.064716686563484,2.2029294151255434,0.10421052631578946,-0.08974358974358962,17.869637937,1.6714223623275757,6,93.0750503540039
61.900000000000006,2.0609977204475305,2.202504870594476,0.10421052631578946,-0.08974358974358962,17.52178694,1.6714223623275757,6,93.0750503540039
61.900000000000006,2.0609977204475305,2.202504870594476,0.10421052631578946,-0.08974358974358962,17.52178694,1.6714223623275757,6,93.0750503540039
61.900000000000006,2.0609977204475305,2.202504870594476,0.10421052631578946,-0.08974358974358962,17.52178694,1.6714223623275757,6,93.0750503540039
62.00000000000001,2.0609977204475305,2.202504870594476,0.10421052631578946,-0.08974358974358962,17.52178694,1.6714223623275757,6,93.02635955810547
62.00000000000001,2.0574718625186565,2.202113254883213,0.10421052631578946,-0.08974358974358962,17.185385489,1.6714223623275757,6,93.02635955810547
62.00000000000001,2.0574718625186565,2.202113254883213,0.10421052631578946,-0.08974358974358962,17.185385489,1.6714223623275757,6,93.02635955810547
62.00000000000001,2.0574718625186565,2.202113254883213,0.10421052631578946,-0.08974358974358962,17.185385489,1.6714223623275757,6,93.02635955810547
62.00000000000001,2.0574718625186565,2.202113254883213,0.09263157894736841,-0.08974358974358962,17.185385489,1.6714223623275757,6,93.02635955810547
62.00000000000001,2.053944111301016,2.201732229918174,0.09263157894736841,-0.08974358974358962,16.854742968,1.6714223623275757,6,93.02635955810547
62.00000000000001,2.053944111301016,2.201732229918174,0.09263157894736841,-0.08974358974358962,16.854742968,1.6714223623275757,6,93.02635955810547
62.00000000000001,2.053944111301016,2.201732229918174,0.09263157894736841,-0.08974358974358962,16.854742968,1.6714223623275757,6,93.02635955810547
62.00000000000001,2.0506090420246252,2.201382203988799,0.09263157894736841,-0.08974358974358962,16.642274226,1.6714223623275757,6,93.02635955810547
62.00000000000001,2.0506090420246252,2.201382203988799,0.09263157894736841,-0.08974358974358962,16.642274226,1.6714223623275757,6,93.02635955810547
62.1,2.0506090420246252,2.201382203988799,0.09263157894736841,-0.08974358974358962,16.642274226,1.6714223623275757,6,93.02635955810547
62.1,2.0506090420246252,2.201382203988799,0.09263157894736841,-0.08974358974358962,16.642274226,1.6714223623275757,6,93.02635955810547
62.1,2.047467915299006,2.201062186979031,0.09263157894736841,-0.08974358974358962,16.426091009,1.6714223623275757,6,93.02635955810547
62.1,2.047467915299006,2.201062186979031,0.09263157894736841,-0.08974358974358962,16.426091009,1.6714223623275757,6,93.02635955810547
62.1,2.047467915299006,2.201062186979031,0.08684210526315789,-0.08974358974358962,16.426091009,1.6714223623275757,6,93.02635955810547
62.1,2.047467915299006,2.201062186979031,0.08684210526315789,-0.08974358974358962,16.426091009,1.6714223623275757,6,93.02635955810547
62.1,2.0443255702888226,2.2007517080990846,0.08684210526315789,-0.08974358974358962,16.217142529,1.6714223623275757,6,93.02635955810547
62.1,2.0443255702888226,2.2007517080990846,0.08684210526315789,-0.08974358974358962,16.217142529,1.6714223623275757,6,93.02635955810547
62.1,2.0443255702888226,2.2007517080990846,0.08684210526315789,-0.08974358974358962,16.217142529,1.6714223623275757,6,93.02635955810547
62.1,2.0413776871461486,2.200469415793179,0.08684210526315789,-0.08974358974358962,16.115374916,1.6714223623275757,6,93.02635955810547
62.1,2.0413776871461486,2.200469415793179,0.08684210526315789,-0.08974358974358962,16.115374916,1.6714223623275757,6,93.02635955810547
62.2,2.0413776871461486,2.200469415793179,0.08684210526315789,-0.08974358974358962,16.115374916,1.6714223623275757,6,93.02635955810547
62.2,2.03842915544128,2.2001960882573055,0.08684210526315789,-0.08974358974358962,16.115374916,1.6714223623275757,6,93.02635955810547
62.2,2.03842915544128,2.2001960882573055,0.08684210526315789,-0.08974358974358962,16.947092756,1.6714223623275757,6,93.02635955810547
62.2,2.03842915544128,2.2001960882573055,0.08105263157894736,-0.06410256410256399,16.947092756,1.6714223623275757,6,93.02635955810547
62.2,2.03842915544128,2.2001960882573055,0.08105263157894736,-0.06410256410256399,16.947092756,1.6714223623275757,6,93.02635955810547
62.2,2.035480622070684,2.199931877427544,0.08105263157894736,-0.06410256410256399,16.947092756,1.6714223623275757,6,93.02635955810547
62.2,2.035480622070684,2.199931877427544,0.08105263157894736,-0.06410256410256399,17.402111067,1.6714223623275757,6,93.02635955810547
62.2,2.035480622070684,2.199931877427544,0.08105263157894736,-0.06410256410256399,17.402111067,1.6714223623275757,6,93.02635955810547
62.2,2.035480622070684,2.199931877427544,0.08105263157894736,-0.06410256410256399,17.402111067,1.6714223623275757,6,93.02635955810547
62.2,2.032728494516445,2.199693130248935,0.08105263157894736,-0.06410256410256399,17.714592067,1.6464226245880127,6,93.02635955810547
62.2,2.032728494516445,2.199693130248935,0.08105263157894736,-0.06410256410256399,17.714592067,1.6464226245880127,6,93.02635955810547
62.300000000000004,2.032728494516445,2.199693130248935,0.08105263157894736,-0.06410256410256399,17.714592067,1.6464226245880127,6,93.02635955810547
62.300000000000004,2.032728494516445,2.199693130248935,0.08105263157894736,-0.06410256410256399,17.714592067,1.6464226245880127,6,93.02635955810547
62.300000000000004,2.0299789162750024,2.1994606234692897,0.10999999999999999,-0.08974358974358962,18.216617798,1.6464226245880127,6,93.02635955810547
62.300000000000004,2.0299789162750024,2.1994606234692897,0.10999999999999999,-0.08974358974358962,18.216617798,1.6464226245880127,6,93.02635955810547
62.300000000000004,2.0299789162750024,2.1994606234692897,0.10999999999999999,-0.08974358974358962,18.216617798,1.6464226245880127,6,93.02635955810547
62.300000000000004,2.027364723451866,2.199207505422862,0.10999999999999999,-0.08974358974358962,18.736893832,1.6464226245880127,6,93.02635955810547
62.300000000000004,2.027364723451866,2.199207505422862,0.10999999999999999,-0.08974358974358962,18.736893832,1.6464226245880127,6,93.02635955810547
62.300000000000004,2.027364723451866,2.199207505422862,0.10999999999999999,-0.08974358974358962,18.736893832,1.6464226245880127,6,93.02635955810547
62.300000000000004,2.027364723451866,2.199207505422862,0.10999999999999999,-0.08974358974358962,18.736893832,1.6464226245880127,6,93.02635955810547
62.300000000000004,2.027652879335952,2.1979988876503813,0.10999999999999999,-0.08974358974358962,18.075989961,1.6464226245880127,6,93.02635955810547
62.400000000000006,2.027652879335952,2.1979988876503813,0.10999999999999999,-0.08974358974358962,18.075989961,1.6464226245880127,6,93.02635955810547
62.400000000000006,2.027652879335952,2.1979988876503813,0.10999999999999999,-0.08974358974358962,18.075989961,1.6464226245880127,6,93.02635955810547
62.400000000000006,2.027652879335952,2.1979988876503813,0.10421052631578946,-0.06410256410256399,18.075989961,1.6464226245880127,6,93.02635955810547
62.400000000000006,2.028524365650209,2.1968594268924058,0.10421052631578946,-0.06410256410256399,17.720008489,1.6464226245880127,6,93.02635955810547
62.400000000000006,2.028524365650209,2.1968594268924058,0.10421052631578946,-0.06410256410256399,17.720008489,1.6464226245880127,6,93.02635955810547
62.400000000000006,2.028524365650209,2.1968594268924058,0.10421052631578946,-0.06410256410256399,17.720008489,1.6464226245880127,6,93.02635955810547
62.400000000000006,2.029592797903583,2.195752897354459,0.10421052631578946,-0.06410256410256399,17.720008489,1.6464226245880127,6,93.02635955810547
62.400000000000006,2.029592797903583,2.195752897354459,0.10421052631578946,-0.06410256410256399,17.485202886,1.6464226245880127,6,93.02635955810547
62.400000000000006,2.029592797903583,2.195752897354459,0.10421052631578946,-0.06410256410256399,17.485202886,1.6464226245880127,6,93.02635955810547
62.400000000000006,2.029592797903583,2.195752897354459,0.10421052631578946,-0.06410256410256399,17.485202886,1.6464226245880127,6,93.02635955810547
62.400000000000006,2.030661571145839,2.194657846993939,0.10421052631578946,-0.06410256410256399,17.149811139,1.6464226245880127,6,93.02635955810547
62.50000000000001,2.030661571145839,2.194657846993939,0.10421052631578946,-0.06410256410256399,17.149811139,1.6464226245880127,6,92.99502563476562
62.50000000000001,2.030661571145839,2.194657846993939,0.09842105263157894,-0.06410256410256399,17.149811139,1.6464226245880127,6,92.99502563476562
62.50000000000001,2.031725502777488,2.193574568721625,0.09842105263157894,-0.06410256410256399,16.815782945,1.6464226245880127,6,92.99502563476562
62.50000000000001,2.031725502777488,2.193574568721625,0.09842105263157894,-0.06410256410256399,16.815782945,1.6464226245880127,6,92.99502563476562
62.50000000000001,2.031725502777488,2.193574568721625,0.09842105263157894,-0.06410256410256399,16.815782945,1.6464226245880127,6,92.99502563476562
62.50000000000001,2.03230511976219,2.1926473483706004,0.09842105263157894,-0.06410256410256399,16.597821169,1.6464226245880127,6,92.99502563476562
62.50000000000001,2.03230511976219,2.1926473483706004,0.09842105263157894,-0.06410256410256399,16.597821169,1.6464226245880127,6,92.99502563476562
62.50000000000001,2.03230511976219,2.1926473483706004,0.09842105263157894,-0.06410256410256399,16.597821169,1.6464226245880127,6,92.99502563476562
62.50000000000001,2.03230511976219,2.1926473483706004,0.09842105263157894,-0.06410256410256399,16.597821169,1.6464226245880127,6,92.99502563476562
62.50000000000001,2.0289583566779776,2.1924903541121155,0.09842105263157894,-0.06410256410256399,16.290259454,1.6464226245880127,6,92.99502563476562
62.50000000000001,2.0289583566779776,2.1924903541121155,0.09842105263157894,-0.06410256410256399,16.290259454,1.6464226245880127,6,92.99502563476562
62.6,2.0289583566779776,2.1924903541121155,0.09263157894736841,-0.06410256410256399,16.290259454,1.6464226245880127,6,92.99502563476562
62.6,2.0289583566779776,2.1924903541121155,0.09263157894736841,-0.06410256410256399,16.290259454,1.6464226245880127,6,92.99502563476562
62.6,2.0256102715333606,2.19233957019125,0.09263157894736841,-0.06410256410256399,15.983226272,1.6464226245880127,6,92.99502563476562
62.6,2.0256102715333606,2.19233957019125,0.09263157894736841,-0.06410256410256399,15.983226272,1.6464226245880127,6,92.99502563476562
62.6,2.0256102715333606,2.19233957019125,0.09263157894736841,-0.06410256410256399,15.983226272,1.6464226245880127,6,92.99502563476562
62.6,2.022456591773311,2.1922043247388086,0.09263157894736841,-0.06410256410256399,15.789990121,1.6464226245880127,6,92.99502563476562
62.6,2.022456591773311,2.1922043247388086,0.09263157894736841,-0.06410256410256399,15.789990121,1.6464226245880127,6,92.99502563476562
62.6,2.022456591773311,2.1922043247388086,0.09263157894736841,-0.06410256410256399,15.789990121,1.6464226245880127,6,92.99502563476562
62.6,2.019302477622385,2.1920764959636587,0.09263157894736841,-0.06410256410256399,16.394945492,1.6464226245880127,6,92.99502563476562
62.7,2.019302477622385,2.1920764959636587,0.09263157894736841,-0.06410256410256399,16.394945492,1.6464226245880127,6,92.99502563476562
62.7,2.019302477622385,2.1920764959636587,0.08684210526315789,-0.06410256410256399,16.394945492,1.6464226245880127,6,92.99502563476562
62.7,2.019302477622385,2.1920764959636587,0.08684210526315789,-0.06410256410256399,16.394945492,1.6464226245880127,6,92.99502563476562
62.7,2.0161486807987647,2.191955503794167,0.08684210526315789,-0.06410256410256399,16.702168118,1.6464226245880127,6,92.99502563476562
62.7,2.0161486807987647,2.191955503794167,0.08684210526315789,-0.06410256410256399,16.702168118,1.6464226245880127,6,92.99502563476562
62.7,2.0161486807987647,2.191955503794167,0.08684210526315789,-0.06410256410256399,16.702168118,1.6464226245880127,6,92.99502563476562
62.7,2.01319106845698,2.1918481402732124,0.08684210526315789,-0.06410256410256399,16.702168118,1.6464226245880127,6,92.99502563476562
62.7,2.01319106845698,2.1918481402732124,0.08684210526315789,-0.06410256410256399,17.034727218,1.6464226245880127,6,92.99502563476562
62.7,2.01319106845698,2.1918481402732124,0.08684210526315789,-0.06410256410256399,17.034727218,1.6464226245880127,6,92.99502563476562
62.7,2.01319106845698,2.1918481402732124,0.08684210526315789,-0.06410256410256399,17.034727218,1.6464226245880127,6,92.99502563476562
62.7,2.0102340574189084,2.191747422412237,0.08684210526315789,-0.06410256410256399,17.368063692,1.6464226245880127,6,92.99502563476562
62.800000000000004,2.0102340574189084,2.191747422412237,0.08105263157894736,-0.06410256410256399,17.368063692,1.6464226245880127,6,92.99502563476562
62.800000000000004,2.0102340574189084,2.191747422412237,0.08105263157894736,-0.06410256410256399,17.368063692,1.6464226245880127,6,92.99502563476562
62.800000000000004,2.0072778768295234,2.19165329633668,0.08105263157894736,-0.06410256410256399,17.456908286,1.6214224100112915,6,92.99502563476562
62.800000000000004,2.0072778768295234,2.19165329633668,0.08105263157894736,-0.06410256410256399,17.456908286,1.6214224100112915,6,92.99502563476562
62.800000000000004,2.0072778768295234,2.19165329633668,0.08105263157894736,-0.06410256410256399,17.456908286,1.6214224100112915,6,92.99502563476562
62.800000000000004,2.0072778768295234,2.19165329633668,0.08105263157894736,-0.06410256410256399,17.420973931,1.6180847883224487,6,92.99502563476562
62.800000000000004,2.0045191484791163,2.191571401958154,0.08105263157894736,-0.06410256410256399,17.79252255,1.6180847883224487,6,92.99502563476562
62.800000000000004,2.0045191484791163,2.191571401958154,0.08105263157894736,-0.06410256410256399,17.79252255,1.6180847883224487,6,92.99502563476562
62.800000000000004,2.0045191484791163,2.191571401958154,0.08105263157894736,-0.06410256410256399,17.79252255,1.6180847883224487,6,92.99502563476562
62.800000000000004,2.00176113878042,2.1914955084922014,0.08105263157894736,-0.06410256410256399,18.167721861,1.6180847883224487,6,92.99502563476562
62.900000000000006,2.00176113878042,2.1914955084922014,0.10999999999999999,-0.06410256410256399,18.167721861,1.6180847883224487,6,92.99502563476562
62.900000000000006,2.00176113878042,2.1914955084922014,0.10999999999999999,-0.06410256410256399,18.167721861,1.6180847883224487,6,92.99502563476562
62.900000000000006,2.00176113878042,2.1914955084922014,0.10999999999999999,-0.06410256410256399,18.167721861,1.6180847883224487,6,92.99502563476562
62.900000000000006,2.00176113878042,2.1914955084922014,0.10999999999999999,-0.06410256410256399,18.167721861,1.6180847883224487,6,92.99502563476562
62.900000000000006,1.9990036874311916,2.1914257205698773,0.10999999999999999,-0.06410256410256399,18.571482669,1.6180847883224487,6,92.99502563476562
62.900000000000006,1.9990036874311916,2.1914257205698773,0.10999999999999999,-0.06410256410256399,18.571482669,1.6180847883224487,6,92.99502563476562
62.900000000000006,1.9990036874311916,2.1914257205698773,0.10999999999999999,-0.06410256410256399,18.571482669,1.6180847883224487,6,92.99502563476562
62.900000000000006,1.994281910055314,2.1913180325393515,0.10999999999999999,-0.06410256410256399,17.551223919,1.6180847883224487,6,92.99502563476562
62.900000000000006,1.994281910055314,2.1913180325393515,0.10999999999999999,-0.06410256410256399,17.551223919,1.6180847883224487,6,92.99502563476562
62.900000000000006,1.994281910055314,2.1913180325393515,0.10999999999999999,-0.06410256410256399,17.551223919,1.6180847883224487,6,92.99502563476562
62.900000000000006,1.994281910055314,2.1913180325393515,0.09842105263157894,-0.06410256410256399,17.551223919,1.6180847883224487,6,92.99502563476562
63.00000000000001,1.9905406173012845,2.191243660941688,0.09842105263157894,-0.06410256410256399,17.208625382,1.6180847883224487,6,92.99502563476562
63.00000000000001,1.9905406173012845,2.191243660941688,0.09842105263157894,-0.06410256410256399,17.208625382,1.6180847883224487,6,92.95475769042969
63.00000000000001,1.9905406173012845,2.191243660941688,0.09842105263157894,-0.06410256410256399,17.208625382,1.6180847883224487,6,92.95475769042969
63.00000000000001,1.9871932859786208,2.1911857026252237,0.09842105263157894,-0.06410256410256399,17.097808986,1.6180847883224487,6,92.95475769042969
63.00000000000001,1.9871932859786208,2.1911857026252237,0.09842105263157894,-0.06410256410256399,17.097808986,1.6180847883224487,6,92.95475769042969
63.00000000000001,1.9871932859786208,2.1911857026252237,0.09842105263157894,-0.06410256410256399,17.097808986,1.6180847883224487,6,92.95475769042969
63.00000000000001,1.983846009096416,2.1911333412763043,0.09842105263157894,-0.06410256410256399,16.869804216,1.6180847883224487,6,92.95475769042969
63.00000000000001,1.983846009096416,2.1911333412763043,0.09842105263157894,-0.06410256410256399,16.869804216,1.6180847883224487,6,92.95475769042969
63.00000000000001,1.983846009096416,2.1911333412763043,0.09842105263157894,-0.06410256410256399,16.869804216,1.6180847883224487,6,92.95475769042969
63.00000000000001,1.983846009096416,2.1911333412763043,0.09263157894736841,-0.038461538461538346,16.869804216,1.6180847883224487,6,92.95475769042969
63.1,1.980496184570535,2.1910878986633424,0.09263157894736841,-0.038461538461538346,16.654337471,1.6180847883224487,6,92.95475769042969
63.1,1.980496184570535,2.1910878986633424,0.09263157894736841,-0.038461538461538346,16.654337471,1.6180847883224487,6,92.95475769042969
63.1,1.980496184570535,2.1910878986633424,0.09263157894736841,-0.038461538461538346,16.654337471,1.6180847883224487,6,92.95475769042969
63.1,1.980496184570535,2.1910878986633424,0.09263157894736841,-0.038461538461538346,16.654337471,1.6180847883224487,6,92.95475769042969
63.1,1.9773425061330223,2.1910524165873615,0.09263157894736841,-0.038461538461538346,16.542264767,1.6180847883224487,6,92.95475769042969
63.1,1.9773425061330223,2.1910524165873615,0.09263157894736841,-0.038461538461538346,16.542264767,1.6180847883224487,6,92.95475769042969
63.1,1.9773425061330223,2.1910524165873615,0.09263157894736841,-0.038461538461538346,16.542264767,1.6180847883224487,6,92.95475769042969
63.1,1.9741902316240627,2.191020917157196,0.09263157894736841,-0.038461538461538346,16.542264767,1.6180847883224487,6,92.95475769042969
63.1,1.9741902316240627,2.191020917157196,0.09263157894736841,-0.038461538461538346,16.325519377,1.6180847883224487,6,92.95475769042969
63.1,1.9741902316240627,2.191020917157196,0.08684210526315789,-0.038461538461538346,16.325519377,1.6180847883224487,6,92.95475769042969
63.2,1.9710361278378614,2.190991919901988,0.08684210526315789,-0.038461538461538346,16.123605873,1.6180847883224487,6,92.95475769042969
63.2,1.9710361278378614,2.190991919901988,0.08684210526315789,-0.038461538461538346,16.123605873,1.6180847883224487,6,92.95475769042969
63.2,1.9710361278378614,2.190991919901988,0.08684210526315789,-0.038461538461538346,16.123605873,1.6180847883224487,6,92.95475769042969
63.2,1.9710361278378614,2.190991919901988,0.08684210526315789,-0.038461538461538346,16.123605873,1.6180847883224487,6,92.95475769042969
63.2,1.968077169313335,2.1909690258628713,0.08684210526315789,-0.038461538461538346,16.015285561,1.6180847883224487,6,92.95475769042969
63.2,1.968077169313335,2.1909690258628713,0.08684210526315789,-0.038461538461538346,16.015285561,1.6180847883224487,6,92.95475769042969
63.2,1.968077169313335,2.1909690258628713,0.08684210526315789,-0.038461538461538346,16.015285561,1.6180847883224487,6,92.95475769042969
63.2,1.968077169313335,2.1909690258628713,0.08684210526315789,-0.038461538461538346,16.015285561,1.6180847883224487,6,92.95475769042969
63.2,1.965118938122343,2.1909507907021535,0.08684210526315789,-0.038461538461538346,16.484214906,1.5714225769042969,6,92.95475769042969
63.2,1.965118938122343,2.1909507907021535,0.08105263157894736,-0.038461538461538346,16.484214906,1.5714225769042969,6,92.95475769042969
63.2,1.965118938122343,2.1909507907021535,0.08105263157894736,-0.038461538461538346,16.484214906,1.5714225769042969,6,92.95475769042969
63.300000000000004,1.9621613900961135,2.190935976151753,0.08105263157894736,-0.038461538461538346,16.929985471,1.5714225769042969,6,92.95475769042969
63.300000000000004,1.9621613900961135,2.190935976151753,0.08105263157894736,-0.038461538461538346,16.929985471,1.5714225769042969,6,92.95475769042969
63.300000000000004,1.9621613900961135,2.190935976151753,0.08105263157894736,-0.038461538461538346,16.929985471,1.5714225769042969,6,92.95475769042969
63.300000000000004,1.9621613900961135,2.190935976151753,0.08105263157894736,-0.038461538461538346,16.929985471,1.5714225769042969,6,92.95475769042969
63.300000000000004,1.9594006437458924,2.1909254837297794,0.08105263157894736,-0.038461538461538346,17.277692656,1.5714225769042969,6,92.95475769042969
63.300000000000004,1.9594006437458924,2.1909254837297794,0.08105263157894736,-0.038461538461538346,17.277692656,1.5714225769042969,6,92.95475769042969
63.300000000000004,1.9594006437458924,2.1909254837297794,0.08105263157894736,-0.038461538461538346,17.277692656,1.5714225769042969,6,92.95475769042969
63.300000000000004,1.9566412787285354,2.1909189766021058,0.08105263157894736,-0.038461538461538346,17.651639151,1.5714225769042969,6,92.95475769042969
63.300000000000004,1.9566412787285354,2.1909189766021058,0.10999999999999999,-0.038461538461538346,17.651639151,1.5714225769042969,6,92.95475769042969
63.300000000000004,1.9566412787285354,2.1909189766021058,0.10999999999999999,-0.038461538461538346,17.651639151,1.5714225769042969,6,92.95475769042969
63.300000000000004,1.9566412787285354,2.1909189766021058,0.10999999999999999,-0.038461538461538346,17.651639151,1.5714225769042969,6,92.95475769042969
63.400000000000006,1.9566412787285354,2.1909189766021058,0.10999999999999999,-0.038461538461538346,17.651639151,1.5714225769042969,6,92.95475769042969
63.400000000000006,1.9538830619906873,2.190916160768658,0.10999999999999999,-0.038461538461538346,18.034082439,1.5714225769042969,6,92.95475769042969
63.400000000000006,1.9538830619906873,2.190916160768658,0.10999999999999999,-0.038461538461538346,18.034082439,1.5714225769042969,6,92.95475769042969
63.400000000000006,1.9538830619906873,2.190916160768658,0.10999999999999999,-0.038461538461538346,18.034082439,1.5714225769042969,6,92.95475769042969
63.400000000000006,1.9538830619906873,2.190916160768658,0.10999999999999999,-0.038461538461538346,18.034082439,1.5714225769042969,6,92.95475769042969
63.400000000000006,1.9495530094554143,2.1909179514996993,0.10999999999999999,-0.038461538461538346,17.273065182,1.5714225769042969,6,92.95475769042969
63.400000000000006,1.9495530094554143,2.1909179514996993,0.10999999999999999,-0.038461538461538346,17.273065182,1.5714225769042969,6,92.95475769042969
63.400000000000006,1.9495530094554143,2.1909179514996993,0.10999999999999999,-0.038461538461538346,17.273065182,1.5714225769042969,6,92.95475769042969
63.400000000000006,1.9458134087279322,2.1909271427973644,0.10999999999999999,-0.038461538461538346,17.273065182,1.5714225769042969,6,92.95475769042969
63.400000000000006,1.9458134087279322,2.1909271427973644,0.10999999999999999,-0.038461538461538346,16.91652165,1.5714225769042969,6,92.95475769042969
63.400000000000006,1.9458134087279322,2.1909271427973644,0.10999999999999999,-0.038461538461538346,16.91652165,1.5714225769042969,6,92.95475769042969
63.50000000000001,1.9458134087279322,2.1909271427973644,0.10999999999999999,-0.038461538461538346,16.91652165,1.5714225769042969,6,92.95475769042969
63.50000000000001,1.9420746446863904,2.1909425668313136,0.10999999999999999,-0.038461538461538346,16.587263314,1.5714225769042969,6,92.9100341796875
63.50000000000001,1.9420746446863904,2.1909425668313136,0.10999999999999999,-0.038461538461538346,16.587263314,1.5714225769042969,6,92.9100341796875
63.50000000000001,1.9420746446863904,2.1909425668313136,0.10999999999999999,-0.038461538461538346,16.587263314,1.5714225769042969,6,92.9100341796875
63.50000000000001,1.9420746446863904,2.1909425668313136,0.10999999999999999,-0.038461538461538346,16.587263314,1.5714225769042969,6,92.9100341796875
63.50000000000001,1.93833607422788,2.1909613005522335,0.10999999999999999,-0.038461538461538346,16.155739533,1.5714225769042969,6,92.9100341796875
63.50000000000001,1.93833607422788,2.1909613005522335,0.09842105263157894,-0.038461538461538346,16.155739533,1.5714225769042969,6,92.9100341796875
63.50000000000001,1.93833607422788,2.1909613005522335,0.09842105263157894,-0.038461538461538346,16.155739533,1.5714225769042969,6,92.9100341796875
63.50000000000001,1.9345961280872939,2.19098462673441,0.09842105263157894,-0.038461538461538346,15.75128994,1.5714225769042969,6,92.9100341796875
63.50000000000001,1.9345961280872939,2.19098462673441,0.09842105263157894,-0.038461538461538346,15.75128994,1.5714225769042969,6,92.9100341796875
63.50000000000001,1.9345961280872939,2.19098462673441,0.09842105263157894,-0.038461538461538346,15.75128994,1.5714225769042969,6,92.9100341796875
63.6,1.9345961280872939,2.19098462673441,0.09842105263157894,-0.038461538461538346,15.75128994,1.5714225769042969,6,92.9100341796875
63.6,1.9312475107608051,2.1910107864329933,0.09842105263157894,-0.038461538461538346,15.548582934,1.5714225769042969,6,92.9100341796875
63.6,1.9312475107608051,2.1910107864329933,0.09842105263157894,-0.038461538461538346,15.548582934,1.5714225769042969,6,92.9100341796875
63.6,1.9312475107608051,2.1910107864329933,0.09842105263157894,-0.038461538461538346,15.548582934,1.5714225769042969,6,92.9100341796875
63.6,1.9312475107608051,2.1910107864329933,0.09842105263157894,-0.038461538461538346,15.548582934,1.5714225769042969,6,92.9100341796875
63.6,1.927898983099588,2.191041395146638,0.09263157894736841,-0.038461538461538346,15.021014323,1.5464226007461548,6,92.9100341796875
63.6,1.927898983099588,2.191041395146638,0.09263157894736841,-0.038461538461538346,15.021014323,1.5464226007461548,6,92.9100341796875
63.6,1.927898983099588,2.191041395146638,0.09263157894736841,-0.038461538461538346,15.021014323,1.5464226007461548,6,92.9100341796875
63.6,1.924549386028454,2.191075995055835,0.09263157894736841,-0.038461538461538346,14.743462485,1.5464226007461548,6,92.9100341796875
63.6,1.924549386028454,2.191075995055835,0.09263157894736841,-0.038461538461538346,14.743462485,1.5464226007461548,6,92.9100341796875
63.6,1.924549386028454,2.191075995055835,0.09263157894736841,-0.038461538461538346,14.743462485,1.5464226007461548,6,92.9100341796875
63.7,1.924549386028454,2.191075995055835,0.09263157894736841,-0.038461538461538346,14.743462485,1.5464226007461548,6,92.9100341796875
63.7,1.9213949544279323,2.1911127755402418,0.09263157894736841,-0.038461538461538346,14.566549426,1.5464226007461548,6,92.9100341796875
63.7,1.9213949544279323,2.1911127755402418,0.09263157894736841,-0.038461538461538346,14.566549426,1.5464226007461548,6,92.9100341796875
63.7,1.9213949544279323,2.1911127755402418,0.09263157894736841,-0.038461538461538346,14.566549426,1.5464226007461548,6,92.9100341796875
63.7,1.9182403175879152,2.1911538987832078,0.08684210526315789,-0.038461538461538346,15.115348447,1.5464226007461548,6,92.9100341796875
63.7,1.9182403175879152,2.1911538987832078,0.08684210526315789,-0.038461538461538346,15.115348447,1.5464226007461548,6,92.9100341796875
63.7,1.9182403175879152,2.1911538987832078,0.08684210526315789,-0.038461538461538346,15.115348447,1.5464226007461548,6,92.9100341796875
63.7,1.9182403175879152,2.1911538987832078,0.08684210526315789,-0.038461538461538346,15.115348447,1.5464226007461548,6,92.9100341796875
63.7,1.9152819341168803,2.1911962566203793,0.08684210526315789,-0.038461538461538346,15.49790275,1.5464226007461548,6,92.9100341796875
63.7,1.9152819341168803,2.1911962566203793,0.08684210526315789,-0.038461538461538346,15.49790275,1.5464226007461548,6,92.9100341796875
63.800000000000004,1.9152819341168803,2.1911962566203793,0.08684210526315789,-0.038461538461538346,15.49790275,1.5464226007461548,6,92.9100341796875
63.800000000000004,1.9123242189819878,2.1912424108778135,0.08684210526315789,-0.038461538461538346,15.2473576,1.5214225053787231,6,92.9100341796875
63.800000000000004,1.9123242189819878,2.1912424108778135,0.08684210526315789,-0.038461538461538346,15.633047409,1.5214225053787231,6,92.9100341796875
63.800000000000004,1.9123242189819878,2.1912424108778135,0.08684210526315789,-0.038461538461538346,15.633047409,1.5214225053787231,6,92.9100341796875
63.800000000000004,1.9123242189819878,2.1912424108778135,0.10999999999999999,-0.038461538461538346,15.633047409,1.5214225053787231,6,92.9100341796875
63.800000000000004,1.909367020307356,2.191292501832348,0.10999999999999999,-0.038461538461538346,16.057207894,1.5214225053787231,6,92.9100341796875
63.800000000000004,1.909367020307356,2.191292501832348,0.10999999999999999,-0.038461538461538346,16.057207894,1.5214225053787231,6,92.9100341796875
63.800000000000004,1.909367020307356,2.191292501832348,0.10999999999999999,-0.038461538461538346,16.057207894,1.5214225053787231,6,92.9100341796875
63.800000000000004,1.909367020307356,2.191292501832348,0.10999999999999999,-0.038461538461538346,16.057207894,1.5214225053787231,6,92.9100341796875
63.800000000000004,1.9052322293276593,2.1913680484393288,0.10999999999999999,-0.038461538461538346,15.848850682,1.5214225053787231,6,92.9100341796875
63.900000000000006,1.9052322293276593,2.1913680484393288,0.10999999999999999,-0.038461538461538346,15.848850682,1.5214225053787231,6,92.9100341796875
63.900000000000006,1.9052322293276593,2.1913680484393288,0.10999999999999999,-0.038461538461538346,15.848850682,1.5214225053787231,6,92.9100341796875
63.900000000000006,1.9014908809335445,2.191441383950577,0.10999999999999999,-0.038461538461538346,15.641037953,1.5214225053787231,6,92.9100341796875
63.900000000000006,1.9014908809335445,2.191441383950577,0.10999999999999999,-0.038461538461538346,15.641037953,1.5214225053787231,6,92.9100341796875
63.900000000000006,1.9014908809335445,2.191441383950577,0.10421052631578946,-0.038461538461538346,15.641037953,1.5214225053787231,6,92.9100341796875
63.900000000000006,1.897751137845478,2.1915196194170488,0.10421052631578946,-0.038461538461538346,15.437705233,1.5214225053787231,6,92.9100341796875
63.900000000000006,1.897751137845478,2.1915196194170488,0.10421052631578946,-0.038461538461538346,15.437705233,1.5214225053787231,6,92.9100341796875
63.900000000000006,1.897751137845478,2.1915196194170488,0.10421052631578946,-0.038461538461538346,15.437705233,1.5214225053787231,6,92.9100341796875
63.900000000000006,1.89420821887956,2.191598362417443,0.10421052631578946,-0.038461538461538346,15.342949726,1.5214225053787231,6,92.9100341796875
63.900000000000006,1.89420821887956,2.191598362417443,0.10421052631578946,-0.038461538461538346,15.342949726,1.5214225053787231,6,92.9100341796875
64.0,1.89420821887956,2.191598362417443,0.10421052631578946,-0.038461538461538346,15.342949726,1.5214225053787231,6,92.8584213256836
64.0,1.89420821887956,2.191598362417443,0.10421052631578946,-0.038461538461538346,15.342949726,1.5214225053787231,6,92.8584213256836
64.0,1.8906657003943959,2.191681730105718,0.10421052631578946,-0.038461538461538346,15.154789183,1.5214225053787231,6,92.8584213256836
64.0,1.8906657003943959,2.191681730105718,0.10421052631578946,-0.038461538461538346,15.154789183,1.5214225053787231,6,92.8584213256836
64.0,1.8906657003943959,2.191681730105718,0.09842105263157894,-0.038461538461538346,15.154789183,1.5214225053787231,6,92.8584213256836
64.0,1.8871233391554063,2.1917697921900734,0.09842105263157894,-0.038461538461538346,15.154789183,1.5214225053787231,6,92.8584213256836
64.0,1.8871233391554063,2.1917697921900734,0.09842105263157894,-0.038461538461538346,14.96615117,1.5214225053787231,6,92.8584213256836
64.0,1.8871233391554063,2.1917697921900734,0.09842105263157894,-0.038461538461538346,14.96615117,1.5214225053787231,6,92.8584213256836
64.0,1.8871233391554063,2.1917697921900734,0.09842105263157894,-0.038461538461538346,14.96615117,1.5214225053787231,6,92.8584213256836
64.0,1.8837769559545774,2.1918573844567923,0.09842105263157894,-0.038461538461538346,14.785084221,1.5214225053787231,6,92.8584213256836
64.0,1.8837769559545774,2.1918573844567923,0.09842105263157894,-0.038461538461538346,14.785084221,1.5214225053787231,6,92.8584213256836
64.10000000000001,1.8837769559545774,2.1918573844567923,0.09842105263157894,-0.038461538461538346,14.785084221,1.5214225053787231,6,92.8584213256836
64.10000000000001,1.8837769559545774,2.1918573844567923,0.09842105263157894,-0.038461538461538346,14.785084221,1.5214225053787231,6,92.8584213256836
64.10000000000001,1.8804303459487857,2.1919493492025155,0.09842105263157894,-0.038461538461538346,14.607270959000001,1.5214225053787231,6,92.8584213256836
64.10000000000001,1.8804303459487857,2.1919493492025155,0.09263157894736841,-0.038461538461538346,14.607270959000001,1.5214225053787231,6,92.8584213256836
64.10000000000001,1.8804303459487857,2.1919493492025155,0.09263157894736841,-0.038461538461538346,14.607270959000001,1.5214225053787231,6,92.8584213256836
64.10000000000001,1.8770832183702573,2.1920457057381433,0.09263157894736841,-0.038461538461538346,14.19123834,1.496422529220581,6,92.8584213256836
64.10000000000001,1.8770832183702573,2.1920457057381433,0.09263157894736841,-0.038461538461538346,14.19123834,1.496422529220581,6,92.8584213256836
64.10000000000001,1.8770832183702573,2.1920457057381433,0.09263157894736841,-0.038461538461538346,14.19123834,1.496422529220581,6,92.8584213256836
64.10000000000001,1.8770832183702573,2.1920457057381433,0.09263157894736841,-0.038461538461538346,14.19123834,1.496422529220581,6,92.8584213256836
64.10000000000001,1.8739319314025698,2.1921405744564906,0.09263157894736841,-0.038461538461538346,14.621913433,1.496422529220581,6,92.8584213256836
64.2,1.8739319314025698,2.1921405744564906,0.09263157894736841,-0.038461538461538346,14.621913433,1.496422529220581,6,92.8584213256836
64.2,1.8739319314025698,2.1921405744564906,0.09263157894736841,-0.038461538461538346,14.621913433,1.496422529220581,6,92.8584213256836
64.2,1.8739319314025698,2.1921405744564906,0.09263157894736841,-0.038461538461538346,14.621913433,1.496422529220581,6,92.8584213256836
64.2,1.8707803238579424,2.1922396006887612,0.08684210526315789,-0.012820512820512706,14.899563601,1.496422529220581,6,92.8584213256836
64.2,1.8707803238579424,2.1922396006887612,0.08684210526315789,-0.012820512820512706,14.899563601,1.496422529220581,6,92.8584213256836
64.2,1.8707803238579424,2.1922396006887612,0.08684210526315789,-0.012820512820512706,14.899563601,1.496422529220581,6,92.8584213256836
64.2,1.8676285908861787,2.192342762393373,0.08684210526315789,-0.012820512820512706,14.899563601,1.496422529220581,6,92.8584213256836
64.2,1.8676285908861787,2.192342762393373,0.08684210526315789,-0.012820512820512706,15.188731667,1.496422529220581,6,92.8584213256836
64.2,1.8676285908861787,2.192342762393373,0.08684210526315789,-0.012820512820512706,15.188731667,1.496422529220581,6,92.8584213256836
64.2,1.8676285908861787,2.192342762393373,0.08684210526315789,-0.012820512820512706,15.188731667,1.496422529220581,6,92.8584213256836
64.2,1.864674278498236,2.192442908854205,0.08684210526315789,-0.012820512820512706,15.481117648,1.496422529220581,6,92.8584213256836
64.3,1.864674278498236,2.192442908854205,0.08684210526315789,-0.012820512820512706,15.481117648,1.496422529220581,6,92.8584213256836
64.3,1.864674278498236,2.192442908854205,0.08684210526315789,-0.012820512820512706,15.481117648,1.496422529220581,6,92.8584213256836
64.3,1.864674278498236,2.192442908854205,0.08105263157894736,-0.012820512820512706,15.481117648,1.496422529220581,6,92.8584213256836
64.3,1.8617214489833211,2.1925441578944818,0.08105263157894736,-0.012820512820512706,15.794026307,1.496422529220581,6,92.8584213256836
64.3,1.8617214489833211,2.1925441578944818,0.08105263157894736,-0.012820512820512706,15.794026307,1.496422529220581,6,92.8584213256836
64.3,1.8617214489833211,2.1925441578944818,0.08105263157894736,-0.012820512820512706,15.794026307,1.496422529220581,6,92.8584213256836
64.3,1.8589647199942059,2.1926388400561962,0.08105263157894736,-0.012820512820512706,15.794026307,1.496422529220581,6,92.8584213256836
64.3,1.8589647199942059,2.1926388400561962,0.08105263157894736,-0.012820512820512706,16.222033369,1.496422529220581,6,92.8584213256836
64.3,1.8589647199942059,2.1926388400561962,0.08105263157894736,-0.012820512820512706,16.222033369,1.496422529220581,6,92.8584213256836
64.3,1.8589647199942059,2.1926388400561962,0.08105263157894736,-0.012820512820512706,16.222033369,1.496422529220581,6,92.8584213256836
64.3,1.8562084907250374,2.192735074639844,0.08105263157894736,-0.012820512820512706,16.57116631,1.496422529220581,6,92.8584213256836
64.4,1.8562084907250374,2.192735074639844,0.08105263157894736,-0.012820512820512706,16.57116631,1.496422529220581,6,92.8584213256836
64.4,1.8562084907250374,2.192735074639844,0.10999999999999999,-0.012820512820512706,16.57116631,1.496422529220581,6,92.8584213256836
64.4,1.8562084907250374,2.192735074639844,0.10999999999999999,-0.012820512820512706,16.57116631,1.496422529220581,6,92.8584213256836
64.4,1.8534532655185498,2.1928329590660223,0.10999999999999999,-0.012820512820512706,16.643251144,1.4714224338531494,6,92.8584213256836
64.4,1.8534532655185498,2.1928329590660223,0.10999999999999999,-0.012820512820512706,16.643251144,1.4714224338531494,6,92.8584213256836
64.4,1.8534532655185498,2.1928329590660223,0.10999999999999999,-0.012820512820512706,16.643251144,1.4714224338531494,6,92.8584213256836
64.4,1.8487343937108778,2.193002716086544,0.10999999999999999,-0.012820512820512706,15.84674326,1.4714224338531494,6,92.8584213256836
64.4,1.8487343937108778,2.193002716086544,0.10999999999999999,-0.012820512820512706,15.84674326,1.4714224338531494,6,92.8584213256836
64.4,1.8487343937108778,2.193002716086544,0.10999999999999999,-0.012820512820512706,15.84674326,1.4714224338531494,6,92.8584213256836
64.4,1.8487343937108778,2.193002716086544,0.10999999999999999,-0.012820512820512706,15.84674326,1.4714224338531494,6,92.8584213256836
64.5,1.8449972931254017,2.193141459764111,0.10999999999999999,-0.012820512820512706,15.540009365,1.4714224338531494,6,92.8584213256836
64.5,1.8449972931254017,2.193141459764111,0.10421052631578946,-0.012820512820512706,15.540009365,1.4714224338531494,6,92.80918884277344
64.5,1.8449972931254017,2.193141459764111,0.10421052631578946,-0.012820512820512706,15.540009365,1.4714224338531494,6,92.80918884277344
64.5,1.8412615639023566,2.193283386432499,0.10421052631578946,-0.012820512820512706,15.23381597,1.4714224338531494,6,92.80918884277344
64.5,1.8412615639023566,2.193283386432499,0.10421052631578946,-0.012820512820512706,15.23381597,1.4714224338531494,6,92.80918884277344
64.5,1.8412615639023566,2.193283386432499,0.10421052631578946,-0.012820512820512706,15.23381597,1.4714224338531494,6,92.80918884277344
64.5,1.8412615639023566,2.193283386432499,0.10421052631578946,-0.012820512820512706,15.23381597,1.4714224338531494,6,92.80918884277344
64.5,1.8377224205422227,2.1934178626573595,0.10421052631578946,-0.012820512820512706,15.041300743,1.4714224338531494,6,92.80918884277344
64.5,1.8377224205422227,2.1934178626573595,0.10421052631578946,-0.012820512820512706,15.041300743,1.4714224338531494,6,92.80918884277344
64.5,1.8377224205422227,2.1934178626573595,0.10421052631578946,-0.012820512820512706,15.041300743,1.4714224338531494,6,92.80918884277344
64.5,1.8377224205422227,2.1934178626573595,0.10421052631578946,-0.012820512820512706,15.041300743,1.4714224338531494,6,92.80918884277344
64.5,1.8341819630103298,2.193553514360724,0.09842105263157894,-0.012820512820512706,14.760124586,1.4714224338531494,6,92.80918884277344
64.60000000000001,1.8341819630103298,2.193553514360724,0.09842105263157894,-0.012820512820512706,14.760124586,1.4714224338531494,6,92.80918884277344
64.60000000000001,1.8341819630103298,2.193553514360724,0.09842105263157894,-0.012820512820512706,14.760124586,1.4714224338531494,6,92.80918884277344
64.60000000000001,1.830836897608302,2.1936840125266066,0.09842105263157894,-0.012820512820512706,14.570665218,1.4714224338531494,6,92.80918884277344
64.60000000000001,1.830836897608302,2.1936840125266066,0.09842105263157894,-0.012820512820512706,14.570665218,1.4714224338531494,6,92.80918884277344
64.60000000000001,1.830836897608302,2.1936840125266066,0.09842105263157894,-0.012820512820512706,14.570665218,1.4714224338531494,6,92.80918884277344
64.60000000000001,1.830836897608302,2.1936840125266066,0.09842105263157894,-0.012820512820512706,14.570665218,1.4714224338531494,6,92.80918884277344
64.60000000000001,1.8274920495755733,2.1938159715997094,0.09842105263157894,-0.012820512820512706,14.570665218,1.4714224338531494,6,92.80918884277344
64.60000000000001,1.8274920495755733,2.1938159715997094,0.09842105263157894,-0.012820512820512706,14.062009165,1.4464225769042969,6,92.80918884277344
64.60000000000001,1.8274920495755733,2.1938159715997094,0.09842105263157894,-0.012820512820512706,14.062009165,1.4464225769042969,6,92.80918884277344
64.60000000000001,1.8274920495755733,2.1938159715997094,0.08684210526315789,-0.012820512820512706,14.062009165,1.4464225769042969,6,92.80918884277344
64.7,1.8241465437002466,2.1939489348608308,0.08684210526315789,-0.012820512820512706,13.802052421,1.4464225769042969,6,92.80918884277344
64.7,1.8241465437002466,2.1939489348608308,0.08684210526315789,-0.012820512820512706,13.802052421,1.4464225769042969,6,92.80918884277344
64.7,1.8241465437002466,2.1939489348608308,0.08684210526315789,-0.012820512820512706,13.802052421,1.4464225769042969,6,92.80918884277344
64.7,1.8241465437002466,2.1939489348608308,0.08684210526315789,-0.012820512820512706,13.802052421,1.4464225769042969,6,92.80918884277344
64.7,1.8208001017966808,2.1940835688374394,0.08684210526315789,-0.012820512820512706,13.557621024,1.4464225769042969,6,92.80918884277344
64.7,1.8208001017966808,2.1940835688374394,0.08684210526315789,-0.012820512820512706,13.557621024,1.4464225769042969,6,92.80918884277344
64.7,1.8208001017966808,2.1940835688374394,0.08684210526315789,-0.012820512820512706,13.557621024,1.4464225769042969,6,92.80918884277344
64.7,1.8208001017966808,2.1940835688374394,0.08684210526315789,-0.012820512820512706,13.557621024,1.4464225769042969,6,92.80918884277344
64.7,1.8178464761183073,2.194204057298989,0.08684210526315789,-0.012820512820512706,14.369473203,1.4505164623260498,6,92.80918884277344
64.7,1.8178464761183073,2.194204057298989,0.08684210526315789,-0.012820512820512706,14.369473203,1.4505164623260498,6,92.80918884277344
64.7,1.8178464761183073,2.194204057298989,0.08684210526315789,-0.012820512820512706,14.369473203,1.4505164623260498,6,92.80918884277344
64.7,1.8178464761183073,2.194204057298989,0.08684210526315789,-0.012820512820512706,14.369473203,1.4505164623260498,6,92.80918884277344
64.8,1.8148933321272034,2.1943257323248204,0.08684210526315789,-0.012820512820512706,14.234457241,1.4018222093582153,6,92.80918884277344
64.8,1.8148933321272034,2.1943257323248204,0.08684210526315789,-0.012820512820512706,14.234457241,1.4018222093582153,6,92.80918884277344
64.8,1.8148933321272034,2.1943257323248204,0.08684210526315789,-0.012820512820512706,14.234457241,1.4018222093582153,6,92.80918884277344
64.8,1.811940882806315,2.194448525796897,0.08684210526315789,-0.012820512820512706,14.616845566,1.4018222093582153,6,92.80918884277344
64.8,1.811940882806315,2.194448525796897,0.08684210526315789,-0.012820512820512706,14.616845566,1.4018222093582153,6,92.80918884277344
64.8,1.811940882806315,2.194448525796897,0.08684210526315789,-0.012820512820512706,14.616845566,1.4018222093582153,6,92.80918884277344
64.8,1.8089886919875533,2.1945726401899357,0.10999999999999999,-0.012820512820512706,14.907281684,1.4018222093582153,6,92.80918884277344
64.8,1.8089886919875533,2.1945726401899357,0.10999999999999999,-0.012820512820512706,14.907281684,1.4018222093582153,6,92.80918884277344
64.8,1.8089886919875533,2.1945726401899357,0.10999999999999999,-0.012820512820512706,14.907281684,1.4018222093582153,6,92.80918884277344
64.8,1.8089886919875533,2.1945726401899357,0.10999999999999999,-0.012820512820512706,14.907281684,1.4018222093582153,6,92.80918884277344
64.9,1.8060377100527933,2.194698088056159,0.10999999999999999,-0.012820512820512706,15.211792361,1.4018222093582153,6,92.80918884277344
64.9,1.8060377100527933,2.194698088056159,0.10999999999999999,-0.012820512820512706,15.211792361,1.4018222093582153,6,92.80918884277344
64.9,1.8060377100527933,2.194698088056159,0.10999999999999999,-0.012820512820512706,15.211792361,1.4018222093582153,6,92.80918884277344
64.9,1.8060377100527933,2.194698088056159,0.10999999999999999,-0.012820512820512706,15.211792361,1.4018222093582153,6,92.80918884277344
64.9,1.8060377100527933,2.194698088056159,0.10999999999999999,-0.012820512820512706,15.211792361,1.4018222093582153,6,92.80918884277344
64.9,1.802302827232406,2.194858369386721,0.10999999999999999,-0.012820512820512706,15.002627632,1.4018222093582153,6,92.80918884277344
64.9,1.802302827232406,2.194858369386721,0.10999999999999999,-0.012820512820512706,15.002627632,1.4018222093582153,6,92.80918884277344
64.9,1.802302827232406,2.194858369386721,0.10421052631578946,-0.012820512820512706,15.002627632,1.4018222093582153,6,92.80918884277344
64.9,1.802302827232406,2.194858369386721,0.10421052631578946,-0.012820512820512706,15.002627632,1.4018222093582153,6,92.80918884277344
64.9,1.798625874899703,2.195062567754238,0.10421052631578946,-0.012820512820512706,14.80967204,1.4018222093582153,6,92.80918884277344
64.9,1.798625874899703,2.195062567754238,0.10421052631578946,-0.012820512820512706,14.80967204,1.4018222093582153,6,92.80918884277344
64.9,1.798625874899703,2.195062567754238,0.10421052631578946,-0.012820512820512706,14.80967204,1.4018222093582153,6,92.80918884277344
65.0,1.7952662216018025,2.195347250993616,0.10421052631578946,-0.012820512820512706,14.710741199,1.4018222093582153,6,92.76277923583984
65.0,1.7952662216018025,2.195347250993616,0.10421052631578946,-0.012820512820512706,14.710741199,1.4018222093582153,6,92.76277923583984
65.0,1.7952662216018025,2.195347250993616,0.10421052631578946,-0.012820512820512706,14.710741199,1.4018222093582153,6,92.76277923583984
65.0,1.7952662216018025,2.195347250993616,0.10421052631578946,-0.012820512820512706,14.710741199,1.4018222093582153,6,92.76277923583984
65.0,1.7919068302758547,2.195631619687391,0.10421052631578946,-0.012820512820512706,14.617362347,1.4018222093582153,6,92.76277923583984
65.0,1.7919068302758547,2.195631619687391,0.09842105263157894,-0.012820512820512706,14.617362347,1.4018222093582153,6,92.76277923583984
65.0,1.7919068302758547,2.195631619687391,0.09842105263157894,-0.012820512820512706,14.617362347,1.4018222093582153,6,92.76277923583984
65.0,1.7919068302758547,2.195631619687391,0.09842105263157894,-0.012820512820512706,14.617362347,1.4018222093582153,6,92.76277923583984
65.0,1.7885470315459866,2.1959157379925887,0.09842105263157894,-0.012820512820512706,14.331952495,1.4018222093582153,6,92.76277923583984
65.0,1.7885470315459866,2.1959157379925887,0.09842105263157894,-0.012820512820512706,14.331952495,1.4018222093582153,6,92.76277923583984
65.0,1.7885470315459866,2.1959157379925887,0.09842105263157894,-0.012820512820512706,14.331952495,1.4018222093582153,6,92.76277923583984
65.10000000000001,1.7853827635055954,2.196190991175034,0.09842105263157894,-0.012820512820512706,14.151778367,1.4018222093582153,6,92.76277923583984
65.10000000000001,1.7853827635055954,2.196190991175034,0.09842105263157894,-0.012820512820512706,14.151778367,1.4018222093582153,6,92.76277923583984
65.10000000000001,1.7853827635055954,2.196190991175034,0.09842105263157894,-0.012820512820512706,14.151778367,1.4018222093582153,6,92.76277923583984
65.10000000000001,1.782217885783036,2.1964659864904874,0.09842105263157894,-0.012820512820512706,13.969628310000001,1.4018222093582153,6,92.76277923583984
65.10000000000001,1.782217885783036,2.1964659864904874,0.09263157894736841,-0.012820512820512706,13.969628310000001,1.4018222093582153,6,92.76277923583984
65.10000000000001,1.782217885783036,2.1964659864904874,0.09263157894736841,-0.012820512820512706,13.969628310000001,1.4018222093582153,6,92.76277923583984
65.10000000000001,1.782217885783036,2.1964659864904874,0.09263157894736841,-0.012820512820512706,13.969628310000001,1.4018222093582153,6,92.76277923583984
65.10000000000001,1.7789786470156448,2.196689169489699,0.09263157894736841,-0.012820512820512706,13.797233576,1.4018222093582153,6,92.76277923583984
65.10000000000001,1.7789786470156448,2.196689169489699,0.09263157894736841,-0.012820512820512706,13.797233576,1.4018222093582153,6,92.76277923583984
65.2,1.7789786470156448,2.196689169489699,0.09263157894736841,-0.012820512820512706,13.797233576,1.4018222093582153,6,92.76277923583984
65.2,1.7758299139479057,2.1968308653243946,0.09263157894736841,-0.012820512820512706,13.465981818,1.3768221139907837,6,92.76277923583984
65.2,1.7758299139479057,2.1968308653243946,0.09263157894736841,-0.012820512820512706,13.465981818,1.3768221139907837,6,92.76277923583984
65.2,1.7758299139479057,2.1968308653243946,0.09263157894736841,-0.012820512820512706,13.465981818,1.3768221139907837,6,92.76277923583984
65.2,1.7758299139479057,2.1968308653243946,0.09263157894736841,-0.012820512820512706,13.465981818,1.3768221139907837,6,92.76277923583984
65.2,1.7726810096096148,2.1969739531819927,0.08684210526315789,-0.012820512820512706,13.725628345,1.3768221139907837,6,92.76277923583984
65.2,1.7726810096096148,2.1969739531819927,0.08684210526315789,-0.012820512820512706,13.725628345,1.3768221139907837,6,92.76277923583984
65.2,1.7726810096096148,2.1969739531819927,0.08684210526315789,-0.012820512820512706,13.725628345,1.3768221139907837,6,92.76277923583984
65.2,1.7695320722531154,2.197118378418565,0.08684210526315789,-0.012820512820512706,13.725628345,1.3768221139907837,6,92.76277923583984
65.2,1.7695320722531154,2.197118378418565,0.08684210526315789,-0.012820512820512706,13.982529557,1.3768221139907837,6,92.76277923583984
65.2,1.7695320722531154,2.197118378418565,0.08684210526315789,-0.012820512820512706,13.982529557,1.3768221139907837,6,92.76277923583984
65.3,1.7695320722531154,2.197118378418565,0.08684210526315789,-0.012820512820512706,13.982529557,1.3768221139907837,6,92.76277923583984
65.3,1.7665796406390128,2.197255123082697,0.08684210526315789,-0.012820512820512706,14.262078537,1.3768221139907837,6,92.76277923583984
65.3,1.7665796406390128,2.197255123082697,0.08684210526315789,-0.012820512820512706,14.262078537,1.3768221139907837,6,92.76277923583984
65.3,1.7665796406390128,2.197255123082697,0.08684210526315789,-0.012820512820512706,14.262078537,1.3768221139907837,6,92.76277923583984
65.3,1.7665796406390128,2.197255123082697,0.08105263157894736,-0.012820512820512706,14.262078537,1.3768221139907837,6,92.76277923583984
65.3,1.7636276823994976,2.1973930984349432,0.08105263157894736,-0.012820512820512706,14.542822281,1.3768221139907837,6,92.76277923583984
65.3,1.7636276823994976,2.1973930984349432,0.08105263157894736,-0.012820512820512706,14.542822281,1.3768221139907837,6,92.76277923583984
65.3,1.7608728686089796,2.197523100552844,0.08105263157894736,-0.012820512820512706,14.946147848,1.3768221139907837,6,92.76277923583984
65.3,1.7608728686089796,2.197523100552844,0.08105263157894736,-0.012820512820512706,14.946147848,1.3768221139907837,6,92.76277923583984
65.3,1.7608728686089796,2.197523100552844,0.08105263157894736,-0.012820512820512706,14.946147848,1.3768221139907837,6,92.76277923583984
65.4,1.7608728686089796,2.197523100552844,0.08105263157894736,-0.012820512820512706,14.946147848,1.3768221139907837,6,92.76277923583984
65.4,1.758118955170022,2.1976542461291437,0.08105263157894736,-0.012820512820512706,15.267231776,1.3768221139907837,6,92.76277923583984
65.4,1.758118955170022,2.1976542461291437,0.08105263157894736,-0.012820512820512706,15.267231776,1.3768221139907837,6,92.76277923583984
65.4,1.758118955170022,2.1976542461291437,0.08105263157894736,-0.012820512820512706,15.267231776,1.3768221139907837,6,92.76277923583984
65.4,1.758118955170022,2.1976542461291437,0.10999999999999999,-0.012820512820512706,15.267231776,1.3768221139907837,6,92.76277923583984
65.4,1.7553656578326113,2.1977865516100192,0.10999999999999999,-0.012820512820512706,15.593532318,1.3768221139907837,6,92.76277923583984
65.4,1.7553656578326113,2.1977865516100192,0.10999999999999999,-0.012820512820512706,15.593532318,1.3768221139907837,6,92.76277923583984
65.4,1.7553656578326113,2.1977865516100192,0.10999999999999999,-0.012820512820512706,15.593532318,1.3768221139907837,6,92.76277923583984
65.4,1.7506515810273384,2.198015024407023,0.10999999999999999,-0.012820512820512706,14.576956553,1.3518221378326416,6,92.76277923583984
65.4,1.7506515810273384,2.198015024407023,0.10999999999999999,-0.012820512820512706,14.576956553,1.3518221378326416,6,92.76277923583984
65.5,1.7506515810273384,2.198015024407023,0.10999999999999999,-0.012820512820512706,14.576956553,1.3518221378326416,6,92.76277923583984
65.5,1.7506515810273384,2.198015024407023,0.10999999999999999,-0.012820512820512706,14.576956553,1.3518221378326416,6,92.71471405029297
65.5,1.7469178018300782,2.198197655235573,0.10999999999999999,-0.012820512820512706,14.293551077,1.3518221378326416,6,92.71471405029297
65.5,1.7469178018300782,2.198197655235573,0.10999999999999999,-0.012820512820512706,14.293551077,1.3518221378326416,6,92.71471405029297
65.5,1.7469178018300782,2.198197655235573,0.10421052631578946,0.1471794871794873,14.293551077,1.3518221378326416,6,92.71471405029297
65.5,1.7431845129705057,2.198381892223898,0.10421052631578946,0.1471794871794873,14.007117464,1.3518221378326416,6,92.71471405029297
65.5,1.7431845129705057,2.198381892223898,0.10421052631578946,0.1471794871794873,14.007117464,1.3518221378326416,6,92.71471405029297
65.5,1.7431845129705057,2.198381892223898,0.10421052631578946,0.1471794871794873,14.007117464,1.3518221378326416,6,92.71471405029297
65.5,1.7431845129705057,2.198381892223898,0.10421052631578946,0.1471794871794873,14.007117464,1.3518221378326416,6,92.71471405029297
65.5,1.7396519112058138,2.1985541653083427,0.10421052631578946,0.19230769230769237,13.835930405,1.3518221378326416,6,92.71471405029297
65.5,1.7396519112058138,2.1985541653083427,0.10421052631578946,0.19230769230769237,13.835930405,1.3518221378326416,6,92.71471405029297
65.60000000000001,1.7396519112058138,2.1985541653083427,0.10421052631578946,0.19230769230769237,13.835930405,1.3518221378326416,6,92.71471405029297
65.60000000000001,1.7396519112058138,2.1985541653083427,0.10421052631578946,0.19230769230769237,13.835930405,1.3518221378326416,6,92.71471405029297
65.60000000000001,1.7361289003535534,2.198706179724685,0.10421052631578946,0.19230769230769237,13.57823903,1.3518221378326416,6,92.71471405029297
65.60000000000001,1.7361289003535534,2.198706179724685,0.09842105263157894,0.19230769230769237,13.57823903,1.3518221378326416,6,92.71471405029297
65.60000000000001,1.7361289003535534,2.198706179724685,0.09842105263157894,0.19230769230769237,13.57823903,1.3518221378326416,6,92.71471405029297
65.60000000000001,1.7361289003535534,2.198706179724685,0.09842105263157894,0.19230769230769237,13.57823903,1.3518221378326416,6,92.71471405029297
65.60000000000001,1.7326031268853948,2.1988272442624317,0.09842105263157894,0.19230769230769237,13.332046054,1.3518221378326416,6,92.71471405029297
65.60000000000001,1.7326031268853948,2.1988272442624317,0.09842105263157894,0.19230769230769237,13.332046054,1.3518221378326416,6,92.71471405029297
65.60000000000001,1.7326031268853948,2.1988272442624317,0.09842105263157894,0.19230769230769237,13.332046054,1.3518221378326416,6,92.71471405029297
65.60000000000001,1.729266496276941,2.1989202685357885,0.09842105263157894,0.19230769230769237,13.085298457,1.3518221378326416,6,92.71471405029297
65.60000000000001,1.729266496276941,2.1989202685357885,0.09842105263157894,0.19230769230769237,13.085298457,1.3518221378326416,6,92.71471405029297
65.7,1.729266496276941,2.1989202685357885,0.09842105263157894,0.19230769230769237,13.085298457,1.3518221378326416,6,92.71471405029297
65.7,1.7259306157420908,2.198995395802687,0.09842105263157894,0.19230769230769237,13.085298457,1.3518221378326416,6,92.71471405029297
65.7,1.7259306157420908,2.198995395802687,0.09263157894736841,0.19230769230769237,12.611724791,1.326822280883789,6,92.71471405029297
65.7,1.7259306157420908,2.198995395802687,0.09263157894736841,0.19230769230769237,12.611724791,1.326822280883789,6,92.71471405029297
65.7,1.7259306157420908,2.198995395802687,0.09263157894736841,0.19230769230769237,13.481885252,1.418367862701416,6,92.71471405029297
65.7,1.7225964348848943,2.1990476437522695,0.09263157894736841,0.19230769230769237,13.481885252,1.418367862701416,6,92.71471405029297
65.7,1.7225964348848943,2.1990476437522695,0.09263157894736841,0.19230769230769237,13.249445091,1.418367862701416,6,92.71471405029297
65.7,1.7225964348848943,2.1990476437522695,0.09263157894736841,0.19230769230769237,13.249445091,1.418367862701416,6,92.71471405029297
65.7,1.7225964348848943,2.1990476437522695,0.09263157894736841,0.19230769230769237,13.249445091,1.418367862701416,6,92.71471405029297
65.7,1.719456745654417,2.199074552428816,0.09263157894736841,0.19230769230769237,13.551100677,1.3811384439468384,6,92.71471405029297
65.7,1.719456745654417,2.199074552428816,0.09263157894736841,0.19230769230769237,13.551100677,1.3811384439468384,6,92.71471405029297
65.8,1.719456745654417,2.199074552428816,0.09263157894736841,0.19230769230769237,13.551100677,1.3811384439468384,6,92.71471405029297
65.8,1.7163162961134502,2.199082067489403,0.08105263157894736,0.03230769230769237,13.551100677,1.3811384439468384,6,92.71471405029297
65.8,1.7163162961134502,2.199082067489403,0.08105263157894736,0.03230769230769237,13.80971035,1.3811384439468384,6,92.71471405029297
65.8,1.7163162961134502,2.199082067489403,0.08105263157894736,0.03230769230769237,13.80971035,1.3811384439468384,6,92.71471405029297
65.8,1.7163162961134502,2.199082067489403,0.08105263157894736,0.03230769230769237,13.80971035,1.3811384439468384,6,92.71471405029297
65.8,1.7131700463945887,2.1990736514062568,0.08105263157894736,0.03230769230769237,14.074269244,1.3811384439468384,6,92.71471405029297
65.8,1.7131700463945887,2.1990736514062568,0.08105263157894736,-0.03846153846153835,14.074269244,1.3811384439468384,6,92.71471405029297
65.8,1.7131700463945887,2.1990736514062568,0.08105263157894736,-0.03846153846153835,14.074269244,1.3811384439468384,6,92.71471405029297
65.8,1.7131700463945887,2.1990736514062568,0.08105263157894736,-0.03846153846153835,14.074269244,1.3811384439468384,6,92.71471405029297
65.9,1.7104074882806766,2.1990671189494906,0.08105263157894736,-0.03846153846153835,14.441860401,1.3811384439468384,6,92.71471405029297
65.9,1.7104074882806766,2.1990671189494906,0.08105263157894736,-0.03846153846153835,14.441860401,1.3811384439468384,6,92.71471405029297
65.9,1.7104074882806766,2.1990671189494906,0.10999999999999999,0.11538461538461547,14.441860401,1.3811384439468384,6,92.71471405029297
65.9,1.7076494256056332,2.199067215825698,0.10999999999999999,0.11538461538461547,14.818581727,1.3811384439468384,6,92.71471405029297
65.9,1.7076494256056332,2.199067215825698,0.10999999999999999,0.11538461538461547,14.818581727,1.3811384439468384,6,92.71471405029297
65.9,1.7076494256056332,2.199067215825698,0.10999999999999999,0.11538461538461547,14.818581727,1.3811384439468384,6,92.71471405029297
65.9,1.7040417968336654,2.1990640577594562,0.10999999999999999,0.11538461538461547,14.7788296,1.3811384439468384,6,92.71471405029297
65.9,1.7040417968336654,2.1990640577594562,0.10999999999999999,0.11538461538461547,14.7788296,1.3811384439468384,6,92.71471405029297
65.9,1.7040417968336654,2.1990640577594562,0.10999999999999999,0.11538461538461547,14.7788296,1.3811384439468384,6,92.71471405029297
65.9,1.7040417968336654,2.1990640577594562,0.10999999999999999,0.11538461538461547,14.7788296,1.3811384439468384,6,92.71471405029297
65.9,1.7003166124740634,2.199041989065213,0.10999999999999999,0.11538461538461547,14.591264226,1.3811384439468384,6,92.71471405029297
66.0,1.7003166124740634,2.199041989065213,0.10999999999999999,0.11538461538461547,14.591264226,1.3811384439468384,6,92.66436767578125
66.0,1.7003166124740634,2.199041989065213,0.10999999999999999,0.1410256410256411,14.591264226,1.3811384439468384,6,92.66436767578125
66.0,1.6965876337121861,2.198999336397595,0.10999999999999999,0.1410256410256411,14.392786966,1.3811384439468384,6,92.66436767578125
66.0,1.6965876337121861,2.198999336397595,0.10999999999999999,0.1410256410256411,14.392786966,1.3811384439468384,6,92.66436767578125
66.0,1.6965876337121861,2.198999336397595,0.10999999999999999,0.1410256410256411,14.392786966,1.3811384439468384,6,92.66436767578125
66.0,1.6965876337121861,2.198999336397595,0.10999999999999999,0.1410256410256411,14.392786966,1.3811384439468384,6,92.66436767578125
66.0,1.692856848073237,2.1989452415394837,0.10999999999999999,0.1410256410256411,14.208631372,1.3811384439468384,6,92.66436767578125
66.0,1.692856848073237,2.1989452415394837,0.10999999999999999,0.1410256410256411,14.208631372,1.3811384439468384,6,92.66436767578125
66.0,1.692856848073237,2.1989452415394837,0.10999999999999999,0.1410256410256411,14.208631372,1.3811384439468384,6,92.66436767578125
66.0,1.692856848073237,2.1989452415394837,0.10999999999999999,0.1410256410256411,14.208631372,1.3811384439468384,6,92.66436767578125
66.0,1.6891307123720671,2.1988754580533687,0.10999999999999999,0.1410256410256411,13.685016254,1.3561384677886963,6,92.66436767578125
66.10000000000001,1.6891307123720671,2.1988754580533687,0.10421052631578946,0.11538461538461547,13.685016254,1.3561384677886963,6,92.66436767578125
66.10000000000001,1.6891307123720671,2.1988754580533687,0.10421052631578946,0.11538461538461547,13.685016254,1.3561384677886963,6,92.66436767578125
66.10000000000001,1.6891307123720671,2.1988754580533687,0.10421052631578946,0.11538461538461547,13.685016254,1.3561384677886963,6,92.66436767578125
66.10000000000001,1.685404323882968,2.1987839489757883,0.10421052631578946,0.11538461538461547,13.426251648000001,1.3561384677886963,6,92.66436767578125
66.10000000000001,1.685404323882968,2.1987839489757883,0.10421052631578946,0.11538461538461547,13.426251648000001,1.3561384677886963,6,92.66436767578125
66.10000000000001,1.685404323882968,2.1987839489757883,0.10421052631578946,0.11538461538461547,13.426251648000001,1.3561384677886963,6,92.66436767578125
66.10000000000001,1.685404323882968,2.1987839489757883,0.10421052631578946,0.11538461538461547,13.426251648000001,1.3561384677886963,6,92.66436767578125
66.10000000000001,1.6818701611725244,2.198680588369441,0.10421052631578946,0.11538461538461547,13.267381525,1.3561384677886963,6,92.66436767578125
66.10000000000001,1.6818701611725244,2.198680588369441,0.10421052631578946,0.11538461538461547,13.267381525,1.3561384677886963,6,92.66436767578125
66.10000000000001,1.6818701611725244,2.198680588369441,0.10421052631578946,0.11538461538461547,13.267381525,1.3561384677886963,6,92.66436767578125
66.10000000000001,1.6783345824179936,2.198565541044906,0.09263157894736841,0.11538461538461547,12.945397235,1.3561384677886963,6,92.66436767578125
66.2,1.6783345824179936,2.198565541044906,0.09263157894736841,0.11538461538461547,12.945397235,1.3561384677886963,6,92.66436767578125
66.2,1.6783345824179936,2.198565541044906,0.09263157894736841,0.11538461538461547,12.945397235,1.3561384677886963,6,92.66436767578125
66.2,1.6783345824179936,2.198565541044906,0.09263157894736841,0.11538461538461547,12.945397235,1.3561384677886963,6,92.66436767578125
66.2,1.6751210451114242,2.198448853989481,0.09263157894736841,0.11538461538461547,12.767346453,1.3561384677886963,6,92.66436767578125
66.2,1.6751210451114242,2.198448853989481,0.09263157894736841,0.11538461538461547,12.767346453,1.3561384677886963,6,92.66436767578125
66.2,1.6751210451114242,2.198448853989481,0.09263157894736841,0.11538461538461547,12.767346453,1.3561384677886963,6,92.66436767578125
66.2,1.6751210451114242,2.198448853989481,0.09263157894736841,0.11538461538461547,12.767346453,1.3561384677886963,6,92.66436767578125
66.2,1.6719805530437775,2.198319643997385,0.09263157894736841,0.11538461538461547,12.946648687,1.3561384677886963,6,92.66436767578125
66.2,1.6719805530437775,2.198319643997385,0.09263157894736841,0.11538461538461547,12.946648687,1.3561384677886963,6,92.66436767578125
66.2,1.6719805530437775,2.198319643997385,0.08684210526315789,0.11538461538461547,12.946648687,1.3561384677886963,6,92.66436767578125
66.2,1.6688378293466481,2.1981771880454906,0.08684210526315789,0.11538461538461547,13.178100791,1.3561384677886963,6,92.66436767578125
66.3,1.6688378293466481,2.1981771880454906,0.08684210526315789,0.11538461538461547,13.178100791,1.3561384677886963,6,92.66436767578125
66.3,1.6688378293466481,2.1981771880454906,0.08684210526315789,0.11538461538461547,13.178100791,1.3561384677886963,6,92.66436767578125
66.3,1.6658920365118408,2.1980337471695357,0.08684210526315789,0.11538461538461547,13.509538854,1.3561384677886963,6,92.66436767578125
66.3,1.6658920365118408,2.1980337471695357,0.08684210526315789,0.11538461538461547,13.509538854,1.3561384677886963,6,92.66436767578125
66.3,1.6658920365118408,2.1980337471695357,0.08684210526315789,0.11538461538461547,13.509538854,1.3561384677886963,6,92.66436767578125
66.3,1.6658920365118408,2.1980337471695357,0.08684210526315789,0.11538461538461547,13.509538854,1.3561384677886963,6,92.66436767578125
66.3,1.6629489514823965,2.197878937126715,0.08684210526315789,0.11538461538461547,13.602259281,1.3311384916305542,6,92.66436767578125
66.3,1.6629489514823965,2.197878937126715,0.08684210526315789,0.11538461538461547,13.602259281,1.3311384916305542,6,92.66436767578125
66.3,1.6629489514823965,2.197878937126715,0.08105263157894736,0.08974358974358984,13.602259281,1.3311384916305542,6,92.66436767578125
66.3,1.6629489514823965,2.197878937126715,0.08105263157894736,0.08974358974358984,13.602259281,1.3311384916305542,6,92.66436767578125
66.4,1.6600068473280323,2.197711736534337,0.08105263157894736,0.08974358974358984,13.955152277,1.3311384916305542,6,92.66436767578125
66.4,1.6600068473280323,2.197711736534337,0.08105263157894736,0.08974358974358984,13.955152277,1.3311384916305542,6,92.66436767578125
66.4,1.6600068473280323,2.197711736534337,0.08105263157894736,0.08974358974358984,13.955152277,1.3311384916305542,6,92.66436767578125
66.4,1.6600068473280323,2.197711736534337,0.08105263157894736,0.08974358974358984,13.955152277,1.3311384916305542,6,92.66436767578125
66.4,1.6572612680877616,2.197545494891142,0.08105263157894736,0.08974358974358984,14.436116567,1.3311384916305542,6,92.66436767578125
66.4,1.6572612680877616,2.197545494891142,0.08105263157894736,0.08974358974358984,14.436116567,1.3311384916305542,6,92.66436767578125
66.4,1.6572612680877616,2.197545494891142,0.08105263157894736,0.08974358974358984,14.436116567,1.3311384916305542,6,92.66436767578125
66.4,1.6545161491674265,2.1973714634239636,0.08105263157894736,0.08974358974358984,14.850500773,1.3311384916305542,6,92.66436767578125
66.4,1.6545161491674265,2.1973714634239636,0.10999999999999999,0.06410256410256421,14.850500773,1.3311384916305542,6,92.66436767578125
66.4,1.6545161491674265,2.1973714634239636,0.10999999999999999,0.06410256410256421,14.850500773,1.3311384916305542,6,92.66436767578125
66.5,1.6517731830903828,2.1971900360841885,0.10999999999999999,0.06410256410256421,14.850500773,1.3311384916305542,6,92.66436767578125
66.5,1.6517731830903828,2.1971900360841885,0.10999999999999999,0.06410256410256421,15.290378883,1.3311384916305542,6,92.61578369140625
66.5,1.6517731830903828,2.1971900360841885,0.10999999999999999,0.06410256410256421,15.290378883,1.3311384916305542,6,92.61578369140625
66.5,1.6517731830903828,2.1971900360841885,0.10999999999999999,0.06410256410256421,15.290378883,1.3311384916305542,6,92.61578369140625
66.5,1.6475892821339715,2.196898653785973,0.10999999999999999,0.06410256410256421,14.762946801,1.3311384916305542,6,92.61578369140625
66.5,1.6475892821339715,2.196898653785973,0.10999999999999999,0.06410256410256421,14.762946801,1.3311384916305542,6,92.61578369140625
66.5,1.6475892821339715,2.196898653785973,0.10999999999999999,0.06410256410256421,14.762946801,1.3311384916305542,6,92.61578369140625
66.5,1.6475892821339715,2.196898653785973,0.10999999999999999,0.06410256410256421,14.762946801,1.3311384916305542,6,92.61578369140625
66.5,1.6438688960618748,2.19662615860389,0.10421052631578946,0.06410256410256421,14.457774562,1.3311384916305542,6,92.61578369140625
66.5,1.6438688960618748,2.19662615860389,0.10421052631578946,0.06410256410256421,14.457774562,1.3311384916305542,6,92.61578369140625
66.5,1.6438688960618748,2.19662615860389,0.10421052631578946,0.06410256410256421,14.457774562,1.3311384916305542,6,92.61578369140625
66.5,1.6438688960618748,2.19662615860389,0.10421052631578946,0.06410256410256421,14.457774562,1.3311384916305542,6,92.61578369140625
66.60000000000001,1.640341947613966,2.1963601318320305,0.10421052631578946,0.06410256410256421,14.262530256,1.3311384916305542,6,92.61578369140625
66.60000000000001,1.640341947613966,2.1963601318320305,0.10421052631578946,0.06410256410256421,14.262530256,1.3311384916305542,6,92.61578369140625
66.60000000000001,1.640341947613966,2.1963601318320305,0.10421052631578946,0.06410256410256421,14.262530256,1.3311384916305542,6,92.61578369140625
66.60000000000001,1.6368154508543356,2.1960888120015762,0.10421052631578946,0.06410256410256421,14.262530256,1.3311384916305542,6,92.61578369140625
66.60000000000001,1.6368154508543356,2.1960888120015762,0.10421052631578946,0.06410256410256421,13.721983675,1.3061383962631226,6,92.61578369140625
66.60000000000001,1.6368154508543356,2.1960888120015762,0.10421052631578946,0.06410256410256421,13.721983675,1.3061383962631226,6,92.61578369140625
66.60000000000001,1.6368154508543356,2.1960888120015762,0.09842105263157894,0.038461538461538575,13.721983675,1.3061383962631226,6,92.61578369140625
66.60000000000001,1.6332902236724136,2.195809380633266,0.09842105263157894,0.038461538461538575,13.450586805,1.3061383962631226,6,92.61578369140625
66.60000000000001,1.6332902236724136,2.195809380633266,0.09842105263157894,0.038461538461538575,13.450586805,1.3061383962631226,6,92.61578369140625
66.60000000000001,1.6332902236724136,2.195809380633266,0.09842105263157894,0.038461538461538575,13.450586805,1.3061383962631226,6,92.61578369140625
66.7,1.6332902236724136,2.195809380633266,0.09842105263157894,0.038461538461538575,13.450586805,1.3061383962631226,6,92.61578369140625
66.7,1.6299586655766107,2.1955374239060688,0.09842105263157894,0.038461538461538575,13.448462332,1.3229378461837769,6,92.61578369140625
66.7,1.6299586655766107,2.1955374239060688,0.09842105263157894,0.038461538461538575,13.448462332,1.3229378461837769,6,92.61578369140625
66.7,1.6299586655766107,2.1955374239060688,0.09842105263157894,0.038461538461538575,13.448462332,1.3229378461837769,6,92.61578369140625
66.7,1.6266243954813797,2.195261565569236,0.09842105263157894,0.038461538461538575,13.448462332,1.3229378461837769,6,92.61578369140625
66.7,1.6266243954813797,2.195261565569236,0.09842105263157894,0.038461538461538575,13.186758845,1.3229378461837769,6,92.61578369140625
66.7,1.6266243954813797,2.195261565569236,0.09263157894736841,0.038461538461538575,13.186758845,1.3229378461837769,6,92.61578369140625
66.7,1.6266243954813797,2.195261565569236,0.09263157894736841,0.038461538461538575,13.186758845,1.3229378461837769,6,92.61578369140625
66.7,1.6232904474986671,2.194983003738352,0.09263157894736841,0.038461538461538575,12.935693392,1.3229378461837769,6,92.61578369140625
66.7,1.6232904474986671,2.194983003738352,0.09263157894736841,0.038461538461538575,12.935693392,1.3229378461837769,6,92.61578369140625
66.7,1.6232904474986671,2.194983003738352,0.09263157894736841,0.038461538461538575,12.935693392,1.3229378461837769,6,92.61578369140625
66.8,1.6232904474986671,2.194983003738352,0.09263157894736841,0.038461538461538575,12.935693392,1.3229378461837769,6,92.61578369140625
66.8,1.6201524759392003,2.1947160061248137,0.09263157894736841,0.038461538461538575,12.768991715,1.3229378461837769,6,92.61578369140625
66.8,1.6201524759392003,2.1947160061248137,0.09263157894736841,0.038461538461538575,12.768991715,1.3229378461837769,6,92.61578369140625
66.8,1.6201524759392003,2.1947160061248137,0.09263157894736841,0.038461538461538575,12.768991715,1.3229378461837769,6,92.61578369140625
66.8,1.6201524759392003,2.1947160061248137,0.09263157894736841,0.038461538461538575,12.768991715,1.3229378461837769,6,92.61578369140625
66.8,1.617013825409401,2.194444077193002,0.08684210526315789,-0.12153846153846143,12.776882668,1.28113853931427,6,92.61578369140625
66.8,1.617013825409401,2.194444077193002,0.08684210526315789,-0.12153846153846143,12.776882668,1.28113853931427,6,92.61578369140625
66.8,1.617013825409401,2.194444077193002,0.08684210526315789,-0.12153846153846143,12.776882668,1.28113853931427,6,92.61578369140625
66.8,1.613478769385856,2.1941366406799934,0.08684210526315789,-0.12153846153846143,12.853220636,1.28113853931427,6,92.61578369140625
66.8,1.613478769385856,2.1941366406799934,0.08684210526315789,-0.12153846153846143,12.853220636,1.28113853931427,6,92.61578369140625
66.8,1.613478769385856,2.1941366406799934,0.08684210526315789,-0.16666666666666652,12.853220636,1.28113853931427,6,92.61578369140625
66.9,1.6105214485002588,2.1938903721507654,0.08684210526315789,-0.16666666666666652,13.088881236,1.28113853931427,6,92.61578369140625
66.9,1.6105214485002588,2.1938903721507654,0.08684210526315789,-0.16666666666666652,13.088881236,1.28113853931427,6,92.61578369140625
66.9,1.6105214485002588,2.1938903721507654,0.08684210526315789,-0.16666666666666652,13.088881236,1.28113853931427,6,92.61578369140625
66.9,1.6105214485002588,2.1938903721507654,0.08684210526315789,-0.16666666666666652,13.088881236,1.28113853931427,6,92.61578369140625
66.9,1.607563434868953,2.1936633398285754,0.10999999999999999,-0.006666666666666515,13.341982441,1.28113853931427,6,92.61578369140625
66.9,1.607563434868953,2.1936633398285754,0.10999999999999999,-0.006666666666666515,13.341982441,1.28113853931427,6,92.61578369140625
66.9,1.607563434868953,2.1936633398285754,0.10999999999999999,-0.006666666666666515,13.341982441,1.28113853931427,6,92.61578369140625
66.9,1.603864913592425,2.1933957007832934,0.10999999999999999,-0.006666666666666515,13.268656543,1.28113853931427,6,92.61578369140625
66.9,1.603864913592425,2.1933957007832934,0.10999999999999999,-0.006666666666666515,13.268656543,1.28113853931427,6,92.61578369140625
66.9,1.603864913592425,2.1933957007832934,0.10999999999999999,0.012820512820512935,13.268656543,1.28113853931427,6,92.61578369140625
67.0,1.603864913592425,2.1933957007832934,0.10999999999999999,0.012820512820512935,13.268656543,1.28113853931427,6,92.5677261352539
67.0,1.6001426130698173,2.1931210602732083,0.10999999999999999,0.012820512820512935,13.097177959,1.28113853931427,6,92.5677261352539
67.0,1.6001426130698173,2.1931210602732083,0.10999999999999999,0.012820512820512935,13.097177959,1.28113853931427,6,92.5677261352539
67.0,1.6001426130698173,2.1931210602732083,0.10999999999999999,0.012820512820512935,13.097177959,1.28113853931427,6,92.5677261352539
67.0,1.6001426130698173,2.1931210602732083,0.10421052631578946,0.012820512820512935,13.097177959,1.28113853931427,6,92.5677261352539
67.0,1.5964155134534503,2.1928376925462296,0.10421052631578946,0.012820512820512935,12.933856144,1.28113853931427,6,92.5677261352539
67.0,1.5964155134534503,2.1928376925462296,0.10421052631578946,0.012820512820512935,12.933856144,1.28113853931427,6,92.5677261352539
67.0,1.5964155134534503,2.1928376925462296,0.10421052631578946,0.012820512820512935,12.933856144,1.28113853931427,6,92.5677261352539
67.0,1.5964155134534503,2.1928376925462296,0.10421052631578946,0.012820512820512935,12.933856144,1.28113853931427,6,92.5677261352539
67.0,1.5928821105991078,2.19257248850824,0.10421052631578946,0.012820512820512935,12.849990121,1.28113853931427,6,92.5677261352539
67.0,1.5928821105991078,2.19257248850824,0.10421052631578946,0.012820512820512935,12.849990121,1.28113853931427,6,92.5677261352539
67.10000000000001,1.5928821105991078,2.19257248850824,0.10421052631578946,0.012820512820512935,12.849990121,1.28113853931427,6,92.5677261352539
67.10000000000001,1.589353204927753,2.1923083359156834,0.10421052631578946,0.012820512820512935,12.849990121,1.28113853931427,6,92.5677261352539
67.10000000000001,1.589353204927753,2.1923083359156834,0.10421052631578946,0.012820512820512935,12.692839463,1.28113853931427,6,92.5677261352539
67.10000000000001,1.589353204927753,2.1923083359156834,0.09842105263157894,0.012820512820512935,12.692839463,1.28113853931427,6,92.5677261352539
67.10000000000001,1.5858252074419492,2.1920393134880114,0.09842105263157894,0.012820512820512935,12.692839463,1.28113853931427,6,92.5677261352539
67.10000000000001,1.5858252074419492,2.1920393134880114,0.09842105263157894,0.012820512820512935,12.293045348,1.256138563156128,6,92.5677261352539
67.10000000000001,1.5858252074419492,2.1920393134880114,0.09842105263157894,0.012820512820512935,12.293045348,1.256138563156128,6,92.5677261352539
67.10000000000001,1.5858252074419492,2.1920393134880114,0.09842105263157894,0.012820512820512935,12.293045348,1.256138563156128,6,92.5677261352539
67.10000000000001,1.5824901570832424,2.191783052535598,0.09842105263157894,0.012820512820512935,12.374415481,1.256138563156128,6,92.5677261352539
67.10000000000001,1.5824901570832424,2.191783052535598,0.09842105263157894,0.012820512820512935,12.374415481,1.256138563156128,6,92.5677261352539
67.10000000000001,1.5824901570832424,2.191783052535598,0.09842105263157894,0.012820512820512935,12.374415481,1.256138563156128,6,92.5677261352539
67.2,1.5791550001698371,2.1915270576109944,0.09842105263157894,0.012820512820512935,12.374415481,1.256138563156128,6,92.5677261352539
67.2,1.5791550001698371,2.1915270576109944,0.09842105263157894,0.012820512820512935,12.230499735,1.256138563156128,6,92.5677261352539
67.2,1.5791550001698371,2.1915270576109944,0.09263157894736841,0.012820512820512935,12.230499735,1.256138563156128,6,92.5677261352539
67.2,1.5791550001698371,2.1915270576109944,0.09263157894736841,0.012820512820512935,12.230499735,1.256138563156128,6,92.5677261352539
67.2,1.5791550001698371,2.1915270576109944,0.09263157894736841,0.012820512820512935,12.230499735,1.256138563156128,6,92.5677261352539
67.2,1.5758205123462377,2.1912694384591767,0.09263157894736841,0.012820512820512935,12.083565516,1.256138563156128,6,92.5677261352539
67.2,1.5758205123462377,2.1912694384591767,0.09263157894736841,0.012820512820512935,12.083565516,1.256138563156128,6,92.5677261352539
67.2,1.5758205123462377,2.1912694384591767,0.09263157894736841,0.012820512820512935,12.083565516,1.256138563156128,6,92.5677261352539
67.2,1.5758205123462377,2.1912694384591767,0.09263157894736841,0.012820512820512935,12.083565516,1.256138563156128,6,92.5677261352539
67.2,1.5726806229479964,2.191024524813993,0.09263157894736841,0.012820512820512935,12.291166332,1.256138563156128,6,92.5677261352539
67.3,1.5726806229479964,2.191024524813993,0.09263157894736841,0.012820512820512935,12.291166332,1.256138563156128,6,92.5677261352539
67.3,1.5726806229479964,2.191024524813993,0.09263157894736841,0.012820512820512935,12.291166332,1.256138563156128,6,92.5677261352539
67.3,1.5695398596975543,2.1907784373630412,0.08684210526315789,0.012820512820512935,12.522316184,1.256138563156128,6,92.5677261352539
67.3,1.5695398596975543,2.1907784373630412,0.08684210526315789,0.012820512820512935,12.522316184,1.256138563156128,6,92.5677261352539
67.3,1.5695398596975543,2.1907784373630412,0.08684210526315789,0.012820512820512935,12.522316184,1.256138563156128,6,92.5677261352539
67.3,1.5695398596975543,2.1907784373630412,0.08684210526315789,0.012820512820512935,12.522316184,1.256138563156128,6,92.5677261352539
67.3,1.5663992450095632,2.190531368955576,0.08684210526315789,0.012820512820512935,12.761978217,1.256138563156128,6,92.5677261352539
67.3,1.5663992450095632,2.190531368955576,0.08684210526315789,0.012820512820512935,12.761978217,1.256138563156128,6,92.5677261352539
67.3,1.5663992450095632,2.190531368955576,0.08684210526315789,0.012820512820512935,12.761978217,1.256138563156128,6,92.5677261352539
67.3,1.5634544777746164,2.190298093978221,0.08684210526315789,0.012820512820512935,13.011769894,1.256138563156128,6,92.5677261352539
67.4,1.5634544777746164,2.190298093978221,0.08684210526315789,0.012820512820512935,13.011769894,1.256138563156128,6,92.5677261352539
67.4,1.5634544777746164,2.190298093978221,0.08684210526315789,0.012820512820512935,13.011769894,1.256138563156128,6,92.5677261352539
67.4,1.560510052065204,2.1900633654234176,0.08105263157894736,0.012820512820512935,13.004165784,1.2311384677886963,6,92.5677261352539
67.4,1.560510052065204,2.1900633654234176,0.08105263157894736,0.012820512820512935,13.004165784,1.2311384677886963,6,92.5677261352539
67.4,1.560510052065204,2.1900633654234176,0.08105263157894736,0.012820512820512935,13.004165784,1.2311384677886963,6,92.5677261352539
67.4,1.5577617194518596,2.1898432414181017,0.08105263157894736,0.012820512820512935,13.004165784,1.2311384677886963,6,92.5677261352539
67.4,1.5577617194518596,2.1898432414181017,0.08105263157894736,0.012820512820512935,13.365382915,1.2311384677886963,6,92.5677261352539
67.4,1.5577617194518596,2.1898432414181017,0.08105263157894736,0.012820512820512935,13.365382915,1.2311384677886963,6,92.5677261352539
67.4,1.5577617194518596,2.1898432414181017,0.08105263157894736,0.012820512820512935,13.365382915,1.2311384677886963,6,92.5677261352539
67.4,1.5550145643390698,2.189621975047855,0.08105263157894736,0.012820512820512935,13.645989954000001,1.2311384677886963,6,92.5677261352539
67.5,1.5550145643390698,2.189621975047855,0.08105263157894736,0.012820512820512935,13.645989954000001,1.2311384677886963,6,92.5677261352539
67.5,1.5550145643390698,2.189621975047855,0.08105263157894736,0.012820512820512935,13.645989954000001,1.2311384677886963,6,92.51873016357422
67.5,1.552268039011421,2.189399446453716,0.10999999999999999,-0.012820512820512706,13.937734513,1.2311384677886963,6,92.51873016357422
67.5,1.552268039011421,2.189399446453716,0.10999999999999999,-0.012820512820512706,13.937734513,1.2311384677886963,6,92.51873016357422
67.5,1.552268039011421,2.189399446453716,0.10999999999999999,-0.012820512820512706,13.937734513,1.2311384677886963,6,92.51873016357422
67.5,1.552268039011421,2.189399446453716,0.10999999999999999,-0.012820512820512706,13.937734513,1.2311384677886963,6,92.51873016357422
67.5,1.547598462354256,2.1890196909835673,0.10999999999999999,-0.012820512820512706,13.285183484000001,1.2311384677886963,6,92.51873016357422
67.5,1.547598462354256,2.1890196909835673,0.10999999999999999,-0.012820512820512706,13.285183484000001,1.2311384677886963,6,92.51873016357422
67.5,1.547598462354256,2.1890196909835673,0.10999999999999999,-0.012820512820512706,13.285183484000001,1.2311384677886963,6,92.51873016357422
67.5,1.5431594088105016,2.1864507138736102,0.10999999999999999,-0.012820512820512706,13.285183484000001,1.2311384677886963,6,92.51873016357422
67.60000000000001,1.5431594088105016,2.1864507138736102,0.10999999999999999,-0.012820512820512706,13.027198528,1.2311384677886963,6,92.51873016357422
67.60000000000001,1.5431594088105016,2.1864507138736102,0.10999999999999999,-0.012820512820512706,13.027198528,1.2311384677886963,6,92.51873016357422
67.60000000000001,1.5385748846599658,2.18335538261243,0.09842105263157894,-0.012820512820512706,13.027198528,1.2311384677886963,6,92.51873016357422
67.60000000000001,1.5385748846599658,2.18335538261243,0.09842105263157894,-0.012820512820512706,12.769792219,1.2311384677886963,6,92.51873016357422
67.60000000000001,1.5385748846599658,2.18335538261243,0.09842105263157894,-0.012820512820512706,12.769792219,1.2311384677886963,6,92.51873016357422
67.60000000000001,1.5385748846599658,2.18335538261243,0.09842105263157894,-0.012820512820512706,12.769792219,1.2311384677886963,6,92.51873016357422
67.60000000000001,1.5343896943719428,2.1802495370843054,0.09842105263157894,-0.012820512820512706,12.427127112,1.2061386108398438,6,92.51873016357422
67.60000000000001,1.5343896943719428,2.1802495370843054,0.09842105263157894,-0.012820512820512706,12.427127112,1.2061386108398438,6,92.51873016357422
67.60000000000001,1.5343896943719428,2.1802495370843054,0.09842105263157894,-0.012820512820512706,12.427127112,1.2061386108398438,6,92.51873016357422
67.60000000000001,1.5343896943719428,2.1802495370843054,0.09842105263157894,-0.012820512820512706,12.427127112,1.2061386108398438,6,92.51873016357422
67.60000000000001,1.5302129602259662,2.177100043643261,0.09842105263157894,-0.012820512820512706,12.489693419,1.2277603149414062,6,92.51873016357422
67.7,1.5302129602259662,2.177100043643261,0.09842105263157894,-0.012820512820512706,12.489693419,1.2277603149414062,6,92.51873016357422
67.7,1.5302129602259662,2.177100043643261,0.09263157894736841,-0.012820512820512706,12.489693419,1.2277603149414062,6,92.51873016357422
67.7,1.5260436425912542,2.1739074054072316,0.09263157894736841,-0.012820512820512706,12.332179374,1.2277603149414062,6,92.51873016357422
67.7,1.5260436425912542,2.1739074054072316,0.09263157894736841,-0.012820512820512706,12.332179374,1.2277603149414062,6,92.51873016357422
67.7,1.5260436425912542,2.1739074054072316,0.09263157894736841,-0.012820512820512706,12.332179374,1.2277603149414062,6,92.51873016357422
67.7,1.5260436425912542,2.1739074054072316,0.09263157894736841,-0.012820512820512706,12.332179374,1.2277603149414062,6,92.51873016357422
67.7,1.5220777184901515,2.17069118766607,0.09263157894736841,-0.012820512820512706,12.171339587,1.2277603149414062,6,92.51873016357422
67.7,1.5220777184901515,2.17069118766607,0.09263157894736841,-0.012820512820512706,12.171339587,1.2277603149414062,6,92.51873016357422
67.7,1.5220777184901515,2.17069118766607,0.09263157894736841,-0.012820512820512706,12.171339587,1.2277603149414062,6,92.51873016357422
67.7,1.518893310240884,2.1702080224627283,0.09263157894736841,-0.012820512820512706,11.566253945,1.181138515472412,6,92.51873016357422
67.8,1.518893310240884,2.1702080224627283,0.09263157894736841,-0.012820512820512706,11.566253945,1.181138515472412,6,92.51873016357422
67.8,1.518893310240884,2.1702080224627283,0.08684210526315789,-0.012820512820512706,11.566253945,1.181138515472412,6,92.51873016357422
67.8,1.518893310240884,2.1702080224627283,0.08684210526315789,-0.012820512820512706,11.566253945,1.181138515472412,6,92.51873016357422
67.8,1.5157568250373137,2.169898212148525,0.08684210526315789,-0.012820512820512706,11.425118295,1.181138515472412,6,92.51873016357422
67.8,1.5157568250373137,2.169898212148525,0.08684210526315789,-0.012820512820512706,11.425118295,1.181138515472412,6,92.51873016357422
67.8,1.5157568250373137,2.169898212148525,0.08684210526315789,-0.012820512820512706,11.425118295,1.181138515472412,6,92.51873016357422
67.8,1.5157568250373137,2.169898212148525,0.08684210526315789,-0.012820512820512706,11.425118295,1.181138515472412,6,92.51873016357422
67.8,1.512815341198807,2.1696089836337094,0.08684210526315789,-0.012820512820512706,12.076883681,1.181138515472412,6,92.51873016357422
67.8,1.512815341198807,2.1696089836337094,0.08684210526315789,-0.012820512820512706,12.076883681,1.181138515472412,6,92.51873016357422
67.8,1.512815341198807,2.1696089836337094,0.08684210526315789,-0.012820512820512706,12.076883681,1.181138515472412,6,92.51873016357422
67.8,1.512815341198807,2.1696089836337094,0.08684210526315789,-0.012820512820512706,12.076883681,1.181138515472412,6,92.51873016357422
67.8,1.512815341198807,2.1696089836337094,0.08105263157894736,-0.012820512820512706,12.076883681,1.181138515472412,6,92.51873016357422
67.9,1.5098741927836727,2.1693211311551894,0.08105263157894736,-0.012820512820512706,12.394066493,1.181138515472412,6,92.51873016357422
67.9,1.5098741927836727,2.1693211311551894,0.08105263157894736,-0.012820512820512706,12.394066493,1.181138515472412,6,92.51873016357422
67.9,1.5071285121477116,2.1690535164397415,0.08105263157894736,-0.012820512820512706,12.394066493,1.181138515472412,6,92.51873016357422
67.9,1.5071285121477116,2.1690535164397415,0.08105263157894736,-0.012820512820512706,12.81860036,1.181138515472412,6,92.51873016357422
67.9,1.5071285121477116,2.1690535164397415,0.08105263157894736,-0.012820512820512706,12.81860036,1.181138515472412,6,92.51873016357422
67.9,1.5071285121477116,2.1690535164397415,0.08105263157894736,-0.012820512820512706,12.81860036,1.181138515472412,6,92.51873016357422
67.9,1.5071285121477116,2.1690535164397415,0.08105263157894736,-0.012820512820512706,12.81860036,1.181138515472412,6,92.51873016357422
67.9,1.504383667583122,2.1687871639924214,0.08105263157894736,-0.012820512820512706,13.086161875,1.181138515472412,6,92.51873016357422
67.9,1.504383667583122,2.1687871639924214,0.08105263157894736,-0.012820512820512706,13.086161875,1.181138515472412,6,92.51873016357422
67.9,1.504383667583122,2.1687871639924214,0.10999999999999999,-0.038461538461538346,13.086161875,1.181138515472412,6,92.51873016357422
67.9,1.5016391901898203,2.168522092518026,0.10999999999999999,-0.038461538461538346,13.372129643,1.181138515472412,6,92.51873016357422
68.0,1.5016391901898203,2.168522092518026,0.10999999999999999,-0.038461538461538346,13.372129643,1.181138515472412,6,92.46133422851562
68.0,1.5016391901898203,2.168522092518026,0.10999999999999999,-0.038461538461538346,13.372129643,1.181138515472412,6,92.46133422851562
68.0,1.5016391901898203,2.168522092518026,0.10999999999999999,-0.038461538461538346,13.372129643,1.181138515472412,6,92.46133422851562
68.0,1.4973298702530302,2.16810874986811,0.10999999999999999,-0.038461538461538346,12.909666254,1.181138515472412,6,92.46133422851562
68.0,1.4973298702530302,2.16810874986811,0.10999999999999999,-0.038461538461538346,12.909666254,1.181138515472412,6,92.46133422851562
68.0,1.4973298702530302,2.16810874986811,0.10999999999999999,-0.038461538461538346,12.909666254,1.181138515472412,6,92.46133422851562
68.0,1.4936051368682275,2.167756372452526,0.10999999999999999,-0.038461538461538346,12.65528516,1.181138515472412,6,92.46133422851562
68.0,1.4936051368682275,2.167756372452526,0.10999999999999999,-0.038461538461538346,12.65528516,1.181138515472412,6,92.46133422851562
68.0,1.4936051368682275,2.167756372452526,0.10421052631578946,-0.012820512820512706,12.65528516,1.181138515472412,6,92.46133422851562
68.10000000000001,1.489880979701128,2.167410545195941,0.10421052631578946,-0.012820512820512706,12.40685474,1.181138515472412,6,92.46133422851562
68.10000000000001,1.489880979701128,2.167410545195941,0.10421052631578946,-0.012820512820512706,12.40685474,1.181138515472412,6,92.46133422851562
68.10000000000001,1.489880979701128,2.167410545195941,0.10421052631578946,-0.012820512820512706,12.40685474,1.181138515472412,6,92.46133422851562
68.10000000000001,1.489880979701128,2.167410545195941,0.10421052631578946,-0.012820512820512706,12.40685474,1.181138515472412,6,92.46133422851562
68.10000000000001,1.48635332983921,2.16708666823537,0.10421052631578946,-0.012820512820512706,12.247515669,1.181138515472412,6,92.46133422851562
68.10000000000001,1.48635332983921,2.16708666823537,0.10421052631578946,-0.012820512820512706,12.247515669,1.181138515472412,6,92.46133422851562
68.10000000000001,1.48635332983921,2.16708666823537,0.10421052631578946,-0.012820512820512706,12.247515669,1.181138515472412,6,92.46133422851562
68.10000000000001,1.4828264215167966,2.166763591359544,0.10421052631578946,-0.012820512820512706,11.760648096,1.1561384201049805,6,92.46133422851562
68.10000000000001,1.4828264215167966,2.166763591359544,0.10421052631578946,-0.012820512820512706,11.760648096,1.1561384201049805,6,92.46133422851562
68.10000000000001,1.4828264215167966,2.166763591359544,0.09842105263157894,-0.012820512820512706,11.760648096,1.1561384201049805,6,92.46133422851562
68.10000000000001,1.4792978882542047,2.166441051554444,0.09842105263157894,-0.012820512820512706,11.760648096,1.1561384201049805,6,92.46133422851562
68.2,1.4792978882542047,2.166441051554444,0.09842105263157894,-0.012820512820512706,11.536072831,1.1561384201049805,6,92.46133422851562
68.2,1.4792978882542047,2.166441051554444,0.09842105263157894,-0.012820512820512706,11.536072831,1.1561384201049805,6,92.46133422851562
68.2,1.4792978882542047,2.166441051554444,0.09842105263157894,-0.012820512820512706,11.536072831,1.1561384201049805,6,92.46133422851562
68.2,1.475963570764636,2.166138266153139,0.09842105263157894,-0.012820512820512706,11.323294514,1.1561384201049805,6,92.46133422851562
68.2,1.475963570764636,2.166138266153139,0.09842105263157894,-0.012820512820512706,11.323294514,1.1561384201049805,6,92.46133422851562
68.2,1.475963570764636,2.166138266153139,0.09842105263157894,-0.012820512820512706,11.323294514,1.1561384201049805,6,92.46133422851562
68.2,1.475963570764636,2.166138266153139,0.09842105263157894,-0.012820512820512706,11.323294514,1.1561384201049805,6,92.46133422851562
68.2,1.4726291736071002,2.165837261807545,0.09842105263157894,-0.012820512820512706,11.117192824,1.1561384201049805,6,92.46133422851562
68.2,1.4726291736071002,2.165837261807545,0.09263157894736841,-0.012820512820512706,11.117192824,1.1561384201049805,6,92.46133422851562
68.2,1.4726291736071002,2.165837261807545,0.09263157894736841,-0.012820512820512706,11.117192824,1.1561384201049805,6,92.46133422851562
68.3,1.4692942654713852,2.165537254812185,0.09263157894736841,-0.012820512820512706,11.117192824,1.1561384201049805,6,92.46133422851562
68.3,1.4692942654713852,2.165537254812185,0.09263157894736841,-0.012820512820512706,10.913486198,1.1561384201049805,6,92.46133422851562
68.3,1.4692942654713852,2.165537254812185,0.09263157894736841,-0.012820512820512706,10.913486198,1.1561384201049805,6,92.46133422851562
68.3,1.4692942654713852,2.165537254812185,0.09263157894736841,-0.012820512820512706,10.913486198,1.1561384201049805,6,92.46133422851562
68.3,1.466154248474254,2.165256054033726,0.09263157894736841,-0.012820512820512706,11.317032864,1.1561384201049805,6,92.46133422851562
68.3,1.466154248474254,2.165256054033726,0.09263157894736841,-0.012820512820512706,11.317032864,1.1561384201049805,6,92.46133422851562
68.3,1.466154248474254,2.165256054033726,0.09263157894736841,-0.012820512820512706,11.317032864,1.1561384201049805,6,92.46133422851562
68.3,1.466154248474254,2.165256054033726,0.09263157894736841,-0.012820512820512706,11.317032864,1.1561384201049805,6,92.46133422851562
68.3,1.463014166788803,2.1649765001448085,0.08684210526315789,-0.012820512820512706,11.526385125000001,1.1561384201049805,6,92.46133422851562
68.3,1.463014166788803,2.1649765001448085,0.08684210526315789,-0.012820512820512706,11.526385125000001,1.1561384201049805,6,92.46133422851562
68.3,1.463014166788803,2.1649765001448085,0.08684210526315789,-0.012820512820512706,11.526385125000001,1.1561384201049805,6,92.46133422851562
68.4,1.463014166788803,2.1649765001448085,0.08684210526315789,-0.012820512820512706,11.526385125000001,1.1561384201049805,6,92.46133422851562
68.4,1.4600701438624444,2.164715633159631,0.08684210526315789,-0.012820512820512706,11.816637656,1.1561384201049805,6,92.46133422851562
68.4,1.4600701438624444,2.164715633159631,0.08684210526315789,-0.012820512820512706,11.816637656,1.1561384201049805,6,92.46133422851562
68.4,1.4600701438624444,2.164715633159631,0.08684210526315789,-0.012820512820512706,11.816637656,1.1561384201049805,6,92.46133422851562
68.4,1.4600701438624444,2.164715633159631,0.08684210526315789,-0.012820512820512706,11.816637656,1.1561384201049805,6,92.46133422851562
68.4,1.4571267205006722,2.164456005671859,0.08684210526315789,-0.012820512820512706,11.790012539,1.131138563156128,6,92.46133422851562
68.4,1.4571267205006722,2.164456005671859,0.08684210526315789,-0.012820512820512706,11.790012539,1.131138563156128,6,92.46133422851562
68.4,1.4571267205006722,2.164456005671859,0.08105263157894736,-0.012820512820512706,11.790012539,1.131138563156128,6,92.46133422851562
68.4,1.4541835645719439,2.1641977232429155,0.08105263157894736,-0.012820512820512706,12.028406155,1.131138563156128,6,92.46133422851562
68.4,1.4541835645719439,2.1641977232429155,0.08105263157894736,-0.012820512820512706,12.028406155,1.131138563156128,6,92.46133422851562
68.5,1.4541835645719439,2.1641977232429155,0.08105263157894736,-0.012820512820512706,12.028406155,1.131138563156128,6,92.46133422851562
68.5,1.451437112324887,2.163957949727234,0.08105263157894736,-0.012820512820512706,12.3560077,1.131138563156128,6,92.41368865966797
68.5,1.451437112324887,2.163957949727234,0.08105263157894736,-0.012820512820512706,12.3560077,1.131138563156128,6,92.41368865966797
68.5,1.451437112324887,2.163957949727234,0.08105263157894736,-0.012820512820512706,12.3560077,1.131138563156128,6,92.41368865966797
68.5,1.4486913583720922,2.163719424149122,0.08105263157894736,-0.012820512820512706,12.3560077,1.131138563156128,6,92.41368865966797
68.5,1.4486913583720922,2.163719424149122,0.08105263157894736,-0.012820512820512706,12.624165382,1.131138563156128,6,92.41368865966797
68.5,1.4486913583720922,2.163719424149122,0.08105263157894736,-0.012820512820512706,12.624165382,1.131138563156128,6,92.41368865966797
68.5,1.4486913583720922,2.163719424149122,0.10999999999999999,-0.012820512820512706,12.624165382,1.131138563156128,6,92.41368865966797
68.5,1.4459461496333148,2.16348211799863,0.10999999999999999,-0.012820512820512706,12.895843983,1.131138563156128,6,92.41368865966797
68.5,1.4459461496333148,2.16348211799863,0.10999999999999999,-0.012820512820512706,12.895843983,1.131138563156128,6,92.41368865966797
68.5,1.4459461496333148,2.16348211799863,0.10999999999999999,-0.012820512820512706,12.895843983,1.131138563156128,6,92.41368865966797
68.60000000000001,1.4459461496333148,2.16348211799863,0.10999999999999999,-0.012820512820512706,12.895843983,1.131138563156128,6,92.41368865966797
68.60000000000001,1.4412429693077784,2.163078898188147,0.10999999999999999,-0.012820512820512706,12.273788459,1.131138563156128,6,92.41368865966797
68.60000000000001,1.4412429693077784,2.163078898188147,0.10999999999999999,-0.012820512820512706,12.273788459,1.131138563156128,6,92.41368865966797
68.60000000000001,1.4412429693077784,2.163078898188147,0.10999999999999999,-0.012820512820512706,12.273788459,1.131138563156128,6,92.41368865966797
68.60000000000001,1.4375169306465292,2.162763831062988,0.10999999999999999,-0.012820512820512706,12.033446164,1.131138563156128,6,92.41368865966797
68.60000000000001,1.4375169306465292,2.162763831062988,0.10999999999999999,0.1471794871794873,12.033446164,1.131138563156128,6,92.41368865966797
68.60000000000001,1.4375169306465292,2.162763831062988,0.10999999999999999,0.1471794871794873,12.033446164,1.131138563156128,6,92.41368865966797
68.60000000000001,1.4375169306465292,2.162763831062988,0.10999999999999999,0.1471794871794873,10.635515443,0.9997336864471436,6,92.41368865966797
68.60000000000001,1.4337924304581429,2.1624519702085365,0.10999999999999999,0.1471794871794873,10.427913659,0.9997336864471436,6,92.41368865966797
68.60000000000001,1.4337924304581429,2.1624519702085365,0.10999999999999999,0.1471794871794873,10.427913659,0.9997336864471436,6,92.41368865966797
68.60000000000001,1.4337924304581429,2.1624519702085365,0.10999999999999999,0.1471794871794873,10.427913659,0.9997336864471436,6,92.41368865966797
68.7,1.4337924304581429,2.1624519702085365,0.10999999999999999,0.16666666666666674,10.427913659,0.9997336864471436,6,92.41368865966797
68.7,1.4300725053760006,2.1621366477464092,0.10999999999999999,0.16666666666666674,10.168668685,0.9997336864471436,6,92.41368865966797
68.7,1.4300725053760006,2.1621366477464092,0.10999999999999999,0.16666666666666674,10.168668685,0.9997336864471436,6,92.41368865966797
68.7,1.4300725053760006,2.1621366477464092,0.10999999999999999,0.16666666666666674,10.168668685,0.9997336864471436,6,92.41368865966797
68.7,1.4300725053760006,2.1621366477464092,0.10999999999999999,0.16666666666666674,10.168668685,0.9997336864471436,6,92.41368865966797
68.7,1.4300725053760006,2.1621366477464092,0.10999999999999999,0.16666666666666674,10.168668685,0.9997336864471436,6,92.41368865966797
68.7,1.4263629476923592,2.1618016542347274,0.10999999999999999,0.16666666666666674,9.917090504,0.9997336864471436,6,92.41368865966797
68.7,1.4263629476923592,2.1618016542347274,0.10999999999999999,0.16666666666666674,9.917090504,0.9997336864471436,6,92.41368865966797
68.7,1.4263629476923592,2.1618016542347274,0.10999999999999999,0.16666666666666674,9.917090504,0.9997336864471436,6,92.41368865966797
68.7,1.4226532541336891,2.1614383047155266,0.10999999999999999,0.16666666666666674,9.675684494,0.9997336864471436,6,92.41368865966797
68.7,1.4226532541336891,2.1614383047155266,0.10421052631578946,0.16666666666666674,9.675684494,0.9997336864471436,6,92.41368865966797
68.7,1.4226532541336891,2.1614383047155266,0.10421052631578946,0.16666666666666674,9.675684494,0.9997336864471436,6,92.41368865966797
68.80000000000001,1.4226532541336891,2.1614383047155266,0.10421052631578946,0.16666666666666674,9.675684494,0.9997336864471436,6,92.41368865966797
68.80000000000001,1.4189403501894777,2.161054787640586,0.10421052631578946,0.16666666666666674,9.39326314,0.9997336864471436,6,92.41368865966797
68.80000000000001,1.4189403501894777,2.161054787640586,0.10421052631578946,0.16666666666666674,9.39326314,0.9997336864471436,6,92.41368865966797
68.80000000000001,1.4189403501894777,2.161054787640586,0.10421052631578946,0.16666666666666674,9.39326314,0.9997336864471436,6,92.41368865966797
68.80000000000001,1.4189403501894777,2.161054787640586,0.10421052631578946,0.16666666666666674,9.39326314,0.9997336864471436,6,92.41368865966797
68.80000000000001,1.415425551700197,2.1606749725124854,0.10421052631578946,0.16666666666666674,8.773371349,0.9561116099357605,6,92.41368865966797
68.80000000000001,1.415425551700197,2.1606749725124854,0.10421052631578946,0.16666666666666674,8.773371349,0.9561116099357605,6,92.41368865966797
68.80000000000001,1.415425551700197,2.1606749725124854,0.10421052631578946,0.16666666666666674,8.773371349,0.9561116099357605,6,92.41368865966797
68.80000000000001,1.415425551700197,2.1606749725124854,0.09842105263157894,0.1410256410256411,8.773371349,0.9561116099357605,6,92.41368865966797
68.80000000000001,1.4119145242212903,2.1602739133549145,0.09842105263157894,0.1410256410256411,8.577136539,0.9561116099357605,6,92.41368865966797
68.80000000000001,1.4119145242212903,2.1602739133549145,0.09842105263157894,0.1410256410256411,8.577136539,0.9561116099357605,6,92.41368865966797
68.9,1.4119145242212903,2.1602739133549145,0.09842105263157894,0.1410256410256411,8.577136539,0.9561116099357605,6,92.41368865966797
68.9,1.4085982055092616,2.1598752245092743,0.09842105263157894,0.1410256410256411,8.933491724,0.9561116099357605,6,92.41368865966797
68.9,1.4085982055092616,2.1598752245092743,0.08684210526315789,0.1410256410256411,8.933491724,0.9561116099357605,6,92.41368865966797
68.9,1.4085982055092616,2.1598752245092743,0.08684210526315789,0.1410256410256411,8.933491724,0.9561116099357605,6,92.41368865966797
68.9,1.4085982055092616,2.1598752245092743,0.08684210526315789,0.1410256410256411,8.933491724,0.9561116099357605,6,92.41368865966797
68.9,1.405281792992752,2.159461823839321,0.08684210526315789,0.1410256410256411,9.038901888,0.9561116099357605,6,92.41368865966797
68.9,1.405281792992752,2.159461823839321,0.08684210526315789,0.1410256410256411,9.038901888,0.9561116099357605,6,92.41368865966797
68.9,1.405281792992752,2.159461823839321,0.08684210526315789,0.1410256410256411,9.038901888,0.9561116099357605,6,92.41368865966797
68.9,1.4019692029185546,2.1590344091547466,0.08684210526315789,0.1410256410256411,9.148294768,0.9561116099357605,6,92.41368865966797
68.9,1.4019692029185546,2.1590344091547466,0.08684210526315789,0.1410256410256411,9.148294768,0.9561116099357605,6,92.41368865966797
69.0,1.4019692029185546,2.1590344091547466,0.08684210526315789,0.1410256410256411,9.148294768,0.9561116099357605,6,92.36121368408203
69.0,1.3990506248909977,2.158642119687129,0.08684210526315789,0.1410256410256411,9.148294768,0.9561116099357605,6,92.36121368408203
69.0,1.3990506248909977,2.158642119687129,0.10999999999999999,0.08974358974358984,9.375518481,0.9561116099357605,6,92.36121368408203
69.0,1.3990506248909977,2.158642119687129,0.10999999999999999,0.08974358974358984,9.375518481,0.9561116099357605,6,92.36121368408203
69.0,1.3990506248909977,2.158642119687129,0.10999999999999999,0.08974358974358984,9.375518481,0.9561116099357605,6,92.36121368408203
69.0,1.3961341081719758,2.1582350335478715,0.10999999999999999,0.08974358974358984,9.613432677,0.9561116099357605,6,92.36121368408203
69.0,1.3961341081719758,2.1582350335478715,0.10999999999999999,0.08974358974358984,9.613432677,0.9561116099357605,6,92.36121368408203
69.0,1.3961341081719758,2.1582350335478715,0.10999999999999999,0.08974358974358984,9.613432677,0.9561116099357605,6,92.36121368408203
69.0,1.3961341081719758,2.1582350335478715,0.10999999999999999,0.08974358974358984,9.613432677,0.9561116099357605,6,92.36121368408203
69.0,1.3924405475900175,2.1577038948810294,0.10999999999999999,0.08974358974358984,9.613432677,0.9561116099357605,6,92.36121368408203
69.0,1.3924405475900175,2.1577038948810294,0.10999999999999999,0.08974358974358984,9.614711339,0.9561116099357605,6,92.36121368408203
69.10000000000001,1.3924405475900175,2.1577038948810294,0.10999999999999999,0.08974358974358984,9.614711339,0.9561116099357605,6,92.36121368408203
69.10000000000001,1.3924405475900175,2.1577038948810294,0.10999999999999999,0.06410256410256421,9.614711339,0.9561116099357605,6,92.36121368408203
69.10000000000001,1.388747226045208,2.157161904324995,0.10999999999999999,0.06410256410256421,9.61218913,0.9561116099357605,6,92.36121368408203
69.10000000000001,1.388747226045208,2.157161904324995,0.10999999999999999,0.06410256410256421,9.61218913,0.9561116099357605,6,92.36121368408203
69.10000000000001,1.388747226045208,2.157161904324995,0.10999999999999999,0.06410256410256421,9.61218913,0.9561116099357605,6,92.36121368408203
69.10000000000001,1.388747226045208,2.157161904324995,0.10999999999999999,0.06410256410256421,9.61218913,0.9561116099357605,6,92.36121368408203
69.10000000000001,1.3850561183824848,2.1566113777500933,0.10999999999999999,0.06410256410256421,9.552720006,0.9561116099357605,6,92.36121368408203
69.10000000000001,1.3850561183824848,2.1566113777500933,0.10999999999999999,0.06410256410256421,9.552720006,0.9561116099357605,6,92.36121368408203
69.10000000000001,1.3850561183824848,2.1566113777500933,0.10999999999999999,0.06410256410256421,9.552720006,0.9561116099357605,6,92.36121368408203
69.10000000000001,1.3813657473731396,2.1560519961287365,0.10999999999999999,0.06410256410256421,9.552720006,0.9561116099357605,6,92.36121368408203
69.10000000000001,1.3813657473731396,2.1560519961287365,0.10999999999999999,0.06410256410256421,9.242217986,0.9311115145683289,6,92.36121368408203
69.2,1.3813657473731396,2.1560519961287365,0.10421052631578946,0.06410256410256421,9.242217986,0.9311115145683289,6,92.36121368408203
69.2,1.3813657473731396,2.1560519961287365,0.10421052631578946,0.06410256410256421,9.242217986,0.9311115145683289,6,92.36121368408203
69.2,1.3776761561197077,2.155485198735099,0.10421052631578946,0.06410256410256421,9.128106573,0.9311115145683289,6,92.36121368408203
69.2,1.3776761561197077,2.155485198735099,0.10421052631578946,0.06410256410256421,9.128106573,0.9311115145683289,6,92.36121368408203
69.2,1.3776761561197077,2.155485198735099,0.10421052631578946,0.06410256410256421,9.128106573,0.9311115145683289,6,92.36121368408203
69.2,1.3776761561197077,2.155485198735099,0.10421052631578946,0.06410256410256421,9.128106573,0.9311115145683289,6,92.36121368408203
69.2,1.3741813889044103,2.154940728449275,0.10421052631578946,0.06410256410256421,9.070372706,0.9311115145683289,6,92.36121368408203
69.2,1.3741813889044103,2.154940728449275,0.10421052631578946,0.06410256410256421,9.070372706,0.9311115145683289,6,92.36121368408203
69.2,1.3741813889044103,2.154940728449275,0.10421052631578946,0.06410256410256421,9.070372706,0.9311115145683289,6,92.36121368408203
69.2,1.3706870606888484,2.154388303085061,0.10421052631578946,0.06410256410256421,9.012339838,0.9311115145683289,6,92.36121368408203
69.30000000000001,1.3706870606888484,2.154388303085061,0.09263157894736841,0.06410256410256421,9.012339838,0.9311115145683289,6,92.36121368408203
69.30000000000001,1.3706870606888484,2.154388303085061,0.09263157894736841,0.06410256410256421,9.012339838,0.9311115145683289,6,92.36121368408203
69.30000000000001,1.3671926966368804,2.153828090438195,0.09263157894736841,0.06410256410256421,9.012339838,0.9311115145683289,6,92.36121368408203
69.30000000000001,1.3671926966368804,2.153828090438195,0.09263157894736841,0.06410256410256421,8.844999679,0.9311115145683289,6,92.36121368408203
69.30000000000001,1.3671926966368804,2.153828090438195,0.09263157894736841,0.06410256410256421,8.844999679,0.9311115145683289,6,92.36121368408203
69.30000000000001,1.3671926966368804,2.153828090438195,0.09263157894736841,0.06410256410256421,8.844999679,0.9311115145683289,6,92.36121368408203
69.30000000000001,1.3638932750546942,2.1532914539801666,0.09263157894736841,0.06410256410256421,8.735526564,0.9311115145683289,6,92.36121368408203
69.30000000000001,1.3638932750546942,2.1532914539801666,0.09263157894736841,0.06410256410256421,8.735526564,0.9311115145683289,6,92.36121368408203
69.30000000000001,1.3638932750546942,2.1532914539801666,0.09263157894736841,0.06410256410256421,8.735526564,0.9311115145683289,6,92.36121368408203
69.30000000000001,1.3638932750546942,2.1532914539801666,0.09263157894736841,0.06410256410256421,8.735526564,0.9311115145683289,6,92.36121368408203
69.30000000000001,1.3607892473002565,2.1527772424247593,0.08684210526315789,0.06410256410256421,8.88868105,0.9311115145683289,6,92.36121368408203
69.4,1.3607892473002565,2.1527772424247593,0.08684210526315789,0.06410256410256421,8.88868105,0.9311115145683289,6,92.36121368408203
69.4,1.3607892473002565,2.1527772424247593,0.08684210526315789,0.06410256410256421,8.88868105,0.9311115145683289,6,92.36121368408203
69.4,1.3576842797239008,2.1522547903861122,0.08684210526315789,0.06410256410256421,8.88868105,0.9311115145683289,6,92.36121368408203
69.4,1.3576842797239008,2.1522547903861122,0.08684210526315789,0.06410256410256421,8.808682277,0.9061115980148315,6,92.36121368408203
69.4,1.3576842797239008,2.1522547903861122,0.08684210526315789,0.06410256410256421,8.808682277,0.9061115980148315,6,92.36121368408203
69.4,1.3576842797239008,2.1522547903861122,0.08684210526315789,0.06410256410256421,8.808682277,0.9061115980148315,6,92.36121368408203
69.4,1.3576842797239008,2.1522547903861122,0.08684210526315789,0.06410256410256421,8.808682277,0.9061115980148315,6,92.36121368408203
69.4,1.3547731541104282,2.1517600494571574,0.08684210526315789,0.06410256410256421,9.030449786,0.9061115980148315,6,92.36121368408203
69.4,1.3547731541104282,2.1517600494571574,0.08684210526315789,0.06410256410256421,9.030449786,0.9061115980148315,6,92.36121368408203
69.4,1.3547731541104282,2.1517600494571574,0.08105263157894736,0.06410256410256421,9.030449786,0.9061115980148315,6,92.36121368408203
69.4,1.3547731541104282,2.1517600494571574,0.08105263157894736,0.06410256410256421,9.030449786,0.9061115980148315,6,92.36121368408203
69.4,1.3518652712582893,2.1512594411130697,0.08105263157894736,0.06410256410256421,9.263017946,0.9061115980148315,6,92.36121368408203
69.5,1.3518652712582893,2.1512594411130697,0.08105263157894736,0.06410256410256421,9.263017946,0.9061115980148315,6,92.31051635742188
69.5,1.3518652712582893,2.1512594411130697,0.08105263157894736,0.06410256410256421,9.263017946,0.9061115980148315,6,92.31051635742188
69.5,1.3518652712582893,2.1512594411130697,0.08105263157894736,0.06410256410256421,9.263017946,0.9061115980148315,6,92.31051635742188
69.5,1.3491523635058318,2.150785655605873,0.08105263157894736,0.06410256410256421,9.577777766,0.9061115980148315,6,92.31051635742188
69.5,1.3491523635058318,2.150785655605873,0.08105263157894736,0.06410256410256421,9.577777766,0.9061115980148315,6,92.31051635742188
69.5,1.3491523635058318,2.150785655605873,0.08105263157894736,0.06410256410256421,9.577777766,0.9061115980148315,6,92.31051635742188
69.5,1.3491523635058318,2.150785655605873,0.08105263157894736,0.06410256410256421,9.577777766,0.9061115980148315,6,92.31051635742188
69.5,1.3464413713688954,2.150306119279847,0.08105263157894736,0.038461538461538575,9.577777766,0.9061115980148315,6,92.31051635742188
69.5,1.3464413713688954,2.150306119279847,0.08105263157894736,0.038461538461538575,9.845485012,0.9061115980148315,6,92.31051635742188
69.5,1.3464413713688954,2.150306119279847,0.08105263157894736,0.038461538461538575,9.845485012,0.9061115980148315,6,92.31051635742188
69.5,1.3464413713688954,2.150306119279847,0.08105263157894736,0.038461538461538575,9.845485012,0.9061115980148315,6,92.31051635742188
69.5,1.3464413713688954,2.150306119279847,0.08105263157894736,0.038461538461538575,11.043631419,1.0163809061050415,6,92.31051635742188
69.5,1.343731486142118,2.1498216001089623,0.08105263157894736,0.038461538461538575,11.352571856,1.0163809061050415,6,92.31051635742188
69.60000000000001,1.343731486142118,2.1498216001089623,0.08105263157894736,0.038461538461538575,11.352571856,1.0163809061050415,6,92.31051635742188
69.60000000000001,1.343731486142118,2.1498216001089623,0.08105263157894736,0.038461538461538575,11.352571856,1.0163809061050415,6,92.31051635742188
69.60000000000001,1.3410223097499907,2.149333441113758,0.08105263157894736,0.038461538461538575,11.352571856,1.0163809061050415,6,92.31051635742188
69.60000000000001,1.3410223097499907,2.149333441113758,0.08105263157894736,0.038461538461538575,11.352571856,1.0163809061050415,6,92.31051635742188
69.60000000000001,1.3410223097499907,2.149333441113758,0.08105263157894736,0.038461538461538575,11.688855493,1.0163809061050415,6,92.31051635742188
69.60000000000001,1.3410223097499907,2.149333441113758,0.08105263157894736,0.038461538461538575,11.688855493,1.0163809061050415,6,92.31051635742188
69.60000000000001,1.3410223097499907,2.149333441113758,0.08105263157894736,0.038461538461538575,11.688855493,1.0163809061050415,6,92.31051635742188
69.60000000000001,1.3410223097499907,2.149333441113758,0.08105263157894736,0.038461538461538575,11.688855493,1.0163809061050415,6,92.31051635742188
69.60000000000001,1.3383148729125924,2.1488427584730694,0.10999999999999999,-0.012820512820512706,11.949088838,1.0163809061050415,6,92.31051635742188
69.60000000000001,1.3383148729125924,2.1488427584730694,0.10999999999999999,-0.012820512820512706,11.949088838,1.0163809061050415,6,92.31051635742188
69.60000000000001,1.3383148729125924,2.1488427584730694,0.10999999999999999,-0.012820512820512706,11.949088838,1.0163809061050415,6,92.31051635742188
69.60000000000001,1.3383148729125924,2.1488427584730694,0.10999999999999999,-0.012820512820512706,11.949088838,1.0163809061050415,6,92.31051635742188
69.7,1.335609145612413,2.148348561761118,0.10999999999999999,-0.012820512820512706,12.138433985,1.0163809061050415,6,92.31051635742188
69.7,1.335609145612413,2.148348561761118,0.10999999999999999,-0.012820512820512706,12.138433985,1.0163809061050415,6,92.31051635742188
69.7,1.335609145612413,2.148348561761118,0.10421052631578946,-0.012820512820512706,12.138433985,1.0163809061050415,6,92.31051635742188
69.7,1.335609145612413,2.148348561761118,0.10421052631578946,-0.012820512820512706,12.138433985,1.0163809061050415,6,92.31051635742188
69.7,1.3313589300274251,2.1475654786279335,0.10421052631578946,-0.012820512820512706,11.616401475,1.0163809061050415,6,92.31051635742188
69.7,1.3313589300274251,2.1475654786279335,0.10421052631578946,-0.012820512820512706,11.616401475,1.0163809061050415,6,92.31051635742188
69.7,1.3313589300274251,2.1475654786279335,0.10421052631578946,-0.012820512820512706,11.616401475,1.0163809061050415,6,92.31051635742188
69.7,1.3278790613088822,2.146920991918919,0.10421052631578946,-0.012820512820512706,11.369949433,1.0163809061050415,6,92.31051635742188
69.7,1.3278790613088822,2.146920991918919,0.10421052631578946,-0.012820512820512706,11.369949433,1.0163809061050415,6,92.31051635742188
69.7,1.3278790613088822,2.146920991918919,0.10421052631578946,-0.012820512820512706,11.369949433,1.0163809061050415,6,92.31051635742188
69.7,1.3278790613088822,2.146920991918919,0.10421052631578946,-0.012820512820512706,11.369949433,1.0163809061050415,6,92.31051635742188
69.7,1.3243952896755822,2.1462780142137956,0.10421052631578946,-0.012820512820512706,11.369949433,1.0163809061050415,6,92.31051635742188
69.80000000000001,1.3243952896755822,2.1462780142137956,0.10421052631578946,-0.012820512820512706,11.369949433,1.0163809061050415,6,92.31051635742188
69.80000000000001,1.3243952896755822,2.1462780142137956,0.10421052631578946,-0.012820512820512706,11.369949433,1.0163809061050415,6,92.31051635742188
69.80000000000001,1.3243952896755822,2.1462780142137956,0.10421052631578946,-0.012820512820512706,11.137936987,1.0163809061050415,6,92.31051635742188
69.80000000000001,1.3243952896755822,2.1462780142137956,0.10421052631578946,-0.012820512820512706,11.137936987,1.0163809061050415,6,92.31051635742188
69.80000000000001,1.3243952896755822,2.1462780142137956,0.10421052631578946,-0.012820512820512706,11.137936987,1.0163809061050415,6,92.31051635742188
69.80000000000001,1.3243952896755822,2.1462780142137956,0.09842105263157894,-0.012820512820512706,11.137936987,1.0163809061050415,6,92.31051635742188
69.80000000000001,1.3209110322942623,2.145638857895388,0.09842105263157894,-0.012820512820512706,10.8336525,1.0163809061050415,6,92.31051635742188
69.80000000000001,1.3209110322942623,2.145638857895388,0.09842105263157894,-0.012820512820512706,10.8336525,1.0163809061050415,6,92.31051635742188
69.80000000000001,1.3209110322942623,2.145638857895388,0.09842105263157894,-0.012820512820512706,10.8336525,1.0163809061050415,6,92.31051635742188
69.80000000000001,1.3176200928417514,2.145035863361456,0.09842105263157894,-0.012820512820512706,10.613618911,1.0163809061050415,6,92.31051635742188
69.80000000000001,1.3176200928417514,2.145035863361456,0.09263157894736841,-0.012820512820512706,10.144141273,0.9714227914810181,6,92.31051635742188
69.80000000000001,1.3176200928417514,2.145035863361456,0.09263157894736841,-0.012820512820512706,10.144141273,0.9714227914810181,6,92.31051635742188
69.80000000000001,1.3176200928417514,2.145035863361456,0.09263157894736841,-0.012820512820512706,10.144141273,0.9714227914810181,6,92.31051635742188
69.9,1.3143273560193922,2.1444330112963685,0.09263157894736841,-0.012820512820512706,10.144141273,0.9714227914810181,6,92.31051635742188
69.9,1.3143273560193922,2.1444330112963685,0.09263157894736841,-0.012820512820512706,9.948780216,0.9714227914810181,6,92.31051635742188
69.9,1.3143273560193922,2.1444330112963685,0.09263157894736841,-0.012820512820512706,9.948780216,0.9714227914810181,6,92.31051635742188
69.9,1.3143273560193922,2.1444330112963685,0.09263157894736841,-0.012820512820512706,9.948780216,0.9714227914810181,6,92.31051635742188
69.9,1.3143273560193922,2.1444330112963685,0.09263157894736841,-0.012820512820512706,9.948780216,0.9714227914810181,6,92.31051635742188
69.9,1.3143273560193922,2.1444330112963685,0.09263157894736841,-0.012820512820512706,9.948780216,0.9714227914810181,6,92.31051635742188
69.9,1.311225838279983,2.1438672227279203,0.09263157894736841,-0.012820512820512706,9.815253176,0.9714227914810181,6,92.31051635742188
69.9,1.311225838279983,2.1438672227279203,0.09263157894736841,-0.012820512820512706,9.815253176,0.9714227914810181,6,92.31051635742188
69.9,1.311225838279983,2.1438672227279203,0.08684210526315789,-0.012820512820512706,9.815253176,0.9714227914810181,6,92.31051635742188
69.9,1.311225838279983,2.1438672227279203,0.08684210526315789,-0.012820512820512706,9.815253176,0.9714227914810181,6,92.31051635742188
69.9,1.311225838279983,2.1438672227279203,0.08684210526315789,-0.012820512820512706,9.815253176,0.9714227914810181,6,92.31051635742188
69.9,1.3081238423467676,2.143303067211701,0.08684210526315789,-0.012820512820512706,9.690961074,0.9714227914810181,6,92.31051635742188
69.9,1.3081238423467676,2.143303067211701,0.08684210526315789,-0.012820512820512706,9.690961074,0.9714227914810181,6,92.31051635742188
69.9,1.3081238423467676,2.143303067211701,0.08684210526315789,-0.012820512820512706,9.690961074,0.9714227914810181,6,92.31051635742188
69.9,1.3081238423467676,2.143303067211701,0.08684210526315789,-0.012820512820512706,9.690961074,0.9714227914810181,6,92.31051635742188
70.0,1.3052142105843494,2.142774780555235,0.08684210526315789,-0.012820512820512706,9.627652385,0.9714227914810181,6,92.26605224609375
70.0,1.3052142105843494,2.142774780555235,0.08684210526315789,-0.012820512820512706,9.627652385,0.9714227914810181,6,92.26605224609375
70.0,1.3052142105843494,2.142774780555235,0.08684210526315789,-0.012820512820512706,9.627652385,0.9714227914810181,6,92.26605224609375
70.0,1.3052142105843494,2.142774780555235,0.08684210526315789,-0.012820512820512706,9.627652385,0.9714227914810181,6,92.26605224609375
70.0,1.3052142105843494,2.142774780555235,0.08684210526315789,-0.012820512820512706,9.627652385,0.9714227914810181,6,92.26605224609375
70.0,1.3023038260386866,2.1422475545170885,0.08684210526315789,-0.012820512820512706,10.068728828,0.9714227914810181,6,92.26605224609375
70.0,1.3023038260386866,2.1422475545170885,0.08684210526315789,-0.012820512820512706,10.068728828,0.9714227914810181,6,92.26605224609375
70.0,1.3023038260386866,2.1422475545170885,0.08684210526315789,-0.012820512820512706,10.068728828,0.9714227914810181,6,92.26605224609375
70.0,1.3023038260386866,2.1422475545170885,0.08105263157894736,-0.012820512820512706,10.068728828,0.9714227914810181,6,92.26605224609375
70.0,1.299393835344811,2.1417218996190885,0.08105263157894736,-0.012820512820512706,10.269324609,0.9714227914810181,6,92.26605224609375
70.0,1.299393835344811,2.1417218996190885,0.08105263157894736,-0.012820512820512706,10.269324609,0.9714227914810181,6,92.26605224609375
70.0,1.299393835344811,2.1417218996190885,0.08105263157894736,-0.012820512820512706,10.269324609,0.9714227914810181,6,92.26605224609375
70.10000000000001,1.299393835344811,2.1417218996190885,0.08105263157894736,-0.012820512820512706,10.269324609,0.9714227914810181,6,92.26605224609375
70.10000000000001,1.2966777147632413,2.1412324561921943,0.08105263157894736,-0.012820512820512706,10.551953026,0.9714227914810181,6,92.26605224609375
70.10000000000001,1.2966777147632413,2.1412324561921943,0.08105263157894736,-0.012820512820512706,10.551953026,0.9714227914810181,6,92.26605224609375
70.10000000000001,1.2966777147632413,2.1412324561921943,0.08105263157894736,-0.012820512820512706,10.551953026,0.9714227914810181,6,92.26605224609375
70.10000000000001,1.293962963035142,2.1407442833423667,0.08105263157894736,-0.012820512820512706,10.851957349,0.9714227914810181,6,92.26605224609375
70.10000000000001,1.293962963035142,2.1407442833423667,0.10999999999999999,-0.038461538461538346,10.851957349,0.9714227914810181,6,92.26605224609375
70.10000000000001,1.293962963035142,2.1407442833423667,0.10999999999999999,-0.038461538461538346,10.851957349,0.9714227914810181,6,92.26605224609375
70.10000000000001,1.293962963035142,2.1407442833423667,0.10999999999999999,-0.038461538461538346,10.851957349,0.9714227914810181,6,92.26605224609375
70.10000000000001,1.293962963035142,2.1407442833423667,0.10999999999999999,-0.038461538461538346,10.851957349,0.9714227914810181,6,92.26605224609375
70.10000000000001,1.2918106806282004,2.1405192448884973,0.10999999999999999,-0.038461538461538346,11.091397833,0.9714227914810181,6,92.26605224609375
70.10000000000001,1.2918106806282004,2.1405192448884973,0.10999999999999999,0.08974358974358984,11.091397833,0.9714227914810181,6,92.26605224609375
70.10000000000001,1.2918106806282004,2.1405192448884973,0.10999999999999999,0.08974358974358984,11.091397833,0.9714227914810181,6,92.26605224609375
70.10000000000001,1.2918106806282004,2.1405192448884973,0.10999999999999999,0.08974358974358984,11.091397833,0.9714227914810181,6,92.26605224609375
70.2,1.2888333811416404,2.140408318364245,0.10999999999999999,0.08974358974358984,10.631695489,0.9714227914810181,6,92.26605224609375
70.2,1.2888333811416404,2.140408318364245,0.10999999999999999,0.08974358974358984,10.631695489,0.9714227914810181,6,92.26605224609375
70.2,1.2888333811416404,2.140408318364245,0.10999999999999999,0.08974358974358984,10.631695489,0.9714227914810181,6,92.26605224609375
70.2,1.2888333811416404,2.140408318364245,0.10999999999999999,0.08974358974358984,10.631695489,0.9714227914810181,6,92.26605224609375
70.2,1.2888333811416404,2.140408318364245,0.10999999999999999,0.08974358974358984,10.631695489,0.9714227914810181,6,92.26605224609375
70.2,1.2866470319853036,2.140429892277319,0.10999999999999999,0.08974358974358984,10.631695489,0.9714227914810181,6,92.26605224609375
70.2,1.2866470319853036,2.140429892277319,0.10999999999999999,0.08974358974358984,10.631695489,0.9714227914810181,6,92.26605224609375
70.2,1.2866470319853036,2.140429892277319,0.10999999999999999,0.08974358974358984,10.418112465,0.9714227914810181,6,92.26605224609375
70.2,1.2866470319853036,2.140429892277319,0.10999999999999999,0.08974358974358984,10.418112465,0.9714227914810181,6,92.26605224609375
70.2,1.2844855808052622,2.140434985200372,0.10999999999999999,0.08974358974358984,10.220262311,0.9714227914810181,6,92.26605224609375
70.2,1.2844855808052622,2.140434985200372,0.10999999999999999,0.08974358974358984,10.220262311,0.9714227914810181,6,92.26605224609375
70.2,1.2844855808052622,2.140434985200372,0.10999999999999999,0.08974358974358984,10.220262311,0.9714227914810181,6,92.26605224609375
70.30000000000001,1.2844855808052622,2.140434985200372,0.10999999999999999,0.1410256410256411,10.220262311,0.9714227914810181,6,92.26605224609375
70.30000000000001,1.2844855808052622,2.140434985200372,0.10999999999999999,0.1410256410256411,10.220262311,0.9714227914810181,6,92.26605224609375
70.30000000000001,1.2823389241145973,2.140414538937378,0.10999999999999999,0.1410256410256411,9.702232772,0.9464226961135864,6,92.26605224609375
70.30000000000001,1.2823389241145973,2.140414538937378,0.10999999999999999,0.1410256410256411,9.702232772,0.9464226961135864,6,92.26605224609375
70.30000000000001,1.2823389241145973,2.140414538937378,0.10999999999999999,0.1410256410256411,9.702232772,0.9464226961135864,6,92.26605224609375
70.30000000000001,1.2802050115068606,2.140375353634594,0.10421052631578946,0.1410256410256411,9.46037254,0.9464226961135864,6,92.26605224609375
70.30000000000001,1.2802050115068606,2.140375353634594,0.10421052631578946,0.1410256410256411,9.46037254,0.9464226961135864,6,92.26605224609375
70.30000000000001,1.2802050115068606,2.140375353634594,0.10421052631578946,0.1410256410256411,9.46037254,0.9464226961135864,6,92.26605224609375
70.30000000000001,1.2802050115068606,2.140375353634594,0.10421052631578946,0.1410256410256411,9.46037254,0.9464226961135864,6,92.26605224609375
70.30000000000001,1.2802050115068606,2.140375353634594,0.10421052631578946,0.1410256410256411,9.46037254,0.9464226961135864,6,92.26605224609375
70.30000000000001,1.277546395436529,2.1400956176536026,0.10421052631578946,0.1410256410256411,9.286478186,0.9464226961135864,6,92.26605224609375
70.30000000000001,1.277546395436529,2.1400956176536026,0.10421052631578946,0.1410256410256411,9.286478186,0.9464226961135864,6,92.26605224609375
70.4,1.277546395436529,2.1400956176536026,0.10421052631578946,0.1410256410256411,9.509610525,0.9691630005836487,6,92.26605224609375
70.4,1.277546395436529,2.1400956176536026,0.10421052631578946,0.1410256410256411,9.509610525,0.9691630005836487,6,92.26605224609375
70.4,1.2740637396204586,2.139511474424463,0.10421052631578946,0.1410256410256411,9.279841909,0.9691630005836487,6,92.26605224609375
70.4,1.2740637396204586,2.139511474424463,0.10421052631578946,0.1410256410256411,9.279841909,0.9691630005836487,6,92.26605224609375
70.4,1.2740637396204586,2.139511474424463,0.10421052631578946,0.1410256410256411,9.279841909,0.9691630005836487,6,92.26605224609375
70.4,1.2740637396204586,2.139511474424463,0.10421052631578946,0.1410256410256411,9.279841909,0.9691630005836487,6,92.26605224609375
70.4,1.2705800812206907,2.1389092631527205,0.10421052631578946,0.1410256410256411,9.059370767,0.9691630005836487,6,92.26605224609375
70.4,1.2705800812206907,2.1389092631527205,0.10421052631578946,0.1410256410256411,9.059370767,0.9691630005836487,6,92.26605224609375
70.4,1.2705800812206907,2.1389092631527205,0.09842105263157894,0.1410256410256411,9.059370767,0.9691630005836487,6,92.26605224609375
70.4,1.2670983440136614,2.138292514069585,0.09842105263157894,0.1410256410256411,9.059370767,0.9691630005836487,6,92.26605224609375
70.4,1.2670983440136614,2.138292514069585,0.09842105263157894,0.1410256410256411,8.41332108,0.9214226603507996,6,92.26605224609375
70.4,1.2670983440136614,2.138292514069585,0.09842105263157894,0.1410256410256411,8.41332108,0.9214226603507996,6,92.26605224609375
70.4,1.2670983440136614,2.138292514069585,0.09842105263157894,0.1410256410256411,8.41332108,0.9214226603507996,6,92.26605224609375
70.5,1.2670983440136614,2.138292514069585,0.09263157894736841,0.1410256410256411,8.41332108,0.9214226603507996,6,92.22472381591797
70.5,1.2638133146859953,2.1376941441876767,0.09263157894736841,0.1410256410256411,8.71611327,0.9214226603507996,6,92.22472381591797
70.5,1.2638133146859953,2.1376941441876767,0.09263157894736841,0.1410256410256411,8.71611327,0.9214226603507996,6,92.22472381591797
70.5,1.2638133146859953,2.1376941441876767,0.09263157894736841,0.1410256410256411,8.71611327,0.9214226603507996,6,92.22472381591797
70.5,1.2638133146859953,2.1376941441876767,0.09263157894736841,0.1410256410256411,8.71611327,0.9214226603507996,6,92.22472381591797
70.5,1.26072310645255,2.1371148838193625,0.09263157894736841,0.1410256410256411,8.874666940000001,0.9214226603507996,6,92.22472381591797
70.5,1.26072310645255,2.1371148838193625,0.09263157894736841,0.1410256410256411,8.874666940000001,0.9214226603507996,6,92.22472381591797
70.5,1.26072310645255,2.1371148838193625,0.09263157894736841,0.1410256410256411,8.874666940000001,0.9214226603507996,6,92.22472381591797
70.5,1.257634913146679,2.136521057303214,0.09263157894736841,0.1410256410256411,8.874666940000001,0.9214226603507996,6,92.22472381591797
70.5,1.257634913146679,2.136521057303214,0.09263157894736841,0.1410256410256411,9.032982137,0.9214226603507996,6,92.22472381591797
70.5,1.257634913146679,2.136521057303214,0.09263157894736841,0.1410256410256411,9.032982137,0.9214226603507996,6,92.22472381591797
70.60000000000001,1.257634913146679,2.136521057303214,0.10999999999999999,-0.018974358974358896,9.032982137,0.9214226603507996,6,92.22472381591797
70.60000000000001,1.2545502695065824,2.1359131448662168,0.10999999999999999,-0.018974358974358896,9.200315519,0.9214226603507996,6,92.22472381591797
70.60000000000001,1.2545502695065824,2.1359131448662168,0.10999999999999999,-0.018974358974358896,9.200315519,0.9214226603507996,6,92.22472381591797
70.60000000000001,1.2545502695065824,2.1359131448662168,0.10999999999999999,-0.018974358974358896,9.200315519,0.9214226603507996,6,92.22472381591797
70.60000000000001,1.2545502695065824,2.1359131448662168,0.10999999999999999,-0.038461538461538346,9.200315519,0.9214226603507996,6,92.22472381591797
70.60000000000001,1.2545502695065824,2.1359131448662168,0.10999999999999999,-0.038461538461538346,9.200315519,0.9214226603507996,6,92.22472381591797
70.60000000000001,1.2503056941870847,2.13506038344707,0.10999999999999999,-0.038461538461538346,9.015045563,0.9214226603507996,6,92.22472381591797
70.60000000000001,1.2503056941870847,2.13506038344707,0.10999999999999999,-0.038461538461538346,9.015045563,0.9214226603507996,6,92.22472381591797
70.60000000000001,1.2503056941870847,2.13506038344707,0.10999999999999999,-0.038461538461538346,9.015045563,0.9214226603507996,6,92.22472381591797
70.60000000000001,1.2466257747311835,2.1343314826524926,0.10999999999999999,-0.038461538461538346,8.954787229,0.9214226603507996,6,92.22472381591797
70.60000000000001,1.2466257747311835,2.1343314826524926,0.10999999999999999,-0.038461538461538346,8.954787229,0.9214226603507996,6,92.22472381591797
70.60000000000001,1.2466257747311835,2.1343314826524926,0.10999999999999999,-0.038461538461538346,8.954787229,0.9214226603507996,6,92.22472381591797
70.7,1.2466257747311835,2.1343314826524926,0.10999999999999999,-0.038461538461538346,8.954787229,0.9214226603507996,6,92.22472381591797
70.7,1.2429499006536133,2.1336209304050175,0.10999999999999999,-0.038461538461538346,8.896356026,0.9214226603507996,6,92.22472381591797
70.7,1.2429499006536133,2.1336209304050175,0.10999999999999999,0.06410256410256421,8.896356026,0.9214226603507996,6,92.22472381591797
70.7,1.2429499006536133,2.1336209304050175,0.10999999999999999,0.06410256410256421,8.896356026,0.9214226603507996,6,92.22472381591797
70.7,1.2429499006536133,2.1336209304050175,0.10999999999999999,0.06410256410256421,8.896356026,0.9214226603507996,6,92.22472381591797
70.7,1.2392811850693084,2.1329114951434627,0.10999999999999999,0.06410256410256421,8.84204737,0.9214226603507996,6,92.22472381591797
70.7,1.2392811850693084,2.1329114951434627,0.10999999999999999,0.06410256410256421,8.84204737,0.9214226603507996,6,92.22472381591797
70.7,1.2392811850693084,2.1329114951434627,0.10421052631578946,0.06410256410256421,8.84204737,0.9214226603507996,6,92.22472381591797
70.7,1.2392811850693084,2.1329114951434627,0.10421052631578946,0.06410256410256421,8.84204737,0.9214226603507996,6,92.22472381591797
70.7,1.2356119768078933,2.13219905702568,0.10421052631578946,0.06410256410256421,8.785741086,0.9214226603507996,6,92.22472381591797
70.7,1.2356119768078933,2.13219905702568,0.10421052631578946,0.06410256410256421,8.785741086,0.9214226603507996,6,92.22472381591797
70.7,1.2356119768078933,2.13219905702568,0.10421052631578946,0.06410256410256421,8.785741086,0.9214226603507996,6,92.22472381591797
70.7,1.2356119768078933,2.13219905702568,0.10421052631578946,0.06410256410256421,8.785741086,0.9214226603507996,6,92.22472381591797
70.80000000000001,1.2356119768078933,2.13219905702568,0.10421052631578946,0.06410256410256421,8.785741086,0.9214226603507996,6,92.22472381591797
70.80000000000001,1.232141066241584,2.131520673135363,0.10421052631578946,0.06410256410256421,8.785741086,0.9214226603507996,6,92.22472381591797
70.80000000000001,1.232141066241584,2.131520673135363,0.10421052631578946,0.06410256410256421,8.733422842,0.9214226603507996,6,92.22472381591797
70.80000000000001,1.232141066241584,2.131520673135363,0.10421052631578946,0.06410256410256421,8.733422842,0.9214226603507996,6,92.22472381591797
70.80000000000001,1.2286736085872358,2.130831850028916,0.10421052631578946,0.06410256410256421,8.630839967,0.9214226603507996,6,92.22472381591797
70.80000000000001,1.2286736085872358,2.130831850028916,0.10421052631578946,0.06410256410256421,8.630839967,0.9214226603507996,6,92.22472381591797
70.80000000000001,1.2286736085872358,2.130831850028916,0.09842105263157894,0.06410256410256421,8.396669239,0.8964227437973022,6,92.22472381591797
70.80000000000001,1.2286736085872358,2.130831850028916,0.09842105263157894,0.06410256410256421,8.396669239,0.8964227437973022,6,92.22472381591797
70.80000000000001,1.2252052600462449,2.130133968276762,0.09842105263157894,0.06410256410256421,8.396669239,0.8964227437973022,6,92.22472381591797
70.80000000000001,1.2252052600462449,2.130133968276762,0.09842105263157894,0.06410256410256421,8.298427476,0.8964227437973022,6,92.22472381591797
70.9,1.2252052600462449,2.130133968276762,0.09842105263157894,0.06410256410256421,8.298427476,0.8964227437973022,6,92.22472381591797
70.9,1.2252052600462449,2.130133968276762,0.09263157894736841,0.06410256410256421,8.298427476,0.8964227437973022,6,92.22472381591797
70.9,1.2219300776997106,2.1294694394612916,0.09263157894736841,0.06410256410256421,8.250723486,0.8964227437973022,6,92.22472381591797
70.9,1.2219300776997106,2.1294694394612916,0.09263157894736841,0.06410256410256421,8.250723486,0.8964227437973022,6,92.22472381591797
70.9,1.2219300776997106,2.1294694394612916,0.09263157894736841,0.06410256410256421,8.250723486,0.8964227437973022,6,92.22472381591797
70.9,1.2219300776997106,2.1294694394612916,0.09263157894736841,0.06410256410256421,8.250723486,0.8964227437973022,6,92.22472381591797
70.9,1.2188497483521032,2.128837521903839,0.09263157894736841,0.06410256410256421,8.561394905,0.8964227437973022,6,92.22472381591797
70.9,1.2188497483521032,2.128837521903839,0.09263157894736841,0.06410256410256421,8.561394905,0.8964227437973022,6,92.22472381591797
70.9,1.2188497483521032,2.128837521903839,0.09263157894736841,0.06410256410256421,8.561394905,0.8964227437973022,6,92.22472381591797
70.9,1.215770303428525,2.128197796797205,0.09263157894736841,0.06410256410256421,8.72037315,0.8964227437973022,6,92.22472381591797
71.0,1.215770303428525,2.128197796797205,0.09263157894736841,0.06410256410256421,8.72037315,0.8964227437973022,6,92.17240905761719
71.0,1.215770303428525,2.128197796797205,0.08684210526315789,0.06410256410256421,8.72037315,0.8964227437973022,6,92.17240905761719
71.0,1.215770303428525,2.128197796797205,0.08684210526315789,0.06410256410256421,8.72037315,0.8964227437973022,6,92.17240905761719
71.0,1.2126908705249195,2.127551360636112,0.08684210526315789,0.06410256410256421,8.885346875,0.8964227437973022,6,92.17240905761719
71.0,1.2126908705249195,2.127551360636112,0.08684210526315789,0.06410256410256421,8.885346875,0.8964227437973022,6,92.17240905761719
71.0,1.2126908705249195,2.127551360636112,0.08684210526315789,0.06410256410256421,8.885346875,0.8964227437973022,6,92.17240905761719
71.0,1.2098048435463373,2.1269393903455946,0.08684210526315789,0.06410256410256421,8.885346875,0.8964227437973022,6,92.17240905761719
71.0,1.2098048435463373,2.1269393903455946,0.08684210526315789,0.06410256410256421,9.115441512,0.8964227437973022,6,92.17240905761719
71.0,1.2098048435463373,2.1269393903455946,0.08684210526315789,0.06410256410256421,9.115441512,0.8964227437973022,6,92.17240905761719
71.0,1.2098048435463373,2.1269393903455946,0.08684210526315789,0.06410256410256421,9.115441512,0.8964227437973022,6,92.17240905761719
71.0,1.2069207289274189,2.1263210163741006,0.08684210526315789,0.06410256410256421,9.096285133,0.8714226484298706,6,92.17240905761719
71.10000000000001,1.2069207289274189,2.1263210163741006,0.08684210526315789,0.06410256410256421,9.096285133,0.8714226484298706,6,92.17240905761719
71.10000000000001,1.2069207289274189,2.1263210163741006,0.08684210526315789,0.06410256410256421,9.096285133,0.8714226484298706,6,92.17240905761719
71.10000000000001,1.204037554213715,2.125696149666278,0.08684210526315789,0.06410256410256421,9.282262236,0.8714226484298706,6,92.17240905761719
71.10000000000001,1.204037554213715,2.125696149666278,0.08684210526315789,0.06410256410256421,9.282262236,0.8714226484298706,6,92.17240905761719
71.10000000000001,1.204037554213715,2.125696149666278,0.08684210526315789,0.06410256410256421,9.282262236,0.8714226484298706,6,92.17240905761719
71.10000000000001,1.204037554213715,2.125696149666278,0.08684210526315789,0.038461538461538575,9.282262236,0.8714226484298706,6,92.17240905761719
71.10000000000001,1.2011560199431983,2.1250651929258533,0.08684210526315789,0.038461538461538575,9.473479064,0.8714226484298706,6,92.17240905761719
71.10000000000001,1.2011560199431983,2.1250651929258533,0.08684210526315789,0.038461538461538575,9.473479064,0.8714226484298706,6,92.17240905761719
71.10000000000001,1.2011560199431983,2.1250651929258533,0.08684210526315789,0.038461538461538575,9.473479064,0.8714226484298706,6,92.17240905761719
71.10000000000001,1.2011560199431983,2.1250651929258533,0.08684210526315789,0.038461538461538575,9.473479064,0.8714226484298706,6,92.17240905761719
71.10000000000001,1.198275342997345,2.124428467924078,0.10999999999999999,-0.012820512820512706,9.672936176,0.8714226484298706,6,92.17240905761719
71.2,1.198275342997345,2.124428467924078,0.10999999999999999,-0.012820512820512706,9.672936176,0.8714226484298706,6,92.17240905761719
71.2,1.198275342997345,2.124428467924078,0.10999999999999999,-0.012820512820512706,9.672936176,0.8714226484298706,6,92.17240905761719
71.2,1.198275342997345,2.124428467924078,0.10999999999999999,-0.012820512820512706,9.672936176,0.8714226484298706,6,92.17240905761719
71.2,1.1953946892469536,2.1237876796347495,0.10999999999999999,-0.012820512820512706,9.809325265,0.8714226484298706,6,92.17240905761719
71.2,1.1953946892469536,2.1237876796347495,0.10999999999999999,-0.012820512820512706,9.809325265,0.8714226484298706,6,92.17240905761719
71.2,1.1953946892469536,2.1237876796347495,0.10999999999999999,-0.012820512820512706,9.809325265,0.8714226484298706,6,92.17240905761719
71.2,1.1953946892469536,2.1237876796347495,0.10999999999999999,-0.012820512820512706,9.809325265,0.8714226484298706,6,92.17240905761719
71.2,1.1909766510903679,2.122804340400469,0.10999999999999999,-0.012820512820512706,9.338801999,0.8714226484298706,6,92.17240905761719
71.2,1.1909766510903679,2.122804340400469,0.10999999999999999,-0.012820512820512706,9.338801999,0.8714226484298706,6,92.17240905761719
71.2,1.1909766510903679,2.122804340400469,0.10421052631578946,-0.012820512820512706,9.374794043,0.8747811317443848,6,92.17240905761719
71.2,1.1909766510903679,2.122804340400469,0.10421052631578946,-0.012820512820512706,9.374794043,0.8747811317443848,6,92.17240905761719
71.2,1.1909766510903679,2.122804340400469,0.10421052631578946,-0.012820512820512706,9.374794043,0.8747811317443848,6,92.17240905761719
71.30000000000001,1.1873174735969383,2.1220014353310255,0.10421052631578946,-0.012820512820512706,9.190736915,0.8747811317443848,6,92.17240905761719
71.30000000000001,1.1873174735969383,2.1220014353310255,0.10421052631578946,-0.012820512820512706,9.190736915,0.8747811317443848,6,92.17240905761719
71.30000000000001,1.1873174735969383,2.1220014353310255,0.10421052631578946,-0.012820512820512706,9.190736915,0.8747811317443848,6,92.17240905761719
71.30000000000001,1.1838566955204244,2.121250133987219,0.10421052631578946,-0.012820512820512706,9.073426487,0.8747811317443848,6,92.17240905761719
71.30000000000001,1.1838566955204244,2.121250133987219,0.10421052631578946,-0.012820512820512706,9.073426487,0.8747811317443848,6,92.17240905761719
71.30000000000001,1.1838566955204244,2.121250133987219,0.10421052631578946,-0.012820512820512706,9.073426487,0.8747811317443848,6,92.17240905761719
71.30000000000001,1.1838566955204244,2.121250133987219,0.10421052631578946,-0.012820512820512706,9.073426487,0.8747811317443848,6,92.17240905761719
71.30000000000001,1.1838566955204244,2.121250133987219,0.10421052631578946,-0.012820512820512706,9.073426487,0.8747811317443848,6,92.17240905761719
71.30000000000001,1.1803988010382738,2.1204951292594885,0.10421052631578946,-0.012820512820512706,9.073426487,0.8747811317443848,6,92.17240905761719
71.30000000000001,1.1803988010382738,2.1204951292594885,0.10421052631578946,-0.012820512820512706,8.896453803,0.8747811317443848,6,92.17240905761719
71.30000000000001,1.1803988010382738,2.1204951292594885,0.10421052631578946,-0.012820512820512706,8.896453803,0.8747811317443848,6,92.17240905761719
71.30000000000001,1.1803988010382738,2.1204951292594885,0.10421052631578946,-0.012820512820512706,8.896453803,0.8747811317443848,6,92.17240905761719
71.30000000000001,1.1769359457024189,2.11973864599351,0.10999999999999999,0.1471794871794873,8.727910925,0.8747811317443848,6,92.17240905761719
71.4,1.1769359457024189,2.11973864599351,0.10999999999999999,0.1471794871794873,8.727910925,0.8747811317443848,6,92.17240905761719
71.4,1.1769359457024189,2.11973864599351,0.10999999999999999,0.1471794871794873,8.727910925,0.8747811317443848,6,92.17240905761719
71.4,1.1769359457024189,2.11973864599351,0.10999999999999999,0.1471794871794873,8.727910925,0.8747811317443848,6,92.17240905761719
71.4,1.1769359457024189,2.11973864599351,0.10999999999999999,0.1471794871794873,8.727910925,0.8747811317443848,6,92.17240905761719
71.4,1.1730931963570117,2.1189011385154375,0.10421052631578946,0.16666666666666674,8.727910925,0.8747811317443848,6,92.17240905761719
71.4,1.1730931963570117,2.1189011385154375,0.10421052631578946,0.16666666666666674,8.463917139,0.8747811317443848,6,92.17240905761719
71.4,1.1730931963570117,2.1189011385154375,0.10421052631578946,0.16666666666666674,8.463917139,0.8747811317443848,6,92.17240905761719
71.4,1.1730931963570117,2.1189011385154375,0.10421052631578946,0.16666666666666674,8.463917139,0.8747811317443848,6,92.17240905761719
71.4,1.1696499910894966,2.1181317688612578,0.10421052631578946,0.16666666666666674,8.463917139,0.8747811317443848,6,92.17240905761719
71.4,1.1696499910894966,2.1181317688612578,0.10421052631578946,0.16666666666666674,8.045000263,0.8464227318763733,6,92.17240905761719
71.4,1.1696499910894966,2.1181317688612578,0.10421052631578946,0.16666666666666674,8.045000263,0.8464227318763733,6,92.17240905761719
71.4,1.1696499910894966,2.1181317688612578,0.10421052631578946,0.16666666666666674,8.045000263,0.8464227318763733,6,92.17240905761719
71.5,1.1662116534840017,2.1173321287154288,0.10421052631578946,0.16666666666666674,7.9036947820000005,0.8464227318763733,6,92.17240905761719
71.5,1.1662116534840017,2.1173321287154288,0.10421052631578946,0.16666666666666674,7.9036947820000005,0.8464227318763733,6,92.12167358398438
71.5,1.1662116534840017,2.1173321287154288,0.09842105263157894,0.16666666666666674,7.9036947820000005,0.8464227318763733,6,92.12167358398438
71.5,1.1662116534840017,2.1173321287154288,0.09842105263157894,0.16666666666666674,7.9036947820000005,0.8464227318763733,6,92.12167358398438
71.5,1.1662116534840017,2.1173321287154288,0.09842105263157894,0.16666666666666674,7.9036947820000005,0.8464227318763733,6,92.12167358398438
71.5,1.1627704574952227,2.116512497819419,0.09842105263157894,0.16666666666666674,7.9036947820000005,0.8464227318763733,6,92.12167358398438
71.5,1.1627704574952227,2.116512497819419,0.09842105263157894,0.16666666666666674,7.766846521,0.8464227318763733,6,92.12167358398438
71.5,1.1627704574952227,2.116512497819419,0.09842105263157894,0.16666666666666674,7.766846521,0.8464227318763733,6,92.12167358398438
71.5,1.1595259435359015,2.1157254731574984,0.09842105263157894,0.16666666666666674,7.766846521,0.8464227318763733,6,92.12167358398438
71.5,1.1595259435359015,2.1157254731574984,0.09842105263157894,0.16666666666666674,8.051323198,0.8464227318763733,6,92.12167358398438
71.5,1.1595259435359015,2.1157254731574984,0.09842105263157894,0.16666666666666674,8.051323198,0.8464227318763733,6,92.12167358398438
71.5,1.1595259435359015,2.1157254731574984,0.09842105263157894,0.16666666666666674,8.051323198,0.8464227318763733,6,92.12167358398438
71.5,1.1595259435359015,2.1157254731574984,0.09263157894736841,0.16666666666666674,8.051323198,0.8464227318763733,6,92.12167358398438
71.60000000000001,1.1562895444204675,2.1149189602720924,0.09263157894736841,0.16666666666666674,8.148903884,0.8464227318763733,6,92.12167358398438
71.60000000000001,1.1562895444204675,2.1149189602720924,0.09263157894736841,0.16666666666666674,8.148903884,0.8464227318763733,6,92.12167358398438
71.60000000000001,1.1562895444204675,2.1149189602720924,0.09263157894736841,0.16666666666666674,8.148903884,0.8464227318763733,6,92.12167358398438
71.60000000000001,1.1530564077831813,2.114091388080853,0.09263157894736841,0.16666666666666674,8.197651564,0.8464227318763733,6,92.12167358398438
71.60000000000001,1.1530564077831813,2.114091388080853,0.09263157894736841,0.16666666666666674,8.197651564,0.8464227318763733,6,92.12167358398438
71.60000000000001,1.1530564077831813,2.114091388080853,0.09263157894736841,0.16666666666666674,8.197651564,0.8464227318763733,6,92.12167358398438
71.60000000000001,1.1530564077831813,2.114091388080853,0.09263157894736841,0.16666666666666674,8.197651564,0.8464227318763733,6,92.12167358398438
71.60000000000001,1.1500169006897873,2.1132966743896358,0.09263157894736841,0.16666666666666674,8.302100331,0.8464227318763733,6,92.12167358398438
71.60000000000001,1.1500169006897873,2.1132966743896358,0.09263157894736841,0.16666666666666674,8.302100331,0.8464227318763733,6,92.12167358398438
71.60000000000001,1.1500169006897873,2.1132966743896358,0.10999999999999999,0.08974358974358984,8.302100331,0.8464227318763733,6,92.12167358398438
71.7,1.1469838770286733,2.112486143354505,0.10999999999999999,0.08974358974358984,8.056889798,0.821422815322876,6,92.12167358398438
71.7,1.1469838770286733,2.112486143354505,0.10999999999999999,0.08974358974358984,8.159428239,0.821422815322876,6,92.12167358398438
71.7,1.1469838770286733,2.112486143354505,0.10999999999999999,0.08974358974358984,8.159428239,0.821422815322876,6,92.12167358398438
71.7,1.1469838770286733,2.112486143354505,0.10999999999999999,0.08974358974358984,8.159428239,0.821422815322876,6,92.12167358398438
71.7,1.1469838770286733,2.112486143354505,0.10999999999999999,0.08974358974358984,8.159428239,0.821422815322876,6,92.12167358398438
71.7,1.1430068610302428,2.1113992326944535,0.10999999999999999,0.08974358974358984,8.100535765,0.821422815322876,6,92.12167358398438
71.7,1.1430068610302428,2.1113992326944535,0.10999999999999999,0.08974358974358984,8.100535765,0.821422815322876,6,92.12167358398438
71.7,1.1430068610302428,2.1113992326944535,0.10999999999999999,0.08974358974358984,8.100535765,0.821422815322876,6,92.12167358398438
71.7,1.1430068610302428,2.1113992326944535,0.10999999999999999,0.08974358974358984,8.100535765,0.821422815322876,6,92.12167358398438
71.7,1.1430068610302428,2.1113992326944535,0.10999999999999999,0.08974358974358984,8.100535765,0.821422815322876,6,92.12167358398438
71.7,1.139406900422855,2.110403333028295,0.10999999999999999,0.08974358974358984,8.045910794,0.821422815322876,6,92.12167358398438
71.7,1.139406900422855,2.110403333028295,0.10999999999999999,0.08974358974358984,8.045910794,0.821422815322876,6,92.12167358398438
71.7,1.139406900422855,2.110403333028295,0.10999999999999999,0.08974358974358984,8.045910794,0.821422815322876,6,92.12167358398438
71.80000000000001,1.1358099376691317,2.1094011660544734,0.10999999999999999,0.08974358974358984,7.997570037,0.821422815322876,6,92.12167358398438
71.80000000000001,1.1358099376691317,2.1094011660544734,0.10999999999999999,0.06410256410256421,7.997570037,0.821422815322876,6,92.12167358398438
71.80000000000001,1.1358099376691317,2.1094011660544734,0.10999999999999999,0.06410256410256421,7.997570037,0.821422815322876,6,92.12167358398438
71.80000000000001,1.1358099376691317,2.1094011660544734,0.10999999999999999,0.06410256410256421,7.997570037,0.821422815322876,6,92.12167358398438
71.80000000000001,1.1322192354912166,2.108388398398102,0.10999999999999999,0.06410256410256421,7.949912711,0.821422815322876,6,92.12167358398438
71.80000000000001,1.1322192354912166,2.108388398398102,0.10999999999999999,0.06410256410256421,7.949912711,0.821422815322876,6,92.12167358398438
71.80000000000001,1.1322192354912166,2.108388398398102,0.10421052631578946,0.06410256410256421,7.949912711,0.821422815322876,6,92.12167358398438
71.80000000000001,1.1286300026791916,2.107362339517841,0.10421052631578946,0.06410256410256421,7.850103317,0.821422815322876,6,92.12167358398438
71.80000000000001,1.1286300026791916,2.107362339517841,0.10421052631578946,0.06410256410256421,7.850103317,0.821422815322876,6,92.12167358398438
71.80000000000001,1.1286300026791916,2.107362339517841,0.10421052631578946,0.06410256410256421,7.850103317,0.821422815322876,6,92.12167358398438
71.9,1.1252281834416626,2.10638285411642,0.10421052631578946,0.06410256410256421,7.801309482,0.821422815322876,6,92.12167358398438
71.9,1.1252281834416626,2.10638285411642,0.10421052631578946,0.06410256410256421,7.801309482,0.821422815322876,6,92.12167358398438
71.9,1.1252281834416626,2.10638285411642,0.10421052631578946,0.06410256410256421,7.801309482,0.821422815322876,6,92.12167358398438
71.9,1.1252281834416626,2.10638285411642,0.10421052631578946,0.06410256410256421,7.801309482,0.821422815322876,6,92.12167358398438
71.9,1.1218290305936383,2.1053987011436694,0.10421052631578946,0.06410256410256421,7.51814396,0.7964227199554443,6,92.12167358398438
71.9,1.1218290305936383,2.1053987011436694,0.10421052631578946,0.06410256410256421,7.51814396,0.7964227199554443,6,92.12167358398438
71.9,1.1218290305936383,2.1053987011436694,0.09842105263157894,0.06410256410256421,7.51814396,0.7964227199554443,6,92.12167358398438
71.9,1.1184329734853695,2.104406232976397,0.09842105263157894,0.06410256410256421,7.51814396,0.7964227199554443,6,92.12167358398438
71.9,1.1184329734853695,2.104406232976397,0.09842105263157894,0.06410256410256421,7.426334022,0.7964227199554443,6,92.12167358398438
71.9,1.1184329734853695,2.104406232976397,0.09842105263157894,0.06410256410256421,7.426334022,0.7964227199554443,6,92.12167358398438
71.9,1.1184329734853695,2.104406232976397,0.09842105263157894,0.06410256410256421,7.426334022,0.7964227199554443,6,92.12167358398438
72.0,1.115226091892951,2.1034604989435026,0.09842105263157894,0.06410256410256421,7.3827928400000005,0.7964227199554443,6,92.07218170166016
72.0,1.115226091892951,2.1034604989435026,0.09842105263157894,0.06410256410256421,7.3827928400000005,0.7964227199554443,6,92.07218170166016
72.0,1.115226091892951,2.1034604989435026,0.09842105263157894,0.06410256410256421,7.3827928400000005,0.7964227199554443,6,92.07218170166016
72.0,1.115226091892951,2.1034604989435026,0.09842105263157894,0.06410256410256421,7.3827928400000005,0.7964227199554443,6,92.07218170166016
72.0,1.1120204597302128,2.102508475072061,0.09842105263157894,0.06410256410256421,7.561244571,0.7964227199554443,6,92.07218170166016
72.0,1.1120204597302128,2.102508475072061,0.09263157894736841,0.038461538461538575,7.561244571,0.7964227199554443,6,92.07218170166016
72.0,1.1120204597302128,2.102508475072061,0.09263157894736841,0.038461538461538575,7.561244571,0.7964227199554443,6,92.07218170166016
72.0,1.1120204597302128,2.102508475072061,0.09263157894736841,0.038461538461538575,7.561244571,0.7964227199554443,6,92.07218170166016
72.0,1.108817310629806,2.1015499255296266,0.09263157894736841,0.038461538461538575,7.653440691,0.7964227199554443,6,92.07218170166016
72.0,1.108817310629806,2.1015499255296266,0.09263157894736841,0.038461538461538575,7.653440691,0.7964227199554443,6,92.07218170166016
72.10000000000001,1.108817310629806,2.1015499255296266,0.09263157894736841,0.038461538461538575,7.653440691,0.7964227199554443,6,92.07218170166016
72.10000000000001,1.1058036573213035,2.1006408466413924,0.09263157894736841,0.038461538461538575,7.791544301,0.7964227199554443,6,92.07218170166016
72.10000000000001,1.1058036573213035,2.1006408466413924,0.09263157894736841,0.038461538461538575,7.791544301,0.7964227199554443,6,92.07218170166016
72.10000000000001,1.1058036573213035,2.1006408466413924,0.09263157894736841,0.038461538461538575,7.791544301,0.7964227199554443,6,92.07218170166016
72.10000000000001,1.102789414006442,2.0997275292639452,0.08684210526315789,0.038461538461538575,7.937921253,0.7964227199554443,6,92.07218170166016
72.10000000000001,1.102789414006442,2.0997275292639452,0.08684210526315789,0.038461538461538575,7.937921253,0.7964227199554443,6,92.07218170166016
72.10000000000001,1.102789414006442,2.0997275292639452,0.08684210526315789,0.038461538461538575,7.937921253,0.7964227199554443,6,92.07218170166016
72.10000000000001,1.102789414006442,2.0997275292639452,0.08684210526315789,0.038461538461538575,7.937921253,0.7964227199554443,6,92.07218170166016
72.10000000000001,1.0997771529482931,2.0988118989175812,0.08684210526315789,0.038461538461538575,9.368053758,0.9221776723861694,6,92.07218170166016
72.10000000000001,1.0997771529482931,2.0988118989175812,0.08684210526315789,0.038461538461538575,9.368053758,0.9221776723861694,6,92.07218170166016
72.2,1.0997771529482931,2.0988118989175812,0.08684210526315789,0.038461538461538575,9.368053758,0.9221776723861694,6,92.07218170166016
72.2,1.0997771529482931,2.0988118989175812,0.08684210526315789,0.038461538461538575,9.368053758,0.9221776723861694,6,92.07218170166016
72.2,1.0969555032219185,2.0979497660266,0.08684210526315789,0.038461538461538575,9.556012644,0.9221776723861694,6,92.07218170166016
72.2,1.0969555032219185,2.0979497660266,0.08684210526315789,0.038461538461538575,9.556012644,0.9221776723861694,6,92.07218170166016
72.2,1.0969555032219185,2.0979497660266,0.08684210526315789,0.038461538461538575,9.556012644,0.9221776723861694,6,92.07218170166016
72.2,1.0941351777772206,2.097083392161993,0.08684210526315789,0.038461538461538575,9.744927967,0.9221776723861694,6,92.07218170166016
72.2,1.0941351777772206,2.097083392161993,0.08684210526315789,0.038461538461538575,9.744927967,0.9221776723861694,6,92.07218170166016
72.2,1.0941351777772206,2.097083392161993,0.08684210526315789,0.038461538461538575,9.744927967,0.9221776723861694,6,92.07218170166016
72.2,1.0941351777772206,2.097083392161993,0.08684210526315789,0.038461538461538575,9.744927967,0.9221776723861694,6,92.07218170166016
72.2,1.0913163707674307,2.09621374853293,0.08684210526315789,0.038461538461538575,9.744927967,0.9221776723861694,6,92.07218170166016
72.2,1.0913163707674307,2.09621374853293,0.10999999999999999,-0.03846153846153835,9.947765232,0.9221776723861694,6,92.07218170166016
72.2,1.0913163707674307,2.09621374853293,0.10999999999999999,-0.03846153846153835,9.947765232,0.9221776723861694,6,92.07218170166016
72.2,1.0913163707674307,2.09621374853293,0.10999999999999999,-0.03846153846153835,9.947765232,0.9221776723861694,6,92.07218170166016
72.2,1.0913163707674307,2.09621374853293,0.10999999999999999,-0.03846153846153835,9.947765232,0.9221776723861694,6,92.07218170166016
72.30000000000001,1.0913163707674307,2.09621374853293,0.10999999999999999,-0.03846153846153835,9.947765232,0.9221776723861694,6,92.07218170166016
72.30000000000001,1.0913163707674307,2.09621374853293,0.10421052631578946,-0.038461538461538346,9.947765232,0.9221776723861694,6,92.07218170166016
72.30000000000001,1.0869972748493923,2.0948764118474426,0.10421052631578946,-0.038461538461538346,9.557149491,0.9221776723861694,6,92.07218170166016
72.30000000000001,1.0869972748493923,2.0948764118474426,0.10421052631578946,-0.038461538461538346,9.557149491,0.9221776723861694,6,92.07218170166016
72.30000000000001,1.0869972748493923,2.0948764118474426,0.10421052631578946,-0.038461538461538346,9.557149491,0.9221776723861694,6,92.07218170166016
72.30000000000001,1.083612322537086,2.0938275830662425,0.10421052631578946,-0.038461538461538346,9.495747786,0.9221776723861694,6,92.07218170166016
72.30000000000001,1.083612322537086,2.0938275830662425,0.10421052631578946,-0.038461538461538346,9.495747786,0.9221776723861694,6,92.07218170166016
72.30000000000001,1.083612322537086,2.0938275830662425,0.10421052631578946,-0.038461538461538346,9.495747786,0.9221776723861694,6,92.07218170166016
72.30000000000001,1.083612322537086,2.0938275830662425,0.10421052631578946,-0.038461538461538346,9.495747786,0.9221776723861694,6,92.07218170166016
72.30000000000001,1.0802236696072214,2.092784740058655,0.10421052631578946,-0.038461538461538346,9.434450039,0.9221776723861694,6,92.07218170166016
72.4,1.0802236696072214,2.092784740058655,0.10421052631578946,-0.038461538461538346,9.434450039,0.9221776723861694,6,92.07218170166016
72.4,1.0802236696072214,2.092784740058655,0.10421052631578946,-0.038461538461538346,9.434450039,0.9221776723861694,6,92.07218170166016
72.4,1.0802236696072214,2.092784740058655,0.10421052631578946,-0.038461538461538346,9.434450039,0.9221776723861694,6,92.07218170166016
72.4,1.0768344874459497,2.0917487383554025,0.10421052631578946,-0.038461538461538346,9.315710273,0.9221776723861694,6,92.07218170166016
72.4,1.0768344874459497,2.0917487383554025,0.10421052631578946,-0.038461538461538346,9.315710273,0.9221776723861694,6,92.07218170166016
72.4,1.0768344874459497,2.0917487383554025,0.10421052631578946,-0.038461538461538346,9.315710273,0.9221776723861694,6,92.07218170166016
72.4,1.0768344874459497,2.0917487383554025,0.09842105263157894,-0.038461538461538346,9.315710273,0.9221776723861694,6,92.07218170166016
72.4,1.0734447519772359,2.0907158382341207,0.09842105263157894,-0.038461538461538346,9.195989116,0.9221776723861694,6,92.07218170166016
72.4,1.0734447519772359,2.0907158382341207,0.09842105263157894,-0.038461538461538346,9.195989116,0.9221776723861694,6,92.07218170166016
72.4,1.0734447519772359,2.0907158382341207,0.09842105263157894,-0.038461538461538346,9.195989116,0.9221776723861694,6,92.07218170166016
72.4,1.0734447519772359,2.0907158382341207,0.09842105263157894,-0.038461538461538346,9.195989116,0.9221776723861694,6,92.07218170166016
72.4,1.0702396869460107,2.08974300734884,0.10999999999999999,0.12153846153846165,9.137344997,0.9221776723861694,6,92.07218170166016
72.5,1.0702396869460107,2.08974300734884,0.10999999999999999,0.12153846153846165,9.137344997,0.9221776723861694,6,92.02180480957031
72.5,1.0702396869460107,2.08974300734884,0.10999999999999999,0.12153846153846165,9.137344997,0.9221776723861694,6,92.02180480957031
72.5,1.0670324209567017,2.088775057820717,0.10999999999999999,0.12153846153846165,8.564882353,0.8757117986679077,6,92.02180480957031
72.5,1.0670324209567017,2.088775057820717,0.10999999999999999,0.12153846153846165,8.564882353,0.8757117986679077,6,92.02180480957031
72.5,1.0670324209567017,2.088775057820717,0.10999999999999999,0.12153846153846165,8.564882353,0.8757117986679077,6,92.02180480957031
72.5,1.0670324209567017,2.088775057820717,0.10999999999999999,0.16666666666666674,8.564882353,0.8757117986679077,6,92.02180480957031
72.5,1.0632660568102095,2.0876398890393233,0.10999999999999999,0.16666666666666674,8.314318762,0.8757117986679077,6,92.02180480957031
72.5,1.0632660568102095,2.0876398890393233,0.10999999999999999,0.16666666666666674,8.314318762,0.8757117986679077,6,92.02180480957031
72.5,1.0632660568102095,2.0876398890393233,0.10999999999999999,0.16666666666666674,8.314318762,0.8757117986679077,6,92.02180480957031
72.5,1.0597030384185255,2.0865468647845438,0.10421052631578946,0.16666666666666674,8.120788937,0.8757117986679077,6,92.02180480957031
72.5,1.0597030384185255,2.0865468647845438,0.10421052631578946,0.16666666666666674,8.120788937,0.8757117986679077,6,92.02180480957031
72.60000000000001,1.0597030384185255,2.0865468647845438,0.10421052631578946,0.16666666666666674,8.120788937,0.8757117986679077,6,92.02180480957031
72.60000000000001,1.0561484792321028,2.0854247430199555,0.10421052631578946,0.16666666666666674,8.120788937,0.8757117986679077,6,92.02180480957031
72.60000000000001,1.0561484792321028,2.0854247430199555,0.10421052631578946,0.16666666666666674,8.316530209,0.8757117986679077,6,92.02180480957031
72.60000000000001,1.0561484792321028,2.0854247430199555,0.10421052631578946,0.16666666666666674,8.316530209,0.8757117986679077,6,92.02180480957031
72.60000000000001,1.0561484792321028,2.0854247430199555,0.10421052631578946,0.16666666666666674,8.316530209,0.8757117986679077,6,92.02180480957031
72.60000000000001,1.0561484792321028,2.0854247430199555,0.10421052631578946,0.16666666666666674,8.316530209,0.8757117986679077,6,92.02180480957031
72.60000000000001,1.0527813818984044,2.0843411229599917,0.10421052631578946,0.16666666666666674,8.317618005,0.8757117986679077,6,92.02180480957031
72.60000000000001,1.0527813818984044,2.0843411229599917,0.10421052631578946,0.16666666666666674,8.317618005,0.8757117986679077,6,92.02180480957031
72.60000000000001,1.0527813818984044,2.0843411229599917,0.10421052631578946,0.16666666666666674,8.317618005,0.8757117986679077,6,92.02180480957031
72.60000000000001,1.0527813818984044,2.0843411229599917,0.10421052631578946,0.16666666666666674,8.317618005,0.8757117986679077,6,92.02180480957031
72.60000000000001,1.0527813818984044,2.0843411229599917,0.10421052631578946,0.16666666666666674,8.317618005,0.8757117986679077,6,92.02180480957031
72.60000000000001,1.049421102199343,2.083243350069841,0.10421052631578946,0.16666666666666674,8.319532308,0.8757117986679077,6,92.02180480957031
72.60000000000001,1.049421102199343,2.083243350069841,0.10421052631578946,0.16666666666666674,8.319532308,0.8757117986679077,6,92.02180480957031
72.7,1.049421102199343,2.083243350069841,0.09842105263157894,0.1410256410256411,8.319532308,0.8757117986679077,6,92.02180480957031
72.7,1.049421102199343,2.083243350069841,0.09842105263157894,0.1410256410256411,8.319532308,0.8757117986679077,6,92.02180480957031
72.7,1.0460704751487646,2.0821263791546385,0.09842105263157894,0.1410256410256411,8.321729157,0.8757117986679077,6,92.02180480957031
72.7,1.0460704751487646,2.0821263791546385,0.09842105263157894,0.1410256410256411,8.321729157,0.8757117986679077,6,92.02180480957031
72.7,1.0460704751487646,2.0821263791546385,0.09842105263157894,0.1410256410256411,8.321729157,0.8757117986679077,6,92.02180480957031
72.7,1.0429106230669327,2.0810512974362125,0.09842105263157894,0.1410256410256411,8.372250945,0.8757117986679077,6,92.02180480957031
72.7,1.0429106230669327,2.0810512974362125,0.09842105263157894,0.1410256410256411,8.372250945,0.8757117986679077,6,92.02180480957031
72.7,1.0429106230669327,2.0810512974362125,0.09842105263157894,0.1410256410256411,8.372250945,0.8757117986679077,6,92.02180480957031
72.7,1.0429106230669327,2.0810512974362125,0.09842105263157894,0.1410256410256411,8.372250945,0.8757117986679077,6,92.02180480957031
72.7,1.0387024560216416,2.079065903601282,0.09842105263157894,0.1410256410256411,8.376322491,0.8757117986679077,6,92.02180480957031
72.80000000000001,1.0387024560216416,2.079065903601282,0.09842105263157894,0.1410256410256411,8.376322491,0.8757117986679077,6,92.02180480957031
72.80000000000001,1.0387024560216416,2.079065903601282,0.10999999999999999,0.08974358974358984,8.376322491,0.8757117986679077,6,92.02180480957031
72.80000000000001,1.034126383001762,2.076736127651726,0.10999999999999999,0.08974358974358984,8.376322491,0.8757117986679077,6,92.02180480957031
72.80000000000001,1.034126383001762,2.076736127651726,0.10999999999999999,0.08974358974358984,8.139712534,0.8507118225097656,6,92.02180480957031
72.80000000000001,1.034126383001762,2.076736127651726,0.10999999999999999,0.08974358974358984,8.139712534,0.8507118225097656,6,92.02180480957031
72.80000000000001,1.034126383001762,2.076736127651726,0.10999999999999999,0.038461538461538575,8.139712534,0.8507118225097656,6,92.02180480957031
72.80000000000001,1.034126383001762,2.076736127651726,0.10999999999999999,0.038461538461538575,8.139712534,0.8507118225097656,6,92.02180480957031
72.80000000000001,1.0288221804046187,2.0741140425953977,0.10999999999999999,0.038461538461538575,8.090471995,0.8507118225097656,6,92.02180480957031
72.80000000000001,1.0288221804046187,2.0741140425953977,0.10999999999999999,0.038461538461538575,8.090471995,0.8507118225097656,6,92.02180480957031
72.80000000000001,1.0288221804046187,2.0741140425953977,0.10999999999999999,0.038461538461538575,8.090471995,0.8507118225097656,6,92.02180480957031
72.80000000000001,1.0288221804046187,2.0741140425953977,0.10999999999999999,0.038461538461538575,8.090471995,0.8507118225097656,6,92.02180480957031
72.80000000000001,1.023892422921034,2.07159717155422,0.10999999999999999,0.038461538461538575,8.090471995,0.8507118225097656,6,92.02180480957031
72.9,1.023892422921034,2.07159717155422,0.10999999999999999,0.038461538461538575,8.084677011,0.8507118225097656,6,92.02180480957031
72.9,1.023892422921034,2.07159717155422,0.10999999999999999,0.038461538461538575,8.084677011,0.8507118225097656,6,92.02180480957031
72.9,1.023892422921034,2.07159717155422,0.10999999999999999,0.038461538461538575,8.084677011,0.8507118225097656,6,92.02180480957031
72.9,1.0189641376275635,2.069064892614608,0.10999999999999999,0.038461538461538575,8.082648144,0.8507118225097656,6,92.02180480957031
72.9,1.0189641376275635,2.069064892614608,0.10999999999999999,0.012820512820512935,8.082648144,0.8507118225097656,6,92.02180480957031
72.9,1.0189641376275635,2.069064892614608,0.10999999999999999,0.012820512820512935,8.082648144,0.8507118225097656,6,92.02180480957031
72.9,1.0140440152676686,2.0665215599607807,0.10999999999999999,0.012820512820512935,8.034231428,0.8507118225097656,6,92.02180480957031
72.9,1.0140440152676686,2.0665215599607807,0.10999999999999999,0.012820512820512935,8.034231428,0.8507118225097656,6,92.02180480957031
72.9,1.0140440152676686,2.0665215599607807,0.10999999999999999,0.012820512820512935,8.034231428,0.8507118225097656,6,92.02180480957031
72.9,1.0103762163093564,2.0650735776934783,0.10999999999999999,0.012820512820512935,8.034231428,0.8507118225097656,6,92.02180480957031
73.0,1.0103762163093564,2.0650735776934783,0.10999999999999999,0.012820512820512935,7.750095381,0.8257117867469788,6,92.02180480957031
73.0,1.0103762163093564,2.0650735776934783,0.10999999999999999,0.012820512820512935,7.750095381,0.8257117867469788,6,91.95706176757812
73.0,1.0103762163093564,2.0650735776934783,0.10999999999999999,0.012820512820512935,7.750095381,0.8257117867469788,6,91.95706176757812
73.0,1.0103762163093564,2.0650735776934783,0.10999999999999999,0.012820512820512935,7.750095381,0.8257117867469788,6,91.95706176757812
73.0,1.00687160427386,2.0637688784024593,0.10999999999999999,0.012820512820512935,7.7013671640000005,0.8257117867469788,6,91.95706176757812
73.0,1.00687160427386,2.0637688784024593,0.10999999999999999,0.012820512820512935,7.7013671640000005,0.8257117867469788,6,91.95706176757812
73.0,1.00687160427386,2.0637688784024593,0.10999999999999999,0.012820512820512935,7.7013671640000005,0.8257117867469788,6,91.95706176757812
73.0,1.0033659562643482,2.0624653838053026,0.10999999999999999,0.012820512820512935,7.7013671640000005,0.8257117867469788,6,91.95706176757812
73.0,1.0033659562643482,2.0624653838053026,0.09842105263157894,0.038461538461538575,7.61118289,0.8257117867469788,6,91.95706176757812
73.0,1.0033659562643482,2.0624653838053026,0.09842105263157894,0.038461538461538575,7.454266165,0.8086884021759033,6,91.95706176757812
73.0,1.0033659562643482,2.0624653838053026,0.09842105263157894,0.038461538461538575,7.454266165,0.8086884021759033,6,91.95706176757812
73.0,1.0033659562643482,2.0624653838053026,0.09842105263157894,0.038461538461538575,7.454266165,0.8086884021759033,6,91.95706176757812
73.0,0.9998623083850002,2.061161044185959,0.09842105263157894,0.038461538461538575,7.365878082,0.8086884021759033,6,91.95706176757812
73.10000000000001,0.9998623083850002,2.061161044185959,0.09263157894736841,0.038461538461538575,7.365878082,0.8086884021759033,6,91.95706176757812
73.10000000000001,0.9998623083850002,2.061161044185959,0.09263157894736841,0.038461538461538575,7.365878082,0.8086884021759033,6,91.95706176757812
73.10000000000001,0.9998623083850002,2.061161044185959,0.09263157894736841,0.038461538461538575,7.365878082,0.8086884021759033,6,91.95706176757812
73.10000000000001,0.9967281834369845,2.0599900424293422,0.09263157894736841,0.038461538461538575,7.363017966,0.8086884021759033,6,91.95706176757812
73.10000000000001,0.9967281834369845,2.0599900424293422,0.09263157894736841,0.038461538461538575,7.363017966,0.8086884021759033,6,91.95706176757812
73.10000000000001,0.9967281834369845,2.0599900424293422,0.09263157894736841,0.038461538461538575,7.363017966,0.8086884021759033,6,91.95706176757812
73.10000000000001,0.9937817100928241,2.0588826354384633,0.09263157894736841,0.038461538461538575,7.363017966,0.8086884021759033,6,91.95706176757812
73.10000000000001,0.9937817100928241,2.0588826354384633,0.09263157894736841,0.038461538461538575,7.579088735,0.8086884021759033,6,91.95706176757812
73.10000000000001,0.9937817100928241,2.0588826354384633,0.09263157894736841,0.038461538461538575,7.579088735,0.8086884021759033,6,91.95706176757812
73.10000000000001,0.9937817100928241,2.0588826354384633,0.09263157894736841,0.038461538461538575,7.579088735,0.8086884021759033,6,91.95706176757812
73.2,0.9908356178990907,2.057769551501612,0.10421052631578946,0.19846153846153858,7.715026217,0.8086884021759033,6,91.95706176757812
73.2,0.9908356178990907,2.057769551501612,0.10421052631578946,0.19846153846153858,7.715026217,0.8086884021759033,6,91.95706176757812
73.2,0.9908356178990907,2.057769551501612,0.10421052631578946,0.19846153846153858,7.715026217,0.8086884021759033,6,91.95706176757812
73.2,0.9908356178990907,2.057769551501612,0.10421052631578946,0.19846153846153858,7.715026217,0.8086884021759033,6,91.95706176757812
73.2,0.9878901184079611,2.056653778203581,0.10421052631578946,0.19846153846153858,7.858729063,0.8086884021759033,6,91.95706176757812
73.2,0.9878901184079611,2.056653778203581,0.10421052631578946,0.217948717948718,7.858729063,0.8086884021759033,6,91.95706176757812
73.2,0.9878901184079611,2.056653778203581,0.10421052631578946,0.217948717948718,7.858729063,0.8086884021759033,6,91.95706176757812
73.2,0.9878901184079611,2.056653778203581,0.10421052631578946,0.217948717948718,7.858729063,0.8086884021759033,6,91.95706176757812
73.2,0.9844039437866465,2.0553241507200233,0.10421052631578946,0.217948717948718,7.864138138,0.8086884021759033,6,91.95706176757812
73.2,0.9844039437866465,2.0553241507200233,0.10421052631578946,0.217948717948718,7.864138138,0.8086884021759033,6,91.95706176757812
73.2,0.9844039437866465,2.0553241507200233,0.09842105263157894,0.19230769230769237,7.864138138,0.8086884021759033,6,91.95706176757812
73.30000000000001,0.9811225392995728,2.054041389026505,0.09842105263157894,0.19230769230769237,7.917222764,0.8086884021759033,6,91.95706176757812
73.30000000000001,0.9811225392995728,2.054041389026505,0.09842105263157894,0.19230769230769237,7.917222764,0.8086884021759033,6,91.95706176757812
73.30000000000001,0.9811225392995728,2.054041389026505,0.09842105263157894,0.19230769230769237,7.917222764,0.8086884021759033,6,91.95706176757812
73.30000000000001,0.9811225392995728,2.054041389026505,0.09842105263157894,0.19230769230769237,7.917222764,0.8086884021759033,6,91.95706176757812
73.30000000000001,0.9780311204785046,2.052798122580567,0.09842105263157894,0.19230769230769237,8.018424509,0.8086884021759033,6,91.95706176757812
73.30000000000001,0.9780311204785046,2.052798122580567,0.09842105263157894,0.19230769230769237,8.018424509,0.8086884021759033,6,91.95706176757812
73.30000000000001,0.9780311204785046,2.052798122580567,0.09842105263157894,0.19230769230769237,8.018424509,0.8086884021759033,6,91.95706176757812
73.30000000000001,0.9749412083363063,2.0515358680708005,0.09842105263157894,0.19230769230769237,8.123691395,0.8086884021759033,6,91.95706176757812
73.30000000000001,0.9749412083363063,2.0515358680708005,0.09842105263157894,0.19230769230769237,8.123691395,0.8086884021759033,6,91.95706176757812
73.30000000000001,0.9749412083363063,2.0515358680708005,0.09842105263157894,0.19230769230769237,8.123691395,0.8086884021759033,6,91.95706176757812
73.4,0.9749412083363063,2.0515358680708005,0.10999999999999999,0.19230769230769237,8.123691395,0.8086884021759033,6,91.95706176757812
73.4,0.9718622228607097,2.050259802927302,0.10999999999999999,0.19230769230769237,7.896474315,0.7757120132446289,6,91.95706176757812
73.4,0.9718622228607097,2.050259802927302,0.10999999999999999,0.19230769230769237,7.896474315,0.7757120132446289,6,91.95706176757812
73.4,0.9718622228607097,2.050259802927302,0.10999999999999999,0.19230769230769237,7.896474315,0.7757120132446289,6,91.95706176757812
73.4,0.9680733889501003,2.048655001058503,0.10999999999999999,0.19230769230769237,7.701595501,0.7757120132446289,6,91.95706176757812
73.4,0.9680733889501003,2.048655001058503,0.10999999999999999,0.19230769230769237,7.701595501,0.7757120132446289,6,91.95706176757812
73.4,0.9680733889501003,2.048655001058503,0.10999999999999999,0.19230769230769237,7.701595501,0.7757120132446289,6,91.95706176757812
73.4,0.9680733889501003,2.048655001058503,0.10999999999999999,0.19230769230769237,7.701595501,0.7757120132446289,6,91.95706176757812
73.4,0.9646549820197943,2.047174630082354,0.10999999999999999,0.19230769230769237,7.558394413,0.7757120132446289,6,91.95706176757812
73.4,0.9646549820197943,2.047174630082354,0.10421052631578946,0.16666666666666674,7.558394413,0.7757120132446289,6,91.95706176757812
73.4,0.9646549820197943,2.047174630082354,0.10421052631578946,0.16666666666666674,7.558394413,0.7757120132446289,6,91.95706176757812
73.5,0.9646549820197943,2.047174630082354,0.10421052631578946,0.16666666666666674,7.558394413,0.7757120132446289,6,91.95706176757812
73.5,0.9612432744718855,2.0456719772901963,0.10421052631578946,0.16666666666666674,7.425106713,0.7757120132446289,6,91.907958984375
73.5,0.9612432744718855,2.0456719772901963,0.10421052631578946,0.16666666666666674,7.425106713,0.7757120132446289,6,91.907958984375
73.5,0.9612432744718855,2.0456719772901963,0.10421052631578946,0.16666666666666674,7.425106713,0.7757120132446289,6,91.907958984375
73.5,0.9580194588797712,2.044230241723927,0.10421052631578946,0.16666666666666674,7.336388323,0.7757120132446289,6,91.907958984375
73.5,0.9580194588797712,2.044230241723927,0.10421052631578946,0.16666666666666674,7.336388323,0.7757120132446289,6,91.907958984375
73.5,0.9580194588797712,2.044230241723927,0.10421052631578946,0.16666666666666674,7.336388323,0.7757120132446289,6,91.907958984375
73.5,0.9580194588797712,2.044230241723927,0.10421052631578946,0.16666666666666674,7.336388323,0.7757120132446289,6,91.907958984375
73.5,0.9548037585107811,2.042769049125223,0.10421052631578946,0.16666666666666674,7.376224464,0.7757120132446289,6,91.907958984375
73.5,0.9548037585107811,2.042769049125223,0.09842105263157894,0.1410256410256411,7.376224464,0.7757120132446289,6,91.907958984375
73.5,0.9548037585107811,2.042769049125223,0.09842105263157894,0.1410256410256411,7.376224464,0.7757120132446289,6,91.907958984375
73.5,0.9548037585107811,2.042769049125223,0.09842105263157894,0.1410256410256411,7.376224464,0.7757120132446289,6,91.907958984375
73.60000000000001,0.9515951259997444,2.041289293448535,0.09842105263157894,0.1410256410256411,7.376224464,0.7757120132446289,6,91.907958984375
73.60000000000001,0.9515951259997444,2.041289293448535,0.09842105263157894,0.1410256410256411,7.373949651,0.7757120132446289,6,91.907958984375
73.60000000000001,0.9515951259997444,2.041289293448535,0.09842105263157894,0.1410256410256411,7.373949651,0.7757120132446289,6,91.907958984375
73.60000000000001,0.9515951259997444,2.041289293448535,0.09842105263157894,0.1410256410256411,7.373949651,0.7757120132446289,6,91.907958984375
73.60000000000001,0.9485713143976784,2.0398751485580835,0.09842105263157894,0.1410256410256411,7.373634303,0.7757120132446289,6,91.907958984375
73.60000000000001,0.9485713143976784,2.0398751485580835,0.09842105263157894,0.1410256410256411,7.373634303,0.7757120132446289,6,91.907958984375
73.60000000000001,0.9485713143976784,2.0398751485580835,0.09263157894736841,0.11538461538461547,7.373634303,0.7757120132446289,6,91.907958984375
73.60000000000001,0.9485713143976784,2.0398751485580835,0.09263157894736841,0.11538461538461547,7.373634303,0.7757120132446289,6,91.907958984375
73.60000000000001,0.9455529466456052,2.038445980128157,0.09263157894736841,0.11538461538461547,7.134041299,0.7507119178771973,6,91.907958984375
73.60000000000001,0.9455529466456052,2.038445980128157,0.09263157894736841,0.11538461538461547,7.134041299,0.7507119178771973,6,91.907958984375
73.7,0.9455529466456052,2.038445980128157,0.09263157894736841,0.11538461538461547,7.134041299,0.7507119178771973,6,91.907958984375
73.7,0.942717403151681,2.037088250911364,0.09263157894736841,0.11538461538461547,7.177193286,0.7507119178771973,6,91.907958984375
73.7,0.942717403151681,2.037088250911364,0.09263157894736841,0.11538461538461547,7.177193286,0.7507119178771973,6,91.907958984375
73.7,0.9398867945793976,2.035719151752246,0.09263157894736841,0.11538461538461547,7.399456013,0.7507119178771973,6,91.907958984375
73.7,0.9398867945793976,2.035719151752246,0.09263157894736841,0.11538461538461547,7.399456013,0.7507119178771973,6,91.907958984375
73.7,0.9398867945793976,2.035719151752246,0.09263157894736841,0.11538461538461547,7.399456013,0.7507119178771973,6,91.907958984375
73.7,0.9398867945793976,2.035719151752246,0.08684210526315789,0.11538461538461547,7.399456013,0.7507119178771973,6,91.907958984375
73.7,0.9398867945793976,2.035719151752246,0.08684210526315789,0.11538461538461547,7.399456013,0.7507119178771973,6,91.907958984375
73.7,0.9370616616500358,2.034339954584342,0.08684210526315789,0.11538461538461547,7.539525065,0.7507119178771973,6,91.907958984375
73.7,0.9370616616500358,2.034339954584342,0.08684210526315789,0.11538461538461547,7.539525065,0.7507119178771973,6,91.907958984375
73.7,0.9370616616500358,2.034339954584342,0.08684210526315789,0.11538461538461547,7.539525065,0.7507119178771973,6,91.907958984375
73.80000000000001,0.9370616616500358,2.034339954584342,0.08684210526315789,0.11538461538461547,7.539525065,0.7507119178771973,6,91.907958984375
73.80000000000001,0.9344194484488948,2.033036923373251,0.08684210526315789,0.11538461538461547,7.73876333,0.7507119178771973,6,91.907958984375
73.80000000000001,0.9344194484488948,2.033036923373251,0.08684210526315789,0.11538461538461547,7.73876333,0.7507119178771973,6,91.907958984375
73.80000000000001,0.9344194484488948,2.033036923373251,0.08684210526315789,0.11538461538461547,7.73876333,0.7507119178771973,6,91.907958984375
73.80000000000001,0.9344194484488948,2.033036923373251,0.08684210526315789,0.11538461538461547,7.73876333,0.7507119178771973,6,91.907958984375
73.80000000000001,0.9317826683603789,2.031723553393774,0.08105263157894736,0.11538461538461547,7.894787946,0.7507119178771973,6,91.907958984375
73.80000000000001,0.9317826683603789,2.031723553393774,0.08105263157894736,0.11538461538461547,7.894787946,0.7507119178771973,6,91.907958984375
73.80000000000001,0.9317826683603789,2.031723553393774,0.08105263157894736,0.11538461538461547,7.894787946,0.7507119178771973,6,91.907958984375
73.80000000000001,0.9317826683603789,2.031723553393774,0.08105263157894736,0.11538461538461547,7.894787946,0.7507119178771973,6,91.907958984375
73.80000000000001,0.9291517640506439,2.0304002623342505,0.08105263157894736,0.11538461538461547,8.054001131,0.7507119178771973,6,91.907958984375
73.80000000000001,0.9291517640506439,2.0304002623342505,0.08105263157894736,0.11538461538461547,8.054001131,0.7507119178771973,6,91.907958984375
73.9,0.9291517640506439,2.0304002623342505,0.08105263157894736,0.11538461538461547,8.054001131,0.7507119178771973,6,91.907958984375
73.9,0.9291517640506439,2.0304002623342505,0.08105263157894736,0.11538461538461547,8.054001131,0.7507119178771973,6,91.907958984375
73.9,0.9267019402756378,2.029156154901009,0.08105263157894736,0.11538461538461547,8.282592097,0.7507119178771973,6,91.907958984375
73.9,0.9267019402756378,2.029156154901009,0.08105263157894736,0.11538461538461547,8.282592097,0.7507119178771973,6,91.907958984375
73.9,0.9267019402756378,2.029156154901009,0.07526315789473684,0.11538461538461547,8.282592097,0.7507119178771973,6,91.907958984375
73.9,0.924257423149291,2.0279026319598485,0.07526315789473684,0.11538461538461547,8.465377037,0.7507119178771973,6,91.907958984375
73.9,0.924257423149291,2.0279026319598485,0.07526315789473684,0.11538461538461547,8.465377037,0.7507119178771973,6,91.907958984375
73.9,0.924257423149291,2.0279026319598485,0.07526315789473684,0.11538461538461547,8.465377037,0.7507119178771973,6,91.907958984375
73.9,0.9219925495331978,2.0267299228222257,0.07526315789473684,0.11538461538461547,8.422955554,0.7257120013237,6,91.907958984375
73.9,0.9219925495331978,2.0267299228222257,0.07526315789473684,0.11538461538461547,8.422955554,0.7257120013237,6,91.907958984375
74.0,0.9219925495331978,2.0267299228222257,0.07526315789473684,0.11538461538461547,8.422955554,0.7257120013237,6,91.907958984375
74.0,0.9219925495331978,2.0267299228222257,0.07526315789473684,0.11538461538461547,8.422955554,0.7257120013237,6,91.907958984375
74.0,0.9197324471847275,2.025548515412604,0.07526315789473684,0.11538461538461547,8.615791364,0.7257120013237,6,91.86064910888672
74.0,0.9197324471847275,2.025548515412604,0.07526315789473684,0.11538461538461547,6.848146038,0.5768224000930786,6,91.86064910888672
74.0,0.9197324471847275,2.025548515412604,0.10999999999999999,0.11538461538461547,6.848146038,0.5768224000930786,6,91.86064910888672
74.0,0.9174771774677564,2.0243582854398543,0.10999999999999999,0.11538461538461547,7.007969902,0.5768224000930786,6,91.86064910888672
74.0,0.9174771774677564,2.0243582854398543,0.10999999999999999,0.11538461538461547,7.007969902,0.5768224000930786,6,91.86064910888672
74.0,0.9174771774677564,2.0243582854398543,0.10999999999999999,0.11538461538461547,7.007969902,0.5768224000930786,6,91.86064910888672
74.0,0.9174771774677564,2.0243582854398543,0.10999999999999999,0.11538461538461547,7.007969902,0.5768224000930786,6,91.86064910888672
74.0,0.9131713824548982,2.0220615107662745,0.10999999999999999,0.11538461538461547,6.563115904,0.5768224000930786,6,91.86064910888672
74.0,0.9131713824548982,2.0220615107662745,0.10999999999999999,0.11538461538461547,6.563115904,0.5768224000930786,6,91.86064910888672
74.10000000000001,0.9131713824548982,2.0220615107662745,0.10999999999999999,0.11538461538461547,6.563115904,0.5768224000930786,6,91.86064910888672
74.10000000000001,0.9098101633219751,2.0202400517951515,0.10999999999999999,0.11538461538461547,6.360098901,0.5768224000930786,6,91.86064910888672
74.10000000000001,0.9098101633219751,2.0202400517951515,0.10999999999999999,0.11538461538461547,6.360098901,0.5768224000930786,6,91.86064910888672
74.10000000000001,0.9098101633219751,2.0202400517951515,0.10999999999999999,0.19230769230769237,6.360098901,0.5768224000930786,6,91.86064910888672
74.10000000000001,0.9098101633219751,2.0202400517951515,0.10999999999999999,0.19230769230769237,6.360098901,0.5768224000930786,6,91.86064910888672
74.10000000000001,0.9065408334572744,2.018443572154546,0.10999999999999999,0.19230769230769237,6.18785761,0.5768224000930786,6,91.86064910888672
74.10000000000001,0.9065408334572744,2.018443572154546,0.10999999999999999,0.19230769230769237,6.18785761,0.5768224000930786,6,91.86064910888672
74.10000000000001,0.9065408334572744,2.018443572154546,0.10999999999999999,0.19230769230769237,6.18785761,0.5768224000930786,6,91.86064910888672
74.10000000000001,0.9032762432990888,2.0166347203456008,0.10999999999999999,0.19230769230769237,6.027828047,0.5768224000930786,6,91.86064910888672
74.10000000000001,0.9032762432990888,2.0166347203456008,0.10999999999999999,0.19230769230769237,6.027828047,0.5768224000930786,6,91.86064910888672
74.2,0.9032762432990888,2.0166347203456008,0.10999999999999999,0.19230769230769237,6.027828047,0.5768224000930786,6,91.86064910888672
74.2,0.9032762432990888,2.0166347203456008,0.10999999999999999,0.19230769230769237,6.027828047,0.5768224000930786,6,91.86064910888672
74.2,0.9000284452115503,2.014810312751212,0.10999999999999999,0.19230769230769237,5.834915358,0.5768224000930786,6,91.86064910888672
74.2,0.9000284452115503,2.014810312751212,0.09842105263157894,0.08974358974358984,5.834915358,0.5768224000930786,6,91.86064910888672
74.2,0.9000284452115503,2.014810312751212,0.09842105263157894,0.08974358974358984,5.834915358,0.5768224000930786,6,91.86064910888672
74.2,0.9000284452115503,2.014810312751212,0.09842105263157894,0.08974358974358984,5.834915358,0.5768224000930786,6,91.86064910888672
74.2,0.8967947596955881,2.0129584893043635,0.09842105263157894,0.08974358974358984,5.407625514,0.551822304725647,6,91.86064910888672
74.2,0.8967947596955881,2.0129584893043635,0.09842105263157894,0.08974358974358984,5.407625514,0.551822304725647,6,91.86064910888672
74.2,0.8967947596955881,2.0129584893043635,0.09842105263157894,0.08974358974358984,5.407625514,0.551822304725647,6,91.86064910888672
74.2,0.8967947596955881,2.0129584893043635,0.09842105263157894,0.08974358974358984,5.407625514,0.551822304725647,6,91.86064910888672
74.2,0.8938165551057025,2.011230836138566,0.09842105263157894,0.08974358974358984,5.25988872,0.551822304725647,6,91.86064910888672
74.30000000000001,0.8938165551057025,2.011230836138566,0.09842105263157894,0.08974358974358984,5.25988872,0.551822304725647,6,91.86064910888672
74.30000000000001,0.8938165551057025,2.011230836138566,0.09842105263157894,0.08974358974358984,5.25988872,0.551822304725647,6,91.86064910888672
74.30000000000001,0.8909196865085609,2.0095474279031094,0.10421052631578946,0.24974358974358984,5.1320487870000004,0.551822304725647,6,91.86064910888672
74.30000000000001,0.8909196865085609,2.0095474279031094,0.10421052631578946,0.24974358974358984,5.1320487870000004,0.551822304725647,6,91.86064910888672
74.30000000000001,0.8909196865085609,2.0095474279031094,0.10421052631578946,0.24974358974358984,5.1320487870000004,0.551822304725647,6,91.86064910888672
74.30000000000001,0.8880315044225422,2.00786362072582,0.10421052631578946,0.24974358974358984,5.014649067,0.551822304725647,6,91.86064910888672
74.30000000000001,0.8880315044225422,2.00786362072582,0.10421052631578946,0.24974358974358984,5.014649067,0.551822304725647,6,91.86064910888672
74.30000000000001,0.8880315044225422,2.00786362072582,0.10421052631578946,0.24974358974358984,5.014649067,0.551822304725647,6,91.86064910888672
74.30000000000001,0.8880315044225422,2.00786362072582,0.10421052631578946,0.29487179487179493,5.014649067,0.551822304725647,6,91.86064910888672
74.30000000000001,0.8849034666726248,2.0060172893429886,0.10421052631578946,0.29487179487179493,5.204767863,0.551822304725647,6,91.86064910888672
74.4,0.8849034666726248,2.0060172893429886,0.10421052631578946,0.29487179487179493,5.204767863,0.551822304725647,6,91.86064910888672
74.4,0.8849034666726248,2.0060172893429886,0.10421052631578946,0.29487179487179493,5.204767863,0.551822304725647,6,91.86064910888672
74.4,0.8818810401835806,2.004199041160255,0.09842105263157894,0.29487179487179493,5.204767863,0.551822304725647,6,91.86064910888672
74.4,0.8818810401835806,2.004199041160255,0.09842105263157894,0.29487179487179493,5.249966144,0.551822304725647,6,91.86064910888672
74.4,0.8818810401835806,2.004199041160255,0.09842105263157894,0.29487179487179493,5.249966144,0.551822304725647,6,91.86064910888672
74.4,0.8818810401835806,2.004199041160255,0.09842105263157894,0.29487179487179493,5.249966144,0.551822304725647,6,91.86064910888672
74.4,0.8790486331409717,2.0024533396204744,0.09842105263157894,0.29487179487179493,5.314815475,0.551822304725647,6,91.86064910888672
74.4,0.8790486331409717,2.0024533396204744,0.09842105263157894,0.29487179487179493,5.314815475,0.551822304725647,6,91.86064910888672
74.4,0.8790486331409717,2.0024533396204744,0.09842105263157894,0.29487179487179493,5.314815475,0.551822304725647,6,91.86064910888672
74.4,0.8790486331409717,2.0024533396204744,0.09842105263157894,0.29487179487179493,5.314815475,0.551822304725647,6,91.86064910888672
74.4,0.8762338396981622,2.0006765326997504,0.09842105263157894,0.29487179487179493,5.136648918,0.5268222689628601,6,91.86064910888672
74.5,0.8762338396981622,2.0006765326997504,0.09842105263157894,0.29487179487179493,5.136648918,0.5268222689628601,6,91.80799102783203
74.5,0.8762338396981622,2.0006765326997504,0.09263157894736841,0.2692307692307693,5.136648918,0.5268222689628601,6,91.80799102783203
74.5,0.8734361489015448,1.9988735897956507,0.09263157894736841,0.2692307692307693,5.136648918,0.5268222689628601,6,91.80799102783203
74.5,0.8734361489015448,1.9988735897956507,0.09263157894736841,0.2692307692307693,5.200084214,0.5268222689628601,6,91.80799102783203
74.5,0.8734361489015448,1.9988735897956507,0.09263157894736841,0.2692307692307693,5.200084214,0.5268222689628601,6,91.80799102783203
74.5,0.8734361489015448,1.9988735897956507,0.09263157894736841,0.2692307692307693,5.200084214,0.5268222689628601,6,91.80799102783203
74.5,0.8708217418491673,1.9971526338744094,0.09263157894736841,0.2692307692307693,5.301217473,0.5268222689628601,6,91.80799102783203
74.5,0.8708217418491673,1.9971526338744094,0.09263157894736841,0.2692307692307693,5.301217473,0.5268222689628601,6,91.80799102783203
74.5,0.8708217418491673,1.9971526338744094,0.09263157894736841,0.2692307692307693,5.301217473,0.5268222689628601,6,91.80799102783203
74.5,0.8708217418491673,1.9971526338744094,0.09263157894736841,0.2692307692307693,5.301217473,0.5268222689628601,6,91.80799102783203
74.5,0.8682231406723178,1.995406568576572,0.09263157894736841,0.2692307692307693,5.355484784,0.5268222689628601,6,91.80799102783203
74.60000000000001,0.8682231406723178,1.995406568576572,0.08684210526315789,0.24358974358974364,5.355484784,0.5268222689628601,6,91.80799102783203
74.60000000000001,0.8682231406723178,1.995406568576572,0.08684210526315789,0.24358974358974364,5.355484784,0.5268222689628601,6,91.80799102783203
74.60000000000001,0.865640260503517,1.9936378083338602,0.08684210526315789,0.24358974358974364,5.393562163,0.5268222689628601,6,91.80799102783203
74.60000000000001,0.865640260503517,1.9936378083338602,0.08684210526315789,0.24358974358974364,5.393562163,0.5268222689628601,6,91.80799102783203
74.60000000000001,0.865640260503517,1.9936378083338602,0.08684210526315789,0.24358974358974364,5.393562163,0.5268222689628601,6,91.80799102783203
74.60000000000001,0.865640260503517,1.9936378083338602,0.08684210526315789,0.24358974358974364,5.393562163,0.5268222689628601,6,91.80799102783203
74.60000000000001,0.8632343586315678,1.9919586465979713,0.08684210526315789,0.24358974358974364,5.467438887,0.5268222689628601,6,91.80799102783203
74.60000000000001,0.8632343586315678,1.9919586465979713,0.08684210526315789,0.24358974358974364,5.467438887,0.5268222689628601,6,91.80799102783203
74.60000000000001,0.8632343586315678,1.9919586465979713,0.08684210526315789,0.24358974358974364,5.467438887,0.5268222689628601,6,91.80799102783203
74.60000000000001,0.8632343586315678,1.9919586465979713,0.08684210526315789,0.24358974358974364,5.467438887,0.5268222689628601,6,91.80799102783203
74.60000000000001,0.86084137420753,1.9902582763891847,0.08105263157894736,0.24358974358974364,5.596644419,0.5268222689628601,6,91.80799102783203
74.7,0.86084137420753,1.9902582763891847,0.08105263157894736,0.24358974358974364,5.596644419,0.5268222689628601,6,91.80799102783203
74.7,0.86084137420753,1.9902582763891847,0.08105263157894736,0.24358974358974364,5.596644419,0.5268222689628601,6,91.80799102783203
74.7,0.858461664639991,1.9885387747110095,0.08105263157894736,0.24358974358974364,5.711280668,0.5268222689628601,6,91.80799102783203
74.7,0.858461664639991,1.9885387747110095,0.08105263157894736,0.24358974358974364,5.711280668,0.5268222689628601,6,91.80799102783203
74.7,0.858461664639991,1.9885387747110095,0.08105263157894736,0.24358974358974364,5.711280668,0.5268222689628601,6,91.80799102783203
74.7,0.856254611713779,1.986916141766172,0.08105263157894736,0.24358974358974364,5.711280668,0.5268222689628601,6,91.80799102783203
74.7,0.856254611713779,1.986916141766172,0.08105263157894736,0.24358974358974364,5.55300343,0.5018222332000732,6,91.80799102783203
74.7,0.856254611713779,1.986916141766172,0.08105263157894736,0.24358974358974364,5.55300343,0.5018222332000732,6,91.80799102783203
74.7,0.856254611713779,1.986916141766172,0.08105263157894736,0.24358974358974364,5.55300343,0.5018222332000732,6,91.80799102783203
74.80000000000001,0.8540608373807184,1.985274471934029,0.08105263157894736,0.24358974358974364,5.671308748,0.5018222332000732,6,91.80799102783203
74.80000000000001,0.8540608373807184,1.985274471934029,0.07526315789473684,0.217948717948718,5.671308748,0.5018222332000732,6,91.80799102783203
74.80000000000001,0.8540608373807184,1.985274471934029,0.07526315789473684,0.217948717948718,5.671308748,0.5018222332000732,6,91.80799102783203
74.80000000000001,0.8540608373807184,1.985274471934029,0.07526315789473684,0.217948717948718,5.671308748,0.5018222332000732,6,91.80799102783203
74.80000000000001,0.8518797540004681,1.9836141699604664,0.07526315789473684,0.217948717948718,5.7958000290000005,0.5018222332000732,6,91.80799102783203
74.80000000000001,0.8518797540004681,1.9836141699604664,0.07526315789473684,0.217948717948718,5.7958000290000005,0.5018222332000732,6,91.80799102783203
74.80000000000001,0.8518797540004681,1.9836141699604664,0.07526315789473684,0.217948717948718,5.7958000290000005,0.5018222332000732,6,91.80799102783203
74.80000000000001,0.8498663011666199,1.9820559811774037,0.07526315789473684,0.217948717948718,5.923259973,0.5018222332000732,6,91.80799102783203
74.80000000000001,0.8498663011666199,1.9820559811774037,0.07526315789473684,0.217948717948718,5.923259973,0.5018222332000732,6,91.80799102783203
74.80000000000001,0.8478635420150433,1.9804819818772645,0.07526315789473684,0.217948717948718,5.923259973,0.5018222332000732,6,91.80799102783203
74.9,0.8478635420150433,1.9804819818772645,0.07526315789473684,0.217948717948718,5.923259973,0.5018222332000732,6,91.80799102783203
74.9,0.8478635420150433,1.9804819818772645,0.06947368421052631,0.217948717948718,6.060146193,0.5018222332000732,6,91.80799102783203
74.9,0.8478635420150433,1.9804819818772645,0.06947368421052631,0.217948717948718,6.060146193,0.5018222332000732,6,91.80799102783203
74.9,0.8478635420150433,1.9804819818772645,0.06947368421052631,0.217948717948718,6.060146193,0.5018222332000732,6,91.80799102783203
74.9,0.8458718780785224,1.97889409449497,0.06947368421052631,0.217948717948718,6.202916229,0.5018222332000732,6,91.80799102783203
74.9,0.8458718780785224,1.97889409449497,0.06947368421052631,0.217948717948718,6.202916229,0.5018222332000732,6,91.80799102783203
74.9,0.8458718780785224,1.97889409449497,0.06947368421052631,0.16666666666666674,6.202916229,0.5018222332000732,6,91.80799102783203
74.9,0.8458718780785224,1.97889409449497,0.06947368421052631,0.16666666666666674,8.944950116,0.7236555814743042,6,91.80799102783203
74.9,0.844072155118468,1.9773426859329906,0.06947368421052631,0.16666666666666674,9.161823192,0.7236555814743042,6,91.80799102783203
74.9,0.844072155118468,1.9773426859329906,0.06947368421052631,0.16666666666666674,9.161823192,0.7236555814743042,6,91.80799102783203
74.9,0.844072155118468,1.9773426859329906,0.06947368421052631,0.16666666666666674,9.161823192,0.7236555814743042,6,91.80799102783203
74.9,0.844072155118468,1.9773426859329906,0.06947368421052631,0.16666666666666674,9.161823192,0.7236555814743042,6,91.80799102783203
74.9,0.843160632373156,1.9733569876477495,0.06947368421052631,0.16666666666666674,9.161823192,0.7236555814743042,6,91.80799102783203
75.0,0.843160632373156,1.9733569876477495,0.06947368421052631,0.16666666666666674,9.393064193,0.7236555814743042,6,91.76509857177734
75.0,0.843160632373156,1.9733569876477495,0.06947368421052631,0.16666666666666674,9.393064193,0.7236555814743042,6,91.76509857177734
75.0,0.843160632373156,1.9733569876477495,0.06947368421052631,0.16666666666666674,9.393064193,0.7236555814743042,6,91.76509857177734
75.0,0.8422751404940918,1.9693354301311041,0.10999999999999999,0.16666666666666674,9.630257045,0.7236555814743042,6,91.76509857177734
75.0,0.8422751404940918,1.9693354301311041,0.10999999999999999,0.16666666666666674,9.630257045,0.7236555814743042,6,91.76509857177734
75.0,0.8422751404940918,1.9693354301311041,0.10999999999999999,0.16666666666666674,9.630257045,0.7236555814743042,6,91.76509857177734
75.0,0.8422751404940918,1.9693354301311041,0.10999999999999999,0.16666666666666674,9.630257045,0.7236555814743042,6,91.76509857177734
75.0,0.8414176458539695,1.9652825468393094,0.10999999999999999,0.16666666666666674,9.802613038,0.7236555814743042,6,91.76509857177734
75.0,0.8414176458539695,1.9652825468393094,0.10999999999999999,0.16666666666666674,9.802613038,0.7236555814743042,6,91.76509857177734
75.0,0.8414176458539695,1.9652825468393094,0.10999999999999999,0.16666666666666674,9.802613038,0.7236555814743042,6,91.76509857177734
75.10000000000001,0.8387587272391623,1.959599541110877,0.10999999999999999,0.16666666666666674,9.002821401,0.7236555814743042,6,91.76509857177734
75.10000000000001,0.8387587272391623,1.959599541110877,0.10999999999999999,0.16666666666666674,9.002821401,0.7236555814743042,6,91.76509857177734
75.10000000000001,0.8387587272391623,1.959599541110877,0.10999999999999999,0.16666666666666674,9.002821401,0.7236555814743042,6,91.76509857177734
75.10000000000001,0.8387587272391623,1.959599541110877,0.10421052631578946,0.1410256410256411,9.002821401,0.7236555814743042,6,91.76509857177734
75.10000000000001,0.8369348258195268,1.9545516213176914,0.10421052631578946,0.1410256410256411,8.090985114,0.675711989402771,6,91.76509857177734
75.10000000000001,0.8369348258195268,1.9545516213176914,0.10421052631578946,0.1410256410256411,8.090985114,0.675711989402771,6,91.76509857177734
75.10000000000001,0.8369348258195268,1.9545516213176914,0.10421052631578946,0.1410256410256411,8.090985114,0.675711989402771,6,91.76509857177734
75.10000000000001,0.8369348258195268,1.9545516213176914,0.10421052631578946,0.1410256410256411,8.090985114,0.675711989402771,6,91.76509857177734
75.10000000000001,0.8351532361744927,1.9499749990278783,0.10421052631578946,0.1410256410256411,7.79937932,0.675711989402771,6,91.76509857177734
75.10000000000001,0.8351532361744927,1.9499749990278783,0.10421052631578946,0.1410256410256411,7.79937932,0.675711989402771,6,91.76509857177734
75.2,0.8351532361744927,1.9499749990278783,0.10421052631578946,0.1410256410256411,7.79937932,0.675711989402771,6,91.76509857177734
75.2,0.8325414051200726,1.9475941913197559,0.10421052631578946,0.1410256410256411,7.79937932,0.675711989402771,6,91.76509857177734
75.2,0.8325414051200726,1.9475941913197559,0.10421052631578946,0.1410256410256411,7.526979124,0.675711989402771,6,91.76509857177734
75.2,0.8325414051200726,1.9475941913197559,0.10421052631578946,0.1410256410256411,7.526979124,0.675711989402771,6,91.76509857177734
75.2,0.8325414051200726,1.9475941913197559,0.10421052631578946,0.1410256410256411,7.526979124,0.675711989402771,6,91.76509857177734
75.2,0.8325414051200726,1.9475941913197559,0.10421052631578946,0.1410256410256411,7.526979124,0.675711989402771,6,91.76509857177734
75.2,0.8299414790373263,1.9452028354866289,0.10421052631578946,0.1410256410256411,7.272003285,0.675711989402771,6,91.76509857177734
75.2,0.8299414790373263,1.9452028354866289,0.10421052631578946,0.1410256410256411,7.272003285,0.675711989402771,6,91.76509857177734
75.2,0.8299414790373263,1.9452028354866289,0.07526315789473684,-0.018974358974358896,7.272003285,0.675711989402771,6,91.76509857177734
75.2,0.8273538788692985,1.9427971055390372,0.07526315789473684,-0.018974358974358896,7.272003285,0.675711989402771,6,91.76509857177734
75.2,0.8273538788692985,1.9427971055390372,0.07526315789473684,-0.018974358974358896,6.983244966,0.675711989402771,6,91.76509857177734
75.2,0.8273538788692985,1.9427971055390372,0.07526315789473684,-0.018974358974358896,6.983244966,0.675711989402771,6,91.76509857177734
75.2,0.8273538788692985,1.9427971055390372,0.07526315789473684,-0.018974358974358896,6.983244966,0.675711989402771,6,91.76509857177734
75.2,0.8273538788692985,1.9427971055390372,0.07526315789473684,-0.018974358974358896,6.983244966,0.675711989402771,6,91.76509857177734
75.30000000000001,0.8252415761285661,1.9408162699337086,0.07526315789473684,-0.1789743589743589,6.854913637,0.675711989402771,6,91.76509857177734
75.30000000000001,0.8252415761285661,1.9408162699337086,0.07526315789473684,-0.1789743589743589,6.854913637,0.675711989402771,6,91.76509857177734
75.30000000000001,0.8252415761285661,1.9408162699337086,0.07526315789473684,-0.1789743589743589,6.854913637,0.675711989402771,6,91.76509857177734
75.30000000000001,0.8252415761285661,1.9408162699337086,0.07526315789473684,-0.1789743589743589,6.854913637,0.675711989402771,6,91.76509857177734
75.30000000000001,0.8233675562557834,1.9390584443594798,0.07526315789473684,-0.1789743589743589,6.854913637,0.675711989402771,6,91.76509857177734
75.30000000000001,0.8233675562557834,1.9390584443594798,0.07526315789473684,-0.2948717948717947,6.806946549,0.675711989402771,6,91.76509857177734
75.30000000000001,0.8233675562557834,1.9390584443594798,0.07526315789473684,-0.2948717948717947,6.806946549,0.675711989402771,6,91.76509857177734
75.30000000000001,0.8233675562557834,1.9390584443594798,0.07526315789473684,-0.2948717948717947,6.806946549,0.675711989402771,6,91.76509857177734
75.30000000000001,0.8214708141828158,1.9373069415908961,0.07526315789473684,-0.2948717948717947,6.806946549,0.675711989402771,6,91.76509857177734
75.30000000000001,0.8214708141828158,1.9373069415908961,0.10999999999999999,-0.1348717948717947,6.755667801,0.675711989402771,6,91.76509857177734
75.30000000000001,0.8214708141828158,1.9373069415908961,0.10999999999999999,-0.1348717948717947,6.755667801,0.675711989402771,6,91.76509857177734
75.4,0.8214708141828158,1.9373069415908961,0.10999999999999999,-0.1348717948717947,6.755667801,0.675711989402771,6,91.76509857177734
75.4,0.8195601585080954,1.935575957317607,0.10999999999999999,-0.1348717948717947,7.272430696,0.675711989402771,6,91.76509857177734
75.4,0.8195601585080954,1.935575957317607,0.10999999999999999,-0.1348717948717947,7.272430696,0.675711989402771,6,91.76509857177734
75.4,0.8195601585080954,1.935575957317607,0.10999999999999999,0.025128205128205294,7.272430696,0.675711989402771,6,91.76509857177734
75.4,0.8195601585080954,1.935575957317607,0.10999999999999999,0.025128205128205294,7.272430696,0.675711989402771,6,91.76509857177734
75.4,0.8169303169974937,1.9332292640923368,0.10999999999999999,0.025128205128205294,7.320990429,0.675711989402771,6,91.76509857177734
75.4,0.8169303169974937,1.9332292640923368,0.10999999999999999,0.025128205128205294,7.320990429,0.675711989402771,6,91.76509857177734
75.4,0.8169303169974937,1.9332292640923368,0.10999999999999999,0.025128205128205294,7.320990429,0.675711989402771,6,91.76509857177734
75.4,0.8169303169974937,1.9332292640923368,0.10421052631578946,0.1851282051282053,7.320990429,0.675711989402771,6,91.76509857177734
75.4,0.8141342919348336,1.9307488147463239,0.10421052631578946,0.1851282051282053,7.272040377,0.675711989402771,6,91.76509857177734
75.4,0.8141342919348336,1.9307488147463239,0.10421052631578946,0.1851282051282053,7.272040377,0.675711989402771,6,91.76509857177734
75.4,0.8141342919348336,1.9307488147463239,0.10421052631578946,0.1851282051282053,7.272040377,0.675711989402771,6,91.76509857177734
75.5,0.8141342919348336,1.9307488147463239,0.10421052631578946,0.1851282051282053,7.272040377,0.675711989402771,6,91.71353912353516
75.5,0.8115040737939134,1.928395404125926,0.10421052631578946,0.3451282051282053,7.00030485,0.6507120132446289,6,91.71353912353516
75.5,0.8115040737939134,1.928395404125926,0.10421052631578946,0.3451282051282053,7.00030485,0.6507120132446289,6,91.71353912353516
75.5,0.8115040737939134,1.928395404125926,0.10421052631578946,0.3451282051282053,7.00030485,0.6507120132446289,6,91.71353912353516
75.5,0.808896168693602,1.9260224749020611,0.10421052631578946,0.3451282051282053,6.997771945,0.6507120132446289,6,91.71353912353516
75.5,0.808896168693602,1.9260224749020611,0.10421052631578946,0.3451282051282053,6.997771945,0.6507120132446289,6,91.71353912353516
75.5,0.808896168693602,1.9260224749020611,0.10421052631578946,0.3451282051282053,6.997771945,0.6507120132446289,6,91.71353912353516
75.5,0.8063066303834363,1.923629184173031,0.09842105263157894,0.34615384615384626,6.997771945,0.6507120132446289,6,91.71353912353516
75.5,0.8063066303834363,1.923629184173031,0.09842105263157894,0.34615384615384626,7.000900891,0.6507120132446289,6,91.71353912353516
75.5,0.8063066303834363,1.923629184173031,0.09842105263157894,0.34615384615384626,7.000900891,0.6507120132446289,6,91.71353912353516
75.60000000000001,0.8063066303834363,1.923629184173031,0.09842105263157894,0.34615384615384626,7.000900891,0.6507120132446289,6,91.71353912353516
75.60000000000001,0.8038935474228206,1.9213498330167285,0.09842105263157894,0.34615384615384626,7.000900891,0.6507120132446289,6,91.71353912353516
75.60000000000001,0.8038935474228206,1.9213498330167285,0.09842105263157894,0.34615384615384626,6.901370862,0.6507120132446289,6,91.71353912353516
75.60000000000001,0.8015124953268473,1.9190364306181844,0.09842105263157894,0.34615384615384626,6.901370862,0.6507120132446289,6,91.71353912353516
75.60000000000001,0.8015124953268473,1.9190364306181844,0.09842105263157894,0.34615384615384626,6.727530427,0.6507120132446289,6,91.71353912353516
75.60000000000001,0.8015124953268473,1.9190364306181844,0.09842105263157894,0.34615384615384626,6.727530427,0.6507120132446289,6,91.71353912353516
75.60000000000001,0.8015124953268473,1.9190364306181844,0.09842105263157894,0.34615384615384626,6.727530427,0.6507120132446289,6,91.71353912353516
75.60000000000001,0.8015124953268473,1.9190364306181844,0.09263157894736841,0.29487179487179493,6.727530427,0.6507120132446289,6,91.71353912353516
75.60000000000001,0.8015124953268473,1.9190364306181844,0.09263157894736841,0.29487179487179493,6.727530427,0.6507120132446289,6,91.71353912353516
75.60000000000001,0.8015124953268473,1.9190364306181844,0.09263157894736841,0.29487179487179493,6.727530427,0.6507120132446289,6,91.71353912353516
75.60000000000001,0.799154594250937,1.9166911899662784,0.09263157894736841,0.29487179487179493,6.310232102,0.6257118582725525,6,91.71353912353516
75.60000000000001,0.799154594250937,1.9166911899662784,0.09263157894736841,0.29487179487179493,6.310232102,0.6257118582725525,6,91.71353912353516
75.7,0.799154594250937,1.9166911899662784,0.09263157894736841,0.29487179487179493,6.310232102,0.6257118582725525,6,91.71353912353516
75.7,0.799154594250937,1.9166911899662784,0.09263157894736841,0.29487179487179493,6.310232102,0.6257118582725525,6,91.71353912353516
75.7,0.7969582218463134,1.914461190737023,0.09263157894736841,0.29487179487179493,6.197626227,0.6257118582725525,6,91.71353912353516
75.7,0.7969582218463134,1.914461190737023,0.09263157894736841,0.29487179487179493,6.197626227,0.6257118582725525,6,91.71353912353516
75.7,0.7969582218463134,1.914461190737023,0.08684210526315789,0.29487179487179493,6.197626227,0.6257118582725525,6,91.71353912353516
75.7,0.7947840969939375,1.912208105363972,0.08684210526315789,0.29487179487179493,6.275848696,0.6257118582725525,6,91.71353912353516
75.7,0.7947840969939375,1.912208105363972,0.08684210526315789,0.29487179487179493,6.275848696,0.6257118582725525,6,91.71353912353516
75.7,0.7947840969939375,1.912208105363972,0.08684210526315789,0.29487179487179493,6.275848696,0.6257118582725525,6,91.71353912353516
75.7,0.7947840969939375,1.912208105363972,0.08684210526315789,0.29487179487179493,6.275848696,0.6257118582725525,6,91.71353912353516
75.7,0.7927666248284482,1.9100755483018172,0.08684210526315789,0.29487179487179493,6.43881139,0.6257118582725525,6,91.71353912353516
75.80000000000001,0.7927666248284482,1.9100755483018172,0.08684210526315789,0.29487179487179493,6.43881139,0.6257118582725525,6,91.71353912353516
75.80000000000001,0.7927666248284482,1.9100755483018172,0.08684210526315789,0.29487179487179493,6.43881139,0.6257118582725525,6,91.71353912353516
75.80000000000001,0.7907705639558771,1.907923340224549,0.08684210526315789,0.29487179487179493,6.43881139,0.6257118582725525,6,91.71353912353516
75.80000000000001,0.7907705639558771,1.907923340224549,0.08684210526315789,0.29487179487179493,6.567993235,0.6257118582725525,6,91.71353912353516
75.80000000000001,0.7907705639558771,1.907923340224549,0.08105263157894736,0.2692307692307693,6.567993235,0.6257118582725525,6,91.71353912353516
75.80000000000001,0.7907705639558771,1.907923340224549,0.08105263157894736,0.2692307692307693,6.567993235,0.6257118582725525,6,91.71353912353516
75.80000000000001,0.7907705639558771,1.907923340224549,0.08105263157894736,0.2692307692307693,6.567993235,0.6257118582725525,6,91.71353912353516
75.80000000000001,0.7887962809044236,1.9057510475609738,0.08105263157894736,0.2692307692307693,6.70320642,0.6257118582725525,6,91.71353912353516
75.80000000000001,0.7887962809044236,1.9057510475609738,0.08105263157894736,0.2692307692307693,4.79007254,0.44713008403778076,6,91.71353912353516
75.80000000000001,0.7887962809044236,1.9057510475609738,0.08105263157894736,0.2692307692307693,4.79007254,0.44713008403778076,6,91.71353912353516
75.80000000000001,0.7869735372222246,1.9037052792517217,0.08105263157894736,0.2692307692307693,4.92059694,0.44713008403778076,6,91.71353912353516
75.80000000000001,0.7869735372222246,1.9037052792517217,0.08105263157894736,0.2692307692307693,4.92059694,0.44713008403778076,6,91.71353912353516
75.9,0.7869735372222246,1.9037052792517217,0.09263157894736841,0.10923076923076927,4.92059694,0.44713008403778076,6,91.71353912353516
75.9,0.7869735372222246,1.9037052792517217,0.09263157894736841,0.10923076923076927,4.92059694,0.44713008403778076,6,91.71353912353516
75.9,0.7869735372222246,1.9037052792517217,0.09263157894736841,0.10923076923076927,4.92059694,0.44713008403778076,6,91.71353912353516
75.9,0.7851687559409513,1.901642368209118,0.09263157894736841,0.10923076923076927,5.023263721,0.44713008403778076,6,91.71353912353516
75.9,0.7851687559409513,1.901642368209118,0.09263157894736841,-0.05076923076923073,5.023263721,0.44713008403778076,6,91.71353912353516
75.9,0.7826112883791521,1.89866957811912,0.09263157894736841,-0.05076923076923073,5.023263721,0.44713008403778076,6,91.71353912353516
75.9,0.7826112883791521,1.89866957811912,0.09263157894736841,-0.05076923076923073,5.023263721,0.44713008403778076,6,91.71353912353516
75.9,0.7826112883791521,1.89866957811912,0.09263157894736841,-0.05076923076923073,4.914080768,0.44713008403778076,6,91.71353912353516
75.9,0.7826112883791521,1.89866957811912,0.09263157894736841,-0.05076923076923073,4.914080768,0.44713008403778076,6,91.71353912353516
75.9,0.7826112883791521,1.89866957811912,0.09263157894736841,-0.05076923076923073,4.914080768,0.44713008403778076,6,91.71353912353516
75.9,0.7826112883791521,1.89866957811912,0.09263157894736841,-0.05076923076923073,4.914080768,0.44713008403778076,6,91.71353912353516
75.9,0.7799398150594674,1.893078915044313,0.08684210526315789,-0.21076923076923074,4.914080768,0.44713008403778076,6,91.71353912353516
75.9,0.7799398150594674,1.893078915044313,0.08684210526315789,-0.21076923076923074,4.919613496,0.44713008403778076,6,91.71353912353516
76.0,0.7799398150594674,1.893078915044313,0.08684210526315789,-0.21076923076923074,4.919613496,0.44713008403778076,6,91.71353912353516
76.0,0.7799398150594674,1.893078915044313,0.08684210526315789,-0.21076923076923074,4.919613496,0.44713008403778076,6,91.66266632080078
76.0,0.7770353525508333,1.8853657385933995,0.08684210526315789,-0.21794871794871779,4.916565871,0.44713008403778076,6,91.66266632080078
76.0,0.7770353525508333,1.8853657385933995,0.08684210526315789,-0.21794871794871779,4.916565871,0.44713008403778076,6,91.66266632080078
76.0,0.7770353525508333,1.8853657385933995,0.08684210526315789,-0.21794871794871779,4.916565871,0.44713008403778076,6,91.66266632080078
76.0,0.774233763146382,1.8776237702434284,0.08684210526315789,-0.21794871794871779,4.921986015,0.44713008403778076,6,91.66266632080078
76.0,0.774233763146382,1.8776237702434284,0.08684210526315789,-0.21794871794871779,4.921986015,0.44713008403778076,6,91.66266632080078
76.0,0.774233763146382,1.8776237702434284,0.10999999999999999,-0.05794871794871778,4.921986015,0.44713008403778076,6,91.66266632080078
76.0,0.774233763146382,1.8776237702434284,0.10999999999999999,-0.05794871794871778,4.921986015,0.44713008403778076,6,91.66266632080078
76.0,0.771588932971389,1.8699190556461,0.10999999999999999,-0.05794871794871778,4.921986015,0.44713008403778076,6,91.66266632080078
76.0,0.771588932971389,1.8699190556461,0.10999999999999999,-0.05794871794871778,4.917009586,0.44713008403778076,6,91.66266632080078
76.10000000000001,0.771588932971389,1.8699190556461,0.10999999999999999,-0.05794871794871778,4.917009586,0.44713008403778076,6,91.66266632080078
76.10000000000001,0.771588932971389,1.8699190556461,0.10999999999999999,0.10205128205128222,4.917009586,0.44713008403778076,6,91.66266632080078
76.10000000000001,0.7684341436997675,1.8614604895876583,0.10999999999999999,0.10205128205128222,4.761441834,0.44713008403778076,6,91.66266632080078
76.10000000000001,0.7684341436997675,1.8614604895876583,0.10999999999999999,0.10205128205128222,4.761441834,0.44713008403778076,6,91.66266632080078
76.10000000000001,0.7684341436997675,1.8614604895876583,0.10999999999999999,0.10205128205128222,4.761441834,0.44713008403778076,6,91.66266632080078
76.10000000000001,0.7654507988968877,1.853019663501709,0.10999999999999999,0.10205128205128222,4.638400138,0.44713008403778076,6,91.66266632080078
76.10000000000001,0.7654507988968877,1.853019663501709,0.10999999999999999,0.10205128205128222,4.638400138,0.44713008403778076,6,91.66266632080078
76.10000000000001,0.7654507988968877,1.853019663501709,0.10421052631578946,0.16666666666666674,4.638400138,0.44713008403778076,6,91.66266632080078
76.10000000000001,0.7654507988968877,1.853019663501709,0.10421052631578946,0.16666666666666674,4.638400138,0.44713008403778076,6,91.66266632080078
76.10000000000001,0.7629285682747908,1.8483071968108358,0.10421052631578946,0.16666666666666674,4.489640153,0.44713008403778076,6,91.66266632080078
76.2,0.7629285682747908,1.8483071968108358,0.10421052631578946,0.16666666666666674,4.489640153,0.44713008403778076,6,91.66266632080078
76.2,0.7629285682747908,1.8483071968108358,0.10421052631578946,0.16666666666666674,4.489640153,0.44713008403778076,6,91.66266632080078
76.2,0.760718899838958,1.8455451306718071,0.10421052631578946,0.16666666666666674,4.377354632,0.44713008403778076,6,91.66266632080078
76.2,0.760718899838958,1.8455451306718071,0.10421052631578946,0.16666666666666674,4.377354632,0.44713008403778076,6,91.66266632080078
76.2,0.760718899838958,1.8455451306718071,0.10421052631578946,0.16666666666666674,4.377354632,0.44713008403778076,6,91.66266632080078
76.2,0.760718899838958,1.8455451306718071,0.10421052631578946,0.16666666666666674,4.377354632,0.44713008403778076,6,91.66266632080078
76.2,0.7585212386918072,1.842778038632605,0.09842105263157894,0.1410256410256411,4.434409447,0.44713008403778076,6,91.66266632080078
76.2,0.7585212386918072,1.842778038632605,0.09842105263157894,0.1410256410256411,4.434409447,0.44713008403778076,6,91.66266632080078
76.2,0.7585212386918072,1.842778038632605,0.09842105263157894,0.1410256410256411,4.434409447,0.44713008403778076,6,91.66266632080078
76.2,0.7563438788878996,1.8399995821317057,0.09842105263157894,0.1410256410256411,4.401030643,0.44713008403778076,6,91.66266632080078
76.30000000000001,0.7563438788878996,1.8399995821317057,0.09842105263157894,0.1410256410256411,4.401030643,0.44713008403778076,6,91.66266632080078
76.30000000000001,0.7563438788878996,1.8399995821317057,0.09842105263157894,0.1410256410256411,4.401030643,0.44713008403778076,6,91.66266632080078
76.30000000000001,0.754301732019643,1.8373586010251786,0.09842105263157894,0.1410256410256411,4.374052096,0.44713008403778076,6,91.66266632080078
76.30000000000001,0.754301732019643,1.8373586010251786,0.09842105263157894,0.1410256410256411,4.374052096,0.44713008403778076,6,91.66266632080078
76.30000000000001,0.754301732019643,1.8373586010251786,0.09842105263157894,0.1410256410256411,4.374052096,0.44713008403778076,6,91.66266632080078
76.30000000000001,0.7522682919251051,1.8347066919390305,0.09842105263157894,0.1410256410256411,4.374052096,0.44713008403778076,6,91.66266632080078
76.30000000000001,0.7522682919251051,1.8347066919390305,0.09263157894736841,0.1410256410256411,4.340995144,0.44713008403778076,6,91.66266632080078
76.30000000000001,0.7522682919251051,1.8347066919390305,0.09263157894736841,0.1410256410256411,4.340995144,0.44713008403778076,6,91.66266632080078
76.30000000000001,0.7522682919251051,1.8347066919390305,0.09263157894736841,0.1410256410256411,4.340995144,0.44713008403778076,6,91.66266632080078
76.30000000000001,0.7502473260233724,1.832048636995514,0.09263157894736841,0.1410256410256411,4.289948097,0.44713008403778076,6,91.66266632080078
76.4,0.7502473260233724,1.832048636995514,0.09263157894736841,0.1410256410256411,4.289948097,0.44713008403778076,6,91.66266632080078
76.4,0.7502473260233724,1.832048636995514,0.09263157894736841,0.1410256410256411,4.289948097,0.44713008403778076,6,91.66266632080078
76.4,0.7502473260233724,1.832048636995514,0.09263157894736841,0.1410256410256411,4.289948097,0.44713008403778076,6,91.66266632080078
76.4,0.7483593670907649,1.8295376607091345,0.09263157894736841,0.1410256410256411,3.493476753,0.35611164569854736,6,91.66266632080078
76.4,0.7483593670907649,1.8295376607091345,0.09263157894736841,0.1410256410256411,3.493476753,0.35611164569854736,6,91.66266632080078
76.4,0.7483593670907649,1.8295376607091345,0.09263157894736841,0.1410256410256411,3.493476753,0.35611164569854736,6,91.66266632080078
76.4,0.7483593670907649,1.8295376607091345,0.08684210526315789,0.1410256410256411,3.493476753,0.35611164569854736,6,91.66266632080078
76.4,0.7464835344342244,1.8270163153169263,0.08684210526315789,0.1410256410256411,3.557519909,0.35611164569854736,6,91.66266632080078
76.4,0.7464835344342244,1.8270163153169263,0.08684210526315789,0.1410256410256411,3.557519909,0.35611164569854736,6,91.66266632080078
76.4,0.7464835344342244,1.8270163153169263,0.08684210526315789,0.1410256410256411,3.557519909,0.35611164569854736,6,91.66266632080078
76.5,0.7447354694178592,1.8246451847339422,0.08684210526315789,0.1410256410256411,3.651443362,0.35611164569854736,6,91.66266632080078
76.5,0.7447354694178592,1.8246451847339422,0.08684210526315789,0.1410256410256411,3.651443362,0.35611164569854736,6,91.58570861816406
76.5,0.7447354694178592,1.8246451847339422,0.08684210526315789,0.1410256410256411,3.651443362,0.35611164569854736,6,91.58570861816406
76.5,0.7429999981261393,1.8222674300047175,0.08684210526315789,0.1410256410256411,3.651443362,0.35611164569854736,6,91.58570861816406
76.5,0.7429999981261393,1.8222674300047175,0.08684210526315789,0.1410256410256411,2.9404426580000003,0.28111156821250916,6,91.58570861816406
76.5,0.7429999981261393,1.8222674300047175,0.08684210526315789,0.1410256410256411,2.9404426580000003,0.28111156821250916,6,91.58570861816406
76.5,0.7429999981261393,1.8222674300047175,0.10999999999999999,0.24358974358974364,2.9404426580000003,0.28111156821250916,6,91.58570861816406
76.5,0.7412766973987501,1.819881338731671,0.10999999999999999,0.24358974358974364,2.732136949,0.25611165165901184,6,91.58570861816406
76.5,0.7412766973987501,1.819881338731671,0.10999999999999999,0.24358974358974364,2.732136949,0.25611165165901184,6,91.58570861816406
76.5,0.7412766973987501,1.819881338731671,0.10999999999999999,0.24358974358974364,2.732136949,0.25611165165901184,6,91.58570861816406
76.5,0.7387707226519269,1.816370666919837,0.10999999999999999,0.24358974358974364,2.732136949,0.25611165165901184,6,91.58570861816406
76.60000000000001,0.7387707226519269,1.816370666919837,0.10999999999999999,0.24358974358974364,2.663078809,0.25611165165901184,6,91.58570861816406
76.60000000000001,0.7387707226519269,1.816370666919837,0.10999999999999999,0.24358974358974364,2.663078809,0.25611165165901184,6,91.58570861816406
76.60000000000001,0.7387707226519269,1.816370666919837,0.10999999999999999,0.24358974358974364,2.663078809,0.25611165165901184,6,91.58570861816406
76.60000000000001,0.736639499021569,1.8133251344428403,0.10999999999999999,0.24358974358974364,2.630787336,0.25611165165901184,6,91.58570861816406
76.60000000000001,0.736639499021569,1.8133251344428403,0.10999999999999999,0.24358974358974364,2.630787336,0.25611165165901184,6,91.58570861816406
76.60000000000001,0.736639499021569,1.8133251344428403,0.10421052631578946,0.217948717948718,2.630787336,0.25611165165901184,6,91.58570861816406
76.60000000000001,0.7345372790191163,1.8102549467633078,0.10421052631578946,0.217948717948718,2.630787336,0.25611165165901184,6,91.58570861816406
76.60000000000001,0.7345372790191163,1.8102549467633078,0.10421052631578946,0.217948717948718,2.597233942,0.25611165165901184,6,91.58570861816406
76.60000000000001,0.7345372790191163,1.8102549467633078,0.10421052631578946,0.217948717948718,2.597233942,0.25611165165901184,6,91.58570861816406
76.60000000000001,0.7345372790191163,1.8102549467633078,0.10421052631578946,0.217948717948718,2.597233942,0.25611165165901184,6,91.58570861816406
76.60000000000001,0.7325644369451914,1.807328269348908,0.10421052631578946,0.217948717948718,2.597233942,0.25611165165901184,6,91.58570861816406
76.7,0.7325644369451914,1.807328269348908,0.10421052631578946,0.217948717948718,2.580946771,0.25611165165901184,6,91.58570861816406
76.7,0.7325644369451914,1.807328269348908,0.10421052631578946,0.217948717948718,2.580946771,0.25611165165901184,6,91.58570861816406
76.7,0.7325644369451914,1.807328269348908,0.10421052631578946,0.217948717948718,2.580946771,0.25611165165901184,6,91.58570861816406
76.7,0.7306112803319134,1.8043896321555177,0.10421052631578946,0.217948717948718,2.580946771,0.25611165165901184,6,91.58570861816406
76.7,0.7306112803319134,1.8043896321555177,0.09842105263157894,0.19230769230769237,2.549521915,0.25611165165901184,6,91.58570861816406
76.7,0.7306112803319134,1.8043896321555177,0.09842105263157894,0.19230769230769237,2.549521915,0.25611165165901184,6,91.58570861816406
76.7,0.7286814398258927,1.8014368567421466,0.09842105263157894,0.19230769230769237,2.549521915,0.25611165165901184,6,91.58570861816406
76.7,0.7286814398258927,1.8014368567421466,0.09842105263157894,0.19230769230769237,2.51805248,0.25611165165901184,6,91.58570861816406
76.7,0.7286814398258927,1.8014368567421466,0.09842105263157894,0.19230769230769237,2.51805248,0.25611165165901184,6,91.58570861816406
76.80000000000001,0.726878696492661,1.7986319920147082,0.09842105263157894,0.19230769230769237,2.51805248,0.25611165165901184,6,91.58570861816406
76.80000000000001,0.726878696492661,1.7986319920147082,0.09842105263157894,0.19230769230769237,0.0,0.0742887333035469,6,91.58570861816406
76.80000000000001,0.726878696492661,1.7986319920147082,0.09842105263157894,0.19230769230769237,0.0,0.0742887333035469,6,91.58570861816406
76.80000000000001,0.726878696492661,1.7986319920147082,0.09842105263157894,0.19230769230769237,0.0,0.0742887333035469,6,91.58570861816406
76.80000000000001,0.725091829487938,1.795813639139224,0.09842105263157894,0.19230769230769237,0.0,0.0742887333035469,6,91.58570861816406
76.80000000000001,0.725091829487938,1.795813639139224,0.0,0.3523076923076924,0.0,0.0742887333035469,6,91.58570861816406
76.80000000000001,0.725091829487938,1.795813639139224,0.0,0.3523076923076924,0.0,0.0742887333035469,6,91.58570861816406
76.80000000000001,0.725091829487938,1.795813639139224,0.0,0.3523076923076924,0.0,0.0742887333035469,6,91.58570861816406
76.80000000000001,0.723322494693464,1.7929853800418172,0.0,0.3523076923076924,0.0,0.0742887333035469,6,91.58570861816406
76.80000000000001,0.723322494693464,1.7929853800418172,0.0,0.3523076923076924,0.0,0.0742887333035469,6,91.58570861816406
76.80000000000001,0.723322494693464,1.7929853800418172,0.0,0.5000000000000002,0.0,0.0742887333035469,6,91.58570861816406
76.9,0.723322494693464,1.7929853800418172,0.0,0.5000000000000002,0.0,0.0742887333035469,6,91.58570861816406
76.9,0.7219731426144789,1.790793867779092,0.0,0.5000000000000002,0.0,0.0742887333035469,6,91.58570861816406
76.9,0.7219731426144789,1.790793867779092,0.0,0.5000000000000002,0.0,0.0742887333035469,6,91.58570861816406
76.9,0.7219731426144789,1.790793867779092,0.0,0.5000000000000002,0.0,0.0742887333035469,6,91.58570861816406
76.9,0.7212411254736626,1.7895822256756144,0.0,0.5000000000000002,0.0,0.0742887333035469,6,91.58570861816406
76.9,0.7212411254736626,1.7895822256756144,0.0,0.5000000000000002,0.0,0.0742887333035469,6,91.58570861816406
76.9,0.7212411254736626,1.7895822256756144,0.0,0.5000000000000002,0.0,0.0742887333035469,6,91.58570861816406
76.9,0.7210054682724474,1.7891845252830134,0.0,0.5000000000000002,0.0,0.0742887333035469,6,91.58570861816406
76.9,0.7210054682724474,1.7891845252830134,0.0,0.5000000000000002,0.0,0.0742887333035469,6,91.58570861816406
76.9,0.7210054682724474,1.7891845252830134,0.0,0.5000000000000002,0.0,0.0742887333035469,6,91.58570861816406
76.9,0.7210054682724474,1.7891845252830134,0.0,0.5000000000000002,0.0,0.0742887333035469,6,91.58570861816406
77.0,0.7210164045220968,1.7892056672024255,0.0,0.5000000000000002,0.0,0.0742887333035469,6,91.54303741455078
77.0,0.7210164045220968,1.7892056672024255,0.0,0.5000000000000002,0.0,0.0742887333035469,6,91.54303741455078
77.0,0.7210164045220968,1.7892056672024255,0.0,0.5000000000000002,0.0,0.0742887333035469,6,91.54303741455078
77.0,0.7210164045220968,1.7892056672024255,0.0,0.5000000000000002,0.0,0.0742887333035469,6,91.54303741455078
77.0,0.7210322043313933,1.789238424988141,0.0,0.5000000000000002,0.0,0.0742887333035469,6,91.54303741455078
77.0,0.7210322043313933,1.789238424988141,0.0,0.5000000000000002,0.0,0.0742887333035469,6,91.54303741455078
77.0,0.7210322043313933,1.789238424988141,0.0,0.5000000000000002,0.0,0.0742887333035469,6,91.54303741455078
77.0,0.7210463360756951,1.7892681350417319,0.0,0.5000000000000002,0.0,0.0742887333035469,6,91.54303741455078
77.0,0.7210463360756951,1.7892681350417319,0.0,0.5000000000000002,0.0,0.0742887333035469,6,91.54303741455078
77.0,0.7210463360756951,1.7892681350417319,0.0,0.5000000000000002,0.0,0.0742887333035469,6,91.54303741455078
77.10000000000001,0.7210463360756951,1.7892681350417319,0.0,0.5000000000000002,0.0,0.0742887333035469,6,91.54303741455078
77.10000000000001,0.721059441529913,1.7892960526138657,0.0,0.5000000000000002,0.0,0.0742887333035469,6,91.54303741455078
77.10000000000001,0.721059441529913,1.7892960526138657,0.0,0.5000000000000002,0.0,0.0742887333035469,6,91.54303741455078
77.10000000000001,0.721059441529913,1.7892960526138657,0.0,0.5000000000000002,0.0,0.0742887333035469,6,91.54303741455078
77.10000000000001,0.721059441529913,1.7892960526138657,0.0,0.5000000000000002,0.0,0.0742887333035469,6,91.54303741455078
77.10000000000001,0.7210742090209168,1.7893295823646396,0.0,0.5000000000000002,0.0,0.0742887333035469,6,91.54303741455078
77.10000000000001,0.7210742090209168,1.7893295823646396,0.0,0.5000000000000002,0.0,0.0742887333035469,6,91.54303741455078
77.10000000000001,0.7210897556085989,1.7893655342255073,0.0,0.5000000000000002,0.0,0.0742887333035469,6,91.54303741455078
77.10000000000001,0.7210897556085989,1.7893655342255073,0.0,0.5000000000000002,0.0,0.0742887333035469,6,91.54303741455078
77.10000000000001,0.7210897556085989,1.7893655342255073,0.0,0.5000000000000002,0.0,0.0742887333035469,6,91.54303741455078
77.2,0.7210897556085989,1.7893655342255073,0.0,0.5000000000000002,0.0,0.0742887333035469,6,91.54303741455078
77.2,0.7211037864456058,1.7893990060622833,0.0,0.5000000000000002,0.0,0.0742887333035469,6,91.54303741455078
77.2,0.7211037864456058,1.7893990060622833,0.0,0.5000000000000002,0.0,0.0742887333035469,6,91.54303741455078
77.2,0.7211037864456058,1.7893990060622833,0.0,0.5000000000000002,0.0,0.0742887333035469,6,91.54303741455078
77.2,0.721116840427467,1.7894320006797595,0.0,0.5000000000000002,0.0,0.0742887333035469,6,91.54303741455078
77.2,0.721116840427467,1.7894320006797595,0.0,0.5000000000000002,0.0,0.0742887333035469,6,91.54303741455078
77.2,0.721116840427467,1.7894320006797595,0.0,0.5000000000000002,0.0,0.0742887333035469,6,91.54303741455078
77.2,0.721116840427467,1.7894320006797595,0.0,0.5000000000000002,0.0,0.0742887333035469,6,91.54303741455078
77.2,0.7211297069127249,1.789465550215801,0.0,0.5000000000000002,0.0,0.0742887333035469,6,91.54303741455078
77.2,0.7211297069127249,1.789465550215801,0.0,0.5000000000000002,0.0,0.0742887333035469,6,91.54303741455078
77.30000000000001,0.7211297069127249,1.789465550215801,0.0,0.5000000000000002,0.0,0.0742887333035469,6,91.54303741455078
77.30000000000001,0.7211413167672551,1.789497617374776,0.0,0.5000000000000002,0.0,0.0742887333035469,6,91.54303741455078
77.30000000000001,0.7211413167672551,1.789497617374776,0.0,0.5000000000000002,0.0,0.0742887333035469,6,91.54303741455078
77.30000000000001,0.7211413167672551,1.789497617374776,0.0,0.5000000000000002,0.0,0.0742887333035469,6,91.54303741455078
77.30000000000001,0.7211413167672551,1.789497617374776,0.0,0.5000000000000002,0.0,0.0742887333035469,6,91.54303741455078
77.30000000000001,0.7211517477936253,1.7895278922473121,0.0,0.5000000000000002,0.0,0.0742887333035469,6,91.54303741455078
77.30000000000001,0.7211517477936253,1.7895278922473121,0.0,0.5000000000000002,0.0,0.0742887333035469,6,91.54303741455078
77.30000000000001,0.7211517477936253,1.7895278922473121,0.0,0.5000000000000002,0.0,0.0742887333035469,6,91.54303741455078
77.30000000000001,0.7211613740000888,1.789557510816579,0.0,0.5000000000000002,0.0,0.0742887333035469,6,91.54303741455078
77.30000000000001,0.7211613740000888,1.789557510816579,0.0,0.5000000000000002,0.0,0.0742887333035469,6,91.54303741455078
77.30000000000001,0.7211613740000888,1.789557510816579,0.0,0.5000000000000002,0.0,0.0742887333035469,6,91.54303741455078
77.4,0.7211613740000888,1.789557510816579,0.0,0.5000000000000002,0.0,0.0742887333035469,6,91.54303741455078
77.4,0.7211701282008613,1.7895863776322356,0.0,0.5000000000000002,0.0,0.0742887333035469,6,91.54303741455078
77.4,0.7211701282008613,1.7895863776322356,0.0,0.5000000000000002,0.0,0.0742887333035469,6,91.54303741455078
77.4,0.7211701282008613,1.7895863776322356,0.0,0.5000000000000002,0.0,0.0742887333035469,6,91.54303741455078
77.4,0.7211701282008613,1.7895863776322356,0.0,0.5000000000000002,0.0,0.0742887333035469,6,91.54303741455078
77.4,0.7211778979982579,1.789613882671663,0.0,0.5000000000000002,0.0,0.0742887333035469,6,91.54303741455078
77.4,0.7211778979982579,1.789613882671663,0.0,0.5000000000000002,0.0,0.0742887333035469,6,91.54303741455078
77.4,0.7211778979982579,1.789613882671663,0.0,0.5000000000000002,0.0,0.0742887333035469,6,91.54303741455078
77.4,0.7211847817700665,1.789640500107467,0.0,0.5000000000000002,0.0,0.0742887333035469,6,91.54303741455078
77.4,0.7211847817700665,1.789640500107467,0.0,0.5000000000000002,0.0,0.0742887333035469,6,91.54303741455078
77.5,0.7211847817700665,1.789640500107467,0.0,0.5000000000000002,0.0,0.0742887333035469,6,91.54254913330078
77.5,0.7211847817700665,1.789640500107467,0.0,0.5000000000000002,0.0,0.0742887333035469,6,91.54254913330078
77.5,0.7211911247198648,1.7896670765427718,0.0,0.5000000000000002,0.0,0.0742887333035469,6,91.54254913330078
77.5,0.7211911247198648,1.7896670765427718,0.0,0.5000000000000002,0.0,0.0742887333035469,6,91.54254913330078
77.5,0.7211911247198648,1.7896670765427718,0.0,0.5000000000000002,0.0,0.0742887333035469,6,91.54254913330078
77.5,0.7211911247198648,1.7896670765427718,0.0,0.5000000000000002,0.0,0.0742887333035469,6,91.54254913330078
77.5,0.7211970134545704,1.7896943914590526,0.0,0.5000000000000002,0.0,0.0742887333035469,6,91.54254913330078
77.5,0.7211970134545704,1.7896943914590526,0.0,0.5000000000000002,0.0,0.0742887333035469,6,91.54254913330078
77.5,0.7211970134545704,1.7896943914590526,0.0,0.5000000000000002,0.0,0.0742887333035469,6,91.54254913330078
77.5,0.7211970134545704,1.7896943914590526,0.0,0.5000000000000002,0.0,0.0742887333035469,6,91.54254913330078
77.5,0.7211961856165747,1.7891796280852486,0.0,0.5000000000000002,0.0,0.0742887333035469,6,91.54254913330078
77.60000000000001,0.7211961856165747,1.7891796280852486,0.0,0.5000000000000002,0.0,0.0742887333035469,6,91.54254913330078
77.60000000000001,0.7211961856165747,1.7891796280852486,0.0,0.5000000000000002,0.0,0.0742887333035469,6,91.54254913330078
77.60000000000001,0.7211961856165747,1.7891796280852486,0.0,0.5000000000000002,0.0,0.0742887333035469,6,91.54254913330078
77.60000000000001,0.7211872778391701,1.7879792813082167,0.0,0.5000000000000002,0.0,0.0742887333035469,6,91.54254913330078
77.60000000000001,0.7211872778391701,1.7879792813082167,0.0,0.5000000000000002,0.0,0.0742887333035469,6,91.54254913330078
77.60000000000001,0.7211872778391701,1.7879792813082167,0.0,0.5000000000000002,0.0,0.0742887333035469,6,91.54254913330078
77.60000000000001,0.7211782944900158,1.7867801627528719,0.0,0.5000000000000002,0.0,0.0742887333035469,6,91.54254913330078
77.60000000000001,0.7211782944900158,1.7867801627528719,0.0,0.5000000000000002,0.0,0.0742887333035469,6,91.54254913330078
77.60000000000001,0.7211782944900158,1.7867801627528719,0.0,0.5000000000000002,0.0,0.0742887333035469,6,91.54254913330078
77.60000000000001,0.7211692769571714,1.7855824984924509,0.0,0.5000000000000002,0.0,0.0742887333035469,6,91.54254913330078
77.60000000000001,0.7211692769571714,1.7855824984924509,0.0,0.5000000000000002,0.0,0.0742887333035469,6,91.54254913330078
77.7,0.7211692769571714,1.7855824984924509,0.0,0.5000000000000002,0.0,0.0742887333035469,6,91.54254913330078
77.7,0.7211692769571714,1.7855824984924509,0.0,0.5000000000000002,0.0,0.0742887333035469,6,91.54254913330078
77.7,0.7211692769571714,1.7855824984924509,0.0,0.5000000000000002,0.0,0.0742887333035469,6,91.54254913330078
77.7,0.7211601495048028,1.7843861252822115,0.0,0.5000000000000002,0.0,0.0742887333035469,6,91.54254913330078
77.7,0.7211601495048028,1.7843861252822115,0.0,0.5000000000000002,0.0,0.0742887333035469,6,91.54254913330078
77.7,0.7211601495048028,1.7843861252822115,0.0,0.5000000000000002,0.0,0.0742887333035469,6,91.54254913330078
77.7,0.7211508392367021,1.7831899123024335,0.0,0.5000000000000002,0.0,0.0742887333035469,6,91.54254913330078
77.7,0.7211508392367021,1.7831899123024335,0.0,0.5000000000000002,0.0,0.0742887333035469,6,91.54254913330078
77.7,0.7211508392367021,1.7831899123024335,0.0,0.5000000000000002,0.0,0.0742887333035469,6,91.54254913330078
77.7,0.7211483544658288,1.7826459491028777,0.0,0.5000000000000002,0.0,0.0742887333035469,6,91.54254913330078
77.80000000000001,0.7211483544658288,1.7826459491028777,0.0,0.5000000000000002,0.0,0.0742887333035469,6,91.54254913330078
77.80000000000001,0.7211483544658288,1.7826459491028777,0.0,0.5000000000000002,0.0,0.0742887333035469,6,91.54254913330078
77.80000000000001,0.7211483544658288,1.7826459491028777,0.0,0.5000000000000002,0.0,0.0742887333035469,6,91.54254913330078
77.80000000000001,0.7211517822581621,1.7826806836493552,0.0,0.5000000000000002,0.0,0.0742887333035469,6,91.54254913330078
77.80000000000001,0.7211517822581621,1.7826806836493552,0.0,0.5000000000000002,0.0,0.0742887333035469,6,91.54254913330078
77.80000000000001,0.7211517822581621,1.7826806836493552,0.0,0.5000000000000002,0.0,0.0742887333035469,6,91.54254913330078
77.80000000000001,0.7211546298721372,1.7827151240767447,0.0,0.5000000000000002,0.0,0.0742887333035469,6,91.54254913330078
77.80000000000001,0.7211546298721372,1.7827151240767447,0.0,0.5000000000000002,0.0,0.0742887333035469,6,91.54254913330078
77.80000000000001,0.7211546298721372,1.7827151240767447,0.0,0.5000000000000002,0.0,0.0742887333035469,6,91.54254913330078
77.80000000000001,0.7211546298721372,1.7827151240767447,0.0,0.5000000000000002,0.0,0.0742887333035469,6,91.54254913330078
77.80000000000001,0.721156879079546,1.7827487608696218,0.0,0.5000000000000002,0.0,0.0742887333035469,6,91.54254913330078
77.9,0.721156879079546,1.7827487608696218,0.0,0.5000000000000002,0.0,0.0742887333035469,6,91.54254913330078
77.9,0.721156879079546,1.7827487608696218,0.0,0.5000000000000002,0.0,0.0742887333035469,6,91.54254913330078
77.9,0.7211584870558139,1.7827813326752853,0.0,0.5000000000000002,0.0,0.0742887333035469,6,91.54254913330078
77.9,0.7211584870558139,1.7827813326752853,0.0,0.5000000000000002,0.0,0.0742887333035469,6,91.54254913330078
77.9,0.7211584870558139,1.7827813326752853,0.0,0.5000000000000002,0.0,0.0742887333035469,6,91.54254913330078
77.9,0.7211594629334779,1.7828127917651801,0.0,0.5000000000000002,0.0,0.0742887333035469,6,91.54254913330078
77.9,0.7211594629334779,1.7828127917651801,0.0,0.5000000000000002,0.0,0.0742887333035469,6,91.54254913330078
77.9,0.7211594629334779,1.7828127917651801,0.0,0.5000000000000002,0.0,0.0742887333035469,6,91.54254913330078
77.9,0.7211594629334779,1.7828127917651801,0.0,0.5000000000000002,0.0,0.0742887333035469,6,91.54254913330078
78.0,0.7211598097271679,1.7828433163012127,0.0,0.5000000000000002,0.0,0.0742887333035469,6,91.54254913330078
78.0,0.7211598097271679,1.7828433163012127,0.0,0.5000000000000002,0.0,0.0742887333035469,6,91.53575134277344
78.0,0.7211598097271679,1.7828433163012127,0.0,0.5000000000000002,0.0,0.0742887333035469,6,91.53575134277344
78.0,0.7211598097271679,1.7828433163012127,0.0,0.5000000000000002,0.0,0.0742887333035469,6,91.53575134277344
78.0,0.7211595433661175,1.7828731457550198,0.0,0.5000000000000002,0.0,0.0742887333035469,6,91.53575134277344
78.0,0.7211595433661175,1.7828731457550198,0.0,0.5000000000000002,0.0,0.0742887333035469,6,91.53575134277344
78.0,0.7211595433661175,1.7828731457550198,0.0,0.5000000000000002,0.0,0.0742887333035469,6,91.53575134277344
78.0,0.7211586675954764,1.7829026748301617,0.0,0.5000000000000002,0.0,0.0742887333035469,6,91.53575134277344
78.0,0.7211586675954764,1.7829026748301617,0.0,0.5000000000000002,0.0,0.0742887333035469,6,91.53575134277344
78.0,0.7211586675954764,1.7829026748301617,0.0,0.5000000000000002,0.0,0.0742887333035469,6,91.53575134277344
78.0,0.7211572159211137,1.7829322310907652,0.0,0.5000000000000002,0.0,0.0742887333035469,6,91.53575134277344
78.10000000000001,0.7211572159211137,1.7829322310907652,0.0,0.5000000000000002,0.0,0.0742887333035469,6,91.53575134277344
78.10000000000001,0.7211572159211137,1.7829322310907652,0.0,0.5000000000000002,0.0,0.0742887333035469,6,91.53575134277344
78.10000000000001,0.7211572159211137,1.7829322310907652,0.0,0.5000000000000002,0.0,0.0742887333035469,6,91.53575134277344
78.10000000000001,0.7211551406824868,1.782962081878678,0.0,0.5000000000000002,0.0,0.0742887333035469,6,91.53575134277344
78.10000000000001,0.7211551406824868,1.782962081878678,0.0,0.5000000000000002,0.0,0.0742887333035469,6,91.53575134277344
78.10000000000001,0.7211551406824868,1.782962081878678,0.0,0.5000000000000002,0.0,0.0742887333035469,6,91.53575134277344
78.10000000000001,0.7211525049819929,1.7829924211036636,0.0,0.5000000000000002,0.0,0.0742887333035469,6,91.53575134277344
78.10000000000001,0.7211525049819929,1.7829924211036636,0.0,0.5000000000000002,0.0,0.0742887333035469,6,91.53575134277344
78.10000000000001,0.7211525049819929,1.7829924211036636,0.0,0.5000000000000002,0.0,0.0742887333035469,6,91.53575134277344
78.10000000000001,0.7211525049819929,1.7829924211036636,0.0,0.5000000000000002,0.0,0.0742887333035469,6,91.53575134277344
78.2,0.7185100810459284,1.7839689107618208,0.0,0.5000000000000002,0.0,0.0742887333035469,6,91.53575134277344
78.2,0.7185100810459284,1.7839689107618208,0.0,0.5000000000000002,0.0,0.0742887333035469,6,91.53575134277344
78.2,0.7185100810459284,1.7839689107618208,0.0,0.5000000000000002,0.0,0.0742887333035469,6,91.53575134277344
78.2,0.7151924865295629,1.7851821599889854,0.0,0.5000000000000002,0.0,0.0742887333035469,6,91.53575134277344
78.2,0.7151924865295629,1.7851821599889854,0.0,0.5000000000000002,0.0,0.0742887333035469,6,91.53575134277344
78.2,0.7151924865295629,1.7851821599889854,0.0,0.5000000000000002,0.0,0.0742887333035469,6,91.53575134277344
78.2,0.7151924865295629,1.7851821599889854,0.0,0.5000000000000002,0.0,0.0742887333035469,6,91.53575134277344
78.2,0.7118850702145336,1.7863859240308897,0.0,0.5000000000000002,0.0,0.0742887333035469,6,91.53575134277344
78.2,0.7118850702145336,1.7863859240308897,0.0,0.5000000000000002,0.0,0.0742887333035469,6,91.53575134277344
78.2,0.7118850702145336,1.7863859240308897,0.0,0.5000000000000002,0.0,0.0742887333035469,6,91.53575134277344
78.30000000000001,0.7085878321854837,1.7875800641258002,0.0,0.5000000000000002,0.0,0.0742887333035469,6,91.53575134277344
78.30000000000001,0.7085878321854837,1.7875800641258002,0.0,0.5000000000000002,0.0,0.0742887333035469,6,91.53575134277344
78.30000000000001,0.7085878321854837,1.7875800641258002,0.0,0.5000000000000002,0.0,0.0742887333035469,6,91.53575134277344
78.30000000000001,0.7085878321854837,1.7875800641258002,0.0,0.5000000000000002,0.0,0.0742887333035469,6,91.53575134277344
78.30000000000001,0.7053006898374086,1.788764361602424,0.0,0.5000000000000002,0.0,0.0742887333035469,6,91.53575134277344
78.30000000000001,0.7053006898374086,1.788764361602424,0.0,0.5000000000000002,0.0,0.0742887333035469,6,91.53575134277344
78.30000000000001,0.7053006898374086,1.788764361602424,0.0,0.5000000000000002,0.0,0.0742887333035469,6,91.53575134277344
78.30000000000001,0.7020237109488647,1.789938376872619,0.0,0.5000000000000002,0.0,0.0742887333035469,6,91.53575134277344
78.30000000000001,0.7020237109488647,1.789938376872619,0.0,0.5000000000000002,0.0,0.0742887333035469,6,91.53575134277344
78.30000000000001,0.7020237109488647,1.789938376872619,0.0,0.5000000000000002,0.0,0.0742887333035469,6,91.53575134277344
78.30000000000001,0.7020237109488647,1.789938376872619,0.0,0.5000000000000002,0.0,0.0742887333035469,6,91.53575134277344
78.4,0.7016332872014475,1.7901050964189498,0.0,0.5000000000000002,0.0,0.0742887333035469,6,91.53575134277344
78.4,0.7016332872014475,1.7901050964189498,0.0,0.5000000000000002,0.0,0.0742887333035469,6,91.53575134277344
78.4,0.7016332872014475,1.7901050964189498,0.0,0.5000000000000002,0.0,0.0742887333035469,6,91.53575134277344
78.4,0.7016332872014475,1.7901050964189498,0.0,0.5000000000000002,0.0,0.0742887333035469,6,91.53575134277344
78.4,0.7016265631855545,1.7901378079282728,0.0,0.5000000000000002,0.0,0.0742887333035469,6,91.53575134277344
78.4,0.7016265631855545,1.7901378079282728,0.0,0.5000000000000002,0.0,0.0742887333035469,6,91.53575134277344
78.4,0.7016265631855545,1.7901378079282728,0.0,0.5000000000000002,0.0,0.0742887333035469,6,91.53575134277344
78.4,0.7016194213241818,1.7901698902500869,0.0,0.5000000000000002,0.0,0.0742887333035469,6,91.53575134277344
78.4,0.7016194213241818,1.7901698902500869,0.0,0.5000000000000002,0.0,0.0742887333035469,6,91.53575134277344
78.4,0.7016194213241818,1.7901698902500869,0.0,0.5000000000000002,0.0,0.0742887333035469,6,91.53575134277344
78.4,0.7016194213241818,1.7901698902500869,0.0,0.5000000000000002,0.0,0.0742887333035469,6,91.53575134277344
78.5,0.7016117804770807,1.7902012657240667,0.0,0.5000000000000002,0.0,0.0742887333035469,6,91.51488494873047
78.5,0.7016117804770807,1.7902012657240667,0.0,0.5000000000000002,0.0,0.0742887333035469,6,91.51488494873047
78.5,0.7016117804770807,1.7902012657240667,0.0,0.5000000000000002,0.0,0.0742887333035469,6,91.51488494873047
78.5,0.7016117804770807,1.7902012657240667,0.0,0.5000000000000002,0.0,0.0742887333035469,6,91.51488494873047
78.5,0.7016037107727415,1.7902318253391218,0.0,0.5000000000000002,0.0,0.0742887333035469,6,91.51488494873047
78.5,0.7016037107727415,1.7902318253391218,0.0,0.5000000000000002,0.0,0.0742887333035469,6,91.51488494873047
78.5,0.7016037107727415,1.7902318253391218,0.0,0.5000000000000002,0.0,0.0742887333035469,6,91.51488494873047
78.5,0.7015952191452173,1.7902617314433078,0.0,0.5000000000000002,0.0,0.0742887333035469,6,91.51488494873047
78.5,0.7015952191452173,1.7902617314433078,0.0,0.5000000000000002,0.0,0.0742887333035469,6,91.51488494873047
78.5,0.7015952191452173,1.7902617314433078,0.0,0.5000000000000002,0.0,0.0742887333035469,6,91.51488494873047
78.60000000000001,0.7002852553455856,1.7898406234530397,0.0,0.5000000000000002,0.0,0.0742887333035469,6,91.51488494873047
78.60000000000001,0.7002852553455856,1.7898406234530397,0.0,0.5000000000000002,0.0,0.0742887333035469,6,91.51488494873047
78.60000000000001,0.7002852553455856,1.7898406234530397,0.0,0.5000000000000002,0.0,0.0742887333035469,6,91.51488494873047
78.60000000000001,0.7002852553455856,1.7898406234530397,0.0,0.5000000000000002,0.0,0.0742887333035469,6,91.51488494873047
78.60000000000001,0.6989871638150649,1.7894067562340552,0.0,0.5000000000000002,0.0,0.0742887333035469,6,91.51488494873047
78.60000000000001,0.6989871638150649,1.7894067562340552,0.0,0.5000000000000002,0.0,0.0742887333035469,6,91.51488494873047
78.60000000000001,0.6989871638150649,1.7894067562340552,0.0,0.5000000000000002,0.0,0.0742887333035469,6,91.51488494873047
78.60000000000001,0.6977008662869826,1.7889603365219577,0.0,0.5000000000000002,0.0,0.0,6,91.51488494873047
78.60000000000001,0.6977008662869826,1.7889603365219577,0.0,0.5000000000000002,0.0,0.0,6,91.51488494873047
78.60000000000001,0.6977008662869826,1.7889603365219577,0.0,0.5000000000000002,0.0,0.0,6,91.51488494873047
78.7,0.6977008662869826,1.7889603365219577,0.0,0.5000000000000002,0.0,0.0,6,91.51488494873047
78.7,0.6964264507656681,1.788501508180421,0.0,0.5000000000000002,0.0,0.0,6,91.51488494873047
78.7,0.6964264507656681,1.788501508180421,0.0,0.5000000000000002,0.0,0.0,6,91.51488494873047
78.7,0.6964264507656681,1.788501508180421,0.0,0.5000000000000002,0.0,0.0,6,91.51488494873047
78.7,0.695163809196738,1.7880307141942198,0.0,0.5000000000000002,0.0,0.0,6,91.51488494873047
78.7,0.695163809196738,1.7880307141942198,0.0,0.5000000000000002,0.0,0.0,6,91.51488494873047
78.7,0.695163809196738,1.7880307141942198,0.0,0.5000000000000002,0.0,0.0,6,91.51488494873047
78.7,0.695163809196738,1.7880307141942198,0.0,0.5000000000000002,0.0,0.0,6,91.51488494873047
78.7,0.6939130210972067,1.7875476941018222,0.0,0.5000000000000002,0.0,0.10983053594827652,6,91.51488494873047
78.7,0.6939130210972067,1.7875476941018222,0.0,0.5000000000000002,0.0,0.10983053594827652,6,91.51488494873047
78.7,0.6939130210972067,1.7875476941018222,0.0,0.5000000000000002,0.0,0.10983053594827652,6,91.51488494873047
78.80000000000001,0.6939130210972067,1.7875476941018222,0.0,0.5000000000000002,0.0,0.10983053594827652,6,91.51488494873047
78.80000000000001,0.693899859853903,1.7875771070167639,0.0,0.5000000000000002,0.0,0.10983053594827652,6,91.51488494873047
78.80000000000001,0.693899859853903,1.7875771070167639,0.0,0.5000000000000002,0.0,0.10983053594827652,6,91.51488494873047
78.80000000000001,0.693899859853903,1.7875771070167639,0.0,0.5000000000000002,0.0,0.10983053594827652,6,91.51488494873047
78.80000000000001,0.6938860163705747,1.787606598597438,0.0,0.5000000000000002,0.0,0.10983053594827652,6,91.51488494873047
78.80000000000001,0.6938860163705747,1.787606598597438,0.0,0.5000000000000002,0.0,0.10983053594827652,6,91.51488494873047
78.80000000000001,0.6938860163705747,1.787606598597438,0.0,0.5000000000000002,0.0,0.10983053594827652,6,91.51488494873047
78.80000000000001,0.6938860163705747,1.787606598597438,0.0,0.5000000000000002,0.0,0.10983053594827652,6,91.51488494873047
78.80000000000001,0.6938860163705747,1.787606598597438,0.0,0.5000000000000002,0.0,0.10983053594827652,6,91.51488494873047
78.80000000000001,0.6938715107074716,1.7876361560947007,0.0,0.5000000000000002,0.0,0.10983053594827652,6,91.51488494873047
78.80000000000001,0.6938715107074716,1.7876361560947007,0.0,0.5000000000000002,0.0,0.10983053594827652,6,91.51488494873047
78.9,0.6938715107074716,1.7876361560947007,0.0,0.5000000000000002,0.0,0.10983053594827652,6,91.51488494873047
78.9,0.6938564465787027,1.7876658789772404,0.011578947368421053,0.3400000000000002,0.0,0.10983053594827652,6,91.51488494873047
78.9,0.6938564465787027,1.7876658789772404,0.011578947368421053,0.3400000000000002,0.0,0.10983053594827652,6,91.51488494873047
78.9,0.6938564465787027,1.7876658789772404,0.011578947368421053,0.3400000000000002,0.0,0.10983053594827652,6,91.51488494873047
78.9,0.6938564465787027,1.7876658789772404,0.011578947368421053,0.3400000000000002,0.0,0.10983053594827652,6,91.51488494873047
78.9,0.6940135189226844,1.787336467808418,0.011578947368421053,0.1800000000000002,0.0,0.10983053594827652,6,91.51488494873047
78.9,0.6940135189226844,1.787336467808418,0.011578947368421053,0.1800000000000002,0.0,0.10983053594827652,6,91.51488494873047
78.9,0.6940135189226844,1.787336467808418,0.011578947368421053,0.1800000000000002,0.0,0.10983053594827652,6,91.51488494873047
78.9,0.6940135189226844,1.787336467808418,0.011578947368421053,0.1800000000000002,0.0,0.10983053594827652,6,91.51488494873047
78.9,0.6941817467060472,1.786994746728236,0.011578947368421053,0.1800000000000002,0.0,0.10983053594827652,6,91.51488494873047
78.9,0.6941817467060472,1.786994746728236,0.0,0.020000000000000184,0.0,0.10983053594827652,6,91.51488494873047
78.9,0.6941817467060472,1.786994746728236,0.0,0.020000000000000184,0.0,0.10983053594827652,6,91.51488494873047
79.0,0.6941817467060472,1.786994746728236,0.0,0.020000000000000184,0.0,0.10983053594827652,6,91.50679779052734
79.0,0.694354131902603,1.786647679263413,0.0,0.020000000000000184,0.0,0.10983053594827652,6,91.50679779052734
79.0,0.694354131902603,1.786647679263413,0.0,0.020000000000000184,0.0,0.10983053594827652,6,91.50679779052734
79.0,0.694354131902603,1.786647679263413,0.0,0.1410256410256411,0.0,0.10983053594827652,6,91.50679779052734
79.0,0.6943493201789914,1.7866538507115055,0.0,0.1410256410256411,0.0,0.10983053594827652,6,91.50679779052734
79.0,0.6943493201789914,1.7866538507115055,0.0,0.1410256410256411,0.0,0.10983053594827652,6,91.50679779052734
79.0,0.6943493201789914,1.7866538507115055,0.0,0.1410256410256411,0.0,0.10983053594827652,6,91.50679779052734
79.0,0.6943493201789914,1.7866538507115055,0.0,0.1410256410256411,0.0,0.10983053594827652,6,91.50679779052734
79.0,0.6943471381904067,1.7866566954267844,0.0,0.1410256410256411,0.0,0.10983053594827652,6,91.50679779052734
79.0,0.6943471381904067,1.7866566954267844,0.0,0.1410256410256411,0.0,0.10983053594827652,6,91.50679779052734
79.10000000000001,0.694342309956133,1.7866638199543,0.0,0.1410256410256411,0.0,0.10983053594827652,6,91.50679779052734
79.10000000000001,0.694342309956133,1.7866638199543,0.0,0.1410256410256411,0.0,0.10983053594827652,6,91.50679779052734
79.10000000000001,0.694342309956133,1.7866638199543,0.0,0.1410256410256411,0.0,0.10983053594827652,6,91.50679779052734
79.10000000000001,0.694342309956133,1.7866638199543,0.0,0.1410256410256411,0.0,0.10983053594827652,6,91.50679779052734
79.10000000000001,0.694342309956133,1.7866638199543,0.0,0.1410256410256411,0.0,0.10983053594827652,6,91.50679779052734
79.10000000000001,0.6943360272597328,1.786672457368974,0.0,0.1410256410256411,0.0,0.10983053594827652,6,91.50679779052734
79.10000000000001,0.6943360272597328,1.786672457368974,0.0,0.1410256410256411,0.0,0.10983053594827652,6,91.50679779052734
79.10000000000001,0.6943360272597328,1.786672457368974,0.0,0.1410256410256411,0.0,0.10983053594827652,6,91.50679779052734
79.10000000000001,0.6940558026898109,1.7860465739456601,0.0,0.1410256410256411,0.0,0.10983053594827652,6,91.50679779052734
79.10000000000001,0.6940558026898109,1.7860465739456601,0.0,0.1410256410256411,0.0,0.10983053594827652,6,91.50679779052734
79.2,0.6940558026898109,1.7860465739456601,0.0,0.1410256410256411,0.0,0.10983053594827652,6,91.50679779052734
79.2,0.6940558026898109,1.7860465739456601,0.0,0.1410256410256411,0.0,0.10983053594827652,6,91.50679779052734
79.2,0.6931142057511299,1.7839056262518906,0.0,0.1410256410256411,0.0,0.10983053594827652,6,91.50679779052734
79.2,0.6931142057511299,1.7839056262518906,0.0,0.1410256410256411,0.0,0.10983053594827652,6,91.50679779052734
79.2,0.6931142057511299,1.7839056262518906,0.0,0.1410256410256411,0.0,0.10983053594827652,6,91.50679779052734
79.2,0.6931142057511299,1.7839056262518906,0.0,0.1410256410256411,0.0,0.10983053594827652,6,91.50679779052734
79.2,0.6921715983507277,1.7817665206620317,0.0,0.1410256410256411,0.0,0.10983053594827652,6,91.50679779052734
79.2,0.6921715983507277,1.7817665206620317,0.0,0.1410256410256411,0.0,0.08111155778169632,6,91.50679779052734
79.2,0.6921715983507277,1.7817665206620317,0.0,0.1410256410256411,0.0,0.08111155778169632,6,91.50679779052734
79.2,0.6912291708580209,1.7796271750471087,0.0,0.1410256410256411,0.0,0.08111155778169632,6,91.50679779052734
79.2,0.6912291708580209,1.7796271750471087,0.0,0.1410256410256411,0.0,0.08111155778169632,6,91.50679779052734
79.2,0.6912291708580209,1.7796271750471087,0.0,0.1410256410256411,0.0,0.08111155778169632,6,91.50679779052734
79.30000000000001,0.6912291708580209,1.7796271750471087,0.0,0.1410256410256411,0.0,0.08111155778169632,6,91.50679779052734
79.30000000000001,0.6912291708580209,1.7796271750471087,0.0,0.1410256410256411,0.0,0.08111155778169632,6,91.50679779052734
79.30000000000001,0.6902876522282619,1.777487158031882,0.0,0.1410256410256411,0.0,0.08111155778169632,6,91.50679779052734
79.30000000000001,0.6902876522282619,1.777487158031882,0.0,0.1410256410256411,0.0,0.08111155778169632,6,91.50679779052734
79.30000000000001,0.6902876522282619,1.777487158031882,0.0,0.1410256410256411,0.0,0.08111155778169632,6,91.50679779052734
79.30000000000001,0.6893459820845069,1.7753478356290855,0.0,0.1410256410256411,0.0,0.08111155778169632,6,91.50679779052734
79.30000000000001,0.6893459820845069,1.7753478356290855,0.0,0.1410256410256411,0.0,0.08111155778169632,6,91.50679779052734
79.30000000000001,0.6893459820845069,1.7753478356290855,0.0,0.1410256410256411,0.0,0.08111155778169632,6,91.50679779052734
79.30000000000001,0.6893459820845069,1.7753478356290855,0.0,0.1410256410256411,0.0,0.08111155778169632,6,91.50679779052734
79.30000000000001,0.6885967429930795,1.7736510947077502,0.0,0.1410256410256411,0.0,0.08111155778169632,6,91.50679779052734
79.4,0.6885967429930795,1.7736510947077502,0.0,0.1410256410256411,0.0,0.08111155778169632,6,91.50679779052734
79.4,0.6885967429930795,1.7736510947077502,0.0,0.1410256410256411,0.0,0.08111155778169632,6,91.50679779052734
79.4,0.6885967429930795,1.7736510947077502,0.0,0.11538461538461547,0.0,0.08111155778169632,6,91.50679779052734
79.4,0.6885967429930795,1.7736510947077502,0.0,0.11538461538461547,0.0,0.08111155778169632,6,91.50679779052734
79.4,0.6885909163008674,1.7736590440084417,0.0,0.11538461538461547,0.0,0.08111155778169632,6,91.50679779052734
79.4,0.6885909163008674,1.7736590440084417,0.0,0.11538461538461547,0.0,0.08111155778169632,6,91.50679779052734
79.4,0.6885909163008674,1.7736590440084417,0.0,0.11538461538461547,0.0,0.08111155778169632,6,91.50679779052734
79.4,0.6885855467951094,1.7736663258932657,0.0,0.11538461538461547,0.0,0.08111155778169632,6,91.50679779052734
79.4,0.6885855467951094,1.7736663258932657,0.0,0.11538461538461547,0.0,0.08111155778169632,6,91.50679779052734
79.4,0.6885855467951094,1.7736663258932657,0.0,0.11538461538461547,0.0,0.08111155778169632,6,91.50679779052734
79.4,0.6885807789047103,1.7736725385196046,0.0,0.11538461538461547,0.0,0.08111155778169632,6,91.50679779052734
79.4,0.6885807789047103,1.7736725385196046,0.0,0.11538461538461547,0.0,0.08111155778169632,6,91.50679779052734
79.5,0.6885807789047103,1.7736725385196046,0.0,0.11538461538461547,0.0,0.08111155778169632,6,91.49234771728516
79.5,0.6885807789047103,1.7736725385196046,0.0,0.11538461538461547,0.0,0.08111155778169632,6,91.49234771728516
79.5,0.6885758384142286,1.7736792619510695,0.0,0.11538461538461547,0.0,0.08111155778169632,6,91.49234771728516
79.5,0.6885758384142286,1.7736792619510695,0.0,0.11538461538461547,0.0,0.08111155778169632,6,91.49234771728516
79.5,0.6885758384142286,1.7736792619510695,0.0,0.11538461538461547,0.0,0.08111155778169632,6,91.49234771728516
79.5,0.6885707233119267,1.7736862550766086,0.0,0.11538461538461547,0.0,0.08111155778169632,6,91.49234771728516
79.5,0.6885707233119267,1.7736862550766086,0.0,0.11538461538461547,0.0,0.08111155778169632,6,91.49234771728516
79.5,0.6885707233119267,1.7736862550766086,0.0,0.11538461538461547,0.0,0.08111155778169632,6,91.49234771728516
79.5,0.6885707233119267,1.7736862550766086,0.0,0.11538461538461547,0.0,0.08111155778169632,6,91.49234771728516
79.5,0.6885659988299642,1.773692501479855,0.0,0.11538461538461547,0.0,0.08111155778169632,6,91.49234771728516
79.60000000000001,0.6885659988299642,1.773692501479855,0.0,0.11538461538461547,0.0,0.08111155778169632,6,91.49234771728516
79.60000000000001,0.6885659988299642,1.773692501479855,0.0,0.11538461538461547,0.0,0.08111155778169632,6,91.49234771728516
79.60000000000001,0.6885659988299642,1.773692501479855,0.0,0.11538461538461547,0.0,0.08111155778169632,6,91.49234771728516
79.60000000000001,0.6885616379474944,1.773698317059965,0.0,0.11538461538461547,0.0,0.08111155778169632,6,91.49234771728516
79.60000000000001,0.6885616379474944,1.773698317059965,0.0,0.11538461538461547,0.0,0.08111155778169632,6,91.49234771728516
79.60000000000001,0.6885616379474944,1.773698317059965,0.0,0.11538461538461547,0.0,0.08111155778169632,6,91.49234771728516
79.60000000000001,0.6885573210246214,1.7737041189632257,0.0,0.11538461538461547,0.0,0.08111155778169632,6,91.49234771728516
79.60000000000001,0.6885573210246214,1.7737041189632257,0.0,0.11538461538461547,0.0,0.08111155778169632,6,91.49234771728516
79.60000000000001,0.6885573210246214,1.7737041189632257,0.0,0.11538461538461547,0.0,0.08111155778169632,6,91.49234771728516
79.60000000000001,0.6885573210246214,1.7737041189632257,0.0,0.11538461538461547,0.0,0.08111155778169632,6,91.49234771728516
79.60000000000001,0.68855317982574,1.7737096222183952,0.0,0.08974358974358984,0.0,0.08111155778169632,6,91.49234771728516
79.7,0.68855317982574,1.7737096222183952,0.0,0.08974358974358984,0.0,0.08111155778169632,6,91.49234771728516
79.7,0.68855317982574,1.7737096222183952,0.0,0.08974358974358984,0.0,0.08111155778169632,6,91.49234771728516
79.7,0.68855317982574,1.7737096222183952,0.0,0.08974358974358984,0.0,0.0257119033485651,6,91.49234771728516
79.7,0.6885496796748869,1.7737140358434125,0.0,0.08974358974358984,0.0,0.0257119033485651,6,91.49234771728516
79.7,0.6885496796748869,1.7737140358434125,0.0,0.08974358974358984,0.0,0.0257119033485651,6,91.49234771728516
79.7,0.6885496796748869,1.7737140358434125,0.0,0.08974358974358984,0.0,0.0257119033485651,6,91.49234771728516
79.7,0.6885496796748869,1.7737140358434125,0.0,0.08974358974358984,0.0,0.0257119033485651,6,91.49234771728516
79.7,0.6885472181961321,1.7737171920733525,0.0,0.08974358974358984,0.0,0.0257119033485651,6,91.49234771728516
79.7,0.6885472181961321,1.7737171920733525,0.0,0.08974358974358984,0.0,0.0257119033485651,6,91.49234771728516
79.7,0.6885472181961321,1.7737171920733525,0.011578947368421053,0.012820512820512941,0.0,0.0257119033485651,6,91.49234771728516
79.80000000000001,0.6873647286057429,1.774310678458464,0.011578947368421053,0.012820512820512941,0.0,0.0257119033485651,6,91.49234771728516
79.80000000000001,0.6873647286057429,1.774310678458464,0.011578947368421053,0.012820512820512941,0.0,0.0257119033485651,6,91.49234771728516
79.80000000000001,0.6873647286057429,1.774310678458464,0.011578947368421053,0.012820512820512941,0.0,0.0257119033485651,6,91.49234771728516
79.80000000000001,0.6873647286057429,1.774310678458464,0.011578947368421053,0.012820512820512935,0.0,0.0257119033485651,6,91.49234771728516
79.80000000000001,0.6850720423444319,1.775222157839702,0.011578947368421053,0.012820512820512935,0.0,0.0257119033485651,6,91.49234771728516
79.80000000000001,0.6850720423444319,1.775222157839702,0.011578947368421053,0.012820512820512935,0.0,0.0257119033485651,6,91.49234771728516
79.80000000000001,0.6850720423444319,1.775222157839702,0.011578947368421053,0.012820512820512935,0.0,0.0257119033485651,6,91.49234771728516
79.80000000000001,0.6850720423444319,1.775222157839702,0.011578947368421053,0.012820512820512935,0.0,0.0257119033485651,6,91.49234771728516
79.80000000000001,0.6827919782248808,1.776115884850265,0.011578947368421053,0.012820512820512935,0.0,0.0257119033485651,6,91.49234771728516
79.80000000000001,0.6827919782248808,1.776115884850265,0.011578947368421053,0.012820512820512935,0.0,0.0257119033485651,6,91.49234771728516
79.80000000000001,0.6827919782248808,1.776115884850265,0.011578947368421053,0.012820512820512935,0.0,0.0257119033485651,6,91.49234771728516
79.80000000000001,0.6827919782248808,1.776115884850265,0.011578947368421053,0.012820512820512935,0.0,0.0257119033485651,6,91.49234771728516
79.80000000000001,0.6805169623996805,1.777003419427917,0.011578947368421053,0.012820512820512935,0.0,0.0257119033485651,6,91.49234771728516
79.9,0.6805169623996805,1.777003419427917,0.011578947368421053,0.012820512820512935,0.0,0.0257119033485651,6,91.49234771728516
79.9,0.6805169623996805,1.777003419427917,0.011578947368421053,0.012820512820512935,0.0,0.0257119033485651,6,91.49234771728516
79.9,0.6805169623996805,1.777003419427917,0.011578947368421053,0.012820512820512935,0.0,0.0257119033485651,6,91.49234771728516
79.9,0.678249733346443,1.7778819820470735,0.011578947368421053,0.012820512820512935,0.0,0.0257119033485651,6,91.49234771728516
79.9,0.678249733346443,1.7778819820470735,0.011578947368421053,0.012820512820512935,0.0,0.0257119033485651,6,91.49234771728516
79.9,0.678249733346443,1.7778819820470735,0.011578947368421053,0.0,0.0,0.0257119033485651,6,91.49234771728516
79.9,0.6759946428577861,1.7787451129407876,0.011578947368421053,0.0,0.0,0.0257119033485651,6,91.49234771728516
79.9,0.6759946428577861,1.7787451129407876,0.011578947368421053,0.0,0.0,0.0257119033485651,6,91.49234771728516
79.9,0.6759946428577861,1.7787451129407876,0.011578947368421053,0.0,0.0,0.0257119033485651,6,91.49234771728516
79.9,0.6751881313158477,1.7788976845523612,0.011578947368421053,0.0,0.0,0.0257119033485651,6,91.49234771728516
80.0,0.6751881313158477,1.7788976845523612,0.011578947368421053,0.0,0.0,0.0257119033485651,6,91.49234771728516
80.0,0.6751881313158477,1.7788976845523612,0.011578947368421053,0.0,0.0,0.0257119033485651,6,91.47796630859375
80.0,0.6751881313158477,1.7788976845523612,0.011578947368421053,0.0,0.0,0.0257119033485651,6,91.47796630859375
80.0,0.6751881313158477,1.7788976845523612,0.011578947368421053,0.0,0.0,0.0257119033485651,6,91.47796630859375
80.0,0.6753899729186397,1.7785608025771,0.011578947368421053,0.0,0.0,0.0257119033485651,6,91.47796630859375
80.0,0.6753899729186397,1.7785608025771,0.011578947368421053,0.0,0.0,0.0257119033485651,6,91.47796630859375
80.0,0.6753899729186397,1.7785608025771,0.011578947368421053,0.0,0.0,0.0257119033485651,6,91.47796630859375
80.0,0.6753899729186397,1.7785608025771,0.011578947368421053,0.0,0.0,0.0257119033485651,6,91.47796630859375
80.0,0.6755919774241885,1.7782238251974993,0.011578947368421053,0.0,0.0,0.0257119033485651,6,91.47796630859375
80.0,0.6755919774241885,1.7782238251974993,0.011578947368421053,0.0,0.0,0.0257119033485651,6,91.47796630859375
80.0,0.6755919774241885,1.7782238251974993,0.0,0.16,0.0,0.0257119033485651,6,91.47796630859375
80.0,0.6755919774241885,1.7782238251974993,0.0,0.16,0.0,0.0257119033485651,6,91.47796630859375
80.0,0.6757947753004765,1.7778858449325892,0.0,0.16,0.0,0.0257119033485651,6,91.47796630859375
80.10000000000001,0.6757947753004765,1.7778858449325892,0.0,0.16,0.0,0.0257119033485651,6,91.47796630859375
80.10000000000001,0.6757947753004765,1.7778858449325892,0.0,0.16,0.0,0.0257119033485651,6,91.47796630859375
80.10000000000001,0.6757947753004765,1.7778858449325892,0.0,0.32,0.0,0.0257119033485651,6,91.47796630859375
80.10000000000001,0.6757938580703344,1.7778878197771903,0.0,0.32,0.0,0.0257119033485651,6,91.47796630859375
80.10000000000001,0.6757938580703344,1.7778878197771903,0.0,0.32,0.0,0.0257119033485651,6,91.47796630859375
80.10000000000001,0.6757938580703344,1.7778878197771903,0.0,0.32,0.0,0.0257119033485651,6,91.47796630859375
80.10000000000001,0.6757846282199598,1.777902491063294,0.0,0.32,0.0,0.0257119033485651,6,91.47796630859375
80.10000000000001,0.6757846282199598,1.777902491063294,0.0,0.48,0.0,0.0257119033485651,6,91.47796630859375
80.10000000000001,0.6757846282199598,1.777902491063294,0.0,0.48,0.0,0.0257119033485651,6,91.47796630859375
80.10000000000001,0.6757846282199598,1.777902491063294,0.0,0.48,0.0,0.0257119033485651,6,91.47796630859375
80.2,0.6757691821556397,1.7779254311795272,0.0,0.48,0.0,0.0257119033485651,6,91.47796630859375
80.2,0.6757691821556397,1.7779254311795272,0.0,0.48,0.0,0.0257119033485651,6,91.47796630859375
80.2,0.6757691821556397,1.7779254311795272,0.0,0.5000000000000002,0.0,0.0257119033485651,6,91.47796630859375
80.2,0.6757691821556397,1.7779254311795272,0.0,0.5000000000000002,0.0,0.0257119033485651,6,91.47796630859375
80.2,0.6757691821556397,1.7779254311795272,0.0,0.5000000000000002,0.0,0.0257119033485651,6,91.47796630859375
80.2,0.6757691821556397,1.7779254311795272,0.0,0.5000000000000002,0.0,0.0257119033485651,6,91.47796630859375
80.2,0.6757553578837827,1.7779462833460928,0.0,0.5000000000000002,0.0,0.0257119033485651,6,91.47796630859375
80.2,0.6757553578837827,1.7779462833460928,0.0,0.5000000000000002,0.0,0.0257119033485651,6,91.47796630859375
80.2,0.6757553578837827,1.7779462833460928,0.0,0.5000000000000002,0.0,0.0257119033485651,6,91.47796630859375
80.2,0.6757553578837827,1.7779462833460928,0.0,0.5000000000000002,0.0,0.0257119033485651,6,91.47796630859375
80.2,0.6757375348541439,1.7779722543069512,0.0,0.5000000000000002,0.0,0.0257119033485651,6,91.47796630859375
80.2,0.6757375348541439,1.7779722543069512,0.0,0.5000000000000002,0.0,0.0257119033485651,6,91.47796630859375
80.2,0.6757375348541439,1.7779722543069512,0.0,0.5000000000000002,0.0,0.0257119033485651,6,91.47796630859375
80.2,0.6757375348541439,1.7779722543069512,0.0,0.5000000000000002,0.0,0.0257119033485651,6,91.47796630859375
80.30000000000001,0.6757375348541439,1.7779722543069512,0.0,0.5000000000000002,0.0,0.0257119033485651,6,91.47796630859375
80.30000000000001,0.6757172545833672,1.7780008552284923,0.0,0.5000000000000002,0.0,0.0257119033485651,6,91.47796630859375
80.30000000000001,0.6757172545833672,1.7780008552284923,0.0,0.5000000000000002,0.0,0.0257119033485651,6,91.47796630859375
80.30000000000001,0.6757172545833672,1.7780008552284923,0.0,0.5000000000000002,0.0,0.0257119033485651,6,91.47796630859375
80.30000000000001,0.6757172545833672,1.7780008552284923,0.0,0.5000000000000002,0.0,0.0257119033485651,6,91.47796630859375
80.30000000000001,0.6756992531654853,1.7780260928615343,0.0,0.5000000000000002,0.0,0.0257119033485651,6,91.47796630859375
80.30000000000001,0.6756992531654853,1.7780260928615343,0.0,0.5000000000000002,0.0,0.0257119033485651,6,91.47796630859375
80.30000000000001,0.6756992531654853,1.7780260928615343,0.0,0.5000000000000002,0.0,0.0257119033485651,6,91.47796630859375
80.30000000000001,0.6756992531654853,1.7780260928615343,0.0,0.5000000000000002,0.0,0.0257119033485651,6,91.47796630859375
80.30000000000001,0.6756992531654853,1.7780260928615343,0.0,0.5000000000000002,0.0,0.0257119033485651,6,91.47796630859375
80.30000000000001,0.6756809714757275,1.7780504684667249,0.0,0.5000000000000002,0.0,0.0257119033485651,6,91.47796630859375
80.30000000000001,0.6756809714757275,1.7780504684667249,0.0,0.5000000000000002,0.0,0.0257119033485651,6,91.47796630859375
80.30000000000001,0.6756809714757275,1.7780504684667249,0.0,0.5000000000000002,0.0,0.0257119033485651,6,91.47796630859375
80.4,0.6756809714757275,1.7780504684667249,0.0,0.5000000000000002,0.0,0.0257119033485651,6,91.47796630859375
80.4,0.675661193343601,1.7780769614408265,0.0,0.5000000000000002,0.0,0.0257119033485651,6,91.47796630859375
80.4,0.675661193343601,1.7780769614408265,0.0,0.5000000000000002,0.0,0.0257119033485651,6,91.47796630859375
80.4,0.675661193343601,1.7780769614408265,0.0,0.5000000000000002,0.0,0.0257119033485651,6,91.47796630859375
80.4,0.6756404776634233,1.7781027315881361,0.0,0.5000000000000002,0.0,0.0257119033485651,6,91.47796630859375
80.4,0.6756404776634233,1.7781027315881361,0.0,0.5000000000000002,0.0,0.0257119033485651,6,91.47796630859375
80.4,0.6756404776634233,1.7781027315881361,0.0,0.5000000000000002,0.0,0.0257119033485651,6,91.47796630859375
80.4,0.6756404776634233,1.7781027315881361,0.0,0.5000000000000002,0.0,0.0257119033485651,6,91.47796630859375
80.4,0.6756206843413259,1.7781275041251778,0.0,0.5000000000000002,0.0,0.0257119033485651,6,91.47796630859375
80.4,0.6756206843413259,1.7781275041251778,0.0,0.5000000000000002,0.0,0.0257119033485651,6,91.47796630859375
80.4,0.6756206843413259,1.7781275041251778,0.0,0.5000000000000002,0.0,0.0257119033485651,6,91.47796630859375
80.4,0.6756206843413259,1.7781275041251778,0.0,0.5000000000000002,0.0,0.0257119033485651,6,91.47796630859375
80.5,0.6756000715201278,1.7781521963828513,0.0,0.5000000000000002,0.0,0.0257119033485651,6,91.47796630859375
80.5,0.6756000715201278,1.7781521963828513,0.0,0.5000000000000002,0.0,0.0257119033485651,6,91.47708892822266
80.5,0.6756000715201278,1.7781521963828513,0.0,0.5000000000000002,0.0,0.0257119033485651,6,91.47708892822266
80.5,0.6756000715201278,1.7781521963828513,0.0,0.5000000000000002,0.0,0.0257119033485651,6,91.47708892822266
80.5,0.6756000715201278,1.7781521963828513,0.0,0.5000000000000002,0.0,0.0257119033485651,6,91.47708892822266
80.5,0.675578619999706,1.77817691547782,0.0,0.5000000000000002,0.0,0.0257119033485651,6,91.47708892822266
80.5,0.675578619999706,1.77817691547782,0.0,0.5000000000000002,0.0,0.0257119033485651,6,91.47708892822266
80.5,0.675578619999706,1.77817691547782,0.0,0.5000000000000002,0.0,0.0257119033485651,6,91.47708892822266
80.5,0.6755571013686541,1.7782009410012094,0.0,0.5000000000000002,0.0,0.0257119033485651,6,91.47708892822266
80.5,0.6755571013686541,1.7782009410012094,0.0,0.5000000000000002,0.0,0.056111473590135574,6,91.47708892822266
80.5,0.6755571013686541,1.7782009410012094,0.0,0.5000000000000002,0.0,0.056111473590135574,6,91.47708892822266
80.60000000000001,0.6755571013686541,1.7782009410012094,0.0,0.5000000000000002,0.0,0.056111473590135574,6,91.47708892822266
80.60000000000001,0.6755571013686541,1.7782009410012094,0.0,0.5000000000000002,0.0,0.056111473590135574,6,91.47708892822266
80.60000000000001,0.6755354777554927,1.7782243946652676,0.0,0.5000000000000002,0.0,0.056111473590135574,6,91.47708892822266
80.60000000000001,0.6755354777554927,1.7782243946652676,0.0,0.5000000000000002,0.0,0.056111473590135574,6,91.47708892822266
80.60000000000001,0.6755354777554927,1.7782243946652676,0.0,0.5000000000000002,0.0,0.056111473590135574,6,91.47708892822266
80.60000000000001,0.6755354777554927,1.7782243946652676,0.0,0.5000000000000002,0.0,0.056111473590135574,6,91.47708892822266
80.60000000000001,0.6755132348875386,1.7782474923123344,0.0,0.5000000000000002,0.0,0.056111473590135574,6,91.47708892822266
80.60000000000001,0.6755132348875386,1.7782474923123344,0.0,0.5000000000000002,0.0,0.056111473590135574,6,91.47708892822266
80.60000000000001,0.6755132348875386,1.7782474923123344,0.0,0.5000000000000002,0.0,0.056111473590135574,6,91.47708892822266
80.60000000000001,0.6755132348875386,1.7782474923123344,0.0,0.5000000000000002,0.0,0.056111473590135574,6,91.47708892822266
80.60000000000001,0.6754905857060813,1.778270299726601,0.0,0.5000000000000002,0.0,0.056111473590135574,6,91.47708892822266
80.60000000000001,0.6754905857060813,1.778270299726601,0.0,0.5000000000000002,0.0,0.056111473590135574,6,91.47708892822266
80.7,0.6754905857060813,1.778270299726601,0.0,0.5000000000000002,0.0,0.056111473590135574,6,91.47708892822266
80.7,0.6754676941684574,1.778292370621195,0.0,0.5000000000000002,0.0,0.056111473590135574,6,91.47708892822266
80.7,0.6754676941684574,1.778292370621195,0.0,0.5000000000000002,0.0,0.056111473590135574,6,91.47708892822266
80.7,0.6754676941684574,1.778292370621195,0.0,0.5000000000000002,0.0,0.056111473590135574,6,91.47708892822266
80.7,0.675444350248041,1.7783140322013482,0.0,0.5000000000000002,0.0,0.056111473590135574,6,91.47708892822266
80.7,0.675444350248041,1.7783140322013482,0.0,0.5000000000000002,0.0,0.056111473590135574,6,91.47708892822266
80.7,0.675444350248041,1.7783140322013482,0.0,0.5000000000000002,0.0,0.056111473590135574,6,91.47708892822266
80.7,0.675444350248041,1.7783140322013482,0.0,0.5000000000000002,0.0,0.056111473590135574,6,91.47708892822266
80.7,0.6754204869679756,1.7783354288656263,0.0,0.5000000000000002,0.0,0.056111473590135574,6,91.47708892822266
80.7,0.6754204869679756,1.7783354288656263,0.0,0.5000000000000002,0.0,0.056111473590135574,6,91.47708892822266
80.80000000000001,0.6754204869679756,1.7783354288656263,0.0,0.47435897435897456,0.0,0.056111473590135574,6,91.47708892822266
80.80000000000001,0.6754204869679756,1.7783354288656263,0.0,0.47435897435897456,0.0,0.056111473590135574,6,91.47708892822266
80.80000000000001,0.6753961659830734,1.7783562263069879,0.0,0.47435897435897456,0.0,0.056111473590135574,6,91.47708892822266
80.80000000000001,0.6753961659830734,1.7783562263069879,0.0,0.47435897435897456,0.0,0.056111473590135574,6,91.47708892822266
80.80000000000001,0.6753961659830734,1.7783562263069879,0.0,0.47435897435897456,0.0,0.056111473590135574,6,91.47708892822266
80.80000000000001,0.6753961659830734,1.7783562263069879,0.0,0.47435897435897456,0.0,0.056111473590135574,6,91.47708892822266
80.80000000000001,0.6753720650086972,1.7783761214660037,0.0,0.47435897435897456,0.0,0.056111473590135574,6,91.47708892822266
80.80000000000001,0.6753720650086972,1.7783761214660037,0.0,0.47435897435897456,0.0,0.056111473590135574,6,91.47708892822266
80.80000000000001,0.6753720650086972,1.7783761214660037,0.0,0.47435897435897456,0.0,0.056111473590135574,6,91.47708892822266
80.80000000000001,0.6753720650086972,1.7783761214660037,0.0,0.47435897435897456,0.0,0.056111473590135574,6,91.47708892822266
80.80000000000001,0.6753720650086972,1.7783761214660037,0.0,0.4487179487179489,0.0,0.056111473590135574,6,91.47708892822266
80.80000000000001,0.6753488312369162,1.7783946710250769,0.0,0.4487179487179489,0.0,0.056111473590135574,6,91.47708892822266
80.9,0.6753488312369162,1.7783946710250769,0.0,0.4487179487179489,0.0,0.056111473590135574,6,91.47708892822266
80.9,0.6753488312369162,1.7783946710250769,0.0,0.4487179487179489,0.0,0.056111473590135574,6,91.47708892822266
80.9,0.6753255072247699,1.778412711305608,0.0,0.4487179487179489,0.0,0.056111473590135574,6,91.47708892822266
80.9,0.6753255072247699,1.778412711305608,0.0,0.4487179487179489,0.0,0.056111473590135574,6,91.47708892822266
80.9,0.6753255072247699,1.778412711305608,0.0,0.4487179487179489,0.0,0.056111473590135574,6,91.47708892822266
80.9,0.6753255072247699,1.778412711305608,0.0,0.4487179487179489,0.0,0.056111473590135574,6,91.47708892822266
80.9,0.6753022532293209,1.778429883767599,0.0,0.4487179487179489,0.0,0.056111473590135574,6,91.47708892822266
80.9,0.6753022532293209,1.778429883767599,0.0,0.4487179487179489,0.0,0.056111473590135574,6,91.47708892822266
80.9,0.6753022532293209,1.778429883767599,0.0,0.4487179487179489,0.0,0.056111473590135574,6,91.47708892822266
80.9,0.6753022532293209,1.778429883767599,0.0,0.4487179487179489,0.0,0.056111473590135574,6,91.47708892822266
80.9,0.675278566868603,1.7784468162497824,0.0,0.4487179487179489,0.0,0.056111473590135574,6,91.47708892822266
80.9,0.675278566868603,1.7784468162497824,0.0,0.4487179487179489,0.0,0.056111473590135574,6,91.47708892822266
80.9,0.675278566868603,1.7784468162497824,0.0,0.4487179487179489,0.0,0.056111473590135574,6,91.47708892822266
81.0,0.675278566868603,1.7784468162497824,0.0,0.42307692307692324,0.0,0.056111473590135574,6,91.47708892822266
81.0,0.675278566868603,1.7784468162497824,0.0,0.42307692307692324,0.0,0.056111473590135574,6,91.47661590576172
81.0,0.6752543344386164,1.7784633571822903,0.0,0.42307692307692324,0.0,0.056111473590135574,6,91.47661590576172
81.0,0.6752543344386164,1.7784633571822903,0.0,0.42307692307692324,0.0,0.056111473590135574,6,91.47661590576172
81.0,0.6752543344386164,1.7784633571822903,0.0,0.42307692307692324,0.0,0.056111473590135574,6,91.47661590576172
81.0,0.6752543344386164,1.7784633571822903,0.0,0.42307692307692324,0.0,0.056111473590135574,6,91.47661590576172
81.0,0.6752543344386164,1.7784633571822903,0.0,0.42307692307692324,0.0,0.056111473590135574,6,91.47661590576172
81.0,0.6752307324391573,1.7784787078984783,0.0,0.42307692307692324,0.0,0.056111473590135574,6,91.47661590576172
81.0,0.6752307324391573,1.7784787078984783,0.0,0.42307692307692324,0.0,0.056111473590135574,6,91.47661590576172
81.0,0.6752307324391573,1.7784787078984783,0.0,0.42307692307692324,0.0,0.056111473590135574,6,91.47661590576172
81.0,0.6752079396765895,1.778493188998696,0.0,0.3974358974358976,0.0,0.056111473590135574,6,91.47661590576172
81.0,0.6752079396765895,1.778493188998696,0.0,0.3974358974358976,0.0,0.056111473590135574,6,91.47661590576172
81.10000000000001,0.6752079396765895,1.778493188998696,0.0,0.3974358974358976,0.0,0.056111473590135574,6,91.47661590576172
81.10000000000001,0.6752079396765895,1.778493188998696,0.0,0.3974358974358976,0.0,0.056111473590135574,6,91.47661590576172
81.10000000000001,0.6751844861212926,1.7785075103605394,0.0,0.3974358974358976,0.0,0.056111473590135574,6,91.47661590576172
81.10000000000001,0.6751844861212926,1.7785075103605394,0.0,0.3974358974358976,0.0,0.056111473590135574,6,91.47661590576172
81.10000000000001,0.6751844861212926,1.7785075103605394,0.0,0.3974358974358976,0.0,0.056111473590135574,6,91.47661590576172
81.10000000000001,0.6751615270243387,1.7785208223040354,0.0,0.3974358974358976,0.0,0.056111473590135574,6,91.47661590576172
81.10000000000001,0.6751615270243387,1.7785208223040354,0.0,0.3974358974358976,0.0,0.056111473590135574,6,91.47661590576172
81.10000000000001,0.6751615270243387,1.7785208223040354,0.0,0.3974358974358976,0.0,0.056111473590135574,6,91.47661590576172
81.10000000000001,0.6751615270243387,1.7785208223040354,0.0,0.3717948717948719,0.0,0.056111473590135574,6,91.47661590576172
81.2,0.6749459156301902,1.7778036606498195,0.0,0.3717948717948719,0.0,0.056111473590135574,6,91.47661590576172
81.2,0.6749459156301902,1.7778036606498195,0.0,0.3717948717948719,0.0,0.056111473590135574,6,91.47661590576172
81.2,0.6749459156301902,1.7778036606498195,0.0,0.3717948717948719,0.0,0.056111473590135574,6,91.47661590576172
81.2,0.6741110935516423,1.7747059835034296,0.0,0.3717948717948719,0.0,0.056111473590135574,6,91.47661590576172
81.2,0.6741110935516423,1.7747059835034296,0.0,0.3717948717948719,0.0,0.056111473590135574,6,91.47661590576172
81.2,0.6741110935516423,1.7747059835034296,0.0,0.34615384615384626,0.0,0.056111473590135574,6,91.47661590576172
81.2,0.6741110935516423,1.7747059835034296,0.0,0.34615384615384626,0.0,0.056111473590135574,6,91.47661590576172
81.2,0.6732906995845203,1.7715936113725648,0.0,0.34615384615384626,0.0,0.056111473590135574,6,91.47661590576172
81.2,0.6732906995845203,1.7715936113725648,0.0,0.34615384615384626,0.0,0.056111473590135574,6,91.47661590576172
81.2,0.6732906995845203,1.7715936113725648,0.0,0.34615384615384626,0.0,0.056111473590135574,6,91.47661590576172
81.2,0.6732906995845203,1.7715936113725648,0.0,0.34615384615384626,0.0,0.056111473590135574,6,91.47661590576172
81.2,0.6732906995845203,1.7715936113725648,0.0,0.34615384615384626,0.0,0.056111473590135574,6,91.47661590576172
81.30000000000001,0.6724853999113254,1.768466098669737,0.0,0.34615384615384626,0.0,0.056111473590135574,6,91.47661590576172
81.30000000000001,0.6724853999113254,1.768466098669737,0.0,0.34615384615384626,0.0,0.056111473590135574,6,91.47661590576172
81.30000000000001,0.6724853999113254,1.768466098669737,0.0,0.34615384615384626,0.0,0.056111473590135574,6,91.47661590576172
81.30000000000001,0.6716950885176154,1.7653239022011205,0.0,0.18615384615384625,0.0,0.056111473590135574,6,91.47661590576172
81.30000000000001,0.6716950885176154,1.7653239022011205,0.0,0.18615384615384625,0.0,0.056111473590135574,6,91.47661590576172
