time,x,y,vx,vz,eta,distance_remaining,recoveries,battery
85.4,4.636219149289987,-3.2054031181747087,0.0,0.0,0.0,0.0,0,94.33784484863281
85.4,4.636219149289987,-3.2054031181747087,0.0,0.0,0.0,0.0,0,94.33784484863281
85.4,4.636219149289987,-3.2054031181747087,0.0,0.0,0.0,5.058282852172852,0,94.33784484863281
85.4,4.6362191471150185,-3.205403117516921,0.0,0.0,0.0,5.058282852172852,0,94.33784484863281
85.4,4.6362191471150185,-3.205403117516921,0.0,0.0,0.0,5.058282852172852,0,94.33784484863281
85.4,4.6362191471150185,-3.205403117516921,0.0,0.0,0.0,5.058282852172852,0,94.33784484863281
85.4,4.6362191471150185,-3.205403117516921,0.0,0.0,0.0,5.058282852172852,0,94.33784484863281
85.4,4.636219181936196,-3.2054031181095115,0.0,0.0,0.0,5.058282852172852,0,94.33784484863281
85.4,4.636219181936196,-3.2054031181095115,0.0,-0.16,0.0,5.058282852172852,0,94.33784484863281
85.4,4.636219181936196,-3.2054031181095115,0.0,-0.16,0.0,5.058282852172852,0,94.33784484863281
85.4,4.636219181936196,-3.2054031181095115,0.0,-0.16,0.0,5.058282852172852,0,94.33784484863281
85.5,4.63621913993236,-3.2054031181366556,0.0,-0.16,0.0,5.058282852172852,0,94.33784484863281
85.5,4.63621913993236,-3.2054031181366556,0.0,-0.32,0.0,5.058282852172852,0,94.33784484863281
85.5,4.63621913993236,-3.2054031181366556,0.0,-0.32,0.0,5.058282852172852,0,94.33784484863281
85.5,4.63621913993236,-3.2054031181366556,0.0,-0.32,0.0,5.058282852172852,0,94.33784484863281
85.5,4.636224671431217,-3.205403384374629,0.0,-0.32,0.0,5.058282852172852,0,94.33784484863281
85.5,4.636224671431217,-3.205403384374629,0.0,-0.32,0.0,5.058282852172852,0,94.33784484863281
85.5,4.636224671431217,-3.205403384374629,0.0,-0.32,0.0,5.058282852172852,0,94.33784484863281
85.5,4.636245524313077,-3.2054030408549092,0.0,-0.48,0.0,5.058282852172852,0,94.33784484863281
85.5,4.636245524313077,-3.2054030408549092,0.0,-0.48,0.0,5.058282852172852,0,94.33784484863281
85.5,4.636245524313077,-3.2054030408549092,0.0,-0.48,0.0,5.058282852172852,0,94.33784484863281
85.60000000000001,4.636245524313077,-3.2054030408549092,0.0,-0.48,0.0,5.058282852172852,0,94.33784484863281
85.60000000000001,4.6362783796522695,-3.2054027482939924,0.0,-0.48,0.0,5.058282852172852,0,94.33784484863281
85.60000000000001,4.6362783796522695,-3.2054027482939924,0.0,-0.64,0.0,5.058282852172852,0,94.33784484863281
85.60000000000001,4.6362783796522695,-3.2054027482939924,0.0,-0.64,0.0,5.058282852172852,0,94.33784484863281
85.60000000000001,4.6363124021891,-3.205403253189197,0.0,-0.64,0.0,5.058282852172852,0,94.33784484863281
85.60000000000001,4.6363124021891,-3.205403253189197,0.0,-0.64,0.0,5.058282852172852,0,94.33784484863281
85.60000000000001,4.6363124021891,-3.205403253189197,0.0,-0.64,0.0,5.058282852172852,0,94.33784484863281
85.60000000000001,4.6363124021891,-3.205403253189197,0.0,-0.8,0.0,5.058282852172852,0,94.33784484863281
85.60000000000001,4.6363467416725275,-3.2054048050297728,0.0,-0.8,0.0,5.058282852172852,0,94.33784484863281
85.60000000000001,4.6363467416725275,-3.2054048050297728,0.0,-0.8,0.0,5.058282852172852,0,94.33784484863281
85.60000000000001,4.6363467416725275,-3.2054048050297728,0.0,-0.8,0.0,5.058282852172852,0,94.33784484863281
85.7,4.6363971750568975,-3.205407709084474,0.0,-0.8,0.0,5.058282852172852,0,94.33784484863281
85.7,4.6363971750568975,-3.205407709084474,0.0,-0.9600000000000001,0.0,5.058282852172852,0,94.33784484863281
85.7,4.6363971750568975,-3.205407709084474,0.0,-0.9600000000000001,0.0,5.058282852172852,0,94.33784484863281
85.7,4.6363971750568975,-3.205407709084474,0.0,-0.9600000000000001,0.0,5.058282852172852,0,94.33784484863281
85.7,4.636455910320381,-3.2054127410466275,0.0,-0.9600000000000001,0.0,5.058282852172852,0,94.33784484863281
85.7,4.636455910320381,-3.2054127410466275,0.0,-0.9600000000000001,0.0,5.058282852172852,0,94.33784484863281
85.7,4.636455910320381,-3.2054127410466275,0.0,-0.9487179487179487,0.0,5.058282852172852,0,94.33784484863281
85.7,4.636510414682887,-3.2054197771392214,0.0,-0.9487179487179487,0.0,5.058282852172852,0,94.33784484863281
85.7,4.636510414682887,-3.2054197771392214,0.0,-0.9487179487179487,0.0,5.058282852172852,0,94.33784484863281
85.7,4.636510414682887,-3.2054197771392214,0.0,-0.9487179487179487,0.0,5.058282852172852,0,94.33784484863281
85.80000000000001,4.63657115579073,-3.2054289773128075,0.0,-0.9487179487179487,0.0,5.058282852172852,0,94.33784484863281
85.80000000000001,4.63657115579073,-3.2054289773128075,0.0,-0.9487179487179487,0.0,5.058282852172852,0,94.33784484863281
85.80000000000001,4.63657115579073,-3.2054289773128075,0.0,-0.9487179487179487,0.0,5.058282852172852,0,94.33784484863281
85.80000000000001,4.63657115579073,-3.2054289773128075,0.0,-0.9487179487179487,0.0,5.058282852172852,0,94.33784484863281
85.80000000000001,4.636633533133381,-3.2054406042993873,0.0,-0.9487179487179487,0.0,5.058282852172852,0,94.33784484863281
85.80000000000001,4.636633533133381,-3.2054406042993873,0.0,-0.9487179487179487,0.0,5.058282852172852,0,94.33784484863281
85.80000000000001,4.636633533133381,-3.2054406042993873,0.0,-1.0,0.0,5.058282852172852,0,94.33784484863281
85.80000000000001,4.636633533133381,-3.2054406042993873,0.0,-1.0,0.0,5.058282852172852,0,94.33784484863281
85.80000000000001,4.636690912333973,-3.2054536690821918,0.0,-1.0,0.0,5.058282852172852,0,94.33784484863281
85.80000000000001,4.636690912333973,-3.2054536690821918,0.0,-1.0,0.0,5.058282852172852,0,94.33784484863281
85.9,4.636690912333973,-3.2054536690821918,0.0,-1.0,0.0,5.058282852172852,0,94.33784484863281
85.9,4.636690912333973,-3.2054536690821918,0.0,-1.0,0.0,5.058282852172852,0,94.33784484863281
85.9,4.6367493520794305,-3.2054691405646674,0.0,-1.0,0.0,5.058282852172852,0,94.33784484863281
85.9,4.6367493520794305,-3.2054691405646674,0.0,-1.0,0.0,5.058282852172852,0,94.33784484863281
85.9,4.6367493520794305,-3.2054691405646674,0.0,-1.0,0.0,5.058282852172852,0,94.33784484863281
85.9,4.6367493520794305,-3.2054691405646674,0.0,-1.0,0.0,5.058282852172852,0,94.33784484863281
85.9,4.636812623765088,-3.2054878946798695,0.0,-1.0,0.0,5.058282852172852,0,94.33784484863281
85.9,4.636812623765088,-3.2054878946798695,0.0,-1.0,0.0,5.058282852172852,0,94.33784484863281
85.9,4.636812623765088,-3.2054878946798695,0.0,-1.0,0.0,5.058282852172852,0,94.33784484863281
85.9,4.636873794759394,-3.2055083452463546,0.0,-1.0,0.0,5.058282852172852,0,94.33784484863281
85.9,4.636873794759394,-3.2055083452463546,0.0,-1.0,0.0,5.058282852172852,0,94.33784484863281
86.0,4.636873794759394,-3.2055083452463546,0.0,-1.0,0.0,5.058282852172852,0,94.33784484863281
86.0,4.636873794759394,-3.2055083452463546,0.0,-1.0,0.0,5.058282852172852,0,94.3371810913086
86.0,4.636931531983453,-3.2055300778959355,0.0,-1.0,0.0,5.058282852172852,0,94.3371810913086
86.0,4.636931531983453,-3.2055300778959355,0.0,-1.0,0.0,5.058282852172852,0,94.3371810913086
86.0,4.636931531983453,-3.2055300778959355,0.0,-1.0,0.0,5.058282852172852,0,94.3371810913086
86.0,4.636931531983453,-3.2055300778959355,0.0,-1.0,0.0,5.058282852172852,0,94.3371810913086
86.0,4.63698961015997,-3.205554580939979,0.0,-1.0,0.0,5.058282852172852,0,94.3371810913086
86.0,4.63698961015997,-3.205554580939979,0.0,-1.0,0.0,5.058282852172852,0,94.3371810913086
86.0,4.63698961015997,-3.205554580939979,0.0,-1.0,0.0,5.058282852172852,0,94.3371810913086
86.0,4.637048367979073,-3.2055812271887065,0.0,-1.0,0.0,5.058282852172852,0,94.3371810913086
86.0,4.637048367979073,-3.2055812271887065,0.0,-1.0,0.0,5.058282852172852,0,94.3371810913086
86.10000000000001,4.637048367979073,-3.2055812271887065,0.0,-1.0,0.0,5.058282852172852,0,94.3371810913086
86.10000000000001,4.637048367979073,-3.2055812271887065,0.0,-1.0,0.0,5.058282852172852,0,94.3371810913086
86.10000000000001,4.637104759062453,-3.2056097312134173,0.0,-1.0,0.0,5.058282852172852,0,94.3371810913086
86.10000000000001,4.637104759062453,-3.2056097312134173,0.0,-1.0,0.0,5.058282852172852,0,94.3371810913086
86.10000000000001,4.637104759062453,-3.2056097312134173,0.0,-1.0,0.0,5.058282852172852,0,94.3371810913086
86.10000000000001,4.637160142581536,-3.2056394712857186,0.0,-1.0,0.0,5.058282852172852,0,94.3371810913086
86.10000000000001,4.637160142581536,-3.2056394712857186,0.0,-1.0,0.0,5.058282852172852,0,94.3371810913086
86.10000000000001,4.637160142581536,-3.2056394712857186,0.0,-1.0,0.0,5.058282852172852,0,94.3371810913086
86.10000000000001,4.637160142581536,-3.2056394712857186,0.0,-1.0,0.0,5.058282852172852,0,94.3371810913086
86.10000000000001,4.637214970313337,-3.205671612723598,0.0,-1.0,0.0,5.058282852172852,0,94.3371810913086
86.10000000000001,4.637214970313337,-3.205671612723598,0.0,-1.0,0.0,5.058282852172852,0,94.3371810913086
86.2,4.637214970313337,-3.205671612723598,0.0,-1.0,0.0,5.058282852172852,0,94.3371810913086
86.2,4.637268681578926,-3.2057054141941355,0.0,-1.0,0.0,5.058282852172852,0,94.3371810913086
86.2,4.637268681578926,-3.2057054141941355,0.0,-1.0,0.0,5.058282852172852,0,94.3371810913086
86.2,4.637268681578926,-3.2057054141941355,0.08105263157894736,-1.0,0.0,5.058282852172852,0,94.3371810913086
86.2,4.637268681578926,-3.2057054141941355,0.08105263157894736,-1.0,0.0,5.058282852172852,0,94.3371810913086
86.2,4.63732100184591,-3.205740626012333,0.08105263157894736,-1.0,0.0,5.058282852172852,0,94.3371810913086
86.2,4.63732100184591,-3.205740626012333,0.08105263157894736,-1.0,0.0,5.058282852172852,0,94.3371810913086
86.2,4.63732100184591,-3.205740626012333,0.08105263157894736,-1.0,0.0,5.058282852172852,0,94.3371810913086
86.2,4.63732100184591,-3.205740626012333,0.08105263157894736,-1.0,0.0,5.058282852172852,0,94.3371810913086
86.2,4.638296713625561,-3.206465285036572,0.08105263157894736,-1.0,0.0,5.058282852172852,0,94.3371810913086
86.2,4.638296713625561,-3.206465285036572,0.08105263157894736,-1.0,0.0,5.058282852172852,0,94.3371810913086
86.2,4.638296713625561,-3.206465285036572,0.08105263157894736,-1.0,0.0,5.058282852172852,0,94.3371810913086
86.30000000000001,4.638296713625561,-3.206465285036572,0.0,-1.0,0.0,5.058282852172852,0,94.3371810913086
86.30000000000001,4.640149551971006,-3.207940065187113,0.0,-1.0,391.378015481,5.058282852172852,0,94.3371810913086
86.30000000000001,4.640149551971006,-3.207940065187113,0.0,-1.0,391.378015481,5.058282852172852,0,94.3371810913086
86.30000000000001,4.640149551971006,-3.207940065187113,0.0,-1.0,391.378015481,5.058282852172852,0,94.3371810913086
86.30000000000001,4.640149551971006,-3.207940065187113,0.0,-1.0,391.378015481,5.058282852172852,0,94.3371810913086
86.30000000000001,4.6410758349243135,-3.2087262397143252,0.0,-1.0,304.469244299,5.058282852172852,0,94.3371810913086
86.30000000000001,4.6410758349243135,-3.2087262397143252,0.0,-1.0,304.469244299,5.058282852172852,0,94.3371810913086
86.30000000000001,4.6410758349243135,-3.2087262397143252,0.0,-1.0,304.469244299,5.058282852172852,0,94.3371810913086
86.30000000000001,4.6410758349243135,-3.2087262397143252,0.0,-1.0,306.35325705,5.089582920074463,0,94.3371810913086
86.30000000000001,4.6410758349243135,-3.2087262397143252,0.0,-1.0,306.35325705,5.089582920074463,0,94.3371810913086
86.30000000000001,4.6410758349243135,-3.2087262397143252,0.03473684210526316,-1.0,306.35325705,5.089582920074463,0,94.3371810913086
86.30000000000001,4.641164402067917,-3.2088054064926688,0.03473684210526316,-1.0,306.35325705,5.089582920074463,0,94.3371810913086
86.4,4.641164402067917,-3.2088054064926688,0.03473684210526316,-1.0,302.487793598,5.089582920074463,0,94.3371810913086
86.4,4.641164402067917,-3.2088054064926688,0.03473684210526316,-1.0,302.487793598,5.089582920074463,0,94.3371810913086
86.4,4.641164402067917,-3.2088054064926688,0.03473684210526316,-1.0,302.487793598,5.089582920074463,0,94.3371810913086
86.4,4.641164402067917,-3.2088054064926688,0.03473684210526316,-1.0,302.487793598,5.089582920074463,0,94.3371810913086
86.4,4.64204875445834,-3.2096620930198285,0.03473684210526316,-1.0,247.269568459,5.089582920074463,0,94.3371810913086
86.4,4.64204875445834,-3.2096620930198285,0.03473684210526316,-1.0,247.269568459,5.089582920074463,0,94.3371810913086
86.4,4.64204875445834,-3.2096620930198285,0.03473684210526316,-1.0,247.269568459,5.089582920074463,0,94.3371810913086
86.4,4.64204875445834,-3.2096620930198285,0.03473684210526316,-1.0,247.269568459,5.089582920074463,0,94.3371810913086
86.4,4.6429124166478415,-3.2105582149601357,0.03473684210526316,-1.0,209.005724545,5.089582920074463,0,94.3371810913086
86.4,4.6429124166478415,-3.2105582149601357,0.03473684210526316,-1.0,209.005724545,5.089582920074463,0,94.3371810913086
86.4,4.6429124166478415,-3.2105582149601357,0.03473684210526316,-1.0,209.005724545,5.089582920074463,0,94.3371810913086
86.4,4.6429124166478415,-3.2105582149601357,0.03473684210526316,-1.0,209.005724545,5.089582920074463,0,94.3371810913086
86.4,4.643745268519292,-3.211483034019292,0.03473684210526316,-1.0,180.832310602,5.089582920074463,0,94.3371810913086
86.5,4.643745268519292,-3.211483034019292,0.03473684210526316,-1.0,180.832310602,5.089582920074463,0,94.3371810913086
86.5,4.643745268519292,-3.211483034019292,0.03473684210526316,-1.0,180.832310602,5.089582920074463,0,94.32807922363281
86.5,4.643745268519292,-3.211483034019292,0.03473684210526316,-1.0,180.832310602,5.089582920074463,0,94.32807922363281
86.5,4.644546495991383,-3.212435406762767,0.03473684210526316,-1.0,159.51630292,5.089582920074463,0,94.32807922363281
86.5,4.644546495991383,-3.212435406762767,0.03473684210526316,-1.0,159.51630292,5.089582920074463,0,94.32807922363281
86.5,4.644546495991383,-3.212435406762767,0.03473684210526316,-1.0,159.51630292,5.089582920074463,0,94.32807922363281
86.5,4.644546495991383,-3.212435406762767,0.15973684210526318,-1.0,159.51630292,5.089582920074463,0,94.32807922363281
86.5,4.644546495991383,-3.212435406762767,0.15973684210526318,-1.0,159.51630292,5.089582920074463,0,94.32807922363281
86.5,4.645315257785596,-3.2134145169060515,0.15973684210526318,-1.0,142.508873483,5.089582920074463,0,94.32807922363281
86.5,4.645315257785596,-3.2134145169060515,0.15973684210526318,-1.0,142.508873483,5.089582920074463,0,94.32807922363281
86.5,4.645315257785596,-3.2134145169060515,0.15973684210526318,-1.0,142.508873483,5.089582920074463,0,94.32807922363281
86.5,4.645315257785596,-3.2134145169060515,0.18526315789473682,-1.0,142.508873483,5.089582920074463,0,94.32807922363281
86.5,4.646722994027894,-3.2153423560264036,0.18526315789473682,-1.0,128.633403923,5.089582920074463,0,94.32807922363281
86.5,4.646722994027894,-3.2153423560264036,0.18526315789473682,-1.0,128.633403923,5.089582920074463,0,94.32807922363281
86.60000000000001,4.646722994027894,-3.2153423560264036,0.18526315789473682,-1.0,128.633403923,5.089582920074463,0,94.32807922363281
86.60000000000001,4.646722994027894,-3.2153423560264036,0.18526315789473682,-1.0,128.633403923,5.089582920074463,0,94.32807922363281
86.60000000000001,4.648712040914248,-3.2182717596119,0.08105263157894736,-1.0,117.260606899,5.089582920074463,0,94.32807922363281
86.60000000000001,4.648712040914248,-3.2182717596119,0.08105263157894736,-1.0,117.260606899,5.089582920074463,0,94.32807922363281
86.60000000000001,4.648712040914248,-3.2182717596119,0.08105263157894736,-1.0,117.260606899,5.089582920074463,0,94.32807922363281
86.60000000000001,4.648712040914248,-3.2182717596119,0.08105263157894736,-1.0,117.260606899,5.089582920074463,0,94.32807922363281
86.60000000000001,4.650215700856726,-3.220654814318109,0.08105263157894736,-1.0,104.594371762,5.089582920074463,0,94.32807922363281
86.60000000000001,4.650215700856726,-3.220654814318109,0.08105263157894736,-1.0,104.594371762,5.089582920074463,0,94.32807922363281
86.60000000000001,4.650215700856726,-3.220654814318109,0.08105263157894736,-1.0,104.594371762,5.089582920074463,0,94.32807922363281
86.60000000000001,4.650215700856726,-3.220654814318109,0.08105263157894736,-1.0,104.594371762,5.089582920074463,0,94.32807922363281
86.60000000000001,4.650215700856726,-3.220654814318109,0.08105263157894736,-1.0,104.594371762,5.089582920074463,0,94.32807922363281
86.60000000000001,4.651637944478664,-3.2230880880154213,0.12736842105263158,-1.0,88.630270434,5.089582920074463,0,94.32807922363281
86.7,4.651637944478664,-3.2230880880154213,0.12736842105263158,-1.0,88.630270434,5.089582920074463,0,94.32807922363281
86.7,4.651637944478664,-3.2230880880154213,0.12736842105263158,-1.0,88.630270434,5.089582920074463,0,94.32807922363281
86.7,4.651637944478664,-3.2230880880154213,0.12736842105263158,-1.0,88.630270434,5.089582920074463,0,94.32807922363281
86.7,4.65303978802628,-3.2266862030080685,0.12736842105263158,-1.0,81.266057382,5.089582920074463,0,94.32807922363281
86.7,4.65303978802628,-3.2266862030080685,0.12736842105263158,-1.0,81.266057382,5.089582920074463,0,94.32807922363281
86.7,4.65303978802628,-3.2266862030080685,0.12736842105263158,-1.0,81.266057382,5.089582920074463,0,94.32807922363281
86.7,4.65303978802628,-3.2266862030080685,0.12736842105263158,-1.0,81.266057382,5.089582920074463,0,94.32807922363281
86.7,4.65303978802628,-3.2266862030080685,0.12736842105263158,-1.0,81.266057382,5.089582920074463,0,94.32807922363281
86.7,4.65303978802628,-3.2266862030080685,0.12736842105263158,-1.0,81.266057382,5.089582920074463,0,94.32807922363281
86.7,4.654950439135484,-3.232777765337519,0.19684210526315787,-1.0,71.095967976,5.089582920074463,0,94.32807922363281
86.7,4.654950439135484,-3.232777765337519,0.19684210526315787,-1.0,71.095967976,5.089582920074463,0,94.32807922363281
86.7,4.654950439135484,-3.232777765337519,0.19684210526315787,-1.0,71.095967976,5.089582920074463,0,94.32807922363281
86.7,4.654950439135484,-3.232777765337519,0.19684210526315787,-1.0,71.095967976,5.089582920074463,0,94.32807922363281
86.7,4.656914470310264,-3.239307664028419,0.19684210526315787,-1.0,62.125774551,5.089582920074463,0,94.32807922363281
86.80000000000001,4.656914470310264,-3.239307664028419,0.19684210526315787,-1.0,62.125774551,5.089582920074463,0,94.32807922363281
86.80000000000001,4.656914470310264,-3.239307664028419,0.19684210526315787,-1.0,62.125774551,5.089582920074463,0,94.32807922363281
86.80000000000001,4.656914470310264,-3.239307664028419,0.19684210526315787,-1.0,62.125774551,5.089582920074463,0,94.32807922363281
86.80000000000001,4.656914470310264,-3.239307664028419,0.19684210526315787,-1.0,62.125774551,5.089582920074463,0,94.32807922363281
86.80000000000001,4.659185600152295,-3.2469629500607486,0.19684210526315787,-1.0,52.995828355,5.089582920074463,0,94.32807922363281
86.80000000000001,4.659185600152295,-3.2469629500607486,0.19684210526315787,-1.0,52.995828355,5.089582920074463,0,94.32807922363281
86.80000000000001,4.659185600152295,-3.2469629500607486,0.18526315789473682,-1.0,52.995828355,5.089582920074463,0,94.32807922363281
86.80000000000001,4.661689681584361,-3.2557674246770985,0.18526315789473682,-1.0,44.6724291,5.089582920074463,0,94.32807922363281
86.80000000000001,4.661689681584361,-3.2557674246770985,0.18526315789473682,-1.0,44.6724291,5.089582920074463,0,94.32807922363281
86.80000000000001,4.661689681584361,-3.2557674246770985,0.18526315789473682,-1.0,44.6724291,5.089582920074463,0,94.32807922363281
86.80000000000001,4.661689681584361,-3.2557674246770985,0.18526315789473682,-1.0,44.6724291,5.089582920074463,0,94.32807922363281
86.80000000000001,4.661689681584361,-3.2557674246770985,0.18526315789473682,-1.0,44.6724291,5.089582920074463,0,94.32807922363281
86.9,4.663873272468871,-3.264322743034882,0.18526315789473682,-1.0,40.09731931,5.089582920074463,0,94.32807922363281
86.9,4.663873272468871,-3.264322743034882,0.18526315789473682,-1.0,40.09731931,5.089582920074463,0,94.32807922363281
86.9,4.663873272468871,-3.264322743034882,0.18526315789473682,-1.0,40.09731931,5.089582920074463,0,94.32807922363281
86.9,4.670015570671816,-3.2697063523951684,0.18526315789473682,-1.0,37.384148964,5.089582920074463,0,94.32807922363281
86.9,4.670015570671816,-3.2697063523951684,0.17368421052631577,-1.0,37.384148964,5.089582920074463,0,94.32807922363281
86.9,4.670015570671816,-3.2697063523951684,0.17368421052631577,-1.0,37.384148964,5.089582920074463,0,94.32807922363281
86.9,4.670015570671816,-3.2697063523951684,0.17368421052631577,-1.0,37.384148964,5.089582920074463,0,94.32807922363281
86.9,4.678868783507797,-3.272882119589539,0.17368421052631577,-1.0,34.450256303,5.089582920074463,0,94.32807922363281
86.9,4.678868783507797,-3.272882119589539,0.17368421052631577,-1.0,34.450256303,5.089582920074463,0,94.32807922363281
86.9,4.678868783507797,-3.272882119589539,0.17368421052631577,-1.0,34.450256303,5.089582920074463,0,94.32807922363281
86.9,4.678868783507797,-3.272882119589539,0.17368421052631577,-1.0,34.450256303,5.089582920074463,0,94.32807922363281
87.0,4.6874309834630195,-3.275726160794859,0.17368421052631577,-1.0,32.20060083,5.089582920074463,0,94.32807922363281
87.0,4.6874309834630195,-3.275726160794859,0.17368421052631577,-1.0,32.20060083,5.089582920074463,0,94.2503890991211
87.0,4.6874309834630195,-3.275726160794859,0.17368421052631577,-1.0,32.20060083,5.089582920074463,0,94.2503890991211
87.0,4.6874309834630195,-3.275726160794859,0.20842105263157892,-1.0,32.20060083,5.089582920074463,0,94.2503890991211
87.0,4.6958002038254305,-3.2786110690643784,0.20842105263157892,-1.0,30.225076243,5.089582920074463,0,94.2503890991211
87.0,4.6958002038254305,-3.2786110690643784,0.20842105263157892,-1.0,30.225076243,5.089582920074463,0,94.2503890991211
87.0,4.6958002038254305,-3.2786110690643784,0.20842105263157892,-1.0,30.225076243,5.089582920074463,0,94.2503890991211
87.0,4.6958002038254305,-3.2786110690643784,0.20842105263157892,-1.0,30.225076243,5.089582920074463,0,94.2503890991211
87.0,4.704156212406958,-3.2826709348577987,0.20842105263157892,-1.0,28.479963212,5.089582920074463,0,94.2503890991211
87.0,4.704156212406958,-3.2826709348577987,0.20842105263157892,-1.0,28.479963212,5.089582920074463,0,94.2503890991211
87.0,4.704156212406958,-3.2826709348577987,0.20842105263157892,-1.0,28.479963212,5.089582920074463,0,94.2503890991211
87.10000000000001,4.712282594195772,-3.2867889256590765,0.20842105263157892,-1.0,28.479963212,5.089582920074463,0,94.2503890991211
87.10000000000001,4.712282594195772,-3.2867889256590765,0.20842105263157892,-1.0,27.109984527,5.089582920074463,0,94.2503890991211
87.10000000000001,4.712282594195772,-3.2867889256590765,0.19684210526315787,-0.9487179487179487,27.109984527,5.089582920074463,0,94.2503890991211
87.10000000000001,4.712282594195772,-3.2867889256590765,0.19684210526315787,-0.9487179487179487,27.109984527,5.089582920074463,0,94.2503890991211
87.10000000000001,4.715060342848691,-3.2930345139379744,0.19684210526315787,-0.9487179487179487,26.372158719,5.089582920074463,0,94.2503890991211
87.10000000000001,4.715060342848691,-3.2930345139379744,0.19684210526315787,-0.9487179487179487,26.372158719,5.089582920074463,0,94.2503890991211
87.10000000000001,4.715060342848691,-3.2930345139379744,0.19684210526315787,-0.9487179487179487,26.372158719,5.089582920074463,0,94.2503890991211
87.10000000000001,4.715060342848691,-3.2930345139379744,0.19684210526315787,-0.9487179487179487,26.372158719,5.089582920074463,0,94.2503890991211
87.10000000000001,4.715444628625464,-3.29975571055663,0.19684210526315787,-0.9487179487179487,26.358999872,5.089582920074463,0,94.2503890991211
87.10000000000001,4.715444628625464,-3.29975571055663,0.19684210526315787,-0.9487179487179487,26.358999872,5.089582920074463,0,94.2503890991211
87.10000000000001,4.715444628625464,-3.29975571055663,0.19684210526315787,-0.9487179487179487,26.358999872,5.089582920074463,0,94.2503890991211
87.2,4.715613758127672,-3.3065077134330716,0.21999999999999997,-1.0,26.358999872,5.089582920074463,0,94.2503890991211
87.2,4.715613758127672,-3.3065077134330716,0.21999999999999997,-1.0,26.334120541,5.118865489959717,0,94.2503890991211
87.2,4.715613758127672,-3.3065077134330716,0.21999999999999997,-1.0,26.334120541,5.118865489959717,0,94.2503890991211
87.2,4.715570871316935,-3.313263753079745,0.21999999999999997,-1.0,26.334120541,5.118865489959717,0,94.2503890991211
87.2,4.715570871316935,-3.313263753079745,0.21999999999999997,-1.0,26.334120541,5.118865489959717,0,94.2503890991211
87.2,4.715570871316935,-3.313263753079745,0.20842105263157892,-1.0,26.159328898,5.118865489959717,0,94.2503890991211
87.2,4.715570871316935,-3.313263753079745,0.20842105263157892,-1.0,26.159328898,5.118865489959717,0,94.2503890991211
87.2,4.715570871316935,-3.313263753079745,0.20842105263157892,-1.0,26.159328898,5.118865489959717,0,94.2503890991211
87.2,4.715570871316935,-3.313263753079745,0.20842105263157892,-1.0,26.159328898,5.118865489959717,0,94.2503890991211
87.2,4.7152759550301395,-3.320779877731897,0.20842105263157892,-1.0,25.662769017,5.118865489959717,0,94.2503890991211
87.2,4.7152759550301395,-3.320779877731897,0.20842105263157892,-1.0,25.662769017,5.118865489959717,0,94.2503890991211
87.2,4.7152759550301395,-3.320779877731897,0.20842105263157892,-1.0,25.662769017,5.118865489959717,0,94.2503890991211
87.2,4.7152759550301395,-3.320779877731897,0.20842105263157892,-1.0,25.662769017,5.118865489959717,0,94.2503890991211
87.30000000000001,4.7152759550301395,-3.320779877731897,0.20842105263157892,-1.0,25.662769017,5.118865489959717,0,94.2503890991211
87.30000000000001,4.714749357901215,-3.3279157787404374,0.20842105263157892,-1.0,25.169164488,5.118865489959717,0,94.2503890991211
87.30000000000001,4.714749357901215,-3.3279157787404374,0.20842105263157892,-1.0,25.169164488,5.118865489959717,0,94.2503890991211
87.30000000000001,4.714749357901215,-3.3279157787404374,0.19684210526315787,-1.0,25.169164488,5.118865489959717,0,94.2503890991211
87.30000000000001,4.719734479360514,-3.334758425988608,0.19684210526315787,-1.0,24.701531635,5.118865489959717,0,94.2503890991211
87.30000000000001,4.719734479360514,-3.334758425988608,0.19684210526315787,-1.0,24.701531635,5.118865489959717,0,94.2503890991211
87.30000000000001,4.719734479360514,-3.334758425988608,0.19684210526315787,-1.0,24.701531635,5.118865489959717,0,94.2503890991211
87.30000000000001,4.7263078965041485,-3.3410982240622618,0.19684210526315787,-1.0,24.841741572,5.118865489959717,0,94.2503890991211
87.30000000000001,4.7263078965041485,-3.3410982240622618,0.19684210526315787,-1.0,24.841741572,5.118865489959717,0,94.2503890991211
87.30000000000001,4.7263078965041485,-3.3410982240622618,0.19684210526315787,-1.0,24.841741572,5.118865489959717,0,94.2503890991211
87.30000000000001,4.7263078965041485,-3.3410982240622618,0.19684210526315787,-1.0,24.841741572,5.118865489959717,0,94.2503890991211
87.4,4.7263078965041485,-3.3410982240622618,0.19684210526315787,-1.0,24.841741572,5.118865489959717,0,94.2503890991211
87.4,4.732654122068763,-3.3474010564151726,0.19684210526315787,-1.0,24.993560932,5.118865489959717,0,94.2503890991211
87.4,4.732654122068763,-3.3474010564151726,0.21999999999999997,-1.0,24.993560932,5.118865489959717,0,94.2503890991211
87.4,4.732654122068763,-3.3474010564151726,0.21999999999999997,-1.0,24.993560932,5.118865489959717,0,94.2503890991211
87.4,4.738771852558276,-3.3536575534451325,0.21999999999999997,-1.0,25.14788809,5.118865489959717,0,94.2503890991211
87.4,4.738771852558276,-3.3536575534451325,0.21999999999999997,-1.0,25.14788809,5.118865489959717,0,94.2503890991211
87.4,4.738771852558276,-3.3536575534451325,0.21999999999999997,-1.0,25.14788809,5.118865489959717,0,94.2503890991211
87.4,4.738771852558276,-3.3536575534451325,0.21999999999999997,-1.0,25.14788809,5.118865489959717,0,94.2503890991211
87.4,4.744472532700908,-3.360623239098576,0.21999999999999997,-1.0,24.825721115,5.118865489959717,0,94.2503890991211
87.4,4.744472532700908,-3.360623239098576,0.21999999999999997,-1.0,24.825721115,5.118865489959717,0,94.2503890991211
87.4,4.744472532700908,-3.360623239098576,0.21999999999999997,-1.0,24.825721115,5.118865489959717,0,94.2503890991211
87.4,4.744472532700908,-3.360623239098576,0.21999999999999997,-1.0,24.825721115,5.118865489959717,0,94.2503890991211
87.5,4.744472532700908,-3.360623239098576,0.20842105263157892,-0.9487179487179487,24.825721115,5.118865489959717,0,94.2503890991211
87.5,4.744472532700908,-3.360623239098576,0.20842105263157892,-0.9487179487179487,24.825721115,5.118865489959717,0,94.14810943603516
87.5,4.749925116954559,-3.3675209620018145,0.20842105263157892,-0.9487179487179487,24.825721115,5.118865489959717,0,94.14810943603516
87.5,4.749925116954559,-3.3675209620018145,0.20842105263157892,-0.9487179487179487,24.825721115,5.118865489959717,0,94.14810943603516
87.5,4.750548787375523,-3.3718967238485718,0.20842105263157892,-0.9487179487179487,24.368336352,5.118865489959717,0,94.14810943603516
87.5,4.750548787375523,-3.3718967238485718,0.20842105263157892,-0.9487179487179487,24.368336352,5.118865489959717,0,94.14810943603516
87.5,4.750548787375523,-3.3718967238485718,0.20842105263157892,-0.9487179487179487,24.368336352,5.118865489959717,0,94.14810943603516
87.5,4.750548787375523,-3.3718967238485718,0.20842105263157892,-0.9487179487179487,24.368336352,5.118865489959717,0,94.14810943603516
87.5,4.750332584298403,-3.375922181952263,0.20842105263157892,-0.9487179487179487,24.511703455,5.118865489959717,0,94.14810943603516
87.5,4.750332584298403,-3.375922181952263,0.20842105263157892,-0.9487179487179487,24.511703455,5.118865489959717,0,94.14810943603516
87.5,4.750332584298403,-3.375922181952263,0.20842105263157892,-0.9487179487179487,24.511703455,5.118865489959717,0,94.14810943603516
87.60000000000001,4.750332584298403,-3.375922181952263,0.20842105263157892,-0.9487179487179487,24.511703455,5.118865489959717,0,94.14810943603516
87.60000000000001,4.749911365842287,-3.3798704460231863,0.20842105263157892,-0.9487179487179487,24.521810296,5.118865489959717,0,94.14810943603516
87.60000000000001,4.749911365842287,-3.3798704460231863,0.20842105263157892,-0.9487179487179487,24.521810296,5.118865489959717,0,94.14810943603516
87.60000000000001,4.749911365842287,-3.3798704460231863,0.19684210526315787,-0.7887179487179486,24.521810296,5.118865489959717,0,94.14810943603516
87.60000000000001,4.749911365842287,-3.3798704460231863,0.19684210526315787,-0.7887179487179486,24.521810296,5.118865489959717,0,94.14810943603516
87.60000000000001,4.749280702967908,-3.383733258146765,0.19684210526315787,-0.7887179487179486,24.522986869,5.118865489959717,0,94.14810943603516
87.60000000000001,4.749280702967908,-3.383733258146765,0.19684210526315787,-0.7887179487179486,24.522986869,5.118865489959717,0,94.14810943603516
87.60000000000001,4.749280702967908,-3.383733258146765,0.19684210526315787,-0.7887179487179486,24.522986869,5.118865489959717,0,94.14810943603516
87.60000000000001,4.749280702967908,-3.383733258146765,0.19684210526315787,-0.7435897435897434,24.522986869,5.118865489959717,0,94.14810943603516
87.60000000000001,4.748619863196664,-3.3871414620713316,0.19684210526315787,-0.7435897435897434,24.522152897,5.118865489959717,0,94.14810943603516
87.7,4.748619863196664,-3.3871414620713316,0.19684210526315787,-0.7435897435897434,24.522152897,5.118865489959717,0,94.14810943603516
87.7,4.748619863196664,-3.3871414620713316,0.19684210526315787,-0.7435897435897434,24.522152897,5.118865489959717,0,94.14810943603516
87.7,4.7478580034001086,-3.3903921362329696,0.19684210526315787,-0.7435897435897434,24.522152897,5.118865489959717,0,94.14810943603516
87.7,4.7478580034001086,-3.3903921362329696,0.21999999999999997,-0.8974358974358974,24.588914728,5.118865489959717,0,94.14810943603516
87.7,4.7478580034001086,-3.3903921362329696,0.21999999999999997,-0.8974358974358974,24.588914728,5.118865489959717,0,94.14810943603516
87.7,4.7478580034001086,-3.3903921362329696,0.21999999999999997,-0.8974358974358974,24.588914728,5.118865489959717,0,94.14810943603516
87.7,4.7449459816905755,-3.3960067994966043,0.21999999999999997,-0.8974358974358974,24.453377114,5.068865776062012,0,94.14810943603516
87.7,4.7449459816905755,-3.3960067994966043,0.21999999999999997,-0.8974358974358974,24.453377114,5.068865776062012,0,94.14810943603516
87.7,4.7449459816905755,-3.3960067994966043,0.21999999999999997,-0.8974358974358974,24.453377114,5.068865776062012,0,94.14810943603516
87.7,4.7449459816905755,-3.3960067994966043,0.21999999999999997,-0.8974358974358974,24.453377114,5.068865776062012,0,94.14810943603516
87.7,4.741302945149694,-3.40241037643562,0.21999999999999997,-0.8974358974358974,24.601120841,5.068865776062012,0,94.14810943603516
87.7,4.741302945149694,-3.40241037643562,0.21999999999999997,-0.8974358974358974,24.601120841,5.068865776062012,0,94.14810943603516
87.80000000000001,4.741302945149694,-3.40241037643562,0.21999999999999997,-0.8974358974358974,24.601120841,5.068865776062012,0,94.14810943603516
87.80000000000001,4.741302945149694,-3.40241037643562,0.21999999999999997,-0.7948717948717947,24.601120841,5.068865776062012,0,94.14810943603516
87.80000000000001,4.737476798753358,-3.408608026611718,0.21999999999999997,-0.7948717948717947,24.557904769,5.068865776062012,0,94.14810943603516
87.80000000000001,4.737476798753358,-3.408608026611718,0.21999999999999997,-0.7948717948717947,24.557904769,5.068865776062012,0,94.14810943603516
87.80000000000001,4.737476798753358,-3.408608026611718,0.21999999999999997,-0.7948717948717947,24.557904769,5.068865776062012,0,94.14810943603516
87.80000000000001,4.737476798753358,-3.408608026611718,0.21999999999999997,-0.7948717948717947,24.557904769,5.068865776062012,0,94.14810943603516
87.80000000000001,4.733402564261418,-3.414725637860712,0.21999999999999997,-0.7948717948717947,24.327774626,5.068865776062012,0,94.14810943603516
87.80000000000001,4.733402564261418,-3.414725637860712,0.21999999999999997,-0.7948717948717947,24.327774626,5.068865776062012,0,94.14810943603516
87.80000000000001,4.733402564261418,-3.414725637860712,0.21999999999999997,-0.7948717948717947,24.327774626,5.068865776062012,0,94.14810943603516
87.80000000000001,4.733402564261418,-3.414725637860712,0.21999999999999997,-0.7948717948717947,24.327774626,5.068865776062012,0,94.14810943603516
87.80000000000001,4.7291002989978885,-3.420824150916667,0.21999999999999997,-0.7948717948717947,24.327774626,5.068865776062012,0,94.14810943603516
87.80000000000001,4.7291002989978885,-3.420824150916667,0.19684210526315787,-0.6923076923076921,24.265516752,5.068865776062012,0,94.14810943603516
87.9,4.7291002989978885,-3.420824150916667,0.19684210526315787,-0.6923076923076921,24.265516752,5.068865776062012,0,94.14810943603516
87.9,4.7291002989978885,-3.420824150916667,0.19684210526315787,-0.6923076923076921,24.265516752,5.068865776062012,0,94.14810943603516
87.9,4.725196154124745,-3.4268322323365377,0.19684210526315787,-0.6923076923076921,24.164301334,5.068865776062012,0,94.14810943603516
87.9,4.725196154124745,-3.4268322323365377,0.19684210526315787,-0.6923076923076921,24.164301334,5.068865776062012,0,94.14810943603516
87.9,4.725196154124745,-3.4268322323365377,0.19684210526315787,-0.6923076923076921,24.164301334,5.068865776062012,0,94.14810943603516
87.9,4.725196154124745,-3.4268322323365377,0.19684210526315787,-0.6923076923076921,24.164301334,5.068865776062012,0,94.14810943603516
87.9,4.7300324012345705,-3.4329708730682484,0.19684210526315787,-0.6923076923076921,24.345485459,5.068865776062012,0,94.14810943603516
87.9,4.7300324012345705,-3.4329708730682484,0.19684210526315787,-0.6923076923076921,24.345485459,5.068865776062012,0,94.14810943603516
87.9,4.7300324012345705,-3.4329708730682484,0.19684210526315787,-0.6923076923076921,24.345485459,5.068865776062012,0,94.14810943603516
87.9,4.7300324012345705,-3.4329708730682484,0.21999999999999997,-0.6410256410256407,24.345485459,5.068865776062012,0,94.14810943603516
87.9,4.7300324012345705,-3.4329708730682484,0.21999999999999997,-0.6410256410256407,24.345485459,5.068865776062012,0,94.14810943603516
87.9,4.734736055522089,-3.4389763052171394,0.21999999999999997,-0.6410256410256407,24.304342381,5.068865776062012,0,94.14810943603516
87.9,4.734736055522089,-3.4389763052171394,0.21999999999999997,-0.6410256410256407,24.304342381,5.068865776062012,0,94.14810943603516
87.9,4.734736055522089,-3.4389763052171394,0.21999999999999997,-0.6410256410256407,24.443159009,5.0978169441223145,0,94.14810943603516
88.0,4.734736055522089,-3.4389763052171394,0.21999999999999997,-0.6410256410256407,24.443159009,5.0978169441223145,0,94.06915283203125
88.0,4.734736055522089,-3.4389763052171394,0.21999999999999997,-0.6410256410256407,24.443159009,5.0978169441223145,0,94.06915283203125
88.0,4.7387524496189855,-3.4455456319677094,0.21999999999999997,-0.6410256410256407,24.097940651,5.0978169441223145,0,94.06915283203125
88.0,4.7387524496189855,-3.4455456319677094,0.21999999999999997,-0.6410256410256407,24.097940651,5.0978169441223145,0,94.06915283203125
88.0,4.7387524496189855,-3.4455456319677094,0.21999999999999997,-0.6410256410256407,24.097940651,5.0978169441223145,0,94.06915283203125
88.0,4.742640934791172,-3.452056434678376,0.20842105263157892,-0.6410256410256407,23.743383646,5.0978169441223145,0,94.06915283203125
88.0,4.742640934791172,-3.452056434678376,0.20842105263157892,-0.6410256410256407,23.743383646,5.0978169441223145,0,94.06915283203125
88.0,4.742640934791172,-3.452056434678376,0.20842105263157892,-0.6410256410256407,23.743383646,5.0978169441223145,0,94.06915283203125
88.0,4.7464443613082405,-3.458438887544164,0.20842105263157892,-0.6410256410256407,23.622808604,5.0978169441223145,0,94.06915283203125
88.0,4.7464443613082405,-3.458438887544164,0.20842105263157892,-0.6410256410256407,23.622808604,5.0978169441223145,0,94.06915283203125
88.10000000000001,4.7464443613082405,-3.458438887544164,0.20842105263157892,-0.6410256410256407,23.622808604,5.0978169441223145,0,94.06915283203125
88.10000000000001,4.7464443613082405,-3.458438887544164,0.20842105263157892,-0.6410256410256407,23.622808604,5.0978169441223145,0,94.06915283203125
88.10000000000001,4.748808202264239,-3.464286768177397,0.20842105263157892,-0.6410256410256407,23.802719784,5.0978169441223145,0,94.06915283203125
88.10000000000001,4.748808202264239,-3.464286768177397,0.20842105263157892,-0.6410256410256407,23.802719784,5.0978169441223145,0,94.06915283203125
88.10000000000001,4.748808202264239,-3.464286768177397,0.20842105263157892,-0.6410256410256407,23.802719784,5.0978169441223145,0,94.06915283203125
88.10000000000001,4.743658980474338,-3.469218873258978,0.19684210526315787,-0.5897435897435894,24.03552433,5.0978169441223145,0,94.06915283203125
88.10000000000001,4.743658980474338,-3.469218873258978,0.19684210526315787,-0.5897435897435894,24.03552433,5.0978169441223145,0,94.06915283203125
88.10000000000001,4.743658980474338,-3.469218873258978,0.19684210526315787,-0.5897435897435894,24.03552433,5.0978169441223145,0,94.06915283203125
88.10000000000001,4.743658980474338,-3.469218873258978,0.19684210526315787,-0.5897435897435894,24.03552433,5.0978169441223145,0,94.06915283203125
88.10000000000001,4.738701934274355,-3.4737752306648515,0.19684210526315787,-0.5897435897435894,24.244839245,5.0978169441223145,0,94.06915283203125
88.2,4.738701934274355,-3.4737752306648515,0.19684210526315787,-0.5897435897435894,24.244839245,5.0978169441223145,0,94.06915283203125
88.2,4.738701934274355,-3.4737752306648515,0.19684210526315787,-0.5897435897435894,24.244839245,5.0978169441223145,0,94.06915283203125
88.2,4.733656696314556,-3.4782305313077266,0.19684210526315787,-0.5897435897435894,24.244839245,5.0978169441223145,0,94.06915283203125
88.2,4.733656696314556,-3.4782305313077266,0.19684210526315787,-0.5897435897435894,24.159225634,5.027106285095215,0,94.06915283203125
88.2,4.733656696314556,-3.4782305313077266,0.19684210526315787,-0.5897435897435894,24.159225634,5.027106285095215,0,94.06915283203125
88.2,4.733656696314556,-3.4782305313077266,0.21999999999999997,-0.5897435897435894,24.159225634,5.027106285095215,0,94.06915283203125
88.2,4.728525511845222,-3.4825849344835054,0.21999999999999997,-0.5897435897435894,24.131426288,5.027106285095215,0,94.06915283203125
88.2,4.728525511845222,-3.4825849344835054,0.21999999999999997,-0.5897435897435894,24.131426288,5.027106285095215,0,94.06915283203125
88.2,4.728525511845222,-3.4825849344835054,0.21999999999999997,-0.5897435897435894,24.131426288,5.027106285095215,0,94.06915283203125
88.2,4.728525511845222,-3.4825849344835054,0.21999999999999997,-0.5897435897435894,24.131426288,5.027106285095215,0,94.06915283203125
88.2,4.72269846169116,-3.487331455309692,0.21999999999999997,-0.5897435897435894,23.895976043,5.027106285095215,0,94.06915283203125
88.30000000000001,4.72269846169116,-3.487331455309692,0.21999999999999997,-0.5897435897435894,23.895976043,5.027106285095215,0,94.06915283203125
88.30000000000001,4.72269846169116,-3.487331455309692,0.21999999999999997,-0.5897435897435894,23.895976043,5.027106285095215,0,94.06915283203125
88.30000000000001,4.719489643656899,-3.4912805403130713,0.21999999999999997,-0.5897435897435894,23.898587649,5.027106285095215,0,94.06915283203125
88.30000000000001,4.719489643656899,-3.4912805403130713,0.21999999999999997,-0.5897435897435894,23.898587649,5.027106285095215,0,94.06915283203125
88.30000000000001,4.719489643656899,-3.4912805403130713,0.20842105263157892,-0.5384615384615381,23.898587649,5.027106285095215,0,94.06915283203125
88.30000000000001,4.723715979679808,-3.493205451570115,0.20842105263157892,-0.5384615384615381,23.898587649,5.027106285095215,0,94.06915283203125
88.30000000000001,4.723715979679808,-3.493205451570115,0.20842105263157892,-0.5384615384615381,23.881145981,5.027106285095215,0,94.06915283203125
88.30000000000001,4.723715979679808,-3.493205451570115,0.20842105263157892,-0.5384615384615381,23.881145981,5.027106285095215,0,94.06915283203125
88.30000000000001,4.723715979679808,-3.493205451570115,0.20842105263157892,-0.5384615384615381,23.881145981,5.027106285095215,0,94.06915283203125
88.30000000000001,4.728166404877953,-3.4947505817657922,0.20842105263157892,-0.5384615384615381,24.015682602,5.027106285095215,0,94.06915283203125
88.4,4.728166404877953,-3.4947505817657922,0.20842105263157892,-0.5384615384615381,24.015682602,5.027106285095215,0,94.06915283203125
88.4,4.728166404877953,-3.4947505817657922,0.20842105263157892,-0.5384615384615381,24.015682602,5.027106285095215,0,94.06915283203125
88.4,4.728166404877953,-3.4947505817657922,0.20842105263157892,-0.5384615384615381,24.015682602,5.027106285095215,0,94.06915283203125
88.4,4.732536084610658,-3.4961588663514083,0.20842105263157892,-0.5384615384615381,24.026247638,5.027106285095215,0,94.06915283203125
88.4,4.732536084610658,-3.4961588663514083,0.19684210526315787,-0.3846153846153843,24.026247638,5.027106285095215,0,94.06915283203125
88.4,4.732536084610658,-3.4961588663514083,0.19684210526315787,-0.3846153846153843,24.026247638,5.027106285095215,0,94.06915283203125
88.4,4.732536084610658,-3.4961588663514083,0.19684210526315787,-0.3846153846153843,24.026247638,5.027106285095215,0,94.06915283203125
88.4,4.732536084610658,-3.4961588663514083,0.19684210526315787,-0.3846153846153843,24.026247638,5.027106285095215,0,94.06915283203125
88.4,4.732536084610658,-3.4961588663514083,0.19684210526315787,-0.3846153846153843,24.026247638,5.027106285095215,0,94.06915283203125
88.4,4.7368285482093455,-3.49743370490371,0.19684210526315787,-0.3846153846153843,24.022462554,5.027106285095215,0,94.06915283203125
88.4,4.7368285482093455,-3.49743370490371,0.19684210526315787,-0.3846153846153843,24.022462554,5.027106285095215,0,94.06915283203125
88.4,4.7368285482093455,-3.49743370490371,0.19684210526315787,-0.3846153846153843,24.022462554,5.027106285095215,0,94.06915283203125
88.4,4.7368285482093455,-3.49743370490371,0.19684210526315787,-0.3846153846153843,24.022462554,5.027106285095215,0,94.06915283203125
88.5,4.741384982162643,-3.4983601253079253,0.19684210526315787,-0.3846153846153843,24.02060692,5.027106285095215,0,94.0093994140625
88.5,4.741384982162643,-3.4983601253079253,0.21999999999999997,-0.3846153846153843,24.02060692,5.027106285095215,0,94.0093994140625
88.5,4.741384982162643,-3.4983601253079253,0.21999999999999997,-0.3846153846153843,24.02060692,5.027106285095215,0,94.0093994140625
88.5,4.741972802240261,-3.5002014923109415,0.21999999999999997,-0.3846153846153843,24.027704719,5.027106285095215,0,94.0093994140625
88.5,4.741972802240261,-3.5002014923109415,0.21999999999999997,-0.3846153846153843,24.027704719,5.027106285095215,0,94.0093994140625
88.5,4.741972802240261,-3.5002014923109415,0.21999999999999997,-0.3846153846153843,24.027704719,5.027106285095215,0,94.0093994140625
88.5,4.741972802240261,-3.5002014923109415,0.21999999999999997,-0.3846153846153843,24.027704719,5.027106285095215,0,94.0093994140625
88.5,4.735510626348345,-3.5040229097740565,0.21999999999999997,-0.3846153846153843,23.745534927,5.027106285095215,0,94.0093994140625
88.5,4.735510626348345,-3.5040229097740565,0.21999999999999997,-0.3846153846153843,23.745534927,5.027106285095215,0,94.0093994140625
88.5,4.735510626348345,-3.5040229097740565,0.21999999999999997,-0.3846153846153843,23.745534927,5.027106285095215,0,94.0093994140625
88.5,4.728995452688029,-3.507756245800793,0.21999999999999997,-0.3846153846153843,23.741374702,5.027106285095215,0,94.0093994140625
88.60000000000001,4.728995452688029,-3.507756245800793,0.20842105263157892,-0.33333333333333304,23.741374702,5.027106285095215,0,94.0093994140625
88.60000000000001,4.728995452688029,-3.507756245800793,0.20842105263157892,-0.33333333333333304,23.741374702,5.027106285095215,0,94.0093994140625
88.60000000000001,4.728995452688029,-3.507756245800793,0.20842105263157892,-0.33333333333333304,23.741374702,5.027106285095215,0,94.0093994140625
88.60000000000001,4.722428121187384,-3.511396697915863,0.20842105263157892,-0.33333333333333304,23.734902263,5.027106285095215,0,94.0093994140625
88.60000000000001,4.722428121187384,-3.511396697915863,0.20842105263157892,-0.33333333333333304,23.734902263,5.027106285095215,0,94.0093994140625
88.60000000000001,4.722428121187384,-3.511396697915863,0.20842105263157892,-0.33333333333333304,23.734902263,5.027106285095215,0,94.0093994140625
88.60000000000001,4.722428121187384,-3.511396697915863,0.20842105263157892,-0.33333333333333304,23.734902263,5.027106285095215,0,94.0093994140625
88.60000000000001,4.722428121187384,-3.511396697915863,0.20842105263157892,-0.33333333333333304,23.734902263,5.027106285095215,0,94.0093994140625
88.60000000000001,4.716165447944797,-3.5147699953033147,0.20842105263157892,-0.33333333333333304,23.876018643000002,5.027106285095215,0,94.0093994140625
88.60000000000001,4.716165447944797,-3.5147699953033147,0.20842105263157892,-0.33333333333333304,23.876018643000002,5.027106285095215,0,94.0093994140625
88.60000000000001,4.716165447944797,-3.5147699953033147,0.19684210526315787,-0.33333333333333304,23.876018643000002,5.027106285095215,0,94.0093994140625
88.7,4.70986872389645,-3.5180753732291032,0.19684210526315787,-0.33333333333333304,23.882145591,5.027106285095215,0,94.0093994140625
88.7,4.70986872389645,-3.5180753732291032,0.19684210526315787,-0.33333333333333304,23.882145591,5.027106285095215,0,94.0093994140625
88.7,4.70986872389645,-3.5180753732291032,0.19684210526315787,-0.33333333333333304,23.882145591,5.027106285095215,0,94.0093994140625
88.7,4.70986872389645,-3.5180753732291032,0.19684210526315787,-0.33333333333333304,23.882145591,5.027106285095215,0,94.0093994140625
88.7,4.710206950659679,-3.5190384207466803,0.19684210526315787,-0.33333333333333304,24.030207841,5.027106285095215,0,94.0093994140625
88.7,4.710206950659679,-3.5190384207466803,0.19684210526315787,-0.33333333333333304,24.030207841,5.027106285095215,0,94.0093994140625
88.7,4.710206950659679,-3.5190384207466803,0.19684210526315787,-0.33333333333333304,24.030207841,5.027106285095215,0,94.0093994140625
88.7,4.716844668553051,-3.517782851779803,0.19684210526315787,-0.33333333333333304,24.17952961,5.027106285095215,0,94.0093994140625
88.7,4.716844668553051,-3.517782851779803,0.19684210526315787,-0.33333333333333304,24.17952961,5.027106285095215,0,94.0093994140625
88.7,4.716844668553051,-3.517782851779803,0.21999999999999997,-0.33333333333333304,24.17952961,5.027106285095215,0,94.0093994140625
88.7,4.716844668553051,-3.517782851779803,0.21999999999999997,-0.33333333333333304,24.17952961,5.027106285095215,0,94.0093994140625
88.80000000000001,4.723467191998081,-3.516388311041969,0.21999999999999997,-0.33333333333333304,24.189589834,5.027106285095215,0,94.0093994140625
88.80000000000001,4.723467191998081,-3.516388311041969,0.21999999999999997,-0.33333333333333304,24.189589834,5.027106285095215,0,94.0093994140625
88.80000000000001,4.723467191998081,-3.516388311041969,0.21999999999999997,-0.33333333333333304,24.189589834,5.027106285095215,0,94.0093994140625
88.80000000000001,4.7293590014075395,-3.5151781342244544,0.21999999999999997,-0.33333333333333304,23.894016606,5.027106285095215,0,94.0093994140625
88.80000000000001,4.7293590014075395,-3.5151781342244544,0.21999999999999997,-0.33333333333333304,23.894016606,5.027106285095215,0,94.0093994140625
88.80000000000001,4.7293590014075395,-3.5151781342244544,0.21999999999999997,-0.33333333333333304,23.894016606,5.027106285095215,0,94.0093994140625
88.80000000000001,4.7352336585297525,-3.5138132872118772,0.21999999999999997,-0.33333333333333304,23.890917009,5.027106285095215,0,94.0093994140625
88.80000000000001,4.7352336585297525,-3.5138132872118772,0.21999999999999997,-0.33333333333333304,23.890917009,5.027106285095215,0,94.0093994140625
88.80000000000001,4.7352336585297525,-3.5138132872118772,0.20842105263157892,-0.33333333333333304,23.890917009,5.027106285095215,0,94.0093994140625
88.80000000000001,4.7352336585297525,-3.5138132872118772,0.20842105263157892,-0.33333333333333304,23.890917009,5.027106285095215,0,94.0093994140625
88.9,4.741091783420263,-3.512291918223381,0.20842105263157892,-0.33333333333333304,23.894364094,5.027106285095215,0,94.0093994140625
88.9,4.741091783420263,-3.512291918223381,0.20842105263157892,-0.33333333333333304,23.894364094,5.027106285095215,0,94.0093994140625
88.9,4.741091783420263,-3.512291918223381,0.20842105263157892,-0.33333333333333304,23.894364094,5.027106285095215,0,94.0093994140625
88.9,4.741091783420263,-3.512291918223381,0.20842105263157892,-0.33333333333333304,23.894364094,5.027106285095215,0,94.0093994140625
88.9,4.739384357482978,-3.5132255639828585,0.20842105263157892,-0.33333333333333304,24.184696025,5.056389808654785,0,94.0093994140625
88.9,4.739384357482978,-3.5132255639828585,0.20842105263157892,-0.33333333333333304,24.184696025,5.056389808654785,0,94.0093994140625
88.9,4.739384357482978,-3.5132255639828585,0.20842105263157892,-0.33333333333333304,24.184696025,5.056389808654785,0,94.0093994140625
88.9,4.739384357482978,-3.5132255639828585,0.20842105263157892,-0.33333333333333304,24.184696025,5.056389808654785,0,94.0093994140625
88.9,4.732751480101088,-3.515775038464204,0.21999999999999997,-0.33333333333333304,24.188306524,5.056389808654785,0,94.0093994140625
88.9,4.732751480101088,-3.515775038464204,0.21999999999999997,-0.33333333333333304,24.188306524,5.056389808654785,0,94.0093994140625
88.9,4.732751480101088,-3.515775038464204,0.21999999999999997,-0.33333333333333304,24.188306524,5.056389808654785,0,94.0093994140625
88.9,4.732751480101088,-3.515775038464204,0.21999999999999997,-0.33333333333333304,24.188306524,5.056389808654785,0,94.0093994140625
89.0,4.725720240434221,-3.5183861836737735,0.21999999999999997,-0.33333333333333304,24.040116348,5.056389808654785,0,93.98995971679688
89.0,4.725720240434221,-3.5183861836737735,0.21999999999999997,-0.33333333333333304,24.040116348,5.056389808654785,0,93.98995971679688
89.0,4.725720240434221,-3.5183861836737735,0.21999999999999997,-0.33333333333333304,24.040116348,5.056389808654785,0,93.98995971679688
89.0,4.725720240434221,-3.5183861836737735,0.21999999999999997,-0.33333333333333304,24.040116348,5.056389808654785,0,93.98995971679688
89.0,4.718659732986287,-3.520917622104008,0.21999999999999997,-0.33333333333333304,23.751804978,5.056389808654785,0,93.98995971679688
89.0,4.718659732986287,-3.520917622104008,0.21999999999999997,-0.33333333333333304,23.751804978,5.056389808654785,0,93.98995971679688
89.0,4.718659732986287,-3.520917622104008,0.21999999999999997,-0.17333333333333303,23.751804978,5.056389808654785,0,93.98995971679688
89.0,4.711570134872437,-3.52336905669992,0.21999999999999997,-0.17333333333333303,23.470705276,5.056389808654785,0,93.98995971679688
89.0,4.711570134872437,-3.52336905669992,0.21999999999999997,-0.17333333333333303,23.470705276,5.056389808654785,0,93.98995971679688
89.0,4.711570134872437,-3.52336905669992,0.21999999999999997,-0.17333333333333303,23.470705276,5.056389808654785,0,93.98995971679688
89.0,4.711570134872437,-3.52336905669992,0.21999999999999997,-0.17333333333333303,23.470705276,5.056389808654785,0,93.98995971679688
89.10000000000001,4.704533819479254,-3.5257437865482815,0.21999999999999997,-0.12820512820512797,22.91331085,5.006389617919922,0,93.98995971679688
89.10000000000001,4.704533819479254,-3.5257437865482815,0.21999999999999997,-0.12820512820512797,22.91331085,5.006389617919922,0,93.98995971679688
89.10000000000001,4.704533819479254,-3.5257437865482815,0.21999999999999997,-0.12820512820512797,22.91331085,5.006389617919922,0,93.98995971679688
89.10000000000001,4.704533819479254,-3.5257437865482815,0.21999999999999997,-0.12820512820512797,22.91331085,5.006389617919922,0,93.98995971679688
89.10000000000001,4.707718295904474,-3.5256362393977243,0.21999999999999997,-0.12820512820512797,22.916193368000002,5.006389617919922,0,93.98995971679688
89.10000000000001,4.707718295904474,-3.5256362393977243,0.20842105263157892,-0.12820512820512797,22.916193368000002,5.006389617919922,0,93.98995971679688
89.10000000000001,4.707718295904474,-3.5256362393977243,0.20842105263157892,-0.12820512820512797,22.916193368000002,5.006389617919922,0,93.98995971679688
89.10000000000001,4.714613017310569,-3.5245876844944974,0.20842105263157892,-0.12820512820512797,23.145062821,5.056389808654785,0,93.98995971679688
89.10000000000001,4.714613017310569,-3.5245876844944974,0.20842105263157892,-0.12820512820512797,23.167892525,5.056389808654785,0,93.98995971679688
89.2,4.714613017310569,-3.5245876844944974,0.20842105263157892,-0.12820512820512797,23.167892525,5.056389808654785,0,93.98995971679688
89.2,4.714613017310569,-3.5245876844944974,0.20842105263157892,-0.12820512820512797,23.167892525,5.056389808654785,0,93.98995971679688
89.2,4.714613017310569,-3.5245876844944974,0.20842105263157892,-0.12820512820512797,23.167892525,5.056389808654785,0,93.98995971679688
89.2,4.721889993053105,-3.523336717808169,0.20842105263157892,-0.12820512820512797,23.308095876,5.056389808654785,0,93.98995971679688
89.2,4.721889993053105,-3.523336717808169,0.20842105263157892,-0.12820512820512797,23.308095876,5.056389808654785,0,93.98995971679688
89.2,4.721889993053105,-3.523336717808169,0.20842105263157892,-0.12820512820512797,23.308095876,5.056389808654785,0,93.98995971679688
89.2,4.729160555118604,-3.521985996440776,0.21999999999999997,-0.12820512820512797,23.308754144,5.056389808654785,0,93.98995971679688
89.2,4.729160555118604,-3.521985996440776,0.21999999999999997,-0.12820512820512797,23.308754144,5.056389808654785,0,93.98995971679688
89.2,4.729160555118604,-3.521985996440776,0.21999999999999997,-0.12820512820512797,23.308754144,5.056389808654785,0,93.98995971679688
89.2,4.729160555118604,-3.521985996440776,0.21999999999999997,-0.12820512820512797,23.308754144,5.056389808654785,0,93.98995971679688
89.2,4.7360537344881894,-3.5206600565127033,0.21999999999999997,-0.12820512820512797,23.308754144,5.056389808654785,0,93.98995971679688
89.2,4.7360537344881894,-3.5206600565127033,0.21999999999999997,-0.12820512820512797,23.175795426,5.056389808654785,0,93.98995971679688
89.2,4.7360537344881894,-3.5206600565127033,0.21999999999999997,-0.12820512820512797,23.175795426,5.056389808654785,0,93.98995971679688
89.30000000000001,4.7360537344881894,-3.5206600565127033,0.21999999999999997,-0.12820512820512797,23.175795426,5.056389808654785,0,93.98995971679688
89.30000000000001,4.742952498946744,-3.5192489361814037,0.21999999999999997,-0.12820512820512797,23.179297631,5.056389808654785,0,93.98995971679688
89.30000000000001,4.742952498946744,-3.5192489361814037,0.21999999999999997,-0.12820512820512797,23.179297631,5.056389808654785,0,93.98995971679688
89.30000000000001,4.742952498946744,-3.5192489361814037,0.20842105263157892,-0.12820512820512797,23.179297631,5.056389808654785,0,93.98995971679688
89.30000000000001,4.742952498946744,-3.5192489361814037,0.20842105263157892,-0.12820512820512797,23.179297631,5.056389808654785,0,93.98995971679688
89.30000000000001,4.737393849483976,-3.520835509955025,0.20842105263157892,-0.12820512820512797,23.18141283,5.056389808654785,0,93.98995971679688
89.30000000000001,4.737393849483976,-3.520835509955025,0.20842105263157892,-0.12820512820512797,23.18141283,5.056389808654785,0,93.98995971679688
89.30000000000001,4.737393849483976,-3.520835509955025,0.20842105263157892,-0.12820512820512797,23.18141283,5.056389808654785,0,93.98995971679688
89.30000000000001,4.737393849483976,-3.520835509955025,0.20842105263157892,-0.12820512820512797,23.18141283,5.056389808654785,0,93.98995971679688
89.30000000000001,4.730543559161598,-3.5226959762010677,0.20842105263157892,-0.12820512820512797,23.322978262,5.056389808654785,0,93.98995971679688
89.30000000000001,4.730543559161598,-3.5226959762010677,0.20842105263157892,-0.12820512820512797,23.322978262,5.056389808654785,0,93.98995971679688
89.30000000000001,4.730543559161598,-3.5226959762010677,0.20842105263157892,-0.12820512820512797,23.322978262,5.056389808654785,0,93.98995971679688
89.4,4.730543559161598,-3.5226959762010677,0.20842105263157892,-0.12820512820512797,23.322978262,5.056389808654785,0,93.98995971679688
89.4,4.723687128553296,-3.524519439296318,0.19684210526315787,-0.12820512820512797,23.52001198,5.056389808654785,0,93.98995971679688
89.4,4.723687128553296,-3.524519439296318,0.19684210526315787,-0.12820512820512797,23.52001198,5.056389808654785,0,93.98995971679688
89.4,4.723687128553296,-3.524519439296318,0.19684210526315787,-0.12820512820512797,23.52001198,5.056389808654785,0,93.98995971679688
89.4,4.723687128553296,-3.524519439296318,0.19684210526315787,-0.12820512820512797,23.52001198,5.056389808654785,0,93.98995971679688
89.4,4.717200058150496,-3.5262084477496267,0.19684210526315787,-0.12820512820512797,23.807859798,5.056389808654785,0,93.98995971679688
89.4,4.717200058150496,-3.5262084477496267,0.19684210526315787,-0.12820512820512797,23.807859798,5.056389808654785,0,93.98995971679688
89.4,4.717200058150496,-3.5262084477496267,0.19684210526315787,-0.12820512820512797,23.807859798,5.056389808654785,0,93.98995971679688
89.4,4.717200058150496,-3.5262084477496267,0.19684210526315787,-0.12820512820512797,23.807859798,5.056389808654785,0,93.98995971679688
89.4,4.710708318435949,-3.5278643800106226,0.19684210526315787,-0.12820512820512797,23.807859798,5.056389808654785,0,93.98995971679688
89.4,4.710708318435949,-3.5278643800106226,0.19684210526315787,-0.12820512820512797,24.078681435,5.056389808654785,0,93.98995971679688
89.5,4.710708318435949,-3.5278643800106226,0.21999999999999997,-0.17948717948717924,24.078681435,5.056389808654785,0,93.98995971679688
89.5,4.710708318435949,-3.5278643800106226,0.21999999999999997,-0.17948717948717924,24.078681435,5.056389808654785,0,93.9648208618164
89.5,4.704210103768134,-3.5294904055975262,0.21999999999999997,-0.17948717948717924,23.988810029,5.006389617919922,0,93.9648208618164
89.5,4.704210103768134,-3.5294904055975262,0.21999999999999997,-0.17948717948717924,23.988810029,5.006389617919922,0,93.9648208618164
89.5,4.704210103768134,-3.5294904055975262,0.21999999999999997,-0.17948717948717924,23.988810029,5.006389617919922,0,93.9648208618164
89.5,4.704210103768134,-3.5294904055975262,0.21999999999999997,-0.17948717948717924,23.988810029,5.006389617919922,0,93.9648208618164
89.5,4.696935090802725,-3.531275135039436,0.21999999999999997,-0.17948717948717924,23.988810029,5.006389617919922,0,93.9648208618164
89.5,4.696935090802725,-3.531275135039436,0.21999999999999997,-0.17948717948717924,23.852450323,5.006389617919922,0,93.9648208618164
89.5,4.696935090802725,-3.531275135039436,0.21999999999999997,-0.17948717948717924,23.852450323,5.006389617919922,0,93.9648208618164
89.5,4.696935090802725,-3.531275135039436,0.21999999999999997,-0.17948717948717924,23.852450323,5.006389617919922,0,93.9648208618164
89.5,4.689649130486309,-3.533005676518118,0.20842105263157892,-0.17948717948717924,23.852450323,5.006389617919922,0,93.9648208618164
89.5,4.689649130486309,-3.533005676518118,0.20842105263157892,-0.17948717948717924,23.852450323,5.006389617919922,0,93.9648208618164
89.5,4.689649130486309,-3.533005676518118,0.20842105263157892,-0.17948717948717924,23.849481823,5.006389617919922,0,93.9648208618164
89.60000000000001,4.689649130486309,-3.533005676518118,0.20842105263157892,-0.17948717948717924,23.849481823,5.006389617919922,0,93.9648208618164
89.60000000000001,4.6827290154280465,-3.534593470772174,0.20842105263157892,-0.17948717948717924,23.997380307,5.006389617919922,0,93.9648208618164
89.60000000000001,4.6827290154280465,-3.534593470772174,0.20842105263157892,-0.17948717948717924,23.997380307,5.006389617919922,0,93.9648208618164
89.60000000000001,4.6827290154280465,-3.534593470772174,0.20842105263157892,-0.17948717948717924,23.997380307,5.006389617919922,0,93.9648208618164
89.60000000000001,4.6827290154280465,-3.534593470772174,0.20842105263157892,-0.17948717948717924,23.997380307,5.006389617919922,0,93.9648208618164
89.60000000000001,4.6758018705872555,-3.5361372280787084,0.20842105263157892,-0.17948717948717924,24.149325048,5.006389617919922,0,93.9648208618164
89.60000000000001,4.6758018705872555,-3.5361372280787084,0.20842105263157892,-0.17948717948717924,24.149325048,5.006389617919922,0,93.9648208618164
89.60000000000001,4.6758018705872555,-3.5361372280787084,0.21999999999999997,-0.17948717948717924,24.149325048,5.006389617919922,0,93.9648208618164
89.60000000000001,4.6758018705872555,-3.5361372280787084,0.21999999999999997,-0.17948717948717924,24.149325048,5.006389617919922,0,93.9648208618164
89.60000000000001,4.668864753918763,-3.53763935669122,0.21999999999999997,-0.17948717948717924,24.150543028,5.006389617919922,0,93.9648208618164
89.60000000000001,4.668864753918763,-3.53763935669122,0.21999999999999997,-0.17948717948717924,24.150543028,5.006389617919922,0,93.9648208618164
89.7,4.668864753918763,-3.53763935669122,0.21999999999999997,-0.17948717948717924,24.150543028,5.006389617919922,0,93.9648208618164
89.7,4.668864753918763,-3.53763935669122,0.21999999999999997,-0.17948717948717924,24.150543028,5.006389617919922,0,93.9648208618164
89.7,4.66335124727742,-3.538472310506212,0.21999999999999997,-0.17948717948717924,24.004534385,5.006389617919922,0,93.9648208618164
89.7,4.66335124727742,-3.538472310506212,0.21999999999999997,-0.17948717948717924,24.004534385,5.006389617919922,0,93.9648208618164
89.7,4.66335124727742,-3.538472310506212,0.21999999999999997,-0.17948717948717924,24.004534385,5.006389617919922,0,93.9648208618164
89.7,4.676745597673493,-3.531841675556865,0.21999999999999997,-0.17948717948717924,23.708184875,5.006389617919922,0,93.9648208618164
89.7,4.676745597673493,-3.531841675556865,0.21999999999999997,-0.17948717948717924,23.708184875,5.006389617919922,0,93.9648208618164
89.7,4.676745597673493,-3.531841675556865,0.21999999999999997,-0.17948717948717924,23.708184875,5.006389617919922,0,93.9648208618164
89.7,4.676745597673493,-3.531841675556865,0.21999999999999997,-0.17948717948717924,23.708184875,5.006389617919922,0,93.9648208618164
89.7,4.676745597673493,-3.531841675556865,0.21999999999999997,-0.17948717948717924,23.708184875,5.006389617919922,0,93.9648208618164
89.7,4.69029592895365,-3.524969295307403,0.21999999999999997,-0.17948717948717924,23.424929794,5.006389617919922,0,93.9648208618164
89.80000000000001,4.69029592895365,-3.524969295307403,0.21999999999999997,-0.17948717948717924,23.424929794,5.006389617919922,0,93.9648208618164
89.80000000000001,4.69029592895365,-3.524969295307403,0.21999999999999997,-0.17948717948717924,23.424929794,5.006389617919922,0,93.9648208618164
89.80000000000001,4.69029592895365,-3.524969295307403,0.21999999999999997,-0.17948717948717924,23.424929794,5.006389617919922,0,93.9648208618164
89.80000000000001,4.704007720491582,-3.5178642174226664,0.21999999999999997,-0.17948717948717924,23.148915662,5.006389617919922,0,93.9648208618164
89.80000000000001,4.704007720491582,-3.5178642174226664,0.21999999999999997,-0.17948717948717924,22.982014001,4.970293998718262,0,93.9648208618164
89.80000000000001,4.704007720491582,-3.5178642174226664,0.19684210526315787,-0.12820512820512797,22.982014001,4.970293998718262,0,93.9648208618164
89.80000000000001,4.704007720491582,-3.5178642174226664,0.19684210526315787,-0.12820512820512797,22.982014001,4.970293998718262,0,93.9648208618164
89.80000000000001,4.704007720491582,-3.5178642174226664,0.19684210526315787,-0.12820512820512797,22.982014001,4.970293998718262,0,93.9648208618164
89.80000000000001,4.717883328305303,-3.510522724655235,0.19684210526315787,-0.12820512820512797,22.978085972,4.970293998718262,0,93.9648208618164
89.80000000000001,4.717883328305303,-3.510522724655235,0.19684210526315787,-0.12820512820512797,22.978085972,4.970293998718262,0,93.9648208618164
89.80000000000001,4.717883328305303,-3.510522724655235,0.19684210526315787,-0.12820512820512797,22.978085972,4.970293998718262,0,93.9648208618164
89.80000000000001,4.717883328305303,-3.510522724655235,0.19684210526315787,-0.12820512820512797,22.978085972,4.970293998718262,0,93.9648208618164
89.80000000000001,4.732706046342296,-3.5028419524703502,0.19684210526315787,-0.12820512820512797,23.258340215,4.970293998718262,0,93.9648208618164
89.80000000000001,4.732706046342296,-3.5028419524703502,0.19684210526315787,-0.12820512820512797,23.258340215,4.970293998718262,0,93.9648208618164
89.9,4.732706046342296,-3.5028419524703502,0.19684210526315787,-0.12820512820512797,23.258340215,4.970293998718262,0,93.9648208618164
89.9,4.732706046342296,-3.5028419524703502,0.21999999999999997,-0.12820512820512797,23.258340215,4.970293998718262,0,93.9648208618164
89.9,4.743872442618606,-3.496494202241175,0.21999999999999997,-0.12820512820512797,23.403562996,4.970293998718262,0,93.9648208618164
89.9,4.743872442618606,-3.496494202241175,0.21999999999999997,-0.12820512820512797,23.403562996,4.970293998718262,0,93.9648208618164
89.9,4.743872442618606,-3.496494202241175,0.21999999999999997,-0.12820512820512797,23.403562996,4.970293998718262,0,93.9648208618164
89.9,4.743872442618606,-3.496494202241175,0.21999999999999997,-0.12820512820512797,23.403562996,4.970293998718262,0,93.9648208618164
89.9,4.73642694299236,-3.4973423049842856,0.21999999999999997,-0.12820512820512797,23.261442672,4.970293998718262,0,93.9648208618164
89.9,4.73642694299236,-3.4973423049842856,0.21999999999999997,-0.12820512820512797,23.261442672,4.970293998718262,0,93.9648208618164
89.9,4.73642694299236,-3.4973423049842856,0.21999999999999997,-0.12820512820512797,23.261442672,4.970293998718262,0,93.9648208618164
89.9,4.73642694299236,-3.4973423049842856,0.21999999999999997,-0.12820512820512797,23.261442672,4.970293998718262,0,93.9648208618164
89.9,4.728980663593193,-3.4981521659984773,0.21999999999999997,-0.12820512820512797,23.123185378,4.970293998718262,0,93.9648208618164
90.0,4.728980663593193,-3.4981521659984773,0.20842105263157892,-0.02564102564102541,23.123185378,4.970293998718262,0,93.9648208618164
90.0,4.728980663593193,-3.4981521659984773,0.20842105263157892,-0.02564102564102541,23.123185378,4.970293998718262,0,93.92993927001953
90.0,4.728980663593193,-3.4981521659984773,0.20842105263157892,-0.02564102564102541,23.123185378,4.970293998718262,0,93.92993927001953
90.0,4.721532024379372,-3.498923585295328,0.20842105263157892,-0.02564102564102541,23.119228491,4.970293998718262,0,93.92993927001953
90.0,4.721532024379372,-3.498923585295328,0.20842105263157892,-0.02564102564102541,23.119228491,4.970293998718262,0,93.92993927001953
90.0,4.721532024379372,-3.498923585295328,0.20842105263157892,-0.02564102564102541,23.119228491,4.970293998718262,0,93.92993927001953
90.0,4.714475154740142,-3.499630273477826,0.20842105263157892,-0.02564102564102541,23.264283921,4.970293998718262,0,93.92993927001953
90.0,4.714475154740142,-3.499630273477826,0.20842105263157892,-0.02564102564102541,23.264283921,4.970293998718262,0,93.92993927001953
90.0,4.714475154740142,-3.499630273477826,0.20842105263157892,-0.02564102564102541,23.264283921,4.970293998718262,0,93.92993927001953
90.0,4.714475154740142,-3.499630273477826,0.20842105263157892,-0.02564102564102541,23.264283921,4.970293998718262,0,93.92993927001953
90.0,4.707422669849723,-3.500326635966212,0.20842105263157892,0.0,23.4062843,4.970293998718262,0,93.92993927001953
90.0,4.707422669849723,-3.500326635966212,0.20842105263157892,0.0,23.4062843,4.970293998718262,0,93.92993927001953
90.10000000000001,4.707422669849723,-3.500326635966212,0.20842105263157892,0.0,23.4062843,4.970293998718262,0,93.92993927001953
90.10000000000001,4.707422669849723,-3.500326635966212,0.20842105263157892,0.0,23.4062843,4.970293998718262,0,93.92993927001953
90.10000000000001,4.700372665438175,-3.5010228308314346,0.20842105263157892,0.0,23.54945007,4.970293998718262,0,93.92993927001953
90.10000000000001,4.700372665438175,-3.5010228308314346,0.20842105263157892,0.0,23.54945007,4.970293998718262,0,93.92993927001953
90.10000000000001,4.700372665438175,-3.5010228308314346,0.20842105263157892,0.0,23.54945007,4.970293998718262,0,93.92993927001953
90.10000000000001,4.700372665438175,-3.5010228308314346,0.20842105263157892,0.0,23.54945007,4.970293998718262,0,93.92993927001953
90.10000000000001,4.700372665438175,-3.5010228308314346,0.20842105263157892,0.0,23.54945007,4.970293998718262,0,93.92993927001953
90.10000000000001,4.693322727932853,-3.501719183035842,0.20842105263157892,0.0,23.701224633,4.970293998718262,0,93.92993927001953
90.10000000000001,4.693322727932853,-3.501719183035842,0.21999999999999997,-0.02564102564102541,23.701224633,4.970293998718262,0,93.92993927001953
90.10000000000001,4.693322727932853,-3.501719183035842,0.21999999999999997,-0.02564102564102541,23.701224633,4.970293998718262,0,93.92993927001953
90.2,4.686273477700407,-3.502415891270015,0.21999999999999997,-0.02564102564102541,23.564938155,4.970293998718262,0,93.92993927001953
90.2,4.686273477700407,-3.502415891270015,0.21999999999999997,-0.02564102564102541,23.564938155,4.970293998718262,0,93.92993927001953
90.2,4.686273477700407,-3.502415891270015,0.21999999999999997,-0.02564102564102541,23.564938155,4.970293998718262,0,93.92993927001953
90.2,4.678825496127034,-3.5031473564082916,0.21999999999999997,-0.02564102564102541,23.286340653,4.970293998718262,0,93.92993927001953
90.2,4.678825496127034,-3.5031473564082916,0.21999999999999997,-0.02564102564102541,23.286340653,4.970293998718262,0,93.92993927001953
90.2,4.678825496127034,-3.5031473564082916,0.21999999999999997,-0.02564102564102541,23.286340653,4.970293998718262,0,93.92993927001953
90.2,4.678825496127034,-3.5031473564082916,0.21999999999999997,-0.02564102564102541,23.286340653,4.970293998718262,0,93.92993927001953
90.2,4.678825496127034,-3.5031473564082916,0.21999999999999997,-0.02564102564102541,23.286340653,4.970293998718262,0,93.92993927001953
90.2,4.671379138921069,-3.50385831375158,0.21999999999999997,0.1343589743589746,23.290180914,4.970293998718262,0,93.92993927001953
90.2,4.671379138921069,-3.50385831375158,0.21999999999999997,0.1343589743589746,23.290180914,4.970293998718262,0,93.92993927001953
90.2,4.671379138921069,-3.50385831375158,0.21999999999999997,0.1343589743589746,23.290180914,4.970293998718262,0,93.92993927001953
90.2,4.66393215343529,-3.5045552596078196,0.21999999999999997,0.1343589743589746,23.294856621,4.970293998718262,0,93.92993927001953
90.30000000000001,4.66393215343529,-3.5045552596078196,0.21999999999999997,0.1343589743589746,23.294856621,4.970293998718262,0,93.92993927001953
90.30000000000001,4.66393215343529,-3.5045552596078196,0.21999999999999997,0.2820512820512822,23.294856621,4.970293998718262,0,93.92993927001953
90.30000000000001,4.66393215343529,-3.5045552596078196,0.21999999999999997,0.2820512820512822,23.294856621,4.970293998718262,0,93.92993927001953
90.30000000000001,4.656488607538163,-3.5052588352462335,0.21999999999999997,0.2820512820512822,23.294856621,4.970293998718262,0,93.92993927001953
90.30000000000001,4.656488607538163,-3.5052588352462335,0.21999999999999997,0.2820512820512822,23.068917469,4.920294284820557,0,93.92993927001953
90.30000000000001,4.656488607538163,-3.5052588352462335,0.21999999999999997,0.2820512820512822,23.068917469,4.920294284820557,0,93.92993927001953
90.30000000000001,4.656488607538163,-3.5052588352462335,0.21999999999999997,0.23076923076923095,23.068917469,4.920294284820557,0,93.92993927001953
90.30000000000001,4.649062764582813,-3.505992639649721,0.21999999999999997,0.23076923076923095,22.933057477,4.920294284820557,0,93.92993927001953
90.30000000000001,4.649062764582813,-3.505992639649721,0.21999999999999997,0.23076923076923095,22.933057477,4.920294284820557,0,93.92993927001953
90.30000000000001,4.649062764582813,-3.505992639649721,0.21999999999999997,0.23076923076923095,22.933057477,4.920294284820557,0,93.92993927001953
90.30000000000001,4.649062764582813,-3.505992639649721,0.21999999999999997,0.23076923076923095,22.933057477,4.920294284820557,0,93.92993927001953
90.4,4.641640763565978,-3.5068062875523474,0.21999999999999997,0.23076923076923095,22.813316303,4.920294284820557,0,93.92993927001953
90.4,4.641640763565978,-3.5068062875523474,0.21999999999999997,0.23076923076923095,22.813316303,4.920294284820557,0,93.92993927001953
90.4,4.641640763565978,-3.5068062875523474,0.21999999999999997,0.23076923076923095,22.813316303,4.920294284820557,0,93.92993927001953
90.4,4.641640763565978,-3.5068062875523474,0.21999999999999997,0.23076923076923095,22.813316303,4.920294284820557,0,93.92993927001953
90.4,4.6342278955185625,-3.5076945841850975,0.21999999999999997,0.23076923076923095,22.687327046,4.920294284820557,0,93.92993927001953
90.4,4.6342278955185625,-3.5076945841850975,0.20842105263157892,0.23076923076923095,22.687327046,4.920294284820557,0,93.92993927001953
90.4,4.6342278955185625,-3.5076945841850975,0.20842105263157892,0.23076923076923095,22.687327046,4.920294284820557,0,93.92993927001953
90.4,4.6342278955185625,-3.5076945841850975,0.20842105263157892,0.23076923076923095,22.687327046,4.920294284820557,0,93.92993927001953
90.4,4.626817808396954,-3.508625779254928,0.20842105263157892,0.23076923076923095,22.552204992,4.920294284820557,0,93.92993927001953
90.4,4.626817808396954,-3.508625779254928,0.20842105263157892,0.23076923076923095,22.552204992,4.920294284820557,0,93.92993927001953
90.4,4.626817808396954,-3.508625779254928,0.20842105263157892,0.23076923076923095,22.552204992,4.920294284820557,0,93.92993927001953
90.4,4.626817808396954,-3.508625779254928,0.20842105263157892,0.23076923076923095,22.552204992,4.920294284820557,0,93.92993927001953
90.5,4.619808789571662,-3.509559809760031,0.20842105263157892,0.23076923076923095,22.549928151,4.920294284820557,0,93.8201675415039
90.5,4.619808789571662,-3.509559809760031,0.20842105263157892,0.23076923076923095,22.549928151,4.920294284820557,0,93.8201675415039
90.5,4.619808789571662,-3.509559809760031,0.20842105263157892,0.23076923076923095,22.549928151,4.920294284820557,0,93.8201675415039
90.5,4.612809358929606,-3.5105704181456354,0.21999999999999997,0.17948717948717968,22.549928151,4.920294284820557,0,93.8201675415039
90.5,4.612809358929606,-3.5105704181456354,0.21999999999999997,0.17948717948717968,22.683472181,4.920294284820557,0,93.8201675415039
90.5,4.612809358929606,-3.5105704181456354,0.21999999999999997,0.17948717948717968,22.683472181,4.920294284820557,0,93.8201675415039
90.5,4.612809358929606,-3.5105704181456354,0.21999999999999997,0.17948717948717968,22.683472181,4.920294284820557,0,93.8201675415039
90.5,4.612809358929606,-3.5105704181456354,0.21999999999999997,0.17948717948717968,22.683472181,4.920294284820557,0,93.8201675415039
90.5,4.612809358929606,-3.5105704181456354,0.21999999999999997,0.17948717948717968,22.683472181,4.920294284820557,0,93.8201675415039
90.5,4.60542889173572,-3.5117003753417313,0.21999999999999997,0.17948717948717968,22.45563007,4.870294094085693,0,93.8201675415039
90.5,4.60542889173572,-3.5117003753417313,0.21999999999999997,0.17948717948717968,22.45563007,4.870294094085693,0,93.8201675415039
90.5,4.60542889173572,-3.5117003753417313,0.21999999999999997,0.17948717948717968,22.45563007,4.870294094085693,0,93.8201675415039
90.5,4.60542889173572,-3.5117003753417313,0.21999999999999997,0.17948717948717968,22.45563007,4.870294094085693,0,93.8201675415039
90.5,4.60542889173572,-3.5117003753417313,0.21999999999999997,0.12820512820512842,22.45563007,4.870294094085693,0,93.8201675415039
90.5,4.60542889173572,-3.5117003753417313,0.21999999999999997,0.12820512820512842,22.45563007,4.870294094085693,0,93.8201675415039
90.60000000000001,4.598053338154601,-3.5128726737457283,0.21999999999999997,0.12820512820512842,22.458212673,4.870294094085693,0,93.8201675415039
90.60000000000001,4.598053338154601,-3.5128726737457283,0.21999999999999997,0.12820512820512842,22.458212673,4.870294094085693,0,93.8201675415039
90.60000000000001,4.598053338154601,-3.5128726737457283,0.21999999999999997,0.12820512820512842,22.458212673,4.870294094085693,0,93.8201675415039
90.60000000000001,4.598053338154601,-3.5128726737457283,0.21999999999999997,0.12820512820512842,22.458212673,4.870294094085693,0,93.8201675415039
90.60000000000001,4.598053338154601,-3.5128726737457283,0.21999999999999997,0.12820512820512842,22.458212673,4.870294094085693,0,93.8201675415039
90.60000000000001,4.598053338154601,-3.5128726737457283,0.21999999999999997,0.12820512820512842,22.458212673,4.870294094085693,0,93.8201675415039
90.60000000000001,4.590682987494379,-3.514087900584361,0.21999999999999997,0.12820512820512842,22.458212673,4.870294094085693,0,93.8201675415039
90.60000000000001,4.590682987494379,-3.514087900584361,0.21999999999999997,0.12820512820512842,22.462547885,4.870294094085693,0,93.8201675415039
90.60000000000001,4.590682987494379,-3.514087900584361,0.21999999999999997,0.12820512820512842,22.462547885,4.870294094085693,0,93.8201675415039
90.60000000000001,4.590682987494379,-3.514087900584361,0.21999999999999997,0.12820512820512842,22.462547885,4.870294094085693,0,93.8201675415039
90.60000000000001,4.583318092786886,-3.5153356351490563,0.21999999999999997,0.12820512820512842,22.478077305,4.873878479003906,0,93.8201675415039
90.60000000000001,4.583318092786886,-3.5153356351490563,0.21999999999999997,0.12820512820512842,22.478077305,4.873878479003906,0,93.8201675415039
90.60000000000001,4.583318092786886,-3.5153356351490563,0.21999999999999997,0.12820512820512842,22.478077305,4.873878479003906,0,93.8201675415039
90.60000000000001,4.583318092786886,-3.5153356351490563,0.19684210526315787,0.12820512820512842,22.478077305,4.873878479003906,0,93.8201675415039
90.60000000000001,4.583318092786886,-3.5153356351490563,0.19684210526315787,0.12820512820512842,22.478077305,4.873878479003906,0,93.8201675415039
90.7,4.5759581283198365,-3.516610117375299,0.19684210526315787,0.12820512820512842,22.464196568,4.873878479003906,0,93.8201675415039
90.7,4.5759581283198365,-3.516610117375299,0.19684210526315787,0.12820512820512842,22.464196568,4.873878479003906,0,93.8201675415039
90.7,4.5759581283198365,-3.516610117375299,0.19684210526315787,0.12820512820512842,22.464196568,4.873878479003906,0,93.8201675415039
90.7,4.5759581283198365,-3.516610117375299,0.20842105263157892,-0.03179487179487159,22.464196568,4.873878479003906,0,93.8201675415039
90.7,4.569384048703965,-3.517782317162287,0.20842105263157892,-0.03179487179487159,22.717822539,4.873878479003906,0,93.8201675415039
90.7,4.569384048703965,-3.517782317162287,0.20842105263157892,-0.03179487179487159,22.717822539,4.873878479003906,0,93.8201675415039
90.7,4.569384048703965,-3.517782317162287,0.20842105263157892,-0.03179487179487159,22.717822539,4.873878479003906,0,93.8201675415039
90.7,4.569384048703965,-3.517782317162287,0.20842105263157892,-0.03179487179487159,22.717822539,4.873878479003906,0,93.8201675415039
90.7,4.562420923730187,-3.519074923419544,0.20842105263157892,-0.1917948717948716,22.857462496,4.873878479003906,0,93.8201675415039
90.7,4.562420923730187,-3.519074923419544,0.20842105263157892,-0.1917948717948716,22.857462496,4.873878479003906,0,93.8201675415039
90.7,4.562420923730187,-3.519074923419544,0.20842105263157892,-0.1917948717948716,22.857462496,4.873878479003906,0,93.8201675415039
90.80000000000001,4.562420923730187,-3.519074923419544,0.20842105263157892,-0.1917948717948716,22.857462496,4.873878479003906,0,93.8201675415039
90.80000000000001,4.555440062724239,-3.520360642124129,0.20842105263157892,-0.1917948717948716,22.612789779,4.823878765106201,0,93.8201675415039
90.80000000000001,4.555440062724239,-3.520360642124129,0.19684210526315787,-0.33333333333333304,22.612789779,4.823878765106201,0,93.8201675415039
90.80000000000001,4.555440062724239,-3.520360642124129,0.19684210526315787,-0.33333333333333304,22.612789779,4.823878765106201,0,93.8201675415039
90.80000000000001,4.555440062724239,-3.520360642124129,0.19684210526315787,-0.33333333333333304,22.612789779,4.823878765106201,0,93.8201675415039
90.80000000000001,4.548443110278863,-3.521563863380596,0.19684210526315787,-0.33333333333333304,22.593524701,4.823878765106201,0,93.8201675415039
90.80000000000001,4.548443110278863,-3.521563863380596,0.19684210526315787,-0.33333333333333304,22.593524701,4.823878765106201,0,93.8201675415039
90.80000000000001,4.548443110278863,-3.521563863380596,0.19684210526315787,-0.33333333333333304,22.593524701,4.823878765106201,0,93.8201675415039
90.80000000000001,4.548443110278863,-3.521563863380596,0.19684210526315787,-0.33333333333333304,22.593524701,4.823878765106201,0,93.8201675415039
90.80000000000001,4.541818300145176,-3.5226424702251196,0.19684210526315787,-0.33333333333333304,22.858219489,4.823878765106201,0,93.8201675415039
90.80000000000001,4.541818300145176,-3.5226424702251196,0.19684210526315787,-0.33333333333333304,22.858219489,4.823878765106201,0,93.8201675415039
90.80000000000001,4.541818300145176,-3.5226424702251196,0.19684210526315787,-0.33333333333333304,22.858219489,4.823878765106201,0,93.8201675415039
90.9,4.541818300145176,-3.5226424702251196,0.21999999999999997,-0.28205128205128177,22.858219489,4.823878765106201,0,93.8201675415039
90.9,4.5351816274638,-3.523665499924602,0.21999999999999997,-0.28205128205128177,23.122689931,4.823878765106201,0,93.8201675415039
90.9,4.5351816274638,-3.523665499924602,0.21999999999999997,-0.28205128205128177,23.122689931,4.823878765106201,0,93.8201675415039
90.9,4.5351816274638,-3.523665499924602,0.21999999999999997,-0.28205128205128177,23.122689931,4.823878765106201,0,93.8201675415039
90.9,4.5351816274638,-3.523665499924602,0.21999999999999997,-0.28205128205128177,23.122689931,4.823878765106201,0,93.8201675415039
90.9,4.545577197547528,-3.519200263914107,0.21999999999999997,-0.28205128205128177,23.108710868,4.823878765106201,0,93.8201675415039
90.9,4.545577197547528,-3.519200263914107,0.21999999999999997,-0.28205128205128177,23.108710868,4.823878765106201,0,93.8201675415039
90.9,4.545577197547528,-3.519200263914107,0.21999999999999997,-0.28205128205128177,23.108710868,4.823878765106201,0,93.8201675415039
90.9,4.545577197547528,-3.519200263914107,0.21999999999999997,-0.28205128205128177,23.108710868,4.823878765106201,0,93.8201675415039
90.9,4.545577197547528,-3.519200263914107,0.21999999999999997,-0.28205128205128177,23.108710868,4.823878765106201,0,93.8201675415039
90.9,4.563728831657647,-3.5121077033298156,0.20842105263157892,-0.28205128205128177,23.344174697,4.873878479003906,0,93.8201675415039
90.9,4.563728831657647,-3.5121077033298156,0.20842105263157892,-0.28205128205128177,23.344174697,4.873878479003906,0,93.8201675415039
91.0,4.563728831657647,-3.5121077033298156,0.20842105263157892,-0.28205128205128177,23.344174697,4.873878479003906,0,93.8201675415039
91.0,4.563728831657647,-3.5121077033298156,0.20842105263157892,-0.28205128205128177,23.344174697,4.873878479003906,0,93.76403045654297
91.0,4.582668630060203,-3.504633209200497,0.20842105263157892,-0.28205128205128177,23.482922321,4.873878479003906,0,93.76403045654297
91.0,4.582668630060203,-3.504633209200497,0.20842105263157892,-0.28205128205128177,23.482922321,4.873878479003906,0,93.76403045654297
91.0,4.582668630060203,-3.504633209200497,0.20842105263157892,-0.28205128205128177,23.482922321,4.873878479003906,0,93.76403045654297
91.0,4.582668630060203,-3.504633209200497,0.20842105263157892,-0.28205128205128177,23.482922321,4.873878479003906,0,93.76403045654297
91.0,4.602012520331234,-3.4968139245598993,0.20842105263157892,-0.28205128205128177,23.336118282,4.873878479003906,0,93.76403045654297
91.0,4.602012520331234,-3.4968139245598993,0.20842105263157892,-0.28205128205128177,23.336118282,4.873878479003906,0,93.76403045654297
91.0,4.602012520331234,-3.4968139245598993,0.19684210526315787,-0.28205128205128177,23.336118282,4.873878479003906,0,93.76403045654297
91.0,4.602012520331234,-3.4968139245598993,0.19684210526315787,-0.28205128205128177,23.336118282,4.873878479003906,0,93.76403045654297
91.0,4.621769093407022,-3.488647212507551,0.19684210526315787,-0.28205128205128177,23.320463682,4.873878479003906,0,93.76403045654297
91.0,4.621769093407022,-3.488647212507551,0.19684210526315787,-0.28205128205128177,23.320463682,4.873878479003906,0,93.76403045654297
91.10000000000001,4.621769093407022,-3.488647212507551,0.19684210526315787,-0.28205128205128177,23.320463682,4.873878479003906,0,93.76403045654297
91.10000000000001,4.642340965174844,-3.4801403378466493,0.19684210526315787,-0.28205128205128177,23.465968992,4.873878479003906,0,93.76403045654297
91.10000000000001,4.642340965174844,-3.4801403378466493,0.19684210526315787,-0.28205128205128177,23.465968992,4.873878479003906,0,93.76403045654297
91.10000000000001,4.642340965174844,-3.4801403378466493,0.19684210526315787,-0.28205128205128177,23.465968992,4.873878479003906,0,93.76403045654297
91.10000000000001,4.642340965174844,-3.4801403378466493,0.19684210526315787,-0.28205128205128177,23.465968992,4.873878479003906,0,93.76403045654297
91.10000000000001,4.638865947358488,-3.4791738068744555,0.19684210526315787,-0.28205128205128177,23.613692676,4.873878479003906,0,93.76403045654297
91.10000000000001,4.638865947358488,-3.4791738068744555,0.21999999999999997,-0.2307692307692305,23.613692676,4.873878479003906,0,93.76403045654297
91.10000000000001,4.638865947358488,-3.4791738068744555,0.21999999999999997,-0.2307692307692305,23.613692676,4.873878479003906,0,93.76403045654297
91.10000000000001,4.632153088983465,-3.479172683432099,0.21999999999999997,-0.2307692307692305,23.613692676,4.873878479003906,0,93.76403045654297
91.10000000000001,4.632153088983465,-3.479172683432099,0.21999999999999997,-0.2307692307692305,23.609799121,4.873878479003906,0,93.76403045654297
91.10000000000001,4.632153088983465,-3.479172683432099,0.21999999999999997,-0.2307692307692305,23.609799121,4.873878479003906,0,93.76403045654297
91.2,4.632153088983465,-3.479172683432099,0.21999999999999997,-0.2307692307692305,23.609799121,4.873878479003906,0,93.76403045654297
91.2,4.632153088983465,-3.479172683432099,0.21999999999999997,-0.2307692307692305,23.609799121,4.873878479003906,0,93.76403045654297
91.2,4.624658780358054,-3.479100756464528,0.21999999999999997,-0.2307692307692305,23.323043794,4.873878479003906,0,93.76403045654297
91.2,4.624658780358054,-3.479100756464528,0.21999999999999997,-0.2307692307692305,23.323043794,4.873878479003906,0,93.76403045654297
91.2,4.624658780358054,-3.479100756464528,0.21999999999999997,-0.2307692307692305,23.323043794,4.873878479003906,0,93.76403045654297
91.2,4.617167447459529,-3.478972139018419,0.20842105263157892,-0.2307692307692305,23.330868168,4.873878479003906,0,93.76403045654297
91.2,4.617167447459529,-3.478972139018419,0.20842105263157892,-0.2307692307692305,23.330868168,4.873878479003906,0,93.76403045654297
91.2,4.617167447459529,-3.478972139018419,0.20842105263157892,-0.2307692307692305,23.330868168,4.873878479003906,0,93.76403045654297
91.2,4.617167447459529,-3.478972139018419,0.20842105263157892,-0.2307692307692305,23.330868168,4.873878479003906,0,93.76403045654297
91.2,4.617167447459529,-3.478972139018419,0.20842105263157892,-0.2307692307692305,23.330868168,4.873878479003906,0,93.76403045654297
91.2,4.6100694320637725,-3.4787993199643745,0.20842105263157892,-0.2307692307692305,23.471587593,4.873878479003906,0,93.76403045654297
91.30000000000001,4.6100694320637725,-3.4787993199643745,0.20842105263157892,-0.2307692307692305,23.471587593,4.873878479003906,0,93.76403045654297
91.30000000000001,4.6100694320637725,-3.4787993199643745,0.20842105263157892,-0.2307692307692305,23.471587593,4.873878479003906,0,93.76403045654297
91.30000000000001,4.602972866910778,-3.478567532808908,0.20842105263157892,-0.2307692307692305,23.470039977,4.873878479003906,0,93.76403045654297
91.30000000000001,4.602972866910778,-3.478567532808908,0.20842105263157892,-0.2307692307692305,23.470039977,4.873878479003906,0,93.76403045654297
91.30000000000001,4.602972866910778,-3.478567532808908,0.21999999999999997,-0.17948717948717924,23.470039977,4.873878479003906,0,93.76403045654297
91.30000000000001,4.595879340543948,-3.4782774932804355,0.21999999999999997,-0.17948717948717924,23.470039977,4.873878479003906,0,93.76403045654297
91.30000000000001,4.595879340543948,-3.4782774932804355,0.21999999999999997,-0.17948717948717924,23.473273464000002,4.873878479003906,0,93.76403045654297
91.30000000000001,4.595879340543948,-3.4782774932804355,0.21999999999999997,-0.17948717948717924,23.473273464000002,4.873878479003906,0,93.76403045654297
91.30000000000001,4.595879340543948,-3.4782774932804355,0.21999999999999997,-0.17948717948717924,23.473273464000002,4.873878479003906,0,93.76403045654297
91.30000000000001,4.588398047032042,-3.4779176516366057,0.21999999999999997,-0.17948717948717924,23.337962699,4.873878479003906,0,93.76403045654297
91.30000000000001,4.588398047032042,-3.4779176516366057,0.21999999999999997,-0.17948717948717924,23.337962699,4.873878479003906,0,93.76403045654297
91.4,4.588398047032042,-3.4779176516366057,0.21999999999999997,-0.17948717948717924,23.337962699,4.873878479003906,0,93.76403045654297
91.4,4.588398047032042,-3.4779176516366057,0.21999999999999997,-0.17948717948717924,23.337962699,4.873878479003906,0,93.76403045654297
91.4,4.580919727603035,-3.477513045011277,0.21999999999999997,-0.17948717948717924,23.337962699,4.873878479003906,0,93.76403045654297
91.4,4.580919727603035,-3.477513045011277,0.20842105263157892,-0.07692307692307669,23.060198333,4.873878479003906,0,93.76403045654297
91.4,4.580919727603035,-3.477513045011277,0.20842105263157892,-0.07692307692307669,23.060198333,4.873878479003906,0,93.76403045654297
91.4,4.580919727603035,-3.477513045011277,0.20842105263157892,-0.07692307692307669,23.060198333,4.873878479003906,0,93.76403045654297
91.4,4.573442637211713,-3.477065950833428,0.20842105263157892,-0.07692307692307669,22.560066603,4.823878765106201,0,93.76403045654297
91.4,4.573442637211713,-3.477065950833428,0.20842105263157892,-0.07692307692307669,22.560066603,4.823878765106201,0,93.76403045654297
91.4,4.573442637211713,-3.477065950833428,0.20842105263157892,-0.07692307692307669,22.560066603,4.823878765106201,0,93.76403045654297
91.4,4.573442637211713,-3.477065950833428,0.20842105263157892,-0.07692307692307669,22.560066603,4.823878765106201,0,93.76403045654297
91.4,4.573442637211713,-3.477065950833428,0.20842105263157892,-0.07692307692307669,22.560066603,4.823878765106201,0,93.76403045654297
91.4,4.566362962790906,-3.4766022977334936,0.20842105263157892,-0.07692307692307669,22.431300469,4.823878765106201,0,93.76403045654297
91.4,4.566362962790906,-3.4766022977334936,0.20842105263157892,-0.07692307692307669,22.431300469,4.823878765106201,0,93.76403045654297
91.5,4.566362962790906,-3.4766022977334936,0.19684210526315787,-0.07692307692307669,22.431300469,4.823878765106201,0,93.72843170166016
91.5,4.566362962790906,-3.4766022977334936,0.19684210526315787,-0.07692307692307669,22.431300469,4.823878765106201,0,93.72843170166016
91.5,4.566362962790906,-3.4766022977334936,0.19684210526315787,-0.07692307692307669,22.431300469,4.823878765106201,0,93.72843170166016
91.5,4.55928837311804,-3.476119835479139,0.19684210526315787,-0.07692307692307669,22.571924934,4.823878765106201,0,93.72843170166016
91.5,4.55928837311804,-3.476119835479139,0.19684210526315787,-0.07692307692307669,22.571924934,4.823878765106201,0,93.72843170166016
91.5,4.55928837311804,-3.476119835479139,0.19684210526315787,-0.07692307692307669,22.506525638,4.809902191162109,0,93.72843170166016
91.5,4.552604334635245,-3.4756563725971783,0.19684210526315787,-0.07692307692307669,22.770227524,4.809902191162109,0,93.72843170166016
91.5,4.552604334635245,-3.4756563725971783,0.19684210526315787,-0.07692307692307669,22.770227524,4.809902191162109,0,93.72843170166016
91.5,4.552604334635245,-3.4756563725971783,0.19684210526315787,-0.07692307692307669,22.770227524,4.809902191162109,0,93.72843170166016
91.5,4.545920163501101,-3.4751720450522057,0.19684210526315787,-0.07692307692307669,22.770227524,4.809902191162109,0,93.72843170166016
91.5,4.545920163501101,-3.4751720450522057,0.21999999999999997,-0.07692307692307669,22.911625306,4.809902191162109,0,93.72843170166016
91.60000000000001,4.545920163501101,-3.4751720450522057,0.21999999999999997,-0.07692307692307669,22.911625306,4.809902191162109,0,93.72843170166016
91.60000000000001,4.545920163501101,-3.4751720450522057,0.21999999999999997,-0.07692307692307669,22.911625306,4.809902191162109,0,93.72843170166016
91.60000000000001,4.539239272873775,-3.474664812802538,0.21999999999999997,-0.07692307692307669,23.050522046,4.809902191162109,0,93.72843170166016
91.60000000000001,4.539239272873775,-3.474664812802538,0.21999999999999997,-0.07692307692307669,23.050522046,4.809902191162109,0,93.72843170166016
91.60000000000001,4.539239272873775,-3.474664812802538,0.21999999999999997,-0.07692307692307669,23.050522046,4.809902191162109,0,93.72843170166016
91.60000000000001,4.531777312349484,-3.4740820917629387,0.21999999999999997,-0.07692307692307669,23.050522046,4.809902191162109,0,93.72843170166016
91.60000000000001,4.531777312349484,-3.4740820917629387,0.21999999999999997,-0.07692307692307669,22.912707057,4.809902191162109,0,93.72843170166016
91.60000000000001,4.531777312349484,-3.4740820917629387,0.21999999999999997,-0.07692307692307669,22.912707057,4.809902191162109,0,93.72843170166016
91.60000000000001,4.531777312349484,-3.4740820917629387,0.21999999999999997,-0.07692307692307669,22.912707057,4.809902191162109,0,93.72843170166016
91.60000000000001,4.531777312349484,-3.4740820917629387,0.21999999999999997,0.08307692307692331,22.912707057,4.809902191162109,0,93.72843170166016
91.60000000000001,4.524316206967329,-3.4734810093041215,0.21999999999999997,0.08307692307692331,22.915714862,4.809902191162109,0,93.72843170166016
91.7,4.524316206967329,-3.4734810093041215,0.21999999999999997,0.08307692307692331,22.915714862,4.809902191162109,0,93.72843170166016
91.7,4.524316206967329,-3.4734810093041215,0.21999999999999997,0.08307692307692331,22.915714862,4.809902191162109,0,93.72843170166016
91.7,4.524316206967329,-3.4734810093041215,0.21999999999999997,0.08307692307692331,22.915714862,4.809902191162109,0,93.72843170166016
91.7,4.51686410856696,-3.4728642219972863,0.21999999999999997,0.17948717948717968,22.920486006,4.809902191162109,0,93.72843170166016
91.7,4.51686410856696,-3.4728642219972863,0.21999999999999997,0.17948717948717968,22.920486006,4.809902191162109,0,93.72843170166016
91.7,4.51686410856696,-3.4728642219972863,0.21999999999999997,0.17948717948717968,22.920486006,4.809902191162109,0,93.72843170166016
91.7,4.51686410856696,-3.4728642219972863,0.21999999999999997,0.17948717948717968,22.920486006,4.809902191162109,0,93.72843170166016
91.7,4.51686410856696,-3.4728642219972863,0.21999999999999997,0.17948717948717968,22.920486006,4.809902191162109,0,93.72843170166016
91.7,4.51686410856696,-3.4728642219972863,0.20842105263157892,0.17948717948717968,22.920486006,4.809902191162109,0,93.72843170166016
91.7,4.50941702074029,-3.472271473713906,0.20842105263157892,0.17948717948717968,22.920486006,4.809902191162109,0,93.72843170166016
91.7,4.50941702074029,-3.472271473713906,0.20842105263157892,0.17948717948717968,22.69153361,4.759902000427246,0,93.72843170166016
91.7,4.50941702074029,-3.472271473713906,0.20842105263157892,0.17948717948717968,22.69153361,4.759902000427246,0,93.72843170166016
91.7,4.50941702074029,-3.472271473713906,0.20842105263157892,0.17948717948717968,22.69153361,4.759902000427246,0,93.72843170166016
91.7,4.50941702074029,-3.472271473713906,0.20842105263157892,0.17948717948717968,22.69153361,4.759902000427246,0,93.72843170166016
91.7,4.50941702074029,-3.472271473713906,0.20842105263157892,0.17948717948717968,22.69153361,4.759902000427246,0,93.72843170166016
91.7,4.50941702074029,-3.472271473713906,0.20842105263157892,0.17948717948717968,22.69153361,4.759902000427246,0,93.72843170166016
91.80000000000001,4.502360314294354,-3.4717499790162036,0.20842105263157892,0.17948717948717968,22.697405933,4.759902000427246,0,93.72843170166016
91.80000000000001,4.502360314294354,-3.4717499790162036,0.20842105263157892,0.17948717948717968,22.697405933,4.759902000427246,0,93.72843170166016
91.80000000000001,4.502360314294354,-3.4717499790162036,0.19684210526315787,0.17948717948717968,22.697405933,4.759902000427246,0,93.72843170166016
91.80000000000001,4.495302691661829,-3.471266320040749,0.19684210526315787,0.17948717948717968,22.701930469,4.759902000427246,0,93.72843170166016
91.80000000000001,4.495302691661829,-3.471266320040749,0.19684210526315787,0.17948717948717968,22.701930469,4.759902000427246,0,93.72843170166016
91.80000000000001,4.495302691661829,-3.471266320040749,0.19684210526315787,0.17948717948717968,22.701930469,4.759902000427246,0,93.72843170166016
91.80000000000001,4.488634706840873,-3.470850646889484,0.19684210526315787,0.17948717948717968,22.701930469,4.759902000427246,0,93.72843170166016
91.80000000000001,4.488634706840873,-3.470850646889484,0.19684210526315787,0.17948717948717968,22.707144075,4.759902000427246,0,93.72843170166016
91.80000000000001,4.488634706840873,-3.470850646889484,0.19684210526315787,0.17948717948717968,22.707144075,4.759902000427246,0,93.72843170166016
91.80000000000001,4.488634706840873,-3.470850646889484,0.19684210526315787,0.17948717948717968,22.707144075,4.759902000427246,0,93.72843170166016
91.80000000000001,4.488634706840873,-3.470850646889484,0.19684210526315787,0.17948717948717968,22.707144075,4.759902000427246,0,93.72843170166016
91.80000000000001,4.488634706840873,-3.470850646889484,0.19684210526315787,0.17948717948717968,22.707144075,4.759902000427246,0,93.72843170166016
91.80000000000001,4.488634706840873,-3.470850646889484,0.21999999999999997,0.12820512820512842,22.707144075,4.759902000427246,0,93.72843170166016
91.80000000000001,4.488634706840873,-3.470850646889484,0.21999999999999997,0.12820512820512842,22.707144075,4.759902000427246,0,93.72843170166016
91.9,4.481964541604029,-3.4704769450385955,0.21999999999999997,0.12820512820512842,22.708565103,4.759902000427246,0,93.72843170166016
91.9,4.481964541604029,-3.4704769450385955,0.21999999999999997,0.12820512820512842,22.708565103,4.759902000427246,0,93.72843170166016
91.9,4.481964541604029,-3.4704769450385955,0.21999999999999997,0.12820512820512842,22.708565103,4.759902000427246,0,93.72843170166016
91.9,4.481964541604029,-3.4704769450385955,0.21999999999999997,0.12820512820512842,22.708565103,4.759902000427246,0,93.72843170166016
91.9,4.481964541604029,-3.4704769450385955,0.21999999999999997,0.12820512820512842,22.708565103,4.759902000427246,0,93.72843170166016
91.9,4.481964541604029,-3.4704769450385955,0.21999999999999997,0.12820512820512842,22.708565103,4.759902000427246,0,93.72843170166016
91.9,4.481964541604029,-3.4704769450385955,0.21999999999999997,0.12820512820512842,22.708565103,4.759902000427246,0,93.72843170166016
91.9,4.474505215421141,-3.470100106290717,0.21999999999999997,0.12820512820512842,22.448772348,4.759902000427246,0,93.72843170166016
91.9,4.474505215421141,-3.470100106290717,0.20842105263157892,0.12820512820512842,22.448772348,4.759902000427246,0,93.72843170166016
91.9,4.474505215421141,-3.470100106290717,0.20842105263157892,0.12820512820512842,22.448772348,4.759902000427246,0,93.72843170166016
91.9,4.474505215421141,-3.470100106290717,0.20842105263157892,0.12820512820512842,22.448772348,4.759902000427246,0,93.72843170166016
91.9,4.474505215421141,-3.470100106290717,0.20842105263157892,0.12820512820512842,22.448772348,4.759902000427246,0,93.72843170166016
91.9,4.467042463234256,-3.469752790068341,0.20842105263157892,0.12820512820512842,22.457488407,4.759902000427246,0,93.72843170166016
91.9,4.467042463234256,-3.469752790068341,0.20842105263157892,0.12820512820512842,22.457488407,4.759902000427246,0,93.72843170166016
91.9,4.467042463234256,-3.469752790068341,0.20842105263157892,0.12820512820512842,22.457488407,4.759902000427246,0,93.72843170166016
91.9,4.459970759962545,-3.4694496644354844,0.20842105263157892,0.12820512820512842,22.592306753,4.759902000427246,0,93.72843170166016
92.0,4.459970759962545,-3.4694496644354844,0.20842105263157892,0.12820512820512842,22.592306753,4.759902000427246,0,93.62179565429688
92.0,4.459970759962545,-3.4694496644354844,0.20842105263157892,0.12820512820512842,22.592306753,4.759902000427246,0,93.62179565429688
92.0,4.459970759962545,-3.4694496644354844,0.20842105263157892,0.07692307692307715,22.592306753,4.759902000427246,0,93.62179565429688
92.0,4.459970759962545,-3.4694496644354844,0.20842105263157892,0.07692307692307715,22.592306753,4.759902000427246,0,93.62179565429688
92.0,4.459970759962545,-3.4694496644354844,0.20842105263157892,0.07692307692307715,22.592306753,4.759902000427246,0,93.62179565429688
92.0,4.45289893275673,-3.469178682600396,0.20842105263157892,0.07692307692307715,22.489261104,4.709901809692383,0,93.62179565429688
92.0,4.45289893275673,-3.469178682600396,0.20842105263157892,0.07692307692307715,22.489261104,4.709901809692383,0,93.62179565429688
92.0,4.45289893275673,-3.469178682600396,0.20842105263157892,0.07692307692307715,22.489261104,4.709901809692383,0,93.62179565429688
92.0,4.45289893275673,-3.469178682600396,0.20842105263157892,0.07692307692307715,22.489261104,4.709901809692383,0,93.62179565429688
92.0,4.45289893275673,-3.469178682600396,0.20842105263157892,0.07692307692307715,22.489261104,4.709901809692383,0,93.62179565429688
92.0,4.445822846183794,-3.4689375603203216,0.20842105263157892,0.07692307692307715,22.489261104,4.709901809692383,0,93.62179565429688
92.0,4.445822846183794,-3.4689375603203216,0.20842105263157892,0.07692307692307715,22.621110096,4.709901809692383,0,93.62179565429688
92.0,4.445822846183794,-3.4689375603203216,0.21999999999999997,0.07692307692307715,22.621110096,4.709901809692383,0,93.62179565429688
92.0,4.445822846183794,-3.4689375603203216,0.21999999999999997,0.07692307692307715,22.621110096,4.709901809692383,0,93.62179565429688
92.0,4.445822846183794,-3.4689375603203216,0.21999999999999997,0.07692307692307715,22.621110096,4.709901809692383,0,93.62179565429688
92.0,4.438743384561233,-3.468712854599862,0.21999999999999997,0.07692307692307715,22.619878218,4.709901809692383,0,93.62179565429688
92.10000000000001,4.438743384561233,-3.468712854599862,0.21999999999999997,0.07692307692307715,22.619878218,4.709901809692383,0,93.62179565429688
92.10000000000001,4.438743384561233,-3.468712854599862,0.21999999999999997,0.07692307692307715,22.619878218,4.709901809692383,0,93.62179565429688
92.10000000000001,4.4312733614771265,-3.468491281278429,0.21999999999999997,0.07692307692307715,22.619878218,4.709901809692383,0,93.62179565429688
92.10000000000001,4.4312733614771265,-3.468491281278429,0.21999999999999997,0.07692307692307715,22.483350069,4.709901809692383,0,93.62179565429688
92.10000000000001,4.4238031256515615,-3.4683025009967965,0.21999999999999997,0.02564102564102587,22.483350069,4.709901809692383,0,93.62179565429688
92.10000000000001,4.4238031256515615,-3.4683025009967965,0.21999999999999997,0.02564102564102587,22.483350069,4.709901809692383,0,93.62179565429688
92.10000000000001,4.4238031256515615,-3.4683025009967965,0.21999999999999997,0.02564102564102587,22.483350069,4.709901809692383,0,93.62179565429688
92.10000000000001,4.4238031256515615,-3.4683025009967965,0.21999999999999997,0.02564102564102587,22.483350069,4.709901809692383,0,93.62179565429688
92.10000000000001,4.4238031256515615,-3.4683025009967965,0.21999999999999997,0.02564102564102587,22.220380197,4.709901809692383,0,93.62179565429688
92.10000000000001,4.4238031256515615,-3.4683025009967965,0.21999999999999997,0.02564102564102587,22.220380197,4.709901809692383,0,93.62179565429688
92.10000000000001,4.4238031256515615,-3.4683025009967965,0.21999999999999997,0.02564102564102587,22.220380197,4.709901809692383,0,93.62179565429688
92.10000000000001,4.4238031256515615,-3.4683025009967965,0.21999999999999997,0.02564102564102587,22.220380197,4.709901809692383,0,93.62179565429688
92.2,4.416326561818895,-3.4681372830346913,0.21999999999999997,0.02564102564102587,21.956276068,4.709901809692383,0,93.62179565429688
92.2,4.416326561818895,-3.4681372830346913,0.21999999999999997,0.02564102564102587,21.956276068,4.709901809692383,0,93.62179565429688
92.2,4.416326561818895,-3.4681372830346913,0.20842105263157892,0.02564102564102587,21.956276068,4.709901809692383,0,93.62179565429688
92.2,4.416326561818895,-3.4681372830346913,0.20842105263157892,0.02564102564102587,21.956276068,4.709901809692383,0,93.62179565429688
92.2,4.416326561818895,-3.4681372830346913,0.20842105263157892,0.02564102564102587,21.956276068,4.709901809692383,0,93.62179565429688
92.2,4.416326561818895,-3.4681372830346913,0.20842105263157892,0.02564102564102587,21.956276068,4.709901809692383,0,93.62179565429688
92.2,4.408847715565017,-3.467968926135308,0.20842105263157892,0.02564102564102587,21.716525285,4.659902095794678,0,93.62179565429688
92.2,4.408847715565017,-3.467968926135308,0.20842105263157892,0.02564102564102587,21.716525285,4.659902095794678,0,93.62179565429688
92.2,4.408847715565017,-3.467968926135308,0.20842105263157892,0.02564102564102587,21.716525285,4.659902095794678,0,93.62179565429688
92.2,4.408847715565017,-3.467968926135308,0.20842105263157892,0.02564102564102587,23.94629905,5.138363838195801,0,93.62179565429688
92.2,4.408847715565017,-3.467968926135308,0.20842105263157892,0.02564102564102587,23.94629905,5.138363838195801,0,93.62179565429688
92.2,4.408847715565017,-3.467968926135308,0.19684210526315787,0.02564102564102587,23.94629905,5.138363838195801,0,93.62179565429688
92.2,4.401767976446042,-3.4678133992640627,0.19684210526315787,0.02564102564102587,24.080867032,5.138363838195801,0,93.62179565429688
92.2,4.401767976446042,-3.4678133992640627,0.19684210526315787,0.02564102564102587,24.080867032,5.138363838195801,0,93.62179565429688
92.2,4.401767976446042,-3.4678133992640627,0.19684210526315787,0.02564102564102587,24.080867032,5.138363838195801,0,93.62179565429688
92.30000000000001,4.395081062962466,-3.467699504098242,0.19684210526315787,0.02564102564102587,24.080867032,5.138363838195801,0,93.62179565429688
92.30000000000001,4.395081062962466,-3.467699504098242,0.19684210526315787,0.02564102564102587,24.228443461,5.138363838195801,0,93.62179565429688
92.30000000000001,4.395081062962466,-3.467699504098242,0.19684210526315787,0.02564102564102587,24.228443461,5.138363838195801,0,93.62179565429688
92.30000000000001,4.395081062962466,-3.467699504098242,0.19684210526315787,0.02564102564102587,24.228443461,5.138363838195801,0,93.62179565429688
92.30000000000001,4.395081062962466,-3.467699504098242,0.19684210526315787,0.02564102564102587,24.228443461,5.138363838195801,0,93.62179565429688
92.30000000000001,4.397962631205315,-3.463653383900374,0.19684210526315787,0.02564102564102587,24.374103174,5.138363838195801,0,93.62179565429688
92.30000000000001,4.397962631205315,-3.463653383900374,0.21999999999999997,0.18564102564102586,24.374103174,5.138363838195801,0,93.62179565429688
92.30000000000001,4.397962631205315,-3.463653383900374,0.21999999999999997,0.18564102564102586,24.374103174,5.138363838195801,0,93.62179565429688
92.30000000000001,4.397962631205315,-3.463653383900374,0.21999999999999997,0.18564102564102586,24.374103174,5.138363838195801,0,93.62179565429688
92.30000000000001,4.414809104760944,-3.4538011650797134,0.21999999999999997,0.18564102564102586,24.513019548,5.138363838195801,0,93.62179565429688
92.30000000000001,4.414809104760944,-3.4538011650797134,0.21999999999999997,0.18564102564102586,24.513019548,5.138363838195801,0,93.62179565429688
92.4,4.414809104760944,-3.4538011650797134,0.21999999999999997,0.34564102564102583,24.513019548,5.138363838195801,0,93.62179565429688
92.4,4.431330347806691,-3.4437114240582902,0.21999999999999997,0.34564102564102583,24.381197438,5.138363838195801,0,93.62179565429688
92.4,4.431330347806691,-3.4437114240582902,0.21999999999999997,0.34564102564102583,24.381197438,5.138363838195801,0,93.62179565429688
92.4,4.431330347806691,-3.4437114240582902,0.21999999999999997,0.34564102564102583,24.381197438,5.138363838195801,0,93.62179565429688
92.4,4.431330347806691,-3.4437114240582902,0.21999999999999997,0.34564102564102583,24.381197438,5.138363838195801,0,93.62179565429688
92.4,4.448234408293262,-3.4334581232111225,0.21999999999999997,0.5056410256410259,24.382175513,5.138363838195801,0,93.62179565429688
92.4,4.448234408293262,-3.4334581232111225,0.21999999999999997,0.5056410256410259,24.382175513,5.138363838195801,0,93.62179565429688
92.4,4.448234408293262,-3.4334581232111225,0.21999999999999997,0.5056410256410259,24.382175513,5.138363838195801,0,93.62179565429688
92.4,4.448234408293262,-3.4334581232111225,0.21999999999999997,0.5056410256410259,24.382175513,5.138363838195801,0,93.62179565429688
92.4,4.465550442929906,-3.4230864193510846,0.21999999999999997,0.5056410256410259,24.389698238,5.138363838195801,0,93.62179565429688
92.4,4.465550442929906,-3.4230864193510846,0.21999999999999997,0.6656410256410259,24.389698238,5.138363838195801,0,93.62179565429688
92.4,4.465550442929906,-3.4230864193510846,0.21999999999999997,0.6656410256410259,24.389698238,5.138363838195801,0,93.62179565429688
92.5,4.465550442929906,-3.4230864193510846,0.21999999999999997,0.6656410256410259,24.389698238,5.138363838195801,0,93.62179565429688
92.5,4.483281650574695,-3.4125952031314197,0.21999999999999997,0.6656410256410259,24.39744769,5.138363838195801,0,93.5750961303711
92.5,4.483281650574695,-3.4125952031314197,0.21999999999999997,0.6656410256410259,24.39744769,5.138363838195801,0,93.5750961303711
92.5,4.483281650574695,-3.4125952031314197,0.21999999999999997,0.6410256410256412,24.39744769,5.138363838195801,0,93.5750961303711
92.5,4.483281650574695,-3.4125952031314197,0.21999999999999997,0.6410256410256412,24.39744769,5.138363838195801,0,93.5750961303711
92.5,4.48859164529985,-3.4072233631311617,0.21999999999999997,0.6410256410256412,24.416770715,5.138363838195801,0,93.5750961303711
92.5,4.48859164529985,-3.4072233631311617,0.21999999999999997,0.6410256410256412,24.416770715,5.138363838195801,0,93.5750961303711
92.5,4.48859164529985,-3.4072233631311617,0.21999999999999997,0.6410256410256412,24.416770715,5.138363838195801,0,93.5750961303711
92.5,4.48859164529985,-3.4072233631311617,0.21999999999999997,0.6410256410256412,24.416770715,5.138363838195801,0,93.5750961303711
92.5,4.481160081727971,-3.407195724158642,0.21999999999999997,0.6410256410256412,24.292876882,5.138363838195801,0,93.5750961303711
92.5,4.481160081727971,-3.407195724158642,0.21999999999999997,0.6410256410256412,24.292876882,5.138363838195801,0,93.5750961303711
92.5,4.481160081727971,-3.407195724158642,0.21999999999999997,0.6410256410256412,24.292876882,5.138363838195801,0,93.5750961303711
92.5,4.481160081727971,-3.407195724158642,0.21999999999999997,0.6410256410256412,24.292876882,5.138363838195801,0,93.5750961303711
92.60000000000001,4.481160081727971,-3.407195724158642,0.20842105263157892,0.5897435897435899,24.292876882,5.138363838195801,0,93.5750961303711
92.60000000000001,4.473723715901617,-3.407346051330367,0.20842105263157892,0.5897435897435899,24.015394783,5.138363838195801,0,93.5750961303711
92.60000000000001,4.473723715901617,-3.407346051330367,0.20842105263157892,0.5897435897435899,24.015394783,5.138363838195801,0,93.5750961303711
92.60000000000001,4.473723715901617,-3.407346051330367,0.20842105263157892,0.5897435897435899,24.015394783,5.138363838195801,0,93.5750961303711
92.60000000000001,4.473723715901617,-3.407346051330367,0.20842105263157892,0.5897435897435899,24.015394783,5.138363838195801,0,93.5750961303711
92.60000000000001,4.4666807387787655,-3.407623392109162,0.20842105263157892,0.5897435897435899,23.881246285,5.138363838195801,0,93.5750961303711
92.60000000000001,4.4666807387787655,-3.407623392109162,0.20842105263157892,0.5897435897435899,23.881246285,5.138363838195801,0,93.5750961303711
92.60000000000001,4.4666807387787655,-3.407623392109162,0.20842105263157892,0.5897435897435899,23.881246285,5.138363838195801,0,93.5750961303711
92.60000000000001,4.4666807387787655,-3.407623392109162,0.20842105263157892,0.5897435897435899,23.881246285,5.138363838195801,0,93.5750961303711
92.60000000000001,4.4596467244264435,-3.4080432818571125,0.20842105263157892,0.5897435897435899,23.760939241,5.138363838195801,0,93.5750961303711
92.60000000000001,4.4596467244264435,-3.4080432818571125,0.20842105263157892,0.5897435897435899,23.760939241,5.138363838195801,0,93.5750961303711
92.60000000000001,4.4596467244264435,-3.4080432818571125,0.21999999999999997,0.4871794871794873,23.760939241,5.138363838195801,0,93.5750961303711
92.7,4.4596467244264435,-3.4080432818571125,0.21999999999999997,0.4871794871794873,23.760939241,5.138363838195801,0,93.5750961303711
92.7,4.452621933283803,-3.4086122019765934,0.21999999999999997,0.4871794871794873,23.900299373,5.138363838195801,0,93.5750961303711
92.7,4.452621933283803,-3.4086122019765934,0.21999999999999997,0.4871794871794873,23.900299373,5.138363838195801,0,93.5750961303711
92.7,4.452621933283803,-3.4086122019765934,0.21999999999999997,0.4871794871794873,23.900299373,5.138363838195801,0,93.5750961303711
92.7,4.452621933283803,-3.4086122019765934,0.21999999999999997,0.4871794871794873,23.900299373,5.138363838195801,0,93.5750961303711
92.7,4.445213381306948,-3.4093559952984576,0.21999999999999997,0.4871794871794873,23.900299373,5.138363838195801,0,93.5750961303711
92.7,4.445213381306948,-3.4093559952984576,0.21999999999999997,0.4871794871794873,23.910219086,5.138363838195801,0,93.5750961303711
92.7,4.445213381306948,-3.4093559952984576,0.21999999999999997,0.4871794871794873,23.910219086,5.138363838195801,0,93.5750961303711
92.7,4.445213381306948,-3.4093559952984576,0.21999999999999997,0.4871794871794873,23.910219086,5.138363838195801,0,93.5750961303711
92.7,4.437814932755304,-3.4102230092419554,0.20842105263157892,0.4871794871794873,23.909049366,5.138363838195801,0,93.5750961303711
92.7,4.437814932755304,-3.4102230092419554,0.20842105263157892,0.4871794871794873,23.909049366,5.138363838195801,0,93.5750961303711
92.7,4.437814932755304,-3.4102230092419554,0.20842105263157892,0.4871794871794873,23.909049366,5.138363838195801,0,93.5750961303711
92.80000000000001,4.437814932755304,-3.4102230092419554,0.20842105263157892,0.4871794871794873,23.909049366,5.138363838195801,0,93.5750961303711
92.80000000000001,4.430821875023456,-3.411155370739743,0.20842105263157892,0.4871794871794873,23.909049366,5.138363838195801,0,93.5750961303711
92.80000000000001,4.430821875023456,-3.411155370739743,0.20842105263157892,0.4871794871794873,24.055083439,5.138363838195801,0,93.5750961303711
92.80000000000001,4.430821875023456,-3.411155370739743,0.20842105263157892,0.4871794871794873,24.055083439,5.138363838195801,0,93.5750961303711
92.80000000000001,4.430821875023456,-3.411155370739743,0.20842105263157892,0.4871794871794873,24.055083439,5.138363838195801,0,93.5750961303711
92.80000000000001,4.4238475590490385,-3.4122110573672,0.20842105263157892,0.4871794871794873,24.193713243,5.138363838195801,0,93.5750961303711
92.80000000000001,4.4238475590490385,-3.4122110573672,0.19684210526315787,0.6471794871794873,24.193713243,5.138363838195801,0,93.5750961303711
92.80000000000001,4.4238475590490385,-3.4122110573672,0.19684210526315787,0.6471794871794873,24.193713243,5.138363838195801,0,93.5750961303711
92.80000000000001,4.4238475590490385,-3.4122110573672,0.19684210526315787,0.6471794871794873,24.193713243,5.138363838195801,0,93.5750961303711
92.80000000000001,4.416890627802086,-3.4133866190133366,0.19684210526315787,0.6471794871794873,24.330634707,5.138363838195801,0,93.5750961303711
92.80000000000001,4.416890627802086,-3.4133866190133366,0.19684210526315787,0.6471794871794873,24.330634707,5.138363838195801,0,93.5750961303711
92.9,4.416890627802086,-3.4133866190133366,0.19684210526315787,0.6471794871794873,24.330634707,5.138363838195801,0,93.5750961303711
92.9,4.416890627802086,-3.4133866190133366,0.19684210526315787,0.7435897435897438,24.330634707,5.138363838195801,0,93.5750961303711
92.9,4.410348649331158,-3.4146062178211993,0.19684210526315787,0.7435897435897438,24.621023638,5.138363838195801,0,93.5750961303711
92.9,4.410348649331158,-3.4146062178211993,0.19684210526315787,0.7435897435897438,24.621023638,5.138363838195801,0,93.5750961303711
92.9,4.410348649331158,-3.4146062178211993,0.19684210526315787,0.7435897435897438,24.621023638,5.138363838195801,0,93.5750961303711
92.9,4.4038487136911915,-3.415977113920176,0.21999999999999997,0.8461538461538465,24.785265861,5.138363838195801,0,93.5750961303711
92.9,4.4038487136911915,-3.415977113920176,0.21999999999999997,0.8461538461538465,24.785265861,5.138363838195801,0,93.5750961303711
92.9,4.4038487136911915,-3.415977113920176,0.21999999999999997,0.8461538461538465,24.785265861,5.138363838195801,0,93.5750961303711
92.9,4.4038487136911915,-3.415977113920176,0.21999999999999997,0.8461538461538465,24.785265861,5.138363838195801,0,93.5750961303711
92.9,4.4038487136911915,-3.415977113920176,0.21999999999999997,0.8461538461538465,24.785265861,5.138363838195801,0,93.5750961303711
92.9,4.396630643638076,-3.4177183612749564,0.21999999999999997,0.8461538461538465,24.647255851,5.138363838195801,0,93.5750961303711
92.9,4.396630643638076,-3.4177183612749564,0.21999999999999997,0.8461538461538465,24.647255851,5.138363838195801,0,93.5750961303711
93.0,4.396630643638076,-3.4177183612749564,0.21999999999999997,0.8461538461538465,24.647255851,5.138363838195801,0,93.50597381591797
93.0,4.389459167806725,-3.419653632931298,0.21999999999999997,0.8461538461538465,24.647255851,5.138363838195801,0,93.50597381591797
93.0,4.389459167806725,-3.419653632931298,0.21999999999999997,0.8461538461538465,24.509712904,5.138363838195801,0,93.50597381591797
93.0,4.389459167806725,-3.419653632931298,0.21999999999999997,0.6861538461538464,24.509712904,5.138363838195801,0,93.50597381591797
93.0,4.389459167806725,-3.419653632931298,0.21999999999999997,0.6861538461538464,24.509712904,5.138363838195801,0,93.50597381591797
93.0,4.3823488191463955,-3.421785326286666,0.21999999999999997,0.6861538461538464,24.522789538,5.138363838195801,0,93.50597381591797
93.0,4.3823488191463955,-3.421785326286666,0.21999999999999997,0.6861538461538464,24.522789538,5.138363838195801,0,93.50597381591797
93.0,4.3823488191463955,-3.421785326286666,0.21999999999999997,0.6861538461538464,24.522789538,5.138363838195801,0,93.50597381591797
93.0,4.3823488191463955,-3.421785326286666,0.21999999999999997,0.5897435897435899,24.522789538,5.138363838195801,0,93.50597381591797
93.0,4.375295416435355,-3.4241228442681817,0.21999999999999997,0.5897435897435899,24.520136966,5.138363838195801,0,93.50597381591797
93.0,4.375295416435355,-3.4241228442681817,0.21999999999999997,0.5897435897435899,24.520136966,5.138363838195801,0,93.50597381591797
93.10000000000001,4.375295416435355,-3.4241228442681817,0.21999999999999997,0.5897435897435899,24.520136966,5.138363838195801,0,93.50597381591797
93.10000000000001,4.375295416435355,-3.4241228442681817,0.21999999999999997,0.5897435897435899,24.520136966,5.138363838195801,0,93.50597381591797
93.10000000000001,4.368275106326153,-3.4266107101715133,0.21999999999999997,0.5897435897435899,25.898894933,5.46104621887207,0,93.50597381591797
93.10000000000001,4.368275106326153,-3.4266107101715133,0.20842105263157892,0.5384615384615385,25.898894933,5.46104621887207,0,93.50597381591797
93.10000000000001,4.368275106326153,-3.4266107101715133,0.20842105263157892,0.5384615384615385,25.898894933,5.46104621887207,0,93.50597381591797
93.10000000000001,4.368275106326153,-3.4266107101715133,0.20842105263157892,0.5384615384615385,25.898894933,5.46104621887207,0,93.50597381591797
93.10000000000001,4.361298061617189,-3.4292091855871893,0.20842105263157892,0.5384615384615385,25.745636049,5.46104621887207,0,93.50597381591797
93.10000000000001,4.361298061617189,-3.4292091855871893,0.20842105263157892,0.5384615384615385,25.745636049,5.46104621887207,0,93.50597381591797
93.10000000000001,4.361298061617189,-3.4292091855871893,0.20842105263157892,0.5384615384615385,25.745636049,5.46104621887207,0,93.50597381591797
93.10000000000001,4.361298061617189,-3.4292091855871893,0.20842105263157892,0.5384615384615385,25.745636049,5.46104621887207,0,93.50597381591797
93.10000000000001,4.354748032206656,-3.431804453596104,0.20842105263157892,0.5384615384615385,25.51222659,5.411046504974365,0,93.50597381591797
93.10000000000001,4.354748032206656,-3.431804453596104,0.20842105263157892,0.5384615384615385,25.51222659,5.411046504974365,0,93.50597381591797
93.2,4.354748032206656,-3.431804453596104,0.19684210526315787,0.4871794871794873,25.51222659,5.411046504974365,0,93.50597381591797
93.2,4.354748032206656,-3.431804453596104,0.19684210526315787,0.4871794871794873,25.51222659,5.411046504974365,0,93.50597381591797
93.2,4.3482492507122,-3.434541488763749,0.19684210526315787,0.4871794871794873,25.356500532,5.411046504974365,0,93.50597381591797
93.2,4.3482492507122,-3.434541488763749,0.19684210526315787,0.4871794871794873,25.356500532,5.411046504974365,0,93.50597381591797
93.2,4.3482492507122,-3.434541488763749,0.19684210526315787,0.4871794871794873,25.356500532,5.411046504974365,0,93.50597381591797
93.2,4.342150157019251,-3.4372316293582412,0.19684210526315787,0.4871794871794873,25.356500532,5.411046504974365,0,93.50597381591797
93.2,4.342150157019251,-3.4372316293582412,0.19684210526315787,0.4871794871794873,25.343402283,5.411046504974365,0,93.50597381591797
93.2,4.342150157019251,-3.4372316293582412,0.19684210526315787,0.4871794871794873,25.343402283,5.411046504974365,0,93.50597381591797
93.2,4.342150157019251,-3.4372316293582412,0.19684210526315787,0.4871794871794873,25.343402283,5.411046504974365,0,93.50597381591797
93.2,4.342150157019251,-3.4372316293582412,0.19684210526315787,0.4871794871794873,25.343402283,5.411046504974365,0,93.50597381591797
93.2,4.336097589663342,-3.4400184531689066,0.21999999999999997,0.5384615384615385,25.635288632,5.411046504974365,0,93.50597381591797
93.30000000000001,4.336097589663342,-3.4400184531689066,0.21999999999999997,0.5384615384615385,25.635288632,5.411046504974365,0,93.50597381591797
93.30000000000001,4.336097589663342,-3.4400184531689066,0.21999999999999997,0.5384615384615385,25.635288632,5.411046504974365,0,93.50597381591797
93.30000000000001,4.330094362468342,-3.4429086596735288,0.21999999999999997,0.5384615384615385,25.635288632,5.411046504974365,0,93.50597381591797
93.30000000000001,4.330094362468342,-3.4429086596735288,0.21999999999999997,0.5384615384615385,25.930240176,5.411046504974365,0,93.50597381591797
93.30000000000001,4.330094362468342,-3.4429086596735288,0.21999999999999997,0.5384615384615385,25.930240176,5.411046504974365,0,93.50597381591797
93.30000000000001,4.330094362468342,-3.4429086596735288,0.21999999999999997,0.5384615384615385,25.930240176,5.411046504974365,0,93.50597381591797
93.30000000000001,4.323440937737425,-3.446255107216749,0.21999999999999997,0.5384615384615385,25.911015526,5.411046504974365,0,93.50597381591797
93.30000000000001,4.323440937737425,-3.446255107216749,0.21999999999999997,0.5384615384615385,25.911015526,5.411046504974365,0,93.50597381591797
93.30000000000001,4.323440937737425,-3.446255107216749,0.21999999999999997,0.5384615384615385,25.911015526,5.411046504974365,0,93.50597381591797
93.30000000000001,4.323440937737425,-3.446255107216749,0.20842105263157892,0.4871794871794873,25.911015526,5.411046504974365,0,93.50597381591797
93.30000000000001,4.3168562401995665,-3.449724614013412,0.20842105263157892,0.4871794871794873,25.911015526,5.411046504974365,0,93.50597381591797
93.4,4.3168562401995665,-3.449724614013412,0.20842105263157892,0.4871794871794873,25.915816297,5.411046504974365,0,93.50597381591797
93.4,4.3168562401995665,-3.449724614013412,0.20842105263157892,0.4871794871794873,25.915816297,5.411046504974365,0,93.50597381591797
93.4,4.3168562401995665,-3.449724614013412,0.20842105263157892,0.4871794871794873,25.915816297,5.411046504974365,0,93.50597381591797
93.4,4.3168562401995665,-3.449724614013412,0.20842105263157892,0.4871794871794873,25.915816297,5.411046504974365,0,93.50597381591797
93.4,4.310680070483459,-3.4531325215839046,0.20842105263157892,0.4871794871794873,25.835079347,5.361046314239502,0,93.50597381591797
93.4,4.310680070483459,-3.4531325215839046,0.20842105263157892,0.4871794871794873,25.835079347,5.361046314239502,0,93.50597381591797
93.4,4.310680070483459,-3.4531325215839046,0.20842105263157892,0.4871794871794873,25.835079347,5.361046314239502,0,93.50597381591797
93.4,4.304558783864987,-3.4566447464844927,0.20842105263157892,0.4871794871794873,25.835079347,5.361046314239502,0,93.50597381591797
93.4,4.304558783864987,-3.4566447464844927,0.21999999999999997,0.6410256410256412,25.989959205,5.361046314239502,0,93.50597381591797
93.4,4.304558783864987,-3.4566447464844927,0.21999999999999997,0.6410256410256412,25.989959205,5.361046314239502,0,93.50597381591797
93.4,4.304558783864987,-3.4566447464844927,0.21999999999999997,0.6410256410256412,25.989959205,5.361046314239502,0,93.50597381591797
93.4,4.304558783864987,-3.4566447464844927,0.21999999999999997,0.6410256410256412,25.989959205,5.361046314239502,0,93.50597381591797
93.4,4.298494395379247,-3.460252446288521,0.21999999999999997,0.6410256410256412,25.985998148,5.361046314239502,0,93.50597381591797
93.4,4.298494395379247,-3.460252446288521,0.21999999999999997,0.6410256410256412,25.985998148,5.361046314239502,0,93.50597381591797
93.5,4.298494395379247,-3.460252446288521,0.21999999999999997,0.6410256410256412,25.985998148,5.361046314239502,0,93.50597381591797
93.5,4.298494395379247,-3.460252446288521,0.21999999999999997,0.6410256410256412,25.985998148,5.361046314239502,0,93.39901733398438
93.5,4.298494395379247,-3.460252446288521,0.21999999999999997,0.6410256410256412,25.985998148,5.361046314239502,0,93.39901733398438
93.5,4.293765999114607,-3.462507473834153,0.21999999999999997,0.6410256410256412,25.841936184,5.361046314239502,0,93.39901733398438
93.5,4.293765999114607,-3.462507473834153,0.21999999999999997,0.5384615384615385,25.841936184,5.361046314239502,0,93.39901733398438
93.5,4.293765999114607,-3.462507473834153,0.21999999999999997,0.5384615384615385,25.841936184,5.361046314239502,0,93.39901733398438
93.5,4.293765999114607,-3.462507473834153,0.21999999999999997,0.5384615384615385,25.841936184,5.361046314239502,0,93.39901733398438
93.5,4.316712183551086,-3.437855733837425,0.21999999999999997,0.5384615384615385,25.777053693,5.411046504974365,0,93.39901733398438
93.5,4.316712183551086,-3.437855733837425,0.21999999999999997,0.5384615384615385,25.777053693,5.411046504974365,0,93.39901733398438
93.5,4.316712183551086,-3.437855733837425,0.21999999999999997,0.5384615384615385,25.777053693,5.411046504974365,0,93.39901733398438
93.5,4.316712183551086,-3.437855733837425,0.21999999999999997,0.5384615384615385,25.777053693,5.411046504974365,0,93.39901733398438
93.5,4.34362132448741,-3.412579785540598,0.21999999999999997,0.5384615384615385,25.375477758,5.411046504974365,0,93.39901733398438
93.60000000000001,4.34362132448741,-3.412579785540598,0.21999999999999997,0.5384615384615385,25.375477758,5.411046504974365,0,93.39901733398438
93.60000000000001,4.34362132448741,-3.412579785540598,0.21999999999999997,0.5384615384615385,25.375477758,5.411046504974365,0,93.39901733398438
93.60000000000001,4.34362132448741,-3.412579785540598,0.21999999999999997,0.6984615384615386,25.375477758,5.411046504974365,0,93.39901733398438
93.60000000000001,4.374342168368877,-3.3868412721318,0.21999999999999997,0.6984615384615386,25.373589947,5.46104621887207,0,93.39901733398438
93.60000000000001,4.374342168368877,-3.3868412721318,0.21999999999999997,0.6984615384615386,25.373589947,5.46104621887207,0,93.39901733398438
93.60000000000001,4.374342168368877,-3.3868412721318,0.21999999999999997,0.6984615384615386,25.373589947,5.46104621887207,0,93.39901733398438
93.60000000000001,4.408991045063695,-3.360739244794527,0.21999999999999997,0.6984615384615386,25.617717782,5.46104621887207,0,93.39901733398438
93.60000000000001,4.408991045063695,-3.360739244794527,0.21999999999999997,0.6984615384615386,25.617717782,5.46104621887207,0,93.39901733398438
93.60000000000001,4.408991045063695,-3.360739244794527,0.21999999999999997,0.8584615384615386,25.617717782,5.46104621887207,0,93.39901733398438
93.60000000000001,4.408991045063695,-3.360739244794527,0.21999999999999997,0.8584615384615386,25.617717782,5.46104621887207,0,93.39901733398438
93.60000000000001,4.4478735162711285,-3.3343611191516067,0.21999999999999997,0.8584615384615386,25.492622627,5.46104621887207,0,93.39901733398438
93.7,4.4478735162711285,-3.3343611191516067,0.21999999999999997,0.8584615384615386,25.492622627,5.46104621887207,0,93.39901733398438
93.7,4.4478735162711285,-3.3343611191516067,0.21999999999999997,1.0000000000000004,25.492622627,5.46104621887207,0,93.39901733398438
93.7,4.4478735162711285,-3.3343611191516067,0.21999999999999997,1.0000000000000004,25.492622627,5.46104621887207,0,93.39901733398438
93.7,4.481536710629461,-3.3133827586478706,0.21999999999999997,1.0000000000000004,25.492622627,5.46104621887207,0,93.39901733398438
93.7,4.481536710629461,-3.3133827586478706,0.21999999999999997,1.0000000000000004,25.422443974,5.46104621887207,0,93.39901733398438
93.7,4.481536710629461,-3.3133827586478706,0.21999999999999997,1.0000000000000004,25.422443974,5.46104621887207,0,93.39901733398438
93.7,4.481536710629461,-3.3133827586478706,0.21999999999999997,1.0000000000000004,25.422443974,5.46104621887207,0,93.39901733398438
93.7,4.481536710629461,-3.3133827586478706,0.21999999999999997,1.0000000000000004,25.422443974,5.46104621887207,0,93.39901733398438
93.7,4.475185983261859,-3.3170547640284966,0.21999999999999997,1.0000000000000004,25.380217632,5.46104621887207,0,93.39901733398438
93.7,4.475185983261859,-3.3170547640284966,0.21999999999999997,1.0000000000000004,25.380217632,5.46104621887207,0,93.39901733398438
93.7,4.475185983261859,-3.3170547640284966,0.21999999999999997,1.0000000000000004,25.380217632,5.46104621887207,0,93.39901733398438
93.7,4.475185983261859,-3.3170547640284966,0.21999999999999997,0.9487179487179491,25.380217632,5.46104621887207,0,93.39901733398438
93.80000000000001,4.469049282342004,-3.320917858417449,0.21999999999999997,0.9487179487179491,25.216595199,5.46104621887207,0,93.39901733398438
93.80000000000001,4.469049282342004,-3.320917858417449,0.21999999999999997,0.9487179487179491,25.216595199,5.46104621887207,0,93.39901733398438
93.80000000000001,4.469049282342004,-3.320917858417449,0.21999999999999997,0.9487179487179491,25.216595199,5.46104621887207,0,93.39901733398438
93.80000000000001,4.469049282342004,-3.320917858417449,0.21999999999999997,0.9487179487179491,25.216595199,5.46104621887207,0,93.39901733398438
93.80000000000001,4.463022692502004,-3.3250289504784143,0.21999999999999997,0.9487179487179491,25.192402658,5.46104621887207,0,93.39901733398438
93.80000000000001,4.463022692502004,-3.3250289504784143,0.21999999999999997,0.9487179487179491,25.192402658,5.46104621887207,0,93.39901733398438
93.80000000000001,4.463022692502004,-3.3250289504784143,0.21999999999999997,0.9487179487179491,25.192402658,5.46104621887207,0,93.39901733398438
93.80000000000001,4.463022692502004,-3.3250289504784143,0.21999999999999997,0.9487179487179491,25.192402658,5.46104621887207,0,93.39901733398438
93.80000000000001,4.4570763023776205,-3.3293720076127076,0.21999999999999997,0.9487179487179491,25.192402658,5.46104621887207,0,93.39901733398438
93.80000000000001,4.4570763023776205,-3.3293720076127076,0.21999999999999997,0.9487179487179491,25.209366347,5.46104621887207,0,93.39901733398438
93.80000000000001,4.4570763023776205,-3.3293720076127076,0.21999999999999997,0.9487179487179491,25.209366347,5.46104621887207,0,93.39901733398438
93.80000000000001,4.4570763023776205,-3.3293720076127076,0.21999999999999997,0.9487179487179491,25.209366347,5.46104621887207,0,93.39901733398438
93.9,4.45127727634101,-3.333898798775265,0.21999999999999997,0.9487179487179491,25.336329613,5.46104621887207,0,93.39901733398438
93.9,4.45127727634101,-3.333898798775265,0.21999999999999997,0.9487179487179491,25.336329613,5.46104621887207,0,93.39901733398438
93.9,4.45127727634101,-3.333898798775265,0.21999999999999997,0.9487179487179491,25.336329613,5.46104621887207,0,93.39901733398438
93.9,4.45127727634101,-3.333898798775265,0.21999999999999997,0.9487179487179491,25.336329613,5.46104621887207,0,93.39901733398438
93.9,4.45127727634101,-3.333898798775265,0.21999999999999997,0.9487179487179491,25.336329613,5.46104621887207,0,93.39901733398438
93.9,4.45563781163975,-3.3232181572321595,0.21999999999999997,0.9487179487179491,25.289016119,5.46104621887207,0,93.39901733398438
93.9,4.45563781163975,-3.3232181572321595,0.21999999999999997,0.9487179487179491,25.289016119,5.46104621887207,0,93.39901733398438
93.9,4.45563781163975,-3.3232181572321595,0.20842105263157892,1.0000000000000004,25.289016119,5.46104621887207,0,93.39901733398438
93.9,4.45563781163975,-3.3232181572321595,0.20842105263157892,1.0000000000000004,25.289016119,5.46104621887207,0,93.39901733398438
93.9,4.487644667813171,-3.2809553296504173,0.20842105263157892,1.0000000000000004,26.393635429,5.747990131378174,0,93.39901733398438
93.9,4.487644667813171,-3.2809553296504173,0.20842105263157892,1.0000000000000004,26.393635429,5.747990131378174,0,93.39901733398438
93.9,4.487644667813171,-3.2809553296504173,0.20842105263157892,1.0000000000000004,26.393635429,5.747990131378174,0,93.39901733398438
94.0,4.487644667813171,-3.2809553296504173,0.20842105263157892,1.0000000000000004,26.393635429,5.747990131378174,0,93.39901733398438
94.0,4.5300975914364,-3.2396738564502368,0.20842105263157892,1.0000000000000004,26.393635429,5.747990131378174,0,93.39901733398438
94.0,4.5300975914364,-3.2396738564502368,0.20842105263157892,1.0000000000000004,26.715301289,5.747990131378174,0,93.07917785644531
94.0,4.5300975914364,-3.2396738564502368,0.20842105263157892,1.0000000000000004,26.715301289,5.747990131378174,0,93.07917785644531
94.0,4.5300975914364,-3.2396738564502368,0.20842105263157892,1.0000000000000004,26.715301289,5.747990131378174,0,93.07917785644531
94.0,4.5300975914364,-3.2396738564502368,0.19684210526315787,0.9487179487179491,26.715301289,5.747990131378174,0,93.07917785644531
94.0,4.582717604473904,-3.2001350646342877,0.19684210526315787,0.9487179487179491,26.807988592,5.747990131378174,0,93.07917785644531
94.0,4.582717604473904,-3.2001350646342877,0.19684210526315787,0.9487179487179491,26.807988592,5.747990131378174,0,93.07917785644531
94.0,4.582717604473904,-3.2001350646342877,0.19684210526315787,0.9487179487179491,26.807988592,5.747990131378174,0,93.07917785644531
94.0,4.582717604473904,-3.2001350646342877,0.19684210526315787,0.9487179487179491,26.807988592,5.747990131378174,0,93.07917785644531
94.0,4.645665678393652,-3.162728798767251,0.19684210526315787,0.9487179487179491,27.026946997,5.747990131378174,0,93.07917785644531
94.0,4.645665678393652,-3.162728798767251,0.19684210526315787,0.9487179487179491,27.026946997,5.747990131378174,0,93.07917785644531
94.0,4.645665678393652,-3.162728798767251,0.19684210526315787,0.9487179487179491,27.026946997,5.747990131378174,0,93.07917785644531
94.0,4.645665678393652,-3.162728798767251,0.19684210526315787,0.9487179487179491,27.026946997,5.747990131378174,0,93.07917785644531
94.10000000000001,4.645665678393652,-3.162728798767251,0.19684210526315787,0.9487179487179491,27.026946997,5.747990131378174,0,93.07917785644531
94.10000000000001,4.718451573324083,-3.128265382881173,0.19684210526315787,0.9487179487179491,27.408864432,5.747990131378174,0,93.07917785644531
94.10000000000001,4.718451573324083,-3.128265382881173,0.21999999999999997,0.7948717948717952,27.408864432,5.747990131378174,0,93.07917785644531
94.10000000000001,4.718451573324083,-3.128265382881173,0.21999999999999997,0.7948717948717952,27.408864432,5.747990131378174,0,93.07917785644531
94.10000000000001,4.763536942966166,-3.111065414913352,0.21999999999999997,0.7948717948717952,27.408864432,5.747990131378174,0,93.07917785644531
94.10000000000001,4.763536942966166,-3.111065414913352,0.21999999999999997,0.7948717948717952,27.806797242000002,5.747990131378174,0,93.07917785644531
94.10000000000001,4.763536942966166,-3.111065414913352,0.21999999999999997,0.7948717948717952,27.806797242000002,5.747990131378174,0,93.07917785644531
94.10000000000001,4.763536942966166,-3.111065414913352,0.21999999999999997,0.7948717948717952,27.806797242000002,5.747990131378174,0,93.07917785644531
94.10000000000001,4.7575566694912474,-3.1151896088119058,0.21999999999999997,0.7948717948717952,27.77299763,5.747990131378174,0,93.07917785644531
94.10000000000001,4.7575566694912474,-3.1151896088119058,0.21999999999999997,0.7948717948717952,27.77299763,5.747990131378174,0,93.07917785644531
94.10000000000001,4.7575566694912474,-3.1151896088119058,0.21999999999999997,0.7948717948717952,27.77299763,5.747990131378174,0,93.07917785644531
94.10000000000001,4.7575566694912474,-3.1151896088119058,0.20842105263157892,0.7435897435897438,27.77299763,5.747990131378174,0,93.07917785644531
94.10000000000001,4.7575566694912474,-3.1151896088119058,0.20842105263157892,0.7435897435897438,27.77299763,5.747990131378174,0,93.07917785644531
94.2,4.751639246913912,-3.11953935921522,0.20842105263157892,0.7435897435897438,27.74075381,5.747990131378174,0,93.07917785644531
94.2,4.751639246913912,-3.11953935921522,0.20842105263157892,0.7435897435897438,27.74075381,5.747990131378174,0,93.07917785644531
94.2,4.751639246913912,-3.11953935921522,0.20842105263157892,0.7435897435897438,27.74075381,5.747990131378174,0,93.07917785644531
94.2,4.751639246913912,-3.11953935921522,0.20842105263157892,0.7435897435897438,27.74075381,5.747990131378174,0,93.07917785644531
94.2,4.751639246913912,-3.11953935921522,0.20842105263157892,0.7435897435897438,27.74075381,5.747990131378174,0,93.07917785644531
94.2,4.746134818422085,-3.123815841507068,0.20842105263157892,0.7435897435897438,27.933794127,5.747990131378174,0,93.07917785644531
94.2,4.746134818422085,-3.123815841507068,0.20842105263157892,0.7435897435897438,27.933794127,5.747990131378174,0,93.07917785644531
94.2,4.746134818422085,-3.123815841507068,0.20842105263157892,0.7435897435897438,27.933794127,5.747990131378174,0,93.07917785644531
94.2,4.746134818422085,-3.123815841507068,0.20842105263157892,0.7435897435897438,27.933794127,5.747990131378174,0,93.07917785644531
94.2,4.740754393791491,-3.128233296717702,0.21999999999999997,0.8461538461538465,28.094599051,5.747990131378174,0,93.07917785644531
94.2,4.740754393791491,-3.128233296717702,0.21999999999999997,0.8461538461538465,28.094599051,5.747990131378174,0,93.07917785644531
94.2,4.740754393791491,-3.128233296717702,0.21999999999999997,0.8461538461538465,28.094599051,5.747990131378174,0,93.07917785644531
94.30000000000001,4.740754393791491,-3.128233296717702,0.21999999999999997,0.8461538461538465,28.094599051,5.747990131378174,0,93.07917785644531
94.30000000000001,4.735170632664397,-3.133077726497487,0.21999999999999997,0.8461538461538465,28.094599051,5.747990131378174,0,93.07917785644531
94.30000000000001,4.735170632664397,-3.133077726497487,0.21999999999999997,0.8461538461538465,27.998806985,5.747990131378174,0,93.07917785644531
94.30000000000001,4.735170632664397,-3.133077726497487,0.21999999999999997,0.8461538461538465,27.998806985,5.747990131378174,0,93.07917785644531
94.30000000000001,4.735170632664397,-3.133077726497487,0.21999999999999997,0.8461538461538465,27.998806985,5.747990131378174,0,93.07917785644531
94.30000000000001,4.735170632664397,-3.133077726497487,0.21999999999999997,0.8461538461538465,27.998806985,5.747990131378174,0,93.07917785644531
94.30000000000001,4.744258072199614,-3.108820754246052,0.21999999999999997,0.8461538461538465,27.814393011,5.747990131378174,0,93.07917785644531
94.30000000000001,4.744258072199614,-3.108820754246052,0.21999999999999997,0.6923076923076925,27.814393011,5.747990131378174,0,93.07917785644531
94.30000000000001,4.744258072199614,-3.108820754246052,0.21999999999999997,0.6923076923076925,27.814393011,5.747990131378174,0,93.07917785644531
94.30000000000001,4.785103173216834,-3.0478493077711644,0.21999999999999997,0.6923076923076925,27.481474996,5.747990131378174,0,93.07917785644531
94.30000000000001,4.785103173216834,-3.0478493077711644,0.21999999999999997,0.6923076923076925,27.481474996,5.747990131378174,0,93.07917785644531
94.30000000000001,4.785103173216834,-3.0478493077711644,0.21999999999999997,0.6923076923076925,27.481474996,5.747990131378174,0,93.07917785644531
94.4,4.785103173216834,-3.0478493077711644,0.21999999999999997,0.6923076923076925,27.481474996,5.747990131378174,0,93.07917785644531
94.4,4.8412167508691635,-2.9947417851250386,0.21999999999999997,0.6923076923076925,27.132308717,5.747990131378174,0,93.07917785644531
94.4,4.8412167508691635,-2.9947417851250386,0.21999999999999997,0.6923076923076925,27.132308717,5.747990131378174,0,93.07917785644531
94.4,4.8412167508691635,-2.9947417851250386,0.21999999999999997,0.6923076923076925,27.132308717,5.747990131378174,0,93.07917785644531
94.4,4.91197969404369,-2.9505403820948652,0.21999999999999997,0.6923076923076925,27.132308717,5.747990131378174,0,93.07917785644531
94.4,4.91197969404369,-2.9505403820948652,0.21999999999999997,0.6923076923076925,26.777214747,5.747990131378174,0,93.07917785644531
94.4,4.91197969404369,-2.9505403820948652,0.21999999999999997,0.6923076923076925,26.777214747,5.747990131378174,0,93.07917785644531
94.4,4.91197969404369,-2.9505403820948652,0.21999999999999997,0.6923076923076925,26.777214747,5.747990131378174,0,93.07917785644531
94.4,4.91197969404369,-2.9505403820948652,0.21999999999999997,0.6923076923076925,26.777214747,5.747990131378174,0,93.07917785644531
94.4,4.996746417945662,-2.916245353630811,0.21999999999999997,0.6923076923076925,26.791325491,5.747990131378174,0,93.07917785644531
94.4,4.996746417945662,-2.916245353630811,0.21999999999999997,0.6923076923076925,26.791325491,5.747990131378174,0,93.07917785644531
94.5,4.996746417945662,-2.916245353630811,0.21999999999999997,0.6923076923076925,26.791325491,5.747990131378174,0,93.07917785644531
94.5,5.094786929229224,-2.892848644735158,0.21999999999999997,0.6923076923076925,26.783645717,5.747990131378174,0,92.51140594482422
94.5,5.094786929229224,-2.892848644735158,0.21999999999999997,0.6923076923076925,26.783645717,5.747990131378174,0,92.51140594482422
94.5,5.094786929229224,-2.892848644735158,0.20842105263157892,0.6410256410256412,26.783645717,5.747990131378174,0,92.51140594482422
94.5,5.094786929229224,-2.892848644735158,0.20842105263157892,0.6410256410256412,26.783645717,5.747990131378174,0,92.51140594482422
94.5,5.141790174551197,-2.887685296743586,0.20842105263157892,0.6410256410256412,26.597878306,5.747990131378174,0,92.51140594482422
94.5,5.141790174551197,-2.887685296743586,0.20842105263157892,0.6410256410256412,26.597878306,5.747990131378174,0,92.51140594482422
94.5,5.141790174551197,-2.887685296743586,0.20842105263157892,0.6410256410256412,26.597878306,5.747990131378174,0,92.51140594482422
94.5,5.141790174551197,-2.887685296743586,0.20842105263157892,0.6410256410256412,26.597878306,5.747990131378174,0,92.51140594482422
94.5,5.135607804254805,-2.8910199779348202,0.20842105263157892,0.6410256410256412,26.597878306,5.747990131378174,0,92.51140594482422
94.5,5.135607804254805,-2.8910199779348202,0.20842105263157892,0.6410256410256412,26.603135860000002,5.747990131378174,0,92.51140594482422
94.5,5.135607804254805,-2.8910199779348202,0.20842105263157892,0.6410256410256412,26.603135860000002,5.747990131378174,0,92.51140594482422
94.60000000000001,5.135607804254805,-2.8910199779348202,0.20842105263157892,0.6410256410256412,26.603135860000002,5.747990131378174,0,92.51140594482422
94.60000000000001,5.135607804254805,-2.8910199779348202,0.20842105263157892,0.6410256410256412,26.603135860000002,5.747990131378174,0,92.51140594482422
94.60000000000001,5.12948277303009,-2.8945037015224675,0.21999999999999997,0.48102564102564116,26.66029438,5.747990131378174,0,92.51140594482422
94.60000000000001,5.12948277303009,-2.8945037015224675,0.21999999999999997,0.48102564102564116,26.66029438,5.747990131378174,0,92.51140594482422
94.60000000000001,5.12948277303009,-2.8945037015224675,0.21999999999999997,0.48102564102564116,26.66029438,5.747990131378174,0,92.51140594482422
94.60000000000001,5.12948277303009,-2.8945037015224675,0.21999999999999997,0.48102564102564116,26.66029438,5.747990131378174,0,92.51140594482422
94.60000000000001,5.123108210442474,-2.8983093321069564,0.21999999999999997,0.435897435897436,26.669727498,5.747990131378174,0,92.51140594482422
94.60000000000001,5.123108210442474,-2.8983093321069564,0.21999999999999997,0.435897435897436,26.669727498,5.747990131378174,0,92.51140594482422
94.60000000000001,5.123108210442474,-2.8983093321069564,0.21999999999999997,0.435897435897436,26.669727498,5.747990131378174,0,92.51140594482422
94.60000000000001,5.123108210442474,-2.8983093321069564,0.21999999999999997,0.435897435897436,26.669727498,5.747990131378174,0,92.51140594482422
94.60000000000001,5.116772743666504,-2.9022356066435755,0.21999999999999997,0.435897435897436,26.669727498,5.747990131378174,0,92.51140594482422
94.60000000000001,5.116772743666504,-2.9022356066435755,0.21999999999999997,0.435897435897436,26.655334936,5.747990131378174,0,92.51140594482422
94.7,5.116772743666504,-2.9022356066435755,0.20842105263157892,0.4871794871794873,26.655334936,5.747990131378174,0,92.51140594482422
94.7,5.116772743666504,-2.9022356066435755,0.20842105263157892,0.4871794871794873,26.655334936,5.747990131378174,0,92.51140594482422
94.7,5.110493620584642,-2.906252153554629,0.20842105263157892,0.4871794871794873,26.643485559,5.747990131378174,0,92.51140594482422
94.7,5.110493620584642,-2.906252153554629,0.20842105263157892,0.4871794871794873,26.643485559,5.747990131378174,0,92.51140594482422
94.7,5.110493620584642,-2.906252153554629,0.20842105263157892,0.4871794871794873,26.643485559,5.747990131378174,0,92.51140594482422
94.7,5.110493620584642,-2.906252153554629,0.20842105263157892,0.4871794871794873,26.643485559,5.747990131378174,0,92.51140594482422
94.7,5.133752798029597,-2.876450166588854,0.20842105263157892,0.4871794871794873,26.813761751,5.747990131378174,0,92.51140594482422
94.7,5.133752798029597,-2.876450166588854,0.20842105263157892,0.4871794871794873,26.813761751,5.747990131378174,0,92.51140594482422
94.7,5.133752798029597,-2.876450166588854,0.20842105263157892,0.4871794871794873,26.813761751,5.747990131378174,0,92.51140594482422
94.7,5.133752798029597,-2.876450166588854,0.21999999999999997,0.5897435897435899,26.813761751,5.747990131378174,0,92.51140594482422
94.7,5.177313897498372,-2.83302797612904,0.21999999999999997,0.5897435897435899,26.97228277,5.747990131378174,0,92.51140594482422
94.80000000000001,5.177313897498372,-2.83302797612904,0.21999999999999997,0.5897435897435899,26.97228277,5.747990131378174,0,92.51140594482422
94.80000000000001,5.177313897498372,-2.83302797612904,0.21999999999999997,0.5897435897435899,26.97228277,5.747990131378174,0,92.51140594482422
94.80000000000001,5.225654564780356,-2.795741617845331,0.21999999999999997,0.5897435897435899,26.988690233,5.747990131378174,0,92.51140594482422
94.80000000000001,5.225654564780356,-2.795741617845331,0.21999999999999997,0.5897435897435899,30.505043341,6.496894836425781,0,92.51140594482422
94.80000000000001,5.225654564780356,-2.795741617845331,0.21999999999999997,0.5897435897435899,30.505043341,6.496894836425781,0,92.51140594482422
94.80000000000001,5.225654564780356,-2.795741617845331,0.21999999999999997,0.5897435897435899,30.505043341,6.496894836425781,0,92.51140594482422
94.80000000000001,5.2787949527742555,-2.764645354580858,0.21999999999999997,0.5897435897435899,30.510602361,6.496894836425781,0,92.51140594482422
94.80000000000001,5.2787949527742555,-2.764645354580858,0.21999999999999997,0.5897435897435899,30.510602361,6.496894836425781,0,92.51140594482422
94.80000000000001,5.2787949527742555,-2.764645354580858,0.20842105263157892,0.5384615384615385,30.510602361,6.496894836425781,0,92.51140594482422
94.80000000000001,5.2787949527742555,-2.764645354580858,0.20842105263157892,0.5384615384615385,30.510602361,6.496894836425781,0,92.51140594482422
94.80000000000001,5.336512209105807,-2.7399407876360145,0.20842105263157892,0.5384615384615385,29.967222903,6.426184177398682,0,92.51140594482422
94.9,5.336512209105807,-2.7399407876360145,0.20842105263157892,0.5384615384615385,29.967222903,6.426184177398682,0,92.51140594482422
94.9,5.336512209105807,-2.7399407876360145,0.20842105263157892,0.5384615384615385,29.967222903,6.426184177398682,0,92.51140594482422
94.9,5.398739931033923,-2.721717304436558,0.20842105263157892,0.5384615384615385,29.984870982,6.426184177398682,0,92.51140594482422
94.9,5.398739931033923,-2.721717304436558,0.20842105263157892,0.5384615384615385,29.984870982,6.426184177398682,0,92.51140594482422
94.9,5.398739931033923,-2.721717304436558,0.20842105263157892,0.5384615384615385,29.984870982,6.426184177398682,0,92.51140594482422
94.9,5.398739931033923,-2.721717304436558,0.20842105263157892,0.5384615384615385,29.984870982,6.426184177398682,0,92.51140594482422
94.9,5.430950057995556,-2.700556822828718,0.20842105263157892,0.5384615384615385,30.151855203,6.426184177398682,0,92.51140594482422
94.9,5.430950057995556,-2.700556822828718,0.21999999999999997,0.3784615384615385,30.151855203,6.426184177398682,0,92.51140594482422
94.9,5.430950057995556,-2.700556822828718,0.21999999999999997,0.3784615384615385,30.151855203,6.426184177398682,0,92.51140594482422
94.9,5.453643065685869,-2.678167938847216,0.21999999999999997,0.3784615384615385,30.328334941,6.426184177398682,0,92.51140594482422
95.0,5.453643065685869,-2.678167938847216,0.21999999999999997,0.3784615384615385,30.328334941,6.426184177398682,0,92.51140594482422
95.0,5.453643065685869,-2.678167938847216,0.21999999999999997,0.3784615384615385,30.328334941,6.426184177398682,0,91.99620056152344
95.0,5.453643065685869,-2.678167938847216,0.21999999999999997,0.2820512820512822,30.328334941,6.426184177398682,0,91.99620056152344
95.0,5.476537628053799,-2.657003970951939,0.21999999999999997,0.2820512820512822,30.327366261,6.426184177398682,0,91.99620056152344
95.0,5.476537628053799,-2.657003970951939,0.21999999999999997,0.2820512820512822,30.327366261,6.426184177398682,0,91.99620056152344
95.0,5.476537628053799,-2.657003970951939,0.21999999999999997,0.2820512820512822,30.327366261,6.426184177398682,0,91.99620056152344
95.0,5.4999255518357915,-2.6369118502731794,0.21999999999999997,0.2820512820512822,30.113486382,6.426184177398682,0,91.99620056152344
95.0,5.4999255518357915,-2.6369118502731794,0.21999999999999997,0.17948717948717968,30.113486382,6.426184177398682,0,91.99620056152344
95.0,5.4999255518357915,-2.6369118502731794,0.21999999999999997,0.17948717948717968,30.113486382,6.426184177398682,0,91.99620056152344
95.0,5.52378832600155,-2.617854988315284,0.21999999999999997,0.17948717948717968,29.915747396,6.426184177398682,0,91.99620056152344
95.10000000000001,5.52378832600155,-2.617854988315284,0.21999999999999997,0.17948717948717968,29.915747396,6.426184177398682,0,91.99620056152344
95.10000000000001,5.52378832600155,-2.617854988315284,0.21999999999999997,0.17948717948717968,29.915747396,6.426184177398682,0,91.99620056152344
95.10000000000001,5.52378832600155,-2.617854988315284,0.21999999999999997,0.17948717948717968,29.915747396,6.426184177398682,0,91.99620056152344
95.10000000000001,5.54811166561831,-2.5998283979084933,0.21999999999999997,0.17948717948717968,29.884273359,6.426184177398682,0,91.99620056152344
95.10000000000001,5.54811166561831,-2.5998283979084933,0.21999999999999997,0.17948717948717968,29.884273359,6.426184177398682,0,91.99620056152344
95.10000000000001,5.54811166561831,-2.5998283979084933,0.21999999999999997,0.17948717948717968,29.884273359,6.426184177398682,0,91.99620056152344
95.10000000000001,5.54811166561831,-2.5998283979084933,0.21999999999999997,0.17948717948717968,29.884273359,6.426184177398682,0,91.99620056152344
95.10000000000001,5.54811166561831,-2.5998283979084933,0.21999999999999997,0.12820512820512842,29.884273359,6.426184177398682,0,91.99620056152344
95.10000000000001,5.54764670594254,-2.598395401227429,0.21999999999999997,0.12820512820512842,29.855971149,6.426184177398682,0,91.99620056152344
95.10000000000001,5.54764670594254,-2.598395401227429,0.21999999999999997,0.12820512820512842,29.855971149,6.426184177398682,0,91.99620056152344
95.10000000000001,5.54764670594254,-2.598395401227429,0.21999999999999997,0.12820512820512842,29.855971149,6.426184177398682,0,91.99620056152344
95.10000000000001,5.540696147645805,-2.6011345685414415,0.21999999999999997,0.12820512820512842,29.852519616,6.426184177398682,0,91.99620056152344
95.10000000000001,5.540696147645805,-2.6011345685414415,0.21999999999999997,0.12820512820512842,29.852519616,6.426184177398682,0,91.99620056152344
95.2,5.540696147645805,-2.6011345685414415,0.21999999999999997,0.12820512820512842,29.852519616,6.426184177398682,0,91.99620056152344
95.2,5.540696147645805,-2.6011345685414415,0.21999999999999997,0.12820512820512842,29.852519616,6.426184177398682,0,91.99620056152344
95.2,5.533754471681157,-2.6039021222587935,0.21999999999999997,0.12820512820512842,29.634785425,6.426184177398682,0,91.99620056152344
95.2,5.533754471681157,-2.6039021222587935,0.21999999999999997,0.12820512820512842,29.634785425,6.426184177398682,0,91.99620056152344
95.2,5.533754471681157,-2.6039021222587935,0.21999999999999997,0.28820512820512845,29.634785425,6.426184177398682,0,91.99620056152344
95.2,5.533754471681157,-2.6039021222587935,0.21999999999999997,0.28820512820512845,29.634785425,6.426184177398682,0,91.99620056152344
95.2,5.526830969205609,-2.606695985085236,0.21999999999999997,0.28820512820512845,29.451576619,6.426184177398682,0,91.99620056152344
95.2,5.526830969205609,-2.606695985085236,0.21999999999999997,0.28820512820512845,29.451576619,6.426184177398682,0,91.99620056152344
95.2,5.526830969205609,-2.606695985085236,0.21999999999999997,0.28820512820512845,29.451576619,6.426184177398682,0,91.99620056152344
95.30000000000001,5.51987051495343,-2.6095575634773813,0.21999999999999997,0.38461538461538475,29.504788931,6.426184177398682,0,91.99620056152344
95.30000000000001,5.51987051495343,-2.6095575634773813,0.21999999999999997,0.38461538461538475,29.504788931,6.426184177398682,0,91.99620056152344
95.30000000000001,5.51987051495343,-2.6095575634773813,0.21999999999999997,0.38461538461538475,29.504788931,6.426184177398682,0,91.99620056152344
95.30000000000001,5.51987051495343,-2.6095575634773813,0.21999999999999997,0.38461538461538475,29.504788931,6.426184177398682,0,91.99620056152344
95.30000000000001,5.513185869361402,-2.6124273029192504,0.21999999999999997,0.38461538461538475,29.389292249,6.426184177398682,0,91.99620056152344
95.30000000000001,5.513185869361402,-2.6124273029192504,0.20842105263157892,0.38461538461538475,29.389292249,6.426184177398682,0,91.99620056152344
95.30000000000001,5.513185869361402,-2.6124273029192504,0.20842105263157892,0.38461538461538475,29.389292249,6.426184177398682,0,91.99620056152344
95.30000000000001,5.513185869361402,-2.6124273029192504,0.20842105263157892,0.38461538461538475,29.389292249,6.426184177398682,0,91.99620056152344
95.30000000000001,5.515804385895354,-2.6115366555384165,0.20842105263157892,0.38461538461538475,29.383744614,6.426184177398682,0,91.99620056152344
95.30000000000001,5.515804385895354,-2.6115366555384165,0.20842105263157892,0.38461538461538475,29.383744614,6.426184177398682,0,91.99620056152344
95.30000000000001,5.515804385895354,-2.6115366555384165,0.20842105263157892,0.38461538461538475,29.383744614,6.426184177398682,0,91.99620056152344
95.30000000000001,5.519412521706613,-2.610353451293704,0.20842105263157892,0.38461538461538475,29.383744614,6.426184177398682,0,91.99620056152344
95.4,5.519412521706613,-2.610353451293704,0.20842105263157892,0.38461538461538475,29.560342153,6.426184177398682,0,91.99620056152344
95.4,5.519412521706613,-2.610353451293704,0.20842105263157892,0.38461538461538475,29.560342153,6.426184177398682,0,91.99620056152344
95.4,5.519412521706613,-2.610353451293704,0.20842105263157892,0.38461538461538475,29.560342153,6.426184177398682,0,91.99620056152344
95.4,5.523073029242062,-2.6092816186666434,0.21999999999999997,0.22461538461538474,29.740237714,6.426184177398682,0,91.99620056152344
95.4,5.523073029242062,-2.6092816186666434,0.21999999999999997,0.22461538461538474,29.740237714,6.426184177398682,0,91.99620056152344
95.4,5.523073029242062,-2.6092816186666434,0.21999999999999997,0.22461538461538474,29.740237714,6.426184177398682,0,91.99620056152344
95.4,5.523073029242062,-2.6092816186666434,0.21999999999999997,0.22461538461538474,29.740237714,6.426184177398682,0,91.99620056152344
95.4,5.526795476716349,-2.6083446237896943,0.21999999999999997,0.22461538461538474,29.925773231,6.426184177398682,0,91.99620056152344
95.4,5.526795476716349,-2.6083446237896943,0.21999999999999997,0.17948717948717968,29.925773231,6.426184177398682,0,91.99620056152344
95.4,5.526795476716349,-2.6083446237896943,0.21999999999999997,0.17948717948717968,29.925773231,6.426184177398682,0,91.99620056152344
95.4,5.530205247575925,-2.6077117192805184,0.21999999999999997,0.17948717948717968,29.92384833,6.426184177398682,0,91.99620056152344
95.5,5.530205247575925,-2.6077117192805184,0.21999999999999997,0.17948717948717968,29.92384833,6.426184177398682,0,91.89215087890625
95.5,5.530205247575925,-2.6077117192805184,0.21999999999999997,0.17948717948717968,29.92384833,6.426184177398682,0,91.89215087890625
95.5,5.530205247575925,-2.6077117192805184,0.21999999999999997,0.07692307692307715,29.92384833,6.426184177398682,0,91.89215087890625
95.5,5.532722569909405,-2.6074791229383814,0.21999999999999997,0.07692307692307715,29.918505359,6.426184177398682,0,91.89215087890625
95.5,5.532722569909405,-2.6074791229383814,0.21999999999999997,0.07692307692307715,29.918505359,6.426184177398682,0,91.89215087890625
95.5,5.532722569909405,-2.6074791229383814,0.21999999999999997,0.07692307692307715,29.918505359,6.426184177398682,0,91.89215087890625
95.5,5.532722569909405,-2.6074791229383814,0.21999999999999997,0.07692307692307715,29.918505359,6.426184177398682,0,91.89215087890625
95.5,5.525946012433696,-2.6106300189759084,0.21999999999999997,0.07692307692307715,29.913715098,6.426184177398682,0,91.89215087890625
95.5,5.525946012433696,-2.6106300189759084,0.21999999999999997,0.07692307692307715,29.913715098,6.426184177398682,0,91.89215087890625
95.5,5.525946012433696,-2.6106300189759084,0.21999999999999997,0.07692307692307715,29.913715098,6.426184177398682,0,91.89215087890625
95.5,5.525946012433696,-2.6106300189759084,0.21999999999999997,0.07692307692307715,29.913715098,6.426184177398682,0,91.89215087890625
95.5,5.525946012433696,-2.6106300189759084,0.21999999999999997,0.07692307692307715,29.913715098,6.426184177398682,0,91.89215087890625
95.60000000000001,5.519185320281684,-2.6138123762798826,0.21999999999999997,0.07692307692307715,29.668504225,6.426184177398682,0,91.89215087890625
95.60000000000001,5.519185320281684,-2.6138123762798826,0.21999999999999997,0.0,29.668504225,6.426184177398682,0,91.89215087890625
95.60000000000001,5.519185320281684,-2.6138123762798826,0.21999999999999997,0.0,29.668504225,6.426184177398682,0,91.89215087890625
95.60000000000001,5.51242910148931,-2.6170156365309327,0.21999999999999997,0.0,29.766985861,6.426184177398682,0,91.89215087890625
95.60000000000001,5.51242910148931,-2.6170156365309327,0.21999999999999997,0.0,29.766985861,6.426184177398682,0,91.89215087890625
95.60000000000001,5.51242910148931,-2.6170156365309327,0.21999999999999997,0.0,29.766985861,6.426184177398682,0,91.89215087890625
95.60000000000001,5.51242910148931,-2.6170156365309327,0.21999999999999997,0.0,29.766985861,6.426184177398682,0,91.89215087890625
95.60000000000001,5.505674524774589,-2.6202257136334355,0.21999999999999997,0.0,29.764199773,6.426184177398682,0,91.89215087890625
95.60000000000001,5.505674524774589,-2.6202257136334355,0.21999999999999997,0.0,29.764199773,6.426184177398682,0,91.89215087890625
95.60000000000001,5.505674524774589,-2.6202257136334355,0.21999999999999997,0.0,29.764199773,6.426184177398682,0,91.89215087890625
95.7,5.505674524774589,-2.6202257136334355,0.21999999999999997,0.0,29.764199773,6.426184177398682,0,91.89215087890625
95.7,5.498918708564522,-2.6234368711323333,0.21999999999999997,0.0,29.577574443,6.426184177398682,0,91.89215087890625
95.7,5.498918708564522,-2.6234368711323333,0.20842105263157892,-0.02564102564102541,29.577574443,6.426184177398682,0,91.89215087890625
95.7,5.498918708564522,-2.6234368711323333,0.20842105263157892,-0.02564102564102541,29.577574443,6.426184177398682,0,91.89215087890625
95.7,5.493030642902333,-2.6269642602345806,0.20842105263157892,-0.02564102564102541,29.393298237,6.426184177398682,0,91.89215087890625
95.7,5.493030642902333,-2.6269642602345806,0.20842105263157892,-0.02564102564102541,29.393298237,6.426184177398682,0,91.89215087890625
95.7,5.493030642902333,-2.6269642602345806,0.20842105263157892,-0.02564102564102541,29.393298237,6.426184177398682,0,91.89215087890625
95.7,5.493030642902333,-2.6269642602345806,0.20842105263157892,-0.02564102564102541,31.010447718,6.77973747253418,0,91.89215087890625
95.7,5.491566662363087,-2.6318341802397653,0.20842105263157892,-0.02564102564102541,31.00127821,6.77973747253418,0,91.89215087890625
95.7,5.491566662363087,-2.6318341802397653,0.20842105263157892,-0.02564102564102541,31.00127821,6.77973747253418,0,91.89215087890625
95.7,5.491566662363087,-2.6318341802397653,0.20842105263157892,-0.02564102564102541,31.00127821,6.77973747253418,0,91.89215087890625
95.7,5.491566662363087,-2.6318341802397653,0.21999999999999997,0.1343589743589746,31.00127821,6.77973747253418,0,91.89215087890625
95.80000000000001,5.490127528612858,-2.636753239222189,0.21999999999999997,0.1343589743589746,31.178449151,6.77973747253418,0,91.89215087890625
95.80000000000001,5.490127528612858,-2.636753239222189,0.21999999999999997,0.1343589743589746,31.178449151,6.77973747253418,0,91.89215087890625
95.80000000000001,5.490127528612858,-2.636753239222189,0.21999999999999997,0.1343589743589746,31.178449151,6.77973747253418,0,91.89215087890625
95.80000000000001,5.490127528612858,-2.636753239222189,0.21999999999999997,0.2820512820512822,31.178449151,6.77973747253418,0,91.89215087890625
95.80000000000001,5.488345955192689,-2.6418816137287333,0.21999999999999997,0.2820512820512822,31.182259627,6.77973747253418,0,91.89215087890625
95.80000000000001,5.488345955192689,-2.6418816137287333,0.21999999999999997,0.2820512820512822,31.182259627,6.77973747253418,0,91.89215087890625
95.80000000000001,5.488345955192689,-2.6418816137287333,0.21999999999999997,0.2820512820512822,31.182259627,6.77973747253418,0,91.89215087890625
95.80000000000001,5.488345955192689,-2.6418816137287333,0.21999999999999997,0.2820512820512822,31.182259627,6.77973747253418,0,91.89215087890625
95.80000000000001,5.486600197446863,-2.6470511938486365,0.21999999999999997,0.12205128205128221,31.182259627,6.77973747253418,0,91.89215087890625
95.80000000000001,5.486600197446863,-2.6470511938486365,0.21999999999999997,0.12205128205128221,31.188429797,6.77973747253418,0,91.89215087890625
95.80000000000001,5.486600197446863,-2.6470511938486365,0.21999999999999997,0.12205128205128221,31.188429797,6.77973747253418,0,91.89215087890625
95.9,5.486600197446863,-2.6470511938486365,0.21999999999999997,0.12205128205128221,31.188429797,6.77973747253418,0,91.89215087890625
95.9,5.484920054769811,-2.6523251671790007,0.21999999999999997,0.12205128205128221,31.199772878,6.77973747253418,0,91.89215087890625
95.9,5.484920054769811,-2.6523251671790007,0.21999999999999997,0.12205128205128221,31.199772878,6.77973747253418,0,91.89215087890625
95.9,5.484920054769811,-2.6523251671790007,0.21999999999999997,-0.03794871794871779,31.199772878,6.77973747253418,0,91.89215087890625
95.9,5.484920054769811,-2.6523251671790007,0.21999999999999997,-0.03794871794871779,31.199772878,6.77973747253418,0,91.89215087890625
95.9,5.481816330957411,-2.6571477971836726,0.21999999999999997,-0.03794871794871779,31.199772878,6.77973747253418,0,91.89215087890625
95.9,5.481816330957411,-2.6571477971836726,0.21999999999999997,-0.07692307692307669,31.199772878,6.77973747253418,0,91.89215087890625
95.9,5.481816330957411,-2.6571477971836726,0.21999999999999997,-0.07692307692307669,31.199772878,6.77973747253418,0,91.89215087890625
95.9,5.481816330957411,-2.6571477971836726,0.21999999999999997,-0.07692307692307669,31.196020305,6.77973747253418,0,91.89215087890625
95.9,5.481816330957411,-2.6571477971836726,0.21999999999999997,-0.07692307692307669,31.196020305,6.77973747253418,0,91.89215087890625
95.9,5.481816330957411,-2.6571477971836726,0.21999999999999997,-0.07692307692307669,31.196020305,6.77973747253418,0,91.89215087890625
95.9,5.481816330957411,-2.6571477971836726,0.21999999999999997,-0.07692307692307669,31.196020305,6.77973747253418,0,91.89215087890625
95.9,5.481816330957411,-2.6571477971836726,0.21999999999999997,-0.07692307692307669,31.196020305,6.77973747253418,0,91.89215087890625
95.9,5.481816330957411,-2.6571477971836726,0.20842105263157892,-0.12820512820512797,31.196020305,6.77973747253418,0,91.89215087890625
95.9,5.475191391518985,-2.6606400183410983,0.20842105263157892,-0.12820512820512797,31.187292318,6.77973747253418,0,91.89215087890625
95.9,5.475191391518985,-2.6606400183410983,0.20842105263157892,-0.12820512820512797,31.187292318,6.77973747253418,0,91.89215087890625
95.9,5.475191391518985,-2.6606400183410983,0.20842105263157892,-0.12820512820512797,31.187292318,6.77973747253418,0,91.89215087890625
95.9,5.475191391518985,-2.6606400183410983,0.20842105263157892,-0.12820512820512797,31.187292318,6.77973747253418,0,91.89215087890625
96.0,5.468892412679917,-2.6639134114598266,0.20842105263157892,-0.12820512820512797,31.371549556,6.77973747253418,0,91.89215087890625
96.0,5.468892412679917,-2.6639134114598266,0.20842105263157892,-0.12820512820512797,31.140186987,6.729737758636475,0,91.81581115722656
96.0,5.468892412679917,-2.6639134114598266,0.20842105263157892,-0.12820512820512797,31.140186987,6.729737758636475,0,91.81581115722656
96.0,5.468892412679917,-2.6639134114598266,0.20842105263157892,-0.12820512820512797,31.140186987,6.729737758636475,0,91.81581115722656
96.0,5.462581917960119,-2.6671559749208846,0.20842105263157892,-0.12820512820512797,31.140186987,6.729737758636475,0,91.81581115722656
96.0,5.462581917960119,-2.6671559749208846,0.20842105263157892,-0.12820512820512797,31.319275648,6.729737758636475,0,91.81581115722656
96.0,5.462581917960119,-2.6671559749208846,0.20842105263157892,-0.12820512820512797,31.319275648,6.729737758636475,0,91.81581115722656
96.0,5.462581917960119,-2.6671559749208846,0.20842105263157892,-0.12820512820512797,31.319275648,6.729737758636475,0,91.81581115722656
96.0,5.462581917960119,-2.6671559749208846,0.20842105263157892,-0.12820512820512797,31.319275648,6.729737758636475,0,91.81581115722656
96.0,5.462581917960119,-2.6671559749208846,0.20842105263157892,-0.12820512820512797,31.319275648,6.729737758636475,0,91.81581115722656
96.0,5.456260466299215,-2.67037767669502,0.21999999999999997,-0.17948717948717924,31.307746396,6.729737758636475,0,91.81581115722656
96.0,5.456260466299215,-2.67037767669502,0.21999999999999997,-0.17948717948717924,31.307746396,6.729737758636475,0,91.81581115722656
96.0,5.456260466299215,-2.67037767669502,0.21999999999999997,-0.17948717948717924,31.307746396,6.729737758636475,0,91.81581115722656
96.10000000000001,5.456260466299215,-2.67037767669502,0.21999999999999997,-0.17948717948717924,31.307746396,6.729737758636475,0,91.81581115722656
96.10000000000001,5.456260466299215,-2.67037767669502,0.21999999999999997,-0.17948717948717924,31.307746396,6.729737758636475,0,91.81581115722656
96.10000000000001,5.449569881090453,-2.673747470837675,0.21999999999999997,-0.17948717948717924,31.120463639,6.729737758636475,0,91.81581115722656
96.10000000000001,5.449569881090453,-2.673747470837675,0.21999999999999997,-0.17948717948717924,31.120463639,6.729737758636475,0,91.81581115722656
96.10000000000001,5.449569881090453,-2.673747470837675,0.21999999999999997,-0.17948717948717924,31.120463639,6.729737758636475,0,91.81581115722656
96.10000000000001,5.449569881090453,-2.673747470837675,0.21999999999999997,-0.17948717948717924,31.120463639,6.729737758636475,0,91.81581115722656
96.10000000000001,5.442854440521143,-2.677072329325769,0.21999999999999997,-0.17948717948717924,31.114109227,6.729737758636475,0,91.81581115722656
96.10000000000001,5.442854440521143,-2.677072329325769,0.20842105263157892,-0.17948717948717924,31.114109227,6.729737758636475,0,91.81581115722656
96.10000000000001,5.442854440521143,-2.677072329325769,0.20842105263157892,-0.17948717948717924,31.114109227,6.729737758636475,0,91.81581115722656
96.10000000000001,5.442854440521143,-2.677072329325769,0.20842105263157892,-0.17948717948717924,31.114109227,6.729737758636475,0,91.81581115722656
96.10000000000001,5.436119888227815,-2.68035171586465,0.20842105263157892,-0.17948717948717924,31.098576286,6.729737758636475,0,91.81581115722656
96.10000000000001,5.436119888227815,-2.68035171586465,0.20842105263157892,-0.17948717948717924,31.098576286,6.729737758636475,0,91.81581115722656
96.2,5.436119888227815,-2.68035171586465,0.20842105263157892,-0.17948717948717924,31.098576286,6.729737758636475,0,91.81581115722656
96.2,5.4297228020863475,-2.683422615369022,0.20842105263157892,-0.17948717948717924,31.098576286,6.729737758636475,0,91.81581115722656
96.2,5.4297228020863475,-2.683422615369022,0.20842105263157892,-0.17948717948717924,31.035276192,6.679737567901611,0,91.81581115722656
96.2,5.4297228020863475,-2.683422615369022,0.20842105263157892,-0.17948717948717924,31.035276192,6.679737567901611,0,91.81581115722656
96.2,5.4297228020863475,-2.683422615369022,0.20842105263157892,-0.17948717948717924,31.035276192,6.679737567901611,0,91.81581115722656
96.2,5.4297228020863475,-2.683422615369022,0.19684210526315787,-0.17948717948717924,31.035276192,6.679737567901611,0,91.81581115722656
96.2,5.4297228020863475,-2.683422615369022,0.19684210526315787,-0.17948717948717924,31.035276192,6.679737567901611,0,91.81581115722656
96.2,5.4297228020863475,-2.683422615369022,0.19684210526315787,-0.17948717948717924,31.035276192,6.679737567901611,0,91.81581115722656
96.2,5.423306687606206,-2.6864561679162406,0.19684210526315787,-0.17948717948717924,31.216874623,6.679737567901611,0,91.81581115722656
96.2,5.423306687606206,-2.6864561679162406,0.19684210526315787,-0.17948717948717924,31.216874623,6.679737567901611,0,91.81581115722656
96.2,5.423306687606206,-2.6864561679162406,0.19684210526315787,-0.17948717948717924,31.216874623,6.679737567901611,0,91.81581115722656
96.2,5.423306687606206,-2.6864561679162406,0.19684210526315787,-0.17948717948717924,31.216874623,6.679737567901611,0,91.81581115722656
96.2,5.423306687606206,-2.6864561679162406,0.19684210526315787,-0.17948717948717924,31.216874623,6.679737567901611,0,91.81581115722656
96.2,5.423306687606206,-2.6864561679162406,0.19684210526315787,-0.17948717948717924,31.216874623,6.679737567901611,0,91.81581115722656
96.2,5.417228366579991,-2.6892823391022067,0.19684210526315787,-0.17948717948717924,31.60371506,6.679737567901611,0,91.81581115722656
96.2,5.417228366579991,-2.6892823391022067,0.19684210526315787,-0.17948717948717924,31.60371506,6.679737567901611,0,91.81581115722656
96.30000000000001,5.417228366579991,-2.6892823391022067,0.19684210526315787,-0.17948717948717924,31.60371506,6.679737567901611,0,91.81581115722656
96.30000000000001,5.411133384057459,-2.692070748139839,0.19684210526315787,-0.17948717948717924,31.60371506,6.679737567901611,0,91.81581115722656
96.30000000000001,5.411133384057459,-2.692070748139839,0.19684210526315787,-0.17948717948717924,31.790951706,6.679737567901611,0,91.81581115722656
96.30000000000001,5.411133384057459,-2.692070748139839,0.19684210526315787,-0.17948717948717924,31.790951706,6.679737567901611,0,91.81581115722656
96.30000000000001,5.411133384057459,-2.692070748139839,0.19684210526315787,-0.17948717948717924,31.790951706,6.679737567901611,0,91.81581115722656
96.30000000000001,5.411133384057459,-2.692070748139839,0.19684210526315787,-0.17948717948717924,31.790951706,6.679737567901611,0,91.81581115722656
96.30000000000001,5.411133384057459,-2.692070748139839,0.19684210526315787,-0.17948717948717924,31.790951706,6.679737567901611,0,91.81581115722656
96.30000000000001,5.405022472102304,-2.6948232966682593,0.19684210526315787,-0.17948717948717924,31.790951706,6.679737567901611,0,91.81581115722656
96.30000000000001,5.405022472102304,-2.6948232966682593,0.19684210526315787,-0.17948717948717924,31.985889149,6.679737567901611,0,91.81581115722656
96.30000000000001,5.405022472102304,-2.6948232966682593,0.21999999999999997,-0.07692307692307669,31.985889149,6.679737567901611,0,91.81581115722656
96.30000000000001,5.405022472102304,-2.6948232966682593,0.21999999999999997,-0.07692307692307669,31.985889149,6.679737567901611,0,91.81581115722656
96.30000000000001,5.405022472102304,-2.6948232966682593,0.21999999999999997,-0.07692307692307669,31.985889149,6.679737567901611,0,91.81581115722656
96.30000000000001,5.398894431452868,-2.6975383773211834,0.21999999999999997,-0.07692307692307669,32.188851076,6.679737567901611,0,91.81581115722656
96.30000000000001,5.398894431452868,-2.6975383773211834,0.21999999999999997,-0.07692307692307669,32.188851076,6.679737567901611,0,91.81581115722656
96.4,5.398894431452868,-2.6975383773211834,0.21999999999999997,-0.07692307692307669,32.188851076,6.679737567901611,0,91.81581115722656
96.4,5.398894431452868,-2.6975383773211834,0.21999999999999997,-0.07692307692307669,32.188851076,6.679737567901611,0,91.81581115722656
96.4,5.392034923745609,-2.700531466475249,0.21999999999999997,-0.07692307692307669,32.188851076,6.679737567901611,0,91.81581115722656
96.4,5.392034923745609,-2.700531466475249,0.21999999999999997,-0.07692307692307669,32.188851076,6.679737567901611,0,91.81581115722656
96.4,5.392034923745609,-2.700531466475249,0.21999999999999997,-0.07692307692307669,32.20738315,6.679737567901611,0,91.81581115722656
96.4,5.385173460989688,-2.7035062859731815,0.21999999999999997,-0.07692307692307669,32.20738315,6.679737567901611,0,91.81581115722656
96.4,5.385173460989688,-2.7035062859731815,0.21999999999999997,-0.07692307692307669,32.20738315,6.679737567901611,0,91.81581115722656
96.4,5.3783056959664615,-2.706474583446258,0.21999999999999997,-0.07692307692307669,32.20738315,6.679737567901611,0,91.81581115722656
96.4,5.3783056959664615,-2.706474583446258,0.21999999999999997,-0.07692307692307669,32.222872538,6.679737567901611,0,91.81581115722656
96.5,5.3783056959664615,-2.706474583446258,0.21999999999999997,-0.07692307692307669,32.222872538,6.679737567901611,0,91.81581115722656
96.5,5.3783056959664615,-2.706474583446258,0.21999999999999997,-0.07692307692307669,32.222872538,6.679737567901611,0,91.70863342285156
96.5,5.3783056959664615,-2.706474583446258,0.21999999999999997,-0.07692307692307669,31.991608782,6.629737377166748,0,91.70863342285156
96.5,5.3783056959664615,-2.706474583446258,0.21999999999999997,-0.07692307692307669,32.033004783,6.6383161544799805,0,91.70863342285156
96.5,5.371425215556406,-2.7094227500135153,0.21999999999999997,-0.07692307692307669,32.033004783,6.6383161544799805,0,91.70863342285156
96.5,5.371425215556406,-2.7094227500135153,0.20842105263157892,-0.07692307692307669,32.033004783,6.6383161544799805,0,91.70863342285156
96.5,5.371425215556406,-2.7094227500135153,0.20842105263157892,-0.07692307692307669,31.844683905,6.6383161544799805,0,91.70863342285156
96.5,5.371425215556406,-2.7094227500135153,0.20842105263157892,0.08307692307692331,31.844683905,6.6383161544799805,0,91.70863342285156
96.5,5.364536167511406,-2.712347668350361,0.20842105263157892,0.08307692307692331,31.844683905,6.6383161544799805,0,91.70863342285156
96.5,5.364536167511406,-2.712347668350361,0.20842105263157892,0.08307692307692331,31.844683905,6.6383161544799805,0,91.70863342285156
96.5,5.364536167511406,-2.712347668350361,0.20842105263157892,0.08307692307692331,31.844683905,6.6383161544799805,0,91.70863342285156
96.5,5.364536167511406,-2.712347668350361,0.20842105263157892,0.08307692307692331,31.844683905,6.6383161544799805,0,91.70863342285156
96.5,5.364536167511406,-2.712347668350361,0.20842105263157892,0.08307692307692331,31.662404198,6.6383161544799805,0,91.70863342285156
96.5,5.364536167511406,-2.712347668350361,0.20842105263157892,0.12820512820512842,31.662404198,6.6383161544799805,0,91.70863342285156
96.5,5.364536167511406,-2.712347668350361,0.20842105263157892,0.12820512820512842,31.662404198,6.6383161544799805,0,91.70863342285156
96.5,5.364536167511406,-2.712347668350361,0.20842105263157892,0.12820512820512842,31.662404198,6.6383161544799805,0,91.70863342285156
96.5,5.364536167511406,-2.712347668350361,0.20842105263157892,0.12820512820512842,31.662404198,6.6383161544799805,0,91.70863342285156
96.5,5.358010725002732,-2.715108356367142,0.20842105263157892,0.12820512820512842,31.483210257,6.6383161544799805,0,91.70863342285156
96.5,5.358010725002732,-2.715108356367142,0.20842105263157892,0.12820512820512842,31.483210257,6.6383161544799805,0,91.70863342285156
96.5,5.358010725002732,-2.715108356367142,0.20842105263157892,0.12820512820512842,31.483210257,6.6383161544799805,0,91.70863342285156
96.60000000000001,5.358010725002732,-2.715108356367142,0.20842105263157892,0.12820512820512842,31.483210257,6.6383161544799805,0,91.70863342285156
96.60000000000001,5.358010725002732,-2.715108356367142,0.19684210526315787,0.12820512820512842,31.483210257,6.6383161544799805,0,91.70863342285156
96.60000000000001,5.35150421731941,-2.717890292145281,0.19684210526315787,0.12820512820512842,31.483210257,6.6383161544799805,0,91.70863342285156
96.60000000000001,5.35150421731941,-2.717890292145281,0.19684210526315787,0.12820512820512842,31.078380129,6.588316440582275,0,91.70863342285156
96.60000000000001,5.35150421731941,-2.717890292145281,0.19684210526315787,0.12820512820512842,31.078380129,6.588316440582275,0,91.70863342285156
96.60000000000001,5.35150421731941,-2.717890292145281,0.19684210526315787,0.12820512820512842,31.078380129,6.588316440582275,0,91.70863342285156
96.60000000000001,5.35150421731941,-2.717890292145281,0.19684210526315787,0.12820512820512842,31.078380129,6.588316440582275,0,91.70863342285156
96.60000000000001,5.345371506567671,-2.720556755684706,0.19684210526315787,0.12820512820512842,31.087349804,6.588316440582275,0,91.70863342285156
96.60000000000001,5.345371506567671,-2.720556755684706,0.19684210526315787,0.12820512820512842,31.087349804,6.588316440582275,0,91.70863342285156
96.60000000000001,5.345371506567671,-2.720556755684706,0.19684210526315787,0.12820512820512842,31.087349804,6.588316440582275,0,91.70863342285156
96.60000000000001,5.345371506567671,-2.720556755684706,0.19684210526315787,0.12820512820512842,31.087349804,6.588316440582275,0,91.70863342285156
96.60000000000001,5.339240833556143,-2.723242053496035,0.21999999999999997,0.0,31.093639059,6.588316440582275,0,91.70863342285156
96.7,5.339240833556143,-2.723242053496035,0.21999999999999997,0.0,31.093639059,6.588316440582275,0,91.70863342285156
96.7,5.339240833556143,-2.723242053496035,0.21999999999999997,0.0,31.093639059,6.588316440582275,0,91.70863342285156
96.7,5.339240833556143,-2.723242053496035,0.21999999999999997,0.0,31.093639059,6.588316440582275,0,91.70863342285156
96.7,5.333122649846288,-2.7259416663592186,0.21999999999999997,0.0,31.468307706,6.588316440582275,0,91.70863342285156
96.7,5.333122649846288,-2.7259416663592186,0.21999999999999997,0.0,31.468307706,6.588316440582275,0,91.70863342285156
96.7,5.333122649846288,-2.7259416663592186,0.21999999999999997,0.0,31.468307706,6.588316440582275,0,91.70863342285156
96.7,5.333122649846288,-2.7259416663592186,0.21999999999999997,0.0,31.468307706,6.588316440582275,0,91.70863342285156
96.7,5.333122649846288,-2.7259416663592186,0.21999999999999997,0.0,31.468307706,6.588316440582275,0,91.70863342285156
96.7,5.3312998016247155,-2.7272436601593095,0.21999999999999997,0.0,31.464367577,6.588316440582275,0,91.70863342285156
96.7,5.3312998016247155,-2.7272436601593095,0.21999999999999997,0.16,31.464367577,6.588316440582275,0,91.70863342285156
96.7,5.3312998016247155,-2.7272436601593095,0.21999999999999997,0.16,31.464367577,6.588316440582275,0,91.70863342285156
96.7,5.3312998016247155,-2.7272436601593095,0.21999999999999997,0.16,31.464367577,6.588316440582275,0,91.70863342285156
96.7,5.331007601508604,-2.7280191608698336,0.21999999999999997,0.16,31.455487043,6.588316440582275,0,91.70863342285156
96.80000000000001,5.331007601508604,-2.7280191608698336,0.21999999999999997,0.17948717948717968,31.455487043,6.588316440582275,0,91.70863342285156
96.80000000000001,5.331007601508604,-2.7280191608698336,0.21999999999999997,0.17948717948717968,31.455487043,6.588316440582275,0,91.70863342285156
96.80000000000001,5.331007601508604,-2.7280191608698336,0.21999999999999997,0.17948717948717968,31.455487043,6.588316440582275,0,91.70863342285156
96.80000000000001,5.330725222369279,-2.728789043002515,0.21999999999999997,0.17948717948717968,31.457180165,6.588316440582275,0,91.70863342285156
96.80000000000001,5.330725222369279,-2.728789043002515,0.21999999999999997,0.17948717948717968,31.457180165,6.588316440582275,0,91.70863342285156
96.80000000000001,5.330725222369279,-2.728789043002515,0.21999999999999997,0.17948717948717968,31.457180165,6.588316440582275,0,91.70863342285156
96.80000000000001,5.330725222369279,-2.728789043002515,0.21999999999999997,0.12820512820512842,31.457180165,6.588316440582275,0,91.70863342285156
96.80000000000001,5.330484419569613,-2.7296111422610436,0.21999999999999997,0.12820512820512842,31.462081658,6.588316440582275,0,91.70863342285156
96.80000000000001,5.330484419569613,-2.7296111422610436,0.21999999999999997,0.12820512820512842,31.462081658,6.588316440582275,0,91.70863342285156
96.80000000000001,5.330484419569613,-2.7296111422610436,0.21999999999999997,0.12820512820512842,31.462081658,6.588316440582275,0,91.70863342285156
96.80000000000001,5.330484419569613,-2.7296111422610436,0.21999999999999997,0.12820512820512842,31.462081658,6.588316440582275,0,91.70863342285156
96.80000000000001,5.330273978371877,-2.7305130218496063,0.21999999999999997,0.12820512820512842,31.272983834,6.588316440582275,0,91.70863342285156
96.9,5.330273978371877,-2.7305130218496063,0.21999999999999997,0.12820512820512842,31.272983834,6.588316440582275,0,91.70863342285156
96.9,5.330273978371877,-2.7305130218496063,0.21999999999999997,0.12820512820512842,31.272983834,6.588316440582275,0,91.70863342285156
96.9,5.330072944135376,-2.7314579549166056,0.21999999999999997,0.12820512820512842,31.272983834,6.588316440582275,0,91.70863342285156
96.9,5.330072944135376,-2.7314579549166056,0.21999999999999997,0.12820512820512842,31.071703333,6.588316440582275,0,91.70863342285156
96.9,5.330072944135376,-2.7314579549166056,0.20842105263157892,0.12820512820512842,31.071703333,6.588316440582275,0,91.70863342285156
96.9,5.330072944135376,-2.7314579549166056,0.20842105263157892,0.12820512820512842,31.071703333,6.588316440582275,0,91.70863342285156
96.9,5.324481213654456,-2.734265191753345,0.20842105263157892,0.12820512820512842,30.710411888,6.588316440582275,0,91.70863342285156
96.9,5.324481213654456,-2.734265191753345,0.20842105263157892,0.12820512820512842,30.710411888,6.588316440582275,0,91.70863342285156
96.9,5.324481213654456,-2.734265191753345,0.20842105263157892,0.12820512820512842,30.710411888,6.588316440582275,0,91.70863342285156
96.9,5.324481213654456,-2.734265191753345,0.20842105263157892,0.12820512820512842,30.710411888,6.588316440582275,0,91.70863342285156
96.9,5.318106128212787,-2.737331758458473,0.20842105263157892,0.12820512820512842,30.529776872,6.588316440582275,0,91.70863342285156
97.0,5.318106128212787,-2.737331758458473,0.20842105263157892,0.12820512820512842,30.529776872,6.588316440582275,0,91.64098358154297
97.0,5.318106128212787,-2.737331758458473,0.20842105263157892,0.12820512820512842,30.529776872,6.588316440582275,0,91.64098358154297
97.0,5.318106128212787,-2.737331758458473,0.20842105263157892,0.12820512820512842,30.529776872,6.588316440582275,0,91.64098358154297
97.0,5.311743121374413,-2.740432806298118,0.21999999999999997,0.02564102564102587,30.529776872,6.588316440582275,0,91.64098358154297
97.0,5.311743121374413,-2.740432806298118,0.21999999999999997,0.02564102564102587,30.346937883,6.588316440582275,0,91.64098358154297
97.0,5.311743121374413,-2.740432806298118,0.21999999999999997,0.02564102564102587,30.346937883,6.588316440582275,0,91.64098358154297
97.0,5.311743121374413,-2.740432806298118,0.21999999999999997,0.02564102564102587,30.346937883,6.588316440582275,0,91.64098358154297
97.0,5.305031646581707,-2.7437268669697543,0.21999999999999997,0.02564102564102587,30.109836084,6.538316249847412,0,91.64098358154297
97.0,5.305031646581707,-2.7437268669697543,0.21999999999999997,0.02564102564102587,30.109836084,6.538316249847412,0,91.64098358154297
97.0,5.305031646581707,-2.7437268669697543,0.21999999999999997,0.02564102564102587,30.109836084,6.538316249847412,0,91.64098358154297
97.0,5.305031646581707,-2.7437268669697543,0.21999999999999997,0.02564102564102587,30.109836084,6.538316249847412,0,91.64098358154297
97.0,5.298316644320149,-2.747024327004303,0.21999999999999997,0.02564102564102587,30.117973022,6.538316249847412,0,91.64098358154297
97.10000000000001,5.298316644320149,-2.747024327004303,0.21999999999999997,0.02564102564102587,30.117973022,6.538316249847412,0,91.64098358154297
97.10000000000001,5.298316644320149,-2.747024327004303,0.20842105263157892,0.0,30.117973022,6.538316249847412,0,91.64098358154297
97.10000000000001,5.298316644320149,-2.747024327004303,0.20842105263157892,0.0,30.117973022,6.538316249847412,0,91.64098358154297
97.10000000000001,5.298316644320149,-2.747024327004303,0.20842105263157892,0.0,30.117973022,6.538316249847412,0,91.64098358154297
97.10000000000001,5.291603401093243,-2.750320655606836,0.20842105263157892,0.0,30.117784413,6.538316249847412,0,91.64098358154297
97.10000000000001,5.291603401093243,-2.750320655606836,0.20842105263157892,0.0,30.117784413,6.538316249847412,0,91.64098358154297
97.10000000000001,5.291603401093243,-2.750320655606836,0.20842105263157892,0.0,30.117784413,6.538316249847412,0,91.64098358154297
97.10000000000001,5.285246532489275,-2.7534520150720483,0.20842105263157892,0.0,30.287975936,6.538316249847412,0,91.64098358154297
97.10000000000001,5.285246532489275,-2.7534520150720483,0.20842105263157892,0.0,30.287975936,6.538316249847412,0,91.64098358154297
97.10000000000001,5.285246532489275,-2.7534520150720483,0.20842105263157892,0.0,30.287975936,6.538316249847412,0,91.64098358154297
97.10000000000001,5.285246532489275,-2.7534520150720483,0.20842105263157892,0.0,30.287975936,6.538316249847412,0,91.64098358154297
97.2,5.278887246142401,-2.756585555967802,0.21999999999999997,-0.02564102564102541,30.45377419,6.538316249847412,0,91.64098358154297
97.2,5.278887246142401,-2.756585555967802,0.21999999999999997,-0.02564102564102541,30.45377419,6.538316249847412,0,91.64098358154297
97.2,5.278887246142401,-2.756585555967802,0.21999999999999997,-0.02564102564102541,30.45377419,6.538316249847412,0,91.64098358154297
97.2,5.278887246142401,-2.756585555967802,0.21999999999999997,-0.02564102564102541,30.45377419,6.538316249847412,0,91.64098358154297
97.2,5.27217187817167,-2.7598863096441297,0.21999999999999997,-0.02564102564102541,30.456501635,6.538316249847412,0,91.64098358154297
97.2,5.27217187817167,-2.7598863096441297,0.21999999999999997,-0.02564102564102541,30.456501635,6.538316249847412,0,91.64098358154297
97.2,5.27217187817167,-2.7598863096441297,0.21999999999999997,-0.02564102564102541,30.456501635,6.538316249847412,0,91.64098358154297
97.2,5.27217187817167,-2.7598863096441297,0.21999999999999997,-0.02564102564102541,30.456501635,6.538316249847412,0,91.64098358154297
97.2,5.265453568648845,-2.763180464021935,0.21999999999999997,-0.02564102564102541,30.443866086,6.538316249847412,0,91.64098358154297
97.2,5.265453568648845,-2.763180464021935,0.21999999999999997,-0.02564102564102541,30.443866086,6.538316249847412,0,91.64098358154297
97.2,5.265453568648845,-2.763180464021935,0.21999999999999997,0.12820512820512842,30.443866086,6.538316249847412,0,91.64098358154297
97.2,5.258732933579309,-2.766468610246792,0.21999999999999997,0.12820512820512842,30.261230779999998,6.538316249847412,0,91.64098358154297
97.30000000000001,5.258732933579309,-2.766468610246792,0.21999999999999997,0.12820512820512842,30.029816222,6.488316059112549,0,91.64098358154297
97.30000000000001,5.258732933579309,-2.766468610246792,0.21999999999999997,0.12820512820512842,30.029816222,6.488316059112549,0,91.64098358154297
97.30000000000001,5.252016951669032,-2.7697547954969615,0.21999999999999997,0.12820512820512842,30.016412137,6.485420227050781,0,91.64098358154297
97.30000000000001,5.252016951669032,-2.7697547954969615,0.21999999999999997,0.12820512820512842,29.843721401,6.485420227050781,0,91.64098358154297
97.30000000000001,5.252016951669032,-2.7697547954969615,0.21999999999999997,0.12820512820512842,29.843721401,6.485420227050781,0,91.64098358154297
97.30000000000001,5.252016951669032,-2.7697547954969615,0.21999999999999997,0.12820512820512842,29.843721401,6.485420227050781,0,91.64098358154297
97.30000000000001,5.2453250940194796,-2.773067593258514,0.21999999999999997,0.12820512820512842,29.850618455,6.485420227050781,0,91.64098358154297
97.30000000000001,5.2453250940194796,-2.773067593258514,0.21999999999999997,0.12820512820512842,29.850618455,6.485420227050781,0,91.64098358154297
97.30000000000001,5.2453250940194796,-2.773067593258514,0.19684210526315787,-0.03179487179487159,29.850618455,6.485420227050781,0,91.64098358154297
97.30000000000001,5.2453250940194796,-2.773067593258514,0.19684210526315787,-0.03179487179487159,29.850618455,6.485420227050781,0,91.64098358154297
97.4,5.2453250940194796,-2.773067593258514,0.19684210526315787,-0.03179487179487159,29.850618455,6.485420227050781,0,91.64098358154297
97.4,5.238652109826161,-2.776424312929934,0.19684210526315787,-0.03179487179487159,29.8491779,6.485420227050781,0,91.64098358154297
97.4,5.238652109826161,-2.776424312929934,0.19684210526315787,-0.03179487179487159,29.8491779,6.485420227050781,0,91.64098358154297
97.4,5.238652109826161,-2.776424312929934,0.19684210526315787,-0.07692307692307669,29.8491779,6.485420227050781,0,91.64098358154297
97.4,5.232647594117417,-2.7794662508318684,0.19684210526315787,-0.07692307692307669,29.8491779,6.485420227050781,0,91.64098358154297
97.4,5.232647594117417,-2.7794662508318684,0.19684210526315787,-0.07692307692307669,30.174606875,6.485420227050781,0,91.64098358154297
97.4,5.232647594117417,-2.7794662508318684,0.19684210526315787,-0.07692307692307669,30.174606875,6.485420227050781,0,91.64098358154297
97.4,5.232647594117417,-2.7794662508318684,0.19684210526315787,-0.07692307692307669,30.174606875,6.485420227050781,0,91.64098358154297
97.4,5.226662251849488,-2.782479724605875,0.18526315789473682,-0.07692307692307669,30.344046627,6.485420227050781,0,91.64098358154297
97.4,5.226662251849488,-2.782479724605875,0.18526315789473682,-0.07692307692307669,30.344046627,6.485420227050781,0,91.64098358154297
97.4,5.226662251849488,-2.782479724605875,0.18526315789473682,-0.07692307692307669,30.344046627,6.485420227050781,0,91.64098358154297
97.4,5.226662251849488,-2.782479724605875,0.18526315789473682,-0.07692307692307669,30.344046627,6.485420227050781,0,91.64098358154297
97.5,5.220986170497339,-2.78530888109328,0.18526315789473682,-0.07692307692307669,30.699454851,6.485420227050781,0,91.53900146484375
97.5,5.220986170497339,-2.78530888109328,0.18526315789473682,-0.07692307692307669,30.699454851,6.485420227050781,0,91.53900146484375
97.5,5.220986170497339,-2.78530888109328,0.18526315789473682,-0.07692307692307669,30.699454851,6.485420227050781,0,91.53900146484375
97.5,5.220986170497339,-2.78530888109328,0.18526315789473682,-0.07692307692307669,30.699454851,6.485420227050781,0,91.53900146484375
97.5,5.215347199633304,-2.7881157862795556,0.18526315789473682,-0.07692307692307669,31.253684553,6.485420227050781,0,91.53900146484375
97.5,5.215347199633304,-2.7881157862795556,0.18526315789473682,-0.07692307692307669,31.253684553,6.485420227050781,0,91.53900146484375
97.5,5.215347199633304,-2.7881157862795556,0.21999999999999997,-0.02564102564102541,31.253684553,6.485420227050781,0,91.53900146484375
97.5,5.20969992541279,-2.7909185855753593,0.21999999999999997,-0.02564102564102541,31.253684553,6.485420227050781,0,91.53900146484375
97.5,5.20969992541279,-2.7909185855753593,0.21999999999999997,-0.02564102564102541,31.598278308,6.435420036315918,0,91.53900146484375
97.5,5.20969992541279,-2.7909185855753593,0.21999999999999997,-0.02564102564102541,31.598278308,6.435420036315918,0,91.53900146484375
97.5,5.20969992541279,-2.7909185855753593,0.21999999999999997,-0.02564102564102541,31.598278308,6.435420036315918,0,91.53900146484375
97.60000000000001,5.203024420588321,-2.794200960573425,0.21999999999999997,-0.02564102564102541,31.626593182,6.435420036315918,0,91.53900146484375
97.60000000000001,5.203024420588321,-2.794200960573425,0.21999999999999997,-0.02564102564102541,31.626593182,6.435420036315918,0,91.53900146484375
97.60000000000001,5.203024420588321,-2.794200960573425,0.21999999999999997,-0.02564102564102541,31.626593182,6.435420036315918,0,91.53900146484375
97.60000000000001,5.203024420588321,-2.794200960573425,0.21999999999999997,-0.02564102564102541,31.626593182,6.435420036315918,0,91.53900146484375
97.60000000000001,5.196315073048302,-2.7974963018488945,0.21999999999999997,-0.02564102564102541,31.628637775,6.435420036315918,0,91.53900146484375
97.60000000000001,5.196315073048302,-2.7974963018488945,0.20842105263157892,-0.02564102564102541,31.628637775,6.435420036315918,0,91.53900146484375
97.60000000000001,5.196315073048302,-2.7974963018488945,0.20842105263157892,-0.02564102564102541,31.628637775,6.435420036315918,0,91.53900146484375
97.60000000000001,5.189606489222407,-2.8007994547400807,0.20842105263157892,-0.02564102564102541,31.627072405,6.435420036315918,0,91.53900146484375
97.60000000000001,5.189606489222407,-2.8007994547400807,0.20842105263157892,-0.02564102564102541,31.627072405,6.435420036315918,0,91.53900146484375
97.60000000000001,5.189606489222407,-2.8007994547400807,0.20842105263157892,-0.02564102564102541,31.627072405,6.435420036315918,0,91.53900146484375
97.7,5.189606489222407,-2.8007994547400807,0.20842105263157892,-0.02564102564102541,31.627072405,6.435420036315918,0,91.53900146484375
97.7,5.1832810518648325,-2.8039029513227147,0.20842105263157892,-0.02564102564102541,31.844198892,6.435420036315918,0,91.53900146484375
97.7,5.1832810518648325,-2.8039029513227147,0.20842105263157892,-0.02564102564102541,31.844198892,6.435420036315918,0,91.53900146484375
97.7,5.1832810518648325,-2.8039029513227147,0.20842105263157892,-0.02564102564102541,31.844198892,6.435420036315918,0,91.53900146484375
97.7,5.1832810518648325,-2.8039029513227147,0.20842105263157892,-0.02564102564102541,31.844198892,6.435420036315918,0,91.53900146484375
97.7,5.1769159883743745,-2.8070169222019716,0.21999999999999997,-0.07692307692307669,31.672120373,6.435420036315918,0,91.53900146484375
97.7,5.1769159883743745,-2.8070169222019716,0.21999999999999997,-0.07692307692307669,31.672120373,6.435420036315918,0,91.53900146484375
97.7,5.1769159883743745,-2.8070169222019716,0.21999999999999997,-0.07692307692307669,31.672120373,6.435420036315918,0,91.53900146484375
97.7,5.170550055574966,-2.8101306537297006,0.21999999999999997,-0.07692307692307669,31.48415277,6.435420036315918,0,91.53900146484375
97.7,5.170550055574966,-2.8101306537297006,0.21999999999999997,-0.07692307692307669,31.48415277,6.435420036315918,0,91.53900146484375
97.80000000000001,5.170550055574966,-2.8101306537297006,0.21999999999999997,-0.07692307692307669,31.48415277,6.435420036315918,0,91.53900146484375
97.80000000000001,5.170550055574966,-2.8101306537297006,0.21999999999999997,-0.07692307692307669,31.48415277,6.435420036315918,0,91.53900146484375
97.80000000000001,5.163863081217035,-2.8133922556399398,0.21999999999999997,-0.07692307692307669,30.702619624,6.385420322418213,0,91.53900146484375
97.80000000000001,5.163863081217035,-2.8133922556399398,0.21999999999999997,-0.07692307692307669,30.702619624,6.385420322418213,0,91.53900146484375
97.80000000000001,5.163863081217035,-2.8133922556399398,0.21999999999999997,-0.07692307692307669,30.702619624,6.385420322418213,0,91.53900146484375
97.80000000000001,5.157126091301846,-2.8166564641535015,0.20842105263157892,-0.07692307692307669,30.157895389,6.385420322418213,0,91.53900146484375
97.80000000000001,5.157126091301846,-2.8166564641535015,0.20842105263157892,-0.07692307692307669,30.157895389,6.385420322418213,0,91.53900146484375
97.80000000000001,5.157126091301846,-2.8166564641535015,0.20842105263157892,-0.07692307692307669,30.157895389,6.385420322418213,0,91.53900146484375
97.80000000000001,5.157126091301846,-2.8166564641535015,0.20842105263157892,-0.07692307692307669,30.157895389,6.385420322418213,0,91.53900146484375
97.80000000000001,5.150772806297794,-2.8197121488823624,0.20842105263157892,-0.07692307692307669,29.813754404,6.385420322418213,0,91.53900146484375
97.80000000000001,5.150772806297794,-2.8197121488823624,0.20842105263157892,-0.07692307692307669,29.813754404,6.385420322418213,0,91.53900146484375
97.9,5.150772806297794,-2.8197121488823624,0.20842105263157892,-0.07692307692307669,29.813754404,6.385420322418213,0,91.53900146484375
97.9,5.150772806297794,-2.8197121488823624,0.20842105263157892,-0.07692307692307669,29.813754404,6.385420322418213,0,91.53900146484375
97.9,5.14437631760154,-2.822773359450425,0.20842105263157892,-0.07692307692307669,29.963748312,6.385420322418213,0,91.53900146484375
97.9,5.14437631760154,-2.822773359450425,0.20842105263157892,-0.07692307692307669,29.963748312,6.385420322418213,0,91.53900146484375
97.9,5.14437631760154,-2.822773359450425,0.19684210526315787,-0.07692307692307669,29.963748312,6.385420322418213,0,91.53900146484375
97.9,5.137971132484493,-2.825821172665633,0.19684210526315787,-0.07692307692307669,30.131713743,6.385420322418213,0,91.53900146484375
97.9,5.137971132484493,-2.825821172665633,0.19684210526315787,-0.07692307692307669,30.131713743,6.385420322418213,0,91.53900146484375
97.9,5.137971132484493,-2.825821172665633,0.19684210526315787,-0.07692307692307669,30.131713743,6.385420322418213,0,91.53900146484375
97.9,5.137971132484493,-2.825821172665633,0.19684210526315787,-0.07692307692307669,30.131713743,6.385420322418213,0,91.53900146484375
97.9,5.131951465981339,-2.828663895008204,0.19684210526315787,-0.07692307692307669,30.505430691,6.385420322418213,0,91.53900146484375
97.9,5.131951465981339,-2.828663895008204,0.19684210526315787,-0.07692307692307669,30.505430691,6.385420322418213,0,91.53900146484375
98.0,5.131951465981339,-2.828663895008204,0.19684210526315787,-0.07692307692307669,30.505430691,6.385420322418213,0,91.43363189697266
98.0,5.131951465981339,-2.828663895008204,0.19684210526315787,-0.07692307692307669,30.505430691,6.385420322418213,0,91.43363189697266
98.0,5.1258889588155565,-2.831510859580091,0.19684210526315787,-0.07692307692307669,30.674877333,6.385420322418213,0,91.43363189697266
98.0,5.1258889588155565,-2.831510859580091,0.21999999999999997,0.0,30.674877333,6.385420322418213,0,91.43363189697266
98.0,5.1258889588155565,-2.831510859580091,0.21999999999999997,0.0,30.674877333,6.385420322418213,0,91.43363189697266
98.0,5.11981982965487,-2.834345093181364,0.21999999999999997,0.0,30.622129994,6.33542013168335,0,91.43363189697266
98.0,5.11981982965487,-2.834345093181364,0.21999999999999997,0.0,30.622129994,6.33542013168335,0,91.43363189697266
98.0,5.11981982965487,-2.834345093181364,0.21999999999999997,0.0,30.622129994,6.33542013168335,0,91.43363189697266
98.0,5.11981982965487,-2.834345093181364,0.21999999999999997,0.0,30.622129994,6.33542013168335,0,91.43363189697266
98.0,5.113072935722629,-2.8374758223229963,0.21999999999999997,0.0,30.622129994,6.33542013168335,0,91.43363189697266
98.0,5.113072935722629,-2.8374758223229963,0.21999999999999997,0.0,30.463966664,6.33542013168335,0,91.43363189697266
98.0,5.113072935722629,-2.8374758223229963,0.21999999999999997,0.0,30.463966664,6.33542013168335,0,91.43363189697266
98.10000000000001,5.113072935722629,-2.8374758223229963,0.21999999999999997,0.0,30.463966664,6.33542013168335,0,91.43363189697266
98.10000000000001,5.113072935722629,-2.8374758223229963,0.21999999999999997,0.0,30.463966664,6.33542013168335,0,91.43363189697266
98.10000000000001,5.10629465096025,-2.840625641182185,0.21999999999999997,0.0,30.442493939,6.33542013168335,0,91.43363189697266
98.10000000000001,5.10629465096025,-2.840625641182185,0.21999999999999997,0.0,30.442493939,6.33542013168335,0,91.43363189697266
98.10000000000001,5.10629465096025,-2.840625641182185,0.21999999999999997,0.0,30.442493939,6.33542013168335,0,91.43363189697266
98.10000000000001,5.101235008163482,-2.843363167769415,0.21999999999999997,0.0,30.442493939,6.33542013168335,0,91.43363189697266
98.10000000000001,5.101235008163482,-2.843363167769415,0.21999999999999997,0.0,30.446288381,6.33542013168335,0,91.43363189697266
98.10000000000001,5.101235008163482,-2.843363167769415,0.21999999999999997,0.0,30.446288381,6.33542013168335,0,91.43363189697266
98.10000000000001,5.101235008163482,-2.843363167769415,0.21999999999999997,0.0,30.446288381,6.33542013168335,0,91.43363189697266
98.10000000000001,5.097709134233078,-2.8457471162848478,0.21999999999999997,0.0,30.248855462,6.33542013168335,0,91.43363189697266
98.10000000000001,5.097709134233078,-2.8457471162848478,0.21999999999999997,0.0,30.248855462,6.33542013168335,0,91.43363189697266
98.2,5.097709134233078,-2.8457471162848478,0.20842105263157892,-0.02564102564102541,30.248855462,6.33542013168335,0,91.43363189697266
98.2,5.097709134233078,-2.8457471162848478,0.20842105263157892,-0.02564102564102541,30.248855462,6.33542013168335,0,91.43363189697266
98.2,5.097709134233078,-2.8457471162848478,0.20842105263157892,-0.02564102564102541,30.248855462,6.33542013168335,0,91.43363189697266
98.2,5.0942005659685465,-2.8481600392587367,0.20842105263157892,-0.02564102564102541,30.071309804,6.33542013168335,0,91.43363189697266
98.2,5.0942005659685465,-2.8481600392587367,0.20842105263157892,-0.02564102564102541,30.071309804,6.33542013168335,0,91.43363189697266
98.2,5.0942005659685465,-2.8481600392587367,0.20842105263157892,-0.02564102564102541,30.071309804,6.33542013168335,0,91.43363189697266
98.2,5.0942005659685465,-2.8481600392587367,0.20842105263157892,-0.02564102564102541,30.071309804,6.33542013168335,0,91.43363189697266
98.2,5.091104848948759,-2.850424179573476,0.20842105263157892,-0.02564102564102541,30.078850839,6.332523822784424,0,91.43363189697266
98.2,5.091104848948759,-2.850424179573476,0.20842105263157892,-0.02564102564102541,30.078850839,6.332523822784424,0,91.43363189697266
98.2,5.091104848948759,-2.850424179573476,0.20842105263157892,-0.02564102564102541,30.078850839,6.332523822784424,0,91.43363189697266
98.2,5.091104848948759,-2.850424179573476,0.21999999999999997,-0.07692307692307669,30.078850839,6.332523822784424,0,91.43363189697266
98.2,5.087984608766513,-2.852739690881716,0.21999999999999997,-0.07692307692307669,29.887159258,6.332523822784424,0,91.43363189697266
98.2,5.087984608766513,-2.852739690881716,0.21999999999999997,-0.07692307692307669,29.887159258,6.332523822784424,0,91.43363189697266
98.30000000000001,5.087984608766513,-2.852739690881716,0.21999999999999997,-0.07692307692307669,29.887159258,6.332523822784424,0,91.43363189697266
98.30000000000001,5.084557955127094,-2.855229580979221,0.21999999999999997,-0.07692307692307669,29.550398216,6.332523822784424,0,91.43363189697266
98.30000000000001,5.084557955127094,-2.855229580979221,0.21999999999999997,-0.07692307692307669,29.550398216,6.332523822784424,0,91.43363189697266
98.30000000000001,5.084557955127094,-2.855229580979221,0.21999999999999997,-0.07692307692307669,29.550398216,6.332523822784424,0,91.43363189697266
98.30000000000001,5.084557955127094,-2.855229580979221,0.21999999999999997,-0.07692307692307669,29.550398216,6.332523822784424,0,91.43363189697266
98.30000000000001,5.078957918341037,-2.8581897952963833,0.21999999999999997,-0.07692307692307669,29.203170114,6.332523822784424,0,91.43363189697266
98.30000000000001,5.078957918341037,-2.8581897952963833,0.21999999999999997,-0.07692307692307669,29.203170114,6.332523822784424,0,91.43363189697266
98.30000000000001,5.078957918341037,-2.8581897952963833,0.20842105263157892,-0.07692307692307669,29.203170114,6.332523822784424,0,91.43363189697266
98.30000000000001,5.078957918341037,-2.8581897952963833,0.20842105263157892,-0.07692307692307669,29.203170114,6.332523822784424,0,91.43363189697266
98.30000000000001,5.072182809434446,-2.8613738850228003,0.20842105263157892,-0.07692307692307669,28.946374021,6.282524108886719,0,91.43363189697266
98.30000000000001,5.072182809434446,-2.8613738850228003,0.20842105263157892,-0.07692307692307669,28.946374021,6.282524108886719,0,91.43363189697266
98.4,5.072182809434446,-2.8613738850228003,0.20842105263157892,-0.07692307692307669,28.946374021,6.282524108886719,0,91.43363189697266
98.4,5.072182809434446,-2.8613738850228003,0.20842105263157892,-0.07692307692307669,28.946374021,6.282524108886719,0,91.43363189697266
98.4,5.065794645167487,-2.8643564483530395,0.20842105263157892,-0.07692307692307669,29.130120447,6.282524108886719,0,91.43363189697266
98.4,5.065794645167487,-2.8643564483530395,0.20842105263157892,-0.07692307692307669,29.130120447,6.282524108886719,0,91.43363189697266
98.4,5.065794645167487,-2.8643564483530395,0.20842105263157892,-0.07692307692307669,29.130120447,6.282524108886719,0,91.43363189697266
98.4,5.065794645167487,-2.8643564483530395,0.20842105263157892,-0.07692307692307669,29.130120447,6.282524108886719,0,91.43363189697266
98.4,5.065794645167487,-2.8643564483530395,0.20842105263157892,-0.07692307692307669,29.130120447,6.282524108886719,0,91.43363189697266
98.4,5.059362627481274,-2.8673439405260237,0.20842105263157892,-0.07692307692307669,29.293704898,6.282524108886719,0,91.43363189697266
98.4,5.059362627481274,-2.8673439405260237,0.20842105263157892,-0.07692307692307669,29.293704898,6.282524108886719,0,91.43363189697266
98.4,5.059362627481274,-2.8673439405260237,0.20842105263157892,-0.07692307692307669,29.293704898,6.282524108886719,0,91.43363189697266
98.4,5.052921872532657,-2.8703164811924435,0.20842105263157892,-0.07692307692307669,29.293704898,6.282524108886719,0,91.43363189697266
98.4,5.052921872532657,-2.8703164811924435,0.20842105263157892,-0.07692307692307669,29.462650051,6.282524108886719,0,91.43363189697266
98.4,5.052921872532657,-2.8703164811924435,0.20842105263157892,-0.07692307692307669,29.462650051,6.282524108886719,0,91.43363189697266
98.5,5.052921872532657,-2.8703164811924435,0.20842105263157892,-0.07692307692307669,29.462650051,6.282524108886719,0,91.34429931640625
98.5,5.052921872532657,-2.8703164811924435,0.20842105263157892,-0.07692307692307669,29.462650051,6.282524108886719,0,91.34429931640625
98.5,5.046472608947477,-2.8732695227958276,0.20842105263157892,-0.07692307692307669,29.63157833,6.282524108886719,0,91.34429931640625
98.5,5.046472608947477,-2.8732695227958276,0.21999999999999997,-0.12820512820512797,29.63157833,6.282524108886719,0,91.34429931640625
98.5,5.046472608947477,-2.8732695227958276,0.21999999999999997,-0.12820512820512797,29.63157833,6.282524108886719,0,91.34429931640625
98.5,5.046472608947477,-2.8732695227958276,0.21999999999999997,-0.12820512820512797,29.63157833,6.282524108886719,0,91.34429931640625
98.5,5.040017047298539,-2.8762049523445534,0.21999999999999997,-0.12820512820512797,29.6134961,6.282524108886719,0,91.34429931640625
98.5,5.040017047298539,-2.8762049523445534,0.21999999999999997,-0.12820512820512797,29.6134961,6.282524108886719,0,91.34429931640625
98.5,5.040017047298539,-2.8762049523445534,0.21999999999999997,-0.12820512820512797,29.6134961,6.282524108886719,0,91.34429931640625
98.5,5.040017047298539,-2.8762049523445534,0.21999999999999997,-0.12820512820512797,29.6134961,6.282524108886719,0,91.34429931640625
98.5,5.03323411774739,-2.879267983438875,0.21999999999999997,-0.12820512820512797,29.456137981,6.282524108886719,0,91.34429931640625
98.60000000000001,5.03323411774739,-2.879267983438875,0.21999999999999997,-0.12820512820512797,29.456137981,6.282524108886719,0,91.34429931640625
98.60000000000001,5.03323411774739,-2.879267983438875,0.21999999999999997,-0.12820512820512797,29.456137981,6.282524108886719,0,91.34429931640625
98.60000000000001,5.03323411774739,-2.879267983438875,0.20842105263157892,-0.12820512820512797,29.456137981,6.282524108886719,0,91.34429931640625
98.60000000000001,5.026397496866201,-2.882322319360252,0.20842105263157892,-0.12820512820512797,29.201166256,6.2325239181518555,0,91.34429931640625
98.60000000000001,5.026397496866201,-2.882322319360252,0.20842105263157892,-0.12820512820512797,29.201166256,6.2325239181518555,0,91.34429931640625
98.60000000000001,5.019945330957144,-2.8851672108812374,0.20842105263157892,-0.12820512820512797,29.201166256,6.2325239181518555,0,91.34429931640625
98.60000000000001,5.019945330957144,-2.8851672108812374,0.20842105263157892,-0.12820512820512797,29.394028701,6.2325239181518555,0,91.34429931640625
98.60000000000001,5.019945330957144,-2.8851672108812374,0.20842105263157892,-0.12820512820512797,29.394028701,6.2325239181518555,0,91.34429931640625
98.60000000000001,5.019945330957144,-2.8851672108812374,0.20842105263157892,-0.12820512820512797,29.394028701,6.2325239181518555,0,91.34429931640625
98.60000000000001,5.019945330957144,-2.8851672108812374,0.20842105263157892,-0.12820512820512797,29.394028701,6.2325239181518555,0,91.34429931640625
98.60000000000001,5.013445657958588,-2.888003271892134,0.20842105263157892,-0.12820512820512797,29.567653918,6.2325239181518555,0,91.34429931640625
98.7,5.013445657958588,-2.888003271892134,0.20842105263157892,-0.12820512820512797,29.567653918,6.2325239181518555,0,91.34429931640625
98.7,5.013445657958588,-2.888003271892134,0.19684210526315787,-0.07692307692307669,29.567653918,6.2325239181518555,0,91.34429931640625
98.7,5.013445657958588,-2.888003271892134,0.19684210526315787,-0.07692307692307669,29.567653918,6.2325239181518555,0,91.34429931640625
98.7,5.006933769239377,-2.890815145960792,0.19684210526315787,-0.07692307692307669,29.550886046,6.2325239181518555,0,91.34429931640625
98.7,5.006933769239377,-2.890815145960792,0.19684210526315787,-0.07692307692307669,29.550886046,6.2325239181518555,0,91.34429931640625
98.7,5.006933769239377,-2.890815145960792,0.19684210526315787,-0.07692307692307669,29.550886046,6.2325239181518555,0,91.34429931640625
98.7,5.006933769239377,-2.890815145960792,0.19684210526315787,-0.07692307692307669,29.550886046,6.2325239181518555,0,91.34429931640625
98.7,5.000811175359044,-2.8934272214300987,0.19684210526315787,-0.07692307692307669,29.550886046,6.2325239181518555,0,91.34429931640625
98.7,5.000811175359044,-2.8934272214300987,0.19684210526315787,-0.07692307692307669,29.747064706,6.2325239181518555,0,91.34429931640625
98.7,5.000811175359044,-2.8934272214300987,0.19684210526315787,-0.07692307692307669,29.747064706,6.2325239181518555,0,91.34429931640625
98.7,5.000811175359044,-2.8934272214300987,0.19684210526315787,-0.07692307692307669,29.747064706,6.2325239181518555,0,91.34429931640625
98.80000000000001,4.994648249309915,-2.896040929836174,0.21999999999999997,-0.07692307692307669,29.926290086,6.2325239181518555,0,91.34429931640625
98.80000000000001,4.994648249309915,-2.896040929836174,0.21999999999999997,-0.07692307692307669,29.926290086,6.2325239181518555,0,91.34429931640625
98.80000000000001,4.994648249309915,-2.896040929836174,0.21999999999999997,-0.07692307692307669,29.926290086,6.2325239181518555,0,91.34429931640625
98.80000000000001,4.994648249309915,-2.896040929836174,0.21999999999999997,-0.07692307692307669,29.926290086,6.2325239181518555,0,91.34429931640625
98.80000000000001,4.987795844740778,-2.8989356028144453,0.21999999999999997,-0.07692307692307669,29.764334043,6.2325239181518555,0,91.34429931640625
98.80000000000001,4.987795844740778,-2.8989356028144453,0.21999999999999997,-0.07692307692307669,29.764334043,6.2325239181518555,0,91.34429931640625
98.80000000000001,4.987795844740778,-2.8989356028144453,0.21999999999999997,-0.07692307692307669,29.764334043,6.2325239181518555,0,91.34429931640625
98.80000000000001,4.987795844740778,-2.8989356028144453,0.21999999999999997,-0.07692307692307669,29.764334043,6.2325239181518555,0,91.34429931640625
98.80000000000001,4.987795844740778,-2.8989356028144453,0.21999999999999997,-0.07692307692307669,29.764334043,6.2325239181518555,0,91.34429931640625
98.80000000000001,4.980893731488828,-2.901829600200125,0.21999999999999997,-0.07692307692307669,29.343962704,6.18252420425415,0,91.34429931640625
98.80000000000001,4.980893731488828,-2.901829600200125,0.20842105263157892,-0.02564102564102541,29.343962704,6.18252420425415,0,91.34429931640625
98.80000000000001,4.980893731488828,-2.901829600200125,0.20842105263157892,-0.02564102564102541,29.343962704,6.18252420425415,0,91.34429931640625
98.9,4.973983333711388,-2.904703069967116,0.20842105263157892,-0.02564102564102541,29.343962704,6.18252420425415,0,91.34429931640625
98.9,4.973983333711388,-2.904703069967116,0.20842105263157892,-0.02564102564102541,29.326427505,6.18252420425415,0,91.34429931640625
98.9,4.973983333711388,-2.904703069967116,0.20842105263157892,-0.02564102564102541,29.326427505,6.18252420425415,0,91.34429931640625
98.9,4.973983333711388,-2.904703069967116,0.20842105263157892,-0.02564102564102541,29.326427505,6.18252420425415,0,91.34429931640625
98.9,4.973983333711388,-2.904703069967116,0.20842105263157892,-0.02564102564102541,29.326427505,6.18252420425415,0,91.34429931640625
98.9,4.967471116512705,-2.9073950034513465,0.20842105263157892,-0.02564102564102541,29.5232797,6.18252420425415,0,91.34429931640625
98.9,4.967471116512705,-2.9073950034513465,0.20842105263157892,-0.02564102564102541,29.5232797,6.18252420425415,0,91.34429931640625
98.9,4.967471116512705,-2.9073950034513465,0.20842105263157892,-0.02564102564102541,29.5232797,6.18252420425415,0,91.34429931640625
98.9,4.960922133145137,-2.9101012620344657,0.20842105263157892,-0.02564102564102541,29.5232797,6.18252420425415,0,91.34429931640625
98.9,4.960922133145137,-2.9101012620344657,0.20842105263157892,-0.02564102564102541,29.504124126,6.18252420425415,0,91.34429931640625
98.9,4.960922133145137,-2.9101012620344657,0.20842105263157892,-0.02564102564102541,29.504124126,6.18252420425415,0,91.34429931640625
99.0,4.954369924970734,-2.9128078974853446,0.20842105263157892,-0.02564102564102541,29.504124126,6.18252420425415,0,91.34429931640625
99.0,4.954369924970734,-2.9128078974853446,0.20842105263157892,-0.02564102564102541,29.506257716,6.18252420425415,0,91.23697662353516
99.0,4.954369924970734,-2.9128078974853446,0.20842105263157892,-0.02564102564102541,29.506257716,6.18252420425415,0,91.23697662353516
99.0,4.954369924970734,-2.9128078974853446,0.20842105263157892,-0.02564102564102541,29.506257716,6.18252420425415,0,91.23697662353516
99.0,4.954369924970734,-2.9128078974853446,0.20842105263157892,-0.02564102564102541,29.506257716,6.18252420425415,0,91.23697662353516
99.0,4.954369924970734,-2.9128078974853446,0.20842105263157892,-0.02564102564102541,29.506257716,6.18252420425415,0,91.23697662353516
99.0,4.947812528403698,-2.915505603015555,0.20842105263157892,-0.02564102564102541,29.508514426,6.18252420425415,0,91.23697662353516
99.0,4.947812528403698,-2.915505603015555,0.21999999999999997,0.07692307692307715,29.508514426,6.18252420425415,0,91.23697662353516
99.0,4.947812528403698,-2.915505603015555,0.21999999999999997,0.07692307692307715,29.508514426,6.18252420425415,0,91.23697662353516
99.0,4.941253630992653,-2.9181949922364763,0.21999999999999997,0.07692307692307715,29.508514426,6.18252420425415,0,91.23697662353516
99.0,4.941253630992653,-2.9181949922364763,0.21999999999999997,0.07692307692307715,29.317937283,6.18252420425415,0,91.23697662353516
99.0,4.941253630992653,-2.9181949922364763,0.21999999999999997,0.07692307692307715,29.317937283,6.18252420425415,0,91.23697662353516
99.0,4.941253630992653,-2.9181949922364763,0.21999999999999997,0.07692307692307715,29.317937283,6.18252420425415,0,91.23697662353516
99.10000000000001,4.934376303197239,-2.9210162606275833,0.21999999999999997,0.07692307692307715,28.990038386,6.18252420425415,0,91.23697662353516
99.10000000000001,4.934376303197239,-2.9210162606275833,0.21999999999999997,0.07692307692307715,28.990038386,6.18252420425415,0,91.23697662353516
99.10000000000001,4.934376303197239,-2.9210162606275833,0.21999999999999997,0.07692307692307715,28.990038386,6.18252420425415,0,91.23697662353516
99.10000000000001,4.927472417776096,-2.9238764335462775,0.21999999999999997,0.07692307692307715,28.983387186,6.18252420425415,0,91.23697662353516
99.10000000000001,4.927472417776096,-2.9238764335462775,0.21999999999999997,0.07692307692307715,28.830962691,6.150010108947754,0,91.23697662353516
99.10000000000001,4.927472417776096,-2.9238764335462775,0.21999999999999997,0.07692307692307715,28.830962691,6.150010108947754,0,91.23697662353516
99.10000000000001,4.927472417776096,-2.9238764335462775,0.21999999999999997,0.07692307692307715,28.830962691,6.150010108947754,0,91.23697662353516
99.10000000000001,4.920578160334932,-2.926764373493234,0.21999999999999997,0.07692307692307715,28.83670273,6.150010108947754,0,91.23697662353516
99.10000000000001,4.920578160334932,-2.926764373493234,0.21999999999999997,0.07692307692307715,28.83670273,6.150010108947754,0,91.23697662353516
99.10000000000001,4.920578160334932,-2.926764373493234,0.21999999999999997,0.07692307692307715,28.83670273,6.150010108947754,0,91.23697662353516
99.10000000000001,4.920578160334932,-2.926764373493234,0.21999999999999997,0.07692307692307715,28.83670273,6.150010108947754,0,91.23697662353516
99.2,4.913688376926143,-2.929665462331542,0.21999999999999997,0.07692307692307715,28.838339647,6.150010108947754,0,91.23697662353516
99.2,4.913688376926143,-2.929665462331542,0.21999999999999997,0.07692307692307715,28.838339647,6.150010108947754,0,91.23697662353516
99.2,4.913688376926143,-2.929665462331542,0.21999999999999997,0.07692307692307715,28.838339647,6.150010108947754,0,91.23697662353516
99.2,4.913688376926143,-2.929665462331542,0.19684210526315787,0.07692307692307715,28.838339647,6.150010108947754,0,91.23697662353516
99.2,4.906805914092645,-2.93257998902858,0.19684210526315787,0.07692307692307715,28.421956261,6.100009918212891,0,91.23697662353516
99.2,4.906805914092645,-2.93257998902858,0.19684210526315787,0.07692307692307715,28.421956261,6.100009918212891,0,91.23697662353516
99.2,4.906805914092645,-2.93257998902858,0.19684210526315787,0.07692307692307715,28.421956261,6.100009918212891,0,91.23697662353516
99.2,4.906805914092645,-2.93257998902858,0.19684210526315787,0.07692307692307715,28.421956261,6.100009918212891,0,91.23697662353516
99.2,4.900695551167804,-2.935191099391793,0.19684210526315787,0.07692307692307715,28.618360178,6.100009918212891,0,91.23697662353516
99.2,4.900695551167804,-2.935191099391793,0.19684210526315787,0.07692307692307715,28.618360178,6.100009918212891,0,91.23697662353516
99.2,4.900695551167804,-2.935191099391793,0.19684210526315787,0.07692307692307715,28.618360178,6.100009918212891,0,91.23697662353516
99.2,4.900695551167804,-2.935191099391793,0.19684210526315787,0.07692307692307715,28.618360178,6.100009918212891,0,91.23697662353516
99.30000000000001,4.894554500776093,-2.9378390198236293,0.19684210526315787,0.07692307692307715,28.788415735,6.100009918212891,0,91.23697662353516
99.30000000000001,4.894554500776093,-2.9378390198236293,0.21999999999999997,0.17948717948717968,28.788415735,6.100009918212891,0,91.23697662353516
99.30000000000001,4.894554500776093,-2.9378390198236293,0.21999999999999997,0.17948717948717968,28.788415735,6.100009918212891,0,91.23697662353516
99.30000000000001,4.894554500776093,-2.9378390198236293,0.21999999999999997,0.17948717948717968,28.788415735,6.100009918212891,0,91.23697662353516
99.30000000000001,4.8884192614655415,-2.940502192291854,0.21999999999999997,0.17948717948717968,28.968153269,6.100009918212891,0,91.23697662353516
99.30000000000001,4.8884192614655415,-2.940502192291854,0.21999999999999997,0.17948717948717968,28.968153269,6.100009918212891,0,91.23697662353516
99.30000000000001,4.8884192614655415,-2.940502192291854,0.21999999999999997,0.17948717948717968,28.968153269,6.100009918212891,0,91.23697662353516
99.30000000000001,4.8884192614655415,-2.940502192291854,0.21999999999999997,0.17948717948717968,28.968153269,6.100009918212891,0,91.23697662353516
99.30000000000001,4.881617109079684,-2.9434789486735307,0.21999999999999997,0.17948717948717968,28.820782919,6.100009918212891,0,91.23697662353516
99.30000000000001,4.881617109079684,-2.9434789486735307,0.21999999999999997,0.17948717948717968,28.820782919,6.100009918212891,0,91.23697662353516
99.30000000000001,4.881617109079684,-2.9434789486735307,0.21999999999999997,0.17948717948717968,28.820782919,6.100009918212891,0,91.23697662353516
99.4,4.881617109079684,-2.9434789486735307,0.20842105263157892,0.17948717948717968,28.820782919,6.100009918212891,0,91.23697662353516
99.4,4.874800262224882,-2.9465194588394206,0.20842105263157892,0.17948717948717968,28.810592163,6.100009918212891,0,91.23697662353516
99.4,4.874800262224882,-2.9465194588394206,0.20842105263157892,0.17948717948717968,28.810592163,6.100009918212891,0,91.23697662353516
99.4,4.874800262224882,-2.9465194588394206,0.20842105263157892,0.17948717948717968,28.810592163,6.100009918212891,0,91.23697662353516
99.4,4.874800262224882,-2.9465194588394206,0.20842105263157892,0.17948717948717968,28.810592163,6.100009918212891,0,91.23697662353516
99.4,4.868401913870483,-2.9494340622551958,0.20842105263157892,0.17948717948717968,29.000234989,6.100009918212891,0,91.23697662353516
99.4,4.868401913870483,-2.9494340622551958,0.20842105263157892,0.17948717948717968,29.000234989,6.100009918212891,0,91.23697662353516
99.4,4.868401913870483,-2.9494340622551958,0.20842105263157892,0.17948717948717968,29.000234989,6.100009918212891,0,91.23697662353516
99.4,4.868401913870483,-2.9494340622551958,0.20842105263157892,0.17948717948717968,29.000234989,6.100009918212891,0,91.23697662353516
99.4,4.861979854635196,-2.95240275438098,0.20842105263157892,0.17948717948717968,28.940982175,6.050009727478027,0,91.23697662353516
99.4,4.861979854635196,-2.95240275438098,0.21999999999999997,0.12820512820512842,28.940982175,6.050009727478027,0,91.23697662353516
99.5,4.861979854635196,-2.95240275438098,0.21999999999999997,0.12820512820512842,28.940982175,6.050009727478027,0,91.23697662353516
99.5,4.855574952522671,-2.9554065494849113,0.21999999999999997,0.12820512820512842,29.119910094,6.050009727478027,0,91.13645935058594
99.5,4.855574952522671,-2.9554065494849113,0.21999999999999997,0.12820512820512842,29.119910094,6.050009727478027,0,91.13645935058594
99.5,4.855574952522671,-2.9554065494849113,0.21999999999999997,0.12820512820512842,29.119910094,6.050009727478027,0,91.13645935058594
99.5,4.855574952522671,-2.9554065494849113,0.21999999999999997,0.12820512820512842,29.119910094,6.050009727478027,0,91.13645935058594
99.5,4.855574952522671,-2.9554065494849113,0.21999999999999997,0.12820512820512842,29.119910094,6.050009727478027,0,91.13645935058594
99.5,4.850238385203545,-2.9569801265831304,0.21999999999999997,0.12820512820512842,29.144729067,6.050009727478027,0,91.13645935058594
99.5,4.850238385203545,-2.9569801265831304,0.21999999999999997,0.12820512820512842,29.144729067,6.050009727478027,0,91.13645935058594
99.5,4.850238385203545,-2.9569801265831304,0.21999999999999997,0.12820512820512842,29.144729067,6.050009727478027,0,91.13645935058594
99.5,4.850238385203545,-2.9569801265831304,0.20842105263157892,0.07692307692307715,29.144729067,6.050009727478027,0,91.13645935058594
99.5,4.847381379595548,-2.955631999831836,0.20842105263157892,0.07692307692307715,28.772402207,6.050009727478027,0,91.13645935058594
99.5,4.847381379595548,-2.955631999831836,0.20842105263157892,0.07692307692307715,28.772402207,6.050009727478027,0,91.13645935058594
99.60000000000001,4.847381379595548,-2.955631999831836,0.20842105263157892,0.07692307692307715,28.772402207,6.050009727478027,0,91.13645935058594
99.60000000000001,4.844923654301572,-2.9541159081854533,0.20842105263157892,0.07692307692307715,28.772402207,6.050009727478027,0,91.13645935058594
99.60000000000001,4.844923654301572,-2.9541159081854533,0.20842105263157892,0.07692307692307715,28.625293398,6.050009727478027,0,91.13645935058594
99.60000000000001,4.844923654301572,-2.9541159081854533,0.20842105263157892,0.07692307692307715,28.625293398,6.050009727478027,0,91.13645935058594
99.60000000000001,4.844923654301572,-2.9541159081854533,0.20842105263157892,0.07692307692307715,28.625293398,6.050009727478027,0,91.13645935058594
99.60000000000001,4.842436103118628,-2.9526359829052424,0.20842105263157892,0.07692307692307715,28.45039804,6.050009727478027,0,91.13645935058594
99.60000000000001,4.842436103118628,-2.9526359829052424,0.20842105263157892,0.07692307692307715,28.45039804,6.050009727478027,0,91.13645935058594
99.60000000000001,4.842436103118628,-2.9526359829052424,0.19684210526315787,0.07692307692307715,28.45039804,6.050009727478027,0,91.13645935058594
99.60000000000001,4.842436103118628,-2.9526359829052424,0.19684210526315787,0.07692307692307715,28.45039804,6.050009727478027,0,91.13645935058594
99.60000000000001,4.83995546334398,-2.951171344770757,0.19684210526315787,0.07692307692307715,28.45039804,6.050009727478027,0,91.13645935058594
99.60000000000001,4.83995546334398,-2.951171344770757,0.19684210526315787,0.07692307692307715,28.597316027,6.050009727478027,0,91.13645935058594
99.7,4.83995546334398,-2.951171344770757,0.19684210526315787,0.07692307692307715,28.597316027,6.050009727478027,0,91.13645935058594
99.7,4.837873246864344,-2.949528800615998,0.19684210526315787,0.07692307692307715,28.597316027,6.050009727478027,0,91.13645935058594
99.7,4.837873246864344,-2.949528800615998,0.19684210526315787,0.07692307692307715,28.963002814,6.050009727478027,0,91.13645935058594
99.7,4.837873246864344,-2.949528800615998,0.19684210526315787,0.07692307692307715,28.963002814,6.050009727478027,0,91.13645935058594
99.7,4.837873246864344,-2.949528800615998,0.19684210526315787,0.07692307692307715,28.963002814,6.050009727478027,0,91.13645935058594
99.7,4.837873246864344,-2.949528800615998,0.19684210526315787,0.07692307692307715,28.963002814,6.050009727478027,0,91.13645935058594
99.7,4.837873246864344,-2.949528800615998,0.21999999999999997,0.17948717948717968,28.963002814,6.050009727478027,0,91.13645935058594
99.7,4.834053843433949,-2.949950318530853,0.21999999999999997,0.17948717948717968,29.114937488,6.050009727478027,0,91.13645935058594
99.7,4.834053843433949,-2.949950318530853,0.21999999999999997,0.17948717948717968,29.114937488,6.050009727478027,0,91.13645935058594
99.7,4.834053843433949,-2.949950318530853,0.21999999999999997,0.17948717948717968,29.114937488,6.050009727478027,0,91.13645935058594
99.7,4.834053843433949,-2.949950318530853,0.21999999999999997,0.17948717948717968,29.114937488,6.050009727478027,0,91.13645935058594
99.7,4.82742212199707,-2.9532929411618722,0.21999999999999997,0.17948717948717968,28.952474943,6.050009727478027,0,91.13645935058594
99.7,4.82742212199707,-2.9532929411618722,0.21999999999999997,0.17948717948717968,28.952474943,6.050009727478027,0,91.13645935058594
99.7,4.82742212199707,-2.9532929411618722,0.21999999999999997,0.17948717948717968,28.952474943,6.050009727478027,0,91.13645935058594
99.80000000000001,4.82742212199707,-2.9532929411618722,0.21999999999999997,0.17948717948717968,28.952474943,6.050009727478027,0,91.13645935058594
99.80000000000001,4.82742212199707,-2.9532929411618722,0.21999999999999997,0.17948717948717968,28.952474943,6.050009727478027,0,91.13645935058594
99.80000000000001,4.8207774718331375,-2.956696188461402,0.21999999999999997,0.12820512820512842,28.785079366,6.050009727478027,0,91.13645935058594
99.80000000000001,4.8207774718331375,-2.956696188461402,0.21999999999999997,0.12820512820512842,28.785079366,6.050009727478027,0,91.13645935058594
99.80000000000001,4.8207774718331375,-2.956696188461402,0.21999999999999997,0.12820512820512842,28.785079366,6.050009727478027,0,91.13645935058594
99.80000000000001,4.8207774718331375,-2.956696188461402,0.21999999999999997,0.12820512820512842,28.785079366,6.050009727478027,0,91.13645935058594
99.80000000000001,4.814154594265463,-2.960149779295568,0.21999999999999997,0.12820512820512842,28.76131017,6.050009727478027,0,91.13645935058594
99.80000000000001,4.814154594265463,-2.960149779295568,0.21999999999999997,0.12820512820512842,28.76131017,6.050009727478027,0,91.13645935058594
99.80000000000001,4.814154594265463,-2.960149779295568,0.21999999999999997,0.12820512820512842,28.76131017,6.050009727478027,0,91.13645935058594
99.80000000000001,4.814154594265463,-2.960149779295568,0.21999999999999997,0.12820512820512842,28.76131017,6.050009727478027,0,91.13645935058594
99.80000000000001,4.8075413563265705,-2.963628960143733,0.21999999999999997,0.12820512820512842,28.522188574,6.000010013580322,0,91.13645935058594
99.80000000000001,4.8075413563265705,-2.963628960143733,0.21999999999999997,0.12820512820512842,28.522188574,6.000010013580322,0,91.13645935058594
99.9,4.8075413563265705,-2.963628960143733,0.21999999999999997,0.02564102564102587,28.522188574,6.000010013580322,0,91.13645935058594
99.9,4.8075413563265705,-2.963628960143733,0.21999999999999997,0.02564102564102587,28.522188574,6.000010013580322,0,91.13645935058594
99.9,4.800939761967502,-2.9671270850305524,0.21999999999999997,0.02564102564102587,28.522188574,6.000010013580322,0,91.13645935058594
99.9,4.800939761967502,-2.9671270850305524,0.21999999999999997,0.02564102564102587,28.331120557,6.000010013580322,0,91.13645935058594
99.9,4.800939761967502,-2.9671270850305524,0.21999999999999997,0.02564102564102587,28.331120557,6.000010013580322,0,91.13645935058594
99.9,4.800939761967502,-2.9671270850305524,0.21999999999999997,0.02564102564102587,28.331120557,6.000010013580322,0,91.13645935058594
99.9,4.794353024698699,-2.9706553544314973,0.21999999999999997,0.02564102564102587,28.163919752,6.000010013580322,0,91.13645935058594
99.9,4.794353024698699,-2.9706553544314973,0.21999999999999997,0.02564102564102587,28.163919752,6.000010013580322,0,91.13645935058594
99.9,4.794353024698699,-2.9706553544314973,0.21999999999999997,0.02564102564102587,28.163919752,6.000010013580322,0,91.13645935058594
99.9,4.794353024698699,-2.9706553544314973,0.21999999999999997,0.02564102564102587,28.163919752,6.000010013580322,0,91.13645935058594
99.9,4.787762858348435,-2.9741955545071113,0.21999999999999997,0.0,27.99652442,6.000010013580322,0,91.13645935058594
99.9,4.787762858348435,-2.9741955545071113,0.21999999999999997,0.0,27.99652442,6.000010013580322,0,91.13645935058594
100.0,4.787762858348435,-2.9741955545071113,0.21999999999999997,0.0,27.99652442,6.000010013580322,0,91.13645935058594
100.0,4.787762858348435,-2.9741955545071113,0.21999999999999997,0.0,27.983010895,5.9971137046813965,0,91.0591049194336
100.0,4.7811682799819915,-2.9777273332958405,0.21999999999999997,0.0,27.633891651,5.9971137046813965,0,91.0591049194336
100.0,4.7811682799819915,-2.9777273332958405,0.21999999999999997,0.0,27.633891651,5.9971137046813965,0,91.0591049194336
100.0,4.7811682799819915,-2.9777273332958405,0.21999999999999997,0.0,27.633891651,5.9971137046813965,0,91.0591049194336
100.0,4.7811682799819915,-2.9777273332958405,0.21999999999999997,0.0,27.633891651,5.9971137046813965,0,91.0591049194336
100.0,4.774576795865655,-2.981259555721742,0.21999999999999997,0.0,27.31623957,5.9971137046813965,0,91.0591049194336
100.0,4.774576795865655,-2.981259555721742,0.21999999999999997,0.0,27.31623957,5.9971137046813965,0,91.0591049194336
100.0,4.774576795865655,-2.981259555721742,0.20842105263157892,-0.02564102564102541,27.31623957,5.9971137046813965,0,91.0591049194336
100.0,4.774576795865655,-2.981259555721742,0.20842105263157892,-0.02564102564102541,27.31623957,5.9971137046813965,0,91.0591049194336
100.0,4.767986085066182,-2.9847968568627925,0.20842105263157892,-0.02564102564102541,27.298718344,5.9971137046813965,0,91.0591049194336
100.0,4.767986085066182,-2.9847968568627925,0.20842105263157892,-0.02564102564102541,27.298718344,5.9971137046813965,0,91.0591049194336
100.10000000000001,4.767986085066182,-2.9847968568627925,0.20842105263157892,-0.02564102564102541,27.298718344,5.9971137046813965,0,91.0591049194336
100.10000000000001,4.767986085066182,-2.9847968568627925,0.20842105263157892,-0.02564102564102541,27.298718344,5.9971137046813965,0,91.0591049194336
100.10000000000001,4.767986085066182,-2.9847968568627925,0.20842105263157892,-0.02564102564102541,27.298718344,5.9971137046813965,0,91.0591049194336
100.10000000000001,4.761784437370049,-2.9881306474952436,0.20842105263157892,-0.02564102564102541,27.234833154,5.947113990783691,0,91.0591049194336
100.10000000000001,4.761784437370049,-2.9881306474952436,0.20842105263157892,-0.02564102564102541,27.234833154,5.947113990783691,0,91.0591049194336
100.10000000000001,4.761784437370049,-2.9881306474952436,0.20842105263157892,-0.02564102564102541,27.234833154,5.947113990783691,0,91.0591049194336
100.10000000000001,4.75556625357264,-2.991511213888863,0.21999999999999997,-0.07692307692307669,27.386939931,5.947113990783691,0,91.0591049194336
100.10000000000001,4.75556625357264,-2.991511213888863,0.21999999999999997,-0.07692307692307669,27.386939931,5.947113990783691,0,91.0591049194336
100.10000000000001,4.75556625357264,-2.991511213888863,0.21999999999999997,-0.07692307692307669,27.386939931,5.947113990783691,0,91.0591049194336
100.10000000000001,4.75556625357264,-2.991511213888863,0.21999999999999997,-0.07692307692307669,27.386939931,5.947113990783691,0,91.0591049194336
100.10000000000001,4.748991742976893,-2.995094637665726,0.21999999999999997,-0.07692307692307669,27.386939931,5.947113990783691,0,91.0591049194336
100.10000000000001,4.748991742976893,-2.995094637665726,0.21999999999999997,-0.07692307692307669,27.374767453,5.947113990783691,0,91.0591049194336
100.2,4.748991742976893,-2.995094637665726,0.21999999999999997,-0.07692307692307669,27.374767453,5.947113990783691,0,91.0591049194336
100.2,4.748991742976893,-2.995094637665726,0.21999999999999997,-0.07692307692307669,27.374767453,5.947113990783691,0,91.0591049194336
100.2,4.748991742976893,-2.995094637665726,0.21999999999999997,-0.07692307692307669,27.374767453,5.947113990783691,0,91.0591049194336
100.2,4.748991742976893,-2.995094637665726,0.21999999999999997,-0.07692307692307669,27.374767453,5.947113990783691,0,91.0591049194336
100.2,4.742389937243077,-2.998638701918836,0.21999999999999997,0.08307692307692331,27.371509046,5.947113990783691,0,91.0591049194336
100.2,4.742389937243077,-2.998638701918836,0.21999999999999997,0.08307692307692331,27.371509046,5.947113990783691,0,91.0591049194336
100.2,4.742389937243077,-2.998638701918836,0.21999999999999997,0.08307692307692331,27.371509046,5.947113990783691,0,91.0591049194336
100.2,4.735783972042711,-3.002152391987517,0.21999999999999997,0.08307692307692331,27.369393401,5.947113990783691,0,91.0591049194336
100.2,4.735783972042711,-3.002152391987517,0.21999999999999997,0.08307692307692331,27.369393401,5.947113990783691,0,91.0591049194336
100.2,4.735783972042711,-3.002152391987517,0.21999999999999997,0.12820512820512842,27.369393401,5.947113990783691,0,91.0591049194336
100.2,4.735783972042711,-3.002152391987517,0.21999999999999997,0.12820512820512842,27.369393401,5.947113990783691,0,91.0591049194336
100.2,4.729185460136788,-3.005667384697845,0.21999999999999997,0.12820512820512842,27.371656654,5.947113990783691,0,91.0591049194336
100.30000000000001,4.729185460136788,-3.005667384697845,0.21999999999999997,0.12820512820512842,27.371656654,5.947113990783691,0,91.0591049194336
100.30000000000001,4.729185460136788,-3.005667384697845,0.21999999999999997,0.12820512820512842,27.371656654,5.947113990783691,0,91.0591049194336
100.30000000000001,4.729185460136788,-3.005667384697845,0.21999999999999997,0.02564102564102587,27.371656654,5.947113990783691,0,91.0591049194336
100.30000000000001,4.722603099494761,-3.009201216905814,0.21999999999999997,0.02564102564102587,27.373166343,5.947113990783691,0,91.0591049194336
100.30000000000001,4.722603099494761,-3.009201216905814,0.21999999999999997,0.02564102564102587,27.373166343,5.947113990783691,0,91.0591049194336
100.30000000000001,4.722603099494761,-3.009201216905814,0.21999999999999997,0.02564102564102587,27.373166343,5.947113990783691,0,91.0591049194336
100.30000000000001,4.722603099494761,-3.009201216905814,0.21999999999999997,0.02564102564102587,27.373166343,5.947113990783691,0,91.0591049194336
100.30000000000001,4.716035898587833,-3.012766671466803,0.21999999999999997,0.02564102564102587,27.141233371,5.897113800048828,0,91.0591049194336
100.30000000000001,4.716035898587833,-3.012766671466803,0.21999999999999997,0.02564102564102587,27.141233371,5.897113800048828,0,91.0591049194336
100.30000000000001,4.716035898587833,-3.012766671466803,0.21999999999999997,0.02564102564102587,27.141233371,5.897113800048828,0,91.0591049194336
100.30000000000001,4.716035898587833,-3.012766671466803,0.21999999999999997,0.02564102564102587,27.141233371,5.897113800048828,0,91.0591049194336
100.30000000000001,4.709464352529789,-3.016342392658918,0.21999999999999997,0.02564102564102587,27.140509373,5.897113800048828,0,91.0591049194336
100.4,4.709464352529789,-3.016342392658918,0.20842105263157892,0.02564102564102587,27.140509373,5.897113800048828,0,91.0591049194336
100.4,4.709464352529789,-3.016342392658918,0.20842105263157892,0.02564102564102587,27.140509373,5.897113800048828,0,91.0591049194336
100.4,4.709464352529789,-3.016342392658918,0.20842105263157892,0.02564102564102587,27.140509373,5.897113800048828,0,91.0591049194336
100.4,4.70289074892472,-3.01990983163563,0.20842105263157892,0.02564102564102587,26.965204103,5.897113800048828,0,91.0591049194336
100.4,4.70289074892472,-3.01990983163563,0.20842105263157892,0.02564102564102587,26.965204103,5.897113800048828,0,91.0591049194336
100.4,4.70289074892472,-3.01990983163563,0.20842105263157892,0.02564102564102587,26.965204103,5.897113800048828,0,91.0591049194336
100.4,4.70289074892472,-3.01990983163563,0.20842105263157892,0.02564102564102587,26.965204103,5.897113800048828,0,91.0591049194336
100.4,4.696672929875469,-3.0232973176213993,0.20842105263157892,0.02564102564102587,26.966967851,5.897113800048828,0,91.0591049194336
100.4,4.696672929875469,-3.0232973176213993,0.20842105263157892,0.02564102564102587,26.966967851,5.897113800048828,0,91.0591049194336
100.5,4.690466157457268,-3.0267060386091336,0.19684210526315787,0.02564102564102587,27.133866266,5.897113800048828,0,91.0591049194336
100.5,4.690466157457268,-3.0267060386091336,0.19684210526315787,0.02564102564102587,27.133866266,5.897113800048828,0,91.0591049194336
100.5,4.690466157457268,-3.0267060386091336,0.19684210526315787,0.02564102564102587,27.133866266,5.897113800048828,0,90.94854736328125
100.5,4.690466157457268,-3.0267060386091336,0.19684210526315787,0.02564102564102587,27.133866266,5.897113800048828,0,90.94854736328125
100.5,4.690466157457268,-3.0267060386091336,0.19684210526315787,0.02564102564102587,27.133866266,5.897113800048828,0,90.94854736328125
100.5,4.690466157457268,-3.0267060386091336,0.19684210526315787,0.02564102564102587,27.133866266,5.897113800048828,0,90.94854736328125
100.5,4.684257282705781,-3.030123507837658,0.19684210526315787,0.02564102564102587,27.133866266,5.897113800048828,0,90.94854736328125
100.5,4.684257282705781,-3.030123507837658,0.19684210526315787,0.02564102564102587,27.291376132,5.897113800048828,0,90.94854736328125
100.5,4.684257282705781,-3.030123507837658,0.19684210526315787,0.02564102564102587,27.291376132,5.897113800048828,0,90.94854736328125
100.5,4.684257282705781,-3.030123507837658,0.19684210526315787,0.02564102564102587,27.291376132,5.897113800048828,0,90.94854736328125
100.5,4.678394443394643,-3.0333491823910106,0.21999999999999997,-0.07692307692307669,27.611508899,5.897113800048828,0,90.94854736328125
100.5,4.678394443394643,-3.0333491823910106,0.21999999999999997,-0.07692307692307669,27.611508899,5.897113800048828,0,90.94854736328125
100.5,4.678394443394643,-3.0333491823910106,0.21999999999999997,-0.07692307692307669,27.611508899,5.897113800048828,0,90.94854736328125
100.60000000000001,4.672544645863028,-3.036588578598137,0.21999999999999997,-0.07692307692307669,27.699936338,5.847113609313965,0,90.94854736328125
100.60000000000001,4.672544645863028,-3.036588578598137,0.21999999999999997,-0.07692307692307669,27.699936338,5.847113609313965,0,90.94854736328125
100.60000000000001,4.672544645863028,-3.036588578598137,0.21999999999999997,-0.07692307692307669,27.699936338,5.847113609313965,0,90.94854736328125
100.60000000000001,4.666008078611708,-3.0402238806351343,0.21999999999999997,-0.07692307692307669,27.699936338,5.847113609313965,0,90.94854736328125
100.60000000000001,4.666008078611708,-3.0402238806351343,0.21999999999999997,-0.07692307692307669,27.692751015,5.847113609313965,0,90.94854736328125
100.60000000000001,4.666008078611708,-3.0402238806351343,0.21999999999999997,-0.07692307692307669,27.692751015,5.847113609313965,0,90.94854736328125
100.60000000000001,4.666008078611708,-3.0402238806351343,0.21999999999999997,-0.07692307692307669,27.692751015,5.847113609313965,0,90.94854736328125
100.60000000000001,4.659455085871979,-3.0438447399249777,0.21999999999999997,-0.07692307692307669,27.693807299,5.847113609313965,0,90.94854736328125
100.60000000000001,4.659455085871979,-3.0438447399249777,0.21999999999999997,0.07692307692307716,27.693807299,5.847113609313965,0,90.94854736328125
100.60000000000001,4.659455085871979,-3.0438447399249777,0.21999999999999997,0.07692307692307716,27.693807299,5.847113609313965,0,90.94854736328125
100.60000000000001,4.659455085871979,-3.0438447399249777,0.21999999999999997,0.07692307692307716,27.693807299,5.847113609313965,0,90.94854736328125
100.7,4.652889944470759,-3.0474393709674885,0.21999999999999997,0.07692307692307716,27.69591839,5.847113609313965,0,90.94854736328125
100.7,4.652889944470759,-3.0474393709674885,0.21999999999999997,0.07692307692307716,27.69591839,5.847113609313965,0,90.94854736328125
100.7,4.652889944470759,-3.0474393709674885,0.21999999999999997,0.07692307692307715,27.69591839,5.847113609313965,0,90.94854736328125
100.7,4.652889944470759,-3.0474393709674885,0.21999999999999997,0.07692307692307715,27.69591839,5.847113609313965,0,90.94854736328125
100.7,4.646329557485714,-3.0510227602813833,0.21999999999999997,0.07692307692307715,27.703334777,5.847113609313965,0,90.94854736328125
100.7,4.646329557485714,-3.0510227602813833,0.21999999999999997,0.07692307692307715,27.703334777,5.847113609313965,0,90.94854736328125
100.7,4.646329557485714,-3.0510227602813833,0.21999999999999997,0.07692307692307715,27.703334777,5.847113609313965,0,90.94854736328125
100.7,4.646329557485714,-3.0510227602813833,0.21999999999999997,0.02564102564102587,27.703334777,5.847113609313965,0,90.94854736328125
100.7,4.6397951874541885,-3.054635409317652,0.21999999999999997,0.02564102564102587,27.54424347,5.847113609313965,0,90.94854736328125
100.7,4.6397951874541885,-3.054635409317652,0.21999999999999997,0.02564102564102587,27.54424347,5.847113609313965,0,90.94854736328125
100.7,4.6397951874541885,-3.054635409317652,0.21999999999999997,0.02564102564102587,27.54424347,5.847113609313965,0,90.94854736328125
100.80000000000001,4.633268458375843,-3.058282915412099,0.21999999999999997,0.02564102564102587,27.377845321,5.847113609313965,0,90.94854736328125
100.80000000000001,4.633268458375843,-3.058282915412099,0.21999999999999997,0.02564102564102587,27.377845321,5.847113609313965,0,90.94854736328125
100.80000000000001,4.633268458375843,-3.058282915412099,0.21999999999999997,0.02564102564102587,27.377845321,5.847113609313965,0,90.94854736328125
100.80000000000001,4.633268458375843,-3.058282915412099,0.21999999999999997,0.02564102564102587,27.377845321,5.847113609313965,0,90.94854736328125
100.80000000000001,4.626731582893118,-3.0619265948356316,0.21999999999999997,0.02564102564102587,27.219669767,5.847113609313965,0,90.94854736328125
100.80000000000001,4.626731582893118,-3.0619265948356316,0.21999999999999997,0.02564102564102587,27.219669767,5.847113609313965,0,90.94854736328125
100.80000000000001,4.626731582893118,-3.0619265948356316,0.21999999999999997,-0.02564102564102541,27.219669767,5.847113609313965,0,90.94854736328125
100.80000000000001,4.626731582893118,-3.0619265948356316,0.21999999999999997,-0.02564102564102541,27.219669767,5.847113609313965,0,90.94854736328125
100.80000000000001,4.620198002238782,-3.065563319534,0.21999999999999997,-0.02564102564102541,26.568502724,5.773507118225098,0,90.94854736328125
100.80000000000001,4.620198002238782,-3.065563319534,0.21999999999999997,-0.02564102564102541,26.568502724,5.773507118225098,0,90.94854736328125
100.80000000000001,4.620198002238782,-3.065563319534,0.21999999999999997,-0.02564102564102541,26.568502724,5.773507118225098,0,90.94854736328125
100.9,4.6136718939136045,-3.0692133147856255,0.21999999999999997,-0.02564102564102541,26.264383473,5.773507118225098,0,90.94854736328125
100.9,4.6136718939136045,-3.0692133147856255,0.21999999999999997,-0.02564102564102541,26.451319247,5.814599514007568,0,90.94854736328125
100.9,4.6136718939136045,-3.0692133147856255,0.21999999999999997,-0.02564102564102541,26.451319247,5.814599514007568,0,90.94854736328125
100.9,4.6136718939136045,-3.0692133147856255,0.21999999999999997,-0.02564102564102541,26.451319247,5.814599514007568,0,90.94854736328125
100.9,4.607352598389619,-3.0723029294764164,0.21999999999999997,-0.02564102564102541,26.451337279,5.814599514007568,0,90.94854736328125
100.9,4.607352598389619,-3.0723029294764164,0.20842105263157892,-0.02564102564102541,26.451337279,5.814599514007568,0,90.94854736328125
100.9,4.607352598389619,-3.0723029294764164,0.20842105263157892,-0.02564102564102541,26.451337279,5.814599514007568,0,90.94854736328125
100.9,4.607352598389619,-3.0723029294764164,0.20842105263157892,-0.02564102564102541,26.451337279,5.814599514007568,0,90.94854736328125
100.9,4.604474843860613,-3.0664160019503006,0.20842105263157892,-0.02564102564102541,26.450103998,5.814599514007568,0,90.94854736328125
100.9,4.604474843860613,-3.0664160019503006,0.20842105263157892,-0.02564102564102541,26.450103998,5.814599514007568,0,90.94854736328125
101.0,4.601957636065123,-3.0603490047982502,0.20842105263157892,-0.02564102564102541,26.450103998,5.814599514007568,0,90.94854736328125
101.0,4.601957636065123,-3.0603490047982502,0.20842105263157892,-0.02564102564102541,26.603057329,5.814599514007568,0,90.8538589477539
101.0,4.601957636065123,-3.0603490047982502,0.20842105263157892,-0.02564102564102541,26.603057329,5.814599514007568,0,90.8538589477539
101.0,4.601957636065123,-3.0603490047982502,0.20842105263157892,-0.02564102564102541,26.603057329,5.814599514007568,0,90.8538589477539
101.0,4.601957636065123,-3.0603490047982502,0.20842105263157892,-0.02564102564102541,26.603057329,5.814599514007568,0,90.8538589477539
101.0,4.599468138137993,-3.0543230252057794,0.21999999999999997,0.12820512820512842,26.747848596,5.814599514007568,0,90.8538589477539
101.0,4.599468138137993,-3.0543230252057794,0.21999999999999997,0.12820512820512842,26.747848596,5.814599514007568,0,90.8538589477539
101.0,4.599468138137993,-3.0543230252057794,0.21999999999999997,0.12820512820512842,26.747848596,5.814599514007568,0,90.8538589477539
101.0,4.596977190547732,-3.04832193308472,0.21999999999999997,0.12820512820512842,26.89697795,5.814599514007568,0,90.8538589477539
101.0,4.596977190547732,-3.04832193308472,0.21999999999999997,0.12820512820512842,26.89697795,5.814599514007568,0,90.8538589477539
101.0,4.596977190547732,-3.04832193308472,0.21999999999999997,0.12820512820512842,26.89697795,5.814599514007568,0,90.8538589477539
101.10000000000001,4.596977190547732,-3.04832193308472,0.21999999999999997,0.12820512820512842,26.89697795,5.814599514007568,0,90.8538589477539
101.10000000000001,4.594146669760843,-3.0425048626556834,0.21999999999999997,0.12820512820512842,26.902160654,5.814599514007568,0,90.8538589477539
101.10000000000001,4.594146669760843,-3.0425048626556834,0.21999999999999997,0.12820512820512842,26.902160654,5.814599514007568,0,90.8538589477539
101.10000000000001,4.594146669760843,-3.0425048626556834,0.21999999999999997,0.12820512820512842,26.902160654,5.814599514007568,0,90.8538589477539
101.10000000000001,4.594146669760843,-3.0425048626556834,0.21999999999999997,0.02564102564102587,26.902160654,5.814599514007568,0,90.8538589477539
101.10000000000001,4.59070644579967,-3.038398671539918,0.21999999999999997,0.02564102564102587,26.909942161,5.814599514007568,0,90.8538589477539
101.10000000000001,4.59070644579967,-3.038398671539918,0.21999999999999997,0.02564102564102587,26.909942161,5.814599514007568,0,90.8538589477539
101.10000000000001,4.59070644579967,-3.038398671539918,0.21999999999999997,0.02564102564102587,26.909942161,5.814599514007568,0,90.8538589477539
101.10000000000001,4.59070644579967,-3.038398671539918,0.21999999999999997,0.02564102564102587,26.909942161,5.814599514007568,0,90.8538589477539
101.10000000000001,4.59070644579967,-3.038398671539918,0.21999999999999997,0.02564102564102587,26.909942161,5.814599514007568,0,90.8538589477539
101.10000000000001,4.58425040967893,-3.0421596690193886,0.21999999999999997,0.02564102564102587,26.67233979,5.764599800109863,0,90.8538589477539
101.10000000000001,4.58425040967893,-3.0421596690193886,0.21999999999999997,0.02564102564102587,26.67233979,5.764599800109863,0,90.8538589477539
101.10000000000001,4.58425040967893,-3.0421596690193886,0.21999999999999997,0.02564102564102587,26.67233979,5.764599800109863,0,90.8538589477539
101.2,4.58425040967893,-3.0421596690193886,0.21999999999999997,0.02564102564102587,26.67233979,5.764599800109863,0,90.8538589477539
101.2,4.58425040967893,-3.0421596690193886,0.21999999999999997,0.0,26.67233979,5.764599800109863,0,90.8538589477539
101.2,4.577779274656194,-3.045922526041071,0.21999999999999997,0.0,26.671693805,5.764599800109863,0,90.8538589477539
101.2,4.577779274656194,-3.045922526041071,0.21999999999999997,0.0,26.671693805,5.764599800109863,0,90.8538589477539
101.2,4.577779274656194,-3.045922526041071,0.21999999999999997,0.0,26.671693805,5.764599800109863,0,90.8538589477539
101.2,4.577779274656194,-3.045922526041071,0.21999999999999997,0.0,26.671693805,5.764599800109863,0,90.8538589477539
101.2,4.571304482756749,-3.0496661395771563,0.21999999999999997,0.0,26.675923787,5.764599800109863,0,90.8538589477539
101.2,4.571304482756749,-3.0496661395771563,0.21999999999999997,0.0,26.675923787,5.764599800109863,0,90.8538589477539
101.2,4.571304482756749,-3.0496661395771563,0.21999999999999997,0.0,26.675923787,5.764599800109863,0,90.8538589477539
101.2,4.571304482756749,-3.0496661395771563,0.21999999999999997,0.0,26.675923787,5.764599800109863,0,90.8538589477539
101.2,4.564839693262688,-3.053418070321502,0.21999999999999997,0.0,26.677541138,5.764599800109863,0,90.8538589477539
101.2,4.564839693262688,-3.053418070321502,0.21999999999999997,0.12820512820512842,26.677541138,5.764599800109863,0,90.8538589477539
101.30000000000001,4.564839693262688,-3.053418070321502,0.21999999999999997,0.12820512820512842,26.677541138,5.764599800109863,0,90.8538589477539
101.30000000000001,4.564839693262688,-3.053418070321502,0.21999999999999997,0.12820512820512842,26.677541138,5.764599800109863,0,90.8538589477539
101.30000000000001,4.5583740353666276,-3.0571791589730135,0.21999999999999997,0.12820512820512842,26.520111941,5.764599800109863,0,90.8538589477539
101.30000000000001,4.5583740353666276,-3.0571791589730135,0.21999999999999997,0.12820512820512842,26.520111941,5.764599800109863,0,90.8538589477539
101.30000000000001,4.5583740353666276,-3.0571791589730135,0.21999999999999997,0.12820512820512842,26.520111941,5.764599800109863,0,90.8538589477539
101.30000000000001,4.5583740353666276,-3.0571791589730135,0.21999999999999997,0.12820512820512842,26.520111941,5.764599800109863,0,90.8538589477539
101.30000000000001,4.5519165552277885,-3.0609386689708082,0.21999999999999997,0.12820512820512842,26.377799382,5.764599800109863,0,90.8538589477539
101.30000000000001,4.5519165552277885,-3.0609386689708082,0.21999999999999997,0.12820512820512842,26.377799382,5.764599800109863,0,90.8538589477539
101.30000000000001,4.5519165552277885,-3.0609386689708082,0.21999999999999997,0.12820512820512842,26.377799382,5.764599800109863,0,90.8538589477539
101.30000000000001,4.5519165552277885,-3.0609386689708082,0.20842105263157892,0.12820512820512842,26.377799382,5.764599800109863,0,90.8538589477539
101.30000000000001,4.545503150922411,-3.0647464759150607,0.20842105263157892,0.12820512820512842,26.377799382,5.764599800109863,0,90.8538589477539
101.30000000000001,4.545503150922411,-3.0647464759150607,0.20842105263157892,0.12820512820512842,26.005802822,5.714599609375,0,90.8538589477539
101.4,4.545503150922411,-3.0647464759150607,0.20842105263157892,0.12820512820512842,26.005802822,5.714599609375,0,90.8538589477539
101.4,4.545503150922411,-3.0647464759150607,0.20842105263157892,0.12820512820512842,26.005802822,5.714599609375,0,90.8538589477539
101.4,4.539451558738045,-3.0684132858595485,0.20842105263157892,0.12820512820512842,26.151731446,5.714599609375,0,90.8538589477539
101.4,4.539451558738045,-3.0684132858595485,0.20842105263157892,0.12820512820512842,26.151731446,5.714599609375,0,90.8538589477539
101.4,4.539451558738045,-3.0684132858595485,0.20842105263157892,0.12820512820512842,26.151731446,5.714599609375,0,90.8538589477539
101.4,4.539451558738045,-3.0684132858595485,0.20842105263157892,0.12820512820512842,26.151731446,5.714599609375,0,90.8538589477539
101.4,4.539451558738045,-3.0684132858595485,0.20842105263157892,0.12820512820512842,26.151731446,5.714599609375,0,90.8538589477539
101.4,4.5334158195383685,-3.0721120630671535,0.21999999999999997,0.12820512820512842,26.296615863,5.714599609375,0,90.8538589477539
101.4,4.5334158195383685,-3.0721120630671535,0.21999999999999997,0.12820512820512842,26.296615863,5.714599609375,0,90.8538589477539
101.4,4.5334158195383685,-3.0721120630671535,0.21999999999999997,0.12820512820512842,26.296615863,5.714599609375,0,90.8538589477539
101.4,4.5334158195383685,-3.0721120630671535,0.21999999999999997,0.12820512820512842,26.296615863,5.714599609375,0,90.8538589477539
101.4,4.527395433175282,-3.075837530150482,0.21999999999999997,0.12820512820512842,26.455055965,5.714599609375,0,90.8538589477539
101.4,4.527395433175282,-3.075837530150482,0.21999999999999997,0.12820512820512842,26.455055965,5.714599609375,0,90.8538589477539
101.5,4.527395433175282,-3.075837530150482,0.21999999999999997,0.12820512820512842,26.455055965,5.714599609375,0,90.77770233154297
101.5,4.521064349808613,-3.0797978465307367,0.21999999999999997,0.12820512820512842,26.462172925,5.714599609375,0,90.77770233154297
101.5,4.521064349808613,-3.0797978465307367,0.21999999999999997,0.12820512820512842,26.462172925,5.714599609375,0,90.77770233154297
101.5,4.521064349808613,-3.0797978465307367,0.21999999999999997,0.12820512820512842,26.462172925,5.714599609375,0,90.77770233154297
101.5,4.521064349808613,-3.0797978465307367,0.21999999999999997,0.0,26.462172925,5.714599609375,0,90.77770233154297
101.5,4.514768683524205,-3.083808142716079,0.21999999999999997,0.0,26.467193011,5.714599609375,0,90.77770233154297
101.5,4.514768683524205,-3.083808142716079,0.21999999999999997,0.0,26.467193011,5.714599609375,0,90.77770233154297
101.5,4.514768683524205,-3.083808142716079,0.21999999999999997,0.0,26.467193011,5.714599609375,0,90.77770233154297
101.5,4.508487394072782,-3.0878604854777825,0.21999999999999997,0.0,26.467193011,5.714599609375,0,90.77770233154297
101.5,4.508487394072782,-3.0878604854777825,0.21999999999999997,0.0,26.467193011,5.714599609375,0,90.77770233154297
101.60000000000001,4.508487394072782,-3.0878604854777825,0.21999999999999997,0.0,26.465458991,5.714599609375,0,90.77770233154297
101.60000000000001,4.508487394072782,-3.0878604854777825,0.21999999999999997,0.0,26.465458991,5.714599609375,0,90.77770233154297
101.60000000000001,4.508487394072782,-3.0878604854777825,0.21999999999999997,0.12820512820512842,26.465458991,5.714599609375,0,90.77770233154297
101.60000000000001,4.508487394072782,-3.0878604854777825,0.21999999999999997,0.12820512820512842,26.465458991,5.714599609375,0,90.77770233154297
101.60000000000001,4.508487394072782,-3.0878604854777825,0.21999999999999997,0.12820512820512842,26.465458991,5.714599609375,0,90.77770233154297
101.60000000000001,4.5022048493543245,-3.0919208637354716,0.21999999999999997,0.12820512820512842,26.465458991,5.714599609375,0,90.77770233154297
101.60000000000001,4.5022048493543245,-3.0919208637354716,0.21999999999999997,0.12820512820512842,26.235233476,5.664599895477295,0,90.77770233154297
101.60000000000001,4.5022048493543245,-3.0919208637354716,0.21999999999999997,0.12820512820512842,26.235233476,5.664599895477295,0,90.77770233154297
101.60000000000001,4.5022048493543245,-3.0919208637354716,0.21999999999999997,0.12820512820512842,26.235233476,5.664599895477295,0,90.77770233154297
101.60000000000001,4.5022048493543245,-3.0919208637354716,0.21999999999999997,0.12820512820512842,26.235233476,5.664599895477295,0,90.77770233154297
101.60000000000001,4.4959316779692635,-3.09598150091715,0.21999999999999997,0.12820512820512842,26.233813806,5.664599895477295,0,90.77770233154297
101.60000000000001,4.4959316779692635,-3.09598150091715,0.21999999999999997,0.12820512820512842,26.233813806,5.664599895477295,0,90.77770233154297
101.60000000000001,4.4959316779692635,-3.09598150091715,0.21999999999999997,0.12820512820512842,26.233813806,5.664599895477295,0,90.77770233154297
101.60000000000001,4.48970245314453,-3.1000857287203125,0.21999999999999997,0.12820512820512842,26.234528483,5.664599895477295,0,90.77770233154297
101.60000000000001,4.48970245314453,-3.1000857287203125,0.21999999999999997,0.07692307692307715,26.234528483,5.664599895477295,0,90.77770233154297
101.7,4.48970245314453,-3.1000857287203125,0.21999999999999997,0.07692307692307715,26.234528483,5.664599895477295,0,90.77770233154297
101.7,4.48970245314453,-3.1000857287203125,0.21999999999999997,0.07692307692307715,26.234528483,5.664599895477295,0,90.77770233154297
101.7,4.48970245314453,-3.1000857287203125,0.21999999999999997,0.07692307692307715,26.234528483,5.664599895477295,0,90.77770233154297
101.7,4.483495312688391,-3.104244934062615,0.21999999999999997,0.07692307692307715,26.081237636,5.664599895477295,0,90.77770233154297
101.7,4.483495312688391,-3.104244934062615,0.21999999999999997,0.07692307692307715,26.081237636,5.664599895477295,0,90.77770233154297
101.7,4.483495312688391,-3.104244934062615,0.21999999999999997,0.07692307692307715,26.081237636,5.664599895477295,0,90.77770233154297
101.7,4.477287511527383,-3.108416377099883,0.21999999999999997,0.07692307692307715,25.930753327,5.664599895477295,0,90.77770233154297
101.7,4.477287511527383,-3.108416377099883,0.21999999999999997,0.07692307692307715,25.930753327,5.664599895477295,0,90.77770233154297
101.7,4.477287511527383,-3.108416377099883,0.21999999999999997,0.07692307692307715,25.917495803,5.661703586578369,0,90.77770233154297
101.7,4.477287511527383,-3.108416377099883,0.21999999999999997,0.07692307692307715,25.917495803,5.661703586578369,0,90.77770233154297
101.7,4.471089043221125,-3.1125925174849507,0.21999999999999997,0.07692307692307715,25.770546349,5.661703586578369,0,90.77770233154297
101.7,4.471089043221125,-3.1125925174849507,0.21999999999999997,0.07692307692307715,25.770546349,5.661703586578369,0,90.77770233154297
101.80000000000001,4.471089043221125,-3.1125925174849507,0.21999999999999997,0.07692307692307715,25.770546349,5.661703586578369,0,90.77770233154297
101.80000000000001,4.471089043221125,-3.1125925174849507,0.21999999999999997,0.07692307692307715,25.770546349,5.661703586578369,0,90.77770233154297
101.80000000000001,4.4649079405337275,-3.1167910356424606,0.21999999999999997,0.07692307692307715,25.766055117,5.661703586578369,0,90.77770233154297
101.80000000000001,4.4649079405337275,-3.1167910356424606,0.21999999999999997,0.07692307692307715,25.766055117,5.661703586578369,0,90.77770233154297
101.80000000000001,4.4649079405337275,-3.1167910356424606,0.21999999999999997,0.07692307692307715,25.766055117,5.661703586578369,0,90.77770233154297
101.80000000000001,4.458736749458117,-3.121010320703849,0.21999999999999997,0.07692307692307715,25.761698894,5.661703586578369,0,90.77770233154297
101.80000000000001,4.458736749458117,-3.121010320703849,0.21999999999999997,0.07692307692307715,25.761698894,5.661703586578369,0,90.77770233154297
101.80000000000001,4.458736749458117,-3.121010320703849,0.21999999999999997,-0.02564102564102541,25.761698894,5.661703586578369,0,90.77770233154297
101.80000000000001,4.458736749458117,-3.121010320703849,0.21999999999999997,-0.02564102564102541,25.761698894,5.661703586578369,0,90.77770233154297
101.80000000000001,4.452573078515009,-3.1252413851346867,0.21999999999999997,-0.02564102564102541,25.763925131,5.661703586578369,0,90.77770233154297
101.9,4.452573078515009,-3.1252413851346867,0.21999999999999997,-0.02564102564102541,25.536397099,5.611703395843506,0,90.77770233154297
101.9,4.452573078515009,-3.1252413851346867,0.21999999999999997,-0.02564102564102541,25.536397099,5.611703395843506,0,90.77770233154297
101.9,4.452573078515009,-3.1252413851346867,0.21999999999999997,-0.02564102564102541,25.536397099,5.611703395843506,0,90.77770233154297
101.9,4.446416290768867,-3.129485684736435,0.21999999999999997,-0.02564102564102541,25.534376514,5.611703395843506,0,90.77770233154297
101.9,4.446416290768867,-3.129485684736435,0.21999999999999997,-0.02564102564102541,25.534376514,5.611703395843506,0,90.77770233154297
101.9,4.446416290768867,-3.129485684736435,0.21999999999999997,-0.02564102564102541,25.534376514,5.611703395843506,0,90.77770233154297
101.9,4.446416290768867,-3.129485684736435,0.21999999999999997,-0.02564102564102541,25.534376514,5.611703395843506,0,90.77770233154297
101.9,4.440250835152502,-3.133729183705179,0.21999999999999997,-0.07692307692307669,25.5254412,5.611703395843506,0,90.77770233154297
101.9,4.440250835152502,-3.133729183705179,0.21999999999999997,-0.07692307692307669,25.5254412,5.611703395843506,0,90.77770233154297
101.9,4.440250835152502,-3.133729183705179,0.21999999999999997,-0.07692307692307669,25.5254412,5.611703395843506,0,90.77770233154297
101.9,4.440250835152502,-3.133729183705179,0.21999999999999997,-0.07692307692307669,25.5254412,5.611703395843506,0,90.77770233154297
101.9,4.434076441665924,-3.137957630078192,0.21999999999999997,-0.07692307692307669,25.518042831,5.611703395843506,0,90.77770233154297
102.0,4.434076441665924,-3.137957630078192,0.21999999999999997,-0.07692307692307669,25.518042831,5.611703395843506,0,90.66560363769531
102.0,4.434076441665924,-3.137957630078192,0.21999999999999997,-0.07692307692307669,25.518042831,5.611703395843506,0,90.66560363769531
102.0,4.427899583468898,-3.1421797008707184,0.21999999999999997,-0.07692307692307669,25.516329177,5.611703395843506,0,90.66560363769531
102.0,4.427899583468898,-3.1421797008707184,0.21999999999999997,-0.07692307692307669,25.516329177,5.611703395843506,0,90.66560363769531
102.0,4.427899583468898,-3.1421797008707184,0.21999999999999997,-0.07692307692307669,25.516329177,5.611703395843506,0,90.66560363769531
102.0,4.427899583468898,-3.1421797008707184,0.20842105263157892,-0.07692307692307669,25.516329177,5.611703395843506,0,90.66560363769531
102.0,4.427899583468898,-3.1421797008707184,0.20842105263157892,-0.07692307692307669,25.516329177,5.611703395843506,0,90.66560363769531
102.0,4.421710540241981,-3.1463918172674736,0.20842105263157892,-0.07692307692307669,25.511410636,5.611703395843506,0,90.66560363769531
102.0,4.415847887695457,-3.1503663719706867,0.20842105263157892,-0.07692307692307669,25.511410636,5.611703395843506,0,90.66560363769531
102.10000000000001,4.415847887695457,-3.1503663719706867,0.20842105263157892,-0.07692307692307669,25.511410636,5.611703395843506,0,90.66560363769531
102.10000000000001,4.415847887695457,-3.1503663719706867,0.20842105263157892,-0.07692307692307669,25.511410636,5.611703395843506,0,90.66560363769531
102.10000000000001,4.415847887695457,-3.1503663719706867,0.21999999999999997,0.02564102564102587,25.664229315,5.611703395843506,0,90.66560363769531
102.10000000000001,4.415847887695457,-3.1503663719706867,0.21999999999999997,0.02564102564102587,25.664229315,5.611703395843506,0,90.66560363769531
102.10000000000001,4.415847887695457,-3.1503663719706867,0.21999999999999997,0.02564102564102587,25.664229315,5.611703395843506,0,90.66560363769531
102.10000000000001,4.415847887695457,-3.1503663719706867,0.21999999999999997,0.02564102564102587,25.664229315,5.611703395843506,0,90.66560363769531
102.10000000000001,4.415847887695457,-3.1503663719706867,0.21999999999999997,0.02564102564102587,25.664229315,5.611703395843506,0,90.66560363769531
102.10000000000001,4.415847887695457,-3.1503663719706867,0.21999999999999997,0.02564102564102587,25.664229315,5.611703395843506,0,90.66560363769531
102.10000000000001,4.415847887695457,-3.1503663719706867,0.21999999999999997,0.02564102564102587,25.664229315,5.611703395843506,0,90.66560363769531
102.10000000000001,4.410024363077249,-3.1543771056597185,0.21999999999999997,0.02564102564102587,25.664229315,5.611703395843506,0,90.66560363769531
102.10000000000001,4.410024363077249,-3.1543771056597185,0.21999999999999997,0.02564102564102587,25.664229315,5.611703395843506,0,90.66560363769531
102.10000000000001,4.410024363077249,-3.1543771056597185,0.21999999999999997,0.02564102564102587,25.664229315,5.611703395843506,0,90.66560363769531
102.10000000000001,4.410024363077249,-3.1543771056597185,0.21999999999999997,0.02564102564102587,25.664229315,5.611703395843506,0,90.66560363769531
102.10000000000001,4.410024363077249,-3.1543771056597185,0.21999999999999997,0.02564102564102587,25.803864757,5.611703395843506,0,90.66560363769531
102.10000000000001,4.410024363077249,-3.1543771056597185,0.21999999999999997,0.02564102564102587,25.573953601,5.561703681945801,0,90.66560363769531
102.10000000000001,4.410024363077249,-3.1543771056597185,0.21999999999999997,0.02564102564102587,25.573953601,5.561703681945801,0,90.66560363769531
102.10000000000001,4.410024363077249,-3.1543771056597185,0.21999999999999997,0.0,25.573953601,5.561703681945801,0,90.66560363769531
102.10000000000001,4.403868811239882,-3.1586383155464604,0.21999999999999997,0.0,25.573953601,5.561703681945801,0,90.66560363769531
102.10000000000001,4.403868811239882,-3.1586383155464604,0.21999999999999997,0.0,25.568431948,5.561703681945801,0,90.66560363769531
102.10000000000001,4.403868811239882,-3.1586383155464604,0.21999999999999997,0.0,25.568431948,5.561703681945801,0,90.66560363769531
102.10000000000001,4.403868811239882,-3.1586383155464604,0.21999999999999997,0.0,25.568431948,5.561703681945801,0,90.66560363769531
102.10000000000001,4.403868811239882,-3.1586383155464604,0.21999999999999997,0.0,25.568431948,5.561703681945801,0,90.66560363769531
102.10000000000001,4.403868811239882,-3.1586383155464604,0.21999999999999997,0.0,25.568431948,5.561703681945801,0,90.66560363769531
102.10000000000001,4.403868811239882,-3.1586383155464604,0.21999999999999997,0.0,25.568431948,5.561703681945801,0,90.66560363769531
102.10000000000001,4.403868811239882,-3.1586383155464604,0.21999999999999997,0.0,25.568431948,5.561703681945801,0,90.66560363769531
102.2,4.3976897171049245,-3.1628656634061727,0.21999999999999997,0.0,25.568198862,5.561703681945801,0,90.66560363769531
102.2,4.3976897171049245,-3.1628656634061727,0.21999999999999997,0.0,25.568198862,5.561703681945801,0,90.66560363769531
102.2,4.3976897171049245,-3.1628656634061727,0.21999999999999997,0.0,25.568198862,5.561703681945801,0,90.66560363769531
102.2,4.3976897171049245,-3.1628656634061727,0.21999999999999997,0.0,25.568198862,5.561703681945801,0,90.66560363769531
102.2,4.391522690192543,-3.167086334242836,0.21999999999999997,0.0,25.571713687,5.561703681945801,0,90.66560363769531
102.2,4.391522690192543,-3.167086334242836,0.21999999999999997,0.0,25.571713687,5.561703681945801,0,90.66560363769531
102.2,4.391522690192543,-3.167086334242836,0.21999999999999997,0.0,25.571713687,5.561703681945801,0,90.66560363769531
102.2,4.391522690192543,-3.167086334242836,0.21999999999999997,0.0,25.571713687,5.561703681945801,0,90.66560363769531
102.2,4.385365577767006,-3.171327751321686,0.21999999999999997,0.0,25.573233227,5.561703681945801,0,90.66560363769531
102.2,4.385365577767006,-3.171327751321686,0.21999999999999997,0.0,25.573233227,5.561703681945801,0,90.66560363769531
102.2,4.385365577767006,-3.171327751321686,0.21999999999999997,0.0,25.573233227,5.561703681945801,0,90.66560363769531
102.2,4.385365577767006,-3.171327751321686,0.21999999999999997,-0.02564102564102541,25.573233227,5.561703681945801,0,90.66560363769531
102.30000000000001,4.37919948474325,-3.1755675343466754,0.21999999999999997,-0.02564102564102541,25.57345319,5.561703681945801,0,90.66560363769531
102.30000000000001,4.37919948474325,-3.1755675343466754,0.21999999999999997,-0.02564102564102541,25.57345319,5.561703681945801,0,90.66560363769531
102.30000000000001,4.37919948474325,-3.1755675343466754,0.21999999999999997,-0.02564102564102541,25.57345319,5.561703681945801,0,90.66560363769531
102.30000000000001,4.373028863163818,-3.17979605990385,0.21999999999999997,-0.02564102564102541,25.57345319,5.561703681945801,0,90.66560363769531
102.30000000000001,4.373028863163818,-3.17979605990385,0.21999999999999997,-0.02564102564102541,25.575490516,5.561703681945801,0,90.66560363769531
102.30000000000001,4.373028863163818,-3.17979605990385,0.21999999999999997,-0.02564102564102541,25.575490516,5.561703681945801,0,90.66560363769531
102.30000000000001,4.373028863163818,-3.17979605990385,0.21999999999999997,-0.02564102564102541,25.575490516,5.561703681945801,0,90.66560363769531
102.30000000000001,4.367550566566074,-3.1772456424467594,0.21999999999999997,-0.02564102564102541,25.348603021,5.5117034912109375,0,90.66560363769531
102.30000000000001,4.367550566566074,-3.1772456424467594,0.21999999999999997,-0.02564102564102541,25.348603021,5.5117034912109375,0,90.66560363769531
102.30000000000001,4.367550566566074,-3.1772456424467594,0.20842105263157892,-0.07692307692307669,25.348603021,5.5117034912109375,0,90.66560363769531
102.4,4.362290610472125,-3.1726205083091483,0.20842105263157892,-0.07692307692307669,25.348603021,5.5117034912109375,0,90.66560363769531
102.4,4.362290610472125,-3.1726205083091483,0.20842105263157892,-0.07692307692307669,25.192286842,5.5117034912109375,0,90.66560363769531
102.4,4.362290610472125,-3.1726205083091483,0.20842105263157892,-0.07692307692307669,25.192286842,5.5117034912109375,0,90.66560363769531
102.4,4.362290610472125,-3.1726205083091483,0.20842105263157892,-0.07692307692307669,25.192286842,5.5117034912109375,0,90.66560363769531
102.4,4.362290610472125,-3.1726205083091483,0.20842105263157892,-0.07692307692307669,25.192286842,5.5117034912109375,0,90.66560363769531
102.4,4.357358849452458,-3.1677797950560613,0.20842105263157892,-0.07692307692307669,25.192286842,5.5117034912109375,0,90.66560363769531
102.4,4.357358849452458,-3.1677797950560613,0.20842105263157892,-0.07692307692307669,25.2014933,5.5117034912109375,0,90.66560363769531
102.4,4.357358849452458,-3.1677797950560613,0.20842105263157892,-0.07692307692307669,25.2014933,5.5117034912109375,0,90.66560363769531
102.4,4.357358849452458,-3.1677797950560613,0.20842105263157892,-0.07692307692307669,25.2014933,5.5117034912109375,0,90.66560363769531
102.4,4.352429926390368,-3.162943681007589,0.21999999999999997,-0.12820512820512797,25.347744818,5.5117034912109375,0,90.66560363769531
102.4,4.352429926390368,-3.162943681007589,0.21999999999999997,-0.12820512820512797,25.347744818,5.5117034912109375,0,90.66560363769531
102.4,4.352429926390368,-3.162943681007589,0.21999999999999997,-0.12820512820512797,25.347744818,5.5117034912109375,0,90.66560363769531
102.4,4.352429926390368,-3.162943681007589,0.21999999999999997,-0.12820512820512797,25.347744818,5.5117034912109375,0,90.66560363769531
102.5,4.347499766139489,-3.1581072988707595,0.21999999999999997,-0.12820512820512797,25.490121303,5.5117034912109375,0,90.66560363769531
102.5,4.347499766139489,-3.1581072988707595,0.21999999999999997,-0.12820512820512797,25.490121303,5.5117034912109375,0,90.57670593261719
102.5,4.347499766139489,-3.1581072988707595,0.21999999999999997,-0.12820512820512797,25.490121303,5.5117034912109375,0,90.57670593261719
102.5,4.347499766139489,-3.1581072988707595,0.21999999999999997,-0.12820512820512797,25.490121303,5.5117034912109375,0,90.57670593261719
102.5,4.3422433343100035,-3.1534874373604582,0.21999999999999997,-0.12820512820512797,25.484748126,5.5117034912109375,0,90.57670593261719
102.5,4.3422433343100035,-3.1534874373604582,0.21999999999999997,-0.12820512820512797,25.484748126,5.5117034912109375,0,90.57670593261719
102.5,4.3422433343100035,-3.1534874373604582,0.21999999999999997,0.03179487179487203,25.484748126,5.5117034912109375,0,90.57670593261719
102.5,4.3422433343100035,-3.1534874373604582,0.21999999999999997,0.03179487179487203,25.512542236,5.517714500427246,0,90.57670593261719
102.5,4.336175479914584,-3.1563787551647873,0.21999999999999997,0.03179487179487203,25.511261935,5.517714500427246,0,90.57670593261719
102.5,4.336175479914584,-3.1563787551647873,0.21999999999999997,0.03179487179487203,25.511261935,5.517714500427246,0,90.57670593261719
102.5,4.336175479914584,-3.1563787551647873,0.21999999999999997,0.03179487179487203,25.511261935,5.517714500427246,0,90.57670593261719
102.60000000000001,4.329958802492714,-3.16054307581725,0.21999999999999997,0.07692307692307715,25.513602536,5.517714500427246,0,90.57670593261719
102.60000000000001,4.329958802492714,-3.16054307581725,0.21999999999999997,0.07692307692307715,25.513602536,5.517714500427246,0,90.57670593261719
102.60000000000001,4.329958802492714,-3.16054307581725,0.21999999999999997,0.07692307692307715,25.513602536,5.517714500427246,0,90.57670593261719
102.60000000000001,4.323762625294913,-3.1647143510005797,0.21999999999999997,0.07692307692307715,25.518494882,5.517714500427246,0,90.57670593261719
102.60000000000001,4.323762625294913,-3.1647143510005797,0.21999999999999997,0.07692307692307715,25.518494882,5.517714500427246,0,90.57670593261719
102.60000000000001,4.323762625294913,-3.1647143510005797,0.21999999999999997,-0.02564102564102541,25.518494882,5.517714500427246,0,90.57670593261719
102.60000000000001,4.323762625294913,-3.1647143510005797,0.21999999999999997,-0.02564102564102541,25.518494882,5.517714500427246,0,90.57670593261719
102.60000000000001,4.317587447749677,-3.1689205942165795,0.21999999999999997,-0.02564102564102541,25.520878998,5.517714500427246,0,90.57670593261719
102.60000000000001,4.317587447749677,-3.1689205942165795,0.21999999999999997,-0.02564102564102541,25.520878998,5.517714500427246,0,90.57670593261719
102.60000000000001,4.317587447749677,-3.1689205942165795,0.21999999999999997,-0.02564102564102541,25.520878998,5.517714500427246,0,90.57670593261719
102.7,4.317587447749677,-3.1689205942165795,0.21999999999999997,-0.02564102564102541,25.520878998,5.517714500427246,0,90.57670593261719
102.7,4.311410456339033,-3.1731418743202235,0.21999999999999997,-0.02564102564102541,25.5191217,5.517714500427246,0,90.57670593261719
102.7,4.311410456339033,-3.1731418743202235,0.21999999999999997,-0.02564102564102541,25.5191217,5.517714500427246,0,90.57670593261719
102.7,4.311410456339033,-3.1731418743202235,0.21999999999999997,-0.02564102564102541,25.5191217,5.517714500427246,0,90.57670593261719
102.7,4.311410456339033,-3.1731418743202235,0.21999999999999997,-0.02564102564102541,25.5191217,5.517714500427246,0,90.57670593261719
102.7,4.305219670572612,-3.177348935643174,0.21999999999999997,-0.07692307692307669,25.138744885,5.467714786529541,0,90.57670593261719
102.7,4.305219670572612,-3.177348935643174,0.21999999999999997,-0.07692307692307669,25.138744885,5.467714786529541,0,90.57670593261719
102.7,4.305219670572612,-3.177348935643174,0.21999999999999997,-0.07692307692307669,25.138744885,5.467714786529541,0,90.57670593261719
102.7,4.305219670572612,-3.177348935643174,0.21999999999999997,-0.07692307692307669,25.138744885,5.467714786529541,0,90.57670593261719
102.7,4.299026292250074,-3.1815432450236667,0.21999999999999997,-0.07692307692307669,24.998349321,5.467714786529541,0,90.57670593261719
102.7,4.299026292250074,-3.1815432450236667,0.21999999999999997,-0.07692307692307669,24.998349321,5.467714786529541,0,90.57670593261719
102.7,4.299026292250074,-3.1815432450236667,0.21999999999999997,-0.07692307692307669,24.998349321,5.467714786529541,0,90.57670593261719
102.80000000000001,4.29283175670144,-3.1857380340296575,0.21999999999999997,-0.07692307692307669,24.998349321,5.467714786529541,0,90.57670593261719
102.80000000000001,4.29283175670144,-3.1857380340296575,0.21999999999999997,-0.07692307692307669,24.856145584,5.467714786529541,0,90.57670593261719
102.80000000000001,4.29283175670144,-3.1857380340296575,0.21999999999999997,-0.07692307692307669,24.856145584,5.467714786529541,0,90.57670593261719
102.80000000000001,4.29283175670144,-3.1857380340296575,0.21999999999999997,-0.07692307692307669,24.856145584,5.467714786529541,0,90.57670593261719
102.80000000000001,4.29283175670144,-3.1857380340296575,0.21999999999999997,-0.07692307692307669,24.856145584,5.467714786529541,0,90.57670593261719
102.80000000000001,4.28662106800486,-3.189920027828442,0.21999999999999997,-0.07692307692307669,24.856322706,5.467714786529541,0,90.57670593261719
102.80000000000001,4.28662106800486,-3.189920027828442,0.21999999999999997,-0.07692307692307669,24.856322706,5.467714786529541,0,90.57670593261719
102.80000000000001,4.28662106800486,-3.189920027828442,0.21999999999999997,-0.07692307692307669,24.856322706,5.467714786529541,0,90.57670593261719
102.80000000000001,4.280394979910558,-3.1940765793615316,0.21999999999999997,-0.07692307692307669,24.855870418,5.467714786529541,0,90.57670593261719
102.80000000000001,4.280394979910558,-3.1940765793615316,0.21999999999999997,-0.07692307692307669,24.855870418,5.467714786529541,0,90.57670593261719
102.80000000000001,4.280394979910558,-3.1940765793615316,0.21999999999999997,-0.07692307692307669,24.855870418,5.467714786529541,0,90.57670593261719
102.80000000000001,4.280394979910558,-3.1940765793615316,0.21999999999999997,-0.07692307692307669,24.855870418,5.467714786529541,0,90.57670593261719
102.9,4.274161822101318,-3.1982174316140646,0.21999999999999997,-0.07692307692307669,24.855870418,5.467714786529541,0,90.57670593261719
102.9,4.274161822101318,-3.1982174316140646,0.20842105263157892,-0.07692307692307669,24.85296692,5.467714786529541,0,90.57670593261719
102.9,4.274161822101318,-3.1982174316140646,0.20842105263157892,-0.07692307692307669,24.85296692,5.467714786529541,0,90.57670593261719
102.9,4.274161822101318,-3.1982174316140646,0.20842105263157892,-0.07692307692307669,24.85296692,5.467714786529541,0,90.57670593261719
102.9,4.274161822101318,-3.1982174316140646,0.20842105263157892,-0.07692307692307669,24.85296692,5.467714786529541,0,90.57670593261719
102.9,4.2679192430265225,-3.2023470171439024,0.20842105263157892,-0.07692307692307669,24.845198318,5.467714786529541,0,90.57670593261719
102.9,4.2679192430265225,-3.2023470171439024,0.20842105263157892,-0.07692307692307669,24.845198318,5.467714786529541,0,90.57670593261719
102.9,4.2679192430265225,-3.2023470171439024,0.20842105263157892,-0.07692307692307669,24.845198318,5.467714786529541,0,90.57670593261719
102.9,4.2679192430265225,-3.2023470171439024,0.20842105263157892,-0.07692307692307669,24.845198318,5.467714786529541,0,90.57670593261719
102.9,4.261998657587142,-3.20624521774941,0.20842105263157892,-0.07692307692307669,24.985507308,5.467714786529541,0,90.57670593261719
102.9,4.261998657587142,-3.20624521774941,0.20842105263157892,-0.07692307692307669,24.757025127,5.417714595794678,0,90.57670593261719
102.9,4.261998657587142,-3.20624521774941,0.19684210526315787,-0.07692307692307669,24.757025127,5.417714595794678,0,90.57670593261719
103.0,4.261998657587142,-3.20624521774941,0.19684210526315787,-0.07692307692307669,24.757025127,5.417714595794678,0,90.47859191894531
103.0,4.256088605983355,-3.2101485268878758,0.19684210526315787,-0.07692307692307669,24.757025127,5.417714595794678,0,90.47859191894531
103.0,4.256088605983355,-3.2101485268878758,0.19684210526315787,-0.07692307692307669,24.905631022,5.417714595794678,0,90.47859191894531
103.0,4.256088605983355,-3.2101485268878758,0.19684210526315787,-0.07692307692307669,24.905631022,5.417714595794678,0,90.47859191894531
103.0,4.250494208638508,-3.2138384762086374,0.19684210526315787,-0.07692307692307669,24.905631022,5.417714595794678,0,90.47859191894531
103.0,4.250494208638508,-3.2138384762086374,0.19684210526315787,-0.07692307692307669,25.190240099,5.417714595794678,0,90.47859191894531
103.0,4.250494208638508,-3.2138384762086374,0.19684210526315787,-0.07692307692307669,25.190240099,5.417714595794678,0,90.47859191894531
103.0,4.250494208638508,-3.2138384762086374,0.19684210526315787,-0.07692307692307669,25.190240099,5.417714595794678,0,90.47859191894531
103.0,4.244879169446985,-3.2174996724326856,0.19684210526315787,-0.07692307692307669,25.482563474,5.417714595794678,0,90.47859191894531
103.0,4.244879169446985,-3.2174996724326856,0.19684210526315787,-0.07692307692307669,25.482563474,5.417714595794678,0,90.47859191894531
103.0,4.244879169446985,-3.2174996724326856,0.21999999999999997,-0.17948717948717924,25.482563474,5.417714595794678,0,90.47859191894531
103.10000000000001,4.244879169446985,-3.2174996724326856,0.21999999999999997,-0.17948717948717924,25.482563474,5.417714595794678,0,90.47859191894531
103.10000000000001,4.239258756863791,-3.221138532029035,0.21999999999999997,-0.17948717948717924,25.789263012,5.417714595794678,0,90.47859191894531
103.10000000000001,4.239258756863791,-3.221138532029035,0.21999999999999997,-0.17948717948717924,25.789263012,5.417714595794678,0,90.47859191894531
103.10000000000001,4.239258756863791,-3.221138532029035,0.21999999999999997,-0.17948717948717924,25.789263012,5.417714595794678,0,90.47859191894531
103.10000000000001,4.239258756863791,-3.221138532029035,0.21999999999999997,-0.17948717948717924,25.789263012,5.417714595794678,0,90.47859191894531
103.10000000000001,4.232969352354856,-3.2251962813840294,0.21999999999999997,-0.17948717948717924,25.785797566,5.417714595794678,0,90.47859191894531
103.10000000000001,4.232969352354856,-3.2251962813840294,0.21999999999999997,-0.17948717948717924,25.785797566,5.417714595794678,0,90.47859191894531
103.10000000000001,4.232969352354856,-3.2251962813840294,0.21999999999999997,-0.17948717948717924,25.785797566,5.417714595794678,0,90.47859191894531
103.10000000000001,4.226643937333494,-3.2292168311732223,0.21999999999999997,-0.07692307692307669,25.785797566,5.417714595794678,0,90.47859191894531
103.10000000000001,4.226643937333494,-3.2292168311732223,0.21999999999999997,-0.07692307692307669,25.785720983,5.417714595794678,0,90.47859191894531
103.10000000000001,4.226643937333494,-3.2292168311732223,0.21999999999999997,-0.07692307692307669,25.785720983,5.417714595794678,0,90.47859191894531
103.2,4.226643937333494,-3.2292168311732223,0.21999999999999997,-0.07692307692307669,25.785720983,5.417714595794678,0,90.47859191894531
103.2,4.226643937333494,-3.2292168311732223,0.21999999999999997,-0.07692307692307669,25.785720983,5.417714595794678,0,90.47859191894531
103.2,4.220293459142345,-3.233183396280591,0.21999999999999997,-0.07692307692307669,25.548002716,5.367714881896973,0,90.47859191894531
103.2,4.220293459142345,-3.233183396280591,0.21999999999999997,-0.07692307692307669,25.548002716,5.367714881896973,0,90.47859191894531
103.2,4.220293459142345,-3.233183396280591,0.21999999999999997,-0.07692307692307669,25.548002716,5.367714881896973,0,90.47859191894531
103.2,4.213946984368852,-3.237135303818805,0.21999999999999997,-0.07692307692307669,25.55395793,5.367714881896973,0,90.47859191894531
103.2,4.213946984368852,-3.237135303818805,0.21999999999999997,-0.07692307692307669,25.55395793,5.367714881896973,0,90.47859191894531
103.2,4.213946984368852,-3.237135303818805,0.21999999999999997,0.07692307692307716,25.55395793,5.367714881896973,0,90.47859191894531
103.2,4.213946984368852,-3.237135303818805,0.21999999999999997,0.07692307692307716,25.55395793,5.367714881896973,0,90.47859191894531
103.2,4.207594858820067,-3.241089445604125,0.21999999999999997,0.07692307692307716,25.401366746,5.367714881896973,0,90.47859191894531
103.2,4.207594858820067,-3.241089445604125,0.21999999999999997,0.07692307692307716,25.401366746,5.367714881896973,0,90.47859191894531
103.30000000000001,4.207594858820067,-3.241089445604125,0.21999999999999997,0.07692307692307716,25.401366746,5.367714881896973,0,90.47859191894531
103.30000000000001,4.207594858820067,-3.241089445604125,0.21999999999999997,0.07692307692307715,25.401366746,5.367714881896973,0,90.47859191894531
103.30000000000001,4.20122485101621,-3.2450224416860367,0.21999999999999997,0.07692307692307715,25.24848626,5.367714881896973,0,90.47859191894531
103.30000000000001,4.20122485101621,-3.2450224416860367,0.21999999999999997,0.07692307692307715,25.24848626,5.367714881896973,0,90.47859191894531
103.30000000000001,4.20122485101621,-3.2450224416860367,0.21999999999999997,0.07692307692307715,25.24848626,5.367714881896973,0,90.47859191894531
103.30000000000001,4.194857478961091,-3.2489403238931973,0.21999999999999997,0.07692307692307715,24.965127821,5.367714881896973,0,90.47859191894531
103.30000000000001,4.194857478961091,-3.2489403238931973,0.21999999999999997,0.07692307692307715,24.965127821,5.367714881896973,0,90.47859191894531
103.30000000000001,4.194857478961091,-3.2489403238931973,0.21999999999999997,0.07692307692307715,24.965127821,5.367714881896973,0,90.47859191894531
103.30000000000001,4.194857478961091,-3.2489403238931973,0.21999999999999997,0.07692307692307715,24.965127821,5.367714881896973,0,90.47859191894531
103.30000000000001,4.188513191411609,-3.2528825922542723,0.21999999999999997,0.07692307692307715,24.684706,5.367714881896973,0,90.47859191894531
103.30000000000001,4.188513191411609,-3.2528825922542723,0.21999999999999997,0.07692307692307715,24.684706,5.367714881896973,0,90.47859191894531
103.4,4.188513191411609,-3.2528825922542723,0.21999999999999997,0.07692307692307715,24.684706,5.367714881896973,0,90.47859191894531
103.4,4.188513191411609,-3.2528825922542723,0.21999999999999997,0.07692307692307715,24.684706,5.367714881896973,0,90.47859191894531
103.4,4.182180196423833,-3.25685593014833,0.21999999999999997,0.07692307692307715,24.404096698,5.367714881896973,0,90.47859191894531
103.4,4.182180196423833,-3.25685593014833,0.21999999999999997,0.07692307692307715,24.404096698,5.367714881896973,0,90.47859191894531
103.4,4.182180196423833,-3.25685593014833,0.21999999999999997,0.07692307692307715,24.404096698,5.367714881896973,0,90.47859191894531
103.4,4.175849384399546,-3.2608386413741943,0.21999999999999997,0.07692307692307715,24.411354378,5.367714881896973,0,90.47859191894531
103.4,4.175849384399546,-3.2608386413741943,0.21999999999999997,0.07692307692307715,24.411354378,5.367714881896973,0,90.47859191894531
103.4,4.175849384399546,-3.2608386413741943,0.21999999999999997,0.07692307692307715,24.411354378,5.367714881896973,0,90.47859191894531
103.4,4.169529821139204,-3.2648320867497453,0.21999999999999997,0.07692307692307715,24.41589765,5.367714881896973,0,90.47859191894531
103.4,4.169529821139204,-3.2648320867497453,0.21999999999999997,0.07692307692307715,24.22748607,5.326293468475342,0,90.47859191894531
103.5,4.169529821139204,-3.2648320867497453,0.21999999999999997,0.07692307692307715,24.22748607,5.326293468475342,0,90.36912536621094
103.5,4.169529821139204,-3.2648320867497453,0.21999999999999997,0.07692307692307715,24.22748607,5.326293468475342,0,90.36912536621094
103.5,4.163224858206526,-3.2688476010431367,0.21999999999999997,0.07692307692307715,24.229679006,5.326293468475342,0,90.36912536621094
103.5,4.163224858206526,-3.2688476010431367,0.21999999999999997,0.07692307692307715,24.229679006,5.326293468475342,0,90.36912536621094
103.5,4.163224858206526,-3.2688476010431367,0.21999999999999997,0.07692307692307715,24.229679006,5.326293468475342,0,90.36912536621094
103.5,4.15692878733549,-3.2728812630642823,0.19684210526315787,0.12820512820512842,24.227528537,5.326293468475342,0,90.36912536621094
103.5,4.15692878733549,-3.2728812630642823,0.19684210526315787,0.12820512820512842,24.227528537,5.326293468475342,0,90.36912536621094
103.5,4.15692878733549,-3.2728812630642823,0.19684210526315787,0.12820512820512842,24.227528537,5.326293468475342,0,90.36912536621094
103.5,4.15692878733549,-3.2728812630642823,0.19684210526315787,0.12820512820512842,24.227528537,5.326293468475342,0,90.36912536621094
103.5,4.15692878733549,-3.2728812630642823,0.19684210526315787,0.12820512820512842,24.227528537,5.326293468475342,0,90.36912536621094
103.5,4.151299029539937,-3.27650175028822,0.19684210526315787,0.12820512820512842,24.227528537,5.326293468475342,0,90.36912536621094
103.5,4.151299029539937,-3.27650175028822,0.19684210526315787,0.12820512820512842,24.274231775,5.2762932777404785,0,90.36912536621094
103.5,4.151299029539937,-3.27650175028822,0.19684210526315787,0.12820512820512842,24.274231775,5.2762932777404785,0,90.36912536621094
103.60000000000001,4.151299029539937,-3.27650175028822,0.19684210526315787,0.12820512820512842,24.274231775,5.2762932777404785,0,90.36912536621094
103.60000000000001,4.151299029539937,-3.27650175028822,0.19684210526315787,0.12820512820512842,24.274231775,5.2762932777404785,0,90.36912536621094
103.60000000000001,4.145675586698681,-3.280126450180255,0.21999999999999997,0.12820512820512842,24.567444069,5.2762932777404785,0,90.36912536621094
103.60000000000001,4.145675586698681,-3.280126450180255,0.21999999999999997,0.12820512820512842,24.567444069,5.2762932777404785,0,90.36912536621094
103.60000000000001,4.145675586698681,-3.280126450180255,0.21999999999999997,0.12820512820512842,24.567444069,5.2762932777404785,0,90.36912536621094
103.60000000000001,4.145675586698681,-3.280126450180255,0.21999999999999997,0.12820512820512842,24.567444069,5.2762932777404785,0,90.36912536621094
103.60000000000001,4.139409584853476,-3.2841959572846853,0.21999999999999997,0.12820512820512842,24.564020145,5.2762932777404785,0,90.36912536621094
103.60000000000001,4.139409584853476,-3.2841959572846853,0.21999999999999997,0.12820512820512842,24.564020145,5.2762932777404785,0,90.36912536621094
103.60000000000001,4.139409584853476,-3.2841959572846853,0.21999999999999997,0.12820512820512842,24.564020145,5.2762932777404785,0,90.36912536621094
103.60000000000001,4.133151651800485,-3.2882848241390032,0.21999999999999997,0.12820512820512842,24.564020145,5.2762932777404785,0,90.36912536621094
103.60000000000001,4.133151651800485,-3.2882848241390032,0.21999999999999997,0.12820512820512842,24.561949792,5.2762932777404785,0,90.36912536621094
103.7,4.133151651800485,-3.2882848241390032,0.21999999999999997,0.12820512820512842,24.561949792,5.2762932777404785,0,90.36912536621094
103.7,4.133151651800485,-3.2882848241390032,0.21999999999999997,0.12820512820512842,24.561949792,5.2762932777404785,0,90.36912536621094
103.7,4.126910177384296,-3.2923884036050635,0.21999999999999997,0.12820512820512842,24.56718193,5.2762932777404785,0,90.36912536621094
103.7,4.126910177384296,-3.2923884036050635,0.21999999999999997,0.12820512820512842,24.56718193,5.2762932777404785,0,90.36912536621094
103.7,4.126910177384296,-3.2923884036050635,0.21999999999999997,0.12820512820512842,24.56718193,5.2762932777404785,0,90.36912536621094
103.7,4.126910177384296,-3.2923884036050635,0.21999999999999997,0.12820512820512842,24.56718193,5.2762932777404785,0,90.36912536621094
103.7,4.120693426190539,-3.2965245151281852,0.21999999999999997,0.12820512820512842,24.570892041,5.2762932777404785,0,90.36912536621094
103.7,4.120693426190539,-3.2965245151281852,0.21999999999999997,0.12820512820512842,24.570892041,5.2762932777404785,0,90.36912536621094
103.7,4.120693426190539,-3.2965245151281852,0.21999999999999997,0.12820512820512842,24.570892041,5.2762932777404785,0,90.36912536621094
103.80000000000001,4.11449437384559,-3.3006927918256803,0.21999999999999997,0.12820512820512842,24.572076789,5.2762932777404785,0,90.36912536621094
103.80000000000001,4.11449437384559,-3.3006927918256803,0.21999999999999997,0.12820512820512842,24.572076789,5.2762932777404785,0,90.36912536621094
103.80000000000001,4.11449437384559,-3.3006927918256803,0.21999999999999997,0.02564102564102587,24.572076789,5.2762932777404785,0,90.36912536621094
103.80000000000001,4.108309610436278,-3.30488379274386,0.21999999999999997,0.02564102564102587,24.340758139,5.226293563842773,0,90.36912536621094
103.80000000000001,4.108309610436278,-3.30488379274386,0.21999999999999997,0.02564102564102587,24.340758139,5.226293563842773,0,90.36912536621094
103.80000000000001,4.108309610436278,-3.30488379274386,0.21999999999999997,0.02564102564102587,24.340758139,5.226293563842773,0,90.36912536621094
103.80000000000001,4.108309610436278,-3.30488379274386,0.21999999999999997,0.02564102564102587,24.340758139,5.226293563842773,0,90.36912536621094
103.80000000000001,4.102138529741296,-3.309098327251509,0.21999999999999997,0.02564102564102587,24.341467214,5.226293563842773,0,90.36912536621094
103.80000000000001,4.102138529741296,-3.309098327251509,0.21999999999999997,0.02564102564102587,24.341467214,5.226293563842773,0,90.36912536621094
103.80000000000001,4.102138529741296,-3.309098327251509,0.21999999999999997,0.02564102564102587,24.341467214,5.226293563842773,0,90.36912536621094
103.80000000000001,4.095965971563917,-3.3133232982083527,0.21999999999999997,0.02564102564102587,24.341467214,5.226293563842773,0,90.36912536621094
103.9,4.095965971563917,-3.3133232982083527,0.21999999999999997,0.02564102564102587,24.064178386,5.226293563842773,0,90.36912536621094
103.9,4.095965971563917,-3.3133232982083527,0.20842105263157892,0.0,24.064178386,5.226293563842773,0,90.36912536621094
103.9,4.095965971563917,-3.3133232982083527,0.20842105263157892,0.0,24.064178386,5.226293563842773,0,90.36912536621094
103.9,4.089791240447493,-3.3175443499615622,0.20842105263157892,0.0,23.780971125,5.226293563842773,0,90.36912536621094
103.9,4.089791240447493,-3.3175443499615622,0.20842105263157892,0.0,23.780971125,5.226293563842773,0,90.36912536621094
103.9,4.089791240447493,-3.3175443499615622,0.20842105263157892,0.0,23.780971125,5.226293563842773,0,90.36912536621094
103.9,4.089791240447493,-3.3175443499615622,0.20842105263157892,0.0,23.780971125,5.226293563842773,0,90.36912536621094
103.9,4.086485363343556,-3.3135923805399203,0.20842105263157892,0.0,23.915433381,5.226293563842773,0,90.36912536621094
103.9,4.086485363343556,-3.3135923805399203,0.20842105263157892,0.0,23.915433381,5.226293563842773,0,90.36912536621094
103.9,4.086485363343556,-3.3135923805399203,0.20842105263157892,0.0,23.915433381,5.226293563842773,0,90.36912536621094
103.9,4.085715933218681,-3.3016784937236205,0.20842105263157892,0.0,24.050698454,5.226293563842773,0,90.36912536621094
104.0,4.085715933218681,-3.3016784937236205,0.19684210526315787,0.0,24.050698454,5.226293563842773,0,90.2775650024414
104.0,4.085715933218681,-3.3016784937236205,0.19684210526315787,0.0,24.050698454,5.226293563842773,0,90.2775650024414
104.0,4.085715933218681,-3.3016784937236205,0.19684210526315787,0.0,24.050698454,5.226293563842773,0,90.2775650024414
104.0,4.084939366504153,-3.2897464071072062,0.19684210526315787,0.0,24.183944547,5.226293563842773,0,90.2775650024414
104.0,4.084939366504153,-3.2897464071072062,0.19684210526315787,0.0,24.183944547,5.226293563842773,0,90.2775650024414
104.0,4.084939366504153,-3.2897464071072062,0.19684210526315787,0.0,24.183944547,5.226293563842773,0,90.2775650024414
104.0,4.084939366504153,-3.2897464071072062,0.19684210526315787,0.0,24.183944547,5.226293563842773,0,90.2775650024414
104.0,4.084486186079728,-3.27757807132813,0.19684210526315787,0.0,24.470599941,5.226293563842773,0,90.2775650024414
104.0,4.084486186079728,-3.27757807132813,0.19684210526315787,0.0,24.470599941,5.226293563842773,0,90.2775650024414
104.0,4.084486186079728,-3.27757807132813,0.19684210526315787,0.0,24.470599941,5.226293563842773,0,90.2775650024414
104.10000000000001,4.084031978689346,-3.2653984839835166,0.21999999999999997,0.02564102564102587,24.765009552,5.226293563842773,0,90.2775650024414
104.10000000000001,4.084031978689346,-3.2653984839835166,0.21999999999999997,0.02564102564102587,24.765009552,5.226293563842773,0,90.2775650024414
104.10000000000001,4.084031978689346,-3.2653984839835166,0.21999999999999997,0.02564102564102587,24.765009552,5.226293563842773,0,90.2775650024414
104.10000000000001,4.084031978689346,-3.2653984839835166,0.21999999999999997,0.02564102564102587,24.765009552,5.226293563842773,0,90.2775650024414
104.10000000000001,4.082923147034251,-3.253642033832072,0.21999999999999997,0.02564102564102587,24.765009552,5.226293563842773,0,90.2775650024414
104.10000000000001,4.082923147034251,-3.253642033832072,0.21999999999999997,0.02564102564102587,24.761869151,5.226293563842773,0,90.2775650024414
104.10000000000001,4.082923147034251,-3.253642033832072,0.21999999999999997,0.02564102564102587,24.761869151,5.226293563842773,0,90.2775650024414
104.10000000000001,4.082923147034251,-3.253642033832072,0.21999999999999997,0.02564102564102587,24.761869151,5.226293563842773,0,90.2775650024414
104.10000000000001,4.078359016221695,-3.252646114921476,0.21999999999999997,0.02564102564102587,24.765659125,5.226293563842773,0,90.2775650024414
104.10000000000001,4.078359016221695,-3.252646114921476,0.21999999999999997,0.02564102564102587,24.765659125,5.226293563842773,0,90.2775650024414
104.10000000000001,4.078359016221695,-3.252646114921476,0.21999999999999997,0.02564102564102587,24.765659125,5.226293563842773,0,90.2775650024414
104.10000000000001,4.078359016221695,-3.252646114921476,0.21999999999999997,0.02564102564102587,24.765659125,5.226293563842773,0,90.2775650024414
104.2,4.078359016221695,-3.252646114921476,0.21999999999999997,0.02564102564102587,24.765659125,5.226293563842773,0,90.2775650024414
104.2,4.072147677052278,-3.2568075865461172,0.21999999999999997,0.02564102564102587,24.765784835,5.226293563842773,0,90.2775650024414
104.2,4.072147677052278,-3.2568075865461172,0.21999999999999997,0.02564102564102587,24.765784835,5.226293563842773,0,90.2775650024414
104.2,4.072147677052278,-3.2568075865461172,0.21999999999999997,0.02564102564102587,24.765784835,5.226293563842773,0,90.2775650024414
104.2,4.06593965773172,-3.2609746736772753,0.21999999999999997,0.02564102564102587,24.764994908,5.226293563842773,0,90.2775650024414
104.2,4.06593965773172,-3.2609746736772753,0.21999999999999997,0.02564102564102587,24.764994908,5.226293563842773,0,90.2775650024414
104.2,4.06593965773172,-3.2609746736772753,0.21999999999999997,0.02564102564102587,24.764994908,5.226293563842773,0,90.2775650024414
104.2,4.06593965773172,-3.2609746736772753,0.21999999999999997,0.02564102564102587,24.764994908,5.226293563842773,0,90.2775650024414
104.2,4.059734568679282,-3.265145653650945,0.21999999999999997,-0.02564102564102541,24.623139005,5.226293563842773,0,90.2775650024414
104.2,4.059734568679282,-3.265145653650945,0.21999999999999997,-0.02564102564102541,24.623139005,5.226293563842773,0,90.2775650024414
104.2,4.059734568679282,-3.265145653650945,0.21999999999999997,-0.02564102564102541,24.623139005,5.226293563842773,0,90.2775650024414
104.30000000000001,4.053533867184788,-3.269321995990894,0.21999999999999997,-0.02564102564102541,24.482626698,5.226293563842773,0,90.2775650024414
104.30000000000001,4.053533867184788,-3.269321995990894,0.21999999999999997,-0.02564102564102541,24.482626698,5.226293563842773,0,90.2775650024414
104.30000000000001,4.053533867184788,-3.269321995990894,0.21999999999999997,-0.02564102564102541,24.482626698,5.226293563842773,0,90.2775650024414
104.30000000000001,4.047334094881418,-3.273503883087641,0.21999999999999997,-0.02564102564102541,24.482626698,5.226293563842773,0,90.2775650024414
104.30000000000001,4.047334094881418,-3.273503883087641,0.21999999999999997,-0.02564102564102541,24.340867221,5.226293563842773,0,90.2775650024414
104.30000000000001,4.047334094881418,-3.273503883087641,0.21999999999999997,-0.02564102564102541,24.340867221,5.226293563842773,0,90.2775650024414
104.30000000000001,4.047334094881418,-3.273503883087641,0.21999999999999997,-0.02564102564102541,24.340867221,5.226293563842773,0,90.2775650024414
104.30000000000001,4.041126711431301,-3.277681322231353,0.21999999999999997,-0.07692307692307669,23.822132621,5.17629337310791,0,90.2775650024414
104.30000000000001,4.041126711431301,-3.277681322231353,0.21999999999999997,-0.07692307692307669,23.822132621,5.17629337310791,0,90.2775650024414
104.4,4.041126711431301,-3.277681322231353,0.21999999999999997,-0.07692307692307669,23.822132621,5.17629337310791,0,90.2775650024414
104.4,4.034913185064811,-3.281848336510437,0.21999999999999997,-0.07692307692307669,23.543794916,5.17629337310791,0,90.2775650024414
104.4,4.034913185064811,-3.281848336510437,0.21999999999999997,-0.07692307692307669,23.543794916,5.17629337310791,0,90.2775650024414
104.4,4.034913185064811,-3.281848336510437,0.21999999999999997,-0.07692307692307669,23.543794916,5.17629337310791,0,90.2775650024414
104.4,4.034913185064811,-3.281848336510437,0.21999999999999997,-0.07692307692307669,23.543794916,5.17629337310791,0,90.2775650024414
104.4,4.028695215645266,-3.2860103145876245,0.21999999999999997,-0.07692307692307669,23.543794916,5.17629337310791,0,90.2775650024414
104.4,4.028695215645266,-3.2860103145876245,0.21999999999999997,-0.07692307692307669,23.664427994,5.203015327453613,0,90.2775650024414
104.4,4.028695215645266,-3.2860103145876245,0.21999999999999997,-0.07692307692307669,23.664427994,5.203015327453613,0,90.2775650024414
104.4,4.028695215645266,-3.2860103145876245,0.19684210526315787,-0.07692307692307669,23.664427994,5.203015327453613,0,90.2775650024414
104.4,4.0224632552321875,-3.2901599863677604,0.19684210526315787,-0.07692307692307669,23.657405896,5.203015327453613,0,90.2775650024414
104.4,4.0224632552321875,-3.2901599863677604,0.19684210526315787,-0.07692307692307669,23.657405896,5.203015327453613,0,90.2775650024414
104.5,4.0224632552321875,-3.2901599863677604,0.19684210526315787,-0.07692307692307669,23.657405896,5.203015327453613,0,90.2775650024414
104.5,4.0224632552321875,-3.2901599863677604,0.19684210526315787,-0.07692307692307669,23.657405896,5.203015327453613,0,90.2775650024414
104.5,4.016877069319213,-3.2938556957366942,0.19684210526315787,-0.07692307692307669,23.938918099,5.203015327453613,0,90.21327209472656
104.5,4.016877069319213,-3.2938556957366942,0.19684210526315787,-0.07692307692307669,23.938918099,5.203015327453613,0,90.21327209472656
104.5,4.016877069319213,-3.2938556957366942,0.19684210526315787,-0.07692307692307669,23.938918099,5.203015327453613,0,90.21327209472656
104.5,4.016877069319213,-3.2938556957366942,0.19684210526315787,-0.07692307692307669,23.938918099,5.203015327453613,0,90.21327209472656
104.5,4.016877069319213,-3.2938556957366942,0.19684210526315787,-0.07692307692307669,23.938918099,5.203015327453613,0,90.21327209472656
104.5,4.011297237152434,-3.2975520038689923,0.20842105263157892,-0.12820512820512797,23.982534483,5.15301513671875,0,90.21327209472656
104.5,4.011297237152434,-3.2975520038689923,0.20842105263157892,-0.12820512820512797,23.982534483,5.15301513671875,0,90.21327209472656
104.5,4.011297237152434,-3.2975520038689923,0.20842105263157892,-0.12820512820512797,23.982534483,5.15301513671875,0,90.21327209472656
104.5,4.011297237152434,-3.2975520038689923,0.20842105263157892,-0.12820512820512797,23.982534483,5.15301513671875,0,90.21327209472656
104.5,4.011297237152434,-3.2975520038689923,0.20842105263157892,-0.12820512820512797,23.982534483,5.15301513671875,0,90.21327209472656
104.5,4.005381534422593,-3.3014645924665453,0.20842105263157892,-0.12820512820512797,24.11890829,5.15301513671875,0,90.21327209472656
104.5,4.005381534422593,-3.3014645924665453,0.20842105263157892,-0.12820512820512797,24.11890829,5.15301513671875,0,90.21327209472656
104.5,4.005381534422593,-3.3014645924665453,0.20842105263157892,-0.12820512820512797,24.11890829,5.15301513671875,0,90.21327209472656
104.60000000000001,4.005381534422593,-3.3014645924665453,0.20842105263157892,-0.12820512820512797,24.11890829,5.15301513671875,0,90.21327209472656
104.60000000000001,3.9994490697545313,-3.3053568977548053,0.20842105263157892,-0.12820512820512797,24.25864077,5.15301513671875,0,90.21327209472656
104.60000000000001,3.9994490697545313,-3.3053568977548053,0.20842105263157892,-0.12820512820512797,24.25864077,5.15301513671875,0,90.21327209472656
104.60000000000001,3.9994490697545313,-3.3053568977548053,0.20842105263157892,-0.12820512820512797,24.25864077,5.15301513671875,0,90.21327209472656
104.60000000000001,3.9994490697545313,-3.3053568977548053,0.20842105263157892,-0.12820512820512797,24.25864077,5.15301513671875,0,90.21327209472656
104.60000000000001,3.993499371647416,-3.3092234696935647,0.20842105263157892,-0.12820512820512797,24.400358286,5.15301513671875,0,90.21327209472656
104.60000000000001,3.993499371647416,-3.3092234696935647,0.20842105263157892,-0.12820512820512797,24.400358286,5.15301513671875,0,90.21327209472656
104.60000000000001,3.993499371647416,-3.3092234696935647,0.20842105263157892,-0.12820512820512797,24.400358286,5.15301513671875,0,90.21327209472656
104.60000000000001,3.987532810915491,-3.3130618833422276,0.20842105263157892,-0.12820512820512797,24.546539434,5.15301513671875,0,90.21327209472656
104.60000000000001,3.987532810915491,-3.3130618833422276,0.20842105263157892,-0.12820512820512797,24.546539434,5.15301513671875,0,90.21327209472656
104.60000000000001,3.987532810915491,-3.3130618833422276,0.20842105263157892,-0.12820512820512797,24.546539434,5.15301513671875,0,90.21327209472656
104.7,3.987532810915491,-3.3130618833422276,0.20842105263157892,-0.12820512820512797,24.546539434,5.15301513671875,0,90.21327209472656
104.7,3.9815509423263764,-3.316874185138272,0.21999999999999997,-0.17948717948717924,24.693043357,5.15301513671875,0,90.21327209472656
104.7,3.9752237553617493,-3.3208711795319386,0.21999999999999997,-0.17948717948717924,24.693043357,5.15301513671875,0,90.21327209472656
104.7,3.9752237553617493,-3.3208711795319386,0.21999999999999997,-0.17948717948717924,24.693043357,5.15301513671875,0,90.21327209472656
104.7,3.9752237553617493,-3.3208711795319386,0.20842105263157892,-0.17948717948717924,24.693043357,5.15301513671875,0,90.21327209472656
104.7,3.9752237553617493,-3.3208711795319386,0.20842105263157892,-0.17948717948717924,24.693043357,5.15301513671875,0,90.21327209472656
104.7,3.9752237553617493,-3.3208711795319386,0.20842105263157892,-0.17948717948717924,24.693043357,5.15301513671875,0,90.21327209472656
104.7,3.9752237553617493,-3.3208711795319386,0.20842105263157892,-0.17948717948717924,24.693043357,5.15301513671875,0,90.21327209472656
104.7,3.9752237553617493,-3.3208711795319386,0.20842105263157892,-0.17948717948717924,24.693043357,5.15301513671875,0,90.21327209472656
104.7,3.9752237553617493,-3.3208711795319386,0.20842105263157892,-0.17948717948717924,24.693043357,5.15301513671875,0,90.21327209472656
104.7,3.9752237553617493,-3.3208711795319386,0.20842105263157892,-0.17948717948717924,24.697628032,5.15301513671875,0,90.21327209472656
104.7,3.9752237553617493,-3.3208711795319386,0.20842105263157892,-0.17948717948717924,24.697628032,5.15301513671875,0,90.21327209472656
104.7,3.9752237553617493,-3.3208711795319386,0.20842105263157892,-0.17948717948717924,24.697628032,5.15301513671875,0,90.21327209472656
104.7,3.9688820183098605,-3.324847107367116,0.20842105263157892,-0.17948717948717924,24.697628032,5.15301513671875,0,90.21327209472656
104.7,3.9688820183098605,-3.324847107367116,0.20842105263157892,-0.17948717948717924,24.697628032,5.15301513671875,0,90.21327209472656
104.7,3.9688820183098605,-3.324847107367116,0.20842105263157892,-0.17948717948717924,24.697628032,5.15301513671875,0,90.21327209472656
104.7,3.9688820183098605,-3.324847107367116,0.20842105263157892,-0.17948717948717924,24.697628032,5.15301513671875,0,90.21327209472656
104.7,3.9688820183098605,-3.324847107367116,0.20842105263157892,-0.17948717948717924,24.456272231,5.103015422821045,0,90.21327209472656
104.7,3.9688820183098605,-3.324847107367116,0.20842105263157892,-0.17948717948717924,24.456272231,5.103015422821045,0,90.21327209472656
104.80000000000001,3.9688820183098605,-3.324847107367116,0.20842105263157892,-0.17948717948717924,24.456272231,5.103015422821045,0,90.21327209472656
104.80000000000001,3.962850434615695,-3.3285842252362334,0.20842105263157892,-0.17948717948717924,24.299775591,5.103015422821045,0,90.21327209472656
104.80000000000001,3.962850434615695,-3.3285842252362334,0.20842105263157892,-0.17948717948717924,24.299775591,5.103015422821045,0,90.21327209472656
104.80000000000001,3.962850434615695,-3.3285842252362334,0.20842105263157892,-0.17948717948717924,24.299775591,5.103015422821045,0,90.21327209472656
104.80000000000001,3.962850434615695,-3.3285842252362334,0.20842105263157892,-0.17948717948717924,24.299775591,5.103015422821045,0,90.21327209472656
104.80000000000001,3.956803538287,-3.3322907946103992,0.20842105263157892,-0.17948717948717924,24.156915775,5.103015422821045,0,90.21327209472656
104.80000000000001,3.956803538287,-3.3322907946103992,0.20842105263157892,-0.17948717948717924,24.156915775,5.103015422821045,0,90.21327209472656
104.80000000000001,3.956803538287,-3.3322907946103992,0.20842105263157892,-0.17948717948717924,24.156915775,5.103015422821045,0,90.21327209472656
104.80000000000001,3.950734780036515,-3.335969886840414,0.20842105263157892,-0.17948717948717924,24.15504782,5.103015422821045,0,90.21327209472656
104.80000000000001,3.950734780036515,-3.335969886840414,0.21999999999999997,-0.07692307692307669,24.15504782,5.103015422821045,0,90.21327209472656
104.9,3.950734780036515,-3.335969886840414,0.21999999999999997,-0.07692307692307669,24.15504782,5.103015422821045,0,90.21327209472656
104.9,3.9446383098196436,-3.339607749984933,0.21999999999999997,-0.07692307692307669,24.152787973,5.103015422821045,0,90.21327209472656
104.9,3.9446383098196436,-3.339607749984933,0.21999999999999997,-0.07692307692307669,24.152787973,5.103015422821045,0,90.21327209472656
104.9,3.9446383098196436,-3.339607749984933,0.21999999999999997,-0.07692307692307669,24.152787973,5.103015422821045,0,90.21327209472656
104.9,3.9446383098196436,-3.339607749984933,0.21999999999999997,-0.07692307692307669,24.152787973,5.103015422821045,0,90.21327209472656
104.9,3.9381920309362086,-3.3434073323381543,0.21999999999999997,-0.07692307692307669,24.152787973,5.103015422821045,0,90.21327209472656
104.9,3.9381920309362086,-3.3434073323381543,0.21999999999999997,-0.07692307692307669,24.017348813,5.103015422821045,0,90.21327209472656
104.9,3.9381920309362086,-3.3434073323381543,0.21999999999999997,-0.07692307692307669,24.017348813,5.103015422821045,0,90.21327209472656
104.9,3.931756103251742,-3.3472097301750083,0.21999999999999997,-0.07692307692307669,24.017348813,5.103015422821045,0,90.21327209472656
104.9,3.931756103251742,-3.3472097301750083,0.19684210526315787,-0.02564102564102541,23.878845875,5.103015422821045,0,90.21327209472656
105.0,3.931756103251742,-3.3472097301750083,0.19684210526315787,-0.02564102564102541,23.878845875,5.103015422821045,0,90.21327209472656
105.0,3.931756103251742,-3.3472097301750083,0.19684210526315787,-0.02564102564102541,23.878845875,5.103015422821045,0,90.10611724853516
105.0,3.931756103251742,-3.3472097301750083,0.19684210526315787,-0.02564102564102541,23.878845875,5.103015422821045,0,90.10611724853516
105.0,3.925310003855022,-3.35101740940069,0.19684210526315787,-0.02564102564102541,23.502575425,5.053015232086182,0,90.10611724853516
105.0,3.925310003855022,-3.35101740940069,0.19684210526315787,-0.02564102564102541,23.502575425,5.053015232086182,0,90.10611724853516
105.0,3.925310003855022,-3.35101740940069,0.19684210526315787,-0.02564102564102541,23.502575425,5.053015232086182,0,90.10611724853516
105.0,3.925310003855022,-3.35101740940069,0.19684210526315787,-0.02564102564102541,23.502575425,5.053015232086182,0,90.10611724853516
105.0,3.919526574449588,-3.354399935585059,0.19684210526315787,-0.02564102564102541,23.778797938,5.053015232086182,0,90.10611724853516
105.0,3.919526574449588,-3.354399935585059,0.19684210526315787,-0.02564102564102541,23.778797938,5.053015232086182,0,90.10611724853516
105.0,3.919526574449588,-3.354399935585059,0.21999999999999997,-0.12820512820512797,23.778797938,5.053015232086182,0,90.10611724853516
105.0,3.913758161670041,-3.3577836846957156,0.21999999999999997,-0.12820512820512797,24.069218295,5.053015232086182,0,90.10611724853516
105.0,3.913758161670041,-3.3577836846957156,0.21999999999999997,-0.12820512820512797,24.069218295,5.053015232086182,0,90.10611724853516
105.0,3.913758161670041,-3.3577836846957156,0.21999999999999997,-0.12820512820512797,24.069218295,5.053015232086182,0,90.10611724853516
105.10000000000001,3.913758161670041,-3.3577836846957156,0.21999999999999997,-0.12820512820512797,24.069218295,5.053015232086182,0,90.10611724853516
105.10000000000001,3.913758161670041,-3.3577836846957156,0.21999999999999997,-0.12820512820512797,24.069218295,5.053015232086182,0,90.10611724853516
105.10000000000001,3.9073138289345253,-3.3615838230203594,0.21999999999999997,-0.12820512820512797,23.92835942,5.053015232086182,0,90.10611724853516
105.10000000000001,3.9073138289345253,-3.3615838230203594,0.21999999999999997,-0.12820512820512797,23.92835942,5.053015232086182,0,90.10611724853516
105.10000000000001,3.9073138289345253,-3.3615838230203594,0.21999999999999997,-0.12820512820512797,23.92835942,5.053015232086182,0,90.10611724853516
105.10000000000001,3.9008450516187936,-3.365363302114557,0.21999999999999997,-0.12820512820512797,23.783512454,5.053015232086182,0,90.10611724853516
105.10000000000001,3.9008450516187936,-3.365363302114557,0.21999999999999997,0.0,23.783512454,5.053015232086182,0,90.10611724853516
105.10000000000001,3.9008450516187936,-3.365363302114557,0.21999999999999997,0.0,23.783512454,5.053015232086182,0,90.10611724853516
105.10000000000001,3.9008450516187936,-3.365363302114557,0.21999999999999997,0.0,23.783512454,5.053015232086182,0,90.10611724853516
105.10000000000001,3.894354614435574,-3.3691019331203216,0.21999999999999997,0.0,23.647526831,5.053015232086182,0,90.10611724853516
105.2,3.894354614435574,-3.3691019331203216,0.21999999999999997,0.0,23.647526831,5.053015232086182,0,90.10611724853516
105.2,3.894354614435574,-3.3691019331203216,0.21999999999999997,0.0,23.647526831,5.053015232086182,0,90.10611724853516
105.2,3.8878644359389787,-3.3728163342068322,0.21999999999999997,0.0,23.518115233,5.053015232086182,0,90.10611724853516
105.2,3.8878644359389787,-3.3728163342068322,0.21999999999999997,0.0,23.518115233,5.053015232086182,0,90.10611724853516
105.2,3.8878644359389787,-3.3728163342068322,0.21999999999999997,0.0,23.518115233,5.053015232086182,0,90.10611724853516
105.2,3.8878644359389787,-3.3728163342068322,0.21999999999999997,0.0,23.518115233,5.053015232086182,0,90.10611724853516
105.2,3.8813959019746194,-3.376552057440916,0.21999999999999997,-0.07692307692307669,23.513684875,5.053015232086182,0,90.10611724853516
105.2,3.8813959019746194,-3.376552057440916,0.21999999999999997,-0.07692307692307669,23.36238397,5.020501136779785,0,90.10611724853516
105.2,3.8813959019746194,-3.376552057440916,0.21999999999999997,-0.07692307692307669,23.36238397,5.020501136779785,0,90.10611724853516
105.2,3.8813959019746194,-3.376552057440916,0.21999999999999997,-0.07692307692307669,23.36238397,5.020501136779785,0,90.10611724853516
105.2,3.8749260339297766,-3.3803079801342855,0.21999999999999997,-0.07692307692307669,23.359330447,5.020501136779785,0,90.10611724853516
105.30000000000001,3.8749260339297766,-3.3803079801342855,0.21999999999999997,-0.07692307692307669,23.359330447,5.020501136779785,0,90.10611724853516
105.30000000000001,3.8749260339297766,-3.3803079801342855,0.21999999999999997,-0.07692307692307669,23.359330447,5.020501136779785,0,90.10611724853516
105.30000000000001,3.8749260339297766,-3.3803079801342855,0.21999999999999997,-0.07692307692307669,23.359330447,5.020501136779785,0,90.10611724853516
105.30000000000001,3.868440153178404,-3.3840467428408125,0.21999999999999997,-0.07692307692307669,23.36130237,5.020501136779785,0,90.10611724853516
105.30000000000001,3.868440153178404,-3.3840467428408125,0.21999999999999997,-0.07692307692307669,23.36130237,5.020501136779785,0,90.10611724853516
105.30000000000001,3.868440153178404,-3.3840467428408125,0.20842105263157892,-0.02564102564102541,23.36130237,5.020501136779785,0,90.10611724853516
105.30000000000001,3.868440153178404,-3.3840467428408125,0.20842105263157892,-0.02564102564102541,23.36130237,5.020501136779785,0,90.10611724853516
105.30000000000001,3.861943649340813,-3.3877621100597337,0.20842105263157892,-0.02564102564102541,22.860294911,4.970500946044922,0,90.10611724853516
105.30000000000001,3.861943649340813,-3.3877621100597337,0.20842105263157892,-0.02564102564102541,22.860294911,4.970500946044922,0,90.10611724853516
105.30000000000001,3.861943649340813,-3.3877621100597337,0.20842105263157892,-0.02564102564102541,22.860294911,4.970500946044922,0,90.10611724853516
105.30000000000001,3.861943649340813,-3.3877621100597337,0.20842105263157892,-0.02564102564102541,22.860294911,4.970500946044922,0,90.10611724853516
105.30000000000001,3.855792862898062,-3.39127302461897,0.20842105263157892,-0.02564102564102541,22.734070961,4.970500946044922,0,90.10611724853516
105.4,3.855792862898062,-3.39127302461897,0.20842105263157892,-0.02564102564102541,22.734070961,4.970500946044922,0,90.10611724853516
105.4,3.855792862898062,-3.39127302461897,0.20842105263157892,-0.02564102564102541,22.734070961,4.970500946044922,0,90.10611724853516
105.4,3.855792862898062,-3.39127302461897,0.20842105263157892,-0.02564102564102541,22.734070961,4.970500946044922,0,90.10611724853516
105.4,3.8496634483015106,-3.3948091579681794,0.19684210526315787,-0.02564102564102541,22.864773568,4.970500946044922,0,90.10611724853516
105.4,3.8496634483015106,-3.3948091579681794,0.19684210526315787,-0.02564102564102541,22.864773568,4.970500946044922,0,90.10611724853516
105.4,3.8496634483015106,-3.3948091579681794,0.19684210526315787,-0.02564102564102541,22.864773568,4.970500946044922,0,90.10611724853516
105.4,3.8496634483015106,-3.3948091579681794,0.19684210526315787,-0.02564102564102541,22.864773568,4.970500946044922,0,90.10611724853516
105.4,3.843526587848698,-3.3983621622404856,0.19684210526315787,-0.02564102564102541,23.002121202,4.970500946044922,0,90.10611724853516
105.4,3.843526587848698,-3.3983621622404856,0.19684210526315787,-0.02564102564102541,23.002121202,4.970500946044922,0,90.10611724853516
105.4,3.843526587848698,-3.3983621622404856,0.19684210526315787,-0.02564102564102541,23.002121202,4.970500946044922,0,90.10611724853516
105.4,3.843526587848698,-3.3983621622404856,0.19684210526315787,-0.02564102564102541,23.002121202,4.970500946044922,0,90.10611724853516
105.5,3.8377140779555012,-3.4016958240651967,0.19684210526315787,-0.02564102564102541,23.270296867,4.970500946044922,0,90.10611724853516
105.5,3.8377140779555012,-3.4016958240651967,0.19684210526315787,-0.02564102564102541,23.270296867,4.970500946044922,0,89.99742889404297
105.5,3.8377140779555012,-3.4016958240651967,0.21999999999999997,0.02564102564102587,23.270296867,4.970500946044922,0,89.99742889404297
105.5,3.8319056113293315,-3.405018057321805,0.21999999999999997,0.02564102564102587,23.548465792000002,4.970500946044922,0,89.99742889404297
105.5,3.8319056113293315,-3.405018057321805,0.21999999999999997,0.02564102564102587,23.548465792000002,4.970500946044922,0,89.99742889404297
105.5,3.8319056113293315,-3.405018057321805,0.21999999999999997,0.02564102564102587,23.548465792000002,4.970500946044922,0,89.99742889404297
105.5,3.8319056113293315,-3.405018057321805,0.21999999999999997,0.02564102564102587,23.548465792000002,4.970500946044922,0,89.99742889404297
105.5,3.8319056113293315,-3.405018057321805,0.21999999999999997,0.02564102564102587,23.548465792000002,4.970500946044922,0,89.99742889404297
105.5,3.827801422933686,-3.4051282799636953,0.21999999999999997,0.02564102564102587,23.552699559,4.970500946044922,0,89.99742889404297
105.5,3.827801422933686,-3.4051282799636953,0.21999999999999997,0.02564102564102587,23.552699559,4.970500946044922,0,89.99742889404297
105.5,3.827801422933686,-3.4051282799636953,0.21999999999999997,0.02564102564102587,23.552699559,4.970500946044922,0,89.99742889404297
105.5,3.827801422933686,-3.4051282799636953,0.21999999999999997,0.02564102564102587,23.552699559,4.970500946044922,0,89.99742889404297
105.5,3.827801422933686,-3.4051282799636953,0.21999999999999997,0.0,23.552699559,4.970500946044922,0,89.99742889404297
105.60000000000001,3.827120002574537,-3.400111336864955,0.21999999999999997,0.0,23.552336029,4.970500946044922,0,89.99742889404297
105.60000000000001,3.827120002574537,-3.400111336864955,0.21999999999999997,0.0,23.552336029,4.970500946044922,0,89.99742889404297
105.60000000000001,3.827120002574537,-3.400111336864955,0.21999999999999997,0.0,23.552336029,4.970500946044922,0,89.99742889404297
105.60000000000001,3.827120002574537,-3.400111336864955,0.21999999999999997,0.0,23.552336029,4.970500946044922,0,89.99742889404297
105.60000000000001,3.826469632274494,-3.395133973325081,0.21999999999999997,0.0,23.558948811,4.970500946044922,0,89.99742889404297
105.60000000000001,3.826469632274494,-3.395133973325081,0.21999999999999997,0.0,23.558948811,4.970500946044922,0,89.99742889404297
105.60000000000001,3.826469632274494,-3.395133973325081,0.21999999999999997,0.0,23.558948811,4.970500946044922,0,89.99742889404297
105.60000000000001,3.826469632274494,-3.395133973325081,0.21999999999999997,0.0,23.558948811,4.970500946044922,0,89.99742889404297
105.60000000000001,3.826469632274494,-3.395133973325081,0.21999999999999997,0.0,23.558948811,4.970500946044922,0,89.99742889404297
105.60000000000001,3.825848718021992,-3.3901934045389983,0.21999999999999997,-0.02564102564102541,23.561085506,4.970500946044922,0,89.99742889404297
105.60000000000001,3.825848718021992,-3.3901934045389983,0.21999999999999997,-0.02564102564102541,23.561085506,4.970500946044922,0,89.99742889404297
105.60000000000001,3.825848718021992,-3.3901934045389983,0.21999999999999997,-0.02564102564102541,23.561085506,4.970500946044922,0,89.99742889404297
105.60000000000001,3.8252567588038793,-3.38528744324734,0.21999999999999997,-0.02564102564102541,23.416080641,4.970500946044922,0,89.99742889404297
105.7,3.8252567588038793,-3.38528744324734,0.21999999999999997,-0.02564102564102541,23.416080641,4.970500946044922,0,89.99742889404297
105.7,3.8252567588038793,-3.38528744324734,0.21999999999999997,-0.02564102564102541,23.416080641,4.970500946044922,0,89.99742889404297
105.7,3.8252567588038793,-3.38528744324734,0.21999999999999997,-0.02564102564102541,23.416080641,4.970500946044922,0,89.99742889404297
105.7,3.8252567588038793,-3.38528744324734,0.21999999999999997,-0.02564102564102541,23.416080641,4.970500946044922,0,89.99742889404297
105.7,3.824693756831242,-3.380417390101446,0.21999999999999997,-0.02564102564102541,23.279970588,4.970500946044922,0,89.99742889404297
105.7,3.824693756831242,-3.380417390101446,0.21999999999999997,-0.02564102564102541,23.279970588,4.970500946044922,0,89.99742889404297
105.7,3.824693756831242,-3.380417390101446,0.20842105263157892,-0.02564102564102541,23.279970588,4.970500946044922,0,89.99742889404297
105.7,3.824693756831242,-3.380417390101446,0.20842105263157892,-0.02564102564102541,23.279970588,4.970500946044922,0,89.99742889404297
105.7,3.8210266216176767,-3.380149997203047,0.20842105263157892,-0.02564102564102541,23.142489,4.970500946044922,0,89.99742889404297
105.7,3.8210266216176767,-3.380149997203047,0.20842105263157892,-0.02564102564102541,23.142489,4.970500946044922,0,89.99742889404297
105.7,3.8210266216176767,-3.380149997203047,0.20842105263157892,-0.02564102564102541,23.142489,4.970500946044922,0,89.99742889404297
105.7,3.8210266216176767,-3.380149997203047,0.20842105263157892,-0.02564102564102541,23.142489,4.970500946044922,0,89.99742889404297
105.80000000000001,3.814921415499941,-3.383747517916076,0.20842105263157892,-0.02564102564102541,23.007842088,4.970500946044922,0,89.99742889404297
105.80000000000001,3.814921415499941,-3.383747517916076,0.20842105263157892,-0.02564102564102541,23.007842088,4.970500946044922,0,89.99742889404297
105.80000000000001,3.814921415499941,-3.383747517916076,0.20842105263157892,-0.02564102564102541,23.007842088,4.970500946044922,0,89.99742889404297
105.80000000000001,3.814921415499941,-3.383747517916076,0.20842105263157892,-0.02564102564102541,23.007842088,4.970500946044922,0,89.99742889404297
105.80000000000001,3.814921415499941,-3.383747517916076,0.19684210526315787,-0.02564102564102541,23.007842088,4.970500946044922,0,89.99742889404297
105.80000000000001,3.8088194826581727,-3.387351090183845,0.19684210526315787,-0.02564102564102541,23.007842088,4.970500946044922,0,89.99742889404297
105.80000000000001,3.8088194826581727,-3.387351090183845,0.19684210526315787,-0.02564102564102541,22.871865572,4.970500946044922,0,89.99742889404297
105.80000000000001,3.8088194826581727,-3.387351090183845,0.19684210526315787,-0.02564102564102541,22.871865572,4.970500946044922,0,89.99742889404297
105.80000000000001,3.8088194826581727,-3.387351090183845,0.19684210526315787,-0.02564102564102541,22.871865572,4.970500946044922,0,89.99742889404297
105.80000000000001,3.8088194826581727,-3.387351090183845,0.19684210526315787,-0.02564102564102541,22.871865572,4.970500946044922,0,89.99742889404297
105.80000000000001,3.8088194826581727,-3.387351090183845,0.19684210526315787,-0.02564102564102541,22.871865572,4.970500946044922,0,89.99742889404297
105.80000000000001,3.8030563229318153,-3.3907566908832063,0.19684210526315787,-0.02564102564102541,22.898920924,4.920501232147217,0,89.99742889404297
105.80000000000001,3.8030563229318153,-3.3907566908832063,0.19684210526315787,-0.02564102564102541,22.898920924,4.920501232147217,0,89.99742889404297
105.80000000000001,3.8030563229318153,-3.3907566908832063,0.19684210526315787,-0.02564102564102541,22.898920924,4.920501232147217,0,89.99742889404297
105.80000000000001,3.8030563229318153,-3.3907566908832063,0.18526315789473682,-0.02564102564102541,22.898920924,4.920501232147217,0,89.99742889404297
105.9,3.7972913891931523,-3.3941603421624413,0.18526315789473682,-0.02564102564102541,23.170415944,4.920501232147217,0,89.99742889404297
105.9,3.7972913891931523,-3.3941603421624413,0.18526315789473682,-0.02564102564102541,23.170415944,4.920501232147217,0,89.99742889404297
105.9,3.7972913891931523,-3.3941603421624413,0.18526315789473682,-0.02564102564102541,23.170415944,4.920501232147217,0,89.99742889404297
105.9,3.7972913891931523,-3.3941603421624413,0.18526315789473682,-0.02564102564102541,23.170415944,4.920501232147217,0,89.99742889404297
105.9,3.7972913891931523,-3.3941603421624413,0.18526315789473682,-0.02564102564102541,23.170415944,4.920501232147217,0,89.99742889404297
105.9,3.791524121111522,-3.3975618039316697,0.18526315789473682,-0.02564102564102541,23.443807579,4.920501232147217,0,89.99742889404297
105.9,3.791524121111522,-3.3975618039316697,0.18526315789473682,-0.02564102564102541,23.443807579,4.920501232147217,0,89.99742889404297
105.9,3.791524121111522,-3.3975618039316697,0.18526315789473682,-0.02564102564102541,23.443807579,4.920501232147217,0,89.99742889404297
105.9,3.791524121111522,-3.3975618039316697,0.18526315789473682,-0.02564102564102541,23.443807579,4.920501232147217,0,89.99742889404297
105.9,3.7860953430532764,-3.400757143984226,0.18526315789473682,-0.02564102564102541,23.879779491,4.920501232147217,0,89.99742889404297
105.9,3.7860953430532764,-3.400757143984226,0.21999999999999997,0.02564102564102587,23.879779491,4.920501232147217,0,89.99742889404297
105.9,3.7860953430532764,-3.400757143984226,0.21999999999999997,0.02564102564102587,23.879779491,4.920501232147217,0,89.99742889404297
106.0,3.7806685528410577,-3.4039557447587945,0.21999999999999997,0.02564102564102587,23.879779491,4.920501232147217,0,89.99742889404297
106.0,3.7806685528410577,-3.4039557447587945,0.21999999999999997,0.02564102564102587,24.323172722,4.920501232147217,0,89.99742889404297
106.0,3.7806685528410577,-3.4039557447587945,0.21999999999999997,0.02564102564102587,24.323172722,4.920501232147217,0,89.99742889404297
106.0,3.7806685528410577,-3.4039557447587945,0.21999999999999997,0.02564102564102587,24.323172722,4.920501232147217,0,89.99742889404297
106.0,3.7806685528410577,-3.4039557447587945,0.21999999999999997,0.02564102564102587,24.323172722,4.920501232147217,0,89.99742889404297
106.0,3.7742969021747474,-3.407714225384392,0.21999999999999997,0.02564102564102587,24.350371059,4.920501232147217,0,89.99742889404297
106.0,3.7742969021747474,-3.407714225384392,0.21999999999999997,0.02564102564102587,24.350371059,4.920501232147217,0,89.99742889404297
106.0,3.7742969021747474,-3.407714225384392,0.21999999999999997,0.0,24.350371059,4.920501232147217,0,89.99742889404297
106.0,3.7678612492410015,-3.411516542237994,0.21999999999999997,0.0,24.360734343,4.920501232147217,0,89.99742889404297
106.0,3.7678612492410015,-3.411516542237994,0.21999999999999997,0.0,24.360734343,4.920501232147217,0,89.99742889404297
106.0,3.7678612492410015,-3.411516542237994,0.21999999999999997,0.0,24.302297314,4.908697605133057,0,89.99742889404297
106.10000000000001,3.7678612492410015,-3.411516542237994,0.21999999999999997,0.0,24.302297314,4.908697605133057,0,89.99742889404297
106.10000000000001,3.761430193437445,-3.4153288344472745,0.21999999999999997,0.0,24.161128791,4.908697605133057,0,89.99742889404297
106.10000000000001,3.761430193437445,-3.4153288344472745,0.21999999999999997,0.0,24.161128791,4.908697605133057,0,89.99742889404297
106.10000000000001,3.761430193437445,-3.4153288344472745,0.21999999999999997,0.0,24.161128791,4.908697605133057,0,89.99742889404297
106.10000000000001,3.754996727732534,-3.4191413042364607,0.21999999999999997,0.0,24.161128791,4.908697605133057,0,89.99742889404297
106.10000000000001,3.754996727732534,-3.4191413042364607,0.21999999999999997,0.0,24.011542378,4.908697605133057,0,89.99742889404297
106.10000000000001,3.754996727732534,-3.4191413042364607,0.21999999999999997,-0.02564102564102541,24.011542378,4.908697605133057,0,89.99742889404297
106.10000000000001,3.754996727732534,-3.4191413042364607,0.21999999999999997,-0.02564102564102541,24.011542378,4.908697605133057,0,89.99742889404297
106.10000000000001,3.754996727732534,-3.4191413042364607,0.21999999999999997,-0.02564102564102541,24.011542378,4.908697605133057,0,89.99742889404297
106.10000000000001,3.748560506482803,-3.4229489714987746,0.21999999999999997,-0.02564102564102541,23.484557306,4.858697891235352,0,89.99742889404297
106.10000000000001,3.748560506482803,-3.4229489714987746,0.21999999999999997,-0.02564102564102541,23.484557306,4.858697891235352,0,89.99742889404297
106.10000000000001,3.748560506482803,-3.4229489714987746,0.21999999999999997,-0.02564102564102541,23.484557306,4.858697891235352,0,89.99742889404297
106.10000000000001,3.748560506482803,-3.4229489714987746,0.21999999999999997,-0.02564102564102541,23.484557306,4.858697891235352,0,89.99742889404297
106.10000000000001,3.748560506482803,-3.4229489714987746,0.21999999999999997,-0.02564102564102541,23.484557306,4.858697891235352,0,89.99742889404297
106.10000000000001,3.748560506482803,-3.4229489714987746,0.21999999999999997,-0.02564102564102541,23.484557306,4.858697891235352,0,89.99742889404297
106.2,3.748560506482803,-3.4229489714987746,0.21999999999999997,-0.02564102564102541,23.484557306,4.858697891235352,0,89.99742889404297
106.2,3.748560506482803,-3.4229489714987746,0.21999999999999997,-0.07692307692307669,23.484557306,4.858697891235352,0,89.99742889404297
106.2,3.7421238486332404,-3.4267578168952073,0.21999999999999997,-0.07692307692307669,23.484557306,4.858697891235352,0,89.99742889404297
106.2,3.7421238486332404,-3.4267578168952073,0.21999999999999997,-0.07692307692307669,23.205915742,4.858697891235352,0,89.99742889404297
106.2,3.7421238486332404,-3.4267578168952073,0.21999999999999997,-0.07692307692307669,23.205915742,4.858697891235352,0,89.99742889404297
106.2,3.7421238486332404,-3.4267578168952073,0.21999999999999997,-0.07692307692307669,23.205915742,4.858697891235352,0,89.99742889404297
106.2,3.7421238486332404,-3.4267578168952073,0.21999999999999997,-0.07692307692307669,23.205915742,4.858697891235352,0,89.99742889404297
106.2,3.7421238486332404,-3.4267578168952073,0.21999999999999997,-0.07692307692307669,23.205915742,4.858697891235352,0,89.99742889404297
106.2,3.7356795637384863,-3.4305632976939386,0.21999999999999997,-0.07692307692307669,22.932152037,4.858697891235352,0,89.99742889404297
106.2,3.7356795637384863,-3.4305632976939386,0.21999999999999997,-0.07692307692307669,22.932152037,4.858697891235352,0,89.99742889404297
106.2,3.7356795637384863,-3.4305632976939386,0.21999999999999997,-0.07692307692307669,22.932152037,4.858697891235352,0,89.99742889404297
106.2,3.7356795637384863,-3.4305632976939386,0.21999999999999997,-0.07692307692307669,22.932152037,4.858697891235352,0,89.99742889404297
106.2,3.7292202963123366,-3.4343487513943183,0.21999999999999997,-0.07692307692307669,22.520828927,4.858697891235352,0,89.99742889404297
106.2,3.7292202963123366,-3.4343487513943183,0.21999999999999997,-0.07692307692307669,22.520828927,4.858697891235352,0,89.99742889404297
106.2,3.7292202963123366,-3.4343487513943183,0.21999999999999997,-0.07692307692307669,22.520828927,4.858697891235352,0,89.99742889404297
106.2,3.7292202963123366,-3.4343487513943183,0.21999999999999997,-0.07692307692307669,22.520828927,4.858697891235352,0,89.99742889404297
106.30000000000001,3.7292202963123366,-3.4343487513943183,0.21999999999999997,-0.07692307692307669,22.520828927,4.858697891235352,0,89.99742889404297
106.30000000000001,3.722748957780303,-3.4381124386449042,0.21999999999999997,-0.07692307692307669,22.131495207,4.858697891235352,0,89.99742889404297
106.30000000000001,3.722748957780303,-3.4381124386449042,0.21999999999999997,-0.07692307692307669,22.131495207,4.858697891235352,0,89.99742889404297
106.30000000000001,3.722748957780303,-3.4381124386449042,0.21999999999999997,-0.07692307692307669,22.131495207,4.858697891235352,0,89.99742889404297
106.30000000000001,3.7162699889738877,-3.441862647520854,0.21999999999999997,-0.07692307692307669,22.105135311,4.858697891235352,0,89.99742889404297
106.30000000000001,3.7162699889738877,-3.441862647520854,0.20842105263157892,-0.07692307692307669,22.105135311,4.858697891235352,0,89.99742889404297
106.30000000000001,3.7162699889738877,-3.441862647520854,0.20842105263157892,-0.07692307692307669,22.105135311,4.858697891235352,0,89.99742889404297
106.30000000000001,3.7162699889738877,-3.441862647520854,0.20842105263157892,-0.07692307692307669,22.105135311,4.858697891235352,0,89.99742889404297
106.30000000000001,3.709781030770847,-3.445598207337145,0.20842105263157892,-0.07692307692307669,21.868905755,4.808697700500488,0,89.99742889404297
106.30000000000001,3.709781030770847,-3.445598207337145,0.20842105263157892,-0.07692307692307669,21.868905755,4.808697700500488,0,89.99742889404297
106.4,3.709781030770847,-3.445598207337145,0.20842105263157892,-0.07692307692307669,21.868905755,4.808697700500488,0,89.99742889404297
106.4,3.7036960049372043,-3.449082913436449,0.20842105263157892,-0.07692307692307669,22.012641435,4.808697700500488,0,89.99742889404297
106.4,3.7036960049372043,-3.449082913436449,0.20842105263157892,-0.07692307692307669,22.012641435,4.808697700500488,0,89.99742889404297
106.4,3.7036960049372043,-3.449082913436449,0.20842105263157892,-0.07692307692307669,22.012641435,4.808697700500488,0,89.99742889404297
106.4,3.7036960049372043,-3.449082913436449,0.20842105263157892,-0.07692307692307669,22.012641435,4.808697700500488,0,89.99742889404297
106.4,3.6975516691651134,-3.4526112267525484,0.20842105263157892,0.08307692307692331,22.135299234,4.808697700500488,0,89.99742889404297
106.4,3.6975516691651134,-3.4526112267525484,0.20842105263157892,0.08307692307692331,22.135299234,4.808697700500488,0,89.99742889404297
106.4,3.6975516691651134,-3.4526112267525484,0.20842105263157892,0.08307692307692331,22.135299234,4.808697700500488,0,89.99742889404297
106.4,3.6975516691651134,-3.4526112267525484,0.20842105263157892,0.08307692307692331,22.135299234,4.808697700500488,0,89.99742889404297
106.4,3.6914037457473987,-3.456142153734884,0.20842105263157892,0.08307692307692331,22.264119058,4.808697700500488,0,89.99742889404297
106.4,3.6914037457473987,-3.456142153734884,0.20842105263157892,0.12820512820512842,22.264119058,4.808697700500488,0,89.99742889404297
106.4,3.6914037457473987,-3.456142153734884,0.20842105263157892,0.12820512820512842,22.264119058,4.808697700500488,0,89.99742889404297
106.5,3.6914037457473987,-3.456142153734884,0.20842105263157892,0.12820512820512842,22.264119058,4.808697700500488,0,89.99742889404297
106.5,3.6914037457473987,-3.456142153734884,0.20842105263157892,0.12820512820512842,22.264119058,4.808697700500488,0,89.99742889404297
106.5,3.685265683612454,-3.4596730795123123,0.20842105263157892,0.12820512820512842,22.394605879,4.808697700500488,0,89.99742889404297
106.5,3.685265683612454,-3.4596730795123123,0.19684210526315787,0.12820512820512842,22.394605879,4.808697700500488,0,89.99742889404297
106.5,3.685265683612454,-3.4596730795123123,0.19684210526315787,0.12820512820512842,22.394605879,4.808697700500488,0,89.99742889404297
106.5,3.6791498487664978,-3.463231067638115,0.19684210526315787,0.12820512820512842,22.532111659,4.808697700500488,0,89.99742889404297
106.5,3.6791498487664978,-3.463231067638115,0.19684210526315787,0.12820512820512842,22.532111659,4.808697700500488,0,89.99742889404297
106.5,3.6791498487664978,-3.463231067638115,0.19684210526315787,0.12820512820512842,22.532111659,4.808697700500488,0,89.99742889404297
106.5,3.6791498487664978,-3.463231067638115,0.19684210526315787,0.12820512820512842,22.532111659,4.808697700500488,0,89.99742889404297
106.5,3.6733873169917732,-3.466620871666598,0.19684210526315787,0.12820512820512842,22.802084655,4.808697700500488,0,89.99742889404297
106.5,3.6733873169917732,-3.466620871666598,0.19684210526315787,0.12820512820512842,22.802084655,4.808697700500488,0,89.99742889404297
106.60000000000001,3.6733873169917732,-3.466620871666598,0.19684210526315787,0.12820512820512842,22.802084655,4.808697700500488,0,89.99742889404297
106.60000000000001,3.6676301427263813,-3.470024446587383,0.19684210526315787,0.12820512820512842,22.849209413,4.758697509765625,0,89.99742889404297
106.60000000000001,3.6676301427263813,-3.470024446587383,0.21999999999999997,0.23076923076923095,22.849209413,4.758697509765625,0,89.99742889404297
106.60000000000001,3.6676301427263813,-3.470024446587383,0.21999999999999997,0.23076923076923095,22.849209413,4.758697509765625,0,89.99742889404297
106.60000000000001,3.6676301427263813,-3.470024446587383,0.21999999999999997,0.23076923076923095,22.849209413,4.758697509765625,0,89.99742889404297
106.60000000000001,3.661890615028356,-3.473443833862159,0.21999999999999997,0.23076923076923095,22.849209413,4.758697509765625,0,89.99742889404297
106.60000000000001,3.661890615028356,-3.473443833862159,0.21999999999999997,0.23076923076923095,23.134106605,4.758697509765625,0,89.99742889404297
106.60000000000001,3.661890615028356,-3.473443833862159,0.21999999999999997,0.23076923076923095,23.134106605,4.758697509765625,0,89.99742889404297
106.60000000000001,3.661890615028356,-3.473443833862159,0.21999999999999997,0.23076923076923095,23.134106605,4.758697509765625,0,89.99742889404297
106.60000000000001,3.6555022747558454,-3.4773026219621403,0.21999999999999997,0.23076923076923095,23.145293278,4.758697509765625,0,89.99742889404297
106.60000000000001,3.6555022747558454,-3.4773026219621403,0.21999999999999997,0.23076923076923095,23.145293278,4.758697509765625,0,89.99742889404297
106.7,3.6555022747558454,-3.4773026219621403,0.21999999999999997,0.23076923076923095,23.145293278,4.758697509765625,0,89.99742889404297
106.7,3.649139746577905,-3.4812033191185,0.21999999999999997,0.12820512820512842,23.145293278,4.758697509765625,0,89.99742889404297
106.7,3.649139746577905,-3.4812033191185,0.21999999999999997,0.12820512820512842,22.987377133,4.758697509765625,0,89.99742889404297
106.7,3.649139746577905,-3.4812033191185,0.21999999999999997,0.12820512820512842,22.987377133,4.758697509765625,0,89.99742889404297
106.7,3.649139746577905,-3.4812033191185,0.21999999999999997,0.12820512820512842,22.987377133,4.758697509765625,0,89.99742889404297
106.7,3.649139746577905,-3.4812033191185,0.21999999999999997,0.12820512820512842,22.987377133,4.758697509765625,0,89.99742889404297
106.7,3.6428044724783772,-3.4851506946294473,0.21999999999999997,0.12820512820512842,22.856265461,4.758697509765625,0,89.99742889404297
106.7,3.6428044724783772,-3.4851506946294473,0.21999999999999997,0.12820512820512842,22.856265461,4.758697509765625,0,89.99742889404297
106.7,3.6428044724783772,-3.4851506946294473,0.21999999999999997,0.12820512820512842,22.856265461,4.758697509765625,0,89.99742889404297
106.7,3.6364813735670345,-3.489131893611327,0.21999999999999997,0.12820512820512842,22.720002173,4.758697509765625,0,89.99742889404297
106.7,3.6364813735670345,-3.489131893611327,0.21999999999999997,0.12820512820512842,22.720002173,4.758697509765625,0,89.99742889404297
106.80000000000001,3.6364813735670345,-3.489131893611327,0.21999999999999997,0.02564102564102587,22.720002173,4.758697509765625,0,89.99742889404297
106.80000000000001,3.6364813735670345,-3.489131893611327,0.21999999999999997,0.02564102564102587,22.720002173,4.758697509765625,0,89.99742889404297
106.80000000000001,3.630169309993751,-3.493130949244264,0.21999999999999997,0.02564102564102587,22.586062588,4.758697509765625,0,89.99742889404297
106.80000000000001,3.630169309993751,-3.493130949244264,0.21999999999999997,0.02564102564102587,22.586062588,4.758697509765625,0,89.99742889404297
106.80000000000001,3.630169309993751,-3.493130949244264,0.21999999999999997,0.02564102564102587,22.586062588,4.758697509765625,0,89.99742889404297
106.80000000000001,3.623872331538914,-3.4971552792615115,0.21999999999999997,0.02564102564102587,22.447366432,4.758697509765625,0,89.99742889404297
106.80000000000001,3.623872331538914,-3.4971552792615115,0.21999999999999997,0.02564102564102587,22.447366432,4.758697509765625,0,89.99742889404297
106.80000000000001,3.623872331538914,-3.4971552792615115,0.21999999999999997,0.02564102564102587,22.447366432,4.758697509765625,0,89.99742889404297
106.80000000000001,3.623872331538914,-3.4971552792615115,0.21999999999999997,0.02564102564102587,22.447366432,4.758697509765625,0,89.99742889404297
106.80000000000001,3.623872331538914,-3.4971552792615115,0.21999999999999997,0.02564102564102587,22.447366432,4.758697509765625,0,89.99742889404297
106.80000000000001,3.617573818865432,-3.5011929831965096,0.20842105263157892,0.02564102564102587,22.184552838,4.758697509765625,0,89.99742889404297
106.9,3.617573818865432,-3.5011929831965096,0.20842105263157892,0.02564102564102587,22.184552838,4.758697509765625,0,89.99742889404297
106.9,3.617573818865432,-3.5011929831965096,0.20842105263157892,0.02564102564102587,22.184552838,4.758697509765625,0,89.99742889404297
106.9,3.6112715330204868,-3.5052256698356716,0.20842105263157892,0.02564102564102587,21.580880142,4.685091018676758,0,89.99742889404297
106.9,3.6112715330204868,-3.5052256698356716,0.20842105263157892,0.02564102564102587,21.580880142,4.685091018676758,0,89.99742889404297
106.9,3.6112715330204868,-3.5052256698356716,0.20842105263157892,0.02564102564102587,21.77016507,4.7261834144592285,0,89.99742889404297
106.9,3.6112715330204868,-3.5052256698356716,0.20842105263157892,0.02564102564102587,21.77016507,4.7261834144592285,0,89.99742889404297
106.9,3.605314496456375,-3.509053177064655,0.20842105263157892,0.02564102564102587,21.645123372,4.7261834144592285,0,89.99742889404297
106.9,3.605314496456375,-3.509053177064655,0.20842105263157892,0.02564102564102587,21.645123372,4.7261834144592285,0,89.99742889404297
106.9,3.605314496456375,-3.509053177064655,0.20842105263157892,0.02564102564102587,21.645123372,4.7261834144592285,0,89.99742889404297
106.9,3.605314496456375,-3.509053177064655,0.21999999999999997,0.17948717948717968,21.645123372,4.7261834144592285,0,89.99742889404297
106.9,3.5993853090885666,-3.5129177859457217,0.21999999999999997,0.17948717948717968,21.534793561,4.676183700561523,0,89.99742889404297
107.0,3.5993853090885666,-3.5129177859457217,0.21999999999999997,0.17948717948717968,21.534793561,4.676183700561523,0,89.99742889404297
107.0,3.5993853090885666,-3.5129177859457217,0.21999999999999997,0.17948717948717968,21.534793561,4.676183700561523,0,89.99742889404297
107.0,3.5993853090885666,-3.5129177859457217,0.21999999999999997,0.17948717948717968,21.534793561,4.676183700561523,0,89.99742889404297
107.0,3.5931321268952554,-3.517022806658013,0.21999999999999997,0.17948717948717968,21.52929699,4.676183700561523,0,89.99742889404297
107.0,3.5931321268952554,-3.517022806658013,0.21999999999999997,0.17948717948717968,21.52929699,4.676183700561523,0,89.99742889404297
107.0,3.5931321268952554,-3.517022806658013,0.21999999999999997,0.17948717948717968,21.52929699,4.676183700561523,0,89.99742889404297
107.0,3.5931321268952554,-3.517022806658013,0.21999999999999997,0.17948717948717968,21.52929699,4.676183700561523,0,89.99742889404297
107.0,3.58689862432102,-3.521141175784949,0.21999999999999997,0.17948717948717968,21.528347541,4.676183700561523,0,89.99742889404297
107.0,3.58689862432102,-3.521141175784949,0.21999999999999997,0.12820512820512842,21.528347541,4.676183700561523,0,89.99742889404297
107.0,3.58689862432102,-3.521141175784949,0.21999999999999997,0.12820512820512842,21.528347541,4.676183700561523,0,89.99742889404297
107.0,3.5807041018826244,-3.52530615432706,0.21999999999999997,0.12820512820512842,21.530289278,4.676183700561523,0,89.99742889404297
107.10000000000001,3.5807041018826244,-3.52530615432706,0.21999999999999997,0.12820512820512842,21.530289278,4.676183700561523,0,89.99742889404297
107.10000000000001,3.5807041018826244,-3.52530615432706,0.21999999999999997,0.12820512820512842,21.530289278,4.676183700561523,0,89.99742889404297
107.10000000000001,3.574533252183895,-3.529518697309876,0.21999999999999997,0.12820512820512842,21.530289278,4.676183700561523,0,89.99742889404297
107.10000000000001,3.574533252183895,-3.529518697309876,0.21999999999999997,0.12820512820512842,21.526878495,4.676183700561523,0,89.99742889404297
107.10000000000001,3.574533252183895,-3.529518697309876,0.21999999999999997,0.12820512820512842,21.526878495,4.676183700561523,0,89.99742889404297
107.10000000000001,3.574533252183895,-3.529518697309876,0.21999999999999997,0.12820512820512842,21.526878495,4.676183700561523,0,89.99742889404297
107.10000000000001,3.574533252183895,-3.529518697309876,0.21999999999999997,0.12820512820512842,21.526878495,4.676183700561523,0,89.99742889404297
107.10000000000001,3.570893122385858,-3.5286293840890015,0.21999999999999997,0.17948717948717968,21.526648047,4.676183700561523,0,89.99742889404297
107.10000000000001,3.570893122385858,-3.5286293840890015,0.21999999999999997,0.17948717948717968,21.526648047,4.676183700561523,0,89.99742889404297
107.10000000000001,3.570893122385858,-3.5286293840890015,0.21999999999999997,0.17948717948717968,21.526648047,4.676183700561523,0,89.99742889404297
107.10000000000001,3.570893122385858,-3.5286293840890015,0.21999999999999997,0.17948717948717968,21.526648047,4.676183700561523,0,89.99742889404297
107.10000000000001,3.5718920025871395,-3.518361556956009,0.21999999999999997,0.17948717948717968,21.526648047,4.676183700561523,0,89.99742889404297
107.2,3.5718920025871395,-3.518361556956009,0.21999999999999997,0.17948717948717968,21.53018849,4.676183700561523,0,89.99742889404297
107.2,3.5718920025871395,-3.518361556956009,0.21999999999999997,0.17948717948717968,21.53018849,4.676183700561523,0,89.99742889404297
107.2,3.5718920025871395,-3.518361556956009,0.21999999999999997,0.17948717948717968,21.53018849,4.676183700561523,0,89.99742889404297
107.2,3.57291355271077,-3.508115757968132,0.21999999999999997,0.17948717948717968,21.534409209,4.676183700561523,0,89.99742889404297
107.2,3.57291355271077,-3.508115757968132,0.21999999999999997,0.17948717948717968,21.534409209,4.676183700561523,0,89.99742889404297
107.2,3.57291355271077,-3.508115757968132,0.21999999999999997,0.17948717948717968,21.534409209,4.676183700561523,0,89.99742889404297
107.2,3.57291355271077,-3.508115757968132,0.21999999999999997,0.23076923076923095,21.534409209,4.676183700561523,0,89.99742889404297
107.2,3.5739582351654957,-3.497898672546987,0.21999999999999997,0.23076923076923095,21.411810173,4.676183700561523,0,89.99742889404297
107.2,3.5739582351654957,-3.497898672546987,0.21999999999999997,0.23076923076923095,21.411810173,4.676183700561523,0,89.99742889404297
107.2,3.5739582351654957,-3.497898672546987,0.21999999999999997,0.23076923076923095,21.411810173,4.676183700561523,0,89.99742889404297
107.2,3.5739582351654957,-3.497898672546987,0.21999999999999997,0.23076923076923095,21.411810173,4.676183700561523,0,89.99742889404297
107.30000000000001,3.575026017640695,-3.487709176910096,0.21999999999999997,0.23076923076923095,21.291938555,4.676183700561523,0,89.99742889404297
107.30000000000001,3.575026017640695,-3.487709176910096,0.21999999999999997,0.23076923076923095,21.291938555,4.676183700561523,0,89.99742889404297
107.30000000000001,3.575026017640695,-3.487709176910096,0.21999999999999997,0.23076923076923095,21.291938555,4.676183700561523,0,89.99742889404297
107.30000000000001,3.575026017640695,-3.487709176910096,0.21999999999999997,0.23076923076923095,21.291938555,4.676183700561523,0,89.99742889404297
107.30000000000001,3.575026017640695,-3.487709176910096,0.21999999999999997,0.17948717948717968,21.291938555,4.676183700561523,0,89.99742889404297
107.30000000000001,3.576124645655815,-3.4775539056232425,0.21999999999999997,0.17948717948717968,21.295058468,4.676183700561523,0,89.99742889404297
107.30000000000001,3.576124645655815,-3.4775539056232425,0.21999999999999997,0.17948717948717968,21.295058468,4.676183700561523,0,89.99742889404297
107.30000000000001,3.576124645655815,-3.4775539056232425,0.21999999999999997,0.17948717948717968,21.295058468,4.676183700561523,0,89.99742889404297
107.30000000000001,3.576124645655815,-3.4775539056232425,0.21999999999999997,0.17948717948717968,21.295058468,4.676183700561523,0,89.99742889404297
107.30000000000001,3.573890826611937,-3.474279733767971,0.21999999999999997,0.17948717948717968,21.294416926,4.676183700561523,0,89.99742889404297
107.30000000000001,3.573890826611937,-3.474279733767971,0.21999999999999997,0.17948717948717968,21.294416926,4.676183700561523,0,89.99742889404297
107.30000000000001,3.573890826611937,-3.474279733767971,0.21999999999999997,0.17948717948717968,21.294416926,4.676183700561523,0,89.99742889404297
107.30000000000001,3.573890826611937,-3.474279733767971,0.21999999999999997,0.17948717948717968,21.294416926,4.676183700561523,0,89.99742889404297
107.4,3.5678956083314985,-3.4787363192120924,0.21999999999999997,0.17948717948717968,21.294416926,4.676183700561523,0,89.99742889404297
107.4,3.5678956083314985,-3.4787363192120924,0.21999999999999997,0.025641025641025883,21.292163358,4.676183700561523,0,89.99742889404297
107.4,3.5678956083314985,-3.4787363192120924,0.21999999999999997,0.025641025641025883,21.292163358,4.676183700561523,0,89.99742889404297
107.4,3.5678956083314985,-3.4787363192120924,0.21999999999999997,0.025641025641025883,21.292163358,4.676183700561523,0,89.99742889404297
107.4,3.561923617920716,-3.483222350379597,0.21999999999999997,0.025641025641025883,21.295271888,4.676183700561523,0,89.99742889404297
107.4,3.561923617920716,-3.483222350379597,0.21999999999999997,0.025641025641025883,21.295271888,4.676183700561523,0,89.99742889404297
107.4,3.561923617920716,-3.483222350379597,0.21999999999999997,0.02564102564102587,21.295271888,4.676183700561523,0,89.99742889404297
107.4,3.561923617920716,-3.483222350379597,0.21999999999999997,0.02564102564102587,21.295271888,4.676183700561523,0,89.99742889404297
107.4,3.555973170161655,-3.487744105580446,0.21999999999999997,0.02564102564102587,21.293679688,4.676183700561523,0,89.99742889404297
107.4,3.555973170161655,-3.487744105580446,0.21999999999999997,0.02564102564102587,21.293679688,4.676183700561523,0,89.99742889404297
107.4,3.555973170161655,-3.487744105580446,0.21999999999999997,0.02564102564102587,21.293679688,4.676183700561523,0,89.99742889404297
107.4,3.555973170161655,-3.487744105580446,0.21999999999999997,0.12820512820512842,21.293679688,4.676183700561523,0,89.99742889404297
107.5,3.550016662087613,-3.4922767697598958,0.21999999999999997,0.12820512820512842,21.288966666,4.676183700561523,0,89.99742889404297
107.5,3.550016662087613,-3.4922767697598958,0.21999999999999997,0.12820512820512842,21.288966666,4.676183700561523,0,89.99742889404297
107.5,3.550016662087613,-3.4922767697598958,0.21999999999999997,0.12820512820512842,21.288966666,4.676183700561523,0,89.99742889404297
107.5,3.550016662087613,-3.4922767697598958,0.21999999999999997,0.12820512820512842,21.288966666,4.676183700561523,0,89.99742889404297
107.5,3.544060247862809,-3.4967991453172917,0.21999999999999997,0.12820512820512842,21.287274236000002,4.676183700561523,0,89.99742889404297
107.5,3.544060247862809,-3.4967991453172917,0.21999999999999997,0.12820512820512842,21.287274236000002,4.676183700561523,0,89.99742889404297
107.5,3.544060247862809,-3.4967991453172917,0.21999999999999997,0.12820512820512842,21.287274236000002,4.676183700561523,0,89.99742889404297
107.5,3.5381373273066354,-3.5013462326015192,0.21999999999999997,0.12820512820512842,21.059034093,4.62618350982666,0,89.99742889404297
107.5,3.5381373273066354,-3.5013462326015192,0.21999999999999997,0.12820512820512842,21.059034093,4.62618350982666,0,89.99742889404297
107.5,3.5381373273066354,-3.5013462326015192,0.21999999999999997,0.17948717948717968,21.059034093,4.62618350982666,0,89.99742889404297
107.5,3.5381373273066354,-3.5013462326015192,0.21999999999999997,0.17948717948717968,21.059034093,4.62618350982666,0,89.99742889404297
107.60000000000001,3.532242382885585,-3.5059377990669245,0.21999999999999997,0.17948717948717968,21.054571654,4.62618350982666,0,89.99742889404297
107.60000000000001,3.532242382885585,-3.5059377990669245,0.21999999999999997,0.17948717948717968,21.054571654,4.62618350982666,0,89.99742889404297
107.60000000000001,3.532242382885585,-3.5059377990669245,0.21999999999999997,0.17948717948717968,21.054571654,4.62618350982666,0,89.99742889404297
107.60000000000001,3.532242382885585,-3.5059377990669245,0.21999999999999997,0.17948717948717968,21.054571654,4.62618350982666,0,89.99742889404297
107.60000000000001,3.526360699903073,-3.5105513917294657,0.21999999999999997,0.17948717948717968,21.051660017,4.62618350982666,0,89.99742889404297
107.60000000000001,3.526360699903073,-3.5105513917294657,0.21999999999999997,0.17948717948717968,21.051660017,4.62618350982666,0,89.99742889404297
107.60000000000001,3.526360699903073,-3.5105513917294657,0.21999999999999997,0.17948717948717968,21.051660017,4.62618350982666,0,89.99742889404297
107.60000000000001,3.520508840881803,-3.5151899694950037,0.21999999999999997,0.17948717948717968,21.052330215,4.62618350982666,0,89.99742889404297
107.60000000000001,3.520508840881803,-3.5151899694950037,0.21999999999999997,0.07692307692307715,21.052330215,4.62618350982666,0,89.99742889404297
107.60000000000001,3.520508840881803,-3.5151899694950037,0.21999999999999997,0.07692307692307715,21.052330215,4.62618350982666,0,89.99742889404297
107.7,3.5146943111768274,-3.5198731278551136,0.21999999999999997,0.07692307692307715,21.052330215,4.62618350982666,0,89.99742889404297
107.7,3.5146943111768274,-3.5198731278551136,0.21999999999999997,0.07692307692307715,21.052475618,4.62618350982666,0,89.99742889404297
107.7,3.5146943111768274,-3.5198731278551136,0.21999999999999997,0.07692307692307715,21.052475618,4.62618350982666,0,89.99742889404297
107.7,3.5146943111768274,-3.5198731278551136,0.21999999999999997,0.07692307692307715,21.052475618,4.62618350982666,0,89.99742889404297
107.7,3.5089008880417225,-3.52459396955651,0.21999999999999997,0.07692307692307715,21.052475618,4.62618350982666,0,89.99742889404297
107.7,3.5089008880417225,-3.52459396955651,0.21999999999999997,0.07692307692307715,21.048715782,4.62618350982666,0,89.99742889404297
107.7,3.5089008880417225,-3.52459396955651,0.21999999999999997,0.07692307692307715,21.048715782,4.62618350982666,0,89.99742889404297
107.7,3.5089008880417225,-3.52459396955651,0.21999999999999997,0.07692307692307715,21.048715782,4.62618350982666,0,89.99742889404297
107.7,3.5031097722258457,-3.5293254403796213,0.20842105263157892,0.02564102564102587,21.049281041,4.62618350982666,0,89.99742889404297
107.7,3.5031097722258457,-3.5293254403796213,0.20842105263157892,0.02564102564102587,21.049281041,4.62618350982666,0,89.99742889404297
107.7,3.5031097722258457,-3.5293254403796213,0.20842105263157892,0.02564102564102587,21.049281041,4.62618350982666,0,89.99742889404297
107.7,3.5031097722258457,-3.5293254403796213,0.20842105263157892,0.02564102564102587,21.049281041,4.62618350982666,0,89.99742889404297
107.80000000000001,3.5031097722258457,-3.5293254403796213,0.20842105263157892,0.02564102564102587,21.049281041,4.62618350982666,0,89.99742889404297
107.80000000000001,3.497329068979198,-3.534062318256348,0.20842105263157892,0.02564102564102587,20.825596774,4.576183795928955,0,89.99742889404297
107.80000000000001,3.497329068979198,-3.534062318256348,0.20842105263157892,0.02564102564102587,20.825596774,4.576183795928955,0,89.99742889404297
107.80000000000001,3.497329068979198,-3.534062318256348,0.20842105263157892,0.02564102564102587,20.970949609,4.608123302459717,0,89.99742889404297
107.80000000000001,3.497329068979198,-3.534062318256348,0.20842105263157892,0.02564102564102587,20.970949609,4.608123302459717,0,89.99742889404297
107.80000000000001,3.4918639429934992,-3.538567466790474,0.20842105263157892,0.02564102564102587,21.086093344,4.608123302459717,0,89.99742889404297
107.80000000000001,3.4918639429934992,-3.538567466790474,0.19684210526315787,0.0,21.086093344,4.608123302459717,0,89.99742889404297
107.80000000000001,3.4918639429934992,-3.538567466790474,0.19684210526315787,0.0,21.086093344,4.608123302459717,0,89.99742889404297
107.80000000000001,3.4918639429934992,-3.538567466790474,0.19684210526315787,0.0,21.086093344,4.608123302459717,0,89.99742889404297
107.80000000000001,3.486390904672122,-3.5430738471719536,0.19684210526315787,0.0,21.202595961,4.608123302459717,0,89.99742889404297
107.80000000000001,3.486390904672122,-3.5430738471719536,0.19684210526315787,0.0,21.202595961,4.608123302459717,0,89.99742889404297
107.80000000000001,3.486390904672122,-3.5430738471719536,0.19684210526315787,0.0,21.202595961,4.608123302459717,0,89.99742889404297
107.9,3.486390904672122,-3.5430738471719536,0.19684210526315787,0.0,21.202595961,4.608123302459717,0,89.99742889404297
107.9,3.486390904672122,-3.5430738471719536,0.19684210526315787,0.0,21.202595961,4.608123302459717,0,89.99742889404297
107.9,3.486390904672122,-3.5430738471719536,0.19684210526315787,0.0,21.202595961,4.608123302459717,0,89.99742889404297
107.9,3.4812158015738746,-3.5473202062628904,0.19684210526315787,0.0,21.447806817,4.608123302459717,0,89.99742889404297
107.9,3.4812158015738746,-3.5473202062628904,0.21999999999999997,0.0,21.447806817,4.608123302459717,0,89.99742889404297
107.9,3.4812158015738746,-3.5473202062628904,0.21999999999999997,0.0,21.447806817,4.608123302459717,0,89.99742889404297
107.9,3.476039688985949,-3.551563707032735,0.21999999999999997,0.0,21.705050305,4.608123302459717,0,89.99742889404297
107.9,3.476039688985949,-3.551563707032735,0.21999999999999997,0.0,21.705050305,4.608123302459717,0,89.99742889404297
107.9,3.476039688985949,-3.551563707032735,0.21999999999999997,0.0,21.705050305,4.608123302459717,0,89.99742889404297
107.9,3.476039688985949,-3.551563707032735,0.21999999999999997,0.0,21.705050305,4.608123302459717,0,89.99742889404297
107.9,3.476039688985949,-3.551563707032735,0.21999999999999997,0.0,21.705050305,4.608123302459717,0,89.99742889404297
107.9,3.4702532012806073,-3.5563030373140627,0.21999999999999997,0.0,21.702418095,4.608123302459717,0,89.99742889404297
107.9,3.4702532012806073,-3.5563030373140627,0.21999999999999997,0.0,21.702418095,4.608123302459717,0,89.99742889404297
107.9,3.4702532012806073,-3.5563030373140627,0.21999999999999997,0.0,21.702418095,4.608123302459717,0,89.99742889404297
108.0,3.4702532012806073,-3.5563030373140627,0.21999999999999997,-0.02564102564102541,21.702418095,4.608123302459717,0,89.99742889404297
108.0,3.464458499930847,-3.5610356729399393,0.21999999999999997,-0.02564102564102541,21.364886604,4.537412643432617,0,89.99742889404297
108.0,3.464458499930847,-3.5610356729399393,0.21999999999999997,-0.02564102564102541,21.364886604,4.537412643432617,0,89.99742889404297
108.0,3.464458499930847,-3.5610356729399393,0.21999999999999997,-0.02564102564102541,21.364886604,4.537412643432617,0,89.99742889404297
108.0,3.4586625540539897,-3.5657624687600564,0.21999999999999997,-0.02564102564102541,21.364137419,4.537412643432617,0,89.99742889404297
108.0,3.4586625540539897,-3.5657624687600564,0.21999999999999997,-0.02564102564102541,21.364137419,4.537412643432617,0,89.99742889404297
108.0,3.4586625540539897,-3.5657624687600564,0.21999999999999997,-0.02564102564102541,21.364137419,4.537412643432617,0,89.99742889404297
108.0,3.4586625540539897,-3.5657624687600564,0.21999999999999997,-0.02564102564102541,21.364137419,4.537412643432617,0,89.99742889404297
108.0,3.4528653054017493,-3.570489662098532,0.21999999999999997,-0.02564102564102541,21.362284495,4.537412643432617,0,89.99742889404297
108.0,3.4528653054017493,-3.570489662098532,0.21999999999999997,-0.02564102564102541,21.362284495,4.537412643432617,0,89.99742889404297
108.0,3.4528653054017493,-3.570489662098532,0.20842105263157892,0.1343589743589746,21.362284495,4.537412643432617,0,89.99742889404297
108.10000000000001,3.4528653054017493,-3.570489662098532,0.20842105263157892,0.1343589743589746,21.362284495,4.537412643432617,0,89.99742889404297
108.10000000000001,3.44706110246721,-3.57521185283036,0.20842105263157892,0.1343589743589746,21.360133333,4.537412643432617,0,89.99742889404297
108.10000000000001,3.44706110246721,-3.57521185283036,0.20842105263157892,0.1343589743589746,21.360133333,4.537412643432617,0,89.99742889404297
108.10000000000001,3.44706110246721,-3.57521185283036,0.20842105263157892,0.1343589743589746,21.360133333,4.537412643432617,0,89.99742889404297
108.10000000000001,3.44706110246721,-3.57521185283036,0.20842105263157892,0.17948717948717968,21.360133333,4.537412643432617,0,89.99742889404297
108.10000000000001,3.441563510066357,-3.5796802599151047,0.20842105263157892,0.17948717948717968,21.36432816,4.537412643432617,0,89.99742889404297
108.10000000000001,3.441563510066357,-3.5796802599151047,0.20842105263157892,0.17948717948717968,21.36432816,4.537412643432617,0,89.99742889404297
108.10000000000001,3.441563510066357,-3.5796802599151047,0.20842105263157892,0.17948717948717968,21.36432816,4.537412643432617,0,89.99742889404297
108.10000000000001,3.436095309796057,-3.584167142687765,0.20842105263157892,0.17948717948717968,21.36432816,4.537412643432617,0,89.99742889404297
108.10000000000001,3.436095309796057,-3.584167142687765,0.21999999999999997,0.23076923076923095,21.370770884,4.537412643432617,0,89.99742889404297
108.10000000000001,3.436095309796057,-3.584167142687765,0.21999999999999997,0.23076923076923095,21.370770884,4.537412643432617,0,89.99742889404297
108.2,3.436095309796057,-3.584167142687765,0.21999999999999997,0.23076923076923095,21.370770884,4.537412643432617,0,89.99742889404297
108.2,3.430664917681347,-3.5886984922923357,0.21999999999999997,0.23076923076923095,21.370770884,4.537412643432617,0,89.99742889404297
108.2,3.430664917681347,-3.5886984922923357,0.21999999999999997,0.23076923076923095,21.253373512,4.537412643432617,0,89.99742889404297
108.2,3.430664917681347,-3.5886984922923357,0.21999999999999997,0.23076923076923095,21.253373512,4.537412643432617,0,89.99742889404297
108.2,3.430664917681347,-3.5886984922923357,0.21999999999999997,0.23076923076923095,21.253373512,4.537412643432617,0,89.99742889404297
108.2,3.4249577013011185,-3.593521057574961,0.21999999999999997,0.23076923076923095,21.004294859,4.537412643432617,0,89.99742889404297
108.2,3.4249577013011185,-3.593521057574961,0.21999999999999997,0.23076923076923095,21.004294859,4.537412643432617,0,89.99742889404297
108.2,3.4249577013011185,-3.593521057574961,0.21999999999999997,0.23076923076923095,21.004294859,4.537412643432617,0,89.99742889404297
108.2,3.4249577013011185,-3.593521057574961,0.20842105263157892,0.23076923076923095,21.004294859,4.537412643432617,0,89.99742889404297
108.2,3.4192731264862664,-3.598367392568135,0.20842105263157892,0.23076923076923095,21.006353349,4.537412643432617,0,89.99742889404297
108.2,3.4192731264862664,-3.598367392568135,0.20842105263157892,0.23076923076923095,21.006353349,4.537412643432617,0,89.99742889404297
108.30000000000001,3.4192731264862664,-3.598367392568135,0.20842105263157892,0.23076923076923095,21.006353349,4.537412643432617,0,89.99742889404297
108.30000000000001,3.4139263142804306,-3.602995404694296,0.20842105263157892,0.23076923076923095,21.134280494,4.537412643432617,0,89.99742889404297
108.30000000000001,3.4139263142804306,-3.602995404694296,0.20842105263157892,0.23076923076923095,21.134280494,4.537412643432617,0,89.99742889404297
108.30000000000001,3.4139263142804306,-3.602995404694296,0.20842105263157892,0.23076923076923095,21.134280494,4.537412643432617,0,89.99742889404297
108.30000000000001,3.4139263142804306,-3.602995404694296,0.20842105263157892,0.23076923076923095,21.134280494,4.537412643432617,0,89.99742889404297
108.30000000000001,3.408611766760373,-3.607665582823916,0.20842105263157892,0.23076923076923095,20.934265952,4.466701984405518,0,89.99742889404297
108.30000000000001,3.408611766760373,-3.607665582823916,0.20842105263157892,0.23076923076923095,20.934265952,4.466701984405518,0,89.99742889404297
108.30000000000001,3.408611766760373,-3.607665582823916,0.20842105263157892,0.23076923076923095,20.934265952,4.466701984405518,0,89.99742889404297
108.30000000000001,3.403329478961995,-3.61236922671588,0.20842105263157892,0.17948717948717968,21.065422025,4.466701984405518,0,89.99742889404297
108.30000000000001,3.403329478961995,-3.61236922671588,0.20842105263157892,0.17948717948717968,21.065422025,4.466701984405518,0,89.99742889404297
108.4,3.403329478961995,-3.61236922671588,0.20842105263157892,0.17948717948717968,21.065422025,4.466701984405518,0,89.99742889404297
108.4,3.403329478961995,-3.61236922671588,0.20842105263157892,0.17948717948717968,21.065422025,4.466701984405518,0,89.99742889404297
108.4,3.3980860623947793,-3.6171140567028877,0.20842105263157892,0.17948717948717968,21.197383133,4.466701984405518,0,89.99742889404297
108.4,3.3980860623947793,-3.6171140567028877,0.20842105263157892,0.17948717948717968,21.197383133,4.466701984405518,0,89.99742889404297
108.4,3.3980860623947793,-3.6171140567028877,0.20842105263157892,0.17948717948717968,21.197383133,4.466701984405518,0,89.99742889404297
108.4,3.3980860623947793,-3.6171140567028877,0.20842105263157892,0.17948717948717968,21.197383133,4.466701984405518,0,89.99742889404297
108.4,3.392870331045466,-3.621896220440116,0.20842105263157892,0.17948717948717968,21.199615338,4.466701984405518,0,89.99742889404297
108.4,3.392870331045466,-3.621896220440116,0.21999999999999997,0.17948717948717968,21.199615338,4.466701984405518,0,89.99742889404297
108.4,3.392870331045466,-3.621896220440116,0.21999999999999997,0.17948717948717968,21.199615338,4.466701984405518,0,89.99742889404297
108.4,3.392870331045466,-3.621896220440116,0.21999999999999997,0.17948717948717968,21.199615338,4.466701984405518,0,89.99742889404297
108.4,3.3876790102565217,-3.6267042459959584,0.21999999999999997,0.17948717948717968,21.201280081,4.466701984405518,0,89.99742889404297
108.5,3.3876790102565217,-3.6267042459959584,0.21999999999999997,0.17948717948717968,21.201280081,4.466701984405518,0,89.99742889404297
108.5,3.3876790102565217,-3.6267042459959584,0.21999999999999997,0.17948717948717968,21.201280081,4.466701984405518,0,89.99742889404297
108.5,3.3876790102565217,-3.6267042459959584,0.21999999999999997,0.17948717948717968,21.201280081,4.466701984405518,0,89.99742889404297
108.5,3.3822319078278658,-3.6318102105353582,0.21999999999999997,0.17948717948717968,21.072821432,4.466701984405518,0,89.99742889404297
108.5,3.3822319078278658,-3.6318102105353582,0.21999999999999997,0.17948717948717968,21.072821432,4.466701984405518,0,89.99742889404297
108.5,3.3822319078278658,-3.6318102105353582,0.21999999999999997,0.17948717948717968,21.072821432,4.466701984405518,0,89.99742889404297
108.5,3.3822319078278658,-3.6318102105353582,0.20842105263157892,0.23076923076923095,21.072821432,4.466701984405518,0,89.99742889404297
108.5,3.3822319078278658,-3.6318102105353582,0.20842105263157892,0.23076923076923095,21.072821432,4.466701984405518,0,89.99742889404297
108.5,3.376815169188254,-3.6369509549966827,0.20842105263157892,0.23076923076923095,21.07499515,4.466701984405518,0,89.99742889404297
108.5,3.376815169188254,-3.6369509549966827,0.20842105263157892,0.23076923076923095,21.07499515,4.466701984405518,0,89.99742889404297
108.5,3.376815169188254,-3.6369509549966827,0.20842105263157892,0.23076923076923095,21.07499515,4.466701984405518,0,89.99742889404297
108.5,3.376815169188254,-3.6369509549966827,0.20842105263157892,0.23076923076923095,21.07499515,4.466701984405518,0,89.99742889404297
108.5,3.3717131231286332,-3.641850805845554,0.20842105263157892,0.23076923076923095,21.201992814,4.466701984405518,0,89.99742889404297
108.60000000000001,3.3717131231286332,-3.641850805845554,0.20842105263157892,0.23076923076923095,21.201992814,4.466701984405518,0,89.99742889404297
108.60000000000001,3.3717131231286332,-3.641850805845554,0.20842105263157892,0.23076923076923095,21.201992814,4.466701984405518,0,89.99742889404297
108.60000000000001,3.3717131231286332,-3.641850805845554,0.20842105263157892,0.23076923076923095,21.201992814,4.466701984405518,0,89.99742889404297
108.60000000000001,3.3666504316249197,-3.646786142135042,0.21999999999999997,0.12820512820512842,21.2045022,4.466701984405518,0,89.99742889404297
108.60000000000001,3.3666504316249197,-3.646786142135042,0.21999999999999997,0.12820512820512842,21.2045022,4.466701984405518,0,89.99742889404297
108.60000000000001,3.3666504316249197,-3.646786142135042,0.21999999999999997,0.12820512820512842,21.2045022,4.466701984405518,0,89.99742889404297
108.60000000000001,3.3666504316249197,-3.646786142135042,0.21999999999999997,0.12820512820512842,21.2045022,4.466701984405518,0,89.99742889404297
108.60000000000001,3.3616298463806005,-3.6517646948617557,0.21999999999999997,0.12820512820512842,20.869636066,4.395991325378418,0,89.99742889404297
108.60000000000001,3.3616298463806005,-3.6517646948617557,0.21999999999999997,0.12820512820512842,20.869636066,4.395991325378418,0,89.99742889404297
108.60000000000001,3.3616298463806005,-3.6517646948617557,0.21999999999999997,0.12820512820512842,20.869636066,4.395991325378418,0,89.99742889404297
108.60000000000001,3.3616298463806005,-3.6517646948617557,0.21999999999999997,0.12820512820512842,20.869636066,4.395991325378418,0,89.99742889404297
108.60000000000001,3.356363835911002,-3.657062176465404,0.21999999999999997,0.12820512820512842,20.744402189,4.395991325378418,0,89.99742889404297
108.7,3.356363835911002,-3.657062176465404,0.21999999999999997,0.12820512820512842,20.744402189,4.395991325378418,0,89.99742889404297
108.7,3.356363835911002,-3.657062176465404,0.21999999999999997,0.02564102564102587,20.719779896,4.390773296356201,0,89.99742889404297
108.7,3.3511094219196926,-3.6623806138387693,0.21999999999999997,0.02564102564102587,20.719779896,4.390773296356201,0,89.99742889404297
108.7,3.3511094219196926,-3.6623806138387693,0.21999999999999997,0.02564102564102587,20.595245358,4.390773296356201,0,89.99742889404297
108.7,3.3511094219196926,-3.6623806138387693,0.21999999999999997,0.02564102564102587,20.595245358,4.390773296356201,0,89.99742889404297
108.7,3.3511094219196926,-3.6623806138387693,0.21999999999999997,0.02564102564102587,20.595245358,4.390773296356201,0,89.99742889404297
108.7,3.3511094219196926,-3.6623806138387693,0.21999999999999997,0.02564102564102587,20.595245358,4.390773296356201,0,89.99742889404297
108.7,3.3470068983361787,-3.6649948628556093,0.21999999999999997,0.02564102564102587,20.595245358,4.390773296356201,0,89.99742889404297
108.7,3.3470068983361787,-3.6649948628556093,0.21999999999999997,0.02564102564102587,20.473589002,4.390773296356201,0,89.99742889404297
108.7,3.3470068983361787,-3.6649948628556093,0.21999999999999997,0.02564102564102587,20.473589002,4.390773296356201,0,89.99742889404297
108.7,3.3470068983361787,-3.6649948628556093,0.21999999999999997,0.02564102564102587,20.473589002,4.390773296356201,0,89.99742889404297
108.80000000000001,3.346075814242245,-3.6600773934095248,0.21999999999999997,0.12820512820512842,20.473589002,4.390773296356201,0,89.99742889404297
108.80000000000001,3.346075814242245,-3.6600773934095248,0.21999999999999997,0.12820512820512842,20.349533913,4.390773296356201,0,89.99742889404297
108.80000000000001,3.346075814242245,-3.6600773934095248,0.21999999999999997,0.12820512820512842,20.349533913,4.390773296356201,0,89.99742889404297
108.80000000000001,3.346075814242245,-3.6600773934095248,0.21999999999999997,0.12820512820512842,20.349533913,4.390773296356201,0,89.99742889404297
108.80000000000001,3.3451505572768854,-3.6551624725451273,0.21999999999999997,0.12820512820512842,20.349533913,4.390773296356201,0,89.99742889404297
108.80000000000001,3.3451505572768854,-3.6551624725451273,0.21999999999999997,0.12820512820512842,20.350127653,4.390773296356201,0,89.99742889404297
108.80000000000001,3.3451505572768854,-3.6551624725451273,0.21999999999999997,0.12820512820512842,20.350127653,4.390773296356201,0,89.99742889404297
108.80000000000001,3.3451505572768854,-3.6551624725451273,0.21999999999999997,0.12820512820512842,20.350127653,4.390773296356201,0,89.99742889404297
108.80000000000001,3.3451505572768854,-3.6551624725451273,0.21999999999999997,0.12820512820512842,20.350127653,4.390773296356201,0,89.99742889404297
108.80000000000001,3.344255577344331,-3.650265017546462,0.21999999999999997,0.12820512820512842,20.347351135,4.390773296356201,0,89.99742889404297
108.80000000000001,3.344255577344331,-3.650265017546462,0.20842105263157892,0.12820512820512842,20.347351135,4.390773296356201,0,89.99742889404297
108.80000000000001,3.344255577344331,-3.650265017546462,0.20842105263157892,0.12820512820512842,20.347351135,4.390773296356201,0,89.99742889404297
108.80000000000001,3.34339357222739,-3.645402564052385,0.20842105263157892,0.12820512820512842,20.22732987,4.390773296356201,0,89.99742889404297
108.9,3.34339357222739,-3.645402564052385,0.20842105263157892,0.12820512820512842,20.22732987,4.390773296356201,0,89.99742889404297
108.9,3.34339357222739,-3.645402564052385,0.20842105263157892,0.12820512820512842,20.22732987,4.390773296356201,0,89.99742889404297
108.9,3.34339357222739,-3.645402564052385,0.20842105263157892,0.12820512820512842,20.22732987,4.390773296356201,0,89.99742889404297
108.9,3.3428196598561577,-3.640278979677479,0.20842105263157892,0.12820512820512842,20.225091807,4.390773296356201,0,89.99742889404297
108.9,3.3428196598561577,-3.640278979677479,0.20842105263157892,0.12820512820512842,20.225091807,4.390773296356201,0,89.99742889404297
108.9,3.3428196598561577,-3.640278979677479,0.20842105263157892,0.12820512820512842,20.225091807,4.390773296356201,0,89.99742889404297
108.9,3.3428196598561577,-3.640278979677479,0.20842105263157892,0.12820512820512842,20.225091807,4.390773296356201,0,89.99742889404297
108.9,3.3407419609799316,-3.638787776843949,0.21999999999999997,0.07692307692307715,20.223162944,4.390773296356201,0,89.99742889404297
108.9,3.3407419609799316,-3.638787776843949,0.21999999999999997,0.07692307692307715,20.223162944,4.390773296356201,0,89.99742889404297
108.9,3.3407419609799316,-3.638787776843949,0.21999999999999997,0.07692307692307715,20.223162944,4.390773296356201,0,89.99742889404297
108.9,3.3407419609799316,-3.638787776843949,0.21999999999999997,0.07692307692307715,20.223162944,4.390773296356201,0,89.99742889404297
109.0,3.3359044312311115,-3.643953097176059,0.21999999999999997,0.07692307692307715,20.339617146,4.390773296356201,0,89.99742889404297
109.0,3.3359044312311115,-3.643953097176059,0.21999999999999997,0.07692307692307715,20.339617146,4.390773296356201,0,89.99742889404297
109.0,3.3359044312311115,-3.643953097176059,0.21999999999999997,0.07692307692307715,20.339617146,4.390773296356201,0,89.99742889404297
109.0,3.3308217116861374,-3.649432003539937,0.21999999999999997,0.07692307692307715,20.339617146,4.390773296356201,0,89.99742889404297
109.0,3.3308217116861374,-3.649432003539937,0.21999999999999997,0.07692307692307715,20.335536073,4.390773296356201,0,89.99742889404297
109.0,3.3308217116861374,-3.649432003539937,0.21999999999999997,0.07692307692307715,20.335536073,4.390773296356201,0,89.99742889404297
109.0,3.3308217116861374,-3.649432003539937,0.20842105263157892,0.07692307692307715,20.335536073,4.390773296356201,0,89.99742889404297
109.0,3.325743212892158,-3.654921637876041,0.20842105263157892,0.07692307692307715,20.335172991,4.390773296356201,0,89.99742889404297
109.0,3.325743212892158,-3.654921637876041,0.20842105263157892,0.07692307692307715,20.335172991,4.390773296356201,0,89.99742889404297
109.0,3.325743212892158,-3.654921637876041,0.20842105263157892,0.07692307692307715,20.335172991,4.390773296356201,0,89.99742889404297
109.0,3.325743212892158,-3.654921637876041,0.20842105263157892,0.07692307692307715,20.335172991,4.390773296356201,0,89.99742889404297
109.0,3.325743212892158,-3.654921637876041,0.20842105263157892,0.07692307692307715,20.335172991,4.390773296356201,0,89.99742889404297
109.0,3.320940344966236,-3.6601262550971754,0.20842105263157892,0.07692307692307715,20.335172991,4.390773296356201,0,89.99742889404297
109.10000000000001,3.320940344966236,-3.6601262550971754,0.20842105263157892,0.07692307692307715,20.335172991,4.390773296356201,0,89.99742889404297
109.10000000000001,3.320940344966236,-3.6601262550971754,0.20842105263157892,0.07692307692307715,20.457359028,4.390773296356201,0,89.99742889404297
109.10000000000001,3.320940344966236,-3.6601262550971754,0.20842105263157892,0.07692307692307715,20.457359028,4.390773296356201,0,89.99742889404297
109.10000000000001,3.320940344966236,-3.6601262550971754,0.21999999999999997,0.07692307692307715,20.457359028,4.390773296356201,0,89.99742889404297
109.10000000000001,3.320940344966236,-3.6601262550971754,0.21999999999999997,0.07692307692307715,20.457359028,4.390773296356201,0,89.99742889404297
109.10000000000001,3.3161543668862,-3.665343396404647,0.21999999999999997,0.07692307692307715,20.578239762,4.390773296356201,0,89.99742889404297
109.10000000000001,3.3161543668862,-3.665343396404647,0.21999999999999997,0.07692307692307715,20.578239762,4.390773296356201,0,89.99742889404297
109.10000000000001,3.3161543668862,-3.665343396404647,0.21999999999999997,0.07692307692307715,20.578239762,4.390773296356201,0,89.99742889404297
109.10000000000001,3.311116877341085,-3.670865322788776,0.21999999999999997,0.07692307692307715,20.578239762,4.390773296356201,0,89.99742889404297
109.10000000000001,3.311116877341085,-3.670865322788776,0.21999999999999997,0.07692307692307715,20.577765494,4.390773296356201,0,89.99742889404297
109.10000000000001,3.311116877341085,-3.670865322788776,0.21999999999999997,0.07692307692307715,20.577765494,4.390773296356201,0,89.99742889404297
109.10000000000001,3.311116877341085,-3.670865322788776,0.21999999999999997,0.07692307692307715,20.577765494,4.390773296356201,0,89.99742889404297
109.2,3.306088160325123,-3.6763966352311073,0.21999999999999997,0.07692307692307715,20.578042511,4.390773296356201,0,89.99742889404297
109.2,3.306088160325123,-3.6763966352311073,0.20842105263157892,0.07692307692307715,20.578042511,4.390773296356201,0,89.99742889404297
109.2,3.306088160325123,-3.6763966352311073,0.20842105263157892,0.07692307692307715,20.578042511,4.390773296356201,0,89.99742889404297
109.2,3.306088160325123,-3.6763966352311073,0.20842105263157892,0.07692307692307715,20.578042511,4.390773296356201,0,89.99742889404297
109.2,3.3010738457430593,-3.681937933309043,0.20842105263157892,0.07692307692307715,20.455378038,4.390773296356201,0,89.99742889404297
109.2,3.3010738457430593,-3.681937933309043,0.20842105263157892,0.07692307692307715,20.455378038,4.390773296356201,0,89.99742889404297
109.2,3.3010738457430593,-3.681937933309043,0.20842105263157892,0.07692307692307715,20.455378038,4.390773296356201,0,89.99742889404297
109.2,3.3010738457430593,-3.681937933309043,0.20842105263157892,0.07692307692307715,20.455378038,4.390773296356201,0,89.99742889404297
109.2,3.2963382533511165,-3.687203402817908,0.20842105263157892,0.07692307692307715,20.455378038,4.390773296356201,0,89.99742889404297
109.2,3.2963382533511165,-3.687203402817908,0.20842105263157892,0.07692307692307715,20.124390824,4.320062637329102,0,89.99742889404297
109.2,3.2963382533511165,-3.687203402817908,0.20842105263157892,0.07692307692307715,20.124390824,4.320062637329102,0,89.99742889404297
109.2,3.2963382533511165,-3.687203402817908,0.21999999999999997,0.0,20.124390824,4.320062637329102,0,89.99742889404297
109.30000000000001,3.291612271552915,-3.692479712550379,0.21999999999999997,0.0,20.122778719,4.320062637329102,0,89.99742889404297
109.30000000000001,3.291612271552915,-3.692479712550379,0.21999999999999997,0.0,20.122778719,4.320062637329102,0,89.99742889404297
109.30000000000001,3.291612271552915,-3.692479712550379,0.21999999999999997,0.0,20.122778719,4.320062637329102,0,89.99742889404297
109.30000000000001,3.28663154261396,-3.6980572761071384,0.21999999999999997,0.0,20.124485806,4.320062637329102,0,89.99742889404297
109.30000000000001,3.28663154261396,-3.6980572761071384,0.21999999999999997,0.0,20.124485806,4.320062637329102,0,89.99742889404297
109.30000000000001,3.28663154261396,-3.6980572761071384,0.21999999999999997,0.0,20.124485806,4.320062637329102,0,89.99742889404297
109.30000000000001,3.2816457262108956,-3.7036367750946004,0.21999999999999997,0.0,20.124485806,4.320062637329102,0,89.99742889404297
109.30000000000001,3.2816457262108956,-3.7036367750946004,0.21999999999999997,0.0,20.122782742,4.320062637329102,0,89.99742889404297
109.30000000000001,3.2816457262108956,-3.7036367750946004,0.21999999999999997,0.0,20.122782742,4.320062637329102,0,89.99742889404297
109.4,3.2766550713832676,-3.7092096802418295,0.21999999999999997,0.0,20.122782742,4.320062637329102,0,89.99742889404297
109.4,3.2766550713832676,-3.7092096802418295,0.20842105263157892,0.0,20.122782742,4.320062637329102,0,89.99742889404297
109.4,3.2766550713832676,-3.7092096802418295,0.20842105263157892,0.0,20.122782742,4.320062637329102,0,89.99742889404297
109.4,3.2766550713832676,-3.7092096802418295,0.20842105263157892,0.0,20.002716131,4.320062637329102,0,89.99742889404297
109.4,3.271929110334514,-3.714490733552208,0.20842105263157892,0.0,20.002716131,4.320062637329102,0,89.99742889404297
109.4,3.271929110334514,-3.714490733552208,0.20842105263157892,0.0,20.002716131,4.320062637329102,0,89.99742889404297
109.4,3.271929110334514,-3.714490733552208,0.20842105263157892,0.0,20.002716131,4.320062637329102,0,89.99742889404297
109.4,3.271929110334514,-3.714490733552208,0.21999999999999997,-0.02564102564102541,20.002716131,4.320062637329102,0,89.99742889404297
109.4,3.271929110334514,-3.714490733552208,0.21999999999999997,-0.02564102564102541,20.002716131,4.320062637329102,0,89.99742889404297
109.4,3.2672016396688437,-3.719772733013638,0.21999999999999997,-0.02564102564102541,19.997286881,4.320062637329102,0,89.99742889404297
109.4,3.2672016396688437,-3.719772733013638,0.21999999999999997,-0.02564102564102541,19.997286881,4.320062637329102,0,89.99742889404297
109.4,3.2672016396688437,-3.719772733013638,0.21999999999999997,-0.02564102564102541,19.997286881,4.320062637329102,0,89.99742889404297
109.4,3.2672016396688437,-3.719772733013638,0.21999999999999997,-0.02564102564102541,19.997286881,4.320062637329102,0,89.99742889404297
109.4,3.2672016396688437,-3.719772733013638,0.21999999999999997,-0.02564102564102541,19.997286881,4.320062637329102,0,89.99742889404297
109.4,3.2672016396688437,-3.719772733013638,0.21999999999999997,-0.02564102564102541,20.110676669,4.320062637329102,0,89.99742889404297
109.4,3.2672016396688437,-3.719772733013638,0.21999999999999997,-0.02564102564102541,20.110676669,4.320062637329102,0,89.99742889404297
109.5,3.2622075391789704,-3.7253439271032924,0.21999999999999997,-0.02564102564102541,20.108747748,4.320062637329102,0,89.99742889404297
109.5,3.2622075391789704,-3.7253439271032924,0.21999999999999997,-0.02564102564102541,20.108747748,4.320062637329102,0,89.99742889404297
109.5,3.2622075391789704,-3.7253439271032924,0.21999999999999997,-0.02564102564102541,20.108747748,4.320062637329102,0,89.99742889404297
109.5,3.2622075391789704,-3.7253439271032924,0.21999999999999997,-0.02564102564102541,20.108747748,4.320062637329102,0,89.99742889404297
109.5,3.2622075391789704,-3.7253439271032924,0.20842105263157892,0.0,20.108747748,4.320062637329102,0,89.99742889404297
109.5,3.2572055794023167,-3.7309090839439407,0.20842105263157892,0.0,20.10605565,4.320062637329102,0,89.99742889404297
109.5,3.2572055794023167,-3.7309090839439407,0.20842105263157892,0.0,20.10605565,4.320062637329102,0,89.99742889404297
109.5,3.2572055794023167,-3.7309090839439407,0.20842105263157892,0.0,19.968210359,4.290444850921631,0,89.99742889404297
109.5,3.2524617112133782,-3.736175830684437,0.20842105263157892,0.0,19.964370087,4.290444850921631,0,89.99742889404297
109.5,3.2524617112133782,-3.736175830684437,0.20842105263157892,0.0,19.964370087,4.290444850921631,0,89.99742889404297
109.5,3.2524617112133782,-3.736175830684437,0.20842105263157892,0.0,19.964370087,4.290444850921631,0,89.99742889404297
109.60000000000001,3.2477186194214953,-3.7414403759668433,0.20842105263157892,0.0,19.966099538,4.290444850921631,0,89.99742889404297
109.60000000000001,3.2477186194214953,-3.7414403759668433,0.20842105263157892,0.0,19.966099538,4.290444850921631,0,89.99742889404297
109.60000000000001,3.2477186194214953,-3.7414403759668433,0.20842105263157892,0.0,19.966099538,4.290444850921631,0,89.99742889404297
109.60000000000001,3.2477186194214953,-3.7414403759668433,0.20842105263157892,0.02564102564102587,19.966099538,4.290444850921631,0,89.99742889404297
109.60000000000001,3.242976965675516,-3.7467060434732464,0.20842105263157892,0.02564102564102587,20.082099645,4.290444850921631,0,89.99742889404297
109.60000000000001,3.242976965675516,-3.7467060434732464,0.20842105263157892,0.02564102564102587,20.082099645,4.290444850921631,0,89.99742889404297
109.60000000000001,3.242976965675516,-3.7467060434732464,0.20842105263157892,0.02564102564102587,20.082099645,4.290444850921631,0,89.99742889404297
109.60000000000001,3.242976965675516,-3.7467060434732464,0.20842105263157892,0.02564102564102587,20.082099645,4.290444850921631,0,89.99742889404297
109.60000000000001,3.2382365900226926,-3.75197192812577,0.20842105263157892,0.02564102564102587,20.203269194,4.290444850921631,0,89.99742889404297
109.60000000000001,3.2382365900226926,-3.75197192812577,0.20842105263157892,0.02564102564102587,20.203269194,4.290444850921631,0,89.99742889404297
109.7,3.2382365900226926,-3.75197192812577,0.20842105263157892,0.02564102564102587,20.203269194,4.290444850921631,0,89.99742889404297
109.7,3.233501709377469,-3.7572402677981502,0.20842105263157892,0.02564102564102587,20.086818155,4.240444660186768,0,89.99742889404297
109.7,3.233501709377469,-3.7572402677981502,0.20842105263157892,0.02564102564102587,20.086818155,4.240444660186768,0,89.99742889404297
109.7,3.233501709377469,-3.7572402677981502,0.21999999999999997,0.02564102564102587,20.086818155,4.240444660186768,0,89.99742889404297
109.7,3.233501709377469,-3.7572402677981502,0.21999999999999997,0.02564102564102587,20.086818155,4.240444660186768,0,89.99742889404297
109.7,3.2287735576588408,-3.762514640361095,0.21999999999999997,0.02564102564102587,20.091027688,4.240444660186768,0,89.99742889404297
109.7,3.2287735576588408,-3.762514640361095,0.21999999999999997,0.02564102564102587,20.091027688,4.240444660186768,0,89.99742889404297
109.7,3.2287735576588408,-3.762514640361095,0.21999999999999997,0.02564102564102587,20.091027688,4.240444660186768,0,89.99742889404297
109.7,3.2287735576588408,-3.762514640361095,0.21999999999999997,0.02564102564102587,20.091027688,4.240444660186768,0,89.99742889404297
109.7,3.2237849561156784,-3.7680858911586683,0.21999999999999997,0.02564102564102587,19.975043589,4.240444660186768,0,89.99742889404297
109.7,3.2237849561156784,-3.7680858911586683,0.21999999999999997,0.02564102564102587,19.975043589,4.240444660186768,0,89.99742889404297
109.80000000000001,3.2237849561156784,-3.7680858911586683,0.21999999999999997,0.02564102564102587,19.975043589,4.240444660186768,0,89.99742889404297
109.80000000000001,3.2237849561156784,-3.7680858911586683,0.21999999999999997,0.02564102564102587,19.975043589,4.240444660186768,0,89.99742889404297
109.80000000000001,3.2187919709366786,-3.773655047225918,0.21999999999999997,0.07692307692307715,19.976628395,4.240444660186768,0,89.99742889404297
109.80000000000001,3.2187919709366786,-3.773655047225918,0.21999999999999997,0.07692307692307715,19.976628395,4.240444660186768,0,89.99742889404297
109.80000000000001,3.2187919709366786,-3.773655047225918,0.21999999999999997,0.07692307692307715,19.976628395,4.240444660186768,0,89.99742889404297
109.80000000000001,3.213804230660512,-3.779223877042157,0.21999999999999997,0.07692307692307715,19.980591792,4.240444660186768,0,89.99742889404297
109.80000000000001,3.213804230660512,-3.779223877042157,0.21999999999999997,0.07692307692307715,19.980591792,4.240444660186768,0,89.99742889404297
109.80000000000001,3.213804230660512,-3.779223877042157,0.21999999999999997,0.07692307692307715,19.980591792,4.240444660186768,0,89.99742889404297
109.80000000000001,3.213804230660512,-3.779223877042157,0.21999999999999997,0.07692307692307715,19.980591792,4.240444660186768,0,89.99742889404297
109.80000000000001,3.2088287636260118,-3.784801946441951,0.21999999999999997,0.07692307692307715,19.866431745,4.240444660186768,0,89.99742889404297
109.80000000000001,3.2088287636260118,-3.784801946441951,0.21999999999999997,0.07692307692307715,19.866431745,4.240444660186768,0,89.99742889404297
109.9,3.2088287636260118,-3.784801946441951,0.21999999999999997,0.07692307692307715,19.866431745,4.240444660186768,0,89.99742889404297
109.9,3.2038689355015486,-3.790393303304036,0.20842105263157892,0.07692307692307715,19.749900328,4.240444660186768,0,89.99742889404297
109.9,3.2038689355015486,-3.790393303304036,0.20842105263157892,0.07692307692307715,19.749900328,4.240444660186768,0,89.99742889404297
109.9,3.2038689355015486,-3.790393303304036,0.20842105263157892,0.07692307692307715,19.749900328,4.240444660186768,0,89.99742889404297
109.9,3.2038689355015486,-3.790393303304036,0.20842105263157892,0.07692307692307715,19.749900328,4.240444660186768,0,89.99742889404297
