time,x,y,vx,vz,eta,distance_remaining,recoveries,battery
848.87,-0.01437715905567909,0.007320170882846567,0.0,0.0,0.0,0.0,0,99.9999771118164
848.87,-0.01437715905567909,0.007320170882846567,0.0,0.0,0.0,0.0,0,99.9999771118164
848.87,-0.01437715905567909,0.007320170882846567,0.0,0.0,0.0,0.0,0,99.9999771118164
848.97,-0.014377140075422063,0.007320169557694527,0.0,0.0,0.0,3.741849422454834,0,99.9999771118164
848.97,-0.014377140075422063,0.007320169557694527,0.0,0.0,0.0,3.741849422454834,0,99.9999771118164
848.97,-0.014377140075422063,0.007320169557694527,0.0,0.0,0.0,3.741849422454834,0,99.9999771118164
848.97,-0.014377140075422063,0.007320169557694527,0.0,0.0,0.0,3.741849422454834,0,99.9999771118164
848.97,-0.014377100109330935,0.007320168559933601,0.0,0.0,0.0,3.741849422454834,0,99.9999771118164
848.97,-0.014377100109330935,0.007320168559933601,0.0,0.0,0.0,3.741849422454834,0,99.9999771118164
848.97,-0.014377100109330935,0.007320168559933601,0.0,0.0,0.0,3.741849422454834,0,99.9999771118164
848.97,-0.014377100109330935,0.007320168559933601,0.0,0.0,0.0,3.741849422454834,0,99.9999771118164
848.97,-0.014377045587070788,0.007320167517098047,0.125,0.16,0.0,3.741849422454834,0,99.9999771118164
848.97,-0.014377045587070788,0.007320167517098047,0.125,0.16,0.0,3.741849422454834,0,99.9999771118164
848.97,-0.014377045587070788,0.007320167517098047,0.125,0.16,0.0,3.741849422454834,0,99.9999771118164
848.97,-0.014377045587070788,0.007320167517098047,0.125,0.16,0.0,3.741849422454834,0,99.9999771118164
848.97,-0.014377045587070788,0.007320167517098047,0.125,0.16,0.0,3.741849422454834,0,99.9999771118164
849.07,-0.013227154608970325,0.007300516121235524,0.19684210526315787,0.32,0.0,3.741849422454834,0,99.9999771118164
849.07,-0.013227154608970325,0.007300516121235524,0.19684210526315787,0.32,0.0,3.741849422454834,0,99.9999771118164
849.07,-0.013227154608970325,0.007300516121235524,0.19684210526315787,0.32,0.0,3.741849422454834,0,99.9999771118164
849.07,-0.013227154608970325,0.007300516121235524,0.19684210526315787,0.32,0.0,3.741849422454834,0,99.99882507324219
849.07,-0.013227154608970325,0.007300516121235524,0.19684210526315787,0.32,0.0,3.741849422454834,0,99.99882507324219
849.07,-0.010925647751676107,0.007261183807297568,0.19684210526315787,0.48,338.338574177,3.741849422454834,0,99.99882507324219
849.07,-0.010925647751676107,0.007261183807297568,0.19684210526315787,0.48,338.338574177,3.741849422454834,0,99.99882507324219
849.07,-0.010925647751676107,0.007261183807297568,0.19684210526315787,0.48,338.338574177,3.741849422454834,0,99.99882507324219
849.07,-0.010925647751676107,0.007261183807297568,0.19684210526315787,0.48,338.338574177,3.741849422454834,0,99.99882507324219
849.07,-0.010925647751676107,0.007261183807297568,0.19684210526315787,0.48,338.338574177,3.741849422454834,0,99.99882507324219
849.07,-0.010925647751676107,0.007261183807297568,0.19684210526315787,0.48,338.338574177,3.741849422454834,0,99.99882507324219
849.07,-0.0074635509975511955,0.0072020057925578605,0.19684210526315787,0.48,338.338574177,3.741849422454834,0,99.99882507324219
849.07,-0.0074635509975511955,0.0072020057925578605,0.21999999999999997,0.64,168.159842007,3.741849422454834,0,99.99882507324219
849.1700000000001,-0.0074635509975511955,0.0072020057925578605,0.21999999999999997,0.64,168.159842007,3.741849422454834,0,99.99882507324219
849.1700000000001,-0.0028471648545967537,0.007123075688950419,0.21999999999999997,0.64,168.159842007,3.741849422454834,0,99.99882507324219
849.1700000000001,-0.0028471648545967537,0.007123075688950419,0.21999999999999997,0.64,100.521267703,3.741849422454834,0,99.99882507324219
849.1700000000001,-0.0028471648545967537,0.007123075688950419,0.21999999999999997,0.6410256410256412,100.521267703,3.741849422454834,0,99.99882507324219
849.1700000000001,-0.0028471648545967537,0.007123075688950419,0.21999999999999997,0.6410256410256412,100.521267703,3.741849422454834,0,99.99882507324219
849.1700000000001,-0.0028471648545967537,0.007123075688950419,0.21999999999999997,0.6410256410256412,100.521267703,3.741849422454834,0,99.99882507324219
849.1700000000001,0.0029039336871241606,0.007024989334671199,0.21999999999999997,0.6410256410256412,66.031747785,3.6918492317199707,0,99.99882507324219
849.1700000000001,0.0029039336871241606,0.007024989334671199,0.21999999999999997,0.6410256410256412,66.031747785,3.6918492317199707,0,99.99882507324219
849.1700000000001,0.0029039336871241606,0.007024989334671199,0.21999999999999997,0.6410256410256412,66.031747785,3.6918492317199707,0,99.99882507324219
849.1700000000001,0.0029039336871241606,0.007024989334671199,0.21999999999999997,0.6923076923076925,66.031747785,3.6918492317199707,0,99.99882507324219
849.1700000000001,0.009223282695559675,0.006921481550440415,0.21999999999999997,0.6923076923076925,48.277579088,3.6918492317199707,0,99.99882507324219
849.1700000000001,0.009223282695559675,0.006921481550440415,0.21999999999999997,0.6923076923076925,48.277579088,3.6918492317199707,0,99.99882507324219
849.2700000000001,0.01601232239998402,0.006843069966597703,0.21999999999999997,0.6923076923076925,48.277579088,3.6918492317199707,0,99.99882507324219
849.2700000000001,0.01601232239998402,0.006843069966597703,0.21999999999999997,0.6923076923076925,37.448788703,3.6918492317199707,0,99.99882507324219
849.2700000000001,0.01601232239998402,0.006843069966597703,0.21999999999999997,0.6923076923076925,37.448788703,3.6918492317199707,0,99.99882507324219
849.2700000000001,0.01601232239998402,0.006843069966597703,0.21999999999999997,0.6923076923076925,37.448788703,3.6918492317199707,0,99.99882507324219
849.2700000000001,0.01601232239998402,0.006843069966597703,0.21999999999999997,0.6923076923076925,37.448788703,3.6918492317199707,0,99.99882507324219
849.2700000000001,0.023335847225692787,0.006862439186694566,0.21999999999999997,0.6923076923076925,30.150998927,3.6918492317199707,0,99.99882507324219
849.2700000000001,0.023335847225692787,0.006862439186694566,0.21999999999999997,0.6923076923076925,30.150998927,3.6918492317199707,0,99.99882507324219
849.2700000000001,0.023335847225692787,0.006862439186694566,0.21999999999999997,0.6923076923076925,30.150998927,3.6918492317199707,0,99.99882507324219
849.2700000000001,0.023335847225692787,0.006862439186694566,0.21999999999999997,0.6923076923076925,30.150998927,3.6918492317199707,0,99.99882507324219
849.2700000000001,0.03075929031081685,0.0070747589731838265,0.21999999999999997,0.6923076923076925,25.180934418,3.6918492317199707,0,99.99882507324219
849.2700000000001,0.03075929031081685,0.0070747589731838265,0.21999999999999997,0.6923076923076925,25.180934418,3.6918492317199707,0,99.99882507324219
849.2700000000001,0.03075929031081685,0.0070747589731838265,0.21999999999999997,0.6923076923076925,25.180934418,3.6918492317199707,0,99.99882507324219
849.37,0.03075929031081685,0.0070747589731838265,0.21999999999999997,0.6923076923076925,25.180934418,3.6918492317199707,0,99.99882507324219
849.37,0.03816974358943981,0.007532061654078097,0.21999999999999997,0.6923076923076925,22.095357111,3.6918492317199707,0,99.99882507324219
849.37,0.03816974358943981,0.007532061654078097,0.21999999999999997,0.6923076923076925,22.095357111,3.6918492317199707,0,99.99882507324219
849.37,0.03816974358943981,0.007532061654078097,0.21999999999999997,0.6923076923076925,22.095357111,3.6918492317199707,0,99.99882507324219
849.37,0.03816974358943981,0.007532061654078097,0.20842105263157892,0.6410256410256412,22.095357111,3.6918492317199707,0,99.99882507324219
849.37,0.04556712126099699,0.008219251389053628,0.20842105263157892,0.6410256410256412,20.083043305,3.6918492317199707,0,99.99882507324219
849.37,0.04556712126099699,0.008219251389053628,0.20842105263157892,0.6410256410256412,20.083043305,3.6918492317199707,0,99.99882507324219
849.37,0.04556712126099699,0.008219251389053628,0.20842105263157892,0.6410256410256412,20.083043305,3.6918492317199707,0,99.99882507324219
849.37,0.04556712126099699,0.008219251389053628,0.20842105263157892,0.6410256410256412,20.083043305,3.6918492317199707,0,99.99882507324219
849.37,0.05245739796421334,0.009024230628626754,0.20842105263157892,0.6410256410256412,18.915675116,3.6918492317199707,0,99.99882507324219
849.37,0.05245739796421334,0.009024230628626754,0.20842105263157892,0.6410256410256412,18.915675116,3.6918492317199707,0,99.99882507324219
849.37,0.05245739796421334,0.009024230628626754,0.20842105263157892,0.6410256410256412,18.915675116,3.6918492317199707,0,99.99882507324219
849.37,0.05245739796421334,0.009024230628626754,0.20842105263157892,0.6410256410256412,18.915675116,3.6918492317199707,0,99.99882507324219
849.47,0.05245739796421334,0.009024230628626754,0.20842105263157892,0.6410256410256412,18.915675116,3.6918492317199707,0,99.99882507324219
849.47,0.05245739796421334,0.009024230628626754,0.20842105263157892,0.6410256410256412,18.915675116,3.6918492317199707,0,99.99882507324219
849.47,0.059446326452893994,0.00995837878153937,0.20842105263157892,0.6410256410256412,18.915675116,3.6918492317199707,0,99.99882507324219
849.47,0.059446326452893994,0.00995837878153937,0.20842105263157892,0.6410256410256412,17.928654013,3.6418492794036865,0,99.99882507324219
849.47,0.059446326452893994,0.00995837878153937,0.20842105263157892,0.6410256410256412,17.928654013,3.6418492794036865,0,99.99882507324219
849.47,0.059446326452893994,0.00995837878153937,0.21999999999999997,0.5384615384615385,17.928654013,3.6418492794036865,0,99.99882507324219
849.47,0.059446326452893994,0.00995837878153937,0.21999999999999997,0.5384615384615385,17.928654013,3.6418492794036865,0,99.99882507324219
849.47,0.059446326452893994,0.00995837878153937,0.21999999999999997,0.5384615384615385,17.928654013,3.6418492794036865,0,99.99882507324219
849.47,0.06642042642691746,0.010996749297430407,0.21999999999999997,0.5384615384615385,17.561126614,3.6418492794036865,0,99.99882507324219
849.47,0.06642042642691746,0.010996749297430407,0.21999999999999997,0.5384615384615385,17.561126614,3.6418492794036865,0,99.99882507324219
849.47,0.06642042642691746,0.010996749297430407,0.21999999999999997,0.5384615384615385,17.561126614,3.6418492794036865,0,99.99882507324219
849.47,0.06642042642691746,0.010996749297430407,0.21999999999999997,0.5384615384615385,17.561126614,3.6418492794036865,0,99.99882507324219
849.47,0.07365512908484229,0.012212106827695798,0.21999999999999997,0.5384615384615385,17.286302679,3.6418492794036865,0,99.99882507324219
849.47,0.07365512908484229,0.012212106827695798,0.21999999999999997,0.5384615384615385,17.286302679,3.6418492794036865,0,99.99882507324219
849.47,0.07365512908484229,0.012212106827695798,0.21999999999999997,0.5384615384615385,17.286302679,3.6418492794036865,0,99.99882507324219
849.57,0.07365512908484229,0.012212106827695798,0.21999999999999997,0.5384615384615385,17.286302679,3.6418492794036865,0,99.91180419921875
849.57,0.08096595878388874,0.01360752703403137,0.20842105263157892,0.4871794871794873,17.117228653,3.6418492794036865,0,99.91180419921875
849.57,0.08096595878388874,0.01360752703403137,0.20842105263157892,0.4871794871794873,17.117228653,3.6418492794036865,0,99.91180419921875
849.57,0.08096595878388874,0.01360752703403137,0.20842105263157892,0.4871794871794873,17.117228653,3.6418492794036865,0,99.91180419921875
849.57,0.08096595878388874,0.01360752703403137,0.20842105263157892,0.4871794871794873,17.117228653,3.6418492794036865,0,99.91180419921875
849.57,0.08096595878388874,0.01360752703403137,0.20842105263157892,0.4871794871794873,17.117228653,3.6418492794036865,0,99.91180419921875
849.57,0.08824644527031848,0.01516307533462693,0.21999999999999997,0.5897435897435899,17.090827279,3.6418492794036865,0,99.91180419921875
849.57,0.08824644527031848,0.01516307533462693,0.21999999999999997,0.5897435897435899,17.090827279,3.6418492794036865,0,99.91180419921875
849.57,0.08824644527031848,0.01516307533462693,0.21999999999999997,0.5897435897435899,17.090827279,3.6418492794036865,0,99.91180419921875
849.57,0.08824644527031848,0.01516307533462693,0.21999999999999997,0.5897435897435899,17.090827279,3.6418492794036865,0,99.91180419921875
849.57,0.0954975709854587,0.01685740563527201,0.21999999999999997,0.5897435897435899,17.090827279,3.6418492794036865,0,99.91180419921875
849.57,0.0954975709854587,0.01685740563527201,0.21999999999999997,0.5897435897435899,17.088361431,3.6418492794036865,0,99.91180419921875
849.57,0.0954975709854587,0.01685740563527201,0.21999999999999997,0.5897435897435899,17.088361431,3.6418492794036865,0,99.91180419921875
849.6700000000001,0.0954975709854587,0.01685740563527201,0.21999999999999997,0.5897435897435899,17.088361431,3.6418492794036865,0,99.91180419921875
849.6700000000001,0.1027204776932443,0.018676190088867412,0.21999999999999997,0.5897435897435899,17.08253619,3.6418492794036865,0,99.91180419921875
849.6700000000001,0.1027204776932443,0.018676190088867412,0.21999999999999997,0.5897435897435899,17.08253619,3.6418492794036865,0,99.91180419921875
849.6700000000001,0.1027204776932443,0.018676190088867412,0.21999999999999997,0.42974358974358984,17.08253619,3.6418492794036865,0,99.91180419921875
849.6700000000001,0.1027204776932443,0.018676190088867412,0.21999999999999997,0.42974358974358984,17.08253619,3.6418492794036865,0,99.91180419921875
849.6700000000001,0.10990940807216135,0.020622810275900093,0.21999999999999997,0.42974358974358984,16.843016796,3.5918493270874023,0,99.91180419921875
849.6700000000001,0.10990940807216135,0.020622810275900093,0.21999999999999997,0.42974358974358984,16.843016796,3.5918493270874023,0,99.91180419921875
849.6700000000001,0.10990940807216135,0.020622810275900093,0.21999999999999997,0.42974358974358984,16.843016796,3.5918493270874023,0,99.91180419921875
849.6700000000001,0.10990940807216135,0.020622810275900093,0.21999999999999997,0.42974358974358984,16.843016796,3.5918493270874023,0,99.91180419921875
849.6700000000001,0.11696230887738454,0.022680272722773887,0.21999999999999997,0.38461538461538475,16.740024315,3.5918493270874023,0,99.91180419921875
849.6700000000001,0.11696230887738454,0.022680272722773887,0.21999999999999997,0.38461538461538475,16.740024315,3.5918493270874023,0,99.91180419921875
849.7700000000001,0.11696230887738454,0.022680272722773887,0.21999999999999997,0.38461538461538475,16.740024315,3.5918493270874023,0,99.91180419921875
849.7700000000001,0.12408165241763724,0.024896847301047558,0.21999999999999997,0.38461538461538475,16.740024315,3.5918493270874023,0,99.91180419921875
849.7700000000001,0.12408165241763724,0.024896847301047558,0.19684210526315787,0.23076923076923095,16.702152479,3.6048765182495117,0,99.91180419921875
849.7700000000001,0.12408165241763724,0.024896847301047558,0.19684210526315787,0.23076923076923095,16.702152479,3.6048765182495117,0,99.91180419921875
849.7700000000001,0.12408165241763724,0.024896847301047558,0.19684210526315787,0.23076923076923095,16.702152479,3.6048765182495117,0,99.91180419921875
849.7700000000001,0.13117619655947554,0.02720892363821545,0.19684210526315787,0.23076923076923095,16.603818927,3.6048765182495117,0,99.91180419921875
849.7700000000001,0.13117619655947554,0.02720892363821545,0.19684210526315787,0.23076923076923095,16.603818927,3.6048765182495117,0,99.91180419921875
849.7700000000001,0.13117619655947554,0.02720892363821545,0.19684210526315787,0.23076923076923095,16.603818927,3.6048765182495117,0,99.91180419921875
849.7700000000001,0.13117619655947554,0.02720892363821545,0.19684210526315787,0.23076923076923095,16.603818927,3.6048765182495117,0,99.91180419921875
849.7700000000001,0.13744691393738506,0.02931560051301235,0.19684210526315787,0.23076923076923095,16.79071346,3.6048765182495117,0,99.91180419921875
849.7700000000001,0.13744691393738506,0.02931560051301235,0.19684210526315787,0.23076923076923095,16.79071346,3.6048765182495117,0,99.91180419921875
849.7700000000001,0.13744691393738506,0.02931560051301235,0.21999999999999997,0.07692307692307715,16.79071346,3.6048765182495117,0,99.91180419921875
849.87,0.13744691393738506,0.02931560051301235,0.21999999999999997,0.07692307692307715,16.79071346,3.6048765182495117,0,99.91180419921875
849.87,0.13744691393738506,0.02931560051301235,0.21999999999999997,0.07692307692307715,16.79071346,3.6048765182495117,0,99.91180419921875
849.87,0.13744691393738506,0.02931560051301235,0.21999999999999997,0.07692307692307715,16.79071346,3.6048765182495117,0,99.91180419921875
849.87,0.143771533209796,0.03148474037667067,0.21999999999999997,0.07692307692307715,16.753844416,3.5548765659332275,0,99.91180419921875
849.87,0.143771533209796,0.03148474037667067,0.21999999999999997,0.07692307692307715,16.753844416,3.5548765659332275,0,99.91180419921875
849.87,0.143771533209796,0.03148474037667067,0.21999999999999997,0.07692307692307715,16.753844416,3.5548765659332275,0,99.91180419921875
849.87,0.15074458848011987,0.03391738402639542,0.21999999999999997,0.07692307692307715,16.772359016,3.5548765659332275,0,99.91180419921875
849.87,0.15074458848011987,0.03391738402639542,0.21999999999999997,0.07692307692307715,16.772359016,3.5548765659332275,0,99.91180419921875
849.87,0.15074458848011987,0.03391738402639542,0.21999999999999997,0.07692307692307715,16.772359016,3.5548765659332275,0,99.91180419921875
849.87,0.15779679998187265,0.036411452758639204,0.21999999999999997,0.07692307692307715,16.767308967,3.5548765659332275,0,99.91180419921875
849.87,0.15779679998187265,0.036411452758639204,0.21999999999999997,0.07692307692307715,16.767308967,3.5548765659332275,0,99.91180419921875
849.87,0.15779679998187265,0.036411452758639204,0.21999999999999997,0.07692307692307715,16.767308967,3.5548765659332275,0,99.91180419921875
849.97,0.15779679998187265,0.036411452758639204,0.21999999999999997,0.07692307692307715,16.767308967,3.5548765659332275,0,99.91180419921875
849.97,0.15779679998187265,0.036411452758639204,0.21999999999999997,0.07692307692307715,16.767308967,3.5548765659332275,0,99.91180419921875
849.97,0.16484556753237714,0.03892205744981954,0.21999999999999997,0.07692307692307715,16.767308967,3.5548765659332275,0,99.91180419921875
849.97,0.16484556753237714,0.03892205744981954,0.21999999999999997,0.07692307692307715,16.767308967,3.5548765659332275,0,99.91180419921875
849.97,0.16484556753237714,0.03892205744981954,0.21999999999999997,0.07692307692307715,16.762282437,3.5548765659332275,0,99.91180419921875
849.97,0.16484556753237714,0.03892205744981954,0.21999999999999997,0.07692307692307715,16.762282437,3.5548765659332275,0,99.91180419921875
849.97,0.16484556753237714,0.03892205744981954,0.21999999999999997,0.07692307692307715,16.762282437,3.5548765659332275,0,99.91180419921875
849.97,0.171892900878815,0.04144058333224749,0.21999999999999997,0.07692307692307715,16.756317769,3.5548765659332275,0,99.91180419921875
849.97,0.171892900878815,0.04144058333224749,0.21999999999999997,0.07692307692307715,16.756317769,3.5548765659332275,0,99.91180419921875
849.97,0.171892900878815,0.04144058333224749,0.21999999999999997,0.07692307692307715,16.756317769,3.5548765659332275,0,99.91180419921875
849.97,0.171892900878815,0.04144058333224749,0.21999999999999997,0.07692307692307715,16.756317769,3.5548765659332275,0,99.91180419921875
849.97,0.17893691540848378,0.043968729257435654,0.21999999999999997,0.07692307692307715,16.721680127,3.5548765659332275,0,99.91180419921875
850.07,0.17893691540848378,0.043968729257435654,0.21999999999999997,0.07692307692307715,16.721680127,3.5548765659332275,0,99.91180419921875
850.07,0.17893691540848378,0.043968729257435654,0.20842105263157892,0.07692307692307715,16.721680127,3.5548765659332275,0,99.80184173583984
850.07,0.1859781342390979,0.04651771746221762,0.20842105263157892,0.07692307692307715,16.721680127,3.5548765659332275,0,99.80184173583984
850.07,0.1859781342390979,0.04651771746221762,0.20842105263157892,0.07692307692307715,16.724641302,3.5548765659332275,0,99.80184173583984
850.07,0.1859781342390979,0.04651771746221762,0.20842105263157892,0.07692307692307715,16.724641302,3.5548765659332275,0,99.80184173583984
850.07,0.1859781342390979,0.04651771746221762,0.20842105263157892,0.07692307692307715,16.724641302,3.5548765659332275,0,99.80184173583984
850.07,0.1859781342390979,0.04651771746221762,0.20842105263157892,0.07692307692307715,16.724641302,3.5548765659332275,0,99.80184173583984
850.07,0.1859781342390979,0.04651771746221762,0.20842105263157892,0.07692307692307715,16.724641302,3.5548765659332275,0,99.80184173583984
850.07,0.1859781342390979,0.04651771746221762,0.20842105263157892,0.07692307692307715,16.724641302,3.5548765659332275,0,99.80184173583984
850.07,0.19255104911592857,0.04892169096363183,0.20842105263157892,0.07692307692307715,16.59232498,3.5048763751983643,0,99.80184173583984
850.07,0.19255104911592857,0.04892169096363183,0.20842105263157892,0.07692307692307715,16.59232498,3.5048763751983643,0,99.80184173583984
850.07,0.19255104911592857,0.04892169096363183,0.21999999999999997,0.02564102564102587,16.59232498,3.5048763751983643,0,99.80184173583984
850.07,0.19255104911592857,0.04892169096363183,0.21999999999999997,0.02564102564102587,16.59232498,3.5048763751983643,0,99.80184173583984
850.07,0.19920162692412907,0.05138220290199995,0.21999999999999997,0.02564102564102587,16.459473111,3.5048763751983643,0,99.80184173583984
850.1700000000001,0.19920162692412907,0.05138220290199995,0.21999999999999997,0.02564102564102587,16.459473111,3.5048763751983643,0,99.80184173583984
850.1700000000001,0.19920162692412907,0.05138220290199995,0.21999999999999997,0.02564102564102587,16.459473111,3.5048763751983643,0,99.80184173583984
850.1700000000001,0.20612426712434925,0.05396706901084432,0.21999999999999997,0.0,16.459473111,3.5048763751983643,0,99.80184173583984
850.1700000000001,0.20612426712434925,0.05396706901084432,0.21999999999999997,0.0,16.271890525,3.5048763751983643,0,99.80184173583984
850.1700000000001,0.20612426712434925,0.05396706901084432,0.21999999999999997,0.0,16.271890525,3.5048763751983643,0,99.80184173583984
850.1700000000001,0.20612426712434925,0.05396706901084432,0.21999999999999997,0.0,16.271890525,3.5048763751983643,0,99.80184173583984
850.1700000000001,0.21312820808905164,0.05659401199964589,0.21999999999999997,0.0,16.235567737,3.5048763751983643,0,99.80184173583984
850.1700000000001,0.21312820808905164,0.05659401199964589,0.21999999999999997,0.0,16.235567737,3.5048763751983643,0,99.80184173583984
850.1700000000001,0.21312820808905164,0.05659401199964589,0.21999999999999997,0.0,16.235567737,3.5048763751983643,0,99.80184173583984
850.1700000000001,0.22013275622868772,0.059217152209226374,0.21999999999999997,0.0,16.221938871,3.5048763751983643,0,99.80184173583984
850.2700000000001,0.22013275622868772,0.059217152209226374,0.21999999999999997,0.0,16.221938871,3.5048763751983643,0,99.80184173583984
850.2700000000001,0.22013275622868772,0.059217152209226374,0.21999999999999997,0.0,16.221938871,3.5048763751983643,0,99.80184173583984
850.2700000000001,0.22013275622868772,0.059217152209226374,0.19684210526315787,0.0,16.221938871,3.5048763751983643,0,99.80184173583984
850.2700000000001,0.22013275622868772,0.059217152209226374,0.19684210526315787,0.0,16.221938871,3.5048763751983643,0,99.80184173583984
850.2700000000001,0.2271396741751027,0.06182813030660385,0.19684210526315787,0.0,16.209091962,3.5048763751983643,0,99.80184173583984
850.2700000000001,0.2271396741751027,0.06182813030660385,0.19684210526315787,0.0,16.209091962,3.5048763751983643,0,99.80184173583984
850.2700000000001,0.2271396741751027,0.06182813030660385,0.19684210526315787,0.0,16.209091962,3.5048763751983643,0,99.80184173583984
850.2700000000001,0.2271396741751027,0.06182813030660385,0.19684210526315787,0.0,16.209091962,3.5048763751983643,0,99.80184173583984
850.2700000000001,0.23332077575229732,0.06412200866816775,0.19684210526315787,0.0,16.41084095,3.5048763751983643,0,99.80184173583984
850.2700000000001,0.23332077575229732,0.06412200866816775,0.19684210526315787,0.0,16.41084095,3.5048763751983643,0,99.80184173583984
850.2700000000001,0.23332077575229732,0.06412200866816775,0.19684210526315787,0.0,16.41084095,3.5048763751983643,0,99.80184173583984
850.2700000000001,0.23332077575229732,0.06412200866816775,0.19684210526315787,0.0,16.41084095,3.5048763751983643,0,99.80184173583984
850.2700000000001,0.23332077575229732,0.06412200866816775,0.19684210526315787,0.0,16.41084095,3.5048763751983643,0,99.80184173583984
850.37,0.23958745941816972,0.06645377985672897,0.19684210526315787,0.0,16.356631771,3.45487642288208,0,99.80184173583984
850.37,0.23958745941816972,0.06645377985672897,0.19684210526315787,0.0,16.356631771,3.45487642288208,0,99.80184173583984
850.37,0.23958745941816972,0.06645377985672897,0.19684210526315787,0.0,16.356631771,3.45487642288208,0,99.80184173583984
850.37,0.24584380737749228,0.06879418593315231,0.19684210526315787,0.0,16.554293159,3.45487642288208,0,99.80184173583984
850.37,0.24584380737749228,0.06879418593315231,0.19684210526315787,0.0,16.554293159,3.45487642288208,0,99.80184173583984
850.37,0.24584380737749228,0.06879418593315231,0.19684210526315787,0.0,16.554293159,3.45487642288208,0,99.80184173583984
850.37,0.2520987758311872,0.0711443837698353,0.19684210526315787,0.0,16.647580181,3.45487642288208,0,99.80184173583984
850.37,0.2520987758311872,0.0711443837698353,0.19684210526315787,0.0,16.647580181,3.45487642288208,0,99.80184173583984
850.37,0.2520987758311872,0.0711443837698353,0.19684210526315787,0.0,16.647580181,3.45487642288208,0,99.80184173583984
850.37,0.2520987758311872,0.0711443837698353,0.21999999999999997,0.07692307692307715,16.647580181,3.45487642288208,0,99.80184173583984
850.37,0.2520987758311872,0.0711443837698353,0.21999999999999997,0.07692307692307715,16.647580181,3.45487642288208,0,99.80184173583984
850.47,0.25835836474166557,0.07349695289011764,0.21999999999999997,0.07692307692307715,16.760909276,3.45487642288208,0,99.80184173583984
850.47,0.25835836474166557,0.07349695289011764,0.21999999999999997,0.07692307692307715,16.760909276,3.45487642288208,0,99.80184173583984
850.47,0.25835836474166557,0.07349695289011764,0.21999999999999997,0.07692307692307715,16.760909276,3.45487642288208,0,99.80184173583984
850.47,0.25835836474166557,0.07349695289011764,0.21999999999999997,0.07692307692307715,16.760909276,3.45487642288208,0,99.80184173583984
850.47,0.26526763269981746,0.07608750372757399,0.21999999999999997,0.07692307692307715,16.774424092,3.45487642288208,0,99.80184173583984
850.47,0.26526763269981746,0.07608750372757399,0.21999999999999997,0.07692307692307715,16.774424092,3.45487642288208,0,99.80184173583984
850.47,0.26526763269981746,0.07608750372757399,0.21999999999999997,0.07692307692307715,16.774424092,3.45487642288208,0,99.80184173583984
850.47,0.26526763269981746,0.07608750372757399,0.21999999999999997,0.07692307692307715,16.774424092,3.45487642288208,0,99.80184173583984
850.47,0.2739571582019091,0.08054994781151215,0.21999999999999997,0.07692307692307715,16.788855409,3.45487642288208,0,99.80184173583984
850.47,0.2739571582019091,0.08054994781151215,0.21999999999999997,0.07692307692307715,16.788855409,3.45487642288208,0,99.80184173583984
850.47,0.2739571582019091,0.08054994781151215,0.21999999999999997,0.07692307692307715,16.788855409,3.45487642288208,0,99.80184173583984
850.47,0.2739571582019091,0.08054994781151215,0.21999999999999997,0.07692307692307715,16.788855409,3.45487642288208,0,99.80184173583984
850.47,0.2739571582019091,0.08054994781151215,0.21999999999999997,0.07692307692307715,16.788855409,3.45487642288208,0,99.80184173583984
850.57,0.2831559660375565,0.08560520242107142,0.21999999999999997,0.07692307692307715,16.803060719,3.45487642288208,0,99.68961334228516
850.57,0.2831559660375565,0.08560520242107142,0.21999999999999997,0.07692307692307715,16.803060719,3.45487642288208,0,99.68961334228516
850.57,0.29234052358008383,0.09069950217771533,0.21999999999999997,0.07692307692307715,16.803060719,3.45487642288208,0,99.68961334228516
850.57,0.29234052358008383,0.09069950217771533,0.21999999999999997,0.07692307692307715,16.457871053,3.381269693374634,0,99.68961334228516
850.57,0.29234052358008383,0.09069950217771533,0.20842105263157892,0.07692307692307715,16.457871053,3.381269693374634,0,99.68961334228516
850.57,0.30151449025372734,0.0958277137952215,0.20842105263157892,0.07692307692307715,16.457871053,3.381269693374634,0,99.68961334228516
850.57,0.30151449025372734,0.0958277137952215,0.20842105263157892,0.07692307692307715,16.708677805,3.432797908782959,0,99.68961334228516
850.57,0.30151449025372734,0.0958277137952215,0.20842105263157892,0.07692307692307715,16.493817223,3.432797908782959,0,99.68961334228516
850.57,0.30151449025372734,0.0958277137952215,0.20842105263157892,0.07692307692307715,16.493817223,3.432797908782959,0,99.68961334228516
850.57,0.30151449025372734,0.0958277137952215,0.20842105263157892,0.07692307692307715,16.493817223,3.432797908782959,0,99.68961334228516
850.57,0.30151449025372734,0.0958277137952215,0.20842105263157892,0.07692307692307715,16.493817223,3.432797908782959,0,99.68961334228516
850.57,0.3102377676383652,0.10080130187649097,0.20842105263157892,0.07692307692307715,16.493817223,3.432797908782959,0,99.68961334228516
850.6700000000001,0.3102377676383652,0.10080130187649097,0.19684210526315787,0.07692307692307715,16.188826541,3.382797956466675,0,99.68961334228516
850.6700000000001,0.3102377676383652,0.10080130187649097,0.19684210526315787,0.07692307692307715,16.188826541,3.382797956466675,0,99.68961334228516
850.6700000000001,0.3102377676383652,0.10080130187649097,0.19684210526315787,0.07692307692307715,16.188826541,3.382797956466675,0,99.68961334228516
850.6700000000001,0.3102377676383652,0.10080130187649097,0.19684210526315787,0.07692307692307715,16.188826541,3.382797956466675,0,99.68961334228516
850.6700000000001,0.31903606035985355,0.1058197317255709,0.19684210526315787,0.07692307692307715,16.079305353,3.382797956466675,0,99.68961334228516
850.6700000000001,0.31903606035985355,0.1058197317255709,0.19684210526315787,0.07692307692307715,16.079305353,3.382797956466675,0,99.68961334228516
850.6700000000001,0.31903606035985355,0.1058197317255709,0.19684210526315787,0.07692307692307715,16.079305353,3.382797956466675,0,99.68961334228516
850.6700000000001,0.31903606035985355,0.1058197317255709,0.19684210526315787,0.07692307692307715,16.079305353,3.382797956466675,0,99.68961334228516
850.6700000000001,0.3254293788719826,0.10855283930947035,0.19684210526315787,0.07692307692307715,16.095101274,3.382797956466675,0,99.68961334228516
850.6700000000001,0.3254293788719826,0.10855283930947035,0.19684210526315787,0.07692307692307715,16.095101274,3.382797956466675,0,99.68961334228516
850.6700000000001,0.3254293788719826,0.10855283930947035,0.21999999999999997,0.12820512820512842,16.095101274,3.382797956466675,0,99.68961334228516
850.7700000000001,0.3316316738387185,0.11105408688966006,0.21999999999999997,0.12820512820512842,16.095101274,3.382797956466675,0,99.68961334228516
850.7700000000001,0.3316316738387185,0.11105408688966006,0.21999999999999997,0.12820512820512842,16.090537438,3.382797956466675,0,99.68961334228516
850.7700000000001,0.3316316738387185,0.11105408688966006,0.21999999999999997,0.12820512820512842,16.090537438,3.382797956466675,0,99.68961334228516
850.7700000000001,0.3316316738387185,0.11105408688966006,0.21999999999999997,0.12820512820512842,16.090537438,3.382797956466675,0,99.68961334228516
850.7700000000001,0.3316316738387185,0.11105408688966006,0.21999999999999997,0.12820512820512842,16.090537438,3.382797956466675,0,99.68961334228516
850.7700000000001,0.3316316738387185,0.11105408688966006,0.21999999999999997,0.12820512820512842,16.090537438,3.382797956466675,0,99.68961334228516
850.7700000000001,0.3384670426050347,0.11384480997402005,0.21999999999999997,0.12820512820512842,16.090537438,3.382797956466675,0,99.68961334228516
850.7700000000001,0.3384670426050347,0.11384480997402005,0.21999999999999997,0.12820512820512842,16.084962637,3.382797956466675,0,99.68961334228516
850.7700000000001,0.3384670426050347,0.11384480997402005,0.21999999999999997,0.12820512820512842,16.084962637,3.382797956466675,0,99.68961334228516
850.7700000000001,0.34537128239975357,0.11670364158121488,0.21999999999999997,0.12820512820512842,16.084962637,3.382797956466675,0,99.68961334228516
850.7700000000001,0.34537128239975357,0.11670364158121488,0.21999999999999997,0.12820512820512842,16.079845199,3.382797956466675,0,99.68961334228516
850.7700000000001,0.34537128239975357,0.11670364158121488,0.21999999999999997,0.12820512820512842,16.079845199,3.382797956466675,0,99.68961334228516
850.87,0.35226145789963725,0.11959965054715588,0.21999999999999997,0.12820512820512842,16.074688969,3.382797956466675,0,99.68961334228516
850.87,0.35226145789963725,0.11959965054715588,0.21999999999999997,0.12820512820512842,16.074688969,3.382797956466675,0,99.68961334228516
850.87,0.3591388975396936,0.1225298307152351,0.21999999999999997,0.12820512820512842,16.074688969,3.382797956466675,0,99.68961334228516
850.87,0.3591388975396936,0.1225298307152351,0.21999999999999997,0.12820512820512842,16.074688969,3.382797956466675,0,99.68961334228516
850.87,0.3591388975396936,0.1225298307152351,0.21999999999999997,0.12820512820512842,15.776336437,3.3209946155548096,0,99.68961334228516
850.87,0.3591388975396936,0.1225298307152351,0.21999999999999997,0.12820512820512842,15.776336437,3.3209946155548096,0,99.68961334228516
850.87,0.3591388975396936,0.1225298307152351,0.21999999999999997,0.12820512820512842,15.776336437,3.3209946155548096,0,99.68961334228516
850.87,0.3591388975396936,0.1225298307152351,0.20842105263157892,0.12820512820512842,15.776336437,3.3209946155548096,0,99.68961334228516
850.87,0.3591388975396936,0.1225298307152351,0.20842105263157892,0.12820512820512842,15.776336437,3.3209946155548096,0,99.68961334228516
850.87,0.3660055537787826,0.12548906802290236,0.20842105263157892,0.12820512820512842,15.772376394,3.3209946155548096,0,99.68961334228516
850.87,0.3660055537787826,0.12548906802290236,0.20842105263157892,0.12820512820512842,15.772376394,3.3209946155548096,0,99.68961334228516
850.87,0.3660055537787826,0.12548906802290236,0.20842105263157892,0.12820512820512842,15.772376394,3.3209946155548096,0,99.68961334228516
850.87,0.3660055537787826,0.12548906802290236,0.20842105263157892,0.12820512820512842,15.772376394,3.3209946155548096,0,99.68961334228516
850.87,0.3660055537787826,0.12548906802290236,0.20842105263157892,0.12820512820512842,15.772376394,3.3209946155548096,0,99.68961334228516
850.97,0.3724249253351186,0.128284645806596,0.20842105263157892,0.12820512820512842,15.772376394,3.3209946155548096,0,99.68961334228516
850.97,0.3724249253351186,0.128284645806596,0.20842105263157892,0.12820512820512842,15.76840094,3.3209946155548096,0,99.68961334228516
850.97,0.3724249253351186,0.128284645806596,0.20842105263157892,0.12820512820512842,15.76840094,3.3209946155548096,0,99.68961334228516
850.97,0.3724249253351186,0.128284645806596,0.20842105263157892,0.12820512820512842,15.76840094,3.3209946155548096,0,99.68961334228516
850.97,0.3789078282494059,0.13114188682078748,0.21999999999999997,0.02564102564102587,15.76840094,3.3209946155548096,0,99.68961334228516
850.97,0.3789078282494059,0.13114188682078748,0.21999999999999997,0.02564102564102587,15.765225619,3.3209946155548096,0,99.68961334228516
850.97,0.3789078282494059,0.13114188682078748,0.21999999999999997,0.02564102564102587,15.765225619,3.3209946155548096,0,99.68961334228516
850.97,0.3789078282494059,0.13114188682078748,0.21999999999999997,0.02564102564102587,15.765225619,3.3209946155548096,0,99.68961334228516
850.97,0.38565962972538875,0.13415735506854515,0.21999999999999997,0.02564102564102587,15.574235761,3.3209946155548096,0,99.68961334228516
850.97,0.38565962972538875,0.13415735506854515,0.21999999999999997,0.02564102564102587,15.574235761,3.3209946155548096,0,99.68961334228516
850.97,0.38565962972538875,0.13415735506854515,0.21999999999999997,0.02564102564102587,15.574235761,3.3209946155548096,0,99.68961334228516
851.07,0.39248182703595225,0.13723537012272,0.21999999999999997,0.02564102564102587,15.574235761,3.3209946155548096,0,99.68961334228516
851.07,0.39248182703595225,0.13723537012272,0.21999999999999997,0.02564102564102587,15.380136317,3.3209946155548096,0,99.57618713378906
851.07,0.39248182703595225,0.13723537012272,0.21999999999999997,0.02564102564102587,15.380136317,3.3209946155548096,0,99.57618713378906
851.07,0.39248182703595225,0.13723537012272,0.21999999999999997,0.02564102564102587,15.380136317,3.3209946155548096,0,99.57618713378906
851.07,0.39248182703595225,0.13723537012272,0.21999999999999997,0.02564102564102587,15.380136317,3.3209946155548096,0,99.57618713378906
851.07,0.39248182703595225,0.13723537012272,0.20842105263157892,0.02564102564102587,15.380136317,3.3209946155548096,0,99.57618713378906
851.07,0.39248182703595225,0.13723537012272,0.20842105263157892,0.02564102564102587,15.380136317,3.3209946155548096,0,99.57618713378906
851.07,0.39248182703595225,0.13723537012272,0.20842105263157892,0.02564102564102587,15.380136317,3.3209946155548096,0,99.57618713378906
851.07,0.39930411307327185,0.14032363672317819,0.20842105263157892,0.02564102564102587,15.380136317,3.3209946155548096,0,99.57618713378906
851.07,0.39930411307327185,0.14032363672317819,0.20842105263157892,0.02564102564102587,15.34911242,3.3209946155548096,0,99.57618713378906
851.07,0.40569322684890635,0.14320557888750673,0.20842105263157892,0.02564102564102587,15.451219338,3.3209946155548096,0,99.57618713378906
851.07,0.40569322684890635,0.14320557888750673,0.20842105263157892,0.02564102564102587,15.451219338,3.3209946155548096,0,99.57618713378906
851.07,0.40569322684890635,0.14320557888750673,0.20842105263157892,0.02564102564102587,15.451219338,3.3209946155548096,0,99.57618713378906
851.07,0.40569322684890635,0.14320557888750673,0.20842105263157892,0.02564102564102587,15.451219338,3.3209946155548096,0,99.57618713378906
851.1700000000001,0.40569322684890635,0.14320557888750673,0.20842105263157892,0.02564102564102587,15.451219338,3.3209946155548096,0,99.57618713378906
851.1700000000001,0.41215905936557035,0.14611510225684543,0.20842105263157892,0.02564102564102587,15.302644759,3.2709944248199463,0,99.57618713378906
851.1700000000001,0.41215905936557035,0.14611510225684543,0.20842105263157892,0.02564102564102587,15.302644759,3.2709944248199463,0,99.57618713378906
851.1700000000001,0.41215905936557035,0.14611510225684543,0.20842105263157892,0.02564102564102587,15.302644759,3.2709944248199463,0,99.57618713378906
851.1700000000001,0.41215905936557035,0.14611510225684543,0.20842105263157892,0.02564102564102587,15.302644759,3.2709944248199463,0,99.57618713378906
851.1700000000001,0.41215905936557035,0.14611510225684543,0.20842105263157892,0.02564102564102587,15.302644759,3.2709944248199463,0,99.57618713378906
851.1700000000001,0.41861815212989123,0.14902802972100587,0.20842105263157892,0.02564102564102587,15.388978154,3.2709944248199463,0,99.57618713378906
851.1700000000001,0.41861815212989123,0.14902802972100587,0.20842105263157892,0.02564102564102587,15.388978154,3.2709944248199463,0,99.57618713378906
851.1700000000001,0.41861815212989123,0.14902802972100587,0.21999999999999997,0.17948717948717968,15.388978154,3.2709944248199463,0,99.57618713378906
851.1700000000001,0.41861815212989123,0.14902802972100587,0.21999999999999997,0.17948717948717968,15.388978154,3.2709944248199463,0,99.57618713378906
851.1700000000001,0.41861815212989123,0.14902802972100587,0.21999999999999997,0.17948717948717968,15.388978154,3.2709944248199463,0,99.57618713378906
851.1700000000001,0.41861815212989123,0.14902802972100587,0.21999999999999997,0.17948717948717968,15.388978154,3.2709944248199463,0,99.57618713378906
851.1700000000001,0.4250674039212977,0.15195466731908627,0.21999999999999997,0.17948717948717968,15.388978154,3.2709944248199463,0,99.57618713378906
851.1700000000001,0.4250674039212977,0.15195466731908627,0.21999999999999997,0.17948717948717968,15.477089821,3.2709944248199463,0,99.57618713378906
851.2700000000001,0.4250674039212977,0.15195466731908627,0.21999999999999997,0.17948717948717968,15.477089821,3.2709944248199463,0,99.57618713378906
851.2700000000001,0.4317825013267071,0.15502379866313906,0.21999999999999997,0.17948717948717968,15.477089821,3.2709944248199463,0,99.57618713378906
851.2700000000001,0.4317825013267071,0.15502379866313906,0.21999999999999997,0.17948717948717968,15.380767735,3.2709944248199463,0,99.57618713378906
851.2700000000001,0.4317825013267071,0.15502379866313906,0.21999999999999997,0.17948717948717968,15.380767735,3.2709944248199463,0,99.57618713378906
851.2700000000001,0.4317825013267071,0.15502379866313906,0.21999999999999997,0.17948717948717968,15.380767735,3.2709944248199463,0,99.57618713378906
851.2700000000001,0.4317825013267071,0.15502379866313906,0.20842105263157892,0.17948717948717968,15.380767735,3.2709944248199463,0,99.57618713378906
851.2700000000001,0.4385573270751713,0.1581552714123692,0.20842105263157892,0.17948717948717968,15.28541653,3.2709944248199463,0,99.57618713378906
851.2700000000001,0.4385573270751713,0.1581552714123692,0.20842105263157892,0.17948717948717968,15.28541653,3.2709944248199463,0,99.57618713378906
851.2700000000001,0.4385573270751713,0.1581552714123692,0.20842105263157892,0.17948717948717968,15.28541653,3.2709944248199463,0,99.57618713378906
851.2700000000001,0.4385573270751713,0.1581552714123692,0.20842105263157892,0.17948717948717968,15.28541653,3.2709944248199463,0,99.57618713378906
851.2700000000001,0.4448747175487328,0.16113088536809442,0.20842105263157892,0.17948717948717968,15.377035499,3.2709944248199463,0,99.57618713378906
851.2700000000001,0.4448747175487328,0.16113088536809442,0.20842105263157892,0.17948717948717968,15.377035499,3.2709944248199463,0,99.57618713378906
851.37,0.4448747175487328,0.16113088536809442,0.20842105263157892,0.17948717948717968,15.377035499,3.2709944248199463,0,99.57618713378906
851.37,0.4448747175487328,0.16113088536809442,0.20842105263157892,0.17948717948717968,15.377035499,3.2709944248199463,0,99.57618713378906
851.37,0.45123992038265115,0.16419952186247383,0.19684210526315787,0.17948717948717968,15.478302709,3.2709944248199463,0,99.57618713378906
851.37,0.45123992038265115,0.16419952186247383,0.19684210526315787,0.17948717948717968,15.111297348,3.1934361457824707,0,99.57618713378906
851.37,0.45123992038265115,0.16419952186247383,0.19684210526315787,0.17948717948717968,15.111297348,3.1934361457824707,0,99.57618713378906
851.37,0.45123992038265115,0.16419952186247383,0.19684210526315787,0.17948717948717968,15.111297348,3.1934361457824707,0,99.57618713378906
851.37,0.4571540641393094,0.16711345333033314,0.19684210526315787,0.12820512820512842,15.323177153,3.1934361457824707,0,99.57618713378906
851.37,0.4571540641393094,0.16711345333033314,0.19684210526315787,0.12820512820512842,15.323177153,3.1934361457824707,0,99.57618713378906
851.37,0.4571540641393094,0.16711345333033314,0.19684210526315787,0.12820512820512842,15.323177153,3.1934361457824707,0,99.57618713378906
851.37,0.4571540641393094,0.16711345333033314,0.19684210526315787,0.12820512820512842,15.323177153,3.1934361457824707,0,99.57618713378906
851.37,0.4571540641393094,0.16711345333033314,0.19684210526315787,0.12820512820512842,15.323177153,3.1934361457824707,0,99.57618713378906
851.37,0.4571540641393094,0.16711345333033314,0.19684210526315787,0.12820512820512842,15.323177153,3.1934361457824707,0,99.57618713378906
851.37,0.46312664309681395,0.17010549892241655,0.19684210526315787,0.12820512820512842,15.40113388,3.1934361457824707,0,99.57618713378906
851.47,0.46312664309681395,0.17010549892241655,0.19684210526315787,0.12820512820512842,15.40113388,3.1934361457824707,0,99.57618713378906
851.47,0.46312664309681395,0.17010549892241655,0.19684210526315787,0.12820512820512842,15.40113388,3.1934361457824707,0,99.57618713378906
851.47,0.46312664309681395,0.17010549892241655,0.19684210526315787,0.12820512820512842,15.40113388,3.1934361457824707,0,99.57618713378906
851.47,0.46909000387389954,0.17312434078865782,0.19684210526315787,0.12820512820512842,15.40113388,3.1934361457824707,0,99.57618713378906
851.47,0.46909000387389954,0.17312434078865782,0.19684210526315787,0.12820512820512842,15.40113388,3.1934361457824707,0,99.57618713378906
851.47,0.46909000387389954,0.17312434078865782,0.19684210526315787,0.12820512820512842,15.498837078,3.1934361457824707,0,99.57618713378906
851.47,0.46909000387389954,0.17312434078865782,0.19684210526315787,0.12820512820512842,15.498837078,3.1934361457824707,0,99.57618713378906
851.47,0.46909000387389954,0.17312434078865782,0.21999999999999997,0.17948717948717968,15.498837078,3.1934361457824707,0,99.57618713378906
851.47,0.4750474528529485,0.17615923268397246,0.21999999999999997,0.17948717948717968,15.597103866,3.1934361457824707,0,99.57618713378906
851.47,0.48161387749380324,0.17952905872246044,0.21999999999999997,0.17948717948717968,15.597103866,3.1934361457824707,0,99.57618713378906
851.47,0.48161387749380324,0.17952905872246044,0.21999999999999997,0.17948717948717968,15.597103866,3.1934361457824707,0,99.57618713378906
851.47,0.48161387749380324,0.17952905872246044,0.21999999999999997,0.17948717948717968,15.526478993,3.1934361457824707,0,99.57618713378906
851.57,0.48161387749380324,0.17952905872246044,0.21999999999999997,0.17948717948717968,15.526478993,3.1934361457824707,0,99.57618713378906
851.57,0.48161387749380324,0.17952905872246044,0.20842105263157892,0.17948717948717968,15.526478993,3.1934361457824707,0,99.47004699707031
851.57,0.48161387749380324,0.17952905872246044,0.20842105263157892,0.17948717948717968,15.526478993,3.1934361457824707,0,99.47004699707031
851.57,0.4882349967243353,0.18297942895911595,0.20842105263157892,0.17948717948717968,15.511531587,3.1934361457824707,0,99.47004699707031
851.57,0.4882349967243353,0.18297942895911595,0.20842105263157892,0.17948717948717968,15.511531587,3.1934361457824707,0,99.47004699707031
851.57,0.4882349967243353,0.18297942895911595,0.20842105263157892,0.17948717948717968,15.511531587,3.1934361457824707,0,99.47004699707031
851.57,0.4944012142388603,0.18626832382798966,0.20842105263157892,0.17948717948717968,15.389395846,3.1434361934661865,0,99.47004699707031
851.57,0.4944012142388603,0.18626832382798966,0.20842105263157892,0.17948717948717968,15.389395846,3.1434361934661865,0,99.47004699707031
851.57,0.4944012142388603,0.18626832382798966,0.20842105263157892,0.17948717948717968,15.389395846,3.1434361934661865,0,99.47004699707031
851.57,0.4944012142388603,0.18626832382798966,0.20842105263157892,0.17948717948717968,15.389395846,3.1434361934661865,0,99.47004699707031
851.57,0.4944012142388603,0.18626832382798966,0.20842105263157892,0.17948717948717968,15.389395846,3.1434361934661865,0,99.47004699707031
851.57,0.5006053963504177,0.18966319650293728,0.20842105263157892,0.17948717948717968,15.369290677,3.1434361934661865,0,99.47004699707031
851.57,0.5006053963504177,0.18966319650293728,0.20842105263157892,0.17948717948717968,15.369290677,3.1434361934661865,0,99.47004699707031
851.57,0.5006053963504177,0.18966319650293728,0.20842105263157892,0.17948717948717968,15.369290677,3.1434361934661865,0,99.47004699707031
851.57,0.5006053963504177,0.18966319650293728,0.20842105263157892,0.17948717948717968,15.369290677,3.1434361934661865,0,99.47004699707031
851.6700000000001,0.5067831503188718,0.19311557756590914,0.20842105263157892,0.17948717948717968,15.369290677,3.1434361934661865,0,99.47004699707031
851.6700000000001,0.5067831503188718,0.19311557756590914,0.21999999999999997,0.12820512820512842,15.369290677,3.1434361934661865,0,99.47004699707031
851.6700000000001,0.5067831503188718,0.19311557756590914,0.21999999999999997,0.12820512820512842,15.368460235,3.1434361934661865,0,99.47004699707031
851.6700000000001,0.5067831503188718,0.19311557756590914,0.21999999999999997,0.12820512820512842,15.368460235,3.1434361934661865,0,99.47004699707031
851.6700000000001,0.5067831503188718,0.19311557756590914,0.21999999999999997,0.12820512820512842,15.368460235,3.1434361934661865,0,99.47004699707031
851.6700000000001,0.5067831503188718,0.19311557756590914,0.20842105263157892,0.07692307692307715,15.368460235,3.1434361934661865,0,99.47004699707031
851.6700000000001,0.5067831503188718,0.19311557756590914,0.20842105263157892,0.07692307692307715,15.368460235,3.1434361934661865,0,99.47004699707031
851.6700000000001,0.5067831503188718,0.19311557756590914,0.20842105263157892,0.07692307692307715,15.368460235,3.1434361934661865,0,99.47004699707031
851.6700000000001,0.5132134413953345,0.1967559207842488,0.20842105263157892,0.07692307692307715,15.17895929,3.1434361934661865,0,99.47004699707031
851.6700000000001,0.5132134413953345,0.1967559207842488,0.20842105263157892,0.07692307692307715,15.17895929,3.1434361934661865,0,99.47004699707031
851.6700000000001,0.5132134413953345,0.1967559207842488,0.20842105263157892,0.07692307692307715,15.17895929,3.1434361934661865,0,99.47004699707031
851.6700000000001,0.5132134413953345,0.1967559207842488,0.20842105263157892,0.07692307692307715,15.17895929,3.1434361934661865,0,99.47004699707031
851.6700000000001,0.5193697701545383,0.20026866336511728,0.20842105263157892,0.07692307692307715,15.084629623,3.1434361934661865,0,99.47004699707031
851.7700000000001,0.5193697701545383,0.20026866336511728,0.20842105263157892,0.07692307692307715,15.084629623,3.1434361934661865,0,99.47004699707031
851.7700000000001,0.5193697701545383,0.20026866336511728,0.20842105263157892,0.07692307692307715,15.084629623,3.1434361934661865,0,99.47004699707031
851.7700000000001,0.5193697701545383,0.20026866336511728,0.20842105263157892,0.07692307692307715,15.084629623,3.1434361934661865,0,99.47004699707031
851.7700000000001,0.5255168934820462,0.20379735985990535,0.20842105263157892,0.07692307692307715,14.989780031,3.1434361934661865,0,99.47004699707031
851.7700000000001,0.5255168934820462,0.20379735985990535,0.20842105263157892,0.07692307692307715,14.989780031,3.1434361934661865,0,99.47004699707031
851.7700000000001,0.5255168934820462,0.20379735985990535,0.19684210526315787,0.07692307692307715,14.989780031,3.1434361934661865,0,99.47004699707031
851.7700000000001,0.5316573081442905,0.2073385813632253,0.19684210526315787,0.07692307692307715,14.989780031,3.1434361934661865,0,99.47004699707031
851.7700000000001,0.5316573081442905,0.2073385813632253,0.19684210526315787,0.07692307692307715,14.898964132,3.1434361934661865,0,99.47004699707031
851.7700000000001,0.5316573081442905,0.2073385813632253,0.19684210526315787,0.07692307692307715,14.898964132,3.1434361934661865,0,99.47004699707031
851.7700000000001,0.5316573081442905,0.2073385813632253,0.19684210526315787,0.07692307692307715,14.898964132,3.1434361934661865,0,99.47004699707031
851.7700000000001,0.5316573081442905,0.2073385813632253,0.21999999999999997,0.12820512820512842,14.898964132,3.1434361934661865,0,99.47004699707031
851.7700000000001,0.5316573081442905,0.2073385813632253,0.21999999999999997,0.12820512820512842,14.898964132,3.1434361934661865,0,99.47004699707031
851.7700000000001,0.5374509829018949,0.21069538387745512,0.21999999999999997,0.12820512820512842,14.898964132,3.1434361934661865,0,99.47004699707031
851.87,0.5374509829018949,0.21069538387745512,0.21999999999999997,0.12820512820512842,14.817574007,3.0934362411499023,0,99.47004699707031
851.87,0.5374509829018949,0.21069538387745512,0.21999999999999997,0.12820512820512842,14.817574007,3.0934362411499023,0,99.47004699707031
851.87,0.5374509829018949,0.21069538387745512,0.21999999999999997,0.12820512820512842,14.817574007,3.0934362411499023,0,99.47004699707031
851.87,0.5439090748753717,0.2144599528713616,0.21999999999999997,0.12820512820512842,14.810613571,3.0934362411499023,0,99.47004699707031
851.87,0.5439090748753717,0.2144599528713616,0.21999999999999997,0.12820512820512842,14.810613571,3.0934362411499023,0,99.47004699707031
851.87,0.5439090748753717,0.2144599528713616,0.21999999999999997,0.12820512820512842,14.810613571,3.0934362411499023,0,99.47004699707031
851.87,0.5439090748753717,0.2144599528713616,0.21999999999999997,0.12820512820512842,14.810613571,3.0934362411499023,0,99.47004699707031
851.87,0.551726874779347,0.21808792522640413,0.21999999999999997,0.17948717948717968,14.696869408,3.0934362411499023,0,99.47004699707031
851.87,0.551726874779347,0.21808792522640413,0.21999999999999997,0.17948717948717968,14.696869408,3.0934362411499023,0,99.47004699707031
851.87,0.551726874779347,0.21808792522640413,0.21999999999999997,0.17948717948717968,14.696869408,3.0934362411499023,0,99.47004699707031
851.87,0.551726874779347,0.21808792522640413,0.21999999999999997,0.17948717948717968,14.696869408,3.0934362411499023,0,99.47004699707031
851.87,0.551726874779347,0.21808792522640413,0.21999999999999997,0.17948717948717968,14.696869408,3.0934362411499023,0,99.47004699707031
851.97,0.5610590110797812,0.22158080193360916,0.21999999999999997,0.17948717948717968,14.604301225,3.0934362411499023,0,99.47004699707031
851.97,0.5610590110797812,0.22158080193360916,0.21999999999999997,0.17948717948717968,14.604301225,3.0934362411499023,0,99.47004699707031
851.97,0.5610590110797812,0.22158080193360916,0.21999999999999997,0.17948717948717968,14.604301225,3.0934362411499023,0,99.47004699707031
851.97,0.5703525694858277,0.2251291523224187,0.21999999999999997,0.17948717948717968,14.514572649,3.0934362411499023,0,99.47004699707031
851.97,0.5703525694858277,0.2251291523224187,0.21999999999999997,0.17948717948717968,14.514572649,3.0934362411499023,0,99.47004699707031
851.97,0.5703525694858277,0.2251291523224187,0.21999999999999997,0.23076923076923095,14.514572649,3.0934362411499023,0,99.47004699707031
851.97,0.5796071691328386,0.22873246275870726,0.21999999999999997,0.23076923076923095,14.514572649,3.0934362411499023,0,99.47004699707031
851.97,0.5796071691328386,0.22873246275870726,0.21999999999999997,0.23076923076923095,14.499124076,3.0934362411499023,0,99.47004699707031
851.97,0.5796071691328386,0.22873246275870726,0.21999999999999997,0.23076923076923095,14.499124076,3.0934362411499023,0,99.47004699707031
851.97,0.5796071691328386,0.22873246275870726,0.21999999999999997,0.23076923076923095,14.499124076,3.0934362411499023,0,99.47004699707031
851.97,0.5796071691328386,0.22873246275870726,0.21999999999999997,0.23076923076923095,14.499124076,3.0934362411499023,0,99.47004699707031
851.97,0.588820633077174,0.23239521240807876,0.21999999999999997,0.23076923076923095,14.499124076,3.0934362411499023,0,99.47004699707031
851.97,0.588820633077174,0.23239521240807876,0.21999999999999997,0.23076923076923095,14.412489477,3.0934362411499023,0,99.47004699707031
852.07,0.588820633077174,0.23239521240807876,0.21999999999999997,0.23076923076923095,14.412489477,3.0934362411499023,0,99.35051727294922
852.07,0.588820633077174,0.23239521240807876,0.21999999999999997,0.23076923076923095,14.412489477,3.0934362411499023,0,99.35051727294922
852.07,0.597989012434437,0.23612302524651124,0.20842105263157892,0.07692307692307715,13.992906103,3.019829273223877,0,99.35051727294922
852.07,0.597989012434437,0.23612302524651124,0.20842105263157892,0.07692307692307715,13.992906103,3.019829273223877,0,99.35051727294922
852.07,0.597989012434437,0.23612302524651124,0.20842105263157892,0.07692307692307715,13.992906103,3.019829273223877,0,99.35051727294922
852.07,0.597989012434437,0.23612302524651124,0.20842105263157892,0.07692307692307715,13.992906103,3.019829273223877,0,99.35051727294922
852.07,0.597989012434437,0.23612302524651124,0.20842105263157892,0.07692307692307715,13.992906103,3.019829273223877,0,99.35051727294922
852.07,0.604845375108524,0.2399013106471094,0.20842105263157892,0.07692307692307715,13.992906103,3.019829273223877,0,99.35051727294922
852.07,0.604845375108524,0.2399013106471094,0.20842105263157892,0.07692307692307715,13.992725187,3.019829273223877,0,99.35051727294922
852.07,0.604845375108524,0.2399013106471094,0.20842105263157892,0.07692307692307715,13.992725187,3.019829273223877,0,99.35051727294922
852.07,0.604845375108524,0.2399013106471094,0.20842105263157892,0.07692307692307715,13.992725187,3.019829273223877,0,99.35051727294922
852.07,0.604845375108524,0.2399013106471094,0.20842105263157892,0.07692307692307715,13.951452288,3.0109219551086426,0,99.35051727294922
852.07,0.6107533784178788,0.24380334028759232,0.21999999999999997,0.12820512820512842,13.868927456,3.0109219551086426,0,99.35051727294922
852.1700000000001,0.6107533784178788,0.24380334028759232,0.21999999999999997,0.12820512820512842,13.868927456,3.0109219551086426,0,99.35051727294922
852.1700000000001,0.6107533784178788,0.24380334028759232,0.21999999999999997,0.12820512820512842,13.868927456,3.0109219551086426,0,99.35051727294922
852.1700000000001,0.6107533784178788,0.24380334028759232,0.21999999999999997,0.12820512820512842,13.868927456,3.0109219551086426,0,99.35051727294922
852.1700000000001,0.6166663216776318,0.24770789087500028,0.21999999999999997,0.12820512820512842,13.95205401,3.0109219551086426,0,99.35051727294922
852.1700000000001,0.6166663216776318,0.24770789087500028,0.21999999999999997,0.12820512820512842,13.95205401,3.0109219551086426,0,99.35051727294922
852.1700000000001,0.6166663216776318,0.24770789087500028,0.21999999999999997,0.12820512820512842,13.95205401,3.0109219551086426,0,99.35051727294922
852.1700000000001,0.6166663216776318,0.24770789087500028,0.21999999999999997,0.12820512820512842,13.95205401,3.0109219551086426,0,99.35051727294922
852.1700000000001,0.6229155617730021,0.25181734125165545,0.21999999999999997,0.12820512820512842,13.953250757,3.0109219551086426,0,99.35051727294922
852.1700000000001,0.6229155617730021,0.25181734125165545,0.21999999999999997,0.12820512820512842,13.953250757,3.0109219551086426,0,99.35051727294922
852.1700000000001,0.6229155617730021,0.25181734125165545,0.20842105263157892,-0.02564102564102541,13.953250757,3.0109219551086426,0,99.35051727294922
852.1700000000001,0.6229155617730021,0.25181734125165545,0.20842105263157892,-0.02564102564102541,13.953250757,3.0109219551086426,0,99.35051727294922
852.1700000000001,0.629163361126599,0.25592380306433393,0.20842105263157892,-0.02564102564102541,13.953250757,3.0109219551086426,0,99.35051727294922
852.2700000000001,0.629163361126599,0.25592380306433393,0.20842105263157892,-0.02564102564102541,13.95586373,3.0109219551086426,0,99.35051727294922
852.2700000000001,0.629163361126599,0.25592380306433393,0.20842105263157892,-0.02564102564102541,13.95586373,3.0109219551086426,0,99.35051727294922
852.2700000000001,0.629163361126599,0.25592380306433393,0.20842105263157892,-0.02564102564102541,13.95586373,3.0109219551086426,0,99.35051727294922
852.2700000000001,0.629163361126599,0.25592380306433393,0.20842105263157892,-0.02564102564102541,13.95586373,3.0109219551086426,0,99.35051727294922
852.2700000000001,0.629163361126599,0.25592380306433393,0.20842105263157892,-0.02564102564102541,13.95586373,3.0109219551086426,0,99.35051727294922
852.2700000000001,0.6350758061901053,0.25983539740272965,0.20842105263157892,-0.02564102564102541,14.038193305,3.0109219551086426,0,99.35051727294922
852.2700000000001,0.6350758061901053,0.25983539740272965,0.20842105263157892,-0.02564102564102541,14.038193305,3.0109219551086426,0,99.35051727294922
852.2700000000001,0.6350758061901053,0.25983539740272965,0.21999999999999997,0.07692307692307715,14.038193305,3.0109219551086426,0,99.35051727294922
852.2700000000001,0.6409748494583674,0.26376427736810154,0.21999999999999997,0.07692307692307715,14.115475177,3.0109219551086426,0,99.35051727294922
852.2700000000001,0.6409748494583674,0.26376427736810154,0.21999999999999997,0.07692307692307715,14.115475177,3.0109219551086426,0,99.35051727294922
852.2700000000001,0.6409748494583674,0.26376427736810154,0.21999999999999997,0.07692307692307715,14.115475177,3.0109219551086426,0,99.35051727294922
852.2700000000001,0.6472058532022756,0.26791025200825386,0.21999999999999997,0.07692307692307715,14.115475177,3.0109219551086426,0,99.35051727294922
852.37,0.6472058532022756,0.26791025200825386,0.21999999999999997,0.07692307692307715,13.876731763,2.9609220027923584,0,99.35051727294922
852.37,0.6472058532022756,0.26791025200825386,0.21999999999999997,0.07692307692307715,13.876731763,2.9609220027923584,0,99.35051727294922
852.37,0.6472058532022756,0.26791025200825386,0.21999999999999997,0.07692307692307715,13.876731763,2.9609220027923584,0,99.35051727294922
852.37,0.6472058532022756,0.26791025200825386,0.21999999999999997,0.07692307692307715,13.876731763,2.9609220027923584,0,99.35051727294922
852.37,0.6472058532022756,0.26791025200825386,0.21999999999999997,0.07692307692307715,13.876731763,2.9609220027923584,0,99.35051727294922
852.37,0.6534502048202472,0.2720363236466799,0.21999999999999997,0.07692307692307715,13.872778287,2.9609220027923584,0,99.35051727294922
852.37,0.6534502048202472,0.2720363236466799,0.21999999999999997,0.07692307692307715,13.872778287,2.9609220027923584,0,99.35051727294922
852.37,0.6534502048202472,0.2720363236466799,0.21999999999999997,0.07692307692307715,13.872778287,2.9609220027923584,0,99.35051727294922
852.37,0.6596993325388699,0.27614504175593246,0.21999999999999997,0.07692307692307715,13.788617563,2.9609220027923584,0,99.35051727294922
852.37,0.6596993325388699,0.27614504175593246,0.21999999999999997,0.07692307692307715,13.788617563,2.9609220027923584,0,99.35051727294922
852.37,0.6596993325388699,0.27614504175593246,0.21999999999999997,0.07692307692307715,13.788617563,2.9609220027923584,0,99.35051727294922
852.47,0.6659337762276987,0.2802691981238079,0.21999999999999997,0.07692307692307715,13.788617563,2.9609220027923584,0,99.35051727294922
852.47,0.6659337762276987,0.2802691981238079,0.21999999999999997,0.07692307692307715,13.708414302,2.9609220027923584,0,99.35051727294922
852.47,0.6659337762276987,0.2802691981238079,0.21999999999999997,0.07692307692307715,13.708414302,2.9609220027923584,0,99.35051727294922
852.47,0.6659337762276987,0.2802691981238079,0.21999999999999997,0.07692307692307715,13.708414302,2.9609220027923584,0,99.35051727294922
852.47,0.6659337762276987,0.2802691981238079,0.21999999999999997,-0.02564102564102541,13.708414302,2.9609220027923584,0,99.35051727294922
852.47,0.6721394030059461,0.2844280954230206,0.21999999999999997,-0.02564102564102541,13.708414302,2.9609220027923584,0,99.35051727294922
852.47,0.6721394030059461,0.2844280954230206,0.21999999999999997,-0.02564102564102541,13.630918285,2.9609220027923584,0,99.35051727294922
852.47,0.6721394030059461,0.2844280954230206,0.21999999999999997,-0.02564102564102541,13.630918285,2.9609220027923584,0,99.35051727294922
852.47,0.6721394030059461,0.2844280954230206,0.21999999999999997,-0.02564102564102541,13.630918285,2.9609220027923584,0,99.35051727294922
852.47,0.6783244169912431,0.28862744430614756,0.21999999999999997,-0.02564102564102541,13.629536592000001,2.9609220027923584,0,99.35051727294922
852.47,0.6783244169912431,0.28862744430614756,0.21999999999999997,-0.02564102564102541,13.629536592000001,2.9609220027923584,0,99.35051727294922
852.47,0.6783244169912431,0.28862744430614756,0.21999999999999997,-0.02564102564102541,13.629536592000001,2.9609220027923584,0,99.35051727294922
852.57,0.6783244169912431,0.28862744430614756,0.21999999999999997,-0.02564102564102541,13.629536592000001,2.9609220027923584,0,99.35051727294922
852.57,0.6845070031198504,0.29283707772148654,0.21999999999999997,-0.02564102564102541,13.62582172,2.9609220027923584,0,99.24481201171875
852.57,0.6845070031198504,0.29283707772148654,0.21999999999999997,-0.02564102564102541,13.62582172,2.9609220027923584,0,99.24481201171875
852.57,0.6845070031198504,0.29283707772148654,0.21999999999999997,-0.02564102564102541,13.62582172,2.9609220027923584,0,99.24481201171875
852.57,0.6845070031198504,0.29283707772148654,0.21999999999999997,-0.02564102564102541,13.62582172,2.9609220027923584,0,99.24481201171875
852.57,0.6845070031198504,0.29283707772148654,0.21999999999999997,-0.02564102564102541,13.62582172,2.9609220027923584,0,99.24481201171875
852.57,0.6845070031198504,0.29283707772148654,0.21999999999999997,-0.02564102564102541,13.62582172,2.9609220027923584,0,99.24481201171875
852.57,0.6907072782412869,0.2970304463733939,0.21999999999999997,-0.02564102564102541,13.546694289,2.9609220027923584,0,99.24481201171875
852.57,0.6907072782412869,0.2970304463733939,0.19684210526315787,0.02564102564102587,13.546694289,2.9609220027923584,0,99.24481201171875
852.57,0.6907072782412869,0.2970304463733939,0.19684210526315787,0.02564102564102587,13.546694289,2.9609220027923584,0,99.24481201171875
852.57,0.6907072782412869,0.2970304463733939,0.19684210526315787,0.02564102564102587,13.546694289,2.9609220027923584,0,99.24481201171875
852.57,0.6969302926441069,0.3011886559466122,0.19684210526315787,0.02564102564102587,13.546694289,2.9609220027923584,0,99.24481201171875
852.57,0.6969302926441069,0.3011886559466122,0.21999999999999997,0.07692307692307715,13.184982615,2.899118661880493,0,99.24481201171875
852.57,0.6969302926441069,0.3011886559466122,0.21999999999999997,0.07692307692307715,13.184982615,2.899118661880493,0,99.24481201171875
852.57,0.6969302926441069,0.3011886559466122,0.21999999999999997,0.07692307692307715,13.184982615,2.899118661880493,0,99.24481201171875
852.6700000000001,0.702510193478011,0.30489105435702735,0.21999999999999997,0.07692307692307715,13.184982615,2.899118661880493,0,99.24481201171875
852.6700000000001,0.702510193478011,0.30489105435702735,0.21999999999999997,0.07692307692307715,13.34142028,2.899118661880493,0,99.24481201171875
852.6700000000001,0.702510193478011,0.30489105435702735,0.21999999999999997,0.07692307692307715,13.34142028,2.899118661880493,0,99.24481201171875
852.6700000000001,0.702510193478011,0.30489105435702735,0.21999999999999997,0.07692307692307715,13.34142028,2.899118661880493,0,99.24481201171875
852.6700000000001,0.702510193478011,0.30489105435702735,0.21999999999999997,0.07692307692307715,13.34142028,2.899118661880493,0,99.24481201171875
852.6700000000001,0.7087272695498507,0.3090300812475686,0.21999999999999997,0.07692307692307715,13.34058547,2.899118661880493,0,99.24481201171875
852.6700000000001,0.7087272695498507,0.3090300812475686,0.21999999999999997,0.07692307692307715,13.34058547,2.899118661880493,0,99.24481201171875
852.6700000000001,0.7087272695498507,0.3090300812475686,0.21999999999999997,0.12820512820512842,13.34058547,2.899118661880493,0,99.24481201171875
852.6700000000001,0.7149202163977324,0.313205609802625,0.21999999999999997,0.12820512820512842,13.34073553,2.899118661880493,0,99.24481201171875
852.6700000000001,0.7149202163977324,0.313205609802625,0.21999999999999997,0.12820512820512842,13.34073553,2.899118661880493,0,99.24481201171875
852.6700000000001,0.7149202163977324,0.313205609802625,0.21999999999999997,0.12820512820512842,13.34073553,2.899118661880493,0,99.24481201171875
852.6700000000001,0.7149202163977324,0.313205609802625,0.21999999999999997,0.12820512820512842,13.34073553,2.899118661880493,0,99.24481201171875
852.7700000000001,0.7149202163977324,0.313205609802625,0.21999999999999997,0.12820512820512842,13.34073553,2.899118661880493,0,99.24481201171875
852.7700000000001,0.7210834010822517,0.317424202776011,0.21999999999999997,0.12820512820512842,13.340742567,2.899118661880493,0,99.24481201171875
852.7700000000001,0.7210834010822517,0.317424202776011,0.21999999999999997,0.12820512820512842,13.340742567,2.899118661880493,0,99.24481201171875
852.7700000000001,0.7210834010822517,0.317424202776011,0.21999999999999997,0.12820512820512842,13.340742567,2.899118661880493,0,99.24481201171875
852.7700000000001,0.7272268251623462,0.3216776575338889,0.21999999999999997,0.12820512820512842,13.338919937,2.899118661880493,0,99.24481201171875
852.7700000000001,0.7272268251623462,0.3216776575338889,0.21999999999999997,0.02564102564102587,13.338919937,2.899118661880493,0,99.24481201171875
852.7700000000001,0.7272268251623462,0.3216776575338889,0.21999999999999997,0.02564102564102587,13.338919937,2.899118661880493,0,99.24481201171875
852.7700000000001,0.7333585089119375,0.3259531326571662,0.21999999999999997,0.02564102564102587,13.340284691,2.899118661880493,0,99.24481201171875
852.7700000000001,0.7333585089119375,0.3259531326571662,0.21999999999999997,0.02564102564102587,13.340284691,2.899118661880493,0,99.24481201171875
852.7700000000001,0.7333585089119375,0.3259531326571662,0.21999999999999997,0.02564102564102587,13.340284691,2.899118661880493,0,99.24481201171875
852.87,0.7333585089119375,0.3259531326571662,0.21999999999999997,0.02564102564102587,13.340284691,2.899118661880493,0,99.24481201171875
852.87,0.739483009981323,0.33024317125366426,0.21999999999999997,0.02564102564102587,13.341843192,2.899118661880493,0,99.24481201171875
852.87,0.739483009981323,0.33024317125366426,0.21999999999999997,0.02564102564102587,13.341843192,2.899118661880493,0,99.24481201171875
852.87,0.739483009981323,0.33024317125366426,0.21999999999999997,0.02564102564102587,13.341843192,2.899118661880493,0,99.24481201171875
852.87,0.739483009981323,0.33024317125366426,0.21999999999999997,0.02564102564102587,13.341843192,2.899118661880493,0,99.24481201171875
852.87,0.7456022925703204,0.3345448858255309,0.20842105263157892,0.0,13.015339702,2.8284080028533936,0,99.24481201171875
852.87,0.7456022925703204,0.3345448858255309,0.20842105263157892,0.0,13.015339702,2.8284080028533936,0,99.24481201171875
852.87,0.7456022925703204,0.3345448858255309,0.20842105263157892,0.0,13.015339702,2.8284080028533936,0,99.24481201171875
852.87,0.7456022925703204,0.3345448858255309,0.20842105263157892,0.0,13.015339702,2.8284080028533936,0,99.24481201171875
852.87,0.7456022925703204,0.3345448858255309,0.20842105263157892,0.0,13.015339702,2.8284080028533936,0,99.24481201171875
852.87,0.751720433531591,0.33884959164540646,0.20842105263157892,0.0,13.018278255,2.8284080028533936,0,99.24481201171875
852.87,0.751720433531591,0.33884959164540646,0.20842105263157892,0.0,13.018278255,2.8284080028533936,0,99.24481201171875
852.87,0.751720433531591,0.33884959164540646,0.20842105263157892,0.0,13.018278255,2.8284080028533936,0,99.24481201171875
852.97,0.751720433531591,0.33884959164540646,0.20842105263157892,0.0,13.018278255,2.8284080028533936,0,99.24481201171875
852.97,0.7575163354130275,0.3429296401336837,0.20842105263157892,0.0,12.944815491,2.8284080028533936,0,99.24481201171875
852.97,0.7575163354130275,0.3429296401336837,0.19684210526315787,0.0,12.944815491,2.8284080028533936,0,99.24481201171875
852.97,0.7575163354130275,0.3429296401336837,0.19684210526315787,0.0,12.944815491,2.8284080028533936,0,99.24481201171875
852.97,0.763308135039923,0.3470136497126348,0.19684210526315787,0.0,13.018923284,2.8284080028533936,0,99.24481201171875
852.97,0.763308135039923,0.3470136497126348,0.19684210526315787,0.0,13.018923284,2.8284080028533936,0,99.24481201171875
852.97,0.763308135039923,0.3470136497126348,0.19684210526315787,0.0,13.018923284,2.8284080028533936,0,99.24481201171875
852.97,0.7687702477529335,0.35087948853476525,0.19684210526315787,0.0,13.17624969,2.8284080028533936,0,99.24481201171875
852.97,0.7687702477529335,0.35087948853476525,0.19684210526315787,0.0,13.17624969,2.8284080028533936,0,99.24481201171875
852.97,0.7687702477529335,0.35087948853476525,0.19684210526315787,0.0,13.17624969,2.8284080028533936,0,99.24481201171875
853.07,0.7687702477529335,0.35087948853476525,0.19684210526315787,0.0,13.17624969,2.8284080028533936,0,99.13501739501953
853.07,0.77422474343491,0.35475584038767977,0.19684210526315787,0.0,13.330526886,2.8284080028533936,0,99.13501739501953
853.07,0.77422474343491,0.35475584038767977,0.18526315789473682,-0.02564102564102541,13.330526886,2.8284080028533936,0,99.13501739501953
853.07,0.77422474343491,0.35475584038767977,0.18526315789473682,-0.02564102564102541,13.330526886,2.8284080028533936,0,99.13501739501953
853.07,0.77422474343491,0.35475584038767977,0.18526315789473682,-0.02564102564102541,13.330526886,2.8284080028533936,0,99.13501739501953
853.07,0.7796758407028735,0.3586397790799563,0.18526315789473682,-0.02564102564102541,13.49246113,2.8284080028533936,0,99.13501739501953
853.07,0.7796758407028735,0.3586397790799563,0.18526315789473682,-0.02564102564102541,13.49246113,2.8284080028533936,0,99.13501739501953
853.07,0.7796758407028735,0.3586397790799563,0.18526315789473682,-0.02564102564102541,13.49246113,2.8284080028533936,0,99.13501739501953
853.07,0.7796758407028735,0.3586397790799563,0.18526315789473682,-0.02564102564102541,13.49246113,2.8284080028533936,0,99.13501739501953
853.07,0.7848051397266771,0.3622958221770003,0.18526315789473682,-0.02564102564102541,13.7459987,2.8284080028533936,0,99.13501739501953
853.07,0.7848051397266771,0.3622958221770003,0.18526315789473682,-0.02564102564102541,13.7459987,2.8284080028533936,0,99.13501739501953
853.1700000000001,0.7848051397266771,0.3622958221770003,0.18526315789473682,-0.02564102564102541,13.7459987,2.8284080028533936,0,99.13501739501953
853.1700000000001,0.7899368330864346,0.3659485903264027,0.21999999999999997,0.0,13.7459987,2.8284080028533936,0,99.13501739501953
853.1700000000001,0.7899368330864346,0.3659485903264027,0.21999999999999997,0.0,14.001906555,2.8284080028533936,0,99.13501739501953
853.1700000000001,0.7899368330864346,0.3659485903264027,0.21999999999999997,0.0,14.001906555,2.8284080028533936,0,99.13501739501953
853.1700000000001,0.7899368330864346,0.3659485903264027,0.21999999999999997,0.0,14.001906555,2.8284080028533936,0,99.13501739501953
853.1700000000001,0.7959894887195114,0.3702507222910789,0.21999999999999997,0.0,14.014095098,2.8284080028533936,0,99.13501739501953
853.1700000000001,0.7959894887195114,0.3702507222910789,0.21999999999999997,0.0,14.014095098,2.8284080028533936,0,99.13501739501953
853.1700000000001,0.7959894887195114,0.3702507222910789,0.21999999999999997,0.0,14.014095098,2.8284080028533936,0,99.13501739501953
853.1700000000001,0.7959894887195114,0.3702507222910789,0.21999999999999997,0.0,14.014095098,2.8284080028533936,0,99.13501739501953
853.1700000000001,0.8020798531411422,0.3745856020761961,0.21999999999999997,0.0,14.014095098,2.8284080028533936,0,99.13501739501953
853.1700000000001,0.8020798531411422,0.3745856020761961,0.21999999999999997,0.0,14.012090628,2.8284080028533936,0,99.13501739501953
853.1700000000001,0.8020798531411422,0.3745856020761961,0.21999999999999997,0.0,14.012090628,2.8284080028533936,0,99.13501739501953
853.1700000000001,0.8020798531411422,0.3745856020761961,0.21999999999999997,0.0,14.012090628,2.8284080028533936,0,99.13501739501953
853.2700000000001,0.8020798531411422,0.3745856020761961,0.21999999999999997,0.0,14.012090628,2.8284080028533936,0,99.13501739501953
853.2700000000001,0.8020798531411422,0.3745856020761961,0.21999999999999997,0.0,14.012090628,2.8284080028533936,0,99.13501739501953
853.2700000000001,0.808164749714164,0.378926123520812,0.21999999999999997,0.0,13.576035097,2.757697343826294,0,99.13501739501953
853.2700000000001,0.808164749714164,0.378926123520812,0.20842105263157892,0.0,13.576035097,2.757697343826294,0,99.13501739501953
853.2700000000001,0.808164749714164,0.378926123520812,0.20842105263157892,0.0,13.576035097,2.757697343826294,0,99.13501739501953
853.2700000000001,0.8144446027726246,0.38252199207678295,0.20842105263157892,0.0,13.493058378,2.757697343826294,0,99.13501739501953
853.2700000000001,0.8144446027726246,0.38252199207678295,0.20842105263157892,0.0,13.493058378,2.757697343826294,0,99.13501739501953
853.2700000000001,0.8144446027726246,0.38252199207678295,0.20842105263157892,0.0,13.493058378,2.757697343826294,0,99.13501739501953
853.2700000000001,0.8144446027726246,0.38252199207678295,0.21999999999999997,-0.07692307692307669,13.493058378,2.757697343826294,0,99.13501739501953
853.2700000000001,0.8210189092585304,0.38340528924250866,0.21999999999999997,-0.07692307692307669,13.416089405,2.757697343826294,0,99.13501739501953
853.2700000000001,0.8210189092585304,0.38340528924250866,0.21999999999999997,-0.07692307692307669,13.416089405,2.757697343826294,0,99.13501739501953
853.37,0.8210189092585304,0.38340528924250866,0.21999999999999997,-0.07692307692307669,13.416089405,2.757697343826294,0,99.13501739501953
853.37,0.8279659750995787,0.3845165243258113,0.21999999999999997,-0.07692307692307669,13.416089405,2.757697343826294,0,99.13501739501953
853.37,0.8279659750995787,0.3845165243258113,0.21999999999999997,-0.07692307692307669,13.253630984,2.757697343826294,0,99.13501739501953
853.37,0.8279659750995787,0.3845165243258113,0.21999999999999997,-0.07692307692307669,13.253630984,2.757697343826294,0,99.13501739501953
853.37,0.8279659750995787,0.3845165243258113,0.21999999999999997,-0.07692307692307669,13.253630984,2.757697343826294,0,99.13501739501953
853.37,0.834935665637889,0.38559812107923774,0.21999999999999997,-0.07692307692307669,13.090930444,2.757697343826294,0,99.13501739501953
853.37,0.834935665637889,0.38559812107923774,0.21999999999999997,-0.07692307692307669,13.090930444,2.757697343826294,0,99.13501739501953
853.37,0.834935665637889,0.38559812107923774,0.20842105263157892,-0.07692307692307669,13.090930444,2.757697343826294,0,99.13501739501953
853.37,0.834935665637889,0.38559812107923774,0.20842105263157892,-0.07692307692307669,13.090930444,2.757697343826294,0,99.13501739501953
853.37,0.8419336403949985,0.38663851796657456,0.20842105263157892,-0.07692307692307669,12.850920258,2.757697343826294,0,99.13501739501953
853.47,0.8419336403949985,0.38663851796657456,0.20842105263157892,-0.07692307692307669,12.850920258,2.757697343826294,0,99.13501739501953
853.47,0.8419336403949985,0.38663851796657456,0.20842105263157892,-0.07692307692307669,12.850920258,2.757697343826294,0,99.13501739501953
853.47,0.8419336403949985,0.38663851796657456,0.20842105263157892,-0.07692307692307669,12.850920258,2.757697343826294,0,99.13501739501953
853.47,0.8486407134521511,0.3874076766535399,0.20842105263157892,-0.07692307692307669,12.702554233,2.757697343826294,0,99.13501739501953
853.47,0.8486407134521511,0.3874076766535399,0.20842105263157892,-0.07692307692307669,12.702554233,2.757697343826294,0,99.13501739501953
853.47,0.8486407134521511,0.3874076766535399,0.20842105263157892,-0.07692307692307669,12.702554233,2.757697343826294,0,99.13501739501953
853.47,0.8486407134521511,0.3874076766535399,0.20842105263157892,-0.07692307692307669,12.702554233,2.757697343826294,0,99.13501739501953
853.47,0.8551441531863052,0.3889948132620855,0.21999999999999997,-0.12820512820512797,12.765898494,2.757697343826294,0,99.13501739501953
853.47,0.8551441531863052,0.3889948132620855,0.21999999999999997,-0.12820512820512797,12.765898494,2.757697343826294,0,99.13501739501953
853.47,0.8551441531863052,0.3889948132620855,0.21999999999999997,-0.12820512820512797,12.765898494,2.757697343826294,0,99.13501739501953
853.47,0.8551441531863052,0.3889948132620855,0.21999999999999997,-0.12820512820512797,12.765898494,2.757697343826294,0,99.13501739501953
853.47,0.8613480107557666,0.39318492730379234,0.21999999999999997,-0.12820512820512797,12.764529046,2.757697343826294,0,99.13501739501953
853.57,0.8613480107557666,0.39318492730379234,0.21999999999999997,-0.12820512820512797,12.764529046,2.757697343826294,0,99.0332260131836
853.57,0.8613480107557666,0.39318492730379234,0.21999999999999997,-0.12820512820512797,12.764529046,2.757697343826294,0,99.0332260131836
853.57,0.8675644417902796,0.39735801318465835,0.21999999999999997,-0.12820512820512797,12.763000748,2.757697343826294,0,99.0332260131836
853.57,0.8675644417902796,0.39735801318465835,0.21999999999999997,-0.12820512820512797,12.763000748,2.757697343826294,0,99.0332260131836
853.57,0.8675644417902796,0.39735801318465835,0.21999999999999997,-0.12820512820512797,12.763000748,2.757697343826294,0,99.0332260131836
853.57,0.8737969141101231,0.40150970501555955,0.20842105263157892,-0.12820512820512797,12.759592028,2.757697343826294,0,99.0332260131836
853.57,0.8737969141101231,0.40150970501555955,0.20842105263157892,-0.12820512820512797,12.759592028,2.757697343826294,0,99.0332260131836
853.57,0.8737969141101231,0.40150970501555955,0.20842105263157892,-0.12820512820512797,12.759592028,2.757697343826294,0,99.0332260131836
853.57,0.8737969141101231,0.40150970501555955,0.20842105263157892,-0.12820512820512797,12.759592028,2.757697343826294,0,99.0332260131836
853.57,0.8800503611736902,0.40562886362690015,0.20842105263157892,-0.12820512820512797,12.348835477,2.6869866847991943,0,99.0332260131836
853.6700000000001,0.8800503611736902,0.40562886362690015,0.20842105263157892,-0.12820512820512797,12.348835477,2.6869866847991943,0,99.0332260131836
853.6700000000001,0.8800503611736902,0.40562886362690015,0.20842105263157892,-0.12820512820512797,12.348835477,2.6869866847991943,0,99.0332260131836
853.6700000000001,0.8800503611736902,0.40562886362690015,0.20842105263157892,-0.12820512820512797,12.348835477,2.6869866847991943,0,99.0332260131836
853.6700000000001,0.8859963183914616,0.40950078666892004,0.20842105263157892,-0.12820512820512797,12.420027151,2.6869866847991943,0,99.0332260131836
853.6700000000001,0.8859963183914616,0.40950078666892004,0.20842105263157892,-0.12820512820512797,12.420027151,2.6869866847991943,0,99.0332260131836
853.6700000000001,0.8859963183914616,0.40950078666892004,0.19684210526315787,-0.12820512820512797,12.420027151,2.6869866847991943,0,99.0332260131836
853.6700000000001,0.8859963183914616,0.40950078666892004,0.19684210526315787,-0.12820512820512797,12.420027151,2.6869866847991943,0,99.0332260131836
853.6700000000001,0.8919600718446206,0.41334095936686155,0.19684210526315787,-0.12820512820512797,12.492920922,2.6869866847991943,0,99.0332260131836
853.6700000000001,0.8919600718446206,0.41334095936686155,0.19684210526315787,-0.12820512820512797,12.492920922,2.6869866847991943,0,99.0332260131836
853.6700000000001,0.8919600718446206,0.41334095936686155,0.19684210526315787,-0.12820512820512797,12.492920922,2.6869866847991943,0,99.0332260131836
853.6700000000001,0.8919600718446206,0.41334095936686155,0.19684210526315787,-0.12820512820512797,12.492920922,2.6869866847991943,0,99.0332260131836
853.6700000000001,0.8976057295677446,0.416945555904395,0.19684210526315787,-0.12820512820512797,12.646454976,2.6869866847991943,0,99.0332260131836
853.7700000000001,0.8976057295677446,0.416945555904395,0.19684210526315787,-0.12820512820512797,12.646454976,2.6869866847991943,0,99.0332260131836
853.7700000000001,0.8976057295677446,0.416945555904395,0.19684210526315787,-0.12820512820512797,12.646454976,2.6869866847991943,0,99.0332260131836
853.7700000000001,0.8976057295677446,0.416945555904395,0.19684210526315787,-0.12820512820512797,12.646454976,2.6869866847991943,0,99.0332260131836
853.7700000000001,0.9032640785404059,0.42053028353706223,0.21999999999999997,-0.07692307692307669,12.719660852,2.6869866847991943,0,99.0332260131836
853.7700000000001,0.9032640785404059,0.42053028353706223,0.21999999999999997,-0.07692307692307669,12.719660852,2.6869866847991943,0,99.0332260131836
853.7700000000001,0.9032640785404059,0.42053028353706223,0.21999999999999997,-0.07692307692307669,12.719660852,2.6869866847991943,0,99.0332260131836
853.7700000000001,0.908933902409412,0.42409382524733324,0.21999999999999997,-0.07692307692307669,12.719660852,2.6869866847991943,0,99.0332260131836
853.7700000000001,0.908933902409412,0.42409382524733324,0.21999999999999997,-0.07692307692307669,12.797607619,2.6869866847991943,0,99.0332260131836
853.7700000000001,0.908933902409412,0.42409382524733324,0.21999999999999997,-0.07692307692307669,12.797607619,2.6869866847991943,0,99.0332260131836
853.7700000000001,0.908933902409412,0.42409382524733324,0.21999999999999997,-0.07692307692307669,12.797607619,2.6869866847991943,0,99.0332260131836
853.7700000000001,0.9152837717114054,0.4280469310483301,0.21999999999999997,-0.07692307692307669,12.80036686,2.6869866847991943,0,99.0332260131836
853.87,0.9152837717114054,0.4280469310483301,0.21999999999999997,-0.07692307692307669,12.80036686,2.6869866847991943,0,99.0332260131836
853.87,0.9152837717114054,0.4280469310483301,0.21999999999999997,-0.07692307692307669,12.80036686,2.6869866847991943,0,99.0332260131836
853.87,0.9152837717114054,0.4280469310483301,0.21999999999999997,-0.02564102564102541,12.80036686,2.6869866847991943,0,99.0332260131836
853.87,0.921650471865696,0.43197649473168304,0.21999999999999997,-0.02564102564102541,12.562789958,2.636986494064331,0,99.0332260131836
853.87,0.921650471865696,0.43197649473168304,0.21999999999999997,-0.02564102564102541,12.562789958,2.636986494064331,0,99.0332260131836
853.87,0.921650471865696,0.43197649473168304,0.21999999999999997,-0.02564102564102541,12.562789958,2.636986494064331,0,99.0332260131836
853.87,0.9280251178712058,0.4358889448003121,0.21999999999999997,-0.02564102564102541,12.677850139,2.660449266433716,0,99.0332260131836
853.87,0.9280251178712058,0.4358889448003121,0.21999999999999997,-0.02564102564102541,12.677850139,2.660449266433716,0,99.0332260131836
853.87,0.9280251178712058,0.4358889448003121,0.21999999999999997,-0.02564102564102541,12.677850139,2.660449266433716,0,99.0332260131836
853.97,0.9344022040111322,0.4397960963081497,0.21999999999999997,-0.02564102564102541,12.68063028,2.660449266433716,0,99.0332260131836
853.97,0.9344022040111322,0.4397960963081497,0.21999999999999997,-0.02564102564102541,12.68063028,2.660449266433716,0,99.0332260131836
853.97,0.9344022040111322,0.4397960963081497,0.21999999999999997,-0.02564102564102541,12.68063028,2.660449266433716,0,99.0332260131836
853.97,0.9344022040111322,0.4397960963081497,0.21999999999999997,-0.02564102564102541,12.68063028,2.660449266433716,0,99.0332260131836
853.97,0.9407776548397614,0.4437064140773849,0.21999999999999997,-0.02564102564102541,12.68063028,2.660449266433716,0,99.0332260131836
853.97,0.9407776548397614,0.4437064140773849,0.21999999999999997,-0.02564102564102541,12.68063028,2.660449266433716,0,99.0332260131836
853.97,0.9407776548397614,0.4437064140773849,0.21999999999999997,-0.02564102564102541,12.606077426,2.660449266433716,0,99.0332260131836
853.97,0.9407776548397614,0.4437064140773849,0.21999999999999997,-0.02564102564102541,12.606077426,2.660449266433716,0,99.0332260131836
853.97,0.9407776548397614,0.4437064140773849,0.20842105263157892,-0.07692307692307669,12.606077426,2.660449266433716,0,99.0332260131836
853.97,0.9471529932298236,0.44762008050703384,0.20842105263157892,-0.07692307692307669,12.531819493,2.660449266433716,0,99.0332260131836
853.97,0.9471529932298236,0.44762008050703384,0.20842105263157892,-0.07692307692307669,12.531819493,2.660449266433716,0,99.0332260131836
853.97,0.9471529932298236,0.44762008050703384,0.20842105263157892,-0.07692307692307669,12.531819493,2.660449266433716,0,99.0332260131836
854.07,0.9532025151633522,0.4513262448174663,0.20842105263157892,-0.07692307692307669,12.454919291,2.660449266433716,0,99.0332260131836
854.07,0.9532025151633522,0.4513262448174663,0.21999999999999997,-0.12820512820512797,12.454919291,2.660449266433716,0,98.92452239990234
854.07,0.9532025151633522,0.4513262448174663,0.21999999999999997,-0.12820512820512797,12.454919291,2.660449266433716,0,98.92452239990234
854.07,0.9592648234738947,0.4550130723162705,0.21999999999999997,-0.12820512820512797,12.454919291,2.660449266433716,0,98.92452239990234
854.07,0.9592648234738947,0.4550130723162705,0.21999999999999997,-0.12820512820512797,12.454919291,2.660449266433716,0,98.92452239990234
854.07,0.9592648234738947,0.4550130723162705,0.21999999999999997,-0.12820512820512797,12.220843799,2.6104493141174316,0,98.92452239990234
854.07,0.9592648234738947,0.4550130723162705,0.21999999999999997,-0.12820512820512797,12.150891815,2.6104493141174316,0,98.92452239990234
854.07,0.9592648234738947,0.4550130723162705,0.21999999999999997,-0.12820512820512797,12.150891815,2.6104493141174316,0,98.92452239990234
854.07,0.965686072470293,0.4588709832891848,0.21999999999999997,-0.12820512820512797,12.008045432,2.6104493141174316,0,98.92452239990234
854.07,0.965686072470293,0.4588709832891848,0.21999999999999997,-0.12820512820512797,12.008045432,2.6104493141174316,0,98.92452239990234
854.07,0.965686072470293,0.4588709832891848,0.21999999999999997,-0.12820512820512797,12.008045432,2.6104493141174316,0,98.92452239990234
854.07,0.965686072470293,0.4588709832891848,0.21999999999999997,-0.12820512820512797,12.008045432,2.6104493141174316,0,98.92452239990234
854.1700000000001,0.9721324492566684,0.4626884133771846,0.21999999999999997,-0.12820512820512797,12.004957016,2.6104493141174316,0,98.92452239990234
854.1700000000001,0.9721324492566684,0.4626884133771846,0.21999999999999997,-0.12820512820512797,12.004957016,2.6104493141174316,0,98.92452239990234
854.1700000000001,0.9721324492566684,0.4626884133771846,0.21999999999999997,-0.12820512820512797,12.004957016,2.6104493141174316,0,98.92452239990234
854.1700000000001,0.978600681303471,0.46646574973963134,0.21999999999999997,-0.12820512820512797,12.004105415,2.6104493141174316,0,98.92452239990234
854.1700000000001,0.978600681303471,0.46646574973963134,0.20842105263157892,-0.07692307692307669,12.004105415,2.6104493141174316,0,98.92452239990234
854.1700000000001,0.978600681303471,0.46646574973963134,0.20842105263157892,-0.07692307692307669,12.004105415,2.6104493141174316,0,98.92452239990234
854.1700000000001,0.978600681303471,0.46646574973963134,0.20842105263157892,-0.07692307692307669,12.004105415,2.6104493141174316,0,98.92452239990234
854.1700000000001,0.9850842541126192,0.4702120155148905,0.20842105263157892,-0.07692307692307669,12.001530064,2.6104493141174316,0,98.92452239990234
854.1700000000001,0.9850842541126192,0.4702120155148905,0.20842105263157892,-0.07692307692307669,12.001530064,2.6104493141174316,0,98.92452239990234
854.1700000000001,0.9850842541126192,0.4702120155148905,0.19684210526315787,-0.07692307692307669,12.001530064,2.6104493141174316,0,98.92452239990234
854.2700000000001,0.9912376880676242,0.47374109152956173,0.19684210526315787,-0.07692307692307669,12.06966199,2.6104493141174316,0,98.92452239990234
854.2700000000001,0.9912376880676242,0.47374109152956173,0.19684210526315787,-0.07692307692307669,12.06966199,2.6104493141174316,0,98.92452239990234
854.2700000000001,0.9912376880676242,0.47374109152956173,0.19684210526315787,-0.07692307692307669,12.06966199,2.6104493141174316,0,98.92452239990234
854.2700000000001,0.9912376880676242,0.47374109152956173,0.19684210526315787,-0.07692307692307669,12.06966199,2.6104493141174316,0,98.92452239990234
854.2700000000001,0.9912376880676242,0.47374109152956173,0.19684210526315787,-0.07692307692307669,12.06966199,2.6104493141174316,0,98.92452239990234
854.2700000000001,0.9970583826784656,0.4770572211836363,0.19684210526315787,-0.07692307692307669,12.214394275,2.6104493141174316,0,98.92452239990234
854.2700000000001,0.9970583826784656,0.4770572211836363,0.19684210526315787,-0.07692307692307669,12.214394275,2.6104493141174316,0,98.92452239990234
854.2700000000001,0.9970583826784656,0.4770572211836363,0.19684210526315787,-0.07692307692307669,12.214394275,2.6104493141174316,0,98.92452239990234
854.2700000000001,1.002886791793991,0.4803536710214793,0.19684210526315787,-0.07692307692307669,12.070119498,2.5486459732055664,0,98.92452239990234
854.2700000000001,1.002886791793991,0.4803536710214793,0.21999999999999997,-0.12820512820512797,12.070119498,2.5486459732055664,0,98.92452239990234
854.2700000000001,1.002886791793991,0.4803536710214793,0.21999999999999997,-0.12820512820512797,12.070119498,2.5486459732055664,0,98.92452239990234
854.37,1.008724448065095,0.48363464150786734,0.21999999999999997,-0.12820512820512797,12.14085261,2.5486459732055664,0,98.92452239990234
854.37,1.008724448065095,0.48363464150786734,0.21999999999999997,-0.12820512820512797,12.14085261,2.5486459732055664,0,98.92452239990234
854.37,1.008724448065095,0.48363464150786734,0.21999999999999997,-0.12820512820512797,12.14085261,2.5486459732055664,0,98.92452239990234
854.37,1.008724448065095,0.48363464150786734,0.21999999999999997,-0.12820512820512797,12.14085261,2.5486459732055664,0,98.92452239990234
854.37,1.0152544025307306,0.4872816537322349,0.21999999999999997,-0.12820512820512797,12.066487609,2.5486459732055664,0,98.92452239990234
854.37,1.0152544025307306,0.4872816537322349,0.21999999999999997,-0.12820512820512797,12.066487609,2.5486459732055664,0,98.92452239990234
854.37,1.0152544025307306,0.4872816537322349,0.21999999999999997,-0.12820512820512797,12.066487609,2.5486459732055664,0,98.92452239990234
854.37,1.0217996030707022,0.49090893433747923,0.21999999999999997,-0.12820512820512797,12.067620616,2.5486459732055664,0,98.92452239990234
854.37,1.0217996030707022,0.49090893433747923,0.20842105263157892,-0.12820512820512797,12.067620616,2.5486459732055664,0,98.92452239990234
854.37,1.0217996030707022,0.49090893433747923,0.20842105263157892,-0.12820512820512797,12.067620616,2.5486459732055664,0,98.92452239990234
854.37,1.0217996030707022,0.49090893433747923,0.20842105263157892,-0.12820512820512797,12.067620616,2.5486459732055664,0,98.92452239990234
854.47,1.0283625088874544,0.4945067738141978,0.20842105263157892,-0.12820512820512797,12.067620616,2.5486459732055664,0,98.92452239990234
854.47,1.0283625088874544,0.4945067738141978,0.20842105263157892,-0.12820512820512797,12.069805007,2.5486459732055664,0,98.92452239990234
854.47,1.0283625088874544,0.4945067738141978,0.20842105263157892,-0.12820512820512797,12.069805007,2.5486459732055664,0,98.92452239990234
854.47,1.0346014347468921,0.4978833777899769,0.20842105263157892,-0.12820512820512797,12.142916076,2.5486459732055664,0,98.92452239990234
854.47,1.0346014347468921,0.4978833777899769,0.20842105263157892,-0.12820512820512797,12.142916076,2.5486459732055664,0,98.92452239990234
854.47,1.0346014347468921,0.4978833777899769,0.20842105263157892,-0.12820512820512797,12.142916076,2.5486459732055664,0,98.92452239990234
854.47,1.0346014347468921,0.4978833777899769,0.20842105263157892,-0.12820512820512797,12.142916076,2.5486459732055664,0,98.92452239990234
854.47,1.0408571867469463,0.5012266430071004,0.18526315789473682,-0.12820512820512797,12.217595924,2.5486459732055664,0,98.92452239990234
854.47,1.0408571867469463,0.5012266430071004,0.18526315789473682,-0.12820512820512797,12.217595924,2.5486459732055664,0,98.92452239990234
854.47,1.0408571867469463,0.5012266430071004,0.18526315789473682,-0.12820512820512797,12.217595924,2.5486459732055664,0,98.92452239990234
854.57,1.0408571867469463,0.5012266430071004,0.18526315789473682,-0.12820512820512797,12.217595924,2.5486459732055664,0,98.82365417480469
854.57,1.0464349706945097,0.5041751595657693,0.18526315789473682,-0.12820512820512797,12.367534447,2.5486459732055664,0,98.82365417480469
854.57,1.0464349706945097,0.5041751595657693,0.18526315789473682,-0.12820512820512797,12.367534447,2.5486459732055664,0,98.82365417480469
854.57,1.0464349706945097,0.5041751595657693,0.18526315789473682,-0.12820512820512797,12.367534447,2.5486459732055664,0,98.82365417480469
854.57,1.0464349706945097,0.5041751595657693,0.18526315789473682,-0.12820512820512797,12.367534447,2.5486459732055664,0,98.82365417480469
854.57,1.0520220011325572,0.5071021946747012,0.18526315789473682,-0.12820512820512797,12.367534447,2.5486459732055664,0,98.82365417480469
854.57,1.0520220011325572,0.5071021946747012,0.18526315789473682,-0.12820512820512797,12.367534447,2.5486459732055664,0,98.82365417480469
854.57,1.0520220011325572,0.5071021946747012,0.21999999999999997,-0.07692307692307669,12.202436889,2.498645782470703,0,98.82365417480469
854.57,1.0520220011325572,0.5071021946747012,0.21999999999999997,-0.07692307692307669,12.202436889,2.498645782470703,0,98.82365417480469
854.57,1.0520220011325572,0.5071021946747012,0.21999999999999997,-0.07692307692307669,12.202436889,2.498645782470703,0,98.82365417480469
854.57,1.0576200395085142,0.5100088672730355,0.21999999999999997,-0.07692307692307669,12.273508414,2.498645782470703,0,98.82365417480469
854.57,1.0576200395085142,0.5100088672730355,0.21999999999999997,-0.07692307692307669,12.273508414,2.498645782470703,0,98.82365417480469
854.57,1.0576200395085142,0.5100088672730355,0.21999999999999997,-0.07692307692307669,12.273508414,2.498645782470703,0,98.82365417480469
854.6700000000001,1.0576200395085142,0.5100088672730355,0.21999999999999997,-0.07692307692307669,12.273508414,2.498645782470703,0,98.82365417480469
854.6700000000001,1.0642043532830547,0.5133940519617453,0.21999999999999997,-0.07692307692307669,12.137923811,2.498645782470703,0,98.82365417480469
854.6700000000001,1.0642043532830547,0.5133940519617453,0.21999999999999997,-0.07692307692307669,12.137923811,2.498645782470703,0,98.82365417480469
854.6700000000001,1.0642043532830547,0.5133940519617453,0.21999999999999997,-0.07692307692307669,12.137923811,2.498645782470703,0,98.82365417480469
854.6700000000001,1.0708769110681349,0.5167884555195001,0.20842105263157892,-0.02564102564102541,12.140565049,2.498645782470703,0,98.82365417480469
854.6700000000001,1.0708769110681349,0.5167884555195001,0.20842105263157892,-0.02564102564102541,12.140565049,2.498645782470703,0,98.82365417480469
854.6700000000001,1.0775585517261697,0.5201597867418879,0.20842105263157892,-0.02564102564102541,12.140565049,2.498645782470703,0,98.82365417480469
854.6700000000001,1.0775585517261697,0.5201597867418879,0.20842105263157892,-0.02564102564102541,12.141659014,2.498645782470703,0,98.82365417480469
854.6700000000001,1.0775585517261697,0.5201597867418879,0.20842105263157892,-0.02564102564102541,12.141659014,2.498645782470703,0,98.82365417480469
854.6700000000001,1.0775585517261697,0.5201597867418879,0.20842105263157892,-0.02564102564102541,12.141659014,2.498645782470703,0,98.82365417480469
854.7700000000001,1.0775585517261697,0.5201597867418879,0.20842105263157892,-0.02564102564102541,12.141659014,2.498645782470703,0,98.82365417480469
854.7700000000001,1.0838263646908064,0.5233036892921071,0.20842105263157892,-0.02564102564102541,12.232703636,2.498645782470703,0,98.82365417480469
854.7700000000001,1.0838263646908064,0.5233036892921071,0.20842105263157892,-0.02564102564102541,12.232703636,2.498645782470703,0,98.82365417480469
854.7700000000001,1.0838263646908064,0.5233036892921071,0.20842105263157892,-0.02564102564102541,12.232703636,2.498645782470703,0,98.82365417480469
854.7700000000001,1.0838263646908064,0.5233036892921071,0.21999999999999997,-0.07692307692307669,12.232703636,2.498645782470703,0,98.82365417480469
854.7700000000001,1.0901646138583292,0.5264760953441614,0.21999999999999997,-0.07692307692307669,12.233653386,2.498645782470703,0,98.82365417480469
854.7700000000001,1.0901646138583292,0.5264760953441614,0.21999999999999997,-0.07692307692307669,12.233653386,2.498645782470703,0,98.82365417480469
854.7700000000001,1.0901646138583292,0.5264760953441614,0.21999999999999997,-0.07692307692307669,12.233653386,2.498645782470703,0,98.82365417480469
854.7700000000001,1.0967859722663935,0.5297846257060297,0.21999999999999997,-0.07692307692307669,11.931814293,2.448645830154419,0,98.82365417480469
854.7700000000001,1.0967859722663935,0.5297846257060297,0.21999999999999997,-0.07692307692307669,11.931814293,2.448645830154419,0,98.82365417480469
854.87,1.0967859722663935,0.5297846257060297,0.21999999999999997,-0.07692307692307669,11.931814293,2.448645830154419,0,98.82365417480469
854.87,1.0967859722663935,0.5297846257060297,0.21999999999999997,-0.07692307692307669,12.074535932,2.477935314178467,0,98.82365417480469
854.87,1.1034850468331208,0.5331193510282706,0.21999999999999997,-0.07692307692307669,11.854445614,2.477935314178467,0,98.82365417480469
854.87,1.1034850468331208,0.5331193510282706,0.21999999999999997,-0.07692307692307669,11.854445614,2.477935314178467,0,98.82365417480469
854.87,1.1034850468331208,0.5331193510282706,0.21999999999999997,-0.12820512820512797,11.854445614,2.477935314178467,0,98.82365417480469
854.87,1.1101964922382974,0.5364327281699189,0.21999999999999997,-0.12820512820512797,11.63899058,2.477935314178467,0,98.82365417480469
854.87,1.1101964922382974,0.5364327281699189,0.21999999999999997,-0.12820512820512797,11.63899058,2.477935314178467,0,98.82365417480469
854.87,1.1101964922382974,0.5364327281699189,0.21999999999999997,-0.12820512820512797,11.63899058,2.477935314178467,0,98.82365417480469
854.87,1.1101964922382974,0.5364327281699189,0.21999999999999997,-0.12820512820512797,11.63899058,2.477935314178467,0,98.82365417480469
854.87,1.1119972825889801,0.5396161083112647,0.21999999999999997,-0.12820512820512797,11.436043409,2.477935314178467,0,98.82365417480469
854.87,1.1119972825889801,0.5396161083112647,0.21999999999999997,-0.12820512820512797,11.436043409,2.477935314178467,0,98.82365417480469
854.97,1.1119972825889801,0.5396161083112647,0.21999999999999997,-0.12820512820512797,11.436043409,2.477935314178467,0,98.82365417480469
854.97,1.1119972825889801,0.5396161083112647,0.21999999999999997,-0.12820512820512797,11.436043409,2.477935314178467,0,98.82365417480469
854.97,1.1138019919000905,0.5427860438468464,0.21999999999999997,-0.12820512820512797,11.436043409,2.477935314178467,0,98.82365417480469
854.97,1.1138019919000905,0.5427860438468464,0.15052631578947367,-0.17948717948717924,11.424805836,2.477935314178467,0,98.82365417480469
854.97,1.1138019919000905,0.5427860438468464,0.15052631578947367,-0.17948717948717924,11.424805836,2.477935314178467,0,98.82365417480469
854.97,1.1138019919000905,0.5427860438468464,0.15052631578947367,-0.17948717948717924,11.424805836,2.477935314178467,0,98.82365417480469
854.97,1.1138019919000905,0.5427860438468464,0.15052631578947367,-0.17948717948717924,11.424805836,2.477935314178467,0,98.82365417480469
854.97,1.1156107051613058,0.5459422082197841,0.15052631578947367,-0.17948717948717924,11.424041075,2.477935314178467,0,98.82365417480469
854.97,1.1156107051613058,0.5459422082197841,0.15052631578947367,-0.17948717948717924,11.424041075,2.477935314178467,0,98.82365417480469
854.97,1.1156107051613058,0.5459422082197841,0.15052631578947367,-0.17948717948717924,11.424041075,2.477935314178467,0,98.82365417480469
854.97,1.1163139249586223,0.548555602408573,0.15052631578947367,-0.17948717948717924,11.640374683,2.477935314178467,0,98.82365417480469
855.07,1.1163139249586223,0.548555602408573,0.15052631578947367,-0.17948717948717924,11.640374683,2.477935314178467,0,98.82365417480469
855.07,1.1163139249586223,0.548555602408573,0.15052631578947367,-0.17948717948717924,11.640374683,2.477935314178467,0,98.82365417480469
855.07,1.1163139249586223,0.548555602408573,0.15052631578947367,-0.17948717948717924,11.640374683,2.477935314178467,0,98.82365417480469
855.07,1.1160814374607848,0.5507160270760516,0.13894736842105262,-0.12820512820512797,11.958652157,2.477935314178467,0,98.73458862304688
855.07,1.1160814374607848,0.5507160270760516,0.13894736842105262,-0.12820512820512797,11.958652157,2.477935314178467,0,98.73458862304688
855.07,1.1160814374607848,0.5507160270760516,0.13894736842105262,-0.12820512820512797,11.958652157,2.477935314178467,0,98.73458862304688
855.07,1.1160814374607848,0.5507160270760516,0.13894736842105262,-0.12820512820512797,11.958652157,2.477935314178467,0,98.73458862304688
855.07,1.1154086097745295,0.5526618862400857,0.13894736842105262,-0.12820512820512797,12.426477284,2.477935314178467,0,98.73458862304688
855.07,1.1154086097745295,0.5526618862400857,0.13894736842105262,-0.12820512820512797,12.426477284,2.477935314178467,0,98.73458862304688
855.07,1.1154086097745295,0.5526618862400857,0.13894736842105262,-0.12820512820512797,12.426477284,2.477935314178467,0,98.73458862304688
855.07,1.1196958537100565,0.5546638501051274,0.13894736842105262,-0.12820512820512797,12.98505453,2.477935314178467,0,98.73458862304688
855.07,1.1196958537100565,0.5546638501051274,0.13894736842105262,-0.12820512820512797,12.98505453,2.477935314178467,0,98.73458862304688
855.1700000000001,1.1196958537100565,0.5546638501051274,0.10421052631578946,-0.12820512820512797,12.98505453,2.477935314178467,0,98.73458862304688
855.1700000000001,1.1196958537100565,0.5546638501051274,0.10421052631578946,-0.12820512820512797,12.98505453,2.477935314178467,0,98.73458862304688
855.1700000000001,1.1239962958025311,0.5566479117400447,0.10421052631578946,-0.12820512820512797,13.607421409,2.477935314178467,0,98.73458862304688
855.1700000000001,1.1239962958025311,0.5566479117400447,0.10421052631578946,-0.12820512820512797,13.607421409,2.477935314178467,0,98.73458862304688
855.1700000000001,1.1239962958025311,0.5566479117400447,0.10421052631578946,-0.12820512820512797,13.607421409,2.477935314178467,0,98.73458862304688
855.1700000000001,1.1239962958025311,0.5566479117400447,0.10421052631578946,-0.12820512820512797,13.607421409,2.477935314178467,0,98.73458862304688
855.1700000000001,1.1272518526493125,0.558131484041068,0.10421052631578946,-0.12820512820512797,14.615974251,2.477935314178467,0,98.73458862304688
855.1700000000001,1.1272518526493125,0.558131484041068,0.10421052631578946,-0.12820512820512797,14.615974251,2.477935314178467,0,98.73458862304688
855.1700000000001,1.1272518526493125,0.558131484041068,0.10421052631578946,-0.12820512820512797,14.615974251,2.477935314178467,0,98.73458862304688
855.1700000000001,1.1272518526493125,0.558131484041068,0.10421052631578946,-0.12820512820512797,14.615974251,2.477935314178467,0,98.73458862304688
855.1700000000001,1.1304901898732562,0.5595892716734645,0.09263157894736841,-0.07692307692307669,15.809181925,2.477935314178467,0,98.73458862304688
855.2700000000001,1.1304901898732562,0.5595892716734645,0.09263157894736841,-0.07692307692307669,15.809181925,2.477935314178467,0,98.73458862304688
855.2700000000001,1.1304901898732562,0.5595892716734645,0.09263157894736841,-0.07692307692307669,15.809181925,2.477935314178467,0,98.73458862304688
855.2700000000001,1.1304901898732562,0.5595892716734645,0.09263157894736841,-0.07692307692307669,15.809181925,2.477935314178467,0,98.73458862304688
855.2700000000001,1.133732891167363,0.5610326971242584,0.09263157894736841,-0.07692307692307669,16.879968874,2.4279351234436035,0,98.73458862304688
855.2700000000001,1.133732891167363,0.5610326971242584,0.09263157894736841,-0.07692307692307669,16.879968874,2.4279351234436035,0,98.73458862304688
855.2700000000001,1.133732891167363,0.5610326971242584,0.09263157894736841,-0.07692307692307669,16.879968874,2.4279351234436035,0,98.73458862304688
855.2700000000001,1.133732891167363,0.5610326971242584,0.09263157894736841,-0.07692307692307669,16.879968874,2.4279351234436035,0,98.73458862304688
855.2700000000001,1.1366389299930615,0.562312548734058,0.09263157894736841,-0.07692307692307669,18.723006602,2.4279351234436035,0,98.73458862304688
855.2700000000001,1.1366389299930615,0.562312548734058,0.09263157894736841,-0.07692307692307669,18.723006602,2.4279351234436035,0,98.73458862304688
855.2700000000001,1.1366389299930615,0.562312548734058,0.09263157894736841,-0.07692307692307669,18.723006602,2.4279351234436035,0,98.73458862304688
855.2700000000001,1.1366389299930615,0.562312548734058,0.09263157894736841,-0.07692307692307669,18.723006602,2.4279351234436035,0,98.73458862304688
855.37,1.1395290904408304,0.5635748199001474,0.09263157894736841,-0.07692307692307669,20.246761213,2.4279351234436035,0,98.73458862304688
855.37,1.1395290904408304,0.5635748199001474,0.09263157894736841,-0.07692307692307669,20.246761213,2.4279351234436035,0,98.73458862304688
855.37,1.1395290904408304,0.5635748199001474,0.09263157894736841,-0.07692307692307669,20.246761213,2.4279351234436035,0,98.73458862304688
855.37,1.1395290904408304,0.5635748199001474,0.09263157894736841,-0.07692307692307669,20.246761213,2.4279351234436035,0,98.73458862304688
855.37,1.1424185021011166,0.5648269911103484,0.09263157894736841,-0.07692307692307669,21.517387268,2.4279351234436035,0,98.73458862304688
855.37,1.1424185021011166,0.5648269911103484,0.09263157894736841,-0.07692307692307669,21.517387268,2.4279351234436035,0,98.73458862304688
855.37,1.1424185021011166,0.5648269911103484,0.09263157894736841,-0.07692307692307669,21.517387268,2.4279351234436035,0,98.73458862304688
855.37,1.1453135682329496,0.5660770234031101,0.09263157894736841,-0.07692307692307669,22.472027525,2.4279351234436035,0,98.73458862304688
855.37,1.1453135682329496,0.5660770234031101,0.11578947368421051,-0.02564102564102541,22.472027525,2.4279351234436035,0,98.73458862304688
855.37,1.1453135682329496,0.5660770234031101,0.11578947368421051,-0.02564102564102541,22.472027525,2.4279351234436035,0,98.73458862304688
855.37,1.1482104911410602,0.5673199781916375,0.11578947368421051,-0.02564102564102541,22.472027525,2.4279351234436035,0,98.73458862304688
855.47,1.1482104911410602,0.5673199781916375,0.11578947368421051,-0.02564102564102541,23.573751279,2.4279351234436035,0,98.73458862304688
855.47,1.1482104911410602,0.5673199781916375,0.11578947368421051,-0.02564102564102541,23.573751279,2.4279351234436035,0,98.73458862304688
855.47,1.1482104911410602,0.5673199781916375,0.11578947368421051,-0.02564102564102541,23.573751279,2.4279351234436035,0,98.73458862304688
855.47,1.1518539614955148,0.5688715753338699,0.11578947368421051,-0.02564102564102541,23.573751279,2.4279351234436035,0,98.73458862304688
855.47,1.1518539614955148,0.5688715753338699,0.11578947368421051,-0.02564102564102541,24.199197222,2.4279351234436035,0,98.73458862304688
855.47,1.1518539614955148,0.5688715753338699,0.11578947368421051,-0.02564102564102541,24.199197222,2.4279351234436035,0,98.73458862304688
855.47,1.1518539614955148,0.5688715753338699,0.11578947368421051,-0.02564102564102541,24.199197222,2.4279351234436035,0,98.73458862304688
855.47,1.1518539614955148,0.5688715753338699,0.10421052631578946,-0.12820512820512797,24.199197222,2.4279351234436035,0,98.73458862304688
855.47,1.1554803533925064,0.5704067433254861,0.10421052631578946,-0.12820512820512797,23.924716144,2.4279351234436035,0,98.73458862304688
855.47,1.1554803533925064,0.5704067433254861,0.10421052631578946,-0.12820512820512797,23.924716144,2.4279351234436035,0,98.73458862304688
855.47,1.1554803533925064,0.5704067433254861,0.10421052631578946,-0.12820512820512797,23.924716144,2.4279351234436035,0,98.73458862304688
855.47,1.1554803533925064,0.5704067433254861,0.10421052631578946,-0.12820512820512797,23.924716144,2.4279351234436035,0,98.73458862304688
855.57,1.1587698659585166,0.5717941963416591,0.10421052631578946,-0.12820512820512797,23.892097742,2.4279351234436035,0,98.73458862304688
855.57,1.1587698659585166,0.5717941963416591,0.10421052631578946,-0.12820512820512797,23.892097742,2.4279351234436035,0,98.68618774414062
855.57,1.1587698659585166,0.5717941963416591,0.10421052631578946,-0.12820512820512797,23.892097742,2.4279351234436035,0,98.68618774414062
855.57,1.1587698659585166,0.5717941963416591,0.10421052631578946,-0.12820512820512797,23.892097742,2.4279351234436035,0,98.68618774414062
855.57,1.162043261894226,0.5731671003446418,0.10421052631578946,-0.12820512820512797,23.836984264,2.4279351234436035,0,98.68618774414062
855.57,1.162043261894226,0.5731671003446418,0.10421052631578946,-0.02564102564102541,23.836984264,2.4279351234436035,0,98.68618774414062
855.57,1.162043261894226,0.5731671003446418,0.10421052631578946,-0.02564102564102541,23.836984264,2.4279351234436035,0,98.68618774414062
855.57,1.162043261894226,0.5731671003446418,0.10421052631578946,-0.02564102564102541,23.836984264,2.4279351234436035,0,98.68618774414062
855.57,1.1653253403683854,0.5745283676388422,0.10421052631578946,-0.02564102564102541,23.493201227,2.4279351234436035,0,98.68618774414062
855.57,1.1653253403683854,0.5745283676388422,0.10421052631578946,-0.02564102564102541,23.493201227,2.4279351234436035,0,98.68618774414062
855.57,1.1686145688990706,0.5758708565087668,0.10421052631578946,-0.02564102564102541,23.290127352,2.4279351234436035,0,98.68618774414062
855.6700000000001,1.1686145688990706,0.5758708565087668,0.10421052631578946,-0.02564102564102541,23.290127352,2.4279351234436035,0,98.68618774414062
855.6700000000001,1.1686145688990706,0.5758708565087668,0.10421052631578946,-0.02564102564102541,23.290127352,2.4279351234436035,0,98.68618774414062
855.6700000000001,1.1686145688990706,0.5758708565087668,0.10421052631578946,-0.02564102564102541,23.290127352,2.4279351234436035,0,98.68618774414062
855.6700000000001,1.1719071956555562,0.5771984161473963,0.10421052631578946,-0.02564102564102541,22.959994697,2.4279351234436035,0,98.68618774414062
855.6700000000001,1.1719071956555562,0.5771984161473963,0.06947368421052631,-0.07692307692307669,22.959994697,2.4279351234436035,0,98.68618774414062
855.6700000000001,1.1719071956555562,0.5771984161473963,0.06947368421052631,-0.07692307692307669,22.959994697,2.4279351234436035,0,98.68618774414062
855.6700000000001,1.1719071956555562,0.5771984161473963,0.06947368421052631,-0.07692307692307669,22.959994697,2.4279351234436035,0,98.68618774414062
855.6700000000001,1.1751942618889868,0.5785186385194448,0.06947368421052631,-0.07692307692307669,22.75339677,2.4279351234436035,0,98.68618774414062
855.6700000000001,1.1751942618889868,0.5785186385194448,0.06947368421052631,-0.07692307692307669,22.75339677,2.4279351234436035,0,98.68618774414062
855.6700000000001,1.1751942618889868,0.5785186385194448,0.06947368421052631,-0.07692307692307669,22.75339677,2.4279351234436035,0,98.68618774414062
855.6700000000001,1.1751942618889868,0.5785186385194448,0.06947368421052631,-0.07692307692307669,22.75339677,2.4279351234436035,0,98.68618774414062
855.7700000000001,1.1774816290366146,0.5794442976120537,0.06947368421052631,-0.07692307692307669,23.31618306,2.4279351234436035,0,98.68618774414062
855.7700000000001,1.1774816290366146,0.5794442976120537,0.06947368421052631,-0.07692307692307669,23.31618306,2.4279351234436035,0,98.68618774414062
855.7700000000001,1.1774816290366146,0.5794442976120537,0.06947368421052631,-0.07692307692307669,23.31618306,2.4279351234436035,0,98.68618774414062
855.7700000000001,1.1796761634280082,0.5803310683283829,0.05789473684210526,-0.07692307692307669,24.62477257,2.430687189102173,0,98.68618774414062
855.7700000000001,1.1796761634280082,0.5803310683283829,0.05789473684210526,-0.07692307692307669,24.62477257,2.430687189102173,0,98.68618774414062
855.7700000000001,1.1796761634280082,0.5803310683283829,0.05789473684210526,-0.07692307692307669,24.62477257,2.430687189102173,0,98.68618774414062
855.7700000000001,1.1796761634280082,0.5803310683283829,0.05789473684210526,-0.07692307692307669,24.62477257,2.430687189102173,0,98.68618774414062
855.7700000000001,1.181875982648618,0.581209818403356,0.05789473684210526,-0.07692307692307669,26.031612922,2.430687189102173,0,98.68618774414062
855.7700000000001,1.181875982648618,0.581209818403356,0.05789473684210526,-0.07692307692307669,26.031612922,2.430687189102173,0,98.68618774414062
855.7700000000001,1.181875982648618,0.581209818403356,0.05789473684210526,-0.07692307692307669,26.031612922,2.430687189102173,0,98.68618774414062
855.7700000000001,1.181875982648618,0.581209818403356,0.05789473684210526,-0.07692307692307669,26.031612922,2.430687189102173,0,98.68618774414062
855.87,1.1838047083889771,0.5819669257573311,0.05789473684210526,-0.07692307692307669,27.533015176,2.430687189102173,0,98.68618774414062
855.87,1.1838047083889771,0.5819669257573311,0.05789473684210526,-0.07692307692307669,27.533015176,2.430687189102173,0,98.68618774414062
855.87,1.1838047083889771,0.5819669257573311,0.05789473684210526,-0.07692307692307669,27.533015176,2.430687189102173,0,98.68618774414062
855.87,1.1856458055342363,0.5826766243330329,0.05789473684210526,-0.07692307692307669,29.312157841,2.430687189102173,0,98.68618774414062
855.87,1.1856458055342363,0.5826766243330329,0.05789473684210526,-0.07692307692307669,29.312157841,2.430687189102173,0,98.68618774414062
855.87,1.1856458055342363,0.5826766243330329,0.05789473684210526,-0.07692307692307669,29.312157841,2.430687189102173,0,98.68618774414062
855.87,1.1856458055342363,0.5826766243330329,0.05789473684210526,-0.07692307692307669,29.312157841,2.430687189102173,0,98.68618774414062
855.87,1.1874897132232973,0.5833796998898162,0.05789473684210526,-0.07692307692307669,31.192351632,2.430687189102173,0,98.68618774414062
855.87,1.1874897132232973,0.5833796998898162,0.05789473684210526,-0.07692307692307669,31.192351632,2.430687189102173,0,98.68618774414062
855.87,1.1874897132232973,0.5833796998898162,0.05789473684210526,-0.07692307692307669,31.192351632,2.430687189102173,0,98.68618774414062
855.87,1.1874897132232973,0.5833796998898162,0.05789473684210526,-0.07692307692307669,31.192351632,2.430687189102173,0,98.68618774414062
855.87,1.1874897132232973,0.5833796998898162,0.05789473684210526,-0.07692307692307669,31.192351632,2.430687189102173,0,98.68618774414062
855.97,1.1893298031313992,0.5840774229383034,0.05789473684210526,-0.07692307692307669,32.74374141,2.3806872367858887,0,98.68618774414062
855.97,1.1893298031313992,0.5840774229383034,0.05789473684210526,-0.07692307692307669,32.74374141,2.3806872367858887,0,98.68618774414062
855.97,1.1893298031313992,0.5840774229383034,0.05789473684210526,-0.07692307692307669,32.74374141,2.3806872367858887,0,98.68618774414062
855.97,1.1911720853279426,0.5847758374368346,0.05789473684210526,-0.07692307692307669,35.1420095,2.3806872367858887,0,98.68618774414062
855.97,1.1911720853279426,0.5847758374368346,0.05789473684210526,-0.07692307692307669,35.1420095,2.3806872367858887,0,98.68618774414062
855.97,1.1911720853279426,0.5847758374368346,0.05789473684210526,-0.07692307692307669,35.1420095,2.3806872367858887,0,98.68618774414062
855.97,1.1930165793108725,0.585472005602982,0.05789473684210526,-0.07692307692307669,35.1420095,2.3806872367858887,0,98.68618774414062
855.97,1.1930165793108725,0.585472005602982,0.05789473684210526,-0.07692307692307669,37.852436426,2.3806872367858887,0,98.68618774414062
855.97,1.1930165793108725,0.585472005602982,0.05789473684210526,-0.07692307692307669,37.852436426,2.3806872367858887,0,98.68618774414062
855.97,1.1930165793108725,0.585472005602982,0.05789473684210526,-0.07692307692307669,37.852436426,2.3806872367858887,0,98.68618774414062
855.97,1.1930165793108725,0.585472005602982,0.05789473684210526,-0.07692307692307669,37.852436426,2.3806872367858887,0,98.68618774414062
855.97,1.1930165793108725,0.585472005602982,0.05789473684210526,-0.07692307692307669,37.852436426,2.3806872367858887,0,98.68618774414062
856.07,1.194865394506497,0.5861634791836831,0.05789473684210526,-0.07692307692307669,38.684882185,2.3806872367858887,0,98.64733123779297
856.07,1.194865394506497,0.5861634791836831,0.05789473684210526,-0.07692307692307669,38.684882185,2.3806872367858887,0,98.64733123779297
856.07,1.194865394506497,0.5861634791836831,0.05789473684210526,-0.07692307692307669,38.684882185,2.3806872367858887,0,98.64733123779297
856.07,1.194865394506497,0.5861634791836831,0.04631578947368421,0.07692307692307716,38.684882185,2.3806872367858887,0,98.64733123779297
856.07,1.194865394506497,0.5861634791836831,0.04631578947368421,0.07692307692307716,38.684882185,2.3806872367858887,0,98.64733123779297
856.07,1.1967172089712532,0.58684718350817,0.04631578947368421,0.07692307692307716,39.357202026,2.3806872367858887,0,98.64733123779297
856.07,1.1967172089712532,0.58684718350817,0.04631578947368421,0.07692307692307716,39.357202026,2.3806872367858887,0,98.64733123779297
856.07,1.1967172089712532,0.58684718350817,0.04631578947368421,0.07692307692307716,39.357202026,2.3806872367858887,0,98.64733123779297
856.07,1.198285561896487,0.5874208438922568,0.04631578947368421,0.07692307692307715,40.824517176,2.3806872367858887,0,98.64733123779297
856.07,1.198285561896487,0.5874208438922568,0.04631578947368421,0.07692307692307715,40.824517176,2.3806872367858887,0,98.64733123779297
856.07,1.198285561896487,0.5874208438922568,0.04631578947368421,0.07692307692307715,40.824517176,2.3806872367858887,0,98.64733123779297
856.07,1.198285561896487,0.5874208438922568,0.04631578947368421,0.07692307692307715,40.824517176,2.3806872367858887,0,98.64733123779297
856.1700000000001,1.1997676505611388,0.5879619348070099,0.04631578947368421,0.07692307692307715,40.824517176,2.3806872367858887,0,98.64733123779297
856.1700000000001,1.1997676505611388,0.5879619348070099,0.04631578947368421,0.12820512820512842,41.8300758,2.3806872367858887,0,98.64733123779297
856.1700000000001,1.20123948995138,0.5885020507142037,0.04631578947368421,0.12820512820512842,42.89991323,2.3806872367858887,0,98.64733123779297
856.1700000000001,1.20123948995138,0.5885020507142037,0.04631578947368421,0.12820512820512842,42.89991323,2.3806872367858887,0,98.64733123779297
856.1700000000001,1.20123948995138,0.5885020507142037,0.04631578947368421,0.12820512820512842,42.89991323,2.3806872367858887,0,98.64733123779297
856.1700000000001,1.2027079813137025,0.5890510150746687,0.04631578947368421,0.12820512820512842,42.89991323,2.3806872367858887,0,98.64733123779297
856.1700000000001,1.2027079813137025,0.5890510150746687,0.04631578947368421,0.12820512820512842,44.026750177,2.3806872367858887,0,98.64733123779297
856.2700000000001,1.2027079813137025,0.5890510150746687,0.04631578947368421,0.12820512820512842,44.026750177,2.3806872367858887,0,98.64733123779297
856.2700000000001,1.2027079813137025,0.5890510150746687,0.04631578947368421,0.12820512820512842,44.026750177,2.3806872367858887,0,98.64733123779297
856.2700000000001,1.2041729357511595,0.5896088661935045,0.04631578947368421,0.12820512820512842,45.107821221,2.3806872367858887,0,98.64733123779297
856.2700000000001,1.2041729357511595,0.5896088661935045,0.04631578947368421,0.12820512820512842,45.107821221,2.3806872367858887,0,98.64733123779297
856.2700000000001,1.2041729357511595,0.5896088661935045,0.04631578947368421,0.12820512820512842,45.107821221,2.3806872367858887,0,98.64733123779297
856.2700000000001,1.205634409091267,0.5901736891739519,0.04631578947368421,0.12820512820512842,46.548668678,2.3806872367858887,0,98.64733123779297
856.2700000000001,1.205634409091267,0.5901736891739519,0.03473684210526316,-0.02564102564102541,46.548668678,2.3806872367858887,0,98.64733123779297
856.2700000000001,1.205634409091267,0.5901736891739519,0.03473684210526316,-0.02564102564102541,46.548668678,2.3806872367858887,0,98.64733123779297
856.2700000000001,1.205634409091267,0.5901736891739519,0.03473684210526316,-0.02564102564102541,46.548668678,2.3806872367858887,0,98.64733123779297
856.2700000000001,1.207096347135041,0.5907461061513939,0.03473684210526316,-0.02564102564102541,46.548668678,2.3806872367858887,0,98.64733123779297
856.2700000000001,1.207096347135041,0.5907461061513939,0.03473684210526316,-0.02564102564102541,47.817422256,2.3806872367858887,0,98.64733123779297
856.37,1.207096347135041,0.5907461061513939,0.03473684210526316,-0.02564102564102541,47.817422256,2.3806872367858887,0,98.64733123779297
856.37,1.207096347135041,0.5907461061513939,0.03473684210526316,-0.02564102564102541,47.817422256,2.3806872367858887,0,98.64733123779297
856.37,1.2082872253792358,0.5912154320503482,0.03473684210526316,-0.02564102564102541,50.149510137,2.3806872367858887,0,98.64733123779297
856.37,1.2082872253792358,0.5912154320503482,0.03473684210526316,-0.02564102564102541,50.149510137,2.3806872367858887,0,98.64733123779297
856.37,1.2082872253792358,0.5912154320503482,0.03473684210526316,-0.02564102564102541,50.149510137,2.3806872367858887,0,98.64733123779297
856.37,1.2093881857383213,0.5916483233038323,0.03473684210526316,-0.07692307692307669,53.326130691,2.3806872367858887,0,98.64733123779297
856.37,1.2093881857383213,0.5916483233038323,0.03473684210526316,-0.07692307692307669,53.326130691,2.3806872367858887,0,98.64733123779297
856.37,1.2093881857383213,0.5916483233038323,0.03473684210526316,-0.07692307692307669,53.326130691,2.3806872367858887,0,98.64733123779297
856.37,1.2104924897775706,0.5920775442723395,0.03473684210526316,-0.07692307692307669,55.092239832,2.3806872367858887,0,98.64733123779297
856.37,1.2104924897775706,0.5920775442723395,0.03473684210526316,-0.07692307692307669,55.092239832,2.3806872367858887,0,98.64733123779297
856.37,1.2104924897775706,0.5920775442723395,0.03473684210526316,-0.07692307692307669,55.092239832,2.3806872367858887,0,98.64733123779297
856.47,1.2104924897775706,0.5920775442723395,0.03473684210526316,-0.07692307692307669,55.092239832,2.3806872367858887,0,98.64733123779297
856.47,1.211605081207938,0.5925027358956211,0.03473684210526316,-0.07692307692307669,57.015628569,2.3806872367858887,0,98.64733123779297
856.47,1.211605081207938,0.5925027358956211,0.03473684210526316,-0.07692307692307669,57.015628569,2.3806872367858887,0,98.64733123779297
856.47,1.211605081207938,0.5925027358956211,0.03473684210526316,-0.07692307692307669,57.015628569,2.3806872367858887,0,98.64733123779297
856.47,1.211605081207938,0.5925027358956211,0.03473684210526316,-0.07692307692307669,57.015628569,2.3806872367858887,0,98.64733123779297
856.47,1.2127075712767725,0.5929197396908132,0.03473684210526316,-0.07692307692307669,58.374215318,2.3806872367858887,0,98.64733123779297
856.47,1.2127075712767725,0.5929197396908132,0.03473684210526316,-0.07692307692307669,58.374215318,2.3806872367858887,0,98.64733123779297
856.47,1.2127075712767725,0.5929197396908132,0.03473684210526316,-0.07692307692307669,58.374215318,2.3806872367858887,0,98.64733123779297
856.47,1.2127075712767725,0.5929197396908132,0.03473684210526316,-0.07692307692307669,58.374215318,2.3806872367858887,0,98.64733123779297
856.47,1.213816593326774,0.5933383592370076,0.03473684210526316,-0.07692307692307669,60.29518488,2.3806872367858887,0,98.64733123779297
856.47,1.213816593326774,0.5933383592370076,0.03473684210526316,-0.07692307692307669,60.29518488,2.3806872367858887,0,98.64733123779297
856.57,1.213816593326774,0.5933383592370076,0.03473684210526316,-0.07692307692307669,60.29518488,2.3806872367858887,0,98.64733123779297
856.57,1.213816593326774,0.5933383592370076,0.03473684210526316,-0.07692307692307669,60.29518488,2.3806872367858887,0,98.62706756591797
856.57,1.214921055384255,0.5937534516618185,0.03473684210526316,-0.07692307692307669,62.075805655,2.3806872367858887,0,98.62706756591797
856.57,1.214921055384255,0.5937534516618185,0.03473684210526316,-0.07692307692307669,62.075805655,2.3806872367858887,0,98.62706756591797
856.57,1.214921055384255,0.5937534516618185,0.03473684210526316,-0.07692307692307669,62.075805655,2.3806872367858887,0,98.62706756591797
856.57,1.214921055384255,0.5937534516618185,0.03473684210526316,-0.07692307692307669,62.075805655,2.3806872367858887,0,98.62706756591797
856.57,1.2160317245064758,0.5941688872805503,0.03473684210526316,-0.07692307692307669,63.803188949,2.3806872367858887,0,98.62706756591797
856.57,1.2160317245064758,0.5941688872805503,0.03473684210526316,-0.07692307692307669,63.803188949,2.3806872367858887,0,98.62706756591797
856.57,1.2160317245064758,0.5941688872805503,0.03473684210526316,-0.07692307692307669,63.803188949,2.3806872367858887,0,98.62706756591797
856.57,1.2171437266748277,0.5945807563064955,0.03473684210526316,-0.07692307692307669,66.147641912,2.3806872367858887,0,98.62706756591797
856.57,1.2171437266748277,0.5945807563064955,0.03473684210526316,-0.07692307692307669,66.147641912,2.3806872367858887,0,98.62706756591797
856.57,1.2171437266748277,0.5945807563064955,0.03473684210526316,-0.07692307692307669,66.147641912,2.3806872367858887,0,98.62706756591797
856.57,1.2171437266748277,0.5945807563064955,0.03473684210526316,-0.07692307692307669,66.147641912,2.3806872367858887,0,98.62706756591797
856.6700000000001,1.2171437266748277,0.5945807563064955,0.03473684210526316,-0.07692307692307669,66.147641912,2.3806872367858887,0,98.62706756591797
856.6700000000001,1.218260648462589,0.59498949947589,0.03473684210526316,-0.07692307692307669,66.719459531,2.3806872367858887,0,98.62706756591797
856.6700000000001,1.218260648462589,0.59498949947589,0.03473684210526316,-0.07692307692307669,66.719459531,2.3806872367858887,0,98.62706756591797
856.6700000000001,1.218260648462589,0.59498949947589,0.03473684210526316,-0.07692307692307669,66.719459531,2.3806872367858887,0,98.62706756591797
856.6700000000001,1.218260648462589,0.59498949947589,0.023157894736842106,-0.02564102564102541,66.230375639,2.3632357120513916,0,98.62706756591797
856.6700000000001,1.2193761684677458,0.5953935650758064,0.023157894736842106,-0.02564102564102541,65.869875845,2.3632357120513916,0,98.62706756591797
856.6700000000001,1.2193761684677458,0.5953935650758064,0.023157894736842106,-0.02564102564102541,65.869875845,2.3632357120513916,0,98.62706756591797
856.6700000000001,1.2193761684677458,0.5953935650758064,0.023157894736842106,-0.02564102564102541,65.869875845,2.3632357120513916,0,98.62706756591797
856.6700000000001,1.2193761684677458,0.5953935650758064,0.023157894736842106,-0.02564102564102541,65.869875845,2.3632357120513916,0,98.62706756591797
856.6700000000001,1.2193761684677458,0.5953935650758064,0.023157894736842106,-0.02564102564102541,65.869875845,2.3632357120513916,0,98.62706756591797
856.6700000000001,1.2156048940297555,0.5940216972086048,0.023157894736842106,-0.02564102564102541,68.938784056,2.3632357120513916,0,98.62706756591797
856.7700000000001,1.2156048940297555,0.5940216972086048,0.03473684210526316,0.1343589743589746,68.938784056,2.3632357120513916,0,98.62706756591797
856.7700000000001,1.2156048940297555,0.5940216972086048,0.03473684210526316,0.1343589743589746,68.938784056,2.3632357120513916,0,98.62706756591797
856.7700000000001,1.2112327070190827,0.5924301553545357,0.03473684210526316,0.1343589743589746,68.938784056,2.3632357120513916,0,98.62706756591797
856.7700000000001,1.2112327070190827,0.5924301553545357,0.03473684210526316,0.1343589743589746,68.938784056,2.3632357120513916,0,98.62706756591797
856.7700000000001,1.2112327070190827,0.5924301553545357,0.03473684210526316,0.2943589743589746,71.242926642,2.3632357120513916,0,98.62706756591797
856.7700000000001,1.2112327070190827,0.5924301553545357,0.03473684210526316,0.2943589743589746,71.242926642,2.3632357120513916,0,98.62706756591797
856.7700000000001,1.2112327070190827,0.5924301553545357,0.03473684210526316,0.2943589743589746,71.242926642,2.3632357120513916,0,98.62706756591797
856.7700000000001,1.207218237693799,0.5909676185511349,0.03473684210526316,0.2943589743589746,71.801033818,2.3632357120513916,0,98.62706756591797
856.7700000000001,1.207218237693799,0.5909676185511349,0.03473684210526316,0.2943589743589746,71.801033818,2.3632357120513916,0,98.62706756591797
856.7700000000001,1.207218237693799,0.5909676185511349,0.03473684210526316,0.45435897435897465,71.801033818,2.3632357120513916,0,98.62706756591797
856.7700000000001,1.207218237693799,0.5909676185511349,0.03473684210526316,0.45435897435897465,71.801033818,2.3632357120513916,0,98.62706756591797
856.7700000000001,1.2032000715273783,0.5895078221871068,0.03473684210526316,0.45435897435897465,72.091665869,2.3632357120513916,0,98.62706756591797
856.87,1.2032000715273783,0.5895078221871068,0.03473684210526316,0.45435897435897465,72.091665869,2.3632357120513916,0,98.62706756591797
856.87,1.2032000715273783,0.5895078221871068,0.03473684210526316,0.45435897435897465,72.091665869,2.3632357120513916,0,98.62706756591797
856.87,1.2032000715273783,0.5895078221871068,0.03473684210526316,0.5897435897435899,72.091665869,2.3632357120513916,0,98.62706756591797
856.87,1.199167831444174,0.5880563347342933,0.03473684210526316,0.5897435897435899,72.458861954,2.3632357120513916,0,98.62706756591797
856.87,1.199167831444174,0.5880563347342933,0.03473684210526316,0.5897435897435899,72.458861954,2.3632357120513916,0,98.62706756591797
856.87,1.199167831444174,0.5880563347342933,0.03473684210526316,0.5897435897435899,72.458861954,2.3632357120513916,0,98.62706756591797
856.87,1.199167831444174,0.5880563347342933,0.03473684210526316,0.5897435897435899,72.458861954,2.3632357120513916,0,98.62706756591797
856.87,1.199167831444174,0.5880563347342933,0.023157894736842106,0.4871794871794873,72.458861954,2.3632357120513916,0,98.62706756591797
856.87,1.1952669809482213,0.5866688466932786,0.023157894736842106,0.4871794871794873,72.84675388,2.3632357120513916,0,98.62706756591797
856.87,1.1952669809482213,0.5866688466932786,0.023157894736842106,0.4871794871794873,72.84675388,2.3632357120513916,0,98.62706756591797
856.87,1.1952669809482213,0.5866688466932786,0.023157894736842106,0.4871794871794873,72.84675388,2.3632357120513916,0,98.62706756591797
856.87,1.1952669809482213,0.5866688466932786,0.023157894736842106,0.4871794871794873,72.84675388,2.3632357120513916,0,98.62706756591797
856.87,1.1959600453129384,0.5869610525737243,0.023157894736842106,0.4871794871794873,76.673005601,2.3632357120513916,0,98.62706756591797
856.87,1.1959600453129384,0.5869610525737243,0.023157894736842106,0.4871794871794873,76.673005601,2.3632357120513916,0,98.62706756591797
856.97,1.1959600453129384,0.5869610525737243,0.023157894736842106,0.4871794871794873,76.673005601,2.3632357120513916,0,98.62706756591797
856.97,1.1959600453129384,0.5869610525737243,0.023157894736842106,0.4871794871794873,76.673005601,2.3632357120513916,0,98.62706756591797
856.97,1.1966467947766324,0.5872704445581591,0.023157894736842106,0.4871794871794873,76.673005601,2.3632357120513916,0,98.62706756591797
856.97,1.1966467947766324,0.5872704445581591,0.023157894736842106,0.435897435897436,80.533964205,2.3632357120513916,0,98.62706756591797
856.97,1.1966467947766324,0.5872704445581591,0.023157894736842106,0.435897435897436,80.533964205,2.3632357120513916,0,98.62706756591797
856.97,1.1966467947766324,0.5872704445581591,0.023157894736842106,0.435897435897436,80.533964205,2.3632357120513916,0,98.62706756591797
856.97,1.1966467947766324,0.5872704445581591,0.023157894736842106,0.435897435897436,80.533964205,2.3632357120513916,0,98.62706756591797
856.97,1.1966467947766324,0.5872704445581591,0.023157894736842106,0.435897435897436,80.533964205,2.3632357120513916,0,98.62706756591797
856.97,1.1966467947766324,0.5872704445581591,0.023157894736842106,0.435897435897436,80.533964205,2.3632357120513916,0,98.62706756591797
856.97,1.1973313335707298,0.5875921413687863,0.023157894736842106,0.435897435897436,84.812279322,2.3632357120513916,0,98.62706756591797
856.97,1.1973313335707298,0.5875921413687863,0.023157894736842106,0.435897435897436,84.812279322,2.3632357120513916,0,98.62706756591797
856.97,1.1973313335707298,0.5875921413687863,0.023157894736842106,0.435897435897436,84.812279322,2.3632357120513916,0,98.62706756591797
856.97,1.1973313335707298,0.5875921413687863,0.023157894736842106,0.435897435897436,84.812279322,2.3632357120513916,0,98.62706756591797
857.07,1.1980187487801883,0.5879312466363414,0.023157894736842106,0.435897435897436,84.584095362,2.3632357120513916,0,98.62706756591797
857.07,1.1980187487801883,0.5879312466363414,0.023157894736842106,0.435897435897436,84.584095362,2.3632357120513916,0,98.62706756591797
857.07,1.1980187487801883,0.5879312466363414,0.023157894736842106,0.435897435897436,84.584095362,2.3632357120513916,0,98.6103744506836
857.07,1.198700157139023,0.5882742045643453,0.023157894736842106,0.435897435897436,85.005623391,2.3632357120513916,0,98.6103744506836
857.07,1.198700157139023,0.5882742045643453,0.023157894736842106,0.435897435897436,85.005623391,2.3632357120513916,0,98.6103744506836
857.07,1.198700157139023,0.5882742045643453,0.023157894736842106,0.435897435897436,85.005623391,2.3632357120513916,0,98.6103744506836
857.07,1.198700157139023,0.5882742045643453,0.023157894736842106,0.435897435897436,85.005623391,2.3632357120513916,0,98.6103744506836
857.07,1.198700157139023,0.5882742045643453,0.023157894736842106,0.435897435897436,85.005623391,2.3632357120513916,0,98.6103744506836
857.07,1.1993779418075896,0.5886274315225406,0.023157894736842106,0.435897435897436,89.039366326,2.3632357120513916,0,98.6103744506836
857.07,1.1993779418075896,0.5886274315225406,0.023157894736842106,0.435897435897436,89.039366326,2.3632357120513916,0,98.6103744506836
857.07,1.1993779418075896,0.5886274315225406,0.023157894736842106,0.435897435897436,89.039366326,2.3632357120513916,0,98.6103744506836
857.07,1.1993779418075896,0.5886274315225406,0.023157894736842106,0.435897435897436,89.039366326,2.3632357120513916,0,98.6103744506836
857.07,1.2000458885545695,0.5889864063288849,0.023157894736842106,0.435897435897436,89.039366326,2.3632357120513916,0,98.6103744506836
857.07,1.2000458885545695,0.5889864063288849,0.023157894736842106,0.435897435897436,94.336448736,2.3632357120513916,0,98.6103744506836
857.07,1.2000458885545695,0.5889864063288849,0.023157894736842106,0.435897435897436,94.336448736,2.3632357120513916,0,98.6103744506836
857.1700000000001,1.2000458885545695,0.5889864063288849,0.023157894736842106,0.435897435897436,94.336448736,2.3632357120513916,0,98.6103744506836
857.1700000000001,1.2000458885545695,0.5889864063288849,0.023157894736842106,0.435897435897436,94.336448736,2.3632357120513916,0,98.6103744506836
857.1700000000001,1.2007061329315383,0.5893542414119467,0.023157894736842106,0.435897435897436,99.04834043,2.3632357120513916,0,98.6103744506836
857.1700000000001,1.2007061329315383,0.5893542414119467,0.023157894736842106,0.435897435897436,99.04834043,2.3632357120513916,0,98.6103744506836
857.1700000000001,1.2007061329315383,0.5893542414119467,0.023157894736842106,0.435897435897436,99.04834043,2.3632357120513916,0,98.6103744506836
857.1700000000001,1.2007061329315383,0.5893542414119467,0.023157894736842106,0.38461538461538475,99.04834043,2.3632357120513916,0,98.6103744506836
857.1700000000001,1.2007061329315383,0.5893542414119467,0.023157894736842106,0.38461538461538475,99.04834043,2.3632357120513916,0,98.6103744506836
857.1700000000001,1.2013624963387246,0.5897370077524315,0.023157894736842106,0.38461538461538475,104.678786452,2.3632357120513916,0,98.6103744506836
857.1700000000001,1.2013624963387246,0.5897370077524315,0.023157894736842106,0.38461538461538475,104.678786452,2.3632357120513916,0,98.6103744506836
857.1700000000001,1.2020170501752756,0.5901314467850565,0.023157894736842106,0.38461538461538475,103.757712547,2.3632357120513916,0,98.6103744506836
857.2700000000001,1.2020170501752756,0.5901314467850565,0.023157894736842106,0.38461538461538475,103.757712547,2.3632357120513916,0,98.6103744506836
857.2700000000001,1.2020170501752756,0.5901314467850565,0.023157894736842106,0.38461538461538475,103.757712547,2.3632357120513916,0,98.6103744506836
857.2700000000001,1.2020170501752756,0.5901314467850565,0.023157894736842106,0.38461538461538475,103.757712547,2.3632357120513916,0,98.6103744506836
857.2700000000001,1.2026682435647227,0.5905350367944546,0.023157894736842106,0.38461538461538475,103.474617508,2.3632357120513916,0,98.6103744506836
857.2700000000001,1.2026682435647227,0.5905350367944546,0.023157894736842106,0.38461538461538475,103.474617508,2.3632357120513916,0,98.6103744506836
857.2700000000001,1.2026682435647227,0.5905350367944546,0.023157894736842106,0.38461538461538475,103.474617508,2.3632357120513916,0,98.6103744506836
857.2700000000001,1.2033170085800762,0.5909479234659128,0.023157894736842106,0.38461538461538475,103.18539412,2.3632357120513916,0,98.6103744506836
857.2700000000001,1.2033170085800762,0.5909479234659128,0.023157894736842106,0.38461538461538475,103.18539412,2.3632357120513916,0,98.6103744506836
857.2700000000001,1.2033170085800762,0.5909479234659128,0.023157894736842106,0.38461538461538475,103.18539412,2.3632357120513916,0,98.6103744506836
857.2700000000001,1.2033170085800762,0.5909479234659128,0.023157894736842106,0.38461538461538475,103.18539412,2.3632357120513916,0,98.6103744506836
857.2700000000001,1.2039584470271134,0.591365813823192,0.023157894736842106,0.38461538461538475,103.18539412,2.3632357120513916,0,98.6103744506836
857.37,1.2039584470271134,0.591365813823192,0.023157894736842106,0.38461538461538475,103.261174807,2.3632357120513916,0,98.6103744506836
857.37,1.2039584470271134,0.591365813823192,0.023157894736842106,0.38461538461538475,103.261174807,2.3632357120513916,0,98.6103744506836
857.37,1.2045943422365029,0.5917930596769643,0.023157894736842106,0.38461538461538475,103.261174807,2.3632357120513916,0,98.6103744506836
857.37,1.2045943422365029,0.5917930596769643,0.023157894736842106,0.38461538461538475,103.261174807,2.3632357120513916,0,98.6103744506836
857.37,1.2045943422365029,0.5917930596769643,0.023157894736842106,0.38461538461538475,103.85731802,2.3632357120513916,0,98.6103744506836
857.37,1.2045943422365029,0.5917930596769643,0.023157894736842106,0.38461538461538475,103.85731802,2.3632357120513916,0,98.6103744506836
857.37,1.2045943422365029,0.5917930596769643,0.023157894736842106,0.38461538461538475,103.85731802,2.3632357120513916,0,98.6103744506836
857.37,1.2045943422365029,0.5917930596769643,0.023157894736842106,0.38461538461538475,103.85731802,2.3632357120513916,0,98.6103744506836
857.37,1.2052223570854992,0.5922260431855022,0.023157894736842106,0.38461538461538475,103.85731802,2.3632357120513916,0,98.6103744506836
857.37,1.2052223570854992,0.5922260431855022,0.011578947368421053,0.22461538461538474,103.785164277,2.3632357120513916,0,98.6103744506836
857.37,1.2052223570854992,0.5922260431855022,0.011578947368421053,0.22461538461538474,103.785164277,2.3632357120513916,0,98.6103744506836
857.37,1.2052223570854992,0.5922260431855022,0.011578947368421053,0.22461538461538474,103.785164277,2.3632357120513916,0,98.6103744506836
857.37,1.2052223570854992,0.5922260431855022,0.011578947368421053,0.22461538461538474,103.785164277,2.3632357120513916,0,98.6103744506836
857.47,1.2058457371963134,0.5926707492648214,0.011578947368421053,0.06461538461538474,103.785164277,2.3632357120513916,0,98.6103744506836
857.47,1.2058457371963134,0.5926707492648214,0.011578947368421053,0.06461538461538474,103.785164277,2.3632357120513916,0,98.6103744506836
857.47,1.2058457371963134,0.5926707492648214,0.011578947368421053,0.06461538461538474,103.364820383,2.3632357120513916,0,98.6103744506836
857.47,1.2058457371963134,0.5926707492648214,0.011578947368421053,0.06461538461538474,103.364820383,2.3632357120513916,0,98.6103744506836
857.47,1.2058457371963134,0.5926707492648214,0.011578947368421053,0.06461538461538474,103.364820383,2.3632357120513916,0,98.6103744506836
857.47,1.2061463881900538,0.5928897783212058,0.011578947368421053,0.06461538461538474,103.364820383,2.3632357120513916,0,98.6103744506836
857.47,1.2061463881900538,0.5928897783212058,0.011578947368421053,-0.09538461538461526,109.454642968,2.3632357120513916,0,98.6103744506836
857.47,1.2061463881900538,0.5928897783212058,0.011578947368421053,-0.09538461538461526,109.454642968,2.3632357120513916,0,98.6103744506836
857.47,1.2061463881900538,0.5928897783212058,0.011578947368421053,-0.09538461538461526,109.454642968,2.3632357120513916,0,98.6103744506836
857.47,1.2061463881900538,0.5928897783212058,0.011578947368421053,-0.09538461538461526,109.454642968,2.3632357120513916,0,98.6103744506836
857.47,1.2064544613644375,0.5931188558246451,0.011578947368421053,-0.09538461538461526,109.454642968,2.3632357120513916,0,98.6103744506836
857.47,1.2064544613644375,0.5931188558246451,0.011578947368421053,-0.25538461538461527,116.701972085,2.3632357120513916,0,98.6103744506836
857.47,1.2064544613644375,0.5931188558246451,0.011578947368421053,-0.25538461538461527,116.701972085,2.3632357120513916,0,98.6103744506836
857.47,1.2064544613644375,0.5931188558246451,0.011578947368421053,-0.25538461538461527,116.701972085,2.3632357120513916,0,98.6103744506836
857.47,1.2064544613644375,0.5931188558246451,0.011578947368421053,-0.25538461538461527,116.701972085,2.3632357120513916,0,98.6103744506836
857.57,1.2064544613644375,0.5931188558246451,0.011578947368421053,-0.25538461538461527,116.701972085,2.3632357120513916,0,98.6103744506836
857.57,1.2067698194284893,0.5933561672734884,0.011578947368421053,-0.28205128205128177,123.714633373,2.3632357120513916,0,98.6000747680664
857.57,1.2067698194284893,0.5933561672734884,0.011578947368421053,-0.28205128205128177,123.714633373,2.3632357120513916,0,98.6000747680664
857.57,1.2067698194284893,0.5933561672734884,0.011578947368421053,-0.28205128205128177,123.714633373,2.3632357120513916,0,98.6000747680664
857.57,1.2067698194284893,0.5933561672734884,0.011578947368421053,-0.28205128205128177,123.714633373,2.3632357120513916,0,98.6000747680664
857.57,1.2067698194284893,0.5933561672734884,0.011578947368421053,-0.28205128205128177,123.714633373,2.3632357120513916,0,98.6000747680664
857.57,1.2070963778239039,0.5936019745242762,0.011578947368421053,-0.28205128205128177,123.714633373,2.3632357120513916,0,98.6000747680664
857.57,1.2070963778239039,0.5936019745242762,0.011578947368421053,-0.28205128205128177,123.714633373,2.3632357120513916,0,98.6000747680664
857.57,1.2070963778239039,0.5936019745242762,0.011578947368421053,-0.28205128205128177,131.802723494,2.3632357120513916,0,98.6000747680664
857.57,1.2074378145032467,0.5938457623058893,0.011578947368421053,-0.28205128205128177,131.802723494,2.3632357120513916,0,98.6000747680664
857.57,1.2074378145032467,0.5938457623058893,0.011578947368421053,-0.2307692307692305,131.802723494,2.3632357120513916,0,98.6000747680664
857.57,1.2074378145032467,0.5938457623058893,0.011578947368421053,-0.2307692307692305,140.518048352,2.3632357120513916,0,98.6000747680664
857.57,1.2074378145032467,0.5938457623058893,0.011578947368421053,-0.2307692307692305,140.518048352,2.3632357120513916,0,98.6000747680664
857.6700000000001,1.2077754956752538,0.5940889967801244,0.011578947368421053,-0.2307692307692305,150.709530325,2.3632357120513916,0,98.6000747680664
857.6700000000001,1.2077754956752538,0.5940889967801244,0.011578947368421053,-0.2307692307692305,150.709530325,2.3632357120513916,0,98.6000747680664
857.6700000000001,1.2077754956752538,0.5940889967801244,0.011578947368421053,-0.2307692307692305,150.709530325,2.3632357120513916,0,98.6000747680664
857.6700000000001,1.2077754956752538,0.5940889967801244,0.011578947368421053,-0.2307692307692305,150.709530325,2.3632357120513916,0,98.6000747680664
857.6700000000001,1.208114119272662,0.5943200681527111,0.011578947368421053,-0.2307692307692305,161.731898796,2.3632357120513916,0,98.6000747680664
857.6700000000001,1.208114119272662,0.5943200681527111,0.011578947368421053,-0.2307692307692305,161.731898796,2.3632357120513916,0,98.6000747680664
857.6700000000001,1.208114119272662,0.5943200681527111,0.011578947368421053,-0.2307692307692305,161.731898796,2.3632357120513916,0,98.6000747680664
857.6700000000001,1.2084493395273097,0.594544165879039,0.011578947368421053,-0.2307692307692305,175.395235878,2.3632357120513916,0,98.6000747680664
857.6700000000001,1.2084493395273097,0.594544165879039,0.011578947368421053,-0.2307692307692305,175.395235878,2.3632357120513916,0,98.6000747680664
857.6700000000001,1.2084493395273097,0.594544165879039,0.011578947368421053,-0.2307692307692305,175.395235878,2.3632357120513916,0,98.6000747680664
857.6700000000001,1.2084493395273097,0.594544165879039,0.011578947368421053,-0.2307692307692305,175.395235878,2.3632357120513916,0,98.6000747680664
857.7700000000001,1.2087833074373988,0.5947654103920944,0.011578947368421053,-0.2307692307692305,191.806057517,2.3632357120513916,0,98.6000747680664
857.7700000000001,1.2087833074373988,0.5947654103920944,0.011578947368421053,-0.2307692307692305,191.806057517,2.3632357120513916,0,98.6000747680664
857.7700000000001,1.2087833074373988,0.5947654103920944,0.011578947368421053,-0.2307692307692305,191.806057517,2.3632357120513916,0,98.6000747680664
857.7700000000001,1.209121778972146,0.5949880003519722,0.011578947368421053,-0.2307692307692305,191.806057517,2.3632357120513916,0,98.6000747680664
857.7700000000001,1.209121778972146,0.5949880003519722,0.011578947368421053,-0.2307692307692305,191.806057517,2.3632357120513916,0,98.6000747680664
857.7700000000001,1.209121778972146,0.5949880003519722,0.011578947368421053,-0.2307692307692305,190.250024868,2.3632357120513916,0,98.6000747680664
857.7700000000001,1.209121778972146,0.5949880003519722,0.011578947368421053,-0.2307692307692305,190.250024868,2.3632357120513916,0,98.6000747680664
857.7700000000001,1.209121778972146,0.5949880003519722,0.011578947368421053,-0.2307692307692305,190.250024868,2.3632357120513916,0,98.6000747680664
857.7700000000001,1.209121778972146,0.5949880003519722,0.011578947368421053,-0.17948717948717924,190.250024868,2.3632357120513916,0,98.6000747680664
857.7700000000001,1.2094642003177218,0.5952102849242947,0.011578947368421053,-0.17948717948717924,187.951721717,2.3632357120513916,0,98.6000747680664
857.87,1.2094642003177218,0.5952102849242947,0.011578947368421053,-0.17948717948717924,187.951721717,2.3632357120513916,0,98.6000747680664
857.87,1.2098101006582134,0.5954304448596962,0.011578947368421053,-0.17948717948717924,189.334297439,2.3632357120513916,0,98.6000747680664
857.87,1.2098101006582134,0.5954304448596962,0.011578947368421053,-0.12820512820512797,189.334297439,2.3632357120513916,0,98.6000747680664
857.87,1.2098101006582134,0.5954304448596962,0.011578947368421053,-0.12820512820512797,189.334297439,2.3632357120513916,0,98.6000747680664
857.87,1.2098101006582134,0.5954304448596962,0.011578947368421053,-0.12820512820512797,189.334297439,2.3632357120513916,0,98.6000747680664
857.87,1.2101545892059402,0.595647926172762,0.011578947368421053,-0.12820512820512797,189.999916842,2.3632357120513916,0,98.6000747680664
857.87,1.2101545892059402,0.595647926172762,0.011578947368421053,-0.12820512820512797,189.999916842,2.3632357120513916,0,98.6000747680664
857.87,1.2101545892059402,0.595647926172762,0.011578947368421053,-0.12820512820512797,189.999916842,2.3632357120513916,0,98.6000747680664
857.87,1.2101545892059402,0.595647926172762,0.011578947368421053,-0.12820512820512797,189.999916842,2.3632357120513916,0,98.6000747680664
857.87,1.2104988515725346,0.5958585468544456,0.011578947368421053,-0.12820512820512797,189.999916842,2.3632357120513916,0,98.6000747680664
857.87,1.2104988515725346,0.5958585468544456,0.011578947368421053,-0.12820512820512797,191.618722246,2.3632357120513916,0,98.6000747680664
857.97,1.2104988515725346,0.5958585468544456,0.011578947368421053,-0.07692307692307669,191.618722246,2.3632357120513916,0,98.6000747680664
857.97,1.2108389205186263,0.5960658007179309,0.011578947368421053,-0.07692307692307669,191.618722246,2.3632357120513916,0,98.6000747680664
857.97,1.2108389205186263,0.5960658007179309,0.011578947368421053,-0.07692307692307669,192.9939299,2.3632357120513916,0,98.6000747680664
857.97,1.2108389205186263,0.5960658007179309,0.011578947368421053,-0.07692307692307669,192.9939299,2.3632357120513916,0,98.6000747680664
857.97,1.2108389205186263,0.5960658007179309,0.011578947368421053,-0.07692307692307669,192.9939299,2.3632357120513916,0,98.6000747680664
857.97,1.2111794600679004,0.5962715933252715,0.011578947368421053,-0.07692307692307669,194.475666344,2.3632357120513916,0,98.6000747680664
857.97,1.2111794600679004,0.5962715933252715,0.011578947368421053,-0.07692307692307669,194.475666344,2.3632357120513916,0,98.6000747680664
857.97,1.2111794600679004,0.5962715933252715,0.011578947368421053,-0.07692307692307669,194.475666344,2.3632357120513916,0,98.6000747680664
857.97,1.2111794600679004,0.5962715933252715,0.011578947368421053,-0.07692307692307669,194.475666344,2.3632357120513916,0,98.6000747680664
857.97,1.2115192779677086,0.5964773051757015,0.011578947368421053,-0.07692307692307669,195.050924353,2.3632357120513916,0,98.6000747680664
857.97,1.2115192779677086,0.5964773051757015,0.011578947368421053,-0.07692307692307669,195.050924353,2.3632357120513916,0,98.6000747680664
857.97,1.2115192779677086,0.5964773051757015,0.011578947368421053,-0.07692307692307669,195.050924353,2.3632357120513916,0,98.6000747680664
858.07,1.2115192779677086,0.5964773051757015,0.011578947368421053,-0.07692307692307669,195.050924353,2.3632357120513916,0,98.59439086914062
858.07,1.2118625180959892,0.5966830012723006,0.011578947368421053,-0.07692307692307669,196.323634133,2.3632357120513916,0,98.59439086914062
858.07,1.2118625180959892,0.5966830012723006,0.011578947368421053,-0.07692307692307669,196.323634133,2.3632357120513916,0,98.59439086914062
858.07,1.2118625180959892,0.5966830012723006,0.011578947368421053,-0.07692307692307669,196.323634133,2.3632357120513916,0,98.59439086914062
858.07,1.2118625180959892,0.5966830012723006,0.011578947368421053,-0.07692307692307669,196.323634133,2.3632357120513916,0,98.59439086914062
858.07,1.2122054323425207,0.5968878602695271,0.011578947368421053,-0.07692307692307669,196.286002762,2.3632357120513916,0,98.59439086914062
858.07,1.2122054323425207,0.5968878602695271,0.011578947368421053,-0.07692307692307669,196.286002762,2.3632357120513916,0,98.59439086914062
858.07,1.2122054323425207,0.5968878602695271,0.011578947368421053,-0.07692307692307669,196.286002762,2.3632357120513916,0,98.59439086914062
858.07,1.2122054323425207,0.5968878602695271,0.011578947368421053,-0.07692307692307669,196.286002762,2.3632357120513916,0,98.59439086914062
858.07,1.2113658776947696,0.5982754770977197,0.011578947368421053,-0.07692307692307669,197.981855112,2.3632357120513916,0,98.59439086914062
858.07,1.2113658776947696,0.5982754770977197,0.011578947368421053,-0.07692307692307669,197.981855112,2.3632357120513916,0,98.59439086914062
858.07,1.2113658776947696,0.5982754770977197,0.011578947368421053,-0.07692307692307669,197.981855112,2.3632357120513916,0,98.59439086914062
858.1700000000001,1.2113658776947696,0.5982754770977197,0.011578947368421053,-0.07692307692307669,197.981855112,2.3632357120513916,0,98.59439086914062
858.1700000000001,1.209697557548915,0.6004907129858754,0.011578947368421053,-0.07692307692307669,198.073424582,2.3632357120513916,0,98.59439086914062
858.1700000000001,1.209697557548915,0.6004907129858754,0.011578947368421053,-0.07692307692307669,198.073424582,2.3632357120513916,0,98.59439086914062
858.1700000000001,1.209697557548915,0.6004907129858754,0.011578947368421053,-0.07692307692307669,198.073424582,2.3632357120513916,0,98.59439086914062
858.1700000000001,1.2080284360104105,0.6027049409079146,0.011578947368421053,-0.07692307692307669,198.073424582,2.3632357120513916,0,98.59439086914062
858.1700000000001,1.2080284360104105,0.6027049409079146,0.011578947368421053,-0.07692307692307669,198.073424582,2.3632357120513916,0,98.59439086914062
858.1700000000001,1.2080284360104105,0.6027049409079146,0.011578947368421053,-0.07692307692307669,198.466339051,2.3632357120513916,0,98.59439086914062
858.1700000000001,1.2080284360104105,0.6027049409079146,0.011578947368421053,-0.07692307692307669,198.466339051,2.3632357120513916,0,98.59439086914062
858.1700000000001,1.2063579789870287,0.6049187457037598,0.011578947368421053,-0.07692307692307669,198.466339051,2.3632357120513916,0,98.59439086914062
858.1700000000001,1.2063579789870287,0.6049187457037598,0.011578947368421053,-0.07692307692307669,199.097848085,2.3632357120513916,0,98.59439086914062
858.1700000000001,1.2063579789870287,0.6049187457037598,0.011578947368421053,-0.07692307692307669,199.097848085,2.3632357120513916,0,98.59439086914062
858.2700000000001,1.2063579789870287,0.6049187457037598,0.011578947368421053,-0.07692307692307669,199.097848085,2.3632357120513916,0,98.59439086914062
858.2700000000001,1.2046888770379949,0.6071324197813013,0.011578947368421053,-0.07692307692307669,199.361741638,2.3632357120513916,0,98.59439086914062
858.2700000000001,1.2046888770379949,0.6071324197813013,0.011578947368421053,-0.07692307692307669,199.361741638,2.3632357120513916,0,98.59439086914062
858.2700000000001,1.2046888770379949,0.6071324197813013,0.011578947368421053,-0.07692307692307669,199.361741638,2.3632357120513916,0,98.59439086914062
858.2700000000001,1.2046888770379949,0.6071324197813013,0.011578947368421053,0.08307692307692331,199.361741638,2.3632357120513916,0,98.59439086914062
858.2700000000001,1.2030190509263399,0.6093458816022483,0.011578947368421053,0.08307692307692331,199.361741638,2.3632357120513916,0,98.59439086914062
858.2700000000001,1.2030190509263399,0.6093458816022483,0.011578947368421053,0.08307692307692331,199.039271768,2.3632357120513916,0,98.59439086914062
858.2700000000001,1.2030190509263399,0.6093458816022483,0.011578947368421053,0.08307692307692331,199.039271768,2.3632357120513916,0,98.59439086914062
858.2700000000001,1.2030190509263399,0.6093458816022483,0.011578947368421053,0.08307692307692331,199.039271768,2.3632357120513916,0,98.59439086914062
858.2700000000001,1.2030190509263399,0.6093458816022483,0.011578947368421053,0.2430769230769233,199.039271768,2.3632357120513916,0,98.59439086914062
858.2700000000001,1.2030190509263399,0.6093458816022483,0.011578947368421053,0.2430769230769233,199.039271768,2.3632357120513916,0,98.59439086914062
858.2700000000001,1.202772816308239,0.6101373986421849,0.011578947368421053,0.2430769230769233,199.062994402,2.3632357120513916,0,98.59439086914062
858.2700000000001,1.202772816308239,0.6101373986421849,0.011578947368421053,0.2430769230769233,199.062994402,2.3632357120513916,0,98.59439086914062
858.37,1.202772816308239,0.6101373986421849,0.011578947368421053,0.2430769230769233,199.062994402,2.3632357120513916,0,98.59439086914062
858.37,1.2031093430479838,0.6103324104062201,0.011578947368421053,0.40307692307692333,199.237509335,2.3632357120513916,0,98.59439086914062
858.37,1.2031093430479838,0.6103324104062201,0.011578947368421053,0.40307692307692333,199.237509335,2.3632357120513916,0,98.59439086914062
858.37,1.2031093430479838,0.6103324104062201,0.011578947368421053,0.40307692307692333,199.237509335,2.3632357120513916,0,98.59439086914062
858.37,1.2031093430479838,0.6103324104062201,0.011578947368421053,0.40307692307692333,199.237509335,2.3632357120513916,0,98.59439086914062
858.37,1.2034331130221196,0.6105209072019648,0.011578947368421053,0.40307692307692333,199.752030475,2.346543073654175,0,98.59439086914062
858.37,1.2034331130221196,0.6105209072019648,0.011578947368421053,0.435897435897436,199.752030475,2.346543073654175,0,98.59439086914062
858.37,1.2034331130221196,0.6105209072019648,0.011578947368421053,0.435897435897436,199.752030475,2.346543073654175,0,98.59439086914062
858.37,1.2034331130221196,0.6105209072019648,0.011578947368421053,0.435897435897436,199.752030475,2.346543073654175,0,98.59439086914062
858.37,1.2037477167266526,0.6107097701175881,0.011578947368421053,0.435897435897436,200.908169147,2.346543073654175,0,98.59439086914062
858.47,1.2037477167266526,0.6107097701175881,0.011578947368421053,0.435897435897436,200.908169147,2.346543073654175,0,98.59439086914062
858.47,1.2037477167266526,0.6107097701175881,0.011578947368421053,0.435897435897436,200.908169147,2.346543073654175,0,98.59439086914062
858.47,1.2037477167266526,0.6107097701175881,0.011578947368421053,0.435897435897436,200.908169147,2.346543073654175,0,98.59439086914062
858.47,1.2040549654326875,0.6108978713502767,0.011578947368421053,0.435897435897436,200.908169147,2.346543073654175,0,98.59439086914062
858.47,1.2040549654326875,0.6108978713502767,0.011578947368421053,0.435897435897436,203.650900134,2.346543073654175,0,98.59439086914062
858.47,1.2040549654326875,0.6108978713502767,0.011578947368421053,0.435897435897436,203.650900134,2.346543073654175,0,98.59439086914062
858.47,1.204359579730976,0.6110968899583586,0.011578947368421053,0.435897435897436,206.512652513,2.346543073654175,0,98.59439086914062
858.47,1.204359579730976,0.6110968899583586,0.011578947368421053,0.435897435897436,206.512652513,2.346543073654175,0,98.59439086914062
858.47,1.204359579730976,0.6110968899583586,0.011578947368421053,0.435897435897436,206.512652513,2.346543073654175,0,98.59439086914062
858.47,1.204665384684258,0.6113020391103171,0.011578947368421053,0.435897435897436,207.953893858,2.346543073654175,0,98.59439086914062
858.47,1.204665384684258,0.6113020391103171,0.011578947368421053,0.435897435897436,207.953893858,2.346543073654175,0,98.59439086914062
858.47,1.204665384684258,0.6113020391103171,0.011578947368421053,0.435897435897436,207.953893858,2.346543073654175,0,98.59439086914062
858.57,1.204665384684258,0.6113020391103171,0.011578947368421053,0.435897435897436,207.953893858,2.346543073654175,0,98.57806396484375
858.57,1.204665384684258,0.6113020391103171,0.011578947368421053,0.38461538461538475,207.953893858,2.346543073654175,0,98.57806396484375
858.57,1.2049722399927827,0.6115166627360543,0.011578947368421053,0.38461538461538475,209.315473982,2.346543073654175,0,98.57806396484375
858.57,1.2049722399927827,0.6115166627360543,0.011578947368421053,0.38461538461538475,209.315473982,2.346543073654175,0,98.57806396484375
858.57,1.2049722399927827,0.6115166627360543,0.011578947368421053,0.38461538461538475,209.315473982,2.346543073654175,0,98.57806396484375
858.57,1.2049722399927827,0.6115166627360543,0.011578947368421053,0.38461538461538475,209.315473982,2.346543073654175,0,98.57806396484375
858.57,1.205277903281125,0.611733856052169,0.011578947368421053,0.38461538461538475,211.558309078,2.346543073654175,0,98.57806396484375
858.57,1.205277903281125,0.611733856052169,0.011578947368421053,0.38461538461538475,211.558309078,2.346543073654175,0,98.57806396484375
858.57,1.205277903281125,0.611733856052169,0.011578947368421053,0.38461538461538475,211.558309078,2.346543073654175,0,98.57806396484375
858.57,1.205277903281125,0.611733856052169,0.011578947368421053,0.38461538461538475,211.558309078,2.346543073654175,0,98.57806396484375
858.57,1.205277903281125,0.611733856052169,0.011578947368421053,0.38461538461538475,211.558309078,2.346543073654175,0,98.57806396484375
858.57,1.2055777127678573,0.6119542726755266,0.011578947368421053,0.38461538461538475,213.863754849,2.346543073654175,0,98.57806396484375
858.57,1.2055777127678573,0.6119542726755266,0.011578947368421053,0.38461538461538475,213.863754849,2.346543073654175,0,98.57806396484375
858.6700000000001,1.2055777127678573,0.6119542726755266,0.011578947368421053,0.38461538461538475,213.863754849,2.346543073654175,0,98.57806396484375
858.6700000000001,1.2055777127678573,0.6119542726755266,0.011578947368421053,0.38461538461538475,213.863754849,2.346543073654175,0,98.57806396484375
858.6700000000001,1.2058731853693192,0.6121742257779046,0.011578947368421053,0.38461538461538475,213.863754849,2.346543073654175,0,98.57806396484375
858.6700000000001,1.2058731853693192,0.6121742257779046,0.011578947368421053,0.38461538461538475,214.950771745,2.346543073654175,0,98.57806396484375
858.6700000000001,1.2058731853693192,0.6121742257779046,0.011578947368421053,0.38461538461538475,214.950771745,2.346543073654175,0,98.57806396484375
858.6700000000001,1.2058731853693192,0.6121742257779046,0.011578947368421053,0.38461538461538475,214.950771745,2.346543073654175,0,98.57806396484375
858.6700000000001,1.2058731853693192,0.6121742257779046,0.011578947368421053,0.38461538461538475,214.950771745,2.346543073654175,0,98.57806396484375
858.6700000000001,1.206164104655124,0.6124004910211023,0.011578947368421053,0.38461538461538475,215.162983639,2.346543073654175,0,98.57806396484375
858.6700000000001,1.206164104655124,0.6124004910211023,0.011578947368421053,0.38461538461538475,215.162983639,2.346543073654175,0,98.57806396484375
858.6700000000001,1.206164104655124,0.6124004910211023,0.011578947368421053,0.38461538461538475,215.162983639,2.346543073654175,0,98.57806396484375
858.6700000000001,1.206164104655124,0.6124004910211023,0.011578947368421053,0.38461538461538475,215.162983639,2.346543073654175,0,98.57806396484375
858.6700000000001,1.206164104655124,0.6124004910211023,0.011578947368421053,0.38461538461538475,215.162983639,2.346543073654175,0,98.57806396484375
858.6700000000001,1.2064538474424418,0.6126298564449536,0.011578947368421053,0.38461538461538475,215.057594051,2.346543073654175,0,98.57806396484375
858.7700000000001,1.2064538474424418,0.6126298564449536,0.011578947368421053,0.3333333333333335,215.057594051,2.346543073654175,0,98.57806396484375
858.7700000000001,1.2064538474424418,0.6126298564449536,0.011578947368421053,0.3333333333333335,215.057594051,2.346543073654175,0,98.57806396484375
858.7700000000001,1.2067412151246077,0.6128659929642876,0.011578947368421053,0.3333333333333335,214.065894836,2.346543073654175,0,98.57806396484375
858.7700000000001,1.2067412151246077,0.6128659929642876,0.011578947368421053,0.3333333333333335,214.065894836,2.346543073654175,0,98.57806396484375
858.7700000000001,1.2067412151246077,0.6128659929642876,0.011578947368421053,0.3333333333333335,214.065894836,2.346543073654175,0,98.57806396484375
858.7700000000001,1.2067412151246077,0.6128659929642876,0.011578947368421053,0.3333333333333335,214.065894836,2.346543073654175,0,98.57806396484375
858.7700000000001,1.2067412151246077,0.6128659929642876,0.011578947368421053,0.3333333333333335,214.065894836,2.346543073654175,0,98.57806396484375
858.7700000000001,1.2070277126268742,0.6131065665970755,0.011578947368421053,0.3333333333333335,213.102586327,2.346543073654175,0,98.57806396484375
858.7700000000001,1.2070277126268742,0.6131065665970755,0.011578947368421053,0.3333333333333335,213.102586327,2.346543073654175,0,98.57806396484375
858.7700000000001,1.2070277126268742,0.6131065665970755,0.011578947368421053,0.3333333333333335,213.102586327,2.346543073654175,0,98.57806396484375
858.7700000000001,1.2070277126268742,0.6131065665970755,0.011578947368421053,0.3333333333333335,213.102586327,2.346543073654175,0,98.57806396484375
858.7700000000001,1.2073120196020335,0.6133500089120295,0.011578947368421053,0.3333333333333335,213.102586327,2.346543073654175,0,98.57806396484375
858.7700000000001,1.2073120196020335,0.6133500089120295,0.011578947368421053,0.3333333333333335,213.102586327,2.346543073654175,0,98.57806396484375
858.87,1.2073120196020335,0.6133500089120295,0.011578947368421053,0.3333333333333335,213.542168372,2.346543073654175,0,98.57806396484375
858.87,1.2073120196020335,0.6133500089120295,0.011578947368421053,0.3333333333333335,213.542168372,2.346543073654175,0,98.57806396484375
858.87,1.2073120196020335,0.6133500089120295,0.011578947368421053,0.3333333333333335,213.542168372,2.346543073654175,0,98.57806396484375
858.87,1.2073120196020335,0.6133500089120295,0.011578947368421053,0.3333333333333335,213.542168372,2.346543073654175,0,98.57806396484375
858.87,1.2073120196020335,0.6133500089120295,0.011578947368421053,0.3333333333333335,213.542168372,2.346543073654175,0,98.57806396484375
858.87,1.2075931625195058,0.6135968045082023,0.011578947368421053,0.3333333333333335,213.342538163,2.346543073654175,0,98.57806396484375
858.87,1.2075931625195058,0.6135968045082023,0.011578947368421053,0.3333333333333335,213.342538163,2.346543073654175,0,98.57806396484375
858.87,1.2075931625195058,0.6135968045082023,0.011578947368421053,0.3333333333333335,213.342538163,2.346543073654175,0,98.57806396484375
858.87,1.2075931625195058,0.6135968045082023,0.011578947368421053,0.3333333333333335,213.342538163,2.346543073654175,0,98.57806396484375
858.87,1.2078711758573093,0.6138466899361976,0.011578947368421053,0.3333333333333335,213.021946734,2.346543073654175,0,98.57806396484375
858.87,1.2078711758573093,0.6138466899361976,0.011578947368421053,0.3333333333333335,213.021946734,2.346543073654175,0,98.57806396484375
858.87,1.2078711758573093,0.6138466899361976,0.011578947368421053,0.3333333333333335,213.021946734,2.346543073654175,0,98.57806396484375
858.87,1.2078711758573093,0.6138466899361976,0.011578947368421053,0.3333333333333335,213.021946734,2.346543073654175,0,98.57806396484375
858.87,1.2081465706248935,0.6140990109750383,0.011578947368421053,0.3333333333333335,213.021946734,2.346543073654175,0,98.57806396484375
858.87,1.2081465706248935,0.6140990109750383,0.011578947368421053,0.3333333333333335,212.894959021,2.346543073654175,0,98.57806396484375
858.87,1.2081465706248935,0.6140990109750383,0.011578947368421053,0.3333333333333335,212.894959021,2.346543073654175,0,98.57806396484375
858.87,1.2081465706248935,0.6140990109750383,0.011578947368421053,0.3333333333333335,212.894959021,2.346543073654175,0,98.57806396484375
858.87,1.2081465706248935,0.6140990109750383,0.011578947368421053,0.3333333333333335,212.894959021,2.346543073654175,0,98.57806396484375
858.97,1.2081465706248935,0.6140990109750383,0.011578947368421053,0.3333333333333335,212.894959021,2.346543073654175,0,98.57806396484375
858.97,1.2081465706248935,0.6140990109750383,0.011578947368421053,0.3333333333333335,212.894959021,2.346543073654175,0,98.57806396484375
858.97,1.2081465706248935,0.6140990109750383,0.011578947368421053,0.3333333333333335,212.894959021,2.346543073654175,0,98.57806396484375
858.97,1.2084189885991348,0.6143553104250862,0.0,0.23076923076923095,212.795767997,2.346543073654175,0,98.57806396484375
858.97,1.2084189885991348,0.6143553104250862,0.0,0.23076923076923095,212.795767997,2.346543073654175,0,98.57806396484375
858.97,1.2084189885991348,0.6143553104250862,0.0,0.23076923076923095,212.795767997,2.346543073654175,0,98.57806396484375
858.97,1.2084189885991348,0.6143553104250862,0.0,0.23076923076923095,212.795767997,2.346543073654175,0,98.57806396484375
858.97,1.2086888895010488,0.614614923821753,0.0,0.23076923076923095,212.914411058,2.346543073654175,0,98.57806396484375
858.97,1.2086888895010488,0.614614923821753,0.0,0.23076923076923095,212.914411058,2.346543073654175,0,98.57806396484375
858.97,1.2086888895010488,0.614614923821753,0.0,0.23076923076923095,212.914411058,2.346543073654175,0,98.57806396484375
858.97,1.2086888895010488,0.614614923821753,0.0,0.23076923076923095,212.914411058,2.346543073654175,0,98.57806396484375
858.97,1.2086774289519921,0.6146020273465339,0.0,0.23076923076923095,0.0,2.346543073654175,0,98.57806396484375
859.07,1.2086774289519921,0.6146020273465339,0.0,0.23076923076923095,0.0,2.346543073654175,0,98.57286834716797
859.07,1.2086774289519921,0.6146020273465339,0.0,0.23076923076923095,0.0,2.346543073654175,0,98.57286834716797
859.07,1.2086774289519921,0.6146020273465339,0.0,0.23076923076923095,0.0,2.346543073654175,0,98.57286834716797
859.07,1.2086774289519921,0.6146020273465339,0.0,0.23076923076923095,0.0,2.346543073654175,0,98.57286834716797
859.07,1.2086678432973443,0.614591161723799,0.0,0.23076923076923095,0.0,2.346543073654175,0,98.57286834716797
859.07,1.2086678432973443,0.614591161723799,0.0,0.23076923076923095,0.0,2.346543073654175,0,98.57286834716797
859.07,1.2086678432973443,0.614591161723799,0.0,0.23076923076923095,0.0,2.346543073654175,0,98.57286834716797
859.07,1.2086588642364617,0.6145804795693495,0.0,0.23076923076923095,0.0,2.346543073654175,0,98.57286834716797
859.07,1.2086588642364617,0.6145804795693495,0.0,0.17948717948717968,0.0,2.346543073654175,0,98.57286834716797
859.07,1.2086588642364617,0.6145804795693495,0.0,0.17948717948717968,0.0,2.346543073654175,0,98.57286834716797
859.07,1.2086588642364617,0.6145804795693495,0.0,0.17948717948717968,0.0,2.346543073654175,0,98.57286834716797
859.07,1.2086588642364617,0.6145804795693495,0.0,0.17948717948717968,0.0,2.346543073654175,0,98.57286834716797
859.1700000000001,1.2086533103354535,0.6145728150584973,0.0,0.17948717948717968,0.0,2.346543073654175,0,98.57286834716797
859.1700000000001,1.2086533103354535,0.6145728150584973,0.0,0.17948717948717968,0.0,2.346543073654175,0,98.57286834716797
859.1700000000001,1.2086533103354535,0.6145728150584973,0.0,0.17948717948717968,0.0,2.346543073654175,0,98.57286834716797
859.1700000000001,1.2086533103354535,0.6145728150584973,0.0,0.17948717948717968,0.0,2.349802255630493,0,98.57286834716797
859.1700000000001,1.2086533103354535,0.6145728150584973,0.0,0.17948717948717968,0.0,2.349802255630493,0,98.57286834716797
859.1700000000001,1.2086466188903018,0.6145661807988204,0.0,0.17948717948717968,0.0,2.349802255630493,0,98.57286834716797
859.1700000000001,1.2086466188903018,0.6145661807988204,0.0,0.17948717948717968,0.0,2.349802255630493,0,98.57286834716797
859.1700000000001,1.2086466188903018,0.6145661807988204,0.0,0.17948717948717968,0.0,2.349802255630493,0,98.57286834716797
859.1700000000001,1.2086466188903018,0.6145661807988204,0.0,0.17948717948717968,0.0,2.349802255630493,0,98.57286834716797
859.1700000000001,1.2086466188903018,0.6145661807988204,0.0,0.17948717948717968,0.0,2.349802255630493,0,98.57286834716797
859.1700000000001,1.2086416552776673,0.6145594810454414,0.0,0.17948717948717968,0.0,2.349802255630493,0,98.57286834716797
859.1700000000001,1.2086416552776673,0.6145594810454414,0.0,0.17948717948717968,0.0,2.349802255630493,0,98.57286834716797
859.2700000000001,1.2086340497493935,0.614551520982557,0.0,0.17948717948717968,0.0,2.349802255630493,0,98.57286834716797
859.2700000000001,1.2086340497493935,0.614551520982557,0.0,0.17948717948717968,0.0,2.349802255630493,0,98.57286834716797
859.2700000000001,1.2086340497493935,0.614551520982557,0.0,0.17948717948717968,0.0,2.349802255630493,0,98.57286834716797
859.2700000000001,1.2086340497493935,0.614551520982557,0.0,0.17948717948717968,0.0,2.349802255630493,0,98.57286834716797
859.2700000000001,1.2086267010541898,0.6145423068698495,0.0,0.17948717948717968,0.0,2.349802255630493,0,98.57286834716797
859.2700000000001,1.2086267010541898,0.6145423068698495,0.0,0.17948717948717968,0.0,2.349802255630493,0,98.57286834716797
859.2700000000001,1.2086267010541898,0.6145423068698495,0.0,0.17948717948717968,0.0,2.349802255630493,0,98.57286834716797
859.2700000000001,1.2086267010541898,0.6145423068698495,0.0,0.17948717948717968,0.0,2.349802255630493,0,98.57286834716797
859.2700000000001,1.2086267010541898,0.6145423068698495,0.0,0.17948717948717968,0.0,2.349802255630493,0,98.57286834716797
859.2700000000001,1.2086267010541898,0.6145423068698495,0.0,0.17948717948717968,0.0,2.349802255630493,0,98.57286834716797
859.2700000000001,1.208618811950062,0.6145324983766444,0.0,0.17948717948717968,0.0,2.349802255630493,0,98.57286834716797
859.2700000000001,1.208618811950062,0.6145324983766444,0.0,0.17948717948717968,0.0,2.349802255630493,0,98.57286834716797
859.2700000000001,1.208618811950062,0.6145324983766444,0.0,0.17948717948717968,0.0,2.349802255630493,0,98.57286834716797
859.37,1.208618811950062,0.6145324983766444,0.0,0.17948717948717968,0.0,2.349802255630493,0,98.57286834716797
859.37,1.208611568371348,0.6145231399453052,0.0,0.17948717948717968,0.0,2.349802255630493,0,98.57286834716797
859.37,1.208611568371348,0.6145231399453052,0.0,0.17948717948717968,0.0,2.349802255630493,0,98.57286834716797
859.37,1.208611568371348,0.6145231399453052,0.0,0.17948717948717968,0.0,2.349802255630493,0,98.57286834716797
859.37,1.208611568371348,0.6145231399453052,0.0,0.17948717948717968,0.0,2.349802255630493,0,98.57286834716797
859.37,1.208605264944757,0.6145146395368809,0.0,0.17948717948717968,0.0,2.349802255630493,0,98.57286834716797
859.37,1.208605264944757,0.6145146395368809,0.0,0.17948717948717968,0.0,2.349802255630493,0,98.57286834716797
859.37,1.208605264944757,0.6145146395368809,0.0,0.17948717948717968,0.0,2.349802255630493,0,98.57286834716797
859.37,1.208605264944757,0.6145146395368809,0.0,0.17948717948717968,0.0,2.349802255630493,0,98.57286834716797
859.37,1.208605264944757,0.6145146395368809,0.0,0.17948717948717968,0.0,2.349802255630493,0,98.57286834716797
859.37,1.2085989197657723,0.6145066028101482,0.0,0.17948717948717968,0.0,2.349802255630493,0,98.57286834716797
859.37,1.2085989197657723,0.6145066028101482,0.0,0.17948717948717968,0.0,2.349802255630493,0,98.57286834716797
859.47,1.2085924269169355,0.6144985810811384,0.0,0.17948717948717968,0.0,2.349802255630493,0,98.57286834716797
859.47,1.2085924269169355,0.6144985810811384,0.0,0.17948717948717968,0.0,2.349802255630493,0,98.57286834716797
859.47,1.2085924269169355,0.6144985810811384,0.0,0.17948717948717968,0.0,2.349802255630493,0,98.57286834716797
859.47,1.208586099392793,0.6144901101869987,0.0,0.17948717948717968,0.0,2.349802255630493,0,98.57286834716797
859.47,1.208586099392793,0.6144901101869987,0.0,0.17948717948717968,0.0,2.349802255630493,0,98.57286834716797
859.47,1.208586099392793,0.6144901101869987,0.0,0.17948717948717968,0.0,2.349802255630493,0,98.57286834716797
859.47,1.2085796774901167,0.6144814206714435,0.0,0.17948717948717968,0.0,2.349802255630493,0,98.57286834716797
859.47,1.2085796774901167,0.6144814206714435,0.0,0.17948717948717968,0.0,2.349802255630493,0,98.57286834716797
859.47,1.2085796774901167,0.6144814206714435,0.0,0.17948717948717968,0.0,2.349802255630493,0,98.57286834716797
859.47,1.2085796774901167,0.6144814206714435,0.0,0.12820512820512842,0.0,2.349802255630493,0,98.57286834716797
859.57,1.2085796774901167,0.6144814206714435,0.0,0.12820512820512842,0.0,2.349802255630493,0,98.57286834716797
859.57,1.2085796774901167,0.6144814206714435,0.0,0.12820512820512842,0.0,2.349802255630493,0,98.57270812988281
859.57,1.2085734805773116,0.6144728513034474,0.0,0.12820512820512842,0.0,2.349802255630493,0,98.57270812988281
859.57,1.2085734805773116,0.6144728513034474,0.0,0.12820512820512842,0.0,2.349802255630493,0,98.57270812988281
859.57,1.2085734805773116,0.6144728513034474,0.0,0.12820512820512842,0.0,2.349802255630493,0,98.57270812988281
859.57,1.2085734805773116,0.6144728513034474,0.0,0.12820512820512842,0.0,2.349802255630493,0,98.57270812988281
859.57,1.2085690582068702,0.6144658151987772,0.0,0.12820512820512842,0.0,2.349802255630493,0,98.57270812988281
859.57,1.2085690582068702,0.6144658151987772,0.0,0.12820512820512842,0.0,2.349802255630493,0,98.57270812988281
859.57,1.2085690582068702,0.6144658151987772,0.0,0.12820512820512842,0.0,2.349802255630493,0,98.57270812988281
859.57,1.20856507535574,0.6144597961901671,0.0,0.12820512820512842,0.0,2.349802255630493,0,98.57270812988281
859.57,1.20856507535574,0.6144597961901671,0.0,0.12820512820512842,0.0,2.349802255630493,0,98.57270812988281
859.57,1.20856507535574,0.6144597961901671,0.0,0.12820512820512842,0.0,2.349802255630493,0,98.57270812988281
859.6700000000001,1.2085624028642459,0.6144547697430727,0.0,0.12820512820512842,0.0,2.349802255630493,0,98.57270812988281
859.6700000000001,1.2085624028642459,0.6144547697430727,0.0,0.12820512820512842,0.0,2.349802255630493,0,98.57270812988281
859.6700000000001,1.2085624028642459,0.6144547697430727,0.0,0.12820512820512842,0.0,2.349802255630493,0,98.57270812988281
859.6700000000001,1.2085624028642459,0.6144547697430727,0.0,0.12820512820512842,0.0,2.349802255630493,0,98.57270812988281
859.6700000000001,1.2085624028642459,0.6144547697430727,0.0,0.12820512820512842,0.0,2.349802255630493,0,98.57270812988281
859.6700000000001,1.208558404798464,0.6144499981023931,0.0,0.12820512820512842,0.0,2.349802255630493,0,98.57270812988281
859.6700000000001,1.208558404798464,0.6144499981023931,0.0,0.12820512820512842,0.0,2.349802255630493,0,98.57270812988281
859.6700000000001,1.208558404798464,0.6144499981023931,0.0,0.12820512820512842,0.0,2.349802255630493,0,98.57270812988281
859.6700000000001,1.208558404798464,0.6144499981023931,0.0,0.12820512820512842,0.0,2.349802255630493,0,98.57270812988281
859.6700000000001,1.208558404798464,0.6144499981023931,0.0,0.12820512820512842,0.0,2.349802255630493,0,98.57270812988281
859.6700000000001,1.2085547891487494,0.61444416507559,0.0,0.12820512820512842,0.0,2.349802255630493,0,98.57270812988281
859.6700000000001,1.2085547891487494,0.61444416507559,0.0,0.12820512820512842,0.0,2.349802255630493,0,98.57270812988281
859.7700000000001,1.2085547891487494,0.61444416507559,0.0,0.12820512820512842,0.0,2.349802255630493,0,98.57270812988281
859.7700000000001,1.2085547891487494,0.61444416507559,0.0,0.12820512820512842,0.0,2.349802255630493,0,98.57270812988281
859.7700000000001,1.2085502880216217,0.6144375939028128,0.0,0.12820512820512842,0.0,2.349802255630493,0,98.57270812988281
859.7700000000001,1.2085502880216217,0.6144375939028128,0.0,0.12820512820512842,0.0,2.349802255630493,0,98.57270812988281
859.7700000000001,1.2085502880216217,0.6144375939028128,0.0,0.12820512820512842,0.0,2.349802255630493,0,98.57270812988281
859.7700000000001,1.2085502880216217,0.6144375939028128,0.0,0.12820512820512842,0.0,2.349802255630493,0,98.57270812988281
859.7700000000001,1.2085455631436448,0.6144305980805811,0.0,0.12820512820512842,0.0,2.349802255630493,0,98.57270812988281
859.7700000000001,1.2085455631436448,0.6144305980805811,0.0,0.12820512820512842,0.0,2.349802255630493,0,98.57270812988281
859.7700000000001,1.2085455631436448,0.6144305980805811,0.0,0.12820512820512842,0.0,2.349802255630493,0,98.57270812988281
859.7700000000001,1.2085455631436448,0.6144305980805811,0.0,0.12820512820512842,0.0,2.349802255630493,0,98.57270812988281
859.7700000000001,1.2085415024691266,0.6144236014344331,0.0,0.12820512820512842,0.0,2.349802255630493,0,98.57270812988281
859.7700000000001,1.2085415024691266,0.6144236014344331,0.0,0.12820512820512842,0.0,2.349802255630493,0,98.57270812988281
859.7700000000001,1.2085415024691266,0.6144236014344331,0.0,0.12820512820512842,0.0,2.349802255630493,0,98.57270812988281
859.7700000000001,1.2085415024691266,0.6144236014344331,0.0,0.12820512820512842,0.0,2.349802255630493,0,98.57270812988281
859.87,1.2085415024691266,0.6144236014344331,0.0,0.12820512820512842,0.0,2.349802255630493,0,98.57270812988281
859.87,1.2085372675250396,0.6144171777437129,0.0,0.12820512820512842,0.0,2.349802255630493,0,98.57270812988281
859.87,1.2085372675250396,0.6144171777437129,0.0,0.12820512820512842,0.0,2.349802255630493,0,98.57270812988281
859.87,1.2085372675250396,0.6144171777437129,0.0,0.12820512820512842,0.0,2.349802255630493,0,98.57270812988281
859.87,1.2085372675250396,0.6144171777437129,0.0,0.12820512820512842,0.0,2.349802255630493,0,98.57270812988281
859.87,1.2085334283614215,0.6144107708917735,0.0,0.12820512820512842,0.0,2.349802255630493,0,98.57270812988281
859.87,1.2085334283614215,0.6144107708917735,0.0,0.12820512820512842,0.0,2.349802255630493,0,98.57270812988281
859.87,1.2085334283614215,0.6144107708917735,0.0,0.12820512820512842,0.0,2.349802255630493,0,98.57270812988281
859.87,1.2085334283614215,0.6144107708917735,0.0,0.12820512820512842,0.0,2.349802255630493,0,98.57270812988281
859.87,1.2086001593503328,0.6150619566811635,0.0,0.12820512820512842,0.0,2.349802255630493,0,98.57270812988281
859.87,1.2086001593503328,0.6150619566811635,0.0,0.12820512820512842,0.0,2.349802255630493,0,98.57270812988281
859.87,1.2086001593503328,0.6150619566811635,0.0,0.12820512820512842,0.0,2.349802255630493,0,98.57270812988281
859.97,1.2086001593503328,0.6150619566811635,0.0,0.12820512820512842,0.0,2.349802255630493,0,98.57270812988281
859.97,1.2086001593503328,0.6150619566811635,0.0,0.12820512820512842,0.0,2.349802255630493,0,98.57270812988281
859.97,1.2087899441652448,0.6169148522379551,0.0,0.12820512820512842,0.0,2.349802255630493,0,98.57270812988281
859.97,1.2087899441652448,0.6169148522379551,0.0,0.12820512820512842,0.0,2.349802255630493,0,98.57270812988281
859.97,1.2087899441652448,0.6169148522379551,0.0,0.12820512820512842,0.0,2.349802255630493,0,98.57270812988281
859.97,1.2087899441652448,0.6169148522379551,0.0,0.12820512820512842,0.0,2.349802255630493,0,98.57270812988281
859.97,1.2089691890174445,0.6187622997323163,0.0,0.12820512820512842,0.0,2.349802255630493,0,98.57270812988281
859.97,1.2089691890174445,0.6187622997323163,0.0,0.12820512820512842,0.0,2.349802255630493,0,98.57270812988281
859.97,1.2089691890174445,0.6187622997323163,0.0,0.12820512820512842,0.0,2.349802255630493,0,98.57270812988281
859.97,1.2089691890174445,0.6187622997323163,0.0,0.12820512820512842,0.0,2.349802255630493,0,98.57270812988281
859.97,1.2089691890174445,0.6187622997323163,0.0,0.12820512820512842,0.0,2.349802255630493,0,98.57270812988281
859.97,1.2091380145225172,0.6206046442411784,0.0,0.12820512820512842,0.0,2.349802255630493,0,98.57270812988281
859.97,1.2091380145225172,0.6206046442411784,0.0,0.12820512820512842,0.0,2.349802255630493,0,98.57270812988281
860.07,1.2091380145225172,0.6206046442411784,0.0,0.12820512820512842,0.0,2.349802255630493,0,98.57270812988281
860.07,1.2091380145225172,0.6206046442411784,0.0,0.12820512820512842,0.0,2.349802255630493,0,98.57270812988281
860.07,1.209296870955313,0.6224418729774652,0.0,0.12820512820512842,0.0,2.349802255630493,0,98.56656646728516
860.07,1.209296870955313,0.6224418729774652,0.0,0.07692307692307715,0.0,2.349802255630493,0,98.56656646728516
860.07,1.209296870955313,0.6224418729774652,0.0,0.07692307692307715,0.0,2.349802255630493,0,98.56656646728516
860.07,1.209445302402788,0.6242741688584735,0.0,0.07692307692307715,0.0,2.349802255630493,0,98.56656646728516
860.07,1.209445302402788,0.6242741688584735,0.0,0.07692307692307715,0.0,2.349802255630493,0,98.56656646728516
860.07,1.209445302402788,0.6242741688584735,0.0,0.07692307692307715,0.0,2.349802255630493,0,98.56656646728516
860.07,1.209445302402788,0.6242741688584735,0.0,0.07692307692307715,0.0,2.349802255630493,0,98.56656646728516
860.07,1.209445302402788,0.6242741688584735,0.0,0.07692307692307715,0.0,2.349802255630493,0,98.56656646728516
860.07,1.209445302402788,0.6242741688584735,0.0,0.07692307692307715,0.0,2.349802255630493,0,98.56656646728516
860.07,1.2095152183182047,0.6251864591967895,0.0,0.07692307692307715,0.0,2.349802255630493,0,98.56656646728516
860.07,1.2095152183182047,0.6251864591967895,0.0,0.07692307692307715,0.0,2.349802255630493,0,98.56656646728516
860.1700000000001,1.2095152183182047,0.6251864591967895,0.0,0.07692307692307715,0.0,2.349802255630493,0,98.56656646728516
860.1700000000001,1.2095152183182047,0.6251864591967895,0.0,0.07692307692307715,0.0,2.349802255630493,0,98.56656646728516
860.1700000000001,1.2095133999750267,0.6251824499266337,0.0,0.07692307692307715,0.0,2.349802255630493,0,98.56656646728516
860.1700000000001,1.2095133999750267,0.6251824499266337,0.0,0.07692307692307715,0.0,2.349802255630493,0,98.56656646728516
860.1700000000001,1.2095133999750267,0.6251824499266337,0.0,0.07692307692307715,0.0,2.349802255630493,0,98.56656646728516
860.1700000000001,1.2095133999750267,0.6251824499266337,0.0,0.07692307692307715,0.0,2.349802255630493,0,98.56656646728516
860.1700000000001,1.20951189083535,0.6251792667008103,0.0,0.07692307692307715,0.0,2.349802255630493,0,98.56656646728516
860.1700000000001,1.20951189083535,0.6251792667008103,0.0,0.07692307692307715,0.0,2.349802255630493,0,98.56656646728516
860.1700000000001,1.20951189083535,0.6251792667008103,0.0,0.07692307692307715,0.0,2.349802255630493,0,98.56656646728516
860.1700000000001,1.20951189083535,0.6251792667008103,0.0,0.07692307692307715,0.0,2.349802255630493,0,98.56656646728516
860.1700000000001,1.20951189083535,0.6251792667008103,0.0,0.07692307692307715,0.0,2.349802255630493,0,98.56656646728516
860.1700000000001,1.209510388124444,0.6251762313206589,0.0,0.07692307692307715,0.0,2.349802255630493,0,98.56656646728516
860.1700000000001,1.209510388124444,0.6251762313206589,0.0,0.07692307692307715,0.0,2.349802255630493,0,98.56656646728516
860.2700000000001,1.209510388124444,0.6251762313206589,0.0,0.07692307692307715,0.0,2.349802255630493,0,98.56656646728516
860.2700000000001,1.209510388124444,0.6251762313206589,0.0,0.07692307692307715,0.0,2.349802255630493,0,98.56656646728516
860.2700000000001,1.209510388124444,0.6251762313206589,0.0,0.07692307692307715,0.0,2.349802255630493,0,98.56656646728516
860.2700000000001,1.2095083930997816,0.6251728081329665,0.0,0.07692307692307715,0.0,2.349802255630493,0,98.56656646728516
860.2700000000001,1.2095083930997816,0.6251728081329665,0.0,0.07692307692307715,0.0,2.349802255630493,0,98.56656646728516
860.2700000000001,1.2095083930997816,0.6251728081329665,0.0,0.07692307692307715,0.0,2.349802255630493,0,98.56656646728516
860.2700000000001,1.2095083930997816,0.6251728081329665,0.0,0.07692307692307715,0.0,2.349802255630493,0,98.56656646728516
860.2700000000001,1.2095062497263909,0.6251686529909372,0.0,0.07692307692307715,0.0,2.349802255630493,0,98.56656646728516
860.2700000000001,1.2095062497263909,0.6251686529909372,0.0,0.07692307692307715,0.0,2.349802255630493,0,98.56656646728516
860.2700000000001,1.2095062497263909,0.6251686529909372,0.0,0.07692307692307715,0.0,2.349802255630493,0,98.56656646728516
860.2700000000001,1.2095062497263909,0.6251686529909372,0.0,0.07692307692307715,0.0,2.349802255630493,0,98.56656646728516
860.2700000000001,1.209503845935537,0.6251642154890062,0.0,0.07692307692307715,0.0,2.349802255630493,0,98.56656646728516
860.37,1.209503845935537,0.6251642154890062,0.0,0.07692307692307715,0.0,2.349802255630493,0,98.56656646728516
860.37,1.209503845935537,0.6251642154890062,0.0,0.07692307692307715,0.0,2.349802255630493,0,98.56656646728516
860.37,1.209503845935537,0.6251642154890062,0.0,0.07692307692307715,0.0,2.349802255630493,0,98.56656646728516
860.37,1.209503845935537,0.6251642154890062,0.0,0.07692307692307715,0.0,2.349802255630493,0,98.56656646728516
860.37,1.2095018771776547,0.6251596173266774,0.0,0.07692307692307715,0.0,2.349802255630493,0,98.56656646728516
860.37,1.2095018771776547,0.6251596173266774,0.0,0.07692307692307715,0.0,2.349802255630493,0,98.56656646728516
860.37,1.2095018771776547,0.6251596173266774,0.0,0.07692307692307715,0.0,2.349802255630493,0,98.56656646728516
860.37,1.2095018771776547,0.6251596173266774,0.0,0.07692307692307715,0.0,2.349802255630493,0,98.56656646728516
860.37,1.20949964384668,0.6251556135060166,0.0,0.07692307692307715,0.0,2.349802255630493,0,98.56656646728516
860.37,1.20949964384668,0.6251556135060166,0.0,0.07692307692307715,0.0,2.349802255630493,0,98.56656646728516
860.37,1.20949964384668,0.6251556135060166,0.0,0.07692307692307715,0.0,2.349802255630493,0,98.56656646728516
860.37,1.209497883670914,0.6251515368650434,0.0,0.07692307692307715,0.0,2.349802255630493,0,98.56656646728516
860.47,1.209497883670914,0.6251515368650434,0.0,0.07692307692307715,0.0,2.349802255630493,0,98.56656646728516
860.47,1.209497883670914,0.6251515368650434,0.0,0.07692307692307715,0.0,2.349802255630493,0,98.56656646728516
860.47,1.2094957725871671,0.6251475729464813,0.0,0.07692307692307715,0.0,2.349802255630493,0,98.56656646728516
860.47,1.2094957725871671,0.6251475729464813,0.0,0.07692307692307715,0.0,2.349802255630493,0,98.56656646728516
860.47,1.2094957725871671,0.6251475729464813,0.0,0.07692307692307715,0.0,2.349802255630493,0,98.56656646728516
860.47,1.2094957725871671,0.6251475729464813,0.0,0.07692307692307715,0.0,2.349802255630493,0,98.56656646728516
860.47,1.2094957725871671,0.6251475729464813,0.0,0.07692307692307715,0.0,2.349802255630493,0,98.56656646728516
860.47,1.2094936054040266,0.6251433551999789,0.0,0.07692307692307715,0.0,2.349802255630493,0,98.56656646728516
860.47,1.2094936054040266,0.6251433551999789,0.0,0.07692307692307715,0.0,2.349802255630493,0,98.56656646728516
860.47,1.2094936054040266,0.6251433551999789,0.0,0.07692307692307715,0.0,2.349802255630493,0,98.56656646728516
860.47,1.209491343056032,0.6251389954682925,0.0,0.07692307692307715,0.0,2.349802255630493,0,98.56656646728516
860.57,1.209491343056032,0.6251389954682925,0.0,0.07692307692307715,0.0,2.349802255630493,0,98.56656646728516
860.57,1.209491343056032,0.6251389954682925,0.0,0.07692307692307715,0.0,2.349802255630493,0,98.56656646728516
860.57,1.209491343056032,0.6251389954682925,0.0,0.07692307692307715,0.0,2.349802255630493,0,98.56656646728516
860.57,1.209491343056032,0.6251389954682925,0.0,0.07692307692307715,0.0,2.349802255630493,0,98.56201171875
860.57,1.209491343056032,0.6251389954682925,0.0,0.07692307692307715,0.0,2.349802255630493,0,98.56201171875
860.57,1.2094891883711523,0.6251346568848842,0.0,0.07692307692307715,0.0,2.349802255630493,0,98.56201171875
860.57,1.2094891883711523,0.6251346568848842,0.0,0.07692307692307715,0.0,2.349802255630493,0,98.56201171875
860.57,1.2094891883711523,0.6251346568848842,0.0,0.07692307692307715,0.0,2.349802255630493,0,98.56201171875
860.57,1.2094872888790398,0.6251304541997642,0.0,0.07692307692307715,0.0,2.349802255630493,0,98.56201171875
860.57,1.2094872888790398,0.6251304541997642,0.0,0.07692307692307715,0.0,2.349802255630493,0,98.56201171875
860.57,1.2094872888790398,0.6251304541997642,0.0,0.07692307692307715,0.0,2.349802255630493,0,98.56201171875
860.57,1.2094872888790398,0.6251304541997642,0.0,0.07692307692307715,0.0,2.349802255630493,0,98.56201171875
860.57,1.2094872888790398,0.6251304541997642,0.0,0.07692307692307715,0.0,2.349802255630493,0,98.56201171875
860.57,1.2094853502101317,0.6251266157709874,0.0,0.07692307692307715,0.0,2.349802255630493,0,98.56201171875
860.6700000000001,1.2094853502101317,0.6251266157709874,0.0,0.07692307692307715,0.0,2.349802255630493,0,98.56201171875
860.6700000000001,1.2094853502101317,0.6251266157709874,0.0,0.07692307692307715,0.0,2.349802255630493,0,98.56201171875
860.6700000000001,1.2094853502101317,0.6251266157709874,0.0,0.07692307692307715,0.0,2.349802255630493,0,98.56201171875
860.6700000000001,1.2094853502101317,0.6251266157709874,0.0,0.07692307692307715,0.0,2.349802255630493,0,98.56201171875
860.6700000000001,1.2094853502101317,0.6251266157709874,0.0,0.07692307692307715,0.0,2.349802255630493,0,98.56201171875
860.6700000000001,1.2094835427642063,0.6251228093751936,0.0,0.07692307692307715,0.0,2.349802255630493,0,98.56201171875
860.6700000000001,1.2094835427642063,0.6251228093751936,0.0,0.07692307692307715,0.0,2.349802255630493,0,98.56201171875
860.6700000000001,1.2094835427642063,0.6251228093751936,0.0,0.07692307692307715,0.0,2.349802255630493,0,98.56201171875
860.6700000000001,1.2094835427642063,0.6251228093751936,0.0,0.07692307692307715,0.0,2.349802255630493,0,98.56201171875
860.6700000000001,1.2094835427642063,0.6251228093751936,0.0,0.07692307692307715,0.0,2.349802255630493,0,98.56201171875
860.6700000000001,1.2094835427642063,0.6251228093751936,0.0,0.07692307692307715,0.0,2.349802255630493,0,98.56201171875
860.6700000000001,1.2094815656323636,0.6251191160036051,0.0,0.07692307692307715,0.0,2.349802255630493,0,98.56201171875
860.6700000000001,1.2094815656323636,0.6251191160036051,0.0,0.07692307692307715,0.0,2.349802255630493,0,98.56201171875
860.6700000000001,1.2094815656323636,0.6251191160036051,0.0,0.07692307692307715,0.0,2.349802255630493,0,98.56201171875
860.7700000000001,1.2094797447350123,0.6251151213829798,0.0,0.07692307692307715,0.0,2.349802255630493,0,98.56201171875
860.7700000000001,1.2094797447350123,0.6251151213829798,0.0,0.07692307692307715,0.0,2.349802255630493,0,98.56201171875
860.7700000000001,1.2094797447350123,0.6251151213829798,0.0,0.07692307692307715,0.0,2.349802255630493,0,98.56201171875
860.7700000000001,1.2094778152680425,0.6251111484209113,0.0,0.07692307692307715,0.0,2.349802255630493,0,98.56201171875
860.7700000000001,1.2094778152680425,0.6251111484209113,0.0,0.07692307692307715,0.0,2.349802255630493,0,98.56201171875
860.7700000000001,1.2094778152680425,0.6251111484209113,0.0,0.07692307692307715,0.0,2.349802255630493,0,98.56201171875
860.7700000000001,1.2094778152680425,0.6251111484209113,0.0,0.07692307692307715,0.0,2.328728675842285,0,98.56201171875
860.7700000000001,1.2094759333857186,0.6251072148704776,0.0,0.07692307692307715,0.0,2.328728675842285,0,98.56201171875
860.7700000000001,1.2094759333857186,0.6251072148704776,0.0,0.07692307692307715,0.0,2.328728675842285,0,98.56201171875
860.7700000000001,1.2094741054977733,0.6251031976828342,0.0,0.07692307692307715,0.0,2.328728675842285,0,98.56201171875
860.87,1.2094741054977733,0.6251031976828342,0.0,0.07692307692307715,0.0,2.328728675842285,0,98.56201171875
860.87,1.2094741054977733,0.6251031976828342,0.0,0.07692307692307715,0.0,2.328728675842285,0,98.56201171875
860.87,1.2094741054977733,0.6251031976828342,0.0,0.07692307692307715,0.0,2.328728675842285,0,98.56201171875
860.87,1.2094741054977733,0.6251031976828342,0.0,0.07692307692307715,0.0,2.328728675842285,0,98.56201171875
860.87,1.2094721166278084,0.6250993631213475,0.0,0.07692307692307715,0.0,2.328728675842285,0,98.56201171875
860.87,1.2094721166278084,0.6250993631213475,0.0,0.07692307692307715,0.0,2.328728675842285,0,98.56201171875
860.87,1.2094721166278084,0.6250993631213475,0.0,0.07692307692307715,0.0,2.328728675842285,0,98.56201171875
860.87,1.2094721166278084,0.6250993631213475,0.0,0.07692307692307715,0.0,2.328728675842285,0,98.56201171875
860.87,1.2094721166278084,0.6250993631213475,0.0,0.07692307692307715,0.0,2.328728675842285,0,98.56201171875
860.87,1.2094702404298405,0.6250952941034654,0.0,0.07692307692307715,0.0,2.328728675842285,0,98.56201171875
860.87,1.2094702404298405,0.6250952941034654,0.0,0.07692307692307715,0.0,2.328728675842285,0,98.56201171875
860.87,1.2094702404298405,0.6250952941034654,0.0,0.07692307692307715,0.0,2.328728675842285,0,98.56201171875
860.87,1.2094702404298405,0.6250952941034654,0.0,0.07692307692307715,0.0,2.328728675842285,0,98.56201171875
860.97,1.2094681422408249,0.6250913099303945,0.0,0.07692307692307715,0.0,2.328728675842285,0,98.56201171875
860.97,1.2094681422408249,0.6250913099303945,0.0,0.07692307692307715,0.0,2.328728675842285,0,98.56201171875
860.97,1.2094681422408249,0.6250913099303945,0.0,0.07692307692307715,0.0,2.328728675842285,0,98.56201171875
860.97,1.2094681422408249,0.6250913099303945,0.0,0.07692307692307715,0.0,2.328728675842285,0,98.56201171875
860.97,1.2094681422408249,0.6250913099303945,0.0,0.07692307692307715,0.0,2.328728675842285,0,98.56201171875
860.97,1.2094662054348053,0.6250870825749253,0.0,0.07692307692307715,0.0,2.328728675842285,0,98.56201171875
860.97,1.2094662054348053,0.6250870825749253,0.0,-0.08307692307692285,0.0,2.328728675842285,0,98.56201171875
860.97,1.2094662054348053,0.6250870825749253,0.0,-0.08307692307692285,0.0,2.328728675842285,0,98.56201171875
860.97,1.2094641483031199,0.6250828434253506,0.0,-0.08307692307692285,0.0,2.328728675842285,0,98.56201171875
860.97,1.2094641483031199,0.6250828434253506,0.0,-0.08307692307692285,0.0,2.328728675842285,0,98.56201171875
860.97,1.2094641483031199,0.6250828434253506,0.0,-0.08307692307692285,0.0,2.328728675842285,0,98.56201171875
860.97,1.2094641483031199,0.6250828434253506,0.0,-0.08307692307692285,0.0,2.328728675842285,0,98.56201171875
861.07,1.2094601667498988,0.6250761420722573,0.0,-0.24307692307692286,0.0,2.328728675842285,0,98.56201171875
861.07,1.2094601667498988,0.6250761420722573,0.0,-0.24307692307692286,0.0,2.328728675842285,0,98.56194305419922
861.07,1.2094601667498988,0.6250761420722573,0.0,-0.24307692307692286,0.0,2.328728675842285,0,98.56194305419922
861.07,1.2094601667498988,0.6250761420722573,0.0,-0.24307692307692286,0.0,2.328728675842285,0,98.56194305419922
861.07,1.2094601667498988,0.6250761420722573,0.0,-0.24307692307692286,0.0,2.328728675842285,0,98.56194305419922
861.07,1.2094602537004884,0.6250743963038612,0.0,-0.4030769230769229,0.0,2.328728675842285,0,98.56194305419922
861.07,1.2094602537004884,0.6250743963038612,0.0,-0.4030769230769229,0.0,2.328728675842285,0,98.56194305419922
861.07,1.2094602537004884,0.6250743963038612,0.0,-0.4030769230769229,0.0,2.328728675842285,0,98.56194305419922
861.07,1.2094602537004884,0.6250743963038612,0.0,-0.4030769230769229,0.0,2.328728675842285,0,98.56194305419922
861.07,1.2094697886681236,0.6250842398354698,0.0,-0.4030769230769229,0.0,2.328728675842285,0,98.56194305419922
861.07,1.2094697886681236,0.6250842398354698,0.0,-0.5630769230769229,0.0,2.328728675842285,0,98.56194305419922
861.07,1.2094697886681236,0.6250842398354698,0.0,-0.5630769230769229,0.0,2.328728675842285,0,98.56194305419922
861.07,1.2094697886681236,0.6250842398354698,0.0,-0.5630769230769229,0.0,2.328728675842285,0,98.56194305419922
861.07,1.2094697886681236,0.6250842398354698,0.0,-0.5630769230769229,0.0,2.328728675842285,0,98.56194305419922
861.1700000000001,1.2094828128748933,0.6251042715729994,0.0,-0.5630769230769229,0.0,2.328728675842285,0,98.56194305419922
861.1700000000001,1.2094828128748933,0.6251042715729994,0.0,-0.5897435897435894,0.0,2.328728675842285,0,98.56194305419922
861.1700000000001,1.2094828128748933,0.6251042715729994,0.0,-0.5897435897435894,0.0,2.328728675842285,0,98.56194305419922
861.1700000000001,1.2094828128748933,0.6251042715729994,0.0,-0.5897435897435894,0.0,2.328728675842285,0,98.56194305419922
861.1700000000001,1.2095020312452462,0.6251384757354992,0.0,-0.5897435897435894,0.0,2.328728675842285,0,98.56194305419922
861.1700000000001,1.2095020312452462,0.6251384757354992,0.0,-0.5897435897435894,0.0,2.328728675842285,0,98.56194305419922
861.1700000000001,1.2095020312452462,0.6251384757354992,0.0,-0.5384615384615381,0.0,2.328728675842285,0,98.56194305419922
861.1700000000001,1.2095020312452462,0.6251384757354992,0.0,-0.5384615384615381,0.0,2.328728675842285,0,98.56194305419922
861.1700000000001,1.209527111087923,0.6251720371584696,0.0,-0.5384615384615381,0.0,2.328728675842285,0,98.56194305419922
861.1700000000001,1.209527111087923,0.6251720371584696,0.0,-0.5384615384615381,0.0,2.328728675842285,0,98.56194305419922
861.1700000000001,1.209527111087923,0.6251720371584696,0.0,-0.5384615384615381,0.0,2.328728675842285,0,98.56194305419922
861.2700000000001,1.209527111087923,0.6251720371584696,0.0,-0.48717948717948684,0.0,2.328728675842285,0,98.56194305419922
861.2700000000001,1.2095431826297458,0.6252066368529806,0.0,-0.48717948717948684,0.0,2.328728675842285,0,98.56194305419922
861.2700000000001,1.2095431826297458,0.6252066368529806,0.0,-0.48717948717948684,0.0,2.328728675842285,0,98.56194305419922
861.2700000000001,1.2095431826297458,0.6252066368529806,0.0,-0.48717948717948684,0.0,2.328728675842285,0,98.56194305419922
861.2700000000001,1.2095596768245005,0.6252298579263602,0.0,-0.48717948717948684,0.0,2.328728675842285,0,98.56194305419922
861.2700000000001,1.2095596768245005,0.6252298579263602,0.0,-0.48717948717948684,0.0,2.328728675842285,0,98.56194305419922
861.2700000000001,1.2095596768245005,0.6252298579263602,0.0,-0.48717948717948684,0.0,2.328728675842285,0,98.56194305419922
861.2700000000001,1.2095725628774467,0.6252485208735407,0.0,-0.48717948717948684,0.0,2.328728675842285,0,98.56194305419922
861.2700000000001,1.2095725628774467,0.6252485208735407,0.0,-0.48717948717948684,0.0,2.328728675842285,0,98.56194305419922
861.2700000000001,1.2095725628774467,0.6252485208735407,0.0,-0.48717948717948684,0.0,2.328728675842285,0,98.56194305419922
861.2700000000001,1.2095725628774467,0.6252485208735407,0.0,-0.48717948717948684,0.0,2.328728675842285,0,98.56194305419922
861.37,1.2095725628774467,0.6252485208735407,0.0,-0.48717948717948684,0.0,2.328728675842285,0,98.56194305419922
861.37,1.209586999070603,0.6252661560585728,0.0,-0.48717948717948684,0.0,2.328728675842285,0,98.56194305419922
861.37,1.209586999070603,0.6252661560585728,0.0,-0.48717948717948684,0.0,2.328728675842285,0,98.56194305419922
861.37,1.209586999070603,0.6252661560585728,0.0,-0.48717948717948684,0.0,2.328728675842285,0,98.56194305419922
861.37,1.2096054215148062,0.6252856435001996,0.0,-0.48717948717948684,0.0,2.328728675842285,0,98.56194305419922
861.37,1.2096054215148062,0.6252856435001996,0.0,-0.48717948717948684,0.0,2.328728675842285,0,98.56194305419922
861.37,1.2096054215148062,0.6252856435001996,0.0,-0.48717948717948684,0.0,2.328728675842285,0,98.56194305419922
861.37,1.2096054215148062,0.6252856435001996,0.0,-0.48717948717948684,0.0,2.328728675842285,0,98.56194305419922
861.37,1.2096227286558299,0.6253113339218802,0.0,-0.48717948717948684,0.0,2.328728675842285,0,98.56194305419922
861.37,1.2096227286558299,0.6253113339218802,0.0,-0.48717948717948684,0.0,2.328728675842285,0,98.56194305419922
861.37,1.2096227286558299,0.6253113339218802,0.0,-0.48717948717948684,0.0,2.328728675842285,0,98.56194305419922
861.37,1.2096227286558299,0.6253113339218802,0.0,-0.48717948717948684,0.0,2.328728675842285,0,98.56194305419922
861.37,1.2096227286558299,0.6253113339218802,0.0,-0.48717948717948684,0.0,2.328728675842285,0,98.56194305419922
861.47,1.2096227286558299,0.6253113339218802,0.0,-0.48717948717948684,0.0,2.328728675842285,0,98.56194305419922
861.47,1.209644038547923,0.6253349361348131,0.0,-0.43589743589743557,0.0,2.328728675842285,0,98.56194305419922
861.47,1.209644038547923,0.6253349361348131,0.0,-0.43589743589743557,0.0,2.328728675842285,0,98.56194305419922
861.47,1.209644038547923,0.6253349361348131,0.0,-0.43589743589743557,0.0,2.328728675842285,0,98.56194305419922
861.47,1.209644038547923,0.6253349361348131,0.0,-0.43589743589743557,0.0,2.328728675842285,0,98.56194305419922
861.47,1.209662780168209,0.6253581445809022,0.0,-0.43589743589743557,0.0,2.328728675842285,0,98.56194305419922
861.47,1.209662780168209,0.6253581445809022,0.0,-0.43589743589743557,0.0,2.328728675842285,0,98.56194305419922
861.47,1.209662780168209,0.6253581445809022,0.0,-0.43589743589743557,0.0,2.328728675842285,0,98.56194305419922
861.47,1.209662780168209,0.6253581445809022,0.0,-0.43589743589743557,0.0,2.328728675842285,0,98.56194305419922
861.47,1.209662780168209,0.6253581445809022,0.0,-0.43589743589743557,0.0,2.328728675842285,0,98.56194305419922
861.47,1.2096783285326127,0.6253779668250411,0.0,-0.43589743589743557,0.0,2.328728675842285,0,98.56194305419922
861.47,1.2096783285326127,0.6253779668250411,0.0,-0.43589743589743557,0.0,2.328728675842285,0,98.56194305419922
861.57,1.2096783285326127,0.6253779668250411,0.0,-0.43589743589743557,0.0,2.328728675842285,0,98.56194305419922
861.57,1.2096940417043291,0.6253941185252098,0.0,-0.43589743589743557,0.0,2.328728675842285,0,98.56156921386719
861.57,1.2096940417043291,0.6253941185252098,0.0,-0.43589743589743557,0.0,2.328728675842285,0,98.56156921386719
861.57,1.2096940417043291,0.6253941185252098,0.0,-0.43589743589743557,0.0,2.328728675842285,0,98.56156921386719
861.57,1.2096940417043291,0.6253941185252098,0.0,-0.5958974358974356,0.0,2.328728675842285,0,98.56156921386719
861.57,1.2097103349554668,0.6254100696518756,0.0,-0.5958974358974356,0.0,2.328728675842285,0,98.56156921386719
861.57,1.2097103349554668,0.6254100696518756,0.0,-0.5958974358974356,0.0,2.328728675842285,0,98.56156921386719
861.57,1.2097103349554668,0.6254100696518756,0.0,-0.5958974358974356,0.0,2.328728675842285,0,98.56156921386719
861.57,1.2097103349554668,0.6254100696518756,0.0,-0.5958974358974356,0.0,2.328728675842285,0,98.56156921386719
861.57,1.2097368223128957,0.6254365484569973,0.0,-0.7435897435897434,0.0,2.328728675842285,0,98.56156921386719
861.57,1.2097368223128957,0.6254365484569973,0.0,-0.7435897435897434,0.0,2.328728675842285,0,98.56156921386719
861.57,1.2097368223128957,0.6254365484569973,0.0,-0.7435897435897434,0.0,2.328728675842285,0,98.56156921386719
861.6700000000001,1.2097368223128957,0.6254365484569973,0.0,-0.7435897435897434,0.0,2.328728675842285,0,98.56156921386719
861.6700000000001,1.2097368223128957,0.6254365484569973,0.0,-0.7435897435897434,0.0,2.328728675842285,0,98.56156921386719
861.6700000000001,1.209769653948673,0.6254651605783704,0.0,-0.5835897435897434,0.0,2.328728675842285,0,98.56156921386719
861.6700000000001,1.209769653948673,0.6254651605783704,0.0,-0.5835897435897434,0.0,2.328728675842285,0,98.56156921386719
861.6700000000001,1.209769653948673,0.6254651605783704,0.0,-0.5835897435897434,0.0,2.328728675842285,0,98.56156921386719
861.6700000000001,1.209769653948673,0.6254651605783704,0.0,-0.5835897435897434,0.0,2.328728675842285,0,98.56156921386719
861.6700000000001,1.2098014584335306,0.6254963746712582,0.0,-0.5835897435897434,0.0,2.328728675842285,0,98.56156921386719
861.6700000000001,1.2098014584335306,0.6254963746712582,0.0,-0.42358974358974333,0.0,2.328728675842285,0,98.56156921386719
861.6700000000001,1.2098014584335306,0.6254963746712582,0.0,-0.42358974358974333,0.0,2.328728675842285,0,98.56156921386719
861.6700000000001,1.2098014584335306,0.6254963746712582,0.0,-0.42358974358974333,0.0,2.328728675842285,0,98.56156921386719
861.6700000000001,1.2098014584335306,0.6254963746712582,0.0,-0.42358974358974333,0.0,2.328728675842285,0,98.56156921386719
861.6700000000001,1.2102194290582062,0.6256053164673555,0.0,-0.42358974358974333,0.0,2.328728675842285,0,98.56156921386719
861.6700000000001,1.2102194290582062,0.6256053164673555,0.0,-0.42358974358974333,0.0,2.328728675842285,0,98.56156921386719
861.6700000000001,1.2102194290582062,0.6256053164673555,0.0,-0.2635897435897433,0.0,2.328728675842285,0,98.56156921386719
861.7700000000001,1.2102194290582062,0.6256053164673555,0.0,-0.2635897435897433,0.0,2.328728675842285,0,98.56156921386719
861.7700000000001,1.211439097276201,0.6258712610085202,0.0,-0.2635897435897433,0.0,2.328728675842285,0,98.56156921386719
861.7700000000001,1.211439097276201,0.6258712610085202,0.0,-0.2635897435897433,0.0,2.328728675842285,0,98.56156921386719
861.7700000000001,1.211439097276201,0.6258712610085202,0.0,-0.2635897435897433,0.0,2.328728675842285,0,98.56156921386719
861.7700000000001,1.211439097276201,0.6258712610085202,0.0,-0.1035897435897433,0.0,2.328728675842285,0,98.56156921386719
861.7700000000001,1.211439097276201,0.6258712610085202,0.0,-0.1035897435897433,0.0,2.328728675842285,0,98.56156921386719
861.7700000000001,1.212645160568632,0.6261250452201765,0.0,-0.1035897435897433,0.0,2.328728675842285,0,98.56156921386719
861.7700000000001,1.212645160568632,0.6261250452201765,0.0,-0.1035897435897433,0.0,2.328728675842285,0,98.56156921386719
861.7700000000001,1.212645160568632,0.6261250452201765,0.0,0.05641025641025671,0.0,2.328728675842285,0,98.56156921386719
861.7700000000001,1.212645160568632,0.6261250452201765,0.0,0.05641025641025671,0.0,2.328728675842285,0,98.56156921386719
861.7700000000001,1.212645160568632,0.6261250452201765,0.0,0.05641025641025671,0.0,2.328728675842285,0,98.56156921386719
861.7700000000001,1.212645160568632,0.6261250452201765,0.0,0.05641025641025671,0.0,2.328728675842285,0,98.56156921386719
861.7700000000001,1.213842307400333,0.6263687309606771,0.0,0.05641025641025671,0.0,2.328728675842285,0,98.56156921386719
861.87,1.213842307400333,0.6263687309606771,0.0,0.2164102564102567,0.0,2.328728675842285,0,98.56156921386719
861.87,1.213842307400333,0.6263687309606771,0.0,0.2164102564102567,0.0,2.328728675842285,0,98.56156921386719
861.87,1.2150306356778202,0.6266082891914566,0.0,0.2164102564102567,0.0,2.328728675842285,0,98.56156921386719
861.87,1.2150306356778202,0.6266082891914566,0.0,0.2164102564102567,0.0,2.328728675842285,0,98.56156921386719
861.87,1.2150306356778202,0.6266082891914566,0.0,0.2164102564102567,0.0,2.328728675842285,0,98.56156921386719
861.87,1.2150306356778202,0.6266082891914566,0.0,0.3333333333333335,0.0,2.328728675842285,0,98.56156921386719
861.87,1.2162158089523705,0.6268414052540959,0.0,0.3333333333333335,0.0,2.328728675842285,0,98.56156921386719
861.87,1.2162158089523705,0.6268414052540959,0.0,0.3333333333333335,0.0,2.328728675842285,0,98.56156921386719
861.87,1.2162158089523705,0.6268414052540959,0.0,0.3333333333333335,0.0,2.328728675842285,0,98.56156921386719
861.87,1.2162158089523705,0.6268414052540959,0.0,0.3333333333333335,0.0,2.328728675842285,0,98.56156921386719
861.87,1.2169046265123045,0.6269724775596176,0.0,0.2820512820512822,0.0,2.328728675842285,0,98.56156921386719
861.97,1.2169046265123045,0.6269724775596176,0.0,0.2820512820512822,0.0,2.328728675842285,0,98.56156921386719
861.97,1.2169046265123045,0.6269724775596176,0.0,0.2820512820512822,0.0,2.328728675842285,0,98.56156921386719
861.97,1.2169046265123045,0.6269724775596176,0.0,0.2820512820512822,0.0,2.328728675842285,0,98.56156921386719
861.97,1.2168910928489896,0.6269613556081914,0.0,0.2820512820512822,0.0,2.328728675842285,0,98.56156921386719
861.97,1.2168910928489896,0.6269613556081914,0.0,0.2820512820512822,0.0,2.328728675842285,0,98.56156921386719
861.97,1.2168760457153898,0.6269509277268971,0.0,0.2820512820512822,0.0,2.328728675842285,0,98.56156921386719
861.97,1.2168760457153898,0.6269509277268971,0.0,0.2820512820512822,0.0,2.328728675842285,0,98.56156921386719
861.97,1.2168760457153898,0.6269509277268971,0.0,0.2820512820512822,0.0,2.328728675842285,0,98.56156921386719
861.97,1.2168760457153898,0.6269509277268971,0.0,0.2820512820512822,0.0,2.328728675842285,0,98.56156921386719
861.97,1.2168760457153898,0.6269509277268971,0.0,0.2820512820512822,0.0,2.328728675842285,0,98.56156921386719
861.97,1.216863814509907,0.6269391352078452,0.0,0.2820512820512822,0.0,2.328728675842285,0,98.56156921386719
861.97,1.216863814509907,0.6269391352078452,0.0,0.2820512820512822,0.0,2.328728675842285,0,98.56156921386719
862.07,1.216863814509907,0.6269391352078452,0.0,0.2820512820512822,0.0,2.328728675842285,0,98.5542221069336
862.07,1.216863814509907,0.6269391352078452,0.0,0.2820512820512822,0.0,2.328728675842285,0,98.5542221069336
862.07,1.2168538281799972,0.626927434804811,0.0,0.23076923076923095,0.0,2.328728675842285,0,98.5542221069336
862.07,1.2168538281799972,0.626927434804811,0.0,0.23076923076923095,0.0,2.328728675842285,0,98.5542221069336
862.07,1.2168538281799972,0.626927434804811,0.0,0.23076923076923095,0.0,2.328728675842285,0,98.5542221069336
862.07,1.2168538281799972,0.626927434804811,0.0,0.23076923076923095,0.0,2.328728675842285,0,98.5542221069336
862.07,1.2168440100934679,0.6269199356346101,0.0,0.23076923076923095,0.0,2.328728675842285,0,98.5542221069336
862.07,1.2168440100934679,0.6269199356346101,0.0,0.23076923076923095,0.0,2.328728675842285,0,98.5542221069336
862.07,1.2168440100934679,0.6269199356346101,0.0,0.23076923076923095,0.0,2.328728675842285,0,98.5542221069336
862.07,1.2168440100934679,0.6269199356346101,0.0,0.23076923076923095,0.0,2.328728675842285,0,98.5542221069336
862.07,1.2168440100934679,0.6269199356346101,0.0,0.23076923076923095,0.0,2.328728675842285,0,98.5542221069336
862.07,1.2168360824864441,0.626911393922323,0.0,0.23076923076923095,0.0,2.328728675842285,0,98.5542221069336
862.07,1.2168360824864441,0.626911393922323,0.0,0.23076923076923095,0.0,2.328728675842285,0,98.5542221069336
862.07,1.2168360824864441,0.626911393922323,0.0,0.23076923076923095,0.0,2.328728675842285,0,98.5542221069336
862.1700000000001,1.2168360824864441,0.626911393922323,0.0,0.23076923076923095,0.0,2.328728675842285,0,98.5542221069336
862.1700000000001,1.2168360824864441,0.626911393922323,0.0,0.23076923076923095,0.0,2.328728675842285,0,98.5542221069336
862.1700000000001,1.2168264930524886,0.6269042888879585,0.0,0.23076923076923095,0.0,2.328728675842285,0,98.5542221069336
862.1700000000001,1.2168264930524886,0.6269042888879585,0.0,0.23076923076923095,0.0,2.328728675842285,0,98.5542221069336
862.1700000000001,1.2168264930524886,0.6269042888879585,0.0,0.23076923076923095,0.0,2.328728675842285,0,98.5542221069336
862.1700000000001,1.2168264930524886,0.6269042888879585,0.0,0.23076923076923095,0.0,2.328728675842285,0,98.5542221069336
862.1700000000001,1.2168178719614822,0.6268949398490646,0.0,0.23076923076923095,0.0,2.328728675842285,0,98.5542221069336
862.1700000000001,1.2168178719614822,0.6268949398490646,0.0,0.23076923076923095,0.0,2.328728675842285,0,98.5542221069336
862.1700000000001,1.2168178719614822,0.6268949398490646,0.0,0.23076923076923095,0.0,2.328728675842285,0,98.5542221069336
862.1700000000001,1.216806562083024,0.6268869694764819,0.0,0.23076923076923095,0.0,2.328728675842285,0,98.5542221069336
862.2700000000001,1.216806562083024,0.6268869694764819,0.0,0.23076923076923095,0.0,2.328728675842285,0,98.5542221069336
862.2700000000001,1.216806562083024,0.6268869694764819,0.0,0.23076923076923095,0.0,2.328728675842285,0,98.5542221069336
862.2700000000001,1.216806562083024,0.6268869694764819,0.0,0.23076923076923095,0.0,2.328728675842285,0,98.5542221069336
862.2700000000001,1.216797578869366,0.6268763011276762,0.0,0.23076923076923095,0.0,2.328728675842285,0,98.5542221069336
862.2700000000001,1.216797578869366,0.6268763011276762,0.0,0.23076923076923095,0.0,2.328728675842285,0,98.5542221069336
862.2700000000001,1.216797578869366,0.6268763011276762,0.0,0.23076923076923095,0.0,2.328728675842285,0,98.5542221069336
862.2700000000001,1.216786724895587,0.6268675947876318,0.0,0.23076923076923095,0.0,2.328728675842285,0,98.5542221069336
862.2700000000001,1.216786724895587,0.6268675947876318,0.0,0.23076923076923095,0.0,2.328728675842285,0,98.5542221069336
862.2700000000001,1.216786724895587,0.6268675947876318,0.0,0.23076923076923095,0.0,2.328728675842285,0,98.5542221069336
862.2700000000001,1.216786724895587,0.6268675947876318,0.0,0.23076923076923095,0.0,2.328728675842285,0,98.5542221069336
862.2700000000001,1.2165501856986876,0.627361870816286,0.0,0.23076923076923095,0.0,2.328728675842285,0,98.5542221069336
862.37,1.2165501856986876,0.627361870816286,0.0,0.23076923076923095,0.0,2.328728675842285,0,98.5542221069336
862.37,1.2165501856986876,0.627361870816286,0.0,0.23076923076923095,0.0,2.328728675842285,0,98.5542221069336
862.37,1.2165501856986876,0.627361870816286,0.0,0.23076923076923095,0.0,2.328728675842285,0,98.5542221069336
862.37,1.2162028801359837,0.6280983337126492,0.0,0.23076923076923095,0.0,2.328728675842285,0,98.5542221069336
862.37,1.2162028801359837,0.6280983337126492,0.0,0.23076923076923095,0.0,2.328728675842285,0,98.5542221069336
862.37,1.2162028801359837,0.6280983337126492,0.0,0.23076923076923095,0.0,2.328728675842285,0,98.5542221069336
862.37,1.2158560131681897,0.6288330675251546,0.0,0.23076923076923095,0.0,2.328728675842285,0,98.5542221069336
862.37,1.2158560131681897,0.6288330675251546,0.0,0.17948717948717968,0.0,2.328728675842285,0,98.5542221069336
862.37,1.2158560131681897,0.6288330675251546,0.0,0.17948717948717968,0.0,2.328728675842285,0,98.5542221069336
862.37,1.2158560131681897,0.6288330675251546,0.0,0.17948717948717968,0.0,2.328728675842285,0,98.5542221069336
862.47,1.21550737654133,0.6295679575585358,0.0,0.17948717948717968,0.0,2.328728675842285,0,98.5542221069336
862.47,1.21550737654133,0.6295679575585358,0.0,0.17948717948717968,0.0,2.328728675842285,0,98.5542221069336
862.47,1.21550737654133,0.6295679575585358,0.0,0.17948717948717968,0.0,2.328728675842285,0,98.5542221069336
862.47,1.21550737654133,0.6295679575585358,0.0,0.17948717948717968,0.0,2.328728675842285,0,98.5542221069336
862.47,1.2151600733643613,0.6303031567661359,0.0,0.17948717948717968,0.0,2.328728675842285,0,98.5542221069336
862.47,1.2151600733643613,0.6303031567661359,0.0,0.17948717948717968,0.0,2.328728675842285,0,98.5542221069336
862.47,1.2151600733643613,0.6303031567661359,0.0,0.17948717948717968,0.0,2.328728675842285,0,98.5542221069336
862.47,1.2151600733643613,0.6303031567661359,0.0,0.17948717948717968,0.0,2.328728675842285,0,98.5542221069336
862.47,1.2148130314240093,0.6310386642590746,0.0,0.17948717948717968,0.0,2.3635642528533936,0,98.5542221069336
862.47,1.2148130314240093,0.6310386642590746,0.0,0.17948717948717968,0.0,2.3635642528533936,0,98.5542221069336
862.47,1.2148130314240093,0.6310386642590746,0.0,0.17948717948717968,0.0,2.3635642528533936,0,98.5542221069336
862.47,1.2148130314240093,0.6310386642590746,0.0,0.17948717948717968,0.0,2.3635642528533936,0,98.5542221069336
862.47,1.2148130314240093,0.6310386642590746,0.0,0.17948717948717968,0.0,2.3635642528533936,0,98.5542221069336
862.47,1.2147158734996757,0.6312286016931978,0.0,0.17948717948717968,0.0,2.3635642528533936,0,98.5542221069336
862.57,1.2147158734996757,0.6312286016931978,0.0,0.17948717948717968,0.0,2.3635642528533936,0,98.54942321777344
862.57,1.2147158734996757,0.6312286016931978,0.0,0.17948717948717968,0.0,2.3635642528533936,0,98.54942321777344
862.57,1.2147158734996757,0.6312286016931978,0.0,0.17948717948717968,0.0,2.3635642528533936,0,98.54942321777344
862.57,1.2147158734996757,0.6312286016931978,0.0,0.17948717948717968,0.0,2.3635642528533936,0,98.54942321777344
862.57,1.2147095351864297,0.631222011745947,0.0,0.17948717948717968,0.0,2.3635642528533936,0,98.54942321777344
862.57,1.2147095351864297,0.631222011745947,0.0,0.17948717948717968,0.0,2.3635642528533936,0,98.54942321777344
862.57,1.2147095351864297,0.631222011745947,0.0,0.17948717948717968,0.0,2.3635642528533936,0,98.54942321777344
862.57,1.2147027095547158,0.6312153797026289,0.0,0.17948717948717968,0.0,2.3635642528533936,0,98.54942321777344
862.57,1.2147027095547158,0.6312153797026289,0.0,0.17948717948717968,0.0,2.3635642528533936,0,98.54942321777344
862.57,1.2147027095547158,0.6312153797026289,0.0,0.17948717948717968,0.0,2.3635642528533936,0,98.54942321777344
862.57,1.2147027095547158,0.6312153797026289,0.0,0.17948717948717968,0.0,2.3635642528533936,0,98.54942321777344
862.6700000000001,1.2146952264882886,0.6312081434609065,0.0,0.17948717948717968,0.0,2.3635642528533936,0,98.54942321777344
862.6700000000001,1.2146952264882886,0.6312081434609065,0.0,0.17948717948717968,0.0,2.3635642528533936,0,98.54942321777344
862.6700000000001,1.2146952264882886,0.6312081434609065,0.0,0.17948717948717968,0.0,2.3635642528533936,0,98.54942321777344
862.6700000000001,1.2146952264882886,0.6312081434609065,0.0,0.17948717948717968,0.0,2.3635642528533936,0,98.54942321777344
862.6700000000001,1.2146952264882886,0.6312081434609065,0.0,0.17948717948717968,0.0,2.3635642528533936,0,98.54942321777344
862.6700000000001,1.2146884298793017,0.6311999699253553,0.0,0.17948717948717968,0.0,2.3635642528533936,0,98.54942321777344
862.6700000000001,1.2146884298793017,0.6311999699253553,0.0,0.17948717948717968,0.0,2.3635642528533936,0,98.54942321777344
862.6700000000001,1.2146884298793017,0.6311999699253553,0.0,0.17948717948717968,0.0,2.3635642528533936,0,98.54942321777344
862.6700000000001,1.2146812985068574,0.631192291352923,0.0,0.17948717948717968,0.0,2.3635642528533936,0,98.54942321777344
862.6700000000001,1.2146812985068574,0.631192291352923,0.0,0.17948717948717968,0.0,2.3635642528533936,0,98.54942321777344
862.6700000000001,1.2146812985068574,0.631192291352923,0.0,0.17948717948717968,0.0,2.3635642528533936,0,98.54942321777344
862.6700000000001,1.2146812985068574,0.631192291352923,0.0,0.17948717948717968,0.0,2.3635642528533936,0,98.54942321777344
862.6700000000001,1.2146812985068574,0.631192291352923,0.0,0.17948717948717968,0.0,2.3635642528533936,0,98.54942321777344
862.7700000000001,1.2146747030873288,0.6311847022619009,0.0,0.17948717948717968,0.0,2.3635642528533936,0,98.54942321777344
862.7700000000001,1.2146747030873288,0.6311847022619009,0.0,0.17948717948717968,0.0,2.3635642528533936,0,98.54942321777344
862.7700000000001,1.2146747030873288,0.6311847022619009,0.0,0.17948717948717968,0.0,2.3635642528533936,0,98.54942321777344
862.7700000000001,1.2146681648185496,0.6311774239114436,0.0,0.17948717948717968,0.0,2.3635642528533936,0,98.54942321777344
862.7700000000001,1.2146681648185496,0.6311774239114436,0.0,0.17948717948717968,0.0,2.3635642528533936,0,98.54942321777344
862.7700000000001,1.2146681648185496,0.6311774239114436,0.0,0.17948717948717968,0.0,2.3635642528533936,0,98.54942321777344
862.7700000000001,1.2146681648185496,0.6311774239114436,0.0,0.17948717948717968,0.0,2.3635642528533936,0,98.54942321777344
862.7700000000001,1.2146617790087395,0.6311698542912797,0.0,0.17948717948717968,0.0,2.3635642528533936,0,98.54942321777344
862.7700000000001,1.2146617790087395,0.6311698542912797,0.0,0.17948717948717968,0.0,2.3635642528533936,0,98.54942321777344
862.7700000000001,1.2146617790087395,0.6311698542912797,0.0,0.17948717948717968,0.0,2.3635642528533936,0,98.54942321777344
862.7700000000001,1.2146617790087395,0.6311698542912797,0.0,0.17948717948717968,0.0,2.3635642528533936,0,98.54942321777344
862.7700000000001,1.2146617790087395,0.6311698542912797,0.0,0.17948717948717968,0.0,2.3635642528533936,0,98.54942321777344
862.7700000000001,1.2146617790087395,0.6311698542912797,0.0,0.17948717948717968,0.0,2.3635642528533936,0,98.54942321777344
862.87,1.214654609882063,0.6311620879278556,0.0,0.12820512820512842,0.0,2.3635642528533936,0,98.54942321777344
862.87,1.214654609882063,0.6311620879278556,0.0,0.12820512820512842,0.0,2.3635642528533936,0,98.54942321777344
862.87,1.214654609882063,0.6311620879278556,0.0,0.12820512820512842,0.0,2.3635642528533936,0,98.54942321777344
862.87,1.214654609882063,0.6311620879278556,0.0,0.12820512820512842,0.0,2.3635642528533936,0,98.54942321777344
862.87,1.214654609882063,0.6311620879278556,0.0,0.12820512820512842,0.0,2.3635642528533936,0,98.54942321777344
862.87,1.2146477946254552,0.6311536298021332,0.0,0.12820512820512842,0.0,2.3635642528533936,0,98.54942321777344
862.87,1.2146477946254552,0.6311536298021332,0.0,0.12820512820512842,0.0,2.3635642528533936,0,98.54942321777344
862.87,1.2146477946254552,0.6311536298021332,0.0,0.12820512820512842,0.0,2.3635642528533936,0,98.54942321777344
862.87,1.2146477946254552,0.6311536298021332,0.0,0.12820512820512842,0.0,2.3635642528533936,0,98.54942321777344
862.87,1.214641994594903,0.6311464045748121,0.0,0.12820512820512842,0.0,2.3635642528533936,0,98.54942321777344
862.87,1.214641994594903,0.6311464045748121,0.0,0.12820512820512842,0.0,2.3635642528533936,0,98.54942321777344
862.87,1.214641994594903,0.6311464045748121,0.0,0.12820512820512842,0.0,2.3635642528533936,0,98.54942321777344
862.97,1.214641994594903,0.6311464045748121,0.0,0.12820512820512842,0.0,2.3635642528533936,0,98.54942321777344
862.97,1.2146370905796853,0.6311398979553299,0.0,0.12820512820512842,0.0,2.3635642528533936,0,98.54942321777344
862.97,1.2146370905796853,0.6311398979553299,0.0,0.12820512820512842,0.0,2.3635642528533936,0,98.54942321777344
862.97,1.2146370905796853,0.6311398979553299,0.0,0.12820512820512842,0.0,2.3635642528533936,0,98.54942321777344
862.97,1.2146370905796853,0.6311398979553299,0.0,0.12820512820512842,0.0,2.3635642528533936,0,98.54942321777344
862.97,1.2146326433519523,0.6311342868534686,0.0,0.12820512820512842,0.0,2.3635642528533936,0,98.54942321777344
862.97,1.2146326433519523,0.6311342868534686,0.0,0.12820512820512842,0.0,2.3635642528533936,0,98.54942321777344
862.97,1.2146326433519523,0.6311342868534686,0.0,0.12820512820512842,0.0,2.3635642528533936,0,98.54942321777344
862.97,1.2146282194927969,0.6311292807960919,0.0,0.12820512820512842,0.0,2.3635642528533936,0,98.54942321777344
862.97,1.2146282194927969,0.6311292807960919,0.0,0.12820512820512842,0.0,2.3635642528533936,0,98.54942321777344
862.97,1.2146282194927969,0.6311292807960919,0.0,0.12820512820512842,0.0,2.3635642528533936,0,98.54942321777344
862.97,1.2146282194927969,0.6311292807960919,0.0,0.12820512820512842,0.0,2.3635642528533936,0,98.54942321777344
863.07,1.2146282194927969,0.6311292807960919,0.0,0.12820512820512842,0.0,2.3635642528533936,0,98.54942321777344
863.07,1.214623424829624,0.6311238653348842,0.0,0.12820512820512842,0.0,2.3635642528533936,0,98.54928588867188
863.07,1.214623424829624,0.6311238653348842,0.0,0.12820512820512842,0.0,2.3635642528533936,0,98.54928588867188
863.07,1.214623424829624,0.6311238653348842,0.0,0.12820512820512842,0.0,2.3635642528533936,0,98.54928588867188
863.07,1.214623424829624,0.6311238653348842,0.0,0.12820512820512842,0.0,2.3635642528533936,0,98.54928588867188
863.07,1.2146182880403682,0.6311176033301099,0.0,0.12820512820512842,0.0,2.3635642528533936,0,98.54928588867188
863.07,1.2146182880403682,0.6311176033301099,0.0,0.12820512820512842,0.0,2.3635642528533936,0,98.54928588867188
863.07,1.2146182880403682,0.6311176033301099,0.0,0.12820512820512842,0.0,2.3635642528533936,0,98.54928588867188
863.07,1.2146182880403682,0.6311176033301099,0.0,0.12820512820512842,0.0,2.3635642528533936,0,98.54928588867188
863.07,1.2146182880403682,0.6311176033301099,0.0,0.12820512820512842,0.0,2.3635642528533936,0,98.54928588867188
863.07,1.2146133409915714,0.6311109187504083,0.0,0.12820512820512842,0.0,2.3635642528533936,0,98.54928588867188
863.07,1.2146133409915714,0.6311109187504083,0.0,0.12820512820512842,0.0,2.3635642528533936,0,98.54928588867188
863.07,1.2146133409915714,0.6311109187504083,0.0,0.12820512820512842,0.0,2.3635642528533936,0,98.54928588867188
863.1700000000001,1.2146133409915714,0.6311109187504083,0.0,0.12820512820512842,0.0,2.3635642528533936,0,98.54928588867188
863.1700000000001,1.214608613937971,0.6311046234640675,0.0,0.12820512820512842,0.0,2.3635642528533936,0,98.54928588867188
863.1700000000001,1.214608613937971,0.6311046234640675,0.0,0.12820512820512842,0.0,2.3635642528533936,0,98.54928588867188
863.1700000000001,1.214608613937971,0.6311046234640675,0.0,0.12820512820512842,0.0,2.3635642528533936,0,98.54928588867188
863.1700000000001,1.214608613937971,0.6311046234640675,0.0,0.12820512820512842,0.0,2.3635642528533936,0,98.54928588867188
863.1700000000001,1.2146044170670345,0.6310987425182224,0.0,0.12820512820512842,0.0,2.3635642528533936,0,98.54928588867188
863.1700000000001,1.2146044170670345,0.6310987425182224,0.0,0.12820512820512842,0.0,2.3635642528533936,0,98.54928588867188
863.1700000000001,1.2146044170670345,0.6310987425182224,0.0,0.12820512820512842,0.0,2.3635642528533936,0,98.54928588867188
863.1700000000001,1.2146044170670345,0.6310987425182224,0.0,0.12820512820512842,0.0,2.3635642528533936,0,98.54928588867188
863.1700000000001,1.2146044170670345,0.6310987425182224,0.0,0.12820512820512842,0.0,2.3635642528533936,0,98.54928588867188
863.1700000000001,1.2146004683773286,0.6310933678166555,0.0,0.12820512820512842,0.0,2.3635642528533936,0,98.54928588867188
863.1700000000001,1.2146004683773286,0.6310933678166555,0.0,0.12820512820512842,0.0,2.3635642528533936,0,98.54928588867188
863.1700000000001,1.2146004683773286,0.6310933678166555,0.0,0.12820512820512842,0.0,2.3635642528533936,0,98.54928588867188
863.1700000000001,1.2146004683773286,0.6310933678166555,0.0,0.12820512820512842,0.0,2.3635642528533936,0,98.54928588867188
863.2700000000001,1.214596305837092,0.6310878995742184,0.0,0.12820512820512842,0.0,2.3635642528533936,0,98.54928588867188
863.2700000000001,1.214596305837092,0.6310878995742184,0.0,0.12820512820512842,0.0,2.3635642528533936,0,98.54928588867188
863.2700000000001,1.214596305837092,0.6310878995742184,0.0,0.12820512820512842,0.0,2.3635642528533936,0,98.54928588867188
863.2700000000001,1.214596305837092,0.6310878995742184,0.0,0.12820512820512842,0.0,2.3635642528533936,0,98.54928588867188
863.2700000000001,1.214596305837092,0.6310878995742184,0.0,0.12820512820512842,0.0,2.3635642528533936,0,98.54928588867188
863.2700000000001,1.2145920656078069,0.6310820928845202,0.0,0.12820512820512842,0.0,2.3635642528533936,0,98.54928588867188
863.2700000000001,1.2145920656078069,0.6310820928845202,0.0,0.12820512820512842,0.0,2.3635642528533936,0,98.54928588867188
863.2700000000001,1.2145920656078069,0.6310820928845202,0.0,0.12820512820512842,0.0,2.3635642528533936,0,98.54928588867188
863.2700000000001,1.214587669598822,0.6310759296352687,0.0,0.12820512820512842,0.0,2.3635642528533936,0,98.54928588867188
863.2700000000001,1.214587669598822,0.6310759296352687,0.0,0.12820512820512842,0.0,2.3635642528533936,0,98.54928588867188
863.2700000000001,1.214587669598822,0.6310759296352687,0.0,0.12820512820512842,0.0,2.3635642528533936,0,98.54928588867188
863.37,1.214587669598822,0.6310759296352687,0.0,0.12820512820512842,0.0,2.3635642528533936,0,98.54928588867188
863.37,1.214587669598822,0.6310759296352687,0.0,0.12820512820512842,0.0,2.3635642528533936,0,98.54928588867188
863.37,1.214583314125324,0.6310695807964593,0.0,0.12820512820512842,0.0,2.3635642528533936,0,98.54928588867188
863.37,1.214583314125324,0.6310695807964593,0.0,0.12820512820512842,0.0,2.3635642528533936,0,98.54928588867188
863.37,1.214583314125324,0.6310695807964593,0.0,0.12820512820512842,0.0,2.3635642528533936,0,98.54928588867188
863.37,1.2145792196051195,0.6310633516348835,0.0,0.07692307692307715,0.0,2.3635642528533936,0,98.54928588867188
863.37,1.2145792196051195,0.6310633516348835,0.0,0.07692307692307715,0.0,2.3635642528533936,0,98.54928588867188
863.37,1.2145792196051195,0.6310633516348835,0.0,0.07692307692307715,0.0,2.3635642528533936,0,98.54928588867188
863.37,1.2145792196051195,0.6310633516348835,0.0,0.07692307692307715,0.0,2.3635642528533936,0,98.54928588867188
863.37,1.2145762865100167,0.6310584691267714,0.0,0.07692307692307715,0.0,2.3635642528533936,0,98.54928588867188
863.37,1.2145762865100167,0.6310584691267714,0.0,0.07692307692307715,0.0,2.3635642528533936,0,98.54928588867188
863.37,1.2145762865100167,0.6310584691267714,0.0,0.07692307692307715,0.0,2.3635642528533936,0,98.54928588867188
863.47,1.2145762865100167,0.6310584691267714,0.0,0.07692307692307715,0.0,2.3635642528533936,0,98.54928588867188
863.47,1.2145762865100167,0.6310584691267714,0.0,0.07692307692307715,0.0,2.3635642528533936,0,98.54928588867188
863.47,1.2145762865100167,0.6310584691267714,0.0,0.07692307692307715,0.0,2.3635642528533936,0,98.54928588867188
863.47,1.2145739105939228,0.6310545505500091,0.0,0.07692307692307715,0.0,2.3635642528533936,0,98.54928588867188
863.47,1.2145739105939228,0.6310545505500091,0.0,0.07692307692307715,0.0,2.3635642528533936,0,98.54928588867188
863.47,1.2145739105939228,0.6310545505500091,0.0,0.07692307692307715,0.0,2.3635642528533936,0,98.54928588867188
863.47,1.2145739105939228,0.6310545505500091,0.0,0.07692307692307715,0.0,2.3635642528533936,0,98.54928588867188
863.47,1.2145739105939228,0.6310545505500091,0.0,0.07692307692307715,0.0,2.3635642528533936,0,98.54928588867188
863.47,1.214571875409765,0.631051233400413,0.0,0.07692307692307715,0.0,2.3635642528533936,0,98.54928588867188
863.47,1.214571875409765,0.631051233400413,0.0,0.07692307692307715,0.0,2.3635642528533936,0,98.54928588867188
863.47,1.214571875409765,0.631051233400413,0.0,0.07692307692307715,0.0,2.3635642528533936,0,98.54928588867188
863.47,1.2145694989479738,0.6310483385214819,0.0,0.07692307692307715,0.0,2.3635642528533936,0,98.54928588867188
863.47,1.2145694989479738,0.6310483385214819,0.0,0.07692307692307715,0.0,2.3635642528533936,0,98.54928588867188
863.57,1.2145694989479738,0.6310483385214819,0.0,0.07692307692307715,0.0,2.3635642528533936,0,98.54918670654297
863.57,1.2145694989479738,0.6310483385214819,0.0,0.07692307692307715,0.0,2.3635642528533936,0,98.54918670654297
863.57,1.214566992080884,0.6310445542713102,0.0,0.07692307692307715,0.0,2.3635642528533936,0,98.54918670654297
863.57,1.214566992080884,0.6310445542713102,0.0,0.07692307692307715,0.0,2.3635642528533936,0,98.54918670654297
863.57,1.214566992080884,0.6310445542713102,0.0,0.07692307692307715,0.0,2.3635642528533936,0,98.54918670654297
863.57,1.214566992080884,0.6310445542713102,0.0,0.07692307692307715,0.0,2.3635642528533936,0,98.54918670654297
863.57,1.214566992080884,0.6310445542713102,0.0,0.07692307692307715,0.0,2.3635642528533936,0,98.54918670654297
863.57,1.2145640761690524,0.631040303621048,0.0,0.07692307692307715,0.0,2.3635642528533936,0,98.54918670654297
863.57,1.2145640761690524,0.631040303621048,0.0,0.07692307692307715,0.0,2.3635642528533936,0,98.54918670654297
863.57,1.2145640761690524,0.631040303621048,0.0,0.07692307692307715,0.0,2.3635642528533936,0,98.54918670654297
863.57,1.2145613475803634,0.6310357796626357,0.0,0.07692307692307715,0.0,2.3635642528533936,0,98.54918670654297
863.57,1.2145613475803634,0.6310357796626357,0.0,0.07692307692307715,0.0,2.3635642528533936,0,98.54918670654297
863.6700000000001,1.2145613475803634,0.6310357796626357,0.0,0.07692307692307715,0.0,2.3635642528533936,0,98.54918670654297
863.6700000000001,1.2145613475803634,0.6310357796626357,0.0,0.07692307692307715,0.0,2.3635642528533936,0,98.54918670654297
863.6700000000001,1.214558897446781,0.631031431011296,0.0,0.07692307692307715,0.0,2.3635642528533936,0,98.54918670654297
863.6700000000001,1.214558897446781,0.631031431011296,0.0,0.07692307692307715,0.0,2.3635642528533936,0,98.54918670654297
863.6700000000001,1.214558897446781,0.631031431011296,0.0,0.07692307692307715,0.0,2.3635642528533936,0,98.54918670654297
863.6700000000001,1.214558897446781,0.631031431011296,0.0,0.07692307692307715,0.0,2.3635642528533936,0,98.54918670654297
863.6700000000001,1.214558897446781,0.631031431011296,0.0,0.07692307692307715,0.0,2.3635642528533936,0,98.54918670654297
863.6700000000001,1.214558897446781,0.631031431011296,0.0,0.07692307692307715,0.0,2.3635642528533936,0,98.54918670654297
863.6700000000001,1.214556635750846,0.6310277103448818,0.0,0.07692307692307715,0.0,2.3635642528533936,0,98.54918670654297
863.6700000000001,1.214556635750846,0.6310277103448818,0.0,0.07692307692307715,0.0,2.3635642528533936,0,98.54918670654297
863.6700000000001,1.214556635750846,0.6310277103448818,0.0,0.07692307692307715,0.0,2.3635642528533936,0,98.54918670654297
863.6700000000001,1.214554572747381,0.6310242287433497,0.0,0.07692307692307715,0.0,2.3635642528533936,0,98.54918670654297
863.7700000000001,1.214554572747381,0.6310242287433497,0.0,0.07692307692307715,0.0,2.3635642528533936,0,98.54918670654297
863.7700000000001,1.214554572747381,0.6310242287433497,0.0,0.07692307692307715,0.0,2.3635642528533936,0,98.54918670654297
863.7700000000001,1.214554572747381,0.6310242287433497,0.0,0.07692307692307715,0.0,2.3635642528533936,0,98.54918670654297
863.7700000000001,1.214552329393712,0.6310208017476542,0.0,0.07692307692307715,0.0,2.3635642528533936,0,98.54918670654297
863.7700000000001,1.214552329393712,0.6310208017476542,0.0,0.07692307692307715,0.0,2.3635642528533936,0,98.54918670654297
863.7700000000001,1.214552329393712,0.6310208017476542,0.0,0.07692307692307715,0.0,2.3635642528533936,0,98.54918670654297
863.7700000000001,1.214552329393712,0.6310208017476542,0.0,0.07692307692307715,0.0,2.3635642528533936,0,98.54918670654297
863.7700000000001,1.214552329393712,0.6310208017476542,0.0,0.07692307692307715,0.0,2.3635642528533936,0,98.54918670654297
863.7700000000001,1.2145501095851103,0.6310170076268212,0.0,0.07692307692307715,0.0,2.3635642528533936,0,98.54918670654297
863.7700000000001,1.2145501095851103,0.6310170076268212,0.0,0.07692307692307715,0.0,2.3635642528533936,0,98.54918670654297
863.7700000000001,1.2145477769495616,0.6310129834690891,0.0,0.07692307692307715,0.0,2.3635642528533936,0,98.54918670654297
863.87,1.2145477769495616,0.6310129834690891,0.0,0.07692307692307715,0.0,2.3635642528533936,0,98.54918670654297
863.87,1.2145477769495616,0.6310129834690891,0.0,0.07692307692307715,0.0,2.3635642528533936,0,98.54918670654297
863.87,1.2145477769495616,0.6310129834690891,0.0,0.07692307692307715,0.0,2.3635642528533936,0,98.54918670654297
863.87,1.2145477769495616,0.6310129834690891,0.0,0.07692307692307715,0.0,2.3635642528533936,0,98.54918670654297
863.87,1.214545532940058,0.6310090741399595,0.0,0.07692307692307715,0.0,2.3635642528533936,0,98.54918670654297
863.87,1.214545532940058,0.6310090741399595,0.0,0.07692307692307715,0.0,2.3635642528533936,0,98.54918670654297
863.87,1.214545532940058,0.6310090741399595,0.0,0.07692307692307715,0.0,2.3635642528533936,0,98.54918670654297
863.87,1.214545532940058,0.6310090741399595,0.0,0.07692307692307715,0.0,2.3635642528533936,0,98.54918670654297
863.87,1.214545532940058,0.6310090741399595,0.0,0.07692307692307715,0.0,2.3635642528533936,0,98.54918670654297
863.87,1.214545532940058,0.6310090741399595,0.0,0.07692307692307715,0.0,2.3635642528533936,0,98.54918670654297
863.87,1.2145434905863355,0.6310051668586734,0.0,0.07692307692307715,0.0,2.3635642528533936,0,98.54918670654297
863.87,1.2145434905863355,0.6310051668586734,0.0,0.07692307692307715,0.0,2.3635642528533936,0,98.54918670654297
863.87,1.2145434905863355,0.6310051668586734,0.0,0.07692307692307715,0.0,2.3635642528533936,0,98.54918670654297
863.97,1.2145414165478392,0.6310014064445596,0.0,0.07692307692307715,0.0,2.3635642528533936,0,98.54918670654297
863.97,1.2145414165478392,0.6310014064445596,0.0,0.07692307692307715,0.0,2.3635642528533936,0,98.54918670654297
863.97,1.2145414165478392,0.6310014064445596,0.0,0.07692307692307715,0.0,2.3635642528533936,0,98.54918670654297
863.97,1.2145414165478392,0.6310014064445596,0.0,0.07692307692307715,0.0,2.3635642528533936,0,98.54918670654297
863.97,1.2145393232772557,0.6309977080283083,0.0,0.07692307692307715,0.0,2.3635642528533936,0,98.54918670654297
863.97,1.2145393232772557,0.6309977080283083,0.0,0.07692307692307715,0.0,2.3635642528533936,0,98.54918670654297
863.97,1.2145393232772557,0.6309977080283083,0.0,0.07692307692307715,0.0,2.3635642528533936,0,98.54918670654297
863.97,1.2145393232772557,0.6309977080283083,0.0,0.07692307692307715,0.0,2.3635642528533936,0,98.54918670654297
863.97,1.2145371221377943,0.6309937516208698,0.0,0.07692307692307715,0.0,2.3635642528533936,0,98.54918670654297
863.97,1.2145371221377943,0.6309937516208698,0.0,0.07692307692307715,0.0,2.3635642528533936,0,98.54918670654297
863.97,1.2145371221377943,0.6309937516208698,0.0,0.07692307692307715,0.0,2.3635642528533936,0,98.54918670654297
863.97,1.2145371221377943,0.6309937516208698,0.0,0.07692307692307715,0.0,2.3635642528533936,0,98.54918670654297
863.97,1.214534878761301,0.6309897649558356,0.0,0.07692307692307715,0.0,2.3635642528533936,0,98.54918670654297
864.07,1.214534878761301,0.6309897649558356,0.0,0.07692307692307715,0.0,2.3635642528533936,0,98.54911804199219
864.07,1.214534878761301,0.6309897649558356,0.0,0.07692307692307715,0.0,2.3635642528533936,0,98.54911804199219
864.07,1.214534878761301,0.6309897649558356,0.0,0.07692307692307715,0.0,2.3635642528533936,0,98.54911804199219
864.07,1.2145326484891148,0.6309855178862901,0.0,0.07692307692307715,0.0,2.3635642528533936,0,98.54911804199219
864.07,1.2145326484891148,0.6309855178862901,0.0,0.07692307692307715,0.0,2.3635642528533936,0,98.54911804199219
864.07,1.2145326484891148,0.6309855178862901,0.0,0.07692307692307715,0.0,2.3635642528533936,0,98.54911804199219
864.07,1.2145326484891148,0.6309855178862901,0.0,0.07692307692307715,0.0,2.3635642528533936,0,98.54911804199219
864.07,1.2145304312202299,0.630981349453638,0.0,0.07692307692307715,0.0,2.3635642528533936,1,98.54911804199219
864.07,1.2145304312202299,0.630981349453638,0.0,0.0,0.0,2.3635642528533936,1,98.54911804199219
864.07,1.2145304312202299,0.630981349453638,0.0,0.0,0.0,2.3635642528533936,1,98.54911804199219
864.07,1.2145304312202299,0.630981349453638,0.0,0.0,0.0,2.3635642528533936,1,98.54911804199219
864.1700000000001,1.2145282783769886,0.6309773532473122,0.0,0.0,0.0,2.3635642528533936,1,98.54911804199219
864.1700000000001,1.2145282783769886,0.6309773532473122,0.0,0.0,0.0,2.3635642528533936,1,98.54911804199219
864.1700000000001,1.2145282783769886,0.6309773532473122,0.0,0.0,0.0,2.3635642528533936,1,98.54911804199219
864.1700000000001,1.2145282783769886,0.6309773532473122,0.0,0.0,0.0,2.3635642528533936,1,98.54911804199219
864.1700000000001,1.2145282783769886,0.6309773532473122,0.0,0.0,0.0,2.3635642528533936,1,98.54911804199219
864.1700000000001,1.2145282783769886,0.6309773532473122,0.0,0.0,0.0,2.3635642528533936,1,98.54911804199219
864.1700000000001,1.2145277980800295,0.6309752925499752,0.0,0.0,0.0,2.3635642528533936,1,98.54911804199219
864.1700000000001,1.2145277980800295,0.6309752925499752,0.0,0.0,0.0,2.3635642528533936,1,98.54911804199219
864.1700000000001,1.2145277980800295,0.6309752925499752,0.0,0.0,0.0,2.3635642528533936,1,98.54911804199219
864.1700000000001,1.2145277980800295,0.6309752925499752,0.0,0.0,0.0,2.3635642528533936,1,98.54911804199219
864.1700000000001,1.2145277980800295,0.6309752925499752,0.0,0.07692307692307715,0.0,2.3635642528533936,1,98.54911804199219
864.1700000000001,1.2145281554067668,0.6309745272497517,0.0,0.07692307692307715,0.0,2.3635642528533936,1,98.54911804199219
864.1700000000001,1.2145281554067668,0.6309745272497517,0.0,0.07692307692307715,0.0,2.3635642528533936,1,98.54911804199219
864.1700000000001,1.2145281554067668,0.6309745272497517,0.0,0.07692307692307715,0.0,2.3635642528533936,1,98.54911804199219
864.1700000000001,1.2145281554067668,0.6309745272497517,0.0,0.07692307692307715,0.0,2.3635642528533936,1,98.54911804199219
864.2700000000001,1.214527098785543,0.6309734394045594,0.0,0.07692307692307715,0.0,2.3635642528533936,1,98.54911804199219
864.2700000000001,1.214527098785543,0.6309734394045594,0.0,0.07692307692307715,0.0,2.3635642528533936,1,98.54911804199219
864.2700000000001,1.214527098785543,0.6309734394045594,0.0,0.07692307692307715,0.0,2.3635642528533936,1,98.54911804199219
864.2700000000001,1.214527098785543,0.6309734394045594,0.0,0.07692307692307715,0.0,2.3635642528533936,1,98.54911804199219
864.2700000000001,1.214527098785543,0.6309734394045594,0.0,0.07692307692307715,0.0,2.3635642528533936,1,98.54911804199219
864.2700000000001,1.214527098785543,0.6309734394045594,0.0,0.07692307692307715,0.0,2.3635642528533936,1,98.54911804199219
864.2700000000001,1.214525482296011,0.6309711933974282,0.0,0.07692307692307715,0.0,2.3635642528533936,1,98.54911804199219
864.2700000000001,1.214525482296011,0.6309711933974282,0.0,0.07692307692307715,0.0,2.3635642528533936,1,98.54911804199219
864.2700000000001,1.214525482296011,0.6309711933974282,0.0,0.07692307692307715,0.0,2.3635642528533936,1,98.54911804199219
864.2700000000001,1.214525482296011,0.6309711933974282,0.0,0.07692307692307715,0.0,2.3635642528533936,1,98.54911804199219
864.2700000000001,1.214525482296011,0.6309711933974282,0.0,0.07692307692307715,0.0,2.3635642528533936,1,98.54911804199219
864.2700000000001,1.214525482296011,0.6309711933974282,0.0,0.07692307692307715,0.0,2.3635642528533936,1,98.54911804199219
864.2700000000001,1.214525482296011,0.6309711933974282,0.0,0.07692307692307715,0.0,2.3635642528533936,1,98.54911804199219
864.2700000000001,1.2145226861869884,0.6309670387281954,0.0,0.07692307692307715,0.0,2.3635642528533936,1,98.54911804199219
864.2700000000001,1.2145226861869884,0.6309670387281954,0.0,0.07692307692307715,0.0,2.3635642528533936,1,98.54911804199219
864.2700000000001,1.2145226861869884,0.6309670387281954,0.0,0.07692307692307715,0.0,2.3635642528533936,1,98.54911804199219
864.2700000000001,1.2145226861869884,0.6309670387281954,0.0,0.07692307692307715,0.0,2.3635642528533936,1,98.54911804199219
864.37,1.2145199669657631,0.6309613271128832,0.0,0.07692307692307715,0.0,2.3635642528533936,1,98.54911804199219
864.37,1.2145199669657631,0.6309613271128832,0.0,0.07692307692307715,0.0,2.3635642528533936,1,98.54911804199219
864.37,1.2145199669657631,0.6309613271128832,0.0,0.07692307692307715,0.0,2.3635642528533936,1,98.54911804199219
864.37,1.2145199669657631,0.6309613271128832,0.0,0.07692307692307715,0.0,2.3635642528533936,1,98.54911804199219
864.37,1.2145174522584816,0.6309558779713896,0.0,0.07692307692307715,0.0,2.3635642528533936,1,98.54911804199219
864.37,1.2145174522584816,0.6309558779713896,0.0,0.07692307692307715,0.0,2.3635642528533936,1,98.54911804199219
864.37,1.2145174522584816,0.6309558779713896,0.0,0.07692307692307715,0.0,2.3635642528533936,1,98.54911804199219
864.37,1.2145159016275924,0.6309516150559653,0.0,0.07692307692307715,0.0,2.3635642528533936,1,98.54911804199219
864.37,1.2145159016275924,0.6309516150559653,0.0,0.02564102564102587,0.0,2.3635642528533936,1,98.54911804199219
864.37,1.2145159016275924,0.6309516150559653,0.0,0.02564102564102587,0.0,2.3635642528533936,1,98.54911804199219
864.47,1.2145144881793635,0.6309487404879779,0.0,0.02564102564102587,0.0,2.3635642528533936,1,98.54911804199219
864.47,1.2145144881793635,0.6309487404879779,0.0,0.02564102564102587,0.0,2.3635642528533936,1,98.54911804199219
864.47,1.2145144881793635,0.6309487404879779,0.0,0.02564102564102587,0.0,2.3635642528533936,1,98.54911804199219
864.47,1.2145144881793635,0.6309487404879779,0.0,0.02564102564102587,0.0,2.3635642528533936,1,98.54911804199219
864.47,1.2145140003904333,0.630947213519309,0.0,0.02564102564102587,0.0,2.3635642528533936,1,98.54911804199219
864.47,1.2145140003904333,0.630947213519309,0.0,0.02564102564102587,0.0,2.3635642528533936,1,98.54911804199219
864.47,1.2145140003904333,0.630947213519309,0.0,0.02564102564102587,0.0,2.3635642528533936,1,98.54911804199219
864.47,1.2145140003904333,0.630947213519309,0.0,0.02564102564102587,0.0,2.3635642528533936,1,98.54911804199219
864.47,1.2145140003904333,0.630947213519309,0.0,0.02564102564102587,0.0,2.3635642528533936,1,98.54911804199219
864.47,1.2145140003904333,0.630947213519309,0.0,0.02564102564102587,0.0,2.3635642528533936,1,98.54911804199219
864.47,1.2145140003904333,0.630947213519309,0.0,0.02564102564102587,0.0,2.3635642528533936,1,98.54911804199219
864.47,1.2145134439758594,0.6309458800262219,0.0,0.02564102564102587,0.0,2.3635642528533936,1,98.54911804199219
864.47,1.2145134439758594,0.6309458800262219,0.0,0.02564102564102587,0.0,2.3635642528533936,1,98.54911804199219
864.47,1.2145134439758594,0.6309458800262219,0.0,0.02564102564102587,0.0,2.3635642528533936,1,98.54911804199219
864.47,1.2145134439758594,0.6309458800262219,0.0,0.02564102564102587,0.0,2.3635642528533936,1,98.54911804199219
864.57,1.2145134439758594,0.6309458800262219,0.0,0.02564102564102587,0.0,2.3635642528533936,1,98.549072265625
864.57,1.2145129544869946,0.6309446632608607,0.0,0.02564102564102587,0.0,2.3635642528533936,1,98.549072265625
864.57,1.2145129544869946,0.6309446632608607,0.0,0.02564102564102587,0.0,2.3635642528533936,1,98.549072265625
864.57,1.2145125003541102,0.630943265998342,0.0,0.02564102564102587,0.0,2.3635642528533936,1,98.549072265625
864.57,1.2145125003541102,0.630943265998342,0.0,0.02564102564102587,0.0,2.3635642528533936,1,98.549072265625
864.57,1.2145125003541102,0.630943265998342,0.0,0.02564102564102587,0.0,2.3635642528533936,1,98.549072265625
864.57,1.2145125003541102,0.630943265998342,0.0,0.02564102564102587,0.0,2.3635642528533936,1,98.549072265625
864.57,1.2145118616687696,0.6309419494916954,0.0,0.02564102564102587,0.0,2.3635642528533936,1,98.549072265625
864.57,1.2145118616687696,0.6309419494916954,0.0,0.02564102564102587,0.0,2.3635642528533936,1,98.549072265625
864.57,1.2145118616687696,0.6309419494916954,0.0,0.02564102564102587,0.0,2.3635642528533936,1,98.549072265625
864.57,1.2145118616687696,0.6309419494916954,0.0,0.02564102564102587,0.0,2.3635642528533936,1,98.549072265625
864.6700000000001,1.2145118616687696,0.6309419494916954,0.0,0.02564102564102587,0.0,2.3635642528533936,1,98.549072265625
864.6700000000001,1.2145112869792487,0.630940374213,0.0,0.02564102564102587,0.0,2.3635642528533936,1,98.549072265625
864.6700000000001,1.2145112869792487,0.630940374213,0.0,0.02564102564102587,0.0,2.3635642528533936,1,98.549072265625
864.6700000000001,1.2145112869792487,0.630940374213,0.0,0.02564102564102587,0.0,2.3635642528533936,1,98.549072265625
864.6700000000001,1.2145112869792487,0.630940374213,0.0,0.02564102564102587,0.0,2.3635642528533936,1,98.549072265625
864.6700000000001,1.2145105802696046,0.6309389024221193,0.0,0.02564102564102587,0.0,2.3635642528533936,1,98.549072265625
864.6700000000001,1.2145105802696046,0.6309389024221193,0.0,0.02564102564102587,0.0,2.3635642528533936,1,98.549072265625
864.6700000000001,1.2145105802696046,0.6309389024221193,0.0,0.02564102564102587,0.0,2.3635642528533936,1,98.549072265625
864.6700000000001,1.2145105802696046,0.6309389024221193,0.0,0.02564102564102587,0.0,2.3635642528533936,1,98.549072265625
864.6700000000001,1.2145100891634308,0.6309373182557629,0.0,0.02564102564102587,0.0,2.3635642528533936,1,98.549072265625
864.6700000000001,1.2145100891634308,0.6309373182557629,0.0,0.02564102564102587,0.0,2.3635642528533936,1,98.549072265625
864.6700000000001,1.2145100891634308,0.6309373182557629,0.0,0.02564102564102587,0.0,2.3635642528533936,1,98.549072265625
864.7700000000001,1.2145100891634308,0.6309373182557629,0.0,0.02564102564102587,0.0,2.3635642528533936,1,98.549072265625
864.7700000000001,1.2145100891634308,0.6309373182557629,0.0,0.02564102564102587,0.0,2.3635642528533936,1,98.549072265625
864.7700000000001,1.2145095457528077,0.6309359163008198,0.0,0.02564102564102587,0.0,2.3635642528533936,1,98.549072265625
864.7700000000001,1.2145095457528077,0.6309359163008198,0.0,0.02564102564102587,0.0,2.3635642528533936,1,98.549072265625
864.7700000000001,1.2145095457528077,0.6309359163008198,0.0,0.02564102564102587,0.0,2.3635642528533936,1,98.549072265625
864.7700000000001,1.2145090101239184,0.6309345677532453,0.0,0.02564102564102587,0.0,2.3635642528533936,1,98.549072265625
864.7700000000001,1.2145090101239184,0.6309345677532453,0.0,0.02564102564102587,0.0,2.3635642528533936,1,98.549072265625
864.7700000000001,1.2145090101239184,0.6309345677532453,0.0,0.02564102564102587,0.0,2.3635642528533936,1,98.549072265625
864.7700000000001,1.2145090101239184,0.6309345677532453,0.0,0.02564102564102587,0.0,2.3635642528533936,1,98.549072265625
864.7700000000001,1.2145084686132717,0.6309332213352039,0.0,0.02564102564102587,0.0,2.3635642528533936,1,98.549072265625
864.7700000000001,1.2145084686132717,0.6309332213352039,0.0,0.02564102564102587,0.0,2.3635642528533936,1,98.549072265625
864.7700000000001,1.2145084686132717,0.6309332213352039,0.0,0.02564102564102587,0.0,2.3635642528533936,1,98.549072265625
864.87,1.2145084686132717,0.6309332213352039,0.0,0.02564102564102587,0.0,2.3635642528533936,1,98.549072265625
864.87,1.2145079014310824,0.6309318572119509,0.0,0.02564102564102587,0.0,2.3635642528533936,1,98.549072265625
864.87,1.2145079014310824,0.6309318572119509,0.0,0.02564102564102587,0.0,2.3635642528533936,1,98.549072265625
864.87,1.2145079014310824,0.6309318572119509,0.0,0.02564102564102587,0.0,2.3635642528533936,1,98.549072265625
864.87,1.2145079014310824,0.6309318572119509,0.0,0.02564102564102587,0.0,2.3635642528533936,1,98.549072265625
864.87,1.2145079014310824,0.6309318572119509,0.0,0.02564102564102587,0.0,2.3635642528533936,1,98.549072265625
864.87,1.2145074270746132,0.6309304103035831,0.0,0.02564102564102587,0.0,2.3635642528533936,1,98.549072265625
864.87,1.2145074270746132,0.6309304103035831,0.0,0.02564102564102587,0.0,2.3635642528533936,1,98.549072265625
864.87,1.2145074270746132,0.6309304103035831,0.0,0.02564102564102587,0.0,2.3635642528533936,1,98.549072265625
864.87,1.2145074270746132,0.6309304103035831,0.0,0.02564102564102587,0.0,2.3635642528533936,1,98.549072265625
864.87,1.2145069454356545,0.630929023045005,0.0,0.02564102564102587,0.0,2.3635642528533936,1,98.549072265625
864.87,1.2145069454356545,0.630929023045005,0.0,0.02564102564102587,0.0,2.3635642528533936,1,98.549072265625
864.87,1.2145069454356545,0.630929023045005,0.0,0.02564102564102587,0.0,2.3635642528533936,1,98.549072265625
864.87,1.2145069454356545,0.630929023045005,0.0,0.02564102564102587,0.0,2.3635642528533936,1,98.549072265625
864.97,1.2145069454356545,0.630929023045005,0.0,0.02564102564102587,0.0,2.3635642528533936,1,98.549072265625
864.97,1.2145069454356545,0.630929023045005,0.0,0.02564102564102587,0.0,2.3635642528533936,1,98.549072265625
864.97,1.2145069454356545,0.630929023045005,0.0,0.02564102564102587,0.0,2.3635642528533936,1,98.549072265625
864.97,1.2145064175430826,0.6309276438618827,0.0,0.02564102564102587,0.0,2.3635642528533936,1,98.549072265625
864.97,1.2145064175430826,0.6309276438618827,0.0,0.02564102564102587,0.0,2.3635642528533936,1,98.549072265625
864.97,1.2145064175430826,0.6309276438618827,0.0,0.02564102564102587,0.0,2.3635642528533936,1,98.549072265625
864.97,1.2145064175430826,0.6309276438618827,0.0,0.02564102564102587,0.0,2.3635642528533936,1,98.549072265625
864.97,1.2145064175430826,0.6309276438618827,0.0,0.02564102564102587,0.0,2.3635642528533936,1,98.549072265625
864.97,1.2145064175430826,0.6309276438618827,0.0,0.02564102564102587,0.0,2.3635642528533936,1,98.549072265625
864.97,1.2145064175430826,0.6309276438618827,0.0,0.02564102564102587,0.0,2.3635642528533936,1,98.549072265625
864.97,1.2145059251953154,0.6309263374585006,0.0,0.02564102564102587,0.0,2.3635642528533936,1,98.549072265625
864.97,1.2145059251953154,0.6309263374585006,0.0,0.02564102564102587,0.0,2.3635642528533936,1,98.549072265625
864.97,1.2145059251953154,0.6309263374585006,0.0,0.02564102564102587,0.0,2.3635642528533936,1,98.549072265625
864.97,1.2145059251953154,0.6309263374585006,0.0,0.02564102564102587,0.0,2.3635642528533936,1,98.549072265625
864.97,1.2145054189907925,0.6309249014744814,0.0,0.02564102564102587,0.0,2.3635642528533936,1,98.549072265625
864.97,1.2145054189907925,0.6309249014744814,0.0,0.02564102564102587,0.0,2.3635642528533936,1,98.549072265625
865.07,1.2145054189907925,0.6309249014744814,0.0,0.02564102564102587,0.0,2.3635642528533936,1,98.549072265625
865.07,1.2145054189907925,0.6309249014744814,0.0,0.02564102564102587,0.0,2.3635642528533936,1,98.5490493774414
865.07,1.2145048028530852,0.6309235377758144,0.0,0.02564102564102587,0.0,2.3635642528533936,1,98.5490493774414
865.07,1.2145048028530852,0.6309235377758144,0.0,0.02564102564102587,0.0,2.3635642528533936,1,98.5490493774414
865.07,1.2145048028530852,0.6309235377758144,0.0,0.02564102564102587,0.0,2.3635642528533936,1,98.5490493774414
865.07,1.2145048028530852,0.6309235377758144,0.0,0.02564102564102587,0.0,2.3635642528533936,1,98.5490493774414
865.07,1.2145048028530852,0.6309235377758144,0.0,0.02564102564102587,0.0,2.3635642528533936,1,98.5490493774414
865.07,1.2145042857555866,0.6309220756953977,0.0,0.02564102564102587,0.0,2.3635642528533936,1,98.5490493774414
865.07,1.2145042857555866,0.6309220756953977,0.0,0.02564102564102587,0.0,2.3635642528533936,1,98.5490493774414
865.07,1.2145042857555866,0.6309220756953977,0.0,0.02564102564102587,0.0,2.3635642528533936,1,98.5490493774414
865.07,1.2145042857555866,0.6309220756953977,0.0,0.02564102564102587,0.0,2.3635642528533936,1,98.5490493774414
865.07,1.2145222286630821,0.630792850568863,0.0,0.02564102564102587,0.0,2.3635642528533936,1,98.5490493774414
865.07,1.2145222286630821,0.630792850568863,0.0,0.02564102564102587,0.0,2.3635642528533936,1,98.5490493774414
865.1700000000001,1.2145222286630821,0.630792850568863,0.0,0.02564102564102587,0.0,2.3635642528533936,1,98.5490493774414
865.1700000000001,1.2147247425926462,0.6293405508521418,0.0,0.02564102564102587,0.0,2.3635642528533936,1,98.5490493774414
865.1700000000001,1.2147247425926462,0.6293405508521418,0.0,0.02564102564102587,0.0,2.3635642528533936,1,98.5490493774414
865.1700000000001,1.2147247425926462,0.6293405508521418,0.0,0.02564102564102587,0.0,2.3635642528533936,1,98.5490493774414
865.1700000000001,1.2147247425926462,0.6293405508521418,0.0,0.02564102564102587,0.0,2.3635642528533936,1,98.5490493774414
865.1700000000001,1.2147247425926462,0.6293405508521418,0.0,0.02564102564102587,0.0,2.3635642528533936,1,98.5490493774414
865.1700000000001,1.2149148033704291,0.6278820326118232,0.0,0.02564102564102587,0.0,2.3635642528533936,1,98.5490493774414
865.1700000000001,1.2149148033704291,0.6278820326118232,0.0,0.02564102564102587,0.0,2.3635642528533936,1,98.5490493774414
865.1700000000001,1.2149148033704291,0.6278820326118232,0.0,0.02564102564102587,0.0,2.3635642528533936,1,98.5490493774414
865.1700000000001,1.2149148033704291,0.6278820326118232,0.0,0.02564102564102587,0.0,2.3635642528533936,1,98.5490493774414
865.1700000000001,1.215092456119579,0.6264172744328008,0.0,0.02564102564102587,0.0,2.3635642528533936,1,98.5490493774414
865.1700000000001,1.215092456119579,0.6264172744328008,0.0,0.02564102564102587,0.0,2.3635642528533936,1,98.5490493774414
865.2700000000001,1.215092456119579,0.6264172744328008,0.0,0.02564102564102587,0.0,2.3635642528533936,1,98.5490493774414
865.2700000000001,1.215092456119579,0.6264172744328008,0.0,0.02564102564102587,0.0,2.3635642528533936,1,98.5490493774414
865.2700000000001,1.215092456119579,0.6264172744328008,0.0,0.02564102564102587,0.0,2.3635642528533936,1,98.5490493774414
865.2700000000001,1.2152576521582625,0.6249463656970919,0.0,0.02564102564102587,0.0,2.3635642528533936,1,98.5490493774414
865.2700000000001,1.2152576521582625,0.6249463656970919,0.0,0.02564102564102587,0.0,2.3635642528533936,1,98.5490493774414
865.2700000000001,1.2152576521582625,0.6249463656970919,0.0,0.02564102564102587,0.0,2.3635642528533936,1,98.5490493774414
865.2700000000001,1.2152576521582625,0.6249463656970919,0.0,0.02564102564102587,0.0,2.3635642528533936,1,98.5490493774414
865.2700000000001,1.2154103324001313,0.6234693831246371,0.0,0.02564102564102587,0.0,2.3635642528533936,1,98.5490493774414
865.2700000000001,1.2154103324001313,0.6234693831246371,0.0,0.02564102564102587,0.0,2.3635642528533936,1,98.5490493774414
865.2700000000001,1.2154103324001313,0.6234693831246371,0.0,0.02564102564102587,0.0,2.3635642528533936,1,98.5490493774414
865.2700000000001,1.2154103324001313,0.6234693831246371,0.0,0.02564102564102587,0.0,2.3635642528533936,1,98.5490493774414
865.2700000000001,1.2155305405121104,0.6222046024552694,0.0,0.02564102564102587,0.0,2.3635642528533936,1,98.5490493774414
865.37,1.2155305405121104,0.6222046024552694,0.0,0.02564102564102587,0.0,2.3635642528533936,1,98.5490493774414
865.37,1.2155305405121104,0.6222046024552694,0.0,0.02564102564102587,0.0,2.3635642528533936,1,98.5490493774414
865.37,1.2155305405121104,0.6222046024552694,0.0,0.02564102564102587,0.0,2.3635642528533936,1,98.5490493774414
865.37,1.2155300031940652,0.622203232494355,0.0,0.02564102564102587,0.0,2.3635642528533936,1,98.5490493774414
865.37,1.2155300031940652,0.622203232494355,0.0,0.02564102564102587,0.0,2.3635642528533936,1,98.5490493774414
865.37,1.2155300031940652,0.622203232494355,0.0,0.02564102564102587,0.0,2.3635642528533936,1,98.5490493774414
865.37,1.2155294159899523,0.6222018213803211,0.0,0.02564102564102587,0.0,2.3635642528533936,1,98.5490493774414
865.37,1.2155294159899523,0.6222018213803211,0.0,0.02564102564102587,0.0,2.3635642528533936,1,98.5490493774414
865.37,1.2155294159899523,0.6222018213803211,0.0,0.02564102564102587,0.0,2.3635642528533936,1,98.5490493774414
865.37,1.2155294159899523,0.6222018213803211,0.0,0.02564102564102587,0.0,2.3635642528533936,1,98.5490493774414
865.37,1.2155294159899523,0.6222018213803211,0.0,0.02564102564102587,0.0,2.3635642528533936,1,98.5490493774414
865.37,1.2155294159899523,0.6222018213803211,0.0,0.02564102564102587,0.0,2.3635642528533936,1,98.5490493774414
865.37,1.2155294159899523,0.6222018213803211,0.0,0.02564102564102587,0.0,2.3635642528533936,1,98.5490493774414
865.37,1.2155287925821943,0.622200481116098,0.0,0.02564102564102587,0.0,2.3635642528533936,1,98.5490493774414
865.37,1.2155287925821943,0.622200481116098,0.0,0.02564102564102587,0.0,2.3635642528533936,1,98.5490493774414
865.37,1.2155287925821943,0.622200481116098,0.0,0.02564102564102587,0.0,2.3635642528533936,1,98.5490493774414
865.47,1.2155287925821943,0.622200481116098,0.0,0.02564102564102587,0.0,2.3635642528533936,1,98.5490493774414
865.47,1.215528231425019,0.6221990903476368,0.0,0.02564102564102587,0.0,2.3635642528533936,1,98.5490493774414
865.47,1.215528231425019,0.6221990903476368,0.0,0.02564102564102587,0.0,2.3635642528533936,1,98.5490493774414
865.47,1.215528231425019,0.6221990903476368,0.0,0.02564102564102587,0.0,2.3635642528533936,1,98.5490493774414
865.47,1.215528231425019,0.6221990903476368,0.0,0.02564102564102587,0.0,2.3635642528533936,1,98.5490493774414
865.47,1.2155276045652854,0.6221976438433897,0.0,0.02564102564102587,0.0,2.3635642528533936,1,98.5490493774414
865.47,1.2155276045652854,0.6221976438433897,0.0,0.02564102564102587,0.0,2.3635642528533936,1,98.5490493774414
865.47,1.2155276045652854,0.6221976438433897,0.0,0.02564102564102587,0.0,2.3635642528533936,1,98.5490493774414
865.47,1.2155276045652854,0.6221976438433897,0.0,0.02564102564102587,0.0,2.3635642528533936,1,98.5490493774414
865.47,1.2155276045652854,0.6221976438433897,0.0,0.02564102564102587,0.0,2.3635642528533936,1,98.5490493774414
865.47,1.2155269674260818,0.622196277388959,0.0,0.02564102564102587,0.0,2.3635642528533936,1,98.5490493774414
865.57,1.2155269674260818,0.622196277388959,0.0,0.02564102564102587,0.0,2.3635642528533936,1,98.5490493774414
865.57,1.2155269674260818,0.622196277388959,0.0,0.02564102564102587,0.0,2.3635642528533936,1,98.5402603149414
865.57,1.2155269674260818,0.622196277388959,0.0,0.02564102564102587,0.0,2.3635642528533936,1,98.5402603149414
865.57,1.2155263560231049,0.6221948711241396,0.0,0.02564102564102587,0.0,2.3635642528533936,1,98.5402603149414
865.57,1.2155263560231049,0.6221948711241396,0.0,0.02564102564102587,0.0,2.3635642528533936,1,98.5402603149414
865.57,1.2155263560231049,0.6221948711241396,0.0,0.02564102564102587,0.0,2.3635642528533936,1,98.5402603149414
865.57,1.215525767443914,0.6221934847461094,0.0,0.02564102564102587,0.0,2.3635642528533936,1,98.5402603149414
865.57,1.215525767443914,0.6221934847461094,0.0,0.02564102564102587,0.0,2.3635642528533936,1,98.5402603149414
865.57,1.215525767443914,0.6221934847461094,0.0,0.02564102564102587,0.0,2.3635642528533936,1,98.5402603149414
865.57,1.215525767443914,0.6221934847461094,0.0,0.02564102564102587,0.0,2.3635642528533936,1,98.5402603149414
865.6700000000001,1.215525182725937,0.6221921555509882,0.0,0.02564102564102587,0.0,2.3635642528533936,1,98.5402603149414
865.6700000000001,1.215525182725937,0.6221921555509882,0.0,0.02564102564102587,0.0,2.3635642528533936,1,98.5402603149414
865.6700000000001,1.215525182725937,0.6221921555509882,0.0,0.02564102564102587,0.0,2.3635642528533936,1,98.5402603149414
865.6700000000001,1.215525182725937,0.6221921555509882,0.0,0.02564102564102587,0.0,2.3635642528533936,1,98.5402603149414
865.6700000000001,1.215525182725937,0.6221921555509882,0.0,0.02564102564102587,0.0,2.3635642528533936,1,98.5402603149414
865.6700000000001,1.215525182725937,0.6221921555509882,0.0,0.02564102564102587,0.0,2.3635642528533936,1,98.5402603149414
865.6700000000001,1.2155246095939467,0.6221908711631012,0.0,0.02564102564102587,0.0,2.3635642528533936,1,98.5402603149414
865.6700000000001,1.2155246095939467,0.6221908711631012,0.0,0.02564102564102587,0.0,2.3635642528533936,1,98.5402603149414
865.6700000000001,1.2155246095939467,0.6221908711631012,0.0,0.02564102564102587,0.0,2.3635642528533936,1,98.5402603149414
865.6700000000001,1.2155240084988086,0.6221894932996994,0.0,0.02564102564102587,0.0,2.3635642528533936,1,98.5402603149414
865.6700000000001,1.2155240084988086,0.6221894932996994,0.0,0.02564102564102587,0.0,2.3635642528533936,1,98.5402603149414
865.6700000000001,1.2155240084988086,0.6221894932996994,0.0,0.02564102564102587,0.0,2.3635642528533936,1,98.5402603149414
865.6700000000001,1.2155240084988086,0.6221894932996994,0.0,0.02564102564102587,0.0,2.3635642528533936,1,98.5402603149414
865.6700000000001,1.2155240084988086,0.6221894932996994,0.0,0.02564102564102587,0.0,2.3635642528533936,1,98.5402603149414
865.6700000000001,1.2155240084988086,0.6221894932996994,0.0,0.02564102564102587,0.0,2.3635642528533936,1,98.5402603149414
865.7700000000001,1.2155233785053887,0.6221881758696753,0.0,0.02564102564102587,0.0,2.328728675842285,1,98.5402603149414
865.7700000000001,1.2155233785053887,0.6221881758696753,0.0,0.02564102564102587,0.0,2.328728675842285,1,98.5402603149414
865.7700000000001,1.2155233785053887,0.6221881758696753,0.0,0.02564102564102587,0.0,2.328728675842285,1,98.5402603149414
865.7700000000001,1.2155233785053887,0.6221881758696753,0.0,0.02564102564102587,0.0,2.328728675842285,1,98.5402603149414
865.7700000000001,1.2155227875243932,0.622186828610417,0.0,0.02564102564102587,0.0,2.328728675842285,1,98.5402603149414
865.7700000000001,1.2155227875243932,0.622186828610417,0.0,0.02564102564102587,0.0,2.328728675842285,1,98.5402603149414
865.7700000000001,1.2155227875243932,0.622186828610417,0.0,0.02564102564102587,0.0,2.328728675842285,1,98.5402603149414
865.7700000000001,1.2155227875243932,0.622186828610417,0.0,0.02564102564102587,0.0,2.328728675842285,1,98.5402603149414
865.7700000000001,1.215522153344915,0.6221854226070155,0.0,0.02564102564102587,0.0,2.328728675842285,1,98.5402603149414
865.7700000000001,1.215522153344915,0.6221854226070155,0.0,0.02564102564102587,0.0,2.328728675842285,1,98.5402603149414
865.7700000000001,1.215522153344915,0.6221854226070155,0.0,0.02564102564102587,0.0,2.328728675842285,1,98.5402603149414
865.7700000000001,1.215522153344915,0.6221854226070155,0.0,0.02564102564102587,0.0,2.328728675842285,1,98.5402603149414
865.7700000000001,1.215522153344915,0.6221854226070155,0.0,0.02564102564102587,0.0,2.328728675842285,1,98.5402603149414
865.87,1.21552150320606,0.6221840870430684,0.0,0.02564102564102587,0.0,2.328728675842285,1,98.5402603149414
865.87,1.21552150320606,0.6221840870430684,0.0,-0.13435897435897415,0.0,2.328728675842285,1,98.5402603149414
865.87,1.21552150320606,0.6221840870430684,0.0,-0.13435897435897415,0.0,2.328728675842285,1,98.5402603149414
865.87,1.21552150320606,0.6221840870430684,0.0,-0.13435897435897415,0.0,2.328728675842285,1,98.5402603149414
865.87,1.2155208802683772,0.6221826683125131,0.0,-0.13435897435897415,0.0,2.328728675842285,1,98.5402603149414
865.87,1.2155208802683772,0.6221826683125131,0.0,-0.2943589743589742,0.0,2.328728675842285,1,98.5402603149414
865.87,1.2155208802683772,0.6221826683125131,0.0,-0.2943589743589742,0.0,2.328728675842285,1,98.5402603149414
865.87,1.2155208802683772,0.6221826683125131,0.0,-0.2943589743589742,0.0,2.328728675842285,1,98.5402603149414
865.87,1.2155208802683772,0.6221826683125131,0.0,-0.2943589743589742,0.0,2.328728675842285,1,98.5402603149414
865.87,1.2155196385963871,0.6221805686753006,0.0,-0.2943589743589742,0.0,2.328728675842285,1,98.5402603149414
865.87,1.2155196385963871,0.6221805686753006,0.0,-0.2943589743589742,0.0,2.328728675842285,1,98.5402603149414
865.87,1.2155196385963871,0.6221805686753006,0.0,-0.4543589743589742,0.0,2.328728675842285,1,98.5402603149414
865.87,1.2155196385963871,0.6221805686753006,0.0,-0.4543589743589742,0.0,2.328728675842285,1,98.5402603149414
865.87,1.2155247502415716,0.6221874841772943,0.0,-0.4543589743589742,0.0,2.328728675842285,1,98.5402603149414
865.97,1.2155247502415716,0.6221874841772943,0.0,-0.4543589743589742,0.0,2.328728675842285,1,98.5402603149414
865.97,1.2155247502415716,0.6221874841772943,0.0,-0.5897435897435894,0.0,2.328728675842285,1,98.5402603149414
865.97,1.2155247502415716,0.6221874841772943,0.0,-0.5897435897435894,0.0,2.328728675842285,1,98.5402603149414
865.97,1.2155247502415716,0.6221874841772943,0.0,-0.5897435897435894,0.0,2.328728675842285,1,98.5402603149414
865.97,1.2155385318436673,0.6222041665494896,0.0,-0.5897435897435894,0.0,2.328728675842285,1,98.5402603149414
865.97,1.2155385318436673,0.6222041665494896,0.0,-0.5897435897435894,0.0,2.328728675842285,1,98.5402603149414
865.97,1.2155385318436673,0.6222041665494896,0.0,-0.5897435897435894,0.0,2.328728675842285,1,98.5402603149414
865.97,1.2155552403933836,0.6222372437656047,0.0,-0.5897435897435894,0.0,2.328728675842285,1,98.5402603149414
865.97,1.2155552403933836,0.6222372437656047,0.0,-0.5897435897435894,0.0,2.328728675842285,1,98.5402603149414
865.97,1.2155552403933836,0.6222372437656047,0.0,-0.5384615384615381,0.0,2.328728675842285,1,98.5402603149414
865.97,1.2155552403933836,0.6222372437656047,0.0,-0.5384615384615381,0.0,2.328728675842285,1,98.5402603149414
865.97,1.2155552403933836,0.6222372437656047,0.0,-0.5384615384615381,0.0,2.328728675842285,1,98.5402603149414
866.07,1.2155805793769354,0.622272215869032,0.0,-0.5384615384615381,0.0,2.328728675842285,1,98.5402603149414
866.07,1.2155805793769354,0.622272215869032,0.0,-0.5384615384615381,0.0,2.328728675842285,1,98.54016876220703
866.07,1.2155805793769354,0.622272215869032,0.0,-0.5384615384615381,0.0,2.328728675842285,1,98.54016876220703
866.07,1.2155805793769354,0.622272215869032,0.0,-0.5384615384615381,0.0,2.328728675842285,1,98.54016876220703
866.07,1.2155986149006672,0.6223097355286157,0.0,-0.5384615384615381,0.0,2.328728675842285,1,98.54016876220703
866.07,1.2155986149006672,0.6223097355286157,0.0,-0.5384615384615381,0.0,2.328728675842285,1,98.54016876220703
866.07,1.2155986149006672,0.6223097355286157,0.0,-0.5384615384615381,0.0,2.328728675842285,1,98.54016876220703
866.07,1.2156159222436664,0.622338011196861,0.0,-0.5384615384615381,0.0,2.328728675842285,1,98.54016876220703
866.07,1.2156159222436664,0.622338011196861,0.0,-0.48717948717948684,0.0,2.328728675842285,1,98.54016876220703
866.07,1.2156159222436664,0.622338011196861,0.0,-0.48717948717948684,0.0,2.328728675842285,1,98.54016876220703
866.07,1.2156159222436664,0.622338011196861,0.0,-0.48717948717948684,0.0,2.328728675842285,1,98.54016876220703
866.1700000000001,1.215629965268634,0.6223590511167547,0.0,-0.48717948717948684,0.0,2.328728675842285,1,98.54016876220703
866.1700000000001,1.215629965268634,0.6223590511167547,0.0,-0.48717948717948684,0.0,2.328728675842285,1,98.54016876220703
866.1700000000001,1.215629965268634,0.6223590511167547,0.0,-0.48717948717948684,0.0,2.328728675842285,1,98.54016876220703
866.1700000000001,1.215629965268634,0.6223590511167547,0.0,-0.48717948717948684,0.0,2.328728675842285,1,98.54016876220703
866.1700000000001,1.2156434343832043,0.622377087133571,0.0,-0.48717948717948684,0.0,2.328728675842285,1,98.54016876220703
866.1700000000001,1.2156434343832043,0.622377087133571,0.0,-0.48717948717948684,0.0,2.328728675842285,1,98.54016876220703
866.1700000000001,1.2156434343832043,0.622377087133571,0.0,-0.48717948717948684,0.0,2.328728675842285,1,98.54016876220703
866.1700000000001,1.2156434343832043,0.622377087133571,0.0,-0.48717948717948684,0.0,2.328728675842285,1,98.54016876220703
866.1700000000001,1.2156606370547367,0.6223964469612719,0.0,-0.48717948717948684,0.0,2.328728675842285,1,98.54016876220703
866.1700000000001,1.2156606370547367,0.6223964469612719,0.0,-0.48717948717948684,0.0,2.328728675842285,1,98.54016876220703
866.1700000000001,1.2156606370547367,0.6223964469612719,0.0,-0.48717948717948684,0.0,2.328728675842285,1,98.54016876220703
866.1700000000001,1.2156606370547367,0.6223964469612719,0.0,-0.48717948717948684,0.0,2.328728675842285,1,98.54016876220703
866.2700000000001,1.2156606370547367,0.6223964469612719,0.0,-0.48717948717948684,0.0,2.328728675842285,1,98.54016876220703
866.2700000000001,1.2156782959772456,0.6224209832405248,0.0,-0.48717948717948684,0.0,2.328728675842285,1,98.54016876220703
866.2700000000001,1.2156782959772456,0.6224209832405248,0.0,-0.48717948717948684,0.0,2.328728675842285,1,98.54016876220703
866.2700000000001,1.2156782959772456,0.6224209832405248,0.0,-0.48717948717948684,0.0,2.328728675842285,1,98.54016876220703
866.2700000000001,1.2156782959772456,0.6224209832405248,0.0,-0.48717948717948684,0.0,2.328728675842285,1,98.54016876220703
866.2700000000001,1.2156978429735439,0.6224461265738358,0.0,-0.48717948717948684,0.0,2.328728675842285,1,98.54016876220703
866.2700000000001,1.2156978429735439,0.6224461265738358,0.0,-0.48717948717948684,0.0,2.328728675842285,1,98.54016876220703
866.2700000000001,1.2156978429735439,0.6224461265738358,0.0,-0.48717948717948684,0.0,2.328728675842285,1,98.54016876220703
866.2700000000001,1.215717416051388,0.622469562799313,0.0,-0.48717948717948684,0.0,2.328728675842285,1,98.54016876220703
866.2700000000001,1.215717416051388,0.622469562799313,0.0,-0.48717948717948684,0.0,2.328728675842285,1,98.54016876220703
866.2700000000001,1.215717416051388,0.622469562799313,0.0,-0.48717948717948684,0.0,2.328728675842285,1,98.54016876220703
866.37,1.2157350517611687,0.6224906383197637,0.0,-0.48717948717948684,0.0,2.328728675842285,1,98.54016876220703
866.37,1.2157350517611687,0.6224906383197637,0.0,-0.48717948717948684,0.0,2.328728675842285,1,98.54016876220703
866.37,1.2157350517611687,0.6224906383197637,0.0,-0.48717948717948684,0.0,2.328728675842285,1,98.54016876220703
866.37,1.2157350517611687,0.6224906383197637,0.0,-0.43589743589743557,0.0,2.328728675842285,1,98.54016876220703
866.37,1.215751983794928,0.6225100917169671,0.0,-0.43589743589743557,0.0,2.328728675842285,1,98.54016876220703
866.37,1.215751983794928,0.6225100917169671,0.0,-0.43589743589743557,0.0,2.328728675842285,1,98.54016876220703
866.37,1.215751983794928,0.6225100917169671,0.0,-0.43589743589743557,0.0,2.328728675842285,1,98.54016876220703
866.37,1.215751983794928,0.6225100917169671,0.0,-0.43589743589743557,0.0,2.328728675842285,1,98.54016876220703
866.37,1.2157687511478212,0.6225283246293091,0.0,-0.43589743589743557,0.0,2.328728675842285,1,98.54016876220703
866.37,1.2157687511478212,0.6225283246293091,0.0,-0.43589743589743557,0.0,2.328728675842285,1,98.54016876220703
866.47,1.2157687511478212,0.6225283246293091,0.0,-0.43589743589743557,0.0,2.328728675842285,1,98.54016876220703
866.47,1.2157859339283914,0.6225472377489448,0.0,-0.43589743589743557,0.0,2.328728675842285,1,98.54016876220703
866.47,1.2157859339283914,0.6225472377489448,0.0,-0.43589743589743557,0.0,2.328728675842285,1,98.54016876220703
866.47,1.2157859339283914,0.6225472377489448,0.0,-0.43589743589743557,0.0,2.328728675842285,1,98.54016876220703
866.47,1.2157859339283914,0.6225472377489448,0.0,-0.3846153846153843,0.0,2.328728675842285,1,98.54016876220703
866.47,1.2158043838030195,0.6225651750285182,0.0,-0.3846153846153843,0.0,2.328728675842285,1,98.54016876220703
866.47,1.2158043838030195,0.6225651750285182,0.0,-0.3846153846153843,0.0,2.328728675842285,1,98.54016876220703
866.47,1.2158043838030195,0.6225651750285182,0.0,-0.3846153846153843,0.0,2.328728675842285,1,98.54016876220703
866.47,1.2158043838030195,0.6225651750285182,0.0,-0.3846153846153843,0.0,2.328728675842285,1,98.54016876220703
866.47,1.2158209682222816,0.6225826198356612,0.0,-0.3846153846153843,0.0,2.328728675842285,1,98.54016876220703
866.47,1.2158209682222816,0.6225826198356612,0.0,-0.3846153846153843,0.0,2.328728675842285,1,98.54016876220703
866.47,1.2158209682222816,0.6225826198356612,0.0,-0.3846153846153843,0.0,2.328728675842285,1,98.54016876220703
866.47,1.2158209682222816,0.6225826198356612,0.0,-0.3846153846153843,0.0,2.328728675842285,1,98.54016876220703
866.57,1.2158209682222816,0.6225826198356612,0.0,-0.3846153846153843,0.0,2.328728675842285,1,98.54016876220703
866.57,1.2158367892163833,0.622598495981354,0.0,-0.3846153846153843,0.0,2.328728675842285,1,98.53977966308594
866.57,1.2158367892163833,0.622598495981354,0.0,-0.3846153846153843,0.0,2.328728675842285,1,98.53977966308594
866.57,1.2158367892163833,0.622598495981354,0.0,-0.3846153846153843,0.0,2.328728675842285,1,98.53977966308594
866.57,1.2158367892163833,0.622598495981354,0.0,-0.3846153846153843,0.0,2.328728675842285,1,98.53977966308594
866.57,1.2158519309118208,0.6226130434260371,0.0,-0.3846153846153843,0.0,2.328728675842285,1,98.53977966308594
866.57,1.2158519309118208,0.6226130434260371,0.0,-0.3846153846153843,0.0,2.328728675842285,1,98.53977966308594
866.57,1.2158519309118208,0.6226130434260371,0.0,-0.3846153846153843,0.0,2.328728675842285,1,98.53977966308594
866.57,1.215867427842459,0.622627350706082,0.0,-0.3846153846153843,0.0,2.328728675842285,1,98.53977966308594
866.6700000000001,1.215867427842459,0.622627350706082,0.0,-0.3846153846153843,0.0,2.328728675842285,1,98.53977966308594
866.6700000000001,1.2158836718272579,0.6226419458248803,0.0,-0.5446153846153843,0.0,2.328728675842285,1,98.53977966308594
866.6700000000001,1.2158836718272579,0.6226419458248803,0.0,-0.5446153846153843,0.0,2.328728675842285,1,98.53977966308594
866.6700000000001,1.2158836718272579,0.6226419458248803,0.0,-0.5446153846153843,0.0,2.328728675842285,1,98.53977966308594
866.6700000000001,1.2158836718272579,0.6226419458248803,0.0,-0.5446153846153843,0.0,2.328728675842285,1,98.53977966308594
866.6700000000001,1.2159133213202358,0.6226659795251634,0.0,-0.6923076923076921,0.0,2.328728675842285,1,98.53977966308594
866.6700000000001,1.2159133213202358,0.6226659795251634,0.0,-0.6923076923076921,0.0,2.328728675842285,1,98.53977966308594
866.6700000000001,1.2159454646762213,0.6226923399615896,0.0,-0.6923076923076921,0.0,2.328728675842285,1,98.53977966308594
866.6700000000001,1.2159454646762213,0.6226923399615896,0.0,-0.6923076923076921,0.0,2.328728675842285,1,98.53977966308594
866.6700000000001,1.2159454646762213,0.6226923399615896,0.0,-0.6923076923076921,0.0,2.328728675842285,1,98.53977966308594
866.6700000000001,1.2159454646762213,0.6226923399615896,0.0,-0.6923076923076921,0.0,2.328728675842285,1,98.53977966308594
866.6700000000001,1.2159454646762213,0.6226923399615896,0.0,-0.6923076923076921,0.0,2.328728675842285,1,98.53977966308594
866.7700000000001,1.2159454646762213,0.6226923399615896,0.0,-0.6410256410256407,0.0,2.328728675842285,1,98.53977966308594
866.7700000000001,1.2159454646762213,0.6226923399615896,0.0,-0.6410256410256407,0.0,2.328728675842285,1,98.53977966308594
866.7700000000001,1.2159454646762213,0.6226923399615896,0.0,-0.6410256410256407,0.0,2.328728675842285,1,98.53977966308594
866.7700000000001,1.2159454646762213,0.6226923399615896,0.0,-0.6410256410256407,0.0,2.328728675842285,1,98.53977966308594
866.7700000000001,1.2159815042224158,0.6227188168039774,0.0,-0.6410256410256407,0.0,2.328728675842285,1,98.53977966308594
866.7700000000001,1.2159815042224158,0.6227188168039774,0.0,-0.6410256410256407,0.0,2.328728675842285,1,98.53977966308594
866.7700000000001,1.2159815042224158,0.6227188168039774,0.0,-0.6410256410256407,0.0,2.328728675842285,1,98.53977966308594
866.7700000000001,1.2159815042224158,0.6227188168039774,0.0,-0.6410256410256407,0.0,2.328728675842285,1,98.53977966308594
866.7700000000001,1.2159815042224158,0.6227188168039774,0.0,-0.6410256410256407,0.0,2.328728675842285,1,98.53977966308594
866.7700000000001,1.2159815042224158,0.6227188168039774,0.0,-0.6410256410256407,0.0,2.328728675842285,1,98.53977966308594
866.7700000000001,1.2159815042224158,0.6227188168039774,0.0,-0.6410256410256407,0.0,2.328728675842285,1,98.53977966308594
866.7700000000001,1.2159815042224158,0.6227188168039774,0.0,-0.6410256410256407,0.0,2.328728675842285,1,98.53977966308594
866.7700000000001,1.2159815042224158,0.6227188168039774,0.0,-0.6410256410256407,0.0,2.328728675842285,1,98.53977966308594
866.7700000000001,1.2160139466250819,0.622748700187463,0.0,-0.6410256410256407,0.0,2.328728675842285,1,98.53977966308594
866.7700000000001,1.2160139466250819,0.622748700187463,0.0,-0.6410256410256407,0.0,2.328728675842285,1,98.53977966308594
866.7700000000001,1.2160139466250819,0.622748700187463,0.0,-0.6410256410256407,0.0,2.328728675842285,1,98.53977966308594
866.7700000000001,1.2160438760656365,0.6227701792774845,0.0,-0.6410256410256407,0.0,2.328728675842285,1,98.53977966308594
866.7700000000001,1.2160438760656365,0.6227701792774845,0.0,-0.6410256410256407,0.0,2.328728675842285,1,98.53977966308594
866.87,1.2160438760656365,0.6227701792774845,0.0,-0.6410256410256407,0.0,2.328728675842285,1,98.53977966308594
866.87,1.2160699497175025,0.6227896366702342,0.0,-0.6410256410256407,0.0,2.328728675842285,1,98.53977966308594
866.87,1.2160699497175025,0.6227896366702342,0.0,-0.6410256410256407,0.0,2.328728675842285,1,98.53977966308594
866.87,1.2160699497175025,0.6227896366702342,0.0,-0.6410256410256407,0.0,2.328728675842285,1,98.53977966308594
866.87,1.2160699497175025,0.6227896366702342,0.0,-0.6410256410256407,0.0,2.328728675842285,1,98.53977966308594
866.87,1.216097310783233,0.6228068697731654,0.0,-0.6410256410256407,0.0,2.328728675842285,1,98.53977966308594
866.87,1.216097310783233,0.6228068697731654,0.03473684210526316,-0.4810256410256407,0.0,2.328728675842285,1,98.53977966308594
866.87,1.216097310783233,0.6228068697731654,0.03473684210526316,-0.4810256410256407,0.0,2.328728675842285,1,98.53977966308594
866.87,1.2161274412346823,0.6228250927918136,0.03473684210526316,-0.4810256410256407,0.0,2.328728675842285,1,98.53977966308594
866.87,1.2161274412346823,0.6228250927918136,0.03473684210526316,-0.4810256410256407,0.0,2.328728675842285,1,98.53977966308594
866.97,1.2161274412346823,0.6228250927918136,0.03473684210526316,-0.4810256410256407,0.0,2.328728675842285,1,98.53977966308594
866.97,1.2161274412346823,0.6228250927918136,0.03473684210526316,-0.33333333333333304,0.0,2.328728675842285,1,98.53977966308594
866.97,1.2161274412346823,0.6228250927918136,0.03473684210526316,-0.33333333333333304,0.0,2.328728675842285,1,98.53977966308594
866.97,1.2161274412346823,0.6228250927918136,0.03473684210526316,-0.33333333333333304,0.0,2.328728675842285,1,98.53977966308594
866.97,1.217003379175186,0.6233330165667628,0.03473684210526316,-0.33333333333333304,0.0,2.328728675842285,1,98.53977966308594
866.97,1.217003379175186,0.6233330165667628,0.03473684210526316,-0.28205128205128177,0.0,2.328728675842285,1,98.53977966308594
866.97,1.2180202637113897,0.6238859487638095,0.03473684210526316,-0.28205128205128177,0.0,2.328728675842285,1,98.53977966308594
866.97,1.2180202637113897,0.6238859487638095,0.03473684210526316,-0.28205128205128177,0.0,2.328728675842285,1,98.53977966308594
866.97,1.2180202637113897,0.6238859487638095,0.03473684210526316,-0.28205128205128177,0.0,2.328728675842285,1,98.53977966308594
866.97,1.2180202637113897,0.6238859487638095,0.03473684210526316,-0.28205128205128177,0.0,2.328728675842285,1,98.53977966308594
866.97,1.2180202637113897,0.6238859487638095,0.03473684210526316,-0.28205128205128177,0.0,2.328728675842285,1,98.53977966308594
866.97,1.2190838179594783,0.624438301204467,0.03473684210526316,-0.28205128205128177,199.262518469,2.328728675842285,1,98.53977966308594
866.97,1.2190838179594783,0.624438301204467,0.03473684210526316,-0.28205128205128177,199.262518469,2.328728675842285,1,98.53977966308594
867.07,1.2190838179594783,0.624438301204467,0.03473684210526316,-0.28205128205128177,199.262518469,2.328728675842285,1,98.53602600097656
867.07,1.2190838179594783,0.624438301204467,0.03473684210526316,-0.28205128205128177,199.262518469,2.328728675842285,1,98.53602600097656
867.07,1.2201475227422105,0.6249768040469372,0.0,-0.12205128205128177,199.262518469,2.328728675842285,1,98.53602600097656
867.07,1.2201475227422105,0.6249768040469372,0.0,-0.12205128205128177,151.593401281,2.328728675842285,1,98.53602600097656
867.07,1.2201475227422105,0.6249768040469372,0.0,-0.12205128205128177,151.593401281,2.328728675842285,1,98.53602600097656
867.07,1.2201475227422105,0.6249768040469372,0.0,-0.12205128205128177,151.593401281,2.328728675842285,1,98.53602600097656
867.07,1.2201475227422105,0.6249768040469372,0.0,-0.12205128205128177,151.593401281,2.328728675842285,1,98.53602600097656
867.07,1.220386638522391,0.6250982430425096,0.0,-0.12205128205128177,144.962238454,2.328728675842285,1,98.53602600097656
867.07,1.220386638522391,0.6250982430425096,0.0,0.037948717948718236,144.962238454,2.328728675842285,1,98.53602600097656
867.07,1.220386638522391,0.6250982430425096,0.0,0.037948717948718236,144.962238454,2.328728675842285,1,98.53602600097656
867.07,1.220386638522391,0.6250982430425096,0.0,0.037948717948718236,144.962238454,2.328728675842285,1,98.53602600097656
867.07,1.220386638522391,0.6250982430425096,0.0,0.037948717948718236,144.962238454,2.328728675842285,1,98.53602600097656
867.1700000000001,1.2203934826066527,0.6251001288789432,0.0,0.19794871794871824,146.12201353,2.328728675842285,1,98.53602600097656
867.1700000000001,1.2203934826066527,0.6251001288789432,0.0,0.19794871794871824,146.12201353,2.328728675842285,1,98.53602600097656
867.1700000000001,1.2203934826066527,0.6251001288789432,0.0,0.19794871794871824,146.12201353,2.328728675842285,1,98.53602600097656
867.1700000000001,1.2203934826066527,0.6251001288789432,0.0,0.19794871794871824,146.12201353,2.328728675842285,1,98.53602600097656
867.1700000000001,1.2203934826066527,0.6251001288789432,0.0,0.19794871794871824,146.12201353,2.328728675842285,1,98.53602600097656
867.1700000000001,1.2203976448212028,0.6251001372664439,0.0,0.19794871794871824,146.12201353,2.328728675842285,1,98.53602600097656
867.1700000000001,1.2203976448212028,0.6251001372664439,0.0,0.35794871794871824,146.719938426,2.328728675842285,1,98.53602600097656
867.1700000000001,1.2203976448212028,0.6251001372664439,0.0,0.35794871794871824,146.719938426,2.328728675842285,1,98.53602600097656
867.1700000000001,1.2203976448212028,0.6251001372664439,0.0,0.35794871794871824,146.719938426,2.328728675842285,1,98.53602600097656
867.1700000000001,1.220395246980299,0.6251012147850938,0.0,0.35794871794871824,147.311352303,2.328728675842285,1,98.53602600097656
867.1700000000001,1.220395246980299,0.6251012147850938,0.0,0.4871794871794873,147.311352303,2.328728675842285,1,98.53602600097656
867.1700000000001,1.220395246980299,0.6251012147850938,0.0,0.4871794871794873,147.311352303,2.328728675842285,1,98.53602600097656
867.1700000000001,1.220395246980299,0.6251012147850938,0.0,0.4871794871794873,147.311352303,2.328728675842285,1,98.53602600097656
867.2700000000001,1.2203818297007518,0.6250967230100306,0.0,0.4871794871794873,148.525215172,2.328728675842285,1,98.53602600097656
867.2700000000001,1.2203818297007518,0.6250967230100306,0.0,0.4871794871794873,148.525215172,2.328728675842285,1,98.53602600097656
867.2700000000001,1.2203818297007518,0.6250967230100306,0.0,0.4871794871794873,148.525215172,2.328728675842285,1,98.53602600097656
867.2700000000001,1.2203568522973043,0.6250821192091892,0.0,0.4871794871794873,188.5569436,2.328728675842285,1,98.53602600097656
867.2700000000001,1.2203568522973043,0.6250821192091892,0.0,0.4871794871794873,188.5569436,2.328728675842285,1,98.53602600097656
867.2700000000001,1.2203568522973043,0.6250821192091892,0.0,0.4871794871794873,188.5569436,2.328728675842285,1,98.53602600097656
867.2700000000001,1.2203568522973043,0.6250821192091892,0.0,0.4871794871794873,188.5569436,2.328728675842285,1,98.53602600097656
867.2700000000001,1.220323406687889,0.625067130785744,0.0,0.4871794871794873,0.0,2.328728675842285,1,98.53602600097656
867.2700000000001,1.220323406687889,0.625067130785744,0.0,0.435897435897436,0.0,2.328728675842285,1,98.53602600097656
867.2700000000001,1.220323406687889,0.625067130785744,0.0,0.435897435897436,0.0,2.328728675842285,1,98.53602600097656
867.2700000000001,1.2204127069207167,0.6255587719700649,0.0,0.435897435897436,0.0,2.328728675842285,1,98.53602600097656
867.37,1.2204127069207167,0.6255587719700649,0.0,0.435897435897436,0.0,2.328728675842285,1,98.53602600097656
867.37,1.2204127069207167,0.6255587719700649,0.0,0.435897435897436,0.0,2.328728675842285,1,98.53602600097656
867.37,1.2204127069207167,0.6255587719700649,0.0,0.435897435897436,0.0,2.328728675842285,1,98.53602600097656
867.37,1.2210387903398694,0.6284254471473831,0.0,0.435897435897436,0.0,2.328728675842285,1,98.53602600097656
867.37,1.2210387903398694,0.6284254471473831,0.0,0.435897435897436,0.0,2.328728675842285,1,98.53602600097656
867.37,1.2210387903398694,0.6284254471473831,0.0,0.435897435897436,0.0,2.328728675842285,1,98.53602600097656
867.37,1.2216398835995115,0.6312798339469808,0.0,0.435897435897436,0.0,2.328728675842285,1,98.53602600097656
867.37,1.2216398835995115,0.6312798339469808,0.0,0.38461538461538475,0.0,2.328728675842285,1,98.53602600097656
867.37,1.2216398835995115,0.6312798339469808,0.0,0.38461538461538475,0.0,2.328728675842285,1,98.53602600097656
867.37,1.2216398835995115,0.6312798339469808,0.0,0.38461538461538475,0.0,2.328728675842285,1,98.53602600097656
867.37,1.2216398835995115,0.6312798339469808,0.0,0.38461538461538475,0.0,2.328728675842285,1,98.53602600097656
867.37,1.2222111481088667,0.6341218879248074,0.0,0.38461538461538475,0.0,2.328728675842285,1,98.53602600097656
867.47,1.2222111481088667,0.6341218879248074,0.0,0.38461538461538475,0.0,2.328728675842285,1,98.53602600097656
867.47,1.2222111481088667,0.6341218879248074,0.0,0.38461538461538475,0.0,2.328728675842285,1,98.53602600097656
867.47,1.2222111481088667,0.6341218879248074,0.0,0.38461538461538475,0.0,2.328728675842285,1,98.53602600097656
867.47,1.2222111481088667,0.6341218879248074,0.0,0.38461538461538475,0.0,2.328728675842285,1,98.53602600097656
867.47,1.2222111481088667,0.6341218879248074,0.0,0.38461538461538475,0.0,2.328728675842285,1,98.53602600097656
867.47,1.2227518771579327,0.6369479238078972,0.0,0.38461538461538475,0.0,2.328728675842285,1,98.53602600097656
867.47,1.2227518771579327,0.6369479238078972,0.0,0.38461538461538475,0.0,2.328728675842285,1,98.53602600097656
867.47,1.2227518771579327,0.6369479238078972,0.0,0.38461538461538475,0.0,2.328728675842285,1,98.53602600097656
867.47,1.2227518771579327,0.6369479238078972,0.0,0.38461538461538475,0.0,2.328728675842285,1,98.53602600097656
867.47,1.2232596063045156,0.6397552353832319,0.0,0.38461538461538475,0.0,2.328728675842285,1,98.53602600097656
867.47,1.2232596063045156,0.6397552353832319,0.0,0.38461538461538475,0.0,2.328728675842285,1,98.53602600097656
867.47,1.2232596063045156,0.6397552353832319,0.0,0.38461538461538475,0.0,2.328728675842285,1,98.53602600097656
867.57,1.223607765121498,0.6418059023878319,0.0,0.38461538461538475,0.0,2.328728675842285,1,98.53602600097656
867.57,1.223607765121498,0.6418059023878319,0.0,0.38461538461538475,0.0,2.328728675842285,1,98.53602600097656
867.57,1.223607765121498,0.6418059023878319,0.0,0.38461538461538475,0.0,2.328728675842285,1,98.51807403564453
867.57,1.223607765121498,0.6418059023878319,0.0,0.3333333333333335,0.0,2.328728675842285,1,98.51807403564453
867.57,1.223607765121498,0.6418059023878319,0.0,0.3333333333333335,0.0,2.328728675842285,1,98.51807403564453
867.57,1.223607765121498,0.6418059023878319,0.0,0.3333333333333335,0.0,2.328728675842285,1,98.51807403564453
867.57,1.223588467428954,0.6417905602655851,0.0,0.3333333333333335,0.0,2.328728675842285,1,98.51807403564453
867.57,1.223588467428954,0.6417905602655851,0.0,0.3333333333333335,0.0,2.328728675842285,1,98.51807403564453
867.57,1.223573683508851,0.6417769040854259,0.0,0.3333333333333335,0.0,2.328728675842285,1,98.51807403564453
867.57,1.223573683508851,0.6417769040854259,0.0,0.3333333333333335,0.0,2.328728675842285,1,98.51807403564453
867.57,1.223573683508851,0.6417769040854259,0.0,0.3333333333333335,0.0,2.328728675842285,1,98.51807403564453
867.57,1.223573683508851,0.6417769040854259,0.0,0.3333333333333335,0.0,2.328728675842285,1,98.51807403564453
867.57,1.223573683508851,0.6417769040854259,0.0,0.3333333333333335,0.0,2.328728675842285,1,98.51807403564453
867.6700000000001,1.2235595106477082,0.6417669074239755,0.0,0.3333333333333335,0.0,2.328728675842285,1,98.51807403564453
867.6700000000001,1.2235595106477082,0.6417669074239755,0.0,0.3333333333333335,0.0,2.328728675842285,1,98.51807403564453
867.6700000000001,1.2235595106477082,0.6417669074239755,0.0,0.3333333333333335,0.0,2.328728675842285,1,98.51807403564453
867.6700000000001,1.2235595106477082,0.6417669074239755,0.0,0.3333333333333335,0.0,2.328728675842285,1,98.51807403564453
867.6700000000001,1.2235595106477082,0.6417669074239755,0.0,0.3333333333333335,0.0,2.328728675842285,1,98.51807403564453
867.6700000000001,1.2235595106477082,0.6417669074239755,0.0,0.3333333333333335,0.0,2.328728675842285,1,98.51807403564453
867.6700000000001,1.2235459351088203,0.6417572877392649,0.0,0.3333333333333335,0.0,2.328728675842285,1,98.51807403564453
867.6700000000001,1.2235459351088203,0.6417572877392649,0.0,0.3333333333333335,0.0,2.328728675842285,1,98.51807403564453
867.6700000000001,1.2235459351088203,0.6417572877392649,0.0,0.3333333333333335,0.0,2.328728675842285,1,98.51807403564453
867.6700000000001,1.2235459351088203,0.6417572877392649,0.0,0.3333333333333335,0.0,2.328728675842285,1,98.51807403564453
867.6700000000001,1.2235322873929169,0.6417460110645471,0.0,0.3333333333333335,0.0,2.328728675842285,1,98.51807403564453
867.6700000000001,1.2235322873929169,0.6417460110645471,0.0,0.3333333333333335,0.0,2.328728675842285,1,98.51807403564453
867.6700000000001,1.2235322873929169,0.6417460110645471,0.0,0.3333333333333335,0.0,2.328728675842285,1,98.51807403564453
867.6700000000001,1.2235322873929169,0.6417460110645471,0.0,0.3333333333333335,0.0,2.328728675842285,1,98.51807403564453
867.7700000000001,1.2244221497835794,0.6425582477597693,0.0,0.3333333333333335,0.0,2.328728675842285,1,98.51807403564453
867.7700000000001,1.2244221497835794,0.6425582477597693,0.0,0.3333333333333335,0.0,2.328728675842285,1,98.51807403564453
867.7700000000001,1.2244221497835794,0.6425582477597693,0.0,0.3333333333333335,0.0,2.328728675842285,1,98.51807403564453
867.7700000000001,1.2244221497835794,0.6425582477597693,0.0,0.3333333333333335,0.0,2.328728675842285,1,98.51807403564453
867.7700000000001,1.2267735931451553,0.6446956723658313,0.0,0.3333333333333335,0.0,2.328728675842285,1,98.51807403564453
867.7700000000001,1.2267735931451553,0.6446956723658313,0.0,0.3333333333333335,0.0,2.328728675842285,1,98.51807403564453
867.7700000000001,1.2267735931451553,0.6446956723658313,0.0,0.3333333333333335,0.0,2.328728675842285,1,98.51807403564453
867.7700000000001,1.2291198906703253,0.6468313110244182,0.0,0.3333333333333335,0.0,2.328728675842285,1,98.51807403564453
867.7700000000001,1.2291198906703253,0.6468313110244182,0.0,0.3333333333333335,0.0,2.328728675842285,1,98.51807403564453
867.7700000000001,1.2291198906703253,0.6468313110244182,0.0,0.3333333333333335,0.0,2.328728675842285,1,98.51807403564453
867.7700000000001,1.2291198906703253,0.6468313110244182,0.0,0.3333333333333335,0.0,2.328728675842285,1,98.51807403564453
867.7700000000001,1.2291198906703253,0.6468313110244182,0.0,0.3333333333333335,0.0,2.328728675842285,1,98.51807403564453
867.87,1.2291198906703253,0.6468313110244182,0.0,0.3333333333333335,0.0,2.328728675842285,1,98.51807403564453
867.87,1.2314612961919573,0.6489649091965847,0.0,0.3333333333333335,0.0,2.278728485107422,1,98.51807403564453
867.87,1.2314612961919573,0.6489649091965847,0.0,0.2820512820512822,0.0,2.278728485107422,1,98.51807403564453
867.87,1.2314612961919573,0.6489649091965847,0.0,0.2820512820512822,0.0,2.278728485107422,1,98.51807403564453
867.87,1.2337978830624032,0.651095755222468,0.0,0.2820512820512822,0.0,2.278728485107422,1,98.51807403564453
867.87,1.2337978830624032,0.651095755222468,0.0,0.2820512820512822,0.0,2.278728485107422,1,98.51807403564453
867.87,1.2337978830624032,0.651095755222468,0.0,0.2820512820512822,0.0,2.278728485107422,1,98.51807403564453
867.87,1.2337978830624032,0.651095755222468,0.0,0.2820512820512822,0.0,2.278728485107422,1,98.51807403564453
867.87,1.2361300915253703,0.6532251240147454,0.0,0.2820512820512822,0.0,2.278728485107422,1,98.51807403564453
867.87,1.2361300915253703,0.6532251240147454,0.0,0.2820512820512822,0.0,2.278728485107422,1,98.51807403564453
867.87,1.2361300915253703,0.6532251240147454,0.0,0.2820512820512822,0.0,2.278728485107422,1,98.51807403564453
867.87,1.2361300915253703,0.6532251240147454,0.0,0.2820512820512822,0.0,2.278728485107422,1,98.51807403564453
867.97,1.2372881582955404,0.6542824588295154,0.0,0.2820512820512822,0.0,2.278728485107422,1,98.51807403564453
867.97,1.2372881582955404,0.6542824588295154,0.0,0.2820512820512822,0.0,2.278728485107422,1,98.51807403564453
867.97,1.2372881582955404,0.6542824588295154,0.0,0.2820512820512822,0.0,2.278728485107422,1,98.51807403564453
867.97,1.2372881582955404,0.6542824588295154,0.0,0.2820512820512822,0.0,2.278728485107422,1,98.51807403564453
867.97,1.2372881582955404,0.6542824588295154,0.0,0.2820512820512822,0.0,2.278728485107422,1,98.51807403564453
867.97,1.2372756362071864,0.6542706935146865,0.0,0.2820512820512822,0.0,2.278728485107422,1,98.51807403564453
867.97,1.2372756362071864,0.6542706935146865,0.0,0.2820512820512822,0.0,2.278728485107422,1,98.51807403564453
867.97,1.2372756362071864,0.6542706935146865,0.0,0.2820512820512822,0.0,2.278728485107422,1,98.51807403564453
867.97,1.2372756362071864,0.6542706935146865,0.0,0.2820512820512822,0.0,2.278728485107422,1,98.51807403564453
867.97,1.2372628859381305,0.6542593598075365,0.0,0.12205128205128221,0.0,2.278728485107422,1,98.51807403564453
867.97,1.2372628859381305,0.6542593598075365,0.0,0.12205128205128221,0.0,2.278728485107422,1,98.51807403564453
867.97,1.2372628859381305,0.6542593598075365,0.0,0.12205128205128221,0.0,2.278728485107422,1,98.51807403564453
868.07,1.2372628859381305,0.6542593598075365,0.0,0.12205128205128221,0.0,2.278728485107422,1,98.51807403564453
868.07,1.2372628859381305,0.6542593598075365,0.0,0.12205128205128221,0.0,2.278728485107422,1,98.51807403564453
868.07,1.2372628859381305,0.6542593598075365,0.0,0.12205128205128221,0.0,2.278728485107422,1,98.49959564208984
868.07,1.2372628859381305,0.6542593598075365,0.0,-0.03794871794871779,0.0,2.278728485107422,1,98.49959564208984
868.07,1.2372510035856412,0.6542469871520638,0.0,-0.03794871794871779,0.0,2.278728485107422,1,98.49959564208984
868.07,1.2372510035856412,0.6542469871520638,0.0,-0.03794871794871779,0.0,2.278728485107422,1,98.49959564208984
868.07,1.2372510035856412,0.6542469871520638,0.0,-0.03794871794871779,0.0,2.278728485107422,1,98.49959564208984
868.07,1.2372510035856412,0.6542469871520638,0.0,-0.1979487179487178,0.0,2.278728485107422,1,98.49959564208984
868.07,1.2372510035856412,0.6542469871520638,0.0,-0.1979487179487178,0.0,2.278728485107422,1,98.49959564208984
868.07,1.2372403258352789,0.6542365490806878,0.0,-0.1979487179487178,0.0,2.278728485107422,1,98.49959564208984
868.07,1.2372412252709177,0.6542345548104036,0.0,-0.1979487179487178,0.0,2.278728485107422,1,98.49959564208984
868.07,1.2372412252709177,0.6542345548104036,0.0,-0.1979487179487178,0.0,2.278728485107422,1,98.49959564208984
868.07,1.2372412252709177,0.6542345548104036,0.0,-0.3579487179487178,0.0,2.278728485107422,1,98.49959564208984
868.07,1.2372412252709177,0.6542345548104036,0.0,-0.3579487179487178,0.0,2.278728485107422,1,98.49959564208984
868.1700000000001,1.2372412252709177,0.6542345548104036,0.0,-0.3579487179487178,0.0,2.278728485107422,1,98.49959564208984
868.1700000000001,1.2372412252709177,0.6542345548104036,0.0,-0.3579487179487178,0.0,2.278728485107422,1,98.49959564208984
868.1700000000001,1.2372412252709177,0.6542345548104036,0.0,-0.3579487179487178,0.0,2.278728485107422,1,98.49959564208984
868.1700000000001,1.2372484932600016,0.6542415034650646,0.0,-0.43589743589743557,0.0,2.278728485107422,1,98.49959564208984
868.1700000000001,1.2372484932600016,0.6542415034650646,0.0,-0.43589743589743557,0.0,2.3635642528533936,1,98.49959564208984
868.1700000000001,1.2372484932600016,0.6542415034650646,0.0,-0.43589743589743557,0.0,2.3635642528533936,1,98.49959564208984
868.1700000000001,1.2372484932600016,0.6542415034650646,0.0,-0.43589743589743557,0.0,2.3635642528533936,1,98.49959564208984
868.1700000000001,1.2372484932600016,0.6542415034650646,0.0,-0.43589743589743557,0.0,2.3635642528533936,1,98.49959564208984
868.1700000000001,1.2372484932600016,0.6542415034650646,0.0,-0.43589743589743557,0.0,2.3635642528533936,1,98.49959564208984
868.1700000000001,1.2372484932600016,0.6542415034650646,0.0,-0.43589743589743557,0.0,2.3635642528533936,1,98.49959564208984
868.1700000000001,1.2372484932600016,0.6542415034650646,0.0,-0.43589743589743557,0.0,2.3635642528533936,1,98.49959564208984
868.1700000000001,1.237268425161356,0.6542606738986491,0.0,-0.43589743589743557,0.0,2.3635642528533936,1,98.49959564208984
868.1700000000001,1.237268425161356,0.6542606738986491,0.0,-0.43589743589743557,0.0,2.3635642528533936,1,98.49959564208984
868.1700000000001,1.237268425161356,0.6542606738986491,0.0,-0.43589743589743557,0.0,2.3635642528533936,1,98.49959564208984
868.1700000000001,1.2372923822485573,0.6542839333781506,0.0,-0.27589743589743554,0.0,2.3635642528533936,1,98.49959564208984
868.1700000000001,1.2372923822485573,0.6542839333781506,0.0,-0.27589743589743554,0.0,2.3635642528533936,1,98.49959564208984
868.1700000000001,1.2372923822485573,0.6542839333781506,0.0,-0.27589743589743554,0.0,2.3635642528533936,1,98.49959564208984
868.2700000000001,1.2372923822485573,0.6542839333781506,0.0,-0.27589743589743554,0.0,2.3635642528533936,1,98.49959564208984
868.2700000000001,1.2373112755402849,0.6543074147885073,0.0,-0.27589743589743554,0.0,2.3635642528533936,1,98.49959564208984
868.2700000000001,1.2373112755402849,0.6543074147885073,0.0,-0.11589743589743554,0.0,2.3635642528533936,1,98.49959564208984
868.2700000000001,1.2373112755402849,0.6543074147885073,0.0,-0.11589743589743554,0.0,2.3635642528533936,1,98.49959564208984
868.2700000000001,1.2373112755402849,0.6543074147885073,0.0,-0.11589743589743554,0.0,2.3635642528533936,1,98.49959564208984
868.2700000000001,1.2373234667920041,0.6543230189298627,0.0,-0.11589743589743554,0.0,2.3635642528533936,1,98.49959564208984
868.2700000000001,1.2373234667920041,0.6543230189298627,0.0,0.04410256410256447,0.0,2.3635642528533936,1,98.49959564208984
868.2700000000001,1.2373234667920041,0.6543230189298627,0.0,0.04410256410256447,0.0,2.3635642528533936,1,98.49959564208984
868.2700000000001,1.2373234667920041,0.6543230189298627,0.0,0.04410256410256447,0.0,2.3635642528533936,1,98.49959564208984
868.2700000000001,1.2373260357358018,0.6543274860419469,0.0,0.04410256410256447,0.0,2.3635642528533936,1,98.49959564208984
868.2700000000001,1.2373260357358018,0.6543274860419469,0.0,0.04410256410256447,0.0,2.3635642528533936,1,98.49959564208984
868.37,1.2373260357358018,0.6543274860419469,0.0,0.20410256410256447,0.0,2.3635642528533936,1,98.49959564208984
868.37,1.2373260357358018,0.6543274860419469,0.0,0.20410256410256447,0.0,2.3635642528533936,1,98.49959564208984
868.37,1.2373260357358018,0.6543274860419469,0.0,0.20410256410256447,0.0,2.3635642528533936,1,98.49959564208984
868.37,1.2373220257117865,0.6543232939930772,0.0,0.20410256410256447,0.0,2.3635642528533936,1,98.49959564208984
868.37,1.2373220257117865,0.6543232939930772,0.0,0.20410256410256447,0.0,2.3635642528533936,1,98.49959564208984
868.37,1.2373220257117865,0.6543232939930772,0.0,0.2820512820512822,0.0,2.3635642528533936,1,98.49959564208984
868.37,1.2373220257117865,0.6543232939930772,0.0,0.2820512820512822,0.0,2.3635642528533936,1,98.49959564208984
868.37,1.2373220257117865,0.6543232939930772,0.0,0.2820512820512822,0.0,2.3635642528533936,1,98.49959564208984
868.37,1.237312103801009,0.6543153564639763,0.0,0.2820512820512822,0.0,2.3635642528533936,1,98.49959564208984
868.37,1.237312103801009,0.6543153564639763,0.0,0.2820512820512822,0.0,2.3635642528533936,1,98.49959564208984
868.37,1.237301211920725,0.654303435318796,0.0,0.2820512820512822,0.0,2.3635642528533936,1,98.49959564208984
868.37,1.237301211920725,0.654303435318796,0.0,0.2820512820512822,0.0,2.3635642528533936,1,98.49959564208984
868.37,1.237301211920725,0.654303435318796,0.0,0.2820512820512822,0.0,2.3635642528533936,1,98.49959564208984
868.37,1.237301211920725,0.654303435318796,0.0,0.2820512820512822,0.0,2.3635642528533936,1,98.49959564208984
868.47,1.237301211920725,0.654303435318796,0.0,0.2820512820512822,0.0,2.3635642528533936,1,98.49959564208984
868.47,1.237288992837164,0.6542914607092049,0.0,0.2820512820512822,0.0,2.3635642528533936,1,98.49959564208984
868.47,1.237288992837164,0.6542914607092049,0.0,0.2820512820512822,0.0,2.3635642528533936,1,98.49959564208984
868.47,1.237288992837164,0.6542914607092049,0.0,0.2820512820512822,0.0,2.3635642528533936,1,98.49959564208984
868.47,1.237288992837164,0.6542914607092049,0.0,0.2820512820512822,0.0,2.3635642528533936,1,98.49959564208984
868.47,1.237288992837164,0.6542914607092049,0.0,0.2820512820512822,0.0,2.3635642528533936,1,98.49959564208984
868.47,1.2372773409308564,0.6542787338508114,0.0,0.2820512820512822,0.0,2.3635642528533936,1,98.49959564208984
868.47,1.2372773409308564,0.6542787338508114,0.0,0.2820512820512822,0.0,2.3635642528533936,1,98.49959564208984
868.47,1.2372773409308564,0.6542787338508114,0.0,0.2820512820512822,0.0,2.3635642528533936,1,98.49959564208984
868.47,1.2372773409308564,0.6542787338508114,0.0,0.2820512820512822,0.0,2.3635642528533936,1,98.49959564208984
868.47,1.237265392275547,0.6542668461690996,0.0,0.2820512820512822,0.0,2.3635642528533936,1,98.49959564208984
868.47,1.237265392275547,0.6542668461690996,0.0,0.2820512820512822,0.0,2.3635642528533936,1,98.49959564208984
868.57,1.237265392275547,0.6542668461690996,0.0,0.23076923076923095,0.0,2.3635642528533936,1,98.49959564208984
868.57,1.237265392275547,0.6542668461690996,0.0,0.23076923076923095,0.0,2.3635642528533936,1,98.49958801269531
868.57,1.237265392275547,0.6542668461690996,0.0,0.23076923076923095,0.0,2.3635642528533936,1,98.49958801269531
868.57,1.237265392275547,0.6542668461690996,0.0,0.23076923076923095,0.0,2.3635642528533936,1,98.49958801269531
868.57,1.2372546685974053,0.6542541530679212,0.0,0.23076923076923095,0.0,2.3635642528533936,1,98.49958801269531
868.57,1.2372546685974053,0.6542541530679212,0.0,0.23076923076923095,0.0,2.3635642528533936,1,98.49958801269531
868.57,1.2372546685974053,0.6542541530679212,0.0,0.23076923076923095,0.0,2.3635642528533936,1,98.49958801269531
868.57,1.2372546685974053,0.6542541530679212,0.0,0.23076923076923095,0.0,2.3635642528533936,1,98.49958801269531
868.57,1.2372440064381778,0.6542435868537073,0.0,0.23076923076923095,0.0,2.3635642528533936,1,98.49958801269531
868.57,1.2372440064381778,0.6542435868537073,0.0,0.23076923076923095,0.0,2.3635642528533936,1,98.49958801269531
868.57,1.2372440064381778,0.6542435868537073,0.0,0.23076923076923095,0.0,2.3635642528533936,1,98.49958801269531
868.57,1.2372440064381778,0.6542435868537073,0.0,0.23076923076923095,0.0,2.3635642528533936,1,98.49958801269531
868.57,1.2372348717802257,0.654232290912842,0.0,0.23076923076923095,0.0,2.3635642528533936,1,98.49958801269531
868.57,1.2372348717802257,0.654232290912842,0.0,0.23076923076923095,0.0,2.3635642528533936,1,98.49958801269531
868.6700000000001,1.2372348717802257,0.654232290912842,0.0,0.23076923076923095,0.0,2.3635642528533936,1,98.49958801269531
868.6700000000001,1.2372348717802257,0.654232290912842,0.0,0.23076923076923095,0.0,2.3635642528533936,1,98.49958801269531
868.6700000000001,1.2372253277072935,0.6542221790590892,0.0,0.23076923076923095,0.0,2.3635642528533936,1,98.49958801269531
868.6700000000001,1.2372253277072935,0.6542221790590892,0.0,0.23076923076923095,0.0,2.3635642528533936,1,98.49958801269531
868.6700000000001,1.2372253277072935,0.6542221790590892,0.0,0.23076923076923095,0.0,2.3635642528533936,1,98.49958801269531
868.6700000000001,1.2372253277072935,0.6542221790590892,0.0,0.23076923076923095,0.0,2.3635642528533936,1,98.49958801269531
868.6700000000001,1.23721609679185,0.6542119975269046,0.0,0.23076923076923095,0.0,2.3635642528533936,1,98.49958801269531
868.6700000000001,1.23721609679185,0.6542119975269046,0.0,0.23076923076923095,0.0,2.3635642528533936,1,98.49958801269531
868.6700000000001,1.23721609679185,0.6542119975269046,0.0,0.23076923076923095,0.0,2.3635642528533936,1,98.49958801269531
868.6700000000001,1.23721609679185,0.6542119975269046,0.0,0.23076923076923095,0.0,2.3635642528533936,1,98.49958801269531
868.6700000000001,1.2372071998424397,0.6542012997301133,0.0,0.23076923076923095,0.0,2.3635642528533936,1,98.49958801269531
868.6700000000001,1.2372071998424397,0.6542012997301133,0.0,0.23076923076923095,0.0,2.3635642528533936,1,98.49958801269531
868.7700000000001,1.2372071998424397,0.6542012997301133,0.0,0.23076923076923095,0.0,2.3635642528533936,1,98.49958801269531
868.7700000000001,1.2372071998424397,0.6542012997301133,0.0,0.23076923076923095,0.0,2.3635642528533936,1,98.49958801269531
868.7700000000001,1.2359184412553195,0.6539383196773159,0.0,0.23076923076923095,0.0,2.3635642528533936,1,98.49958801269531
868.7700000000001,1.2359184412553195,0.6539383196773159,0.0,0.23076923076923095,0.0,2.3635642528533936,1,98.49958801269531
868.7700000000001,1.2359184412553195,0.6539383196773159,0.0,0.23076923076923095,0.0,2.3635642528533936,1,98.49958801269531
868.7700000000001,1.2359184412553195,0.6539383196773159,0.0,0.23076923076923095,0.0,2.3635642528533936,1,98.49958801269531
868.7700000000001,1.2337333360176235,0.6534985904028447,0.0,0.23076923076923095,0.0,2.3635642528533936,1,98.49958801269531
868.7700000000001,1.2337333360176235,0.6534985904028447,0.0,0.23076923076923095,0.0,2.3635642528533936,1,98.49958801269531
868.7700000000001,1.2337333360176235,0.6534985904028447,0.0,0.23076923076923095,0.0,2.3635642528533936,1,98.49958801269531
868.7700000000001,1.2337333360176235,0.6534985904028447,0.0,0.23076923076923095,0.0,2.3635642528533936,1,98.49958801269531
868.7700000000001,1.2337333360176235,0.6534985904028447,0.0,0.23076923076923095,0.0,2.3635642528533936,1,98.49958801269531
868.7700000000001,1.231547953437206,0.6530586472428141,0.0,0.23076923076923095,0.0,2.3635642528533936,1,98.49958801269531
868.87,1.231547953437206,0.6530586472428141,0.0,0.23076923076923095,0.0,2.3635642528533936,1,98.49958801269531
868.87,1.231547953437206,0.6530586472428141,0.0,0.23076923076923095,0.0,2.3635642528533936,1,98.49958801269531
868.87,1.229362616663587,0.6526184143972107,0.0,0.17948717948717968,0.0,2.3635642528533936,1,98.49958801269531
868.87,1.229362616663587,0.6526184143972107,0.0,0.17948717948717968,0.0,2.3635642528533936,1,98.49958801269531
868.87,1.229362616663587,0.6526184143972107,0.0,0.17948717948717968,0.0,2.3635642528533936,1,98.49958801269531
868.87,1.229362616663587,0.6526184143972107,0.0,0.17948717948717968,0.0,2.3635642528533936,1,98.49958801269531
868.87,1.2271776241370973,0.6521793289119712,0.0,0.17948717948717968,0.0,2.3635642528533936,1,98.49958801269531
868.87,1.2271776241370973,0.6521793289119712,0.0,0.17948717948717968,0.0,2.3635642528533936,1,98.49958801269531
868.87,1.2271776241370973,0.6521793289119712,0.0,0.17948717948717968,0.0,2.3635642528533936,1,98.49958801269531
868.87,1.2249927959967715,0.6517405586109539,0.0,0.17948717948717968,0.0,2.3635642528533936,1,98.49958801269531
868.87,1.2249927959967715,0.6517405586109539,0.0,0.17948717948717968,0.0,2.3635642528533936,1,98.49958801269531
868.87,1.2249927959967715,0.6517405586109539,0.0,0.17948717948717968,0.0,2.3635642528533936,1,98.49958801269531
868.97,1.2249927959967715,0.6517405586109539,0.0,0.17948717948717968,0.0,2.3635642528533936,1,98.49958801269531
868.97,1.2249927959967715,0.6517405586109539,0.0,0.17948717948717968,0.0,2.3635642528533936,1,98.49958801269531
868.97,1.224346223092288,0.6516065313609644,0.0,0.17948717948717968,0.0,2.3635642528533936,1,98.49958801269531
868.97,1.224346223092288,0.6516065313609644,0.0,0.17948717948717968,0.0,2.3635642528533936,1,98.49958801269531
868.97,1.224346223092288,0.6516065313609644,0.0,0.17948717948717968,0.0,2.3635642528533936,1,98.49958801269531
868.97,1.224346223092288,0.6516065313609644,0.0,0.17948717948717968,0.0,2.3635642528533936,1,98.49958801269531
868.97,1.2243407979139775,0.6515990995509482,0.0,0.17948717948717968,0.0,2.3635642528533936,1,98.49958801269531
868.97,1.2243407979139775,0.6515990995509482,0.0,0.17948717948717968,0.0,2.3635642528533936,1,98.49958801269531
868.97,1.2243407979139775,0.6515990995509482,0.0,0.17948717948717968,0.0,2.3635642528533936,1,98.49958801269531
868.97,1.2243407979139775,0.6515990995509482,0.0,0.17948717948717968,0.0,2.3635642528533936,1,98.49958801269531
868.97,1.2243347177118324,0.6515911775993916,0.0,0.17948717948717968,0.0,2.3635642528533936,1,98.49958801269531
869.07,1.2243347177118324,0.6515911775993916,0.0,0.17948717948717968,0.0,2.3635642528533936,1,98.49958801269531
869.07,1.2243347177118324,0.6515911775993916,0.0,0.17948717948717968,0.0,2.3635642528533936,1,98.49958801269531
869.07,1.2243347177118324,0.6515911775993916,0.0,0.17948717948717968,0.0,2.3635642528533936,1,98.48638153076172
869.07,1.2243284107089927,0.6515823492450588,0.0,0.17948717948717968,0.0,2.3635642528533936,1,98.48638153076172
869.07,1.2243284107089927,0.6515823492450588,0.0,0.17948717948717968,0.0,2.3635642528533936,1,98.48638153076172
869.07,1.2243284107089927,0.6515823492450588,0.0,0.17948717948717968,0.0,2.3635642528533936,1,98.48638153076172
869.07,1.2243284107089927,0.6515823492450588,0.0,0.17948717948717968,0.0,2.3635642528533936,1,98.48638153076172
869.07,1.2243284107089927,0.6515823492450588,0.0,0.17948717948717968,0.0,2.3635642528533936,1,98.48638153076172
869.07,1.2243216440454432,0.6515732585689592,0.0,0.17948717948717968,0.0,2.3635642528533936,1,98.48638153076172
869.07,1.2243216440454432,0.6515732585689592,0.0,0.17948717948717968,0.0,2.3635642528533936,1,98.48638153076172
869.07,1.2243216440454432,0.6515732585689592,0.0,0.17948717948717968,0.0,2.3635642528533936,1,98.48638153076172
869.07,1.2243216440454432,0.6515732585689592,0.0,0.17948717948717968,0.0,2.3635642528533936,1,98.48638153076172
869.07,1.2243151853279688,0.6515639816535743,0.0,0.17948717948717968,0.0,2.3635642528533936,1,98.48638153076172
869.1700000000001,1.2243151853279688,0.6515639816535743,0.0,0.17948717948717968,0.0,2.3635642528533936,1,98.48638153076172
869.1700000000001,1.2243151853279688,0.6515639816535743,0.0,0.17948717948717968,0.0,2.3635642528533936,1,98.48638153076172
869.1700000000001,1.2243151853279688,0.6515639816535743,0.0,0.17948717948717968,0.0,2.3635642528533936,1,98.48638153076172
869.1700000000001,1.2243091743627357,0.6515549977122864,0.0,0.17948717948717968,0.0,2.3635642528533936,1,98.48638153076172
869.1700000000001,1.2243091743627357,0.6515549977122864,0.0,0.17948717948717968,0.0,2.3635642528533936,1,98.48638153076172
869.1700000000001,1.2243091743627357,0.6515549977122864,0.0,0.17948717948717968,0.0,2.3635642528533936,1,98.48638153076172
869.1700000000001,1.2243091743627357,0.6515549977122864,0.0,0.17948717948717968,0.0,2.3635642528533936,1,98.48638153076172
869.1700000000001,1.2243091743627357,0.6515549977122864,0.0,0.17948717948717968,0.0,2.3635642528533936,1,98.48638153076172
869.1700000000001,1.2243031188531563,0.6515461292450122,0.0,0.17948717948717968,0.0,2.3635642528533936,1,98.48638153076172
869.1700000000001,1.2243031188531563,0.6515461292450122,0.0,0.17948717948717968,0.0,2.3635642528533936,1,98.48638153076172
869.1700000000001,1.2243031188531563,0.6515461292450122,0.0,0.17948717948717968,0.0,2.3635642528533936,1,98.48638153076172
869.2700000000001,1.224297145164718,0.6515371056305858,0.0,0.17948717948717968,0.0,2.3635642528533936,1,98.48638153076172
869.2700000000001,1.224297145164718,0.6515371056305858,0.0,0.17948717948717968,0.0,2.3635642528533936,1,98.48638153076172
869.2700000000001,1.224297145164718,0.6515371056305858,0.0,0.12820512820512842,0.0,2.3635642528533936,1,98.48638153076172
869.2700000000001,1.2242909023892108,0.6515279406463766,0.0,0.12820512820512842,0.0,2.3635642528533936,1,98.48638153076172
869.2700000000001,1.2242909023892108,0.6515279406463766,0.0,0.12820512820512842,0.0,2.3635642528533936,1,98.48638153076172
869.2700000000001,1.2242909023892108,0.6515279406463766,0.0,0.12820512820512842,0.0,2.3635642528533936,1,98.48638153076172
869.2700000000001,1.2242909023892108,0.6515279406463766,0.0,0.12820512820512842,0.0,2.3635642528533936,1,98.48638153076172
869.2700000000001,1.2242857778554248,0.6515196436340777,0.0,0.12820512820512842,0.0,2.3635642528533936,1,98.48638153076172
869.2700000000001,1.2242857778554248,0.6515196436340777,0.0,0.12820512820512842,0.0,2.3635642528533936,1,98.48638153076172
869.2700000000001,1.2242857778554248,0.6515196436340777,0.0,0.12820512820512842,0.0,2.3635642528533936,1,98.48638153076172
869.2700000000001,1.2242857778554248,0.6515196436340777,0.0,0.12820512820512842,0.0,2.3635642528533936,1,98.48638153076172
869.2700000000001,1.2242857778554248,0.6515196436340777,0.0,0.12820512820512842,0.0,2.3635642528533936,1,98.48638153076172
869.2700000000001,1.2242857778554248,0.6515196436340777,0.0,0.12820512820512842,0.0,2.3635642528533936,1,98.48638153076172
869.37,1.2242817620433555,0.6515123896630253,0.0,0.12820512820512842,0.0,2.3635642528533936,1,98.48638153076172
869.37,1.2242817620433555,0.6515123896630253,0.0,0.12820512820512842,0.0,2.3635642528533936,1,98.48638153076172
869.37,1.2242817620433555,0.6515123896630253,0.0,0.12820512820512842,0.0,2.3635642528533936,1,98.48638153076172
869.37,1.2242817620433555,0.6515123896630253,0.0,0.12820512820512842,0.0,2.3635642528533936,1,98.48638153076172
869.37,1.2242817620433555,0.6515123896630253,0.0,0.12820512820512842,0.0,2.3635642528533936,1,98.48638153076172
869.37,1.2242817620433555,0.6515123896630253,0.0,0.12820512820512842,0.0,2.3635642528533936,1,98.48638153076172
869.37,1.2242817620433555,0.6515123896630253,0.0,0.12820512820512842,0.0,2.3635642528533936,1,98.48638153076172
869.37,1.2242817620433555,0.6515123896630253,0.0,0.12820512820512842,0.0,2.3635642528533936,1,98.48638153076172
869.37,1.2242782979537608,0.651506614594531,0.0,0.12820512820512842,0.0,2.3635642528533936,1,98.48638153076172
869.37,1.2242782979537608,0.651506614594531,0.0,0.12820512820512842,0.0,2.3635642528533936,1,98.48638153076172
869.37,1.2242782979537608,0.651506614594531,0.0,0.12820512820512842,0.0,2.3635642528533936,1,98.48638153076172
869.37,1.224275160264367,0.6515012780206265,0.0,0.12820512820512842,0.0,2.3635642528533936,1,98.48638153076172
869.37,1.224275160264367,0.6515012780206265,0.0,0.12820512820512842,0.0,2.3635642528533936,1,98.48638153076172
869.37,1.224275160264367,0.6515012780206265,0.0,0.12820512820512842,0.0,2.3635642528533936,1,98.48638153076172
869.47,1.224271571235477,0.6514956928874245,0.0,0.12820512820512842,0.0,2.3635642528533936,1,98.48638153076172
869.47,1.224271571235477,0.6514956928874245,0.0,0.12820512820512842,0.0,2.3635642528533936,1,98.48638153076172
869.47,1.224271571235477,0.6514956928874245,0.0,0.12820512820512842,0.0,2.3635642528533936,1,98.48638153076172
869.47,1.224271571235477,0.6514956928874245,0.0,0.12820512820512842,0.0,2.3635642528533936,1,98.48638153076172
869.47,1.224267541598494,0.6514894336767917,0.0,0.12820512820512842,0.0,2.3635642528533936,1,98.48638153076172
869.47,1.224267541598494,0.6514894336767917,0.0,0.12820512820512842,0.0,2.3635642528533936,1,98.48638153076172
869.47,1.224267541598494,0.6514894336767917,0.0,0.12820512820512842,0.0,2.3635642528533936,1,98.48638153076172
869.47,1.224267541598494,0.6514894336767917,0.0,0.12820512820512842,0.0,2.3635642528533936,1,98.48638153076172
869.47,1.2242636143226135,0.6514827458075714,0.0,0.12820512820512842,0.0,2.3635642528533936,1,98.48638153076172
869.47,1.2242636143226135,0.6514827458075714,0.0,0.12820512820512842,0.0,2.3635642528533936,1,98.48638153076172
869.47,1.2242636143226135,0.6514827458075714,0.0,0.12820512820512842,0.0,2.3635642528533936,1,98.48638153076172
869.47,1.2242636143226135,0.6514827458075714,0.0,0.12820512820512842,0.0,2.3635642528533936,1,98.48638153076172
869.47,1.2242636143226135,0.6514827458075714,0.0,0.12820512820512842,0.0,2.3635642528533936,1,98.48638153076172
869.57,1.2242598780365233,0.6514759244474079,0.0,0.12820512820512842,0.0,2.3635642528533936,1,98.48638153076172
869.57,1.2242598780365233,0.6514759244474079,0.0,0.12820512820512842,0.0,2.3635642528533936,1,98.48625183105469
869.57,1.2242598780365233,0.6514759244474079,0.0,0.12820512820512842,0.0,2.3635642528533936,1,98.48625183105469
869.57,1.2242598780365233,0.6514759244474079,0.0,0.12820512820512842,0.0,2.3635642528533936,1,98.48625183105469
869.57,1.2242564842645571,0.6514696640887818,0.0,0.12820512820512842,0.0,2.3635642528533936,1,98.48625183105469
869.57,1.2242564842645571,0.6514696640887818,0.0,0.12820512820512842,0.0,2.3635642528533936,1,98.48625183105469
869.57,1.2242564842645571,0.6514696640887818,0.0,0.12820512820512842,0.0,2.3635642528533936,1,98.48625183105469
869.57,1.2242564842645571,0.6514696640887818,0.0,0.12820512820512842,0.0,2.3635642528533936,1,98.48625183105469
869.57,1.224253239350025,0.6514636266428044,0.0,0.12820512820512842,0.0,2.3635642528533936,1,98.48625183105469
869.57,1.224253239350025,0.6514636266428044,0.0,0.12820512820512842,0.0,2.3635642528533936,1,98.48625183105469
869.57,1.224253239350025,0.6514636266428044,0.0,0.12820512820512842,0.0,2.3635642528533936,1,98.48625183105469
869.6700000000001,1.224253239350025,0.6514636266428044,0.0,0.12820512820512842,0.0,2.3635642528533936,1,98.48625183105469
869.6700000000001,1.2242497393136358,0.6514574745034032,0.0,0.12820512820512842,0.0,2.3635642528533936,1,98.48625183105469
869.6700000000001,1.2242497393136358,0.6514574745034032,0.0,0.28820512820512845,0.0,2.3635642528533936,1,98.48625183105469
869.6700000000001,1.2242497393136358,0.6514574745034032,0.0,0.28820512820512845,0.0,2.3635642528533936,1,98.48625183105469
869.6700000000001,1.2242460089323888,0.6514507486367994,0.0,0.28820512820512845,0.0,2.3635642528533936,1,98.48625183105469
869.6700000000001,1.2242460089323888,0.6514507486367994,0.0,0.28820512820512845,0.0,2.3635642528533936,1,98.48625183105469
869.6700000000001,1.2242460089323888,0.6514507486367994,0.0,0.4482051282051285,0.0,2.3635642528533936,1,98.48625183105469
869.6700000000001,1.2242379545954316,0.6514382671144875,0.0,0.4482051282051285,0.0,2.3635642528533936,1,98.48625183105469
869.6700000000001,1.2242379545954316,0.6514382671144875,0.0,0.4482051282051285,0.0,2.3635642528533936,1,98.48625183105469
869.6700000000001,1.2242379545954316,0.6514382671144875,0.0,0.4482051282051285,0.0,2.3635642528533936,1,98.48625183105469
869.7700000000001,1.2242379545954316,0.6514382671144875,0.0,0.4482051282051285,0.0,2.3635642528533936,1,98.48625183105469
869.7700000000001,1.224224291796325,0.6514191470335574,0.0,0.4482051282051285,0.0,2.3635642528533936,1,98.48625183105469
869.7700000000001,1.224224291796325,0.6514191470335574,0.0,0.435897435897436,0.0,2.3635642528533936,1,98.48625183105469
869.7700000000001,1.224224291796325,0.6514191470335574,0.0,0.435897435897436,0.0,2.3635642528533936,1,98.48625183105469
869.7700000000001,1.2242098599830955,0.6513917828101848,0.0,0.435897435897436,0.0,2.3635642528533936,1,98.48625183105469
869.7700000000001,1.2242098599830955,0.6513917828101848,0.0,0.435897435897436,0.0,2.3635642528533936,1,98.48625183105469
869.7700000000001,1.2242098599830955,0.6513917828101848,0.0,0.435897435897436,0.0,2.3635642528533936,1,98.48625183105469
869.7700000000001,1.2242098599830955,0.6513917828101848,0.0,0.435897435897436,0.0,2.3635642528533936,1,98.48625183105469
869.7700000000001,1.2242098599830955,0.6513917828101848,0.0,0.435897435897436,0.0,2.3201844692230225,1,98.48625183105469
869.7700000000001,1.2241948614220777,0.6513634053031442,0.0,0.435897435897436,0.0,2.3201844692230225,1,98.48625183105469
869.7700000000001,1.2241948614220777,0.6513634053031442,0.0,0.435897435897436,0.0,2.3201844692230225,1,98.48625183105469
869.7700000000001,1.2241948614220777,0.6513634053031442,0.0,0.435897435897436,0.0,2.3201844692230225,1,98.48625183105469
869.87,1.224182806020662,0.6513363296249085,0.0,0.435897435897436,0.0,2.3201844692230225,1,98.48625183105469
869.87,1.224182806020662,0.6513363296249085,0.0,0.435897435897436,0.0,2.3201844692230225,1,98.48625183105469
869.87,1.224182806020662,0.6513363296249085,0.0,0.435897435897436,0.0,2.3201844692230225,1,98.48625183105469
869.87,1.224182806020662,0.6513363296249085,0.0,0.435897435897436,0.0,2.3201844692230225,1,98.48625183105469
869.87,1.2241723406191751,0.6513144216939676,0.0,0.435897435897436,0.0,2.3201844692230225,1,98.48625183105469
869.87,1.2241723406191751,0.6513144216939676,0.0,0.435897435897436,0.0,2.3201844692230225,1,98.48625183105469
869.87,1.2241723406191751,0.6513144216939676,0.0,0.435897435897436,0.0,2.3201844692230225,1,98.48625183105469
869.87,1.2241723406191751,0.6513144216939676,0.0,0.435897435897436,0.0,2.3201844692230225,1,98.48625183105469
869.87,1.2241723406191751,0.6513144216939676,0.0,0.435897435897436,0.0,2.3201844692230225,1,98.48625183105469
869.87,1.2241629319275629,0.6512948930904948,0.0,0.38461538461538475,0.0,2.3201844692230225,1,98.48625183105469
869.87,1.2241629319275629,0.6512948930904948,0.0,0.38461538461538475,0.0,2.3201844692230225,1,98.48625183105469
869.97,1.2241629319275629,0.6512948930904948,0.0,0.38461538461538475,0.0,2.3201844692230225,1,98.48625183105469
869.97,1.2241529130492363,0.6512742570580679,0.0,0.38461538461538475,0.0,2.3201844692230225,1,98.48625183105469
869.97,1.2241529130492363,0.6512742570580679,0.0,0.38461538461538475,0.0,2.3201844692230225,1,98.48625183105469
869.97,1.2241529130492363,0.6512742570580679,0.0,0.38461538461538475,0.0,2.3201844692230225,1,98.48625183105469
869.97,1.2241529130492363,0.6512742570580679,0.0,0.38461538461538475,0.0,2.3201844692230225,1,98.48625183105469
869.97,1.2241431329585168,0.6512520660499034,0.0,0.38461538461538475,0.0,2.3201844692230225,1,98.48625183105469
869.97,1.2241431329585168,0.6512520660499034,0.0,0.38461538461538475,0.0,2.3201844692230225,1,98.48625183105469
869.97,1.2241431329585168,0.6512520660499034,0.0,0.38461538461538475,0.0,2.3201844692230225,1,98.48625183105469
869.97,1.2241431329585168,0.6512520660499034,0.0,0.38461538461538475,0.0,2.3201844692230225,1,98.48625183105469
869.97,1.2241326149738776,0.6512293661993419,0.0,0.38461538461538475,0.0,2.3201844692230225,1,98.48625183105469
869.97,1.2241326149738776,0.6512293661993419,0.0,0.38461538461538475,0.0,2.3201844692230225,1,98.48625183105469
870.07,1.2241326149738776,0.6512293661993419,0.0,0.38461538461538475,0.0,2.3201844692230225,1,98.48596954345703
870.07,1.2241326149738776,0.6512293661993419,0.0,0.38461538461538475,0.0,2.3201844692230225,1,98.48596954345703
870.07,1.2241249607764217,0.6512066961533551,0.0,0.38461538461538475,0.0,2.3201844692230225,1,98.48596954345703
870.07,1.2241249607764217,0.6512066961533551,0.0,0.38461538461538475,0.0,2.3201844692230225,1,98.48596954345703
870.07,1.2241249607764217,0.6512066961533551,0.0,0.38461538461538475,0.0,2.3201844692230225,1,98.48596954345703
870.07,1.2241249607764217,0.6512066961533551,0.0,0.38461538461538475,0.0,2.3201844692230225,1,98.48596954345703
870.07,1.2241169456112955,0.6511863588722228,0.0,0.38461538461538475,0.0,2.3201844692230225,1,98.48596954345703
870.07,1.2241169456112955,0.6511863588722228,0.0,0.3333333333333335,0.0,2.3201844692230225,1,98.48596954345703
870.07,1.2241169456112955,0.6511863588722228,0.0,0.3333333333333335,0.0,2.3201844692230225,1,98.48596954345703
870.07,1.2241169456112955,0.6511863588722228,0.0,0.3333333333333335,0.0,2.3201844692230225,1,98.48596954345703
870.07,1.2241169456112955,0.6511863588722228,0.0,0.3333333333333335,0.0,2.3201844692230225,1,98.48596954345703
870.07,1.2241169456112955,0.6511863588722228,0.0,0.3333333333333335,0.0,2.3201844692230225,1,98.48596954345703
870.07,1.22411047877471,0.6511684619431318,0.0,0.3333333333333335,0.0,2.3201844692230225,1,98.48596954345703
870.07,1.22411047877471,0.6511684619431318,0.0,0.3333333333333335,0.0,2.3201844692230225,1,98.48596954345703
870.1700000000001,1.22411047877471,0.6511684619431318,0.0,0.3333333333333335,0.0,2.3201844692230225,1,98.48596954345703
870.1700000000001,1.2241042612887585,0.6511510736070977,0.0,0.3333333333333335,0.0,2.3201844692230225,1,98.48596954345703
870.1700000000001,1.2241042612887585,0.6511510736070977,0.0,0.3333333333333335,0.0,2.3201844692230225,1,98.48596954345703
870.1700000000001,1.2241042612887585,0.6511510736070977,0.0,0.3333333333333335,0.0,2.3201844692230225,1,98.48596954345703
870.1700000000001,1.2241042612887585,0.6511510736070977,0.0,0.3333333333333335,0.0,2.3201844692230225,1,98.48596954345703
870.1700000000001,1.2240976327352688,0.6511331896665586,0.0,0.3333333333333335,0.0,2.3201844692230225,1,98.48596954345703
870.1700000000001,1.2240976327352688,0.6511331896665586,0.0,0.3333333333333335,0.0,2.3201844692230225,1,98.48596954345703
870.1700000000001,1.2240976327352688,0.6511331896665586,0.0,0.3333333333333335,0.0,2.3201844692230225,1,98.48596954345703
870.1700000000001,1.2240915957417249,0.6511147829361537,0.0,0.3333333333333335,0.0,2.3201844692230225,1,98.48596954345703
870.1700000000001,1.2240915957417249,0.6511147829361537,0.0,0.3333333333333335,0.0,2.3201844692230225,1,98.48596954345703
870.1700000000001,1.2240915957417249,0.6511147829361537,0.0,0.3333333333333335,0.0,2.3201844692230225,1,98.48596954345703
870.2700000000001,1.2240915957417249,0.6511147829361537,0.0,0.3333333333333335,0.0,2.3201844692230225,1,98.48596954345703
870.2700000000001,1.2240915957417249,0.6511147829361537,0.0,0.3333333333333335,0.0,2.3201844692230225,1,98.48596954345703
870.2700000000001,1.2240849934741773,0.6510956624067836,0.0,0.17333333333333348,0.0,2.3201844692230225,1,98.48596954345703
870.2700000000001,1.2240849934741773,0.6510956624067836,0.0,0.17333333333333348,0.0,2.3201844692230225,1,98.48596954345703
870.2700000000001,1.2240849934741773,0.6510956624067836,0.0,0.17333333333333348,0.0,2.3201844692230225,1,98.48596954345703
870.2700000000001,1.2240811256403097,0.6510795376270753,0.0,0.17333333333333348,0.0,2.3201844692230225,1,98.48596954345703
870.2700000000001,1.2240811256403097,0.6510795376270753,0.0,0.17333333333333348,0.0,2.3201844692230225,1,98.48596954345703
870.2700000000001,1.2240811256403097,0.6510795376270753,0.0,0.013333333333333475,0.0,2.3201844692230225,1,98.48596954345703
870.2700000000001,1.2240811256403097,0.6510795376270753,0.0,0.013333333333333475,0.0,2.3201844692230225,1,98.48596954345703
870.2700000000001,1.2240785917676786,0.6510672831344302,0.0,0.013333333333333475,0.0,2.3201844692230225,1,98.48596954345703
870.2700000000001,1.2240785917676786,0.6510672831344302,0.0,0.013333333333333475,0.0,2.3201844692230225,1,98.48596954345703
870.37,1.2240785917676786,0.6510672831344302,0.0,0.013333333333333475,0.0,2.3201844692230225,1,98.48596954345703
870.37,1.2240785917676786,0.6510672831344302,0.0,0.013333333333333475,0.0,2.3201844692230225,1,98.48596954345703
870.37,1.2240785917676786,0.6510672831344302,0.0,-0.02564102564102541,0.0,2.3201844692230225,1,98.48596954345703
870.37,1.224694836119579,0.6510456733765528,0.0,-0.02564102564102541,0.0,2.3201844692230225,1,98.48596954345703
870.37,1.224694836119579,0.6510456733765528,0.0,-0.02564102564102541,0.0,2.3201844692230225,1,98.48596954345703
870.37,1.224694836119579,0.6510456733765528,0.0,-0.02564102564102541,0.0,2.3201844692230225,1,98.48596954345703
870.37,1.224694836119579,0.6510456733765528,0.0,-0.02564102564102541,0.0,2.3201844692230225,1,98.48596954345703
870.37,1.226441807651035,0.6509977618299441,0.0,-0.02564102564102541,0.0,2.3201844692230225,1,98.48596954345703
870.37,1.226441807651035,0.6509977618299441,0.0,-0.02564102564102541,0.0,2.3201844692230225,1,98.48596954345703
870.37,1.226441807651035,0.6509977618299441,0.0,-0.02564102564102541,0.0,2.3201844692230225,1,98.48596954345703
870.37,1.226441807651035,0.6509977618299441,0.0,-0.02564102564102541,0.0,2.3201844692230225,1,98.48596954345703
870.37,1.226441807651035,0.6509977618299441,0.0,-0.02564102564102541,0.0,2.3201844692230225,1,98.48596954345703
870.37,1.2281878706632272,0.6509517916658853,0.0,-0.07692307692307669,0.0,2.3201844692230225,1,98.48596954345703
870.47,1.2281878706632272,0.6509517916658853,0.0,-0.07692307692307669,0.0,2.3201844692230225,1,98.48596954345703
870.47,1.2281878706632272,0.6509517916658853,0.0,-0.07692307692307669,0.0,2.3201844692230225,1,98.48596954345703
870.47,1.2281878706632272,0.6509517916658853,0.0,-0.07692307692307669,0.0,2.3201844692230225,1,98.48596954345703
870.47,1.2299318318744685,0.6509059561648557,0.0,-0.07692307692307669,0.0,2.3201844692230225,1,98.48596954345703
870.47,1.2299318318744685,0.6509059561648557,0.0,-0.07692307692307669,0.0,2.3201844692230225,1,98.48596954345703
870.47,1.2299318318744685,0.6509059561648557,0.0,-0.07692307692307669,0.0,2.3201844692230225,1,98.48596954345703
870.47,1.2299318318744685,0.6509059561648557,0.0,-0.07692307692307669,0.0,2.3201844692230225,1,98.48596954345703
870.47,1.2316733098853505,0.6508584305584747,0.0,-0.07692307692307669,0.0,2.3201844692230225,1,98.48596954345703
870.47,1.2316733098853505,0.6508584305584747,0.0,-0.07692307692307669,0.0,2.3201844692230225,1,98.48596954345703
870.47,1.2316733098853505,0.6508584305584747,0.0,-0.07692307692307669,0.0,2.3201844692230225,1,98.48596954345703
870.47,1.2334150284331529,0.6508084356538165,0.0,-0.07692307692307669,0.0,2.3201844692230225,1,98.48596954345703
870.57,1.2334150284331529,0.6508084356538165,0.0,-0.07692307692307669,0.0,2.3201844692230225,1,98.47667694091797
870.57,1.2334150284331529,0.6508084356538165,0.0,-0.07692307692307669,0.0,2.3201844692230225,1,98.47667694091797
870.57,1.2334150284331529,0.6508084356538165,0.0,-0.07692307692307669,0.0,2.3201844692230225,1,98.47667694091797
870.57,1.2334150284331529,0.6508084356538165,0.0,-0.07692307692307669,0.0,2.3201844692230225,1,98.47667694091797
870.57,1.2334150284331529,0.6508084356538165,0.0,-0.07692307692307669,0.0,2.3201844692230225,1,98.47667694091797
870.57,1.2342337087591206,0.6507868597192609,0.0,-0.07692307692307669,0.0,2.3201844692230225,1,98.47667694091797
870.57,1.2342337087591206,0.6507868597192609,0.0,-0.07692307692307669,0.0,2.3201844692230225,1,98.47667694091797
870.57,1.2342337087591206,0.6507868597192609,0.0,-0.07692307692307669,0.0,2.3201844692230225,1,98.47667694091797
870.57,1.2342337087591206,0.6507868597192609,0.0,-0.02564102564102541,0.0,2.3201844692230225,1,98.47667694091797
870.57,1.2342337087591206,0.6507868597192609,0.0,-0.02564102564102541,0.0,2.3201844692230225,1,98.47667694091797
870.57,1.234236235066656,0.6507906392156888,0.0,-0.02564102564102541,0.0,2.3201844692230225,1,98.47667694091797
870.57,1.234236235066656,0.6507906392156888,0.0,-0.02564102564102541,0.0,2.3201844692230225,1,98.47667694091797
870.57,1.234236235066656,0.6507906392156888,0.0,-0.02564102564102541,0.0,2.3201844692230225,1,98.47667694091797
870.57,1.234236235066656,0.6507906392156888,0.0,-0.02564102564102541,0.0,2.3201844692230225,1,98.47667694091797
870.57,1.2342383241979706,0.6507937550101057,0.0,-0.02564102564102541,0.0,2.3201844692230225,1,98.47667694091797
870.6700000000001,1.2342383241979706,0.6507937550101057,0.0,-0.02564102564102541,0.0,2.3201844692230225,1,98.47667694091797
870.6700000000001,1.2342383241979706,0.6507937550101057,0.0,-0.02564102564102541,0.0,2.3201844692230225,1,98.47667694091797
870.6700000000001,1.2342383241979706,0.6507937550101057,0.0,-0.02564102564102541,0.0,2.3201844692230225,1,98.47667694091797
870.6700000000001,1.2342384426514463,0.6507967538637516,0.0,-0.02564102564102541,0.0,2.3201844692230225,1,98.47667694091797
870.6700000000001,1.2342384426514463,0.6507967538637516,0.0,-0.02564102564102541,0.0,2.3201844692230225,1,98.47667694091797
870.6700000000001,1.2342384426514463,0.6507967538637516,0.0,-0.02564102564102541,0.0,2.3201844692230225,1,98.47667694091797
870.6700000000001,1.2342397259781661,0.6507974558387173,0.0,-0.02564102564102541,0.0,2.3201844692230225,1,98.47667694091797
870.6700000000001,1.2342397259781661,0.6507974558387173,0.0,-0.02564102564102541,0.0,2.3201844692230225,1,98.47667694091797
870.6700000000001,1.2342397259781661,0.6507974558387173,0.0,-0.02564102564102541,0.0,2.3201844692230225,1,98.47667694091797
870.6700000000001,1.2342397259781661,0.6507974558387173,0.0,-0.02564102564102541,0.0,2.3201844692230225,1,98.47667694091797
870.6700000000001,1.2342397259781661,0.6507974558387173,0.0,-0.02564102564102541,0.0,2.3201844692230225,1,98.47667694091797
870.6700000000001,1.2342401175666686,0.6507979781312789,0.0,-0.02564102564102541,0.0,2.3201844692230225,1,98.47667694091797
870.7700000000001,1.2342401175666686,0.6507979781312789,0.0,-0.02564102564102541,0.0,2.3201844692230225,1,98.47667694091797
870.7700000000001,1.2342401175666686,0.6507979781312789,0.0,-0.02564102564102541,0.0,2.3201844692230225,1,98.47667694091797
870.7700000000001,1.2342401175666686,0.6507979781312789,0.0,-0.02564102564102541,0.0,2.3201844692230225,1,98.47667694091797
870.7700000000001,1.2342401175666686,0.6507979781312789,0.0,-0.02564102564102541,0.0,2.3201844692230225,1,98.47667694091797
870.7700000000001,1.2342401175666686,0.6507979781312789,0.0,-0.02564102564102541,0.0,2.3201844692230225,1,98.47667694091797
870.7700000000001,1.2342413513347634,0.6507978830458641,0.0,-0.02564102564102541,0.0,2.3201844692230225,1,98.47667694091797
870.7700000000001,1.2342413513347634,0.6507978830458641,0.0,-0.02564102564102541,0.0,2.3201844692230225,1,98.47667694091797
870.7700000000001,1.2342413513347634,0.6507978830458641,0.0,-0.02564102564102541,0.0,2.3201844692230225,1,98.47667694091797
870.7700000000001,1.2342413513347634,0.6507978830458641,0.0,-0.02564102564102541,0.0,2.3201844692230225,1,98.47667694091797
870.7700000000001,1.2342426556353243,0.6507991427129838,0.0,-0.02564102564102541,0.0,2.3201844692230225,1,98.47667694091797
870.7700000000001,1.2342426556353243,0.6507991427129838,0.0,-0.02564102564102541,0.0,2.3201844692230225,1,98.47667694091797
870.7700000000001,1.2342426556353243,0.6507991427129838,0.0,-0.02564102564102541,0.0,2.3201844692230225,1,98.47667694091797
870.7700000000001,1.2342426556353243,0.6507991427129838,0.0,-0.02564102564102541,0.0,2.3201844692230225,1,98.47667694091797
870.7700000000001,1.2342435488776993,0.6508012670791579,0.0,-0.02564102564102541,0.0,2.3201844692230225,1,98.47667694091797
870.7700000000001,1.2342435488776993,0.6508012670791579,0.0,-0.02564102564102541,0.0,2.3201844692230225,1,98.47667694091797
870.87,1.2342435488776993,0.6508012670791579,0.0,-0.02564102564102541,0.0,2.3201844692230225,1,98.47667694091797
870.87,1.2342435488776993,0.6508012670791579,0.0,-0.02564102564102541,0.0,2.3201844692230225,1,98.47667694091797
870.87,1.2342435488776993,0.6508012670791579,0.0,-0.02564102564102541,0.0,2.3201844692230225,1,98.47667694091797
870.87,1.2342435488776993,0.6508012670791579,0.0,-0.02564102564102541,0.0,2.3201844692230225,1,98.47667694091797
870.87,1.2342435488776993,0.6508012670791579,0.0,-0.02564102564102541,0.0,2.3201844692230225,1,98.47667694091797
870.87,1.2342435488776993,0.6508012670791579,0.0,-0.02564102564102541,0.0,2.3201844692230225,1,98.47667694091797
870.87,1.2342435488776993,0.6508012670791579,0.0,-0.02564102564102541,0.0,2.3201844692230225,1,98.47667694091797
870.87,1.2342450945748884,0.6508025663457293,0.0,-0.02564102564102541,0.0,2.3201844692230225,1,98.47667694091797
870.87,1.2342450945748884,0.6508025663457293,0.0,-0.02564102564102541,0.0,2.3201844692230225,1,98.47667694091797
870.87,1.2342455033298223,0.6508040211601434,0.0,-0.02564102564102541,0.0,2.3201844692230225,1,98.47667694091797
870.87,1.2342455033298223,0.6508040211601434,0.0,-0.02564102564102541,0.0,2.3201844692230225,1,98.47667694091797
870.87,1.2342455033298223,0.6508040211601434,0.0,-0.02564102564102541,0.0,2.3201844692230225,1,98.47667694091797
870.87,1.2342455033298223,0.6508040211601434,0.0,-0.02564102564102541,0.0,2.3201844692230225,1,98.47667694091797
870.97,1.2342466237750038,0.6508046986015856,0.0,-0.02564102564102541,0.0,2.3201844692230225,1,98.47667694091797
870.97,1.2342466237750038,0.6508046986015856,0.0,-0.02564102564102541,0.0,2.3201844692230225,1,98.47667694091797
870.97,1.2342466237750038,0.6508046986015856,0.0,-0.02564102564102541,0.0,2.3201844692230225,1,98.47667694091797
870.97,1.2342466237750038,0.6508046986015856,0.0,-0.02564102564102541,0.0,2.3201844692230225,1,98.47667694091797
870.97,1.2342466237750038,0.6508046986015856,0.0,-0.02564102564102541,0.0,2.3201844692230225,1,98.47667694091797
870.97,1.2334246510652564,0.6491962597187377,0.0,-0.02564102564102541,0.0,2.3201844692230225,1,98.47667694091797
870.97,1.2334246510652564,0.6491962597187377,0.0,-0.02564102564102541,0.0,2.3201844692230225,1,98.47667694091797
870.97,1.2334246510652564,0.6491962597187377,0.0,-0.02564102564102541,0.0,2.3201844692230225,1,98.47667694091797
870.97,1.2334246510652564,0.6491962597187377,0.0,-0.02564102564102541,0.0,2.3201844692230225,1,98.47667694091797
870.97,1.2323867295708184,0.6471697048956546,0.0,-0.02564102564102541,0.0,2.3201844692230225,1,98.47667694091797
870.97,1.2323867295708184,0.6471697048956546,0.0,-0.02564102564102541,0.0,2.3201844692230225,1,98.47667694091797
870.97,1.2323867295708184,0.6471697048956546,0.0,-0.02564102564102541,0.0,2.3201844692230225,1,98.47667694091797
870.97,1.2323867295708184,0.6471697048956546,0.0,-0.02564102564102541,0.0,2.3201844692230225,1,98.47667694091797
870.97,1.2323867295708184,0.6471697048956546,0.0,-0.02564102564102541,0.0,2.3201844692230225,1,98.47667694091797
871.07,1.2313466874186434,0.645141847354048,0.0,-0.02564102564102541,0.0,2.3201844692230225,1,98.47064208984375
871.07,1.2313466874186434,0.645141847354048,0.0,-0.02564102564102541,0.0,2.3201844692230225,1,98.47064208984375
871.07,1.2303033758593005,0.6431130036189936,0.0,-0.02564102564102541,0.0,2.3201844692230225,1,98.47064208984375
871.07,1.2303033758593005,0.6431130036189936,0.0,-0.02564102564102541,0.0,2.3201844692230225,1,98.47064208984375
871.07,1.2303033758593005,0.6431130036189936,0.0,-0.02564102564102541,0.0,2.3201844692230225,1,98.47064208984375
871.07,1.2303033758593005,0.6431130036189936,0.0,-0.02564102564102541,0.0,2.3201844692230225,1,98.47064208984375
871.07,1.2292570255929196,0.6410827585896212,0.0,-0.02564102564102541,0.0,2.3201844692230225,1,98.47064208984375
871.07,1.2292570255929196,0.6410827585896212,0.0,-0.02564102564102541,0.0,2.3201844692230225,1,98.47064208984375
871.07,1.2292570255929196,0.6410827585896212,0.0,-0.02564102564102541,0.0,2.3201844692230225,1,98.47064208984375
871.07,1.2292570255929196,0.6410827585896212,0.0,-0.02564102564102541,0.0,2.3201844692230225,1,98.47064208984375
871.07,1.2292570255929196,0.6410827585896212,0.0,-0.02564102564102541,0.0,2.3201844692230225,1,98.47064208984375
871.07,1.2292570255929196,0.6410827585896212,0.0,-0.02564102564102541,0.0,2.3201844692230225,1,98.47064208984375
871.1700000000001,1.228208237979004,0.6390507688424465,0.0,-0.02564102564102541,0.0,2.3201844692230225,1,98.47064208984375
871.1700000000001,1.228208237979004,0.6390507688424465,0.0,-0.02564102564102541,0.0,2.3201844692230225,1,98.47064208984375
871.1700000000001,1.228208237979004,0.6390507688424465,0.0,-0.02564102564102541,0.0,2.3201844692230225,1,98.47064208984375
871.1700000000001,1.228208237979004,0.6390507688424465,0.0,-0.02564102564102541,0.0,2.3201844692230225,1,98.47064208984375
871.1700000000001,1.2281162396452419,0.6388726195044631,0.0,-0.02564102564102541,0.0,2.3201844692230225,1,98.47064208984375
871.1700000000001,1.2281162396452419,0.6388726195044631,0.0,-0.02564102564102541,0.0,2.3201844692230225,1,98.47064208984375
871.1700000000001,1.2281162396452419,0.6388726195044631,0.0,-0.02564102564102541,0.0,2.3201844692230225,1,98.47064208984375
871.1700000000001,1.2281162396452419,0.6388726195044631,0.0,-0.02564102564102541,0.0,2.3201844692230225,1,98.47064208984375
871.1700000000001,1.2281172019691726,0.6388737924740003,0.0,-0.02564102564102541,0.0,2.3201844692230225,1,98.47064208984375
871.1700000000001,1.2281172019691726,0.6388737924740003,0.0,-0.02564102564102541,0.0,2.3201844692230225,1,98.47064208984375
871.1700000000001,1.2281172019691726,0.6388737924740003,0.0,-0.02564102564102541,0.0,2.3201844692230225,1,98.47064208984375
871.2700000000001,1.2281184070087805,0.6388750284707975,0.0,-0.02564102564102541,0.0,2.3201844692230225,1,98.47064208984375
871.2700000000001,1.2281184070087805,0.6388750284707975,0.0,-0.02564102564102541,0.0,2.3201844692230225,1,98.47064208984375
871.2700000000001,1.2281184070087805,0.6388750284707975,0.0,-0.02564102564102541,0.0,2.3201844692230225,1,98.47064208984375
871.2700000000001,1.2281184070087805,0.6388750284707975,0.0,-0.02564102564102541,0.0,2.3201844692230225,1,98.47064208984375
871.2700000000001,1.2281194276668337,0.6388765247860653,0.0,-0.02564102564102541,0.0,2.3201844692230225,1,98.47064208984375
871.2700000000001,1.2281194276668337,0.6388765247860653,0.0,-0.02564102564102541,0.0,2.3201844692230225,1,98.47064208984375
871.2700000000001,1.2281194276668337,0.6388765247860653,0.0,-0.02564102564102541,0.0,2.3201844692230225,1,98.47064208984375
871.2700000000001,1.2281194276668337,0.6388765247860653,0.0,-0.02564102564102541,0.0,2.3201844692230225,1,98.47064208984375
871.2700000000001,1.2281194276668337,0.6388765247860653,0.0,-0.02564102564102541,0.0,2.3201844692230225,1,98.47064208984375
871.2700000000001,1.22812028975759,0.6388780083968558,0.0,-0.02564102564102541,0.0,2.3201844692230225,1,98.47064208984375
871.2700000000001,1.22812028975759,0.6388780083968558,0.0,-0.02564102564102541,0.0,2.3201844692230225,1,98.47064208984375
871.37,1.228121382839423,0.6388791830065172,0.0,-0.02564102564102541,0.0,2.3201844692230225,1,98.47064208984375
871.37,1.228121382839423,0.6388791830065172,0.0,-0.02564102564102541,0.0,2.3201844692230225,1,98.47064208984375
871.37,1.228121382839423,0.6388791830065172,0.0,-0.02564102564102541,0.0,2.3201844692230225,1,98.47064208984375
871.37,1.228121382839423,0.6388791830065172,0.0,-0.02564102564102541,0.0,2.3201844692230225,1,98.47064208984375
871.37,1.228121382839423,0.6388791830065172,0.0,-0.02564102564102541,0.0,2.3201844692230225,1,98.47064208984375
871.37,1.2281220319108135,0.6388805476825316,0.0,-0.02564102564102541,0.0,2.3201844692230225,1,98.47064208984375
871.37,1.2281220319108135,0.6388805476825316,0.0,-0.02564102564102541,0.0,2.3201844692230225,1,98.47064208984375
871.37,1.2281220319108135,0.6388805476825316,0.0,-0.02564102564102541,0.0,2.3201844692230225,1,98.47064208984375
871.37,1.2281229999672,0.6388815601564711,0.0,-0.02564102564102541,0.0,2.3201844692230225,1,98.47064208984375
871.37,1.2281229999672,0.6388815601564711,0.0,-0.02564102564102541,0.0,2.3201844692230225,1,98.47064208984375
871.37,1.2281229999672,0.6388815601564711,0.0,-0.02564102564102541,0.0,2.3201844692230225,1,98.47064208984375
871.37,1.2281229999672,0.6388815601564711,0.0,-0.02564102564102541,0.0,2.3201844692230225,1,98.47064208984375
871.47,1.228123818837004,0.638882717205339,0.0,-0.02564102564102541,0.0,2.3201844692230225,1,98.47064208984375
871.47,1.228123818837004,0.638882717205339,0.0,-0.02564102564102541,0.0,2.3201844692230225,1,98.47064208984375
871.47,1.228123818837004,0.638882717205339,0.0,-0.02564102564102541,0.0,2.3201844692230225,1,98.47064208984375
871.47,1.228123818837004,0.638882717205339,0.0,-0.02564102564102541,0.0,2.3201844692230225,1,98.47064208984375
871.47,1.228123818837004,0.638882717205339,0.0,-0.02564102564102541,0.0,2.3201844692230225,1,98.47064208984375
871.47,1.228123818837004,0.638882717205339,0.0,-0.02564102564102541,0.0,2.3201844692230225,1,98.47064208984375
871.47,1.2281245582569937,0.6388840159386538,0.0,-0.02564102564102541,0.0,2.3201844692230225,1,98.47064208984375
871.47,1.2281245582569937,0.6388840159386538,0.0,-0.02564102564102541,0.0,2.3201844692230225,1,98.47064208984375
871.47,1.2281245582569937,0.6388840159386538,0.0,-0.02564102564102541,0.0,2.3201844692230225,1,98.47064208984375
871.47,1.2281245582569937,0.6388840159386538,0.0,-0.02564102564102541,0.0,2.3201844692230225,1,98.47064208984375
871.47,1.2281254686701644,0.6388852118669388,0.0,-0.02564102564102541,0.0,2.3201844692230225,1,98.47064208984375
871.47,1.2281254686701644,0.6388852118669388,0.0,-0.02564102564102541,0.0,2.3201844692230225,1,98.47064208984375
871.47,1.2281254686701644,0.6388852118669388,0.0,-0.02564102564102541,0.0,2.3201844692230225,1,98.47064208984375
871.47,1.2281254686701644,0.6388852118669388,0.0,-0.02564102564102541,0.0,2.3201844692230225,1,98.47064208984375
871.57,1.2281254686701644,0.6388852118669388,0.0,-0.02564102564102541,0.0,2.3201844692230225,1,98.46360778808594
871.57,1.2281263238832079,0.6388864376965486,0.0,-0.02564102564102541,0.0,2.3201844692230225,1,98.46360778808594
871.57,1.2281263238832079,0.6388864376965486,0.0,-0.02564102564102541,0.0,2.3201844692230225,1,98.46360778808594
871.57,1.2281263238832079,0.6388864376965486,0.0,-0.02564102564102541,0.0,2.3201844692230225,1,98.46360778808594
871.57,1.2281269885048967,0.638887804976491,0.0,-0.02564102564102541,0.0,2.3201844692230225,1,98.46360778808594
871.57,1.2281269885048967,0.638887804976491,0.0,-0.02564102564102541,0.0,2.3201844692230225,1,98.46360778808594
871.57,1.2281269885048967,0.638887804976491,0.0,-0.02564102564102541,0.0,2.3201844692230225,1,98.46360778808594
871.57,1.2281277918204587,0.6388890741397152,0.0,-0.02564102564102541,0.0,2.3201844692230225,1,98.46360778808594
871.57,1.2281277918204587,0.6388890741397152,0.0,-0.02564102564102541,0.0,2.3201844692230225,1,98.46360778808594
871.57,1.2281277918204587,0.6388890741397152,0.0,-0.02564102564102541,0.0,2.3201844692230225,1,98.46360778808594
871.57,1.2281277918204587,0.6388890741397152,0.0,-0.02564102564102541,0.0,2.3201844692230225,1,98.46360778808594
871.6700000000001,1.2281286359066519,0.6388902986983932,0.0,-0.02564102564102541,0.0,2.3201844692230225,1,98.46360778808594
871.6700000000001,1.2281286359066519,0.6388902986983932,0.0,-0.02564102564102541,0.0,2.3201844692230225,1,98.46360778808594
871.6700000000001,1.2281286359066519,0.6388902986983932,0.0,-0.02564102564102541,0.0,2.3201844692230225,1,98.46360778808594
871.6700000000001,1.2281286359066519,0.6388902986983932,0.0,-0.02564102564102541,0.0,2.3201844692230225,1,98.46360778808594
871.6700000000001,1.2281286359066519,0.6388902986983932,0.0,-0.02564102564102541,0.0,2.3201844692230225,1,98.46360778808594
871.6700000000001,1.2281294419672315,0.6388915876802106,0.0,-0.02564102564102541,0.0,2.3201844692230225,1,98.46360778808594
871.6700000000001,1.2281294419672315,0.6388915876802106,0.0,-0.02564102564102541,0.0,2.3201844692230225,1,98.46360778808594
871.6700000000001,1.2281294419672315,0.6388915876802106,0.0,-0.02564102564102541,0.0,2.3201844692230225,1,98.46360778808594
871.6700000000001,1.2281294419672315,0.6388915876802106,0.0,-0.02564102564102541,0.0,2.3201844692230225,1,98.46360778808594
871.6700000000001,1.228130039262943,0.6388931215829033,0.0,-0.02564102564102541,0.0,2.3201844692230225,1,98.46360778808594
871.6700000000001,1.228130039262943,0.6388931215829033,0.0,-0.02564102564102541,0.0,2.3201844692230225,1,98.46360778808594
871.6700000000001,1.228130039262943,0.6388931215829033,0.0,-0.02564102564102541,0.0,2.3201844692230225,1,98.46360778808594
871.7700000000001,1.228130039262943,0.6388931215829033,0.0,-0.02564102564102541,0.0,2.3201844692230225,1,98.46360778808594
871.7700000000001,1.2281308790367247,0.6388944891366997,0.0,-0.02564102564102541,0.0,2.3201844692230225,1,98.46360778808594
871.7700000000001,1.2281308790367247,0.6388944891366997,0.0,-0.02564102564102541,0.0,2.3201844692230225,1,98.46360778808594
871.7700000000001,1.228131663235317,0.6388958368595737,0.0,-0.02564102564102541,0.0,2.3201844692230225,1,98.46360778808594
871.7700000000001,1.228131663235317,0.6388958368595737,0.0,-0.02564102564102541,0.0,2.3201844692230225,1,98.46360778808594
871.7700000000001,1.228131663235317,0.6388958368595737,0.0,-0.02564102564102541,0.0,2.3201844692230225,1,98.46360778808594
871.7700000000001,1.228131663235317,0.6388958368595737,0.0,-0.02564102564102541,0.0,2.3201844692230225,1,98.46360778808594
871.7700000000001,1.228131663235317,0.6388958368595737,0.0,-0.02564102564102541,0.0,2.3201844692230225,1,98.46360778808594
871.7700000000001,1.228131663235317,0.6388958368595737,0.0,-0.02564102564102541,0.0,2.3201844692230225,1,98.46360778808594
871.7700000000001,1.2281323000316398,0.6388973214029628,0.0,-0.02564102564102541,0.0,2.3201844692230225,1,98.46360778808594
871.7700000000001,1.2281323000316398,0.6388973214029628,0.0,-0.02564102564102541,0.0,2.3201844692230225,1,98.46360778808594
871.7700000000001,1.2281323000316398,0.6388973214029628,0.0,-0.02564102564102541,0.0,2.3201844692230225,1,98.46360778808594
871.7700000000001,1.2281323000316398,0.6388973214029628,0.0,-0.02564102564102541,0.0,2.3201844692230225,1,98.46360778808594
871.87,1.2281323000316398,0.6388973214029628,0.0,-0.02564102564102541,0.0,2.3201844692230225,1,98.46360778808594
871.87,1.2281323000316398,0.6388973214029628,0.0,-0.02564102564102541,0.0,2.3201844692230225,1,98.46360778808594
871.87,1.2281323000316398,0.6388973214029628,0.0,-0.02564102564102541,0.0,2.3201844692230225,1,98.46360778808594
871.87,1.2281330632048026,0.6388985972893823,0.0,-0.02564102564102541,0.0,2.3201844692230225,1,98.46360778808594
871.87,1.2281330632048026,0.6388985972893823,0.0,-0.02564102564102541,0.0,2.3201844692230225,1,98.46360778808594
871.87,1.2281336628717954,0.6389000050396608,0.0,-0.02564102564102541,0.0,2.3201844692230225,1,98.46360778808594
871.87,1.2281336628717954,0.6389000050396608,0.0,-0.02564102564102541,0.0,2.3201844692230225,1,98.46360778808594
871.87,1.2281336628717954,0.6389000050396608,0.0,-0.02564102564102541,0.0,2.3201844692230225,1,98.46360778808594
871.87,1.2281336628717954,0.6389000050396608,0.0,-0.02564102564102541,0.0,2.3201844692230225,1,98.46360778808594
871.87,1.2281336628717954,0.6389000050396608,0.0,-0.02564102564102541,0.0,2.3201844692230225,1,98.46360778808594
871.87,1.2281336628717954,0.6389000050396608,0.0,-0.02564102564102541,0.0,2.3201844692230225,1,98.46360778808594
871.87,1.2281343528230235,0.6389013464593225,0.0,-0.02564102564102541,0.0,2.3201844692230225,1,98.46360778808594
871.87,1.2281343528230235,0.6389013464593225,0.0,-0.02564102564102541,0.0,2.3201844692230225,1,98.46360778808594
871.87,1.2281343528230235,0.6389013464593225,0.0,-0.02564102564102541,0.0,2.3201844692230225,1,98.46360778808594
871.87,1.2281343528230235,0.6389013464593225,0.0,-0.02564102564102541,0.0,2.3201844692230225,1,98.46360778808594
871.97,1.2281343528230235,0.6389013464593225,0.0,-0.02564102564102541,0.0,2.3201844692230225,1,98.46360778808594
871.97,1.2281343528230235,0.6389013464593225,0.0,-0.02564102564102541,0.0,2.3201844692230225,1,98.46360778808594
871.97,1.2281343528230235,0.6389013464593225,0.0,-0.02564102564102541,0.0,2.3201844692230225,1,98.46360778808594
871.97,1.2281343528230235,0.6389013464593225,0.0,-0.02564102564102541,0.0,2.3201844692230225,1,98.46360778808594
871.97,1.2281350089815548,0.6389026220952707,0.0,-0.02564102564102541,0.0,2.3201844692230225,1,98.46360778808594
871.97,1.2281350089815548,0.6389026220952707,0.0,-0.02564102564102541,0.0,2.3201844692230225,1,98.46360778808594
871.97,1.2281350089815548,0.6389026220952707,0.0,-0.02564102564102541,0.0,2.3201844692230225,1,98.46360778808594
871.97,1.2281350089815548,0.6389026220952707,0.0,-0.02564102564102541,0.0,2.3201844692230225,1,98.46360778808594
871.97,1.2281355765278774,0.6389040396611467,0.0,-0.02564102564102541,0.0,2.3201844692230225,1,98.46360778808594
871.97,1.2281355765278774,0.6389040396611467,0.0,-0.02564102564102541,0.0,2.3201844692230225,1,98.46360778808594
