time,x,y,vx,vz,eta,distance_remaining,recoveries,battery
809.2700000000001,-0.014159336843144155,-0.039245289842022406,0.0,0.0,0.0,0.0,0,99.99998474121094
809.2700000000001,-0.014159336843144155,-0.039245289842022406,0.0,0.0,0.0,0.0,0,99.99998474121094
809.2700000000001,-0.014159394985552251,-0.039245287998314435,0.0,0.0,0.0,5.2769341468811035,0,99.99998474121094
809.2700000000001,-0.014159394985552251,-0.039245287998314435,0.0,0.0,0.0,5.2769341468811035,0,99.99998474121094
809.2700000000001,-0.014159394985552251,-0.039245287998314435,0.0,0.0,0.0,5.2769341468811035,0,99.99998474121094
809.2700000000001,-0.014159417198854359,-0.03924528543010848,0.0,0.0,0.0,5.2769341468811035,0,99.99998474121094
809.2700000000001,-0.014159417198854359,-0.03924528543010848,0.0,0.0,0.0,5.2769341468811035,0,99.99998474121094
809.37,-0.014159417198854359,-0.03924528543010848,0.125,-0.16,0.0,5.2769341468811035,0,99.99998474121094
809.37,-0.014159417198854359,-0.03924528543010848,0.125,-0.16,0.0,5.2769341468811035,0,99.99998474121094
809.37,-0.014159417198854359,-0.03924528543010848,0.125,-0.16,0.0,5.2769341468811035,0,99.99998474121094
809.37,-0.014159383718452254,-0.03924528875632166,0.125,-0.16,0.0,5.2769341468811035,0,99.99998474121094
809.37,-0.014159383718452254,-0.03924528875632166,0.125,-0.16,0.0,5.2769341468811035,0,99.99998474121094
809.37,-0.014159383718452254,-0.03924528875632166,0.125,-0.16,0.0,5.2769341468811035,0,99.99998474121094
809.37,-0.014159383718452254,-0.03924528875632166,0.19684210526315787,-0.32,0.0,5.2769341468811035,0,99.99998474121094
809.37,-0.014159383718452254,-0.03924528875632166,0.19684210526315787,-0.32,0.0,5.2769341468811035,0,99.99998474121094
809.37,-0.015308723442078625,-0.03923394009495525,0.19684210526315787,-0.32,0.0,5.2769341468811035,0,99.99998474121094
809.37,-0.015308723442078625,-0.03923394009495525,0.19684210526315787,-0.32,0.0,5.2769341468811035,0,99.99998474121094
809.37,-0.015308723442078625,-0.03923394009495525,0.19684210526315787,-0.48,0.0,5.2769341468811035,0,99.99998474121094
809.47,-0.017611109704848214,-0.03921119797964863,0.19684210526315787,-0.48,0.0,5.2769341468811035,0,99.99998474121094
809.47,-0.017611109704848214,-0.03921119797964863,0.19684210526315787,-0.48,470.380281487,5.2769341468811035,0,99.99998474121094
809.47,-0.017611109704848214,-0.03921119797964863,0.19684210526315787,-0.48,470.380281487,5.2769341468811035,0,99.99998474121094
809.47,-0.017611109704848214,-0.03921119797964863,0.19684210526315787,-0.48,470.380281487,5.2769341468811035,0,99.99998474121094
809.47,-0.02107333538775079,-0.03917699285355812,0.19684210526315787,-0.64,470.380281487,5.2769341468811035,0,99.99998474121094
809.47,-0.02107333538775079,-0.03917699285355812,0.19684210526315787,-0.64,235.468516259,5.2769341468811035,0,99.99998474121094
809.47,-0.02107333538775079,-0.03917699285355812,0.19684210526315787,-0.64,235.468516259,5.2769341468811035,0,99.99998474121094
809.47,-0.02107333538775079,-0.03917699285355812,0.19684210526315787,-0.64,235.468516259,5.2769341468811035,0,99.99998474121094
809.47,-0.02107333538775079,-0.03917699285355812,0.19684210526315787,-0.64,235.468516259,5.2769341468811035,0,99.99998474121094
809.47,-0.02568999873344337,-0.03913136940814107,0.19684210526315787,-0.8,141.16115334,5.2769341468811035,0,99.99998474121094
809.47,-0.02568999873344337,-0.03913136940814107,0.19684210526315787,-0.8,141.16115334,5.2769341468811035,0,99.99998474121094
809.47,-0.02568999873344337,-0.03913136940814107,0.19684210526315787,-0.8,141.16115334,5.2769341468811035,0,99.99998474121094
809.57,-0.03105430900891932,-0.03907594311018167,0.19684210526315787,-0.8,96.317617745,5.2769341468811035,0,99.99998474121094
809.57,-0.03105430900891932,-0.03907594311018167,0.19684210526315787,-0.8,96.317617745,5.2769341468811035,0,99.98308563232422
809.57,-0.03105430900891932,-0.03907594311018167,0.19684210526315787,-0.9600000000000001,96.317617745,5.2769341468811035,0,99.98308563232422
809.57,-0.03677436865537032,-0.03899628357136563,0.19684210526315787,-0.9600000000000001,71.944387902,5.2769341468811035,0,99.98308563232422
809.57,-0.03677436865537032,-0.03899628357136563,0.19684210526315787,-0.9600000000000001,71.944387902,5.2769341468811035,0,99.98308563232422
809.57,-0.03677436865537032,-0.03899628357136563,0.19684210526315787,-0.9600000000000001,71.944387902,5.2769341468811035,0,99.98308563232422
809.57,-0.03677436865537032,-0.03899628357136563,0.19684210526315787,-0.9600000000000001,71.944387902,5.2769341468811035,0,99.98308563232422
809.57,-0.042837971815891336,-0.038836115740683616,0.19684210526315787,-0.9600000000000001,71.944387902,5.2769341468811035,0,99.98308563232422
809.57,-0.042837971815891336,-0.038836115740683616,0.19684210526315787,-1.0,56.715177813,5.2769341468811035,0,99.98308563232422
809.57,-0.042837971815891336,-0.038836115740683616,0.19684210526315787,-1.0,56.715177813,5.2769341468811035,0,99.98308563232422
809.57,-0.042837971815891336,-0.038836115740683616,0.19684210526315787,-1.0,56.715177813,5.2769341468811035,0,99.98308563232422
809.6700000000001,-0.049416034602609,-0.03849095383658799,0.19684210526315787,-1.0,56.715177813,5.2769341468811035,0,99.98308563232422
809.6700000000001,-0.049416034602609,-0.03849095383658799,0.19684210526315787,-1.0,46.107473041,5.2769341468811035,0,99.98308563232422
809.6700000000001,-0.049416034602609,-0.03849095383658799,0.19684210526315787,-1.0,46.107473041,5.2769341468811035,0,99.98308563232422
809.6700000000001,-0.049416034602609,-0.03849095383658799,0.19684210526315787,-1.0,46.107473041,5.2769341468811035,0,99.98308563232422
809.6700000000001,-0.049416034602609,-0.03849095383658799,0.19684210526315787,-1.0,46.107473041,5.2769341468811035,0,99.98308563232422
809.6700000000001,-0.05613900398818973,-0.03786436062417737,0.19684210526315787,-1.0,46.107473041,5.2769341468811035,0,99.98308563232422
809.6700000000001,-0.05613900398818973,-0.03786436062417737,0.20842105263157892,-1.0,46.107473041,5.2769341468811035,0,99.98308563232422
809.6700000000001,-0.05613900398818973,-0.03786436062417737,0.20842105263157892,-1.0,38.680903227,5.2769341468811035,0,99.98308563232422
809.6700000000001,-0.05613900398818973,-0.03786436062417737,0.20842105263157892,-1.0,38.680903227,5.2769341468811035,0,99.98308563232422
809.6700000000001,-0.05613900398818973,-0.03786436062417737,0.20842105263157892,-1.0,38.680903227,5.2769341468811035,0,99.98308563232422
809.6700000000001,-0.06282839365077383,-0.036926072260364706,0.20842105263157892,-1.0,34.133625693,5.2769341468811035,0,99.98308563232422
809.6700000000001,-0.06282839365077383,-0.036926072260364706,0.20842105263157892,-1.0,34.133625693,5.2769341468811035,0,99.98308563232422
809.6700000000001,-0.06282839365077383,-0.036926072260364706,0.20842105263157892,-1.0,34.133625693,5.2769341468811035,0,99.98308563232422
809.6700000000001,-0.06282839365077383,-0.036926072260364706,0.20842105263157892,-1.0,34.133625693,5.2769341468811035,0,99.98308563232422
809.7700000000001,-0.06282839365077383,-0.036926072260364706,0.20842105263157892,-1.0,34.133625693,5.2769341468811035,0,99.98308563232422
809.7700000000001,-0.06970171148799999,-0.03567847612841868,0.20842105263157892,-1.0,31.049365707,5.2769341468811035,0,99.98308563232422
809.7700000000001,-0.06970171148799999,-0.03567847612841868,0.19684210526315787,-1.0,31.049365707,5.2769341468811035,0,99.98308563232422
809.7700000000001,-0.06970171148799999,-0.03567847612841868,0.19684210526315787,-1.0,31.049365707,5.2769341468811035,0,99.98308563232422
809.7700000000001,-0.06970171148799999,-0.03567847612841868,0.19684210526315787,-1.0,31.049365707,5.2769341468811035,0,99.98308563232422
809.7700000000001,-0.06970171148799999,-0.03567847612841868,0.19684210526315787,-1.0,31.049365707,5.2769341468811035,0,99.98308563232422
809.7700000000001,-0.07667788120246383,-0.034185200278432,0.19684210526315787,-1.0,29.000779532,5.2769341468811035,0,99.98308563232422
809.7700000000001,-0.07667788120246383,-0.034185200278432,0.19684210526315787,-1.0,29.000779532,5.2769341468811035,0,99.98308563232422
809.7700000000001,-0.08308116375805583,-0.032642016076811275,0.19684210526315787,-1.0,29.000779532,5.2769341468811035,0,99.98308563232422
809.7700000000001,-0.08308116375805583,-0.032642016076811275,0.19684210526315787,-1.0,29.000779532,5.2769341468811035,0,99.98308563232422
809.7700000000001,-0.08308116375805583,-0.032642016076811275,0.19684210526315787,-1.0,28.013315464,5.2769341468811035,0,99.98308563232422
809.7700000000001,-0.08308116375805583,-0.032642016076811275,0.19684210526315787,-1.0,28.013315464,5.2769341468811035,0,99.98308563232422
809.87,-0.08959321474524413,-0.030885901045452906,0.18526315789473682,-1.0,28.013315464,5.2769341468811035,0,99.98308563232422
809.87,-0.08959321474524413,-0.030885901045452906,0.18526315789473682,-1.0,28.013315464,5.2769341468811035,0,99.98308563232422
809.87,-0.08959321474524413,-0.030885901045452906,0.18526315789473682,-1.0,27.100536365,5.226934432983398,0,99.98308563232422
809.87,-0.08959321474524413,-0.030885901045452906,0.18526315789473682,-1.0,27.100536365,5.226934432983398,0,99.98308563232422
809.87,-0.08959321474524413,-0.030885901045452906,0.18526315789473682,-1.0,27.100536365,5.226934432983398,0,99.98308563232422
809.87,-0.08959321474524413,-0.030885901045452906,0.18526315789473682,-1.0,27.100536365,5.226934432983398,0,99.98308563232422
809.87,-0.08959321474524413,-0.030885901045452906,0.18526315789473682,-1.0,27.100536365,5.226934432983398,0,99.98308563232422
809.87,-0.09552878238415077,-0.02907161900835895,0.18526315789473682,-1.0,27.100536365,5.226934432983398,0,99.98308563232422
809.87,-0.09552878238415077,-0.02907161900835895,0.18526315789473682,-1.0,26.877146773,5.226934432983398,0,99.98308563232422
809.87,-0.09552878238415077,-0.02907161900835895,0.18526315789473682,-1.0,26.877146773,5.226934432983398,0,99.98308563232422
809.87,-0.09552878238415077,-0.02907161900835895,0.18526315789473682,-1.0,26.877146773,5.226934432983398,0,99.98308563232422
809.87,-0.09552878238415077,-0.02907161900835895,0.21999999999999997,-1.0,26.877146773,5.226934432983398,0,99.98308563232422
809.87,-0.09552878238415077,-0.02907161900835895,0.21999999999999997,-1.0,26.877146773,5.226934432983398,0,99.98308563232422
809.87,-0.1015373246696285,-0.026982788856422402,0.21999999999999997,-1.0,26.742045629,5.226934432983398,0,99.98308563232422
809.87,-0.1015373246696285,-0.026982788856422402,0.21999999999999997,-1.0,26.742045629,5.226934432983398,0,99.98308563232422
809.87,-0.1015373246696285,-0.026982788856422402,0.21999999999999997,-1.0,26.742045629,5.226934432983398,0,99.98308563232422
809.97,-0.1015373246696285,-0.026982788856422402,0.21999999999999997,-1.0,26.742045629,5.226934432983398,0,99.98308563232422
809.97,-0.1083921287779845,-0.024300187833504457,0.21999999999999997,-1.0,26.400836967,5.226934432983398,0,99.98308563232422
809.97,-0.1083921287779845,-0.024300187833504457,0.21999999999999997,-1.0,26.400836967,5.226934432983398,0,99.98308563232422
809.97,-0.1083921287779845,-0.024300187833504457,0.20842105263157892,-1.0,26.400836967,5.226934432983398,0,99.98308563232422
809.97,-0.1083921287779845,-0.024300187833504457,0.20842105263157892,-1.0,26.400836967,5.226934432983398,0,99.98308563232422
809.97,-0.1083921287779845,-0.024300187833504457,0.20842105263157892,-1.0,26.400836967,5.226934432983398,0,99.98308563232422
809.97,-0.11530821912487968,-0.021306972371127494,0.20842105263157892,-1.0,26.070859964,5.226934432983398,0,99.98308563232422
809.97,-0.11530821912487968,-0.021306972371127494,0.20842105263157892,-1.0,26.070859964,5.226934432983398,0,99.98308563232422
809.97,-0.11530821912487968,-0.021306972371127494,0.20842105263157892,-1.0,26.070859964,5.226934432983398,0,99.98308563232422
809.97,-0.11530821912487968,-0.021306972371127494,0.20842105263157892,-1.0,26.070859964,5.226934432983398,0,99.98308563232422
809.97,-0.12161162481892954,-0.01833909320104483,0.20842105263157892,-1.0,25.99302637,5.226934432983398,0,99.98308563232422
809.97,-0.12161162481892954,-0.01833909320104483,0.20842105263157892,-1.0,25.99302637,5.226934432983398,0,99.98308563232422
810.07,-0.1279801884399011,-0.015104882818596982,0.19684210526315787,-1.0,25.938233724,5.226934432983398,0,99.89019012451172
810.07,-0.1279801884399011,-0.015104882818596982,0.19684210526315787,-1.0,25.938233724,5.226934432983398,0,99.89019012451172
810.07,-0.1279801884399011,-0.015104882818596982,0.19684210526315787,-1.0,25.938233724,5.226934432983398,0,99.89019012451172
810.07,-0.1279801884399011,-0.015104882818596982,0.19684210526315787,-1.0,25.938233724,5.226934432983398,0,99.89019012451172
810.07,-0.1279801884399011,-0.015104882818596982,0.19684210526315787,-1.0,25.938233724,5.226934432983398,0,99.89019012451172
810.07,-0.1279801884399011,-0.015104882818596982,0.19684210526315787,-1.0,25.938233724,5.226934432983398,0,99.89019012451172
810.07,-0.1279801884399011,-0.015104882818596982,0.19684210526315787,-1.0,25.938233724,5.226934432983398,0,99.89019012451172
810.07,-0.13374951861989248,-0.01194034348835634,0.19684210526315787,-1.0,26.179402302,5.226934432983398,0,99.89019012451172
810.07,-0.13374951861989248,-0.01194034348835634,0.19684210526315787,-1.0,26.032896565,5.197683334350586,0,99.89019012451172
810.07,-0.13374951861989248,-0.01194034348835634,0.19684210526315787,-1.0,26.032896565,5.197683334350586,0,99.89019012451172
810.07,-0.1395577159130619,-0.008491367267750297,0.19684210526315787,-1.0,26.032896565,5.197683334350586,0,99.89019012451172
810.07,-0.1395577159130619,-0.008491367267750297,0.19684210526315787,-1.0,25.963969279,5.197683334350586,0,99.89019012451172
810.07,-0.1395577159130619,-0.008491367267750297,0.19684210526315787,-1.0,25.963969279,5.197683334350586,0,99.89019012451172
810.07,-0.1395577159130619,-0.008491367267750297,0.19684210526315787,-1.0,25.963969279,5.197683334350586,0,99.89019012451172
810.07,-0.1395577159130619,-0.008491367267750297,0.19684210526315787,-1.0,25.963969279,5.197683334350586,0,99.89019012451172
810.07,-0.1395577159130619,-0.008491367267750297,0.21999999999999997,-1.0,25.963969279,5.197683334350586,0,99.89019012451172
810.07,-0.1395577159130619,-0.008491367267750297,0.21999999999999997,-1.0,25.963969279,5.197683334350586,0,99.89019012451172
810.07,-0.1395577159130619,-0.008491367267750297,0.21999999999999997,-1.0,25.963969279,5.197683334350586,0,99.89019012451172
810.1700000000001,-0.14523821752582408,-0.004834630845328904,0.21999999999999997,-1.0,25.963969279,5.197683334350586,0,99.89019012451172
810.1700000000001,-0.14523821752582408,-0.004834630845328904,0.21999999999999997,-1.0,25.964648298,5.197683334350586,0,99.89019012451172
810.1700000000001,-0.14523821752582408,-0.004834630845328904,0.21999999999999997,-1.0,25.964648298,5.197683334350586,0,99.89019012451172
810.1700000000001,-0.14523821752582408,-0.004834630845328904,0.21999999999999997,-1.0,25.964648298,5.197683334350586,0,99.89019012451172
810.1700000000001,-0.14523821752582408,-0.004834630845328904,0.21999999999999997,-1.0,25.964648298,5.197683334350586,0,99.89019012451172
810.1700000000001,-0.14523821752582408,-0.004834630845328904,0.21999999999999997,-1.0,25.491455096,5.197683334350586,0,99.89019012451172
810.1700000000001,-0.15128885467266087,-0.0006287542443857777,0.21999999999999997,-1.0,25.491455096,5.197683334350586,0,99.89019012451172
810.1700000000001,-0.15128885467266087,-0.0006287542443857777,0.21999999999999997,-1.0,25.491455096,5.197683334350586,0,99.89019012451172
810.1700000000001,-0.15128885467266087,-0.0006287542443857777,0.21999999999999997,-1.0,25.491455096,5.197683334350586,0,99.89019012451172
810.1700000000001,-0.15128885467266087,-0.0006287542443857777,0.21999999999999997,-1.0,25.491455096,5.197683334350586,0,99.89019012451172
810.1700000000001,-0.15733067092459832,0.003884085927208146,0.21999999999999997,-1.0,25.029225896,5.197683334350586,0,99.89019012451172
810.1700000000001,-0.15733067092459832,0.003884085927208146,0.21999999999999997,-1.0,25.029225896,5.197683334350586,0,99.89019012451172
810.2700000000001,-0.15733067092459832,0.003884085927208146,0.20842105263157892,-0.9487179487179487,25.029225896,5.197683334350586,0,99.89019012451172
810.2700000000001,-0.15733067092459832,0.003884085927208146,0.20842105263157892,-0.9487179487179487,25.029225896,5.197683334350586,0,99.89019012451172
810.2700000000001,-0.16322458923596286,0.008588933013173969,0.20842105263157892,-0.9487179487179487,25.029225896,5.197683334350586,0,99.89019012451172
810.2700000000001,-0.16322458923596286,0.008588933013173969,0.20842105263157892,-0.9487179487179487,24.966426052,5.197683334350586,0,99.89019012451172
810.2700000000001,-0.16322458923596286,0.008588933013173969,0.20842105263157892,-0.9487179487179487,24.966426052,5.197683334350586,0,99.89019012451172
810.2700000000001,-0.16853495094361148,0.013115173509923125,0.20842105263157892,-0.9487179487179487,24.966426052,5.197683334350586,0,99.89019012451172
810.2700000000001,-0.16853495094361148,0.013115173509923125,0.20842105263157892,-0.9487179487179487,25.193285512,5.197683334350586,0,99.89019012451172
810.2700000000001,-0.16853495094361148,0.013115173509923125,0.20842105263157892,-0.9487179487179487,25.193285512,5.197683334350586,0,99.89019012451172
810.2700000000001,-0.16853495094361148,0.013115173509923125,0.20842105263157892,-0.9487179487179487,25.193285512,5.197683334350586,0,99.89019012451172
810.2700000000001,-0.17382129468927193,0.017926346895249204,0.20842105263157892,-0.9487179487179487,25.12616008,5.197683334350586,0,99.89019012451172
810.2700000000001,-0.17382129468927193,0.017926346895249204,0.19684210526315787,-0.8974358974358974,25.12616008,5.197683334350586,0,99.89019012451172
810.37,-0.17382129468927193,0.017926346895249204,0.19684210526315787,-0.8974358974358974,25.12616008,5.197683334350586,0,99.89019012451172
810.37,-0.17382129468927193,0.017926346895249204,0.19684210526315787,-0.8974358974358974,25.12616008,5.197683334350586,0,99.89019012451172
810.37,-0.1789538618704676,0.022910631695394992,0.19684210526315787,-0.8974358974358974,24.845990957,5.147683143615723,0,99.89019012451172
810.37,-0.1789538618704676,0.022910631695394992,0.19684210526315787,-0.8974358974358974,24.845990957,5.147683143615723,0,99.89019012451172
810.37,-0.1789538618704676,0.022910631695394992,0.19684210526315787,-0.8974358974358974,24.845990957,5.147683143615723,0,99.89019012451172
810.37,-0.1789538618704676,0.022910631695394992,0.19684210526315787,-0.8974358974358974,24.845990957,5.147683143615723,0,99.89019012451172
810.37,-0.18352719623859315,0.027643695716682348,0.19684210526315787,-0.8974358974358974,24.875030847,5.147683143615723,0,99.89019012451172
810.37,-0.18352719623859315,0.027643695716682348,0.19684210526315787,-0.8974358974358974,24.875030847,5.147683143615723,0,99.89019012451172
810.37,-0.18352719623859315,0.027643695716682348,0.19684210526315787,-0.8974358974358974,24.875030847,5.147683143615723,0,99.89019012451172
810.37,-0.18352719623859315,0.027643695716682348,0.21999999999999997,-0.846153846153846,24.875030847,5.147683143615723,0,99.89019012451172
810.37,-0.18807062489791118,0.032644751746859255,0.21999999999999997,-0.846153846153846,24.859341199,5.147683143615723,0,99.89019012451172
810.37,-0.18807062489791118,0.032644751746859255,0.21999999999999997,-0.846153846153846,24.859341199,5.147683143615723,0,99.89019012451172
810.47,-0.18807062489791118,0.032644751746859255,0.21999999999999997,-0.846153846153846,24.859341199,5.147683143615723,0,99.89019012451172
810.47,-0.1928571332713303,0.03823641912678771,0.21999999999999997,-0.846153846153846,24.859341199,5.147683143615723,0,99.89019012451172
810.47,-0.1928571332713303,0.03823641912678771,0.21999999999999997,-0.846153846153846,24.597841248,5.147683143615723,0,99.89019012451172
810.47,-0.1928571332713303,0.03823641912678771,0.21999999999999997,-0.846153846153846,24.597841248,5.147683143615723,0,99.89019012451172
810.47,-0.1928571332713303,0.03823641912678771,0.21999999999999997,-0.846153846153846,24.597841248,5.147683143615723,0,99.89019012451172
810.47,-0.1928571332713303,0.03823641912678771,0.21999999999999997,-0.846153846153846,24.597841248,5.147683143615723,0,99.89019012451172
810.47,-0.19759131533921098,0.04409126526261403,0.21999999999999997,-0.846153846153846,24.597841248,5.147683143615723,0,99.89019012451172
810.47,-0.19759131533921098,0.04409126526261403,0.20842105263157892,-0.7948717948717947,24.552667161,5.147683143615723,0,99.89019012451172
810.47,-0.19759131533921098,0.04409126526261403,0.20842105263157892,-0.7948717948717947,24.552667161,5.147683143615723,0,99.89019012451172
810.47,-0.19759131533921098,0.04409126526261403,0.20842105263157892,-0.7948717948717947,24.552667161,5.147683143615723,0,99.89019012451172
810.47,-0.20182066776709495,0.04962264204719678,0.20842105263157892,-0.7948717948717947,24.793420719,5.147683143615723,0,99.89019012451172
810.47,-0.20182066776709495,0.04962264204719678,0.20842105263157892,-0.7948717948717947,24.793420719,5.147683143615723,0,99.89019012451172
810.57,-0.20182066776709495,0.04962264204719678,0.20842105263157892,-0.7948717948717947,24.793420719,5.147683143615723,0,99.89019012451172
810.57,-0.20182066776709495,0.04962264204719678,0.20842105263157892,-0.7948717948717947,24.793420719,5.147683143615723,0,99.7850570678711
810.57,-0.20599611558249303,0.0553977016046274,0.20842105263157892,-0.7948717948717947,24.793420719,5.147683143615723,0,99.7850570678711
810.57,-0.20599611558249303,0.0553977016046274,0.20842105263157892,-0.7948717948717947,24.920602471,5.147683143615723,0,99.7850570678711
810.57,-0.20599611558249303,0.0553977016046274,0.20842105263157892,-0.7948717948717947,24.920602471,5.147683143615723,0,99.7850570678711
810.57,-0.20599611558249303,0.0553977016046274,0.19684210526315787,-0.7948717948717947,24.920602471,5.147683143615723,0,99.7850570678711
810.57,-0.21001969479835894,0.06128303572227714,0.19684210526315787,-0.7948717948717947,24.869785332,5.147683143615723,0,99.7850570678711
810.57,-0.21001969479835894,0.06128303572227714,0.19684210526315787,-0.7948717948717947,24.869785332,5.147683143615723,0,99.7850570678711
810.57,-0.21001969479835894,0.06128303572227714,0.19684210526315787,-0.7948717948717947,24.869785332,5.147683143615723,0,99.7850570678711
810.57,-0.21001969479835894,0.06128303572227714,0.19684210526315787,-0.7948717948717947,24.869785332,5.147683143615723,0,99.7850570678711
810.57,-0.21001969479835894,0.06128303572227714,0.19684210526315787,-0.7948717948717947,24.869785332,5.147683143615723,0,99.7850570678711
810.57,-0.21358067765279715,0.06679882661980613,0.19684210526315787,-0.7948717948717947,24.83305868,5.097683429718018,0,99.7850570678711
810.6700000000001,-0.21358067765279715,0.06679882661980613,0.19684210526315787,-0.7948717948717947,24.83305868,5.097683429718018,0,99.7850570678711
810.6700000000001,-0.21358067765279715,0.06679882661980613,0.19684210526315787,-0.7948717948717947,24.83305868,5.097683429718018,0,99.7850570678711
810.6700000000001,-0.21358067765279715,0.06679882661980613,0.19684210526315787,-0.7948717948717947,24.83305868,5.097683429718018,0,99.7850570678711
810.6700000000001,-0.2193243160660846,0.07109550397036653,0.21999999999999997,-0.6410256410256407,24.83305868,5.097683429718018,0,99.7850570678711
810.6700000000001,-0.2193243160660846,0.07109550397036653,0.21999999999999997,-0.6410256410256407,25.031304514,5.097683429718018,0,99.7850570678711
810.6700000000001,-0.2193243160660846,0.07109550397036653,0.21999999999999997,-0.6410256410256407,25.031304514,5.097683429718018,0,99.7850570678711
810.6700000000001,-0.2193243160660846,0.07109550397036653,0.21999999999999997,-0.6410256410256407,25.031304514,5.097683429718018,0,99.7850570678711
810.6700000000001,-0.22841599097112256,0.07391414950124507,0.21999999999999997,-0.6410256410256407,24.703597144,5.097683429718018,0,99.7850570678711
810.6700000000001,-0.22841599097112256,0.07391414950124507,0.21999999999999997,-0.6410256410256407,24.703597144,5.097683429718018,0,99.7850570678711
810.6700000000001,-0.22841599097112256,0.07391414950124507,0.21999999999999997,-0.6410256410256407,24.703597144,5.097683429718018,0,99.7850570678711
810.6700000000001,-0.22841599097112256,0.07391414950124507,0.21999999999999997,-0.6410256410256407,24.703597144,5.097683429718018,0,99.7850570678711
810.6700000000001,-0.23744477191669908,0.07698108604813358,0.21999999999999997,-0.6410256410256407,24.423215822,5.097683429718018,0,99.7850570678711
810.7700000000001,-0.23744477191669908,0.07698108604813358,0.21999999999999997,-0.6410256410256407,24.423215822,5.097683429718018,0,99.7850570678711
810.7700000000001,-0.23744477191669908,0.07698108604813358,0.20842105263157892,-0.5384615384615381,24.423215822,5.097683429718018,0,99.7850570678711
810.7700000000001,-0.24633929635421697,0.08011614549547542,0.20842105263157892,-0.5384615384615381,24.384640198,5.097683429718018,0,99.7850570678711
810.7700000000001,-0.24633929635421697,0.08011614549547542,0.20842105263157892,-0.5384615384615381,24.384640198,5.097683429718018,0,99.7850570678711
810.7700000000001,-0.24633929635421697,0.08011614549547542,0.20842105263157892,-0.5384615384615381,24.384640198,5.097683429718018,0,99.7850570678711
810.7700000000001,-0.25485759823498233,0.08278832663710767,0.20842105263157892,-0.5384615384615381,24.588403962,5.097683429718018,0,99.7850570678711
810.7700000000001,-0.25485759823498233,0.08278832663710767,0.20842105263157892,-0.5384615384615381,24.588403962,5.097683429718018,0,99.7850570678711
810.7700000000001,-0.25485759823498233,0.08278832663710767,0.20842105263157892,-0.5384615384615381,24.588403962,5.097683429718018,0,99.7850570678711
810.7700000000001,-0.25485759823498233,0.08278832663710767,0.20842105263157892,-0.5384615384615381,24.588403962,5.097683429718018,0,99.7850570678711
810.7700000000001,-0.25485759823498233,0.08278832663710767,0.20842105263157892,-0.5384615384615381,24.588403962,5.097683429718018,0,99.7850570678711
810.87,-0.2633471752000675,0.08568108443538443,0.21999999999999997,-0.48717948717948684,24.500366768,5.097683429718018,0,99.7850570678711
810.87,-0.2633471752000675,0.08568108443538443,0.21999999999999997,-0.48717948717948684,24.500366768,5.097683429718018,0,99.7850570678711
810.87,-0.2633471752000675,0.08568108443538443,0.21999999999999997,-0.48717948717948684,24.500366768,5.097683429718018,0,99.7850570678711
810.87,-0.26695137776226974,0.08952240958476271,0.21999999999999997,-0.48717948717948684,24.500366768,5.097683429718018,0,99.7850570678711
810.87,-0.26695137776226974,0.08952240958476271,0.21999999999999997,-0.48717948717948684,24.528772645,5.097683429718018,0,99.7850570678711
810.87,-0.26695137776226974,0.08952240958476271,0.21999999999999997,-0.48717948717948684,24.528772645,5.097683429718018,0,99.7850570678711
810.87,-0.26695137776226974,0.08952240958476271,0.21999999999999997,-0.48717948717948684,24.528772645,5.097683429718018,0,99.7850570678711
810.87,-0.2662621368391678,0.09434770029679934,0.21999999999999997,-0.48717948717948684,24.452457992,5.097683429718018,0,99.7850570678711
810.87,-0.2662621368391678,0.09434770029679934,0.21999999999999997,-0.48717948717948684,24.452457992,5.097683429718018,0,99.7850570678711
810.87,-0.2662621368391678,0.09434770029679934,0.21999999999999997,-0.48717948717948684,24.452457992,5.097683429718018,0,99.7850570678711
810.87,-0.2662621368391678,0.09434770029679934,0.21999999999999997,-0.48717948717948684,24.452457992,5.097683429718018,0,99.7850570678711
810.87,-0.2662621368391678,0.09434770029679934,0.21999999999999997,-0.48717948717948684,24.452457992,5.097683429718018,0,99.7850570678711
810.97,-0.26551150949952246,0.09935843371569986,0.21999999999999997,-0.48717948717948684,23.928477914,5.056238651275635,0,99.7850570678711
810.97,-0.26551150949952246,0.09935843371569986,0.21999999999999997,-0.48717948717948684,23.928477914,5.056238651275635,0,99.7850570678711
810.97,-0.26551150949952246,0.09935843371569986,0.21999999999999997,-0.48717948717948684,23.928477914,5.056238651275635,0,99.7850570678711
810.97,-0.264648864805718,0.10441879627870551,0.21999999999999997,-0.48717948717948684,23.661503073,5.056238651275635,0,99.7850570678711
810.97,-0.264648864805718,0.10441879627870551,0.21999999999999997,-0.48717948717948684,23.661503073,5.056238651275635,0,99.7850570678711
810.97,-0.264648864805718,0.10441879627870551,0.21999999999999997,-0.48717948717948684,23.661503073,5.056238651275635,0,99.7850570678711
810.97,-0.264648864805718,0.10441879627870551,0.21999999999999997,-0.48717948717948684,23.661503073,5.056238651275635,0,99.7850570678711
810.97,-0.264648864805718,0.10441879627870551,0.21999999999999997,-0.48717948717948684,23.661503073,5.056238651275635,0,99.7850570678711
810.97,-0.264648864805718,0.10441879627870551,0.21999999999999997,-0.48717948717948684,23.661503073,5.056238651275635,0,99.7850570678711
810.97,-0.26367306624792697,0.1095240729328379,0.21999999999999997,-0.48717948717948684,23.615255482,5.056238651275635,0,99.7850570678711
810.97,-0.26367306624792697,0.1095240729328379,0.21999999999999997,-0.48717948717948684,23.615255482,5.056238651275635,0,99.7850570678711
810.97,-0.26367306624792697,0.1095240729328379,0.21999999999999997,-0.48717948717948684,23.615255482,5.056238651275635,0,99.7850570678711
810.97,-0.26367306624792697,0.1095240729328379,0.21999999999999997,-0.48717948717948684,23.615255482,5.056238651275635,0,99.7850570678711
810.97,-0.26258195750537805,0.11467005708844628,0.21999999999999997,-0.48717948717948684,23.615255482,5.056238651275635,0,99.7850570678711
811.07,-0.26258195750537805,0.11467005708844628,0.20842105263157892,-0.32717948717948686,23.637866681,5.056238651275635,0,99.7850570678711
811.07,-0.26258195750537805,0.11467005708844628,0.20842105263157892,-0.32717948717948686,23.637866681,5.056238651275635,0,99.696044921875
811.07,-0.26258195750537805,0.11467005708844628,0.20842105263157892,-0.32717948717948686,23.637866681,5.056238651275635,0,99.696044921875
811.07,-0.26258195750537805,0.11467005708844628,0.20842105263157892,-0.32717948717948686,23.637866681,5.056238651275635,0,99.696044921875
811.07,-0.2636647984616835,0.12105884218981308,0.19684210526315787,-0.16717948717948686,23.637866681,5.056238651275635,0,99.696044921875
811.07,-0.2636647984616835,0.12105884218981308,0.19684210526315787,-0.16717948717948686,23.658205834,5.056238651275635,0,99.696044921875
811.07,-0.2636647984616835,0.12105884218981308,0.19684210526315787,-0.16717948717948686,23.658205834,5.056238651275635,0,99.696044921875
811.07,-0.2636647984616835,0.12105884218981308,0.19684210526315787,-0.16717948717948686,23.658205834,5.056238651275635,0,99.696044921875
811.07,-0.2656923272251759,0.12754848230831364,0.19684210526315787,-0.16717948717948686,23.610022721,5.056238651275635,0,99.696044921875
811.07,-0.2656923272251759,0.12754848230831364,0.19684210526315787,-0.16717948717948686,23.610022721,5.056238651275635,0,99.696044921875
811.07,-0.2656923272251759,0.12754848230831364,0.19684210526315787,-0.02564102564102541,23.610022721,5.056238651275635,0,99.696044921875
811.07,-0.2675603658097604,0.13386511681237148,0.19684210526315787,-0.02564102564102541,23.375041649,5.0062384605407715,0,99.696044921875
811.1700000000001,-0.2675603658097604,0.13386511681237148,0.19684210526315787,-0.02564102564102541,23.375041649,5.0062384605407715,0,99.696044921875
811.1700000000001,-0.2675603658097604,0.13386511681237148,0.19684210526315787,-0.02564102564102541,23.375041649,5.0062384605407715,0,99.696044921875
811.1700000000001,-0.2675603658097604,0.13386511681237148,0.19684210526315787,-0.02564102564102541,23.375041649,5.0062384605407715,0,99.696044921875
811.1700000000001,-0.2693991918868625,0.14027011619821056,0.21999999999999997,-0.02564102564102541,23.375041649,5.0062384605407715,0,99.696044921875
811.1700000000001,-0.2693991918868625,0.14027011619821056,0.21999999999999997,-0.02564102564102541,23.375041649,5.0062384605407715,0,99.696044921875
811.1700000000001,-0.2693991918868625,0.14027011619821056,0.21999999999999997,-0.02564102564102541,23.439035665,5.0062384605407715,0,99.696044921875
811.1700000000001,-0.2693991918868625,0.14027011619821056,0.21999999999999997,-0.02564102564102541,23.439035665,5.0062384605407715,0,99.696044921875
811.1700000000001,-0.2693991918868625,0.14027011619821056,0.21999999999999997,-0.02564102564102541,23.439035665,5.0062384605407715,0,99.696044921875
811.1700000000001,-0.27147745714041743,0.1474889526726158,0.21999999999999997,-0.02564102564102541,23.358382642,5.0062384605407715,0,99.696044921875
811.1700000000001,-0.27147745714041743,0.1474889526726158,0.21999999999999997,-0.02564102564102541,23.358382642,5.0062384605407715,0,99.696044921875
811.1700000000001,-0.27147745714041743,0.1474889526726158,0.21999999999999997,-0.02564102564102541,23.358382642,5.0062384605407715,0,99.696044921875
811.1700000000001,-0.27147745714041743,0.1474889526726158,0.21999999999999997,-0.02564102564102541,23.358382642,5.0062384605407715,0,99.696044921875
811.1700000000001,-0.27147745714041743,0.1474889526726158,0.21999999999999997,-0.02564102564102541,23.358382642,5.0062384605407715,0,99.696044921875
811.2700000000001,-0.2735956394065893,0.15466109100968403,0.20842105263157892,-0.02564102564102541,23.341715012,5.0062384605407715,0,99.696044921875
811.2700000000001,-0.2735956394065893,0.15466109100968403,0.20842105263157892,-0.02564102564102541,23.341715012,5.0062384605407715,0,99.696044921875
811.2700000000001,-0.2735956394065893,0.15466109100968403,0.20842105263157892,-0.02564102564102541,23.341715012,5.0062384605407715,0,99.696044921875
811.2700000000001,-0.2735956394065893,0.15466109100968403,0.20842105263157892,-0.02564102564102541,23.341715012,5.0062384605407715,0,99.696044921875
811.2700000000001,-0.273083705945608,0.15913912765592036,0.20842105263157892,-0.02564102564102541,23.459259232,5.0062384605407715,0,99.696044921875
811.2700000000001,-0.273083705945608,0.15913912765592036,0.20842105263157892,-0.02564102564102541,23.459259232,5.0062384605407715,0,99.696044921875
811.2700000000001,-0.273083705945608,0.15913912765592036,0.20842105263157892,-0.02564102564102541,23.459259232,5.0062384605407715,0,99.696044921875
811.2700000000001,-0.2719230032185011,0.16301794991637533,0.20842105263157892,-0.02564102564102541,23.573441219,5.0062384605407715,0,99.696044921875
811.2700000000001,-0.2719230032185011,0.16301794991637533,0.20842105263157892,-0.02564102564102541,23.573441219,5.0062384605407715,0,99.696044921875
811.2700000000001,-0.2719230032185011,0.16301794991637533,0.20842105263157892,-0.02564102564102541,23.573441219,5.0062384605407715,0,99.696044921875
811.2700000000001,-0.2719230032185011,0.16301794991637533,0.19684210526315787,-0.02564102564102541,23.573441219,5.0062384605407715,0,99.696044921875
811.37,-0.27074463308627417,0.16690278564086308,0.19684210526315787,-0.02564102564102541,23.573441219,5.0062384605407715,0,99.696044921875
811.37,-0.27074463308627417,0.16690278564086308,0.19684210526315787,-0.02564102564102541,23.689082532,5.0062384605407715,0,99.696044921875
811.37,-0.27074463308627417,0.16690278564086308,0.19684210526315787,-0.02564102564102541,23.689082532,5.0062384605407715,0,99.696044921875
811.37,-0.2694326055477826,0.17041145680177383,0.19684210526315787,-0.02564102564102541,23.689082532,5.0062384605407715,0,99.696044921875
811.37,-0.2694326055477826,0.17041145680177383,0.19684210526315787,-0.02564102564102541,23.956478691,5.0062384605407715,0,99.696044921875
811.37,-0.2694326055477826,0.17041145680177383,0.19684210526315787,-0.02564102564102541,23.956478691,5.0062384605407715,0,99.696044921875
811.37,-0.2694326055477826,0.17041145680177383,0.19684210526315787,-0.02564102564102541,23.956478691,5.0062384605407715,0,99.696044921875
811.37,-0.26811940272611284,0.17391399907809424,0.19684210526315787,-0.02564102564102541,24.081422495,5.0062384605407715,0,99.696044921875
811.37,-0.26811940272611284,0.17391399907809424,0.19684210526315787,-0.02564102564102541,24.081422495,5.0062384605407715,0,99.696044921875
811.37,-0.26811940272611284,0.17391399907809424,0.21999999999999997,0.0,24.081422495,5.0062384605407715,0,99.696044921875
811.37,-0.26811940272611284,0.17391399907809424,0.21999999999999997,0.0,24.081422495,5.0062384605407715,0,99.696044921875
811.37,-0.26811940272611284,0.17391399907809424,0.21999999999999997,0.0,24.081422495,5.0062384605407715,0,99.696044921875
811.47,-0.26811940272611284,0.17391399907809424,0.21999999999999997,0.0,24.081422495,5.0062384605407715,0,99.696044921875
811.47,-0.26683796233372237,0.17739790038317405,0.21999999999999997,0.0,24.232337082,5.0062384605407715,0,99.696044921875
811.47,-0.26683796233372237,0.17739790038317405,0.21999999999999997,0.0,24.232337082,5.0062384605407715,0,99.696044921875
811.47,-0.26683796233372237,0.17739790038317405,0.21999999999999997,0.0,24.232337082,5.0062384605407715,0,99.696044921875
811.47,-0.2687116193123563,0.18429148004079926,0.21999999999999997,0.0,23.76780976,4.956238746643066,0,99.696044921875
811.47,-0.2687116193123563,0.18429148004079926,0.21999999999999997,0.0,23.76780976,4.956238746643066,0,99.696044921875
811.47,-0.2687116193123563,0.18429148004079926,0.21999999999999997,0.0,23.76780976,4.956238746643066,0,99.696044921875
811.47,-0.2708772685330776,0.1914426924274455,0.20842105263157892,0.0,23.776860869,4.956238746643066,0,99.696044921875
811.47,-0.2708772685330776,0.1914426924274455,0.20842105263157892,0.0,23.776860869,4.956238746643066,0,99.696044921875
811.47,-0.2708772685330776,0.1914426924274455,0.20842105263157892,0.0,23.776860869,4.956238746643066,0,99.696044921875
811.57,-0.27292605228344896,0.1982229502910991,0.20842105263157892,0.0,23.776860869,4.956238746643066,0,99.696044921875
811.57,-0.27292605228344896,0.1982229502910991,0.20842105263157892,0.0,23.935846115,4.956238746643066,0,99.61882781982422
811.57,-0.27292605228344896,0.1982229502910991,0.20842105263157892,0.0,23.935846115,4.956238746643066,0,99.61882781982422
811.57,-0.27292605228344896,0.1982229502910991,0.20842105263157892,0.0,23.935846115,4.956238746643066,0,99.61882781982422
811.57,-0.27292605228344896,0.1982229502910991,0.20842105263157892,0.0,23.935846115,4.956238746643066,0,99.61882781982422
811.57,-0.27496450767522307,0.20500557462246843,0.20842105263157892,0.0,23.952986027,4.956238746643066,0,99.61882781982422
811.57,-0.27496450767522307,0.20500557462246843,0.20842105263157892,0.0,23.952986027,4.956238746643066,0,99.61882781982422
811.57,-0.27496450767522307,0.20500557462246843,0.21999999999999997,-0.02564102564102541,23.952986027,4.956238746643066,0,99.61882781982422
811.57,-0.2769968224982801,0.2117899805746456,0.21999999999999997,-0.02564102564102541,23.952986027,4.956238746643066,0,99.61882781982422
811.57,-0.2769968224982801,0.2117899805746456,0.21999999999999997,-0.02564102564102541,23.971610979,4.956238746643066,0,99.61882781982422
811.57,-0.2769968224982801,0.2117899805746456,0.21999999999999997,-0.02564102564102541,23.971610979,4.956238746643066,0,99.61882781982422
811.6700000000001,-0.2769968224982801,0.2117899805746456,0.21999999999999997,-0.02564102564102541,23.971610979,4.956238746643066,0,99.61882781982422
811.6700000000001,-0.2790857384679836,0.21901697492625546,0.21999999999999997,-0.02564102564102541,23.837414245,4.956238746643066,0,99.61882781982422
811.6700000000001,-0.2790857384679836,0.21901697492625546,0.21999999999999997,-0.02564102564102541,23.837414245,4.956238746643066,0,99.61882781982422
811.6700000000001,-0.2790857384679836,0.21901697492625546,0.21999999999999997,-0.02564102564102541,23.837414245,4.956238746643066,0,99.61882781982422
811.6700000000001,-0.2790857384679836,0.21901697492625546,0.21999999999999997,-0.02564102564102541,23.837414245,4.956238746643066,0,99.61882781982422
811.6700000000001,-0.2792582786868803,0.22831339329818356,0.21999999999999997,-0.02564102564102541,23.837414245,4.956238746643066,0,99.61882781982422
811.6700000000001,-0.2792582786868803,0.22831339329818356,0.20842105263157892,-0.02564102564102541,23.559907889,4.956238746643066,0,99.61882781982422
811.6700000000001,-0.2792582786868803,0.22831339329818356,0.20842105263157892,-0.02564102564102541,23.559907889,4.956238746643066,0,99.61882781982422
811.6700000000001,-0.27942192823050727,0.23761453387495884,0.20842105263157892,-0.02564102564102541,23.559907889,4.956238746643066,0,99.61882781982422
811.6700000000001,-0.27942192823050727,0.23761453387495884,0.20842105263157892,-0.02564102564102541,23.053106649,4.906238555908203,0,99.61882781982422
811.6700000000001,-0.27942192823050727,0.23761453387495884,0.20842105263157892,-0.02564102564102541,23.053106649,4.906238555908203,0,99.61882781982422
811.6700000000001,-0.27942192823050727,0.23761453387495884,0.20842105263157892,-0.02564102564102541,23.053106649,4.906238555908203,0,99.61882781982422
811.6700000000001,-0.27942192823050727,0.23761453387495884,0.20842105263157892,-0.02564102564102541,23.053106649,4.906238555908203,0,99.61882781982422
811.6700000000001,-0.27942192823050727,0.23761453387495884,0.20842105263157892,-0.02564102564102541,23.053106649,4.906238555908203,0,99.61882781982422
811.7700000000001,-0.27942192823050727,0.23761453387495884,0.20842105263157892,-0.02564102564102541,23.053106649,4.906238555908203,0,99.61882781982422
811.7700000000001,-0.27945824968740934,0.2465508122295273,0.19684210526315787,-0.02564102564102541,22.923788083,4.906238555908203,0,99.61882781982422
811.7700000000001,-0.27945824968740934,0.2465508122295273,0.19684210526315787,-0.02564102564102541,22.923788083,4.906238555908203,0,99.61882781982422
811.7700000000001,-0.27945824968740934,0.2465508122295273,0.19684210526315787,-0.02564102564102541,22.923788083,4.906238555908203,0,99.61882781982422
811.7700000000001,-0.27947200465784383,0.25549029344134916,0.19684210526315787,-0.02564102564102541,23.079312061,4.906238555908203,0,99.61882781982422
811.7700000000001,-0.27947200465784383,0.25549029344134916,0.19684210526315787,-0.02564102564102541,23.079312061,4.906238555908203,0,99.61882781982422
811.7700000000001,-0.27947200465784383,0.25549029344134916,0.19684210526315787,-0.02564102564102541,22.951588656,4.879086971282959,0,99.61882781982422
811.7700000000001,-0.27947200465784383,0.25549029344134916,0.19684210526315787,-0.02564102564102541,22.951588656,4.879086971282959,0,99.61882781982422
811.7700000000001,-0.2793587686759478,0.2640650386903959,0.19684210526315787,-0.02564102564102541,23.227259188,4.879086971282959,0,99.61882781982422
811.7700000000001,-0.2793587686759478,0.2640650386903959,0.19684210526315787,-0.02564102564102541,23.227259188,4.879086971282959,0,99.61882781982422
811.87,-0.2793587686759478,0.2640650386903959,0.19684210526315787,-0.02564102564102541,23.227259188,4.879086971282959,0,99.61882781982422
811.87,-0.27923064055911345,0.2726361078731637,0.19684210526315787,-0.02564102564102541,23.36565761,4.879086971282959,0,99.61882781982422
811.87,-0.27923064055911345,0.2726361078731637,0.21999999999999997,-0.18564102564102541,23.36565761,4.879086971282959,0,99.61882781982422
811.87,-0.27923064055911345,0.2726361078731637,0.21999999999999997,-0.18564102564102541,23.36565761,4.879086971282959,0,99.61882781982422
811.87,-0.27923064055911345,0.2726361078731637,0.21999999999999997,-0.18564102564102541,23.36565761,4.879086971282959,0,99.61882781982422
811.87,-0.2806884412536091,0.2795075524457331,0.21999999999999997,-0.18564102564102541,23.260068723,4.829086780548096,0,99.61882781982422
811.87,-0.2806884412536091,0.2795075524457331,0.21999999999999997,-0.18564102564102541,23.260068723,4.829086780548096,0,99.61882781982422
811.87,-0.2806884412536091,0.2795075524457331,0.21999999999999997,-0.2307692307692305,23.260068723,4.829086780548096,0,99.61882781982422
811.87,-0.28276623399029027,0.28666713357565604,0.21999999999999997,-0.2307692307692305,23.115150123,4.829086780548096,0,99.61882781982422
811.87,-0.28276623399029027,0.28666713357565604,0.21999999999999997,-0.2307692307692305,23.115150123,4.829086780548096,0,99.61882781982422
811.87,-0.28276623399029027,0.28666713357565604,0.21999999999999997,-0.2307692307692305,23.115150123,4.829086780548096,0,99.61882781982422
811.87,-0.28276623399029027,0.28666713357565604,0.21999999999999997,-0.2307692307692305,23.115150123,4.829086780548096,0,99.61882781982422
811.97,-0.28276623399029027,0.28666713357565604,0.20842105263157892,-0.28205128205128177,23.115150123,4.829086780548096,0,99.61882781982422
811.97,-0.28276623399029027,0.28666713357565604,0.20842105263157892,-0.28205128205128177,23.115150123,4.829086780548096,0,99.61882781982422
811.97,-0.2848300909919574,0.2938719690409209,0.20842105263157892,-0.28205128205128177,23.100918256,4.829086780548096,0,99.61882781982422
811.97,-0.2848300909919574,0.2938719690409209,0.20842105263157892,-0.28205128205128177,23.100918256,4.829086780548096,0,99.61882781982422
811.97,-0.2848300909919574,0.2938719690409209,0.20842105263157892,-0.28205128205128177,23.100918256,4.829086780548096,0,99.61882781982422
811.97,-0.28672481562285745,0.30069497995302424,0.20842105263157892,-0.28205128205128177,23.239379085,4.829086780548096,0,99.61882781982422
811.97,-0.28672481562285745,0.30069497995302424,0.20842105263157892,-0.28205128205128177,23.239379085,4.829086780548096,0,99.61882781982422
811.97,-0.28672481562285745,0.30069497995302424,0.20842105263157892,-0.28205128205128177,23.239379085,4.829086780548096,0,99.61882781982422
811.97,-0.28854868370765024,0.3075686396427434,0.20842105263157892,-0.28205128205128177,23.239379085,4.829086780548096,0,99.61882781982422
811.97,-0.28854868370765024,0.3075686396427434,0.20842105263157892,-0.28205128205128177,23.372313033,4.829086780548096,0,99.61882781982422
812.07,-0.28854868370765024,0.3075686396427434,0.20842105263157892,-0.28205128205128177,23.372313033,4.829086780548096,0,99.61882781982422
812.07,-0.29028943339196617,0.314466226093246,0.19684210526315787,-0.2307692307692305,23.350366492,4.829086780548096,0,99.5013656616211
812.07,-0.29028943339196617,0.314466226093246,0.19684210526315787,-0.2307692307692305,23.350366492,4.829086780548096,0,99.5013656616211
812.07,-0.29028943339196617,0.314466226093246,0.19684210526315787,-0.2307692307692305,23.350366492,4.829086780548096,0,99.5013656616211
812.07,-0.29028943339196617,0.314466226093246,0.19684210526315787,-0.2307692307692305,23.350366492,4.829086780548096,0,99.5013656616211
812.07,-0.29185869735971814,0.3209662522224054,0.19684210526315787,-0.2307692307692305,23.497645535,4.829086780548096,0,99.5013656616211
812.07,-0.29185869735971814,0.3209662522224054,0.19684210526315787,-0.2307692307692305,23.497645535,4.829086780548096,0,99.5013656616211
812.07,-0.29185869735971814,0.3209662522224054,0.19684210526315787,-0.2307692307692305,23.497645535,4.829086780548096,0,99.5013656616211
812.07,-0.293389671762924,0.32749870014144666,0.19684210526315787,-0.2307692307692305,23.485061956,4.829086780548096,0,99.5013656616211
812.07,-0.293389671762924,0.32749870014144666,0.19684210526315787,-0.2307692307692305,23.485061956,4.829086780548096,0,99.5013656616211
812.07,-0.293389671762924,0.32749870014144666,0.19684210526315787,-0.2307692307692305,23.485061956,4.829086780548096,0,99.5013656616211
812.1700000000001,-0.293389671762924,0.32749870014144666,0.20842105263157892,-0.12820512820512797,23.485061956,4.829086780548096,0,99.5013656616211
812.1700000000001,-0.293389671762924,0.32749870014144666,0.20842105263157892,-0.12820512820512797,23.485061956,4.829086780548096,0,99.5013656616211
812.1700000000001,-0.2948911440063013,0.33403619130814843,0.20842105263157892,-0.12820512820512797,23.229400921,4.779087066650391,0,99.5013656616211
812.1700000000001,-0.2948911440063013,0.33403619130814843,0.20842105263157892,-0.12820512820512797,23.229400921,4.779087066650391,0,99.5013656616211
812.1700000000001,-0.2948911440063013,0.33403619130814843,0.20842105263157892,-0.12820512820512797,23.229400921,4.779087066650391,0,99.5013656616211
812.1700000000001,-0.2948911440063013,0.33403619130814843,0.20842105263157892,-0.12820512820512797,23.229400921,4.779087066650391,0,99.5013656616211
812.1700000000001,-0.2948911440063013,0.33403619130814843,0.20842105263157892,-0.12820512820512797,23.229400921,4.779087066650391,0,99.5013656616211
812.1700000000001,-0.2964429128457185,0.3409306304481864,0.20842105263157892,-0.12820512820512797,23.087765009,4.779087066650391,0,99.5013656616211
812.1700000000001,-0.2964429128457185,0.3409306304481864,0.20842105263157892,-0.12820512820512797,23.087765009,4.779087066650391,0,99.5013656616211
812.1700000000001,-0.2964429128457185,0.3409306304481864,0.20842105263157892,-0.12820512820512797,23.087765009,4.779087066650391,0,99.5013656616211
812.1700000000001,-0.29796549375533654,0.34785823918451975,0.20842105263157892,-0.12820512820512797,23.215594619,4.779087066650391,0,99.5013656616211
812.1700000000001,-0.29796549375533654,0.34785823918451975,0.20842105263157892,-0.12820512820512797,23.215594619,4.779087066650391,0,99.5013656616211
812.2700000000001,-0.29796549375533654,0.34785823918451975,0.20842105263157892,-0.12820512820512797,23.215594619,4.779087066650391,0,99.5013656616211
812.2700000000001,-0.29796549375533654,0.34785823918451975,0.20842105263157892,-0.12820512820512797,23.215594619,4.779087066650391,0,99.5013656616211
812.2700000000001,-0.29945503136826157,0.3547919652864535,0.20842105263157892,-0.12820512820512797,23.362028371,4.779087066650391,0,99.5013656616211
812.2700000000001,-0.29945503136826157,0.3547919652864535,0.20842105263157892,-0.12820512820512797,23.362028371,4.779087066650391,0,99.5013656616211
812.2700000000001,-0.29945503136826157,0.3547919652864535,0.20842105263157892,-0.12820512820512797,23.362028371,4.779087066650391,0,99.5013656616211
812.2700000000001,-0.29945503136826157,0.3547919652864535,0.20842105263157892,-0.12820512820512797,23.362028371,4.779087066650391,0,99.5013656616211
812.2700000000001,-0.29945503136826157,0.3547919652864535,0.20842105263157892,-0.12820512820512797,23.362028371,4.779087066650391,0,99.5013656616211
812.2700000000001,-0.3009194435913337,0.36172708348952165,0.21999999999999997,-0.12820512820512797,23.364352987,4.779087066650391,0,99.5013656616211
812.2700000000001,-0.3009194435913337,0.36172708348952165,0.21999999999999997,-0.12820512820512797,23.364352987,4.779087066650391,0,99.5013656616211
812.2700000000001,-0.3009194435913337,0.36172708348952165,0.21999999999999997,-0.12820512820512797,23.364352987,4.779087066650391,0,99.5013656616211
812.2700000000001,-0.3024332333834056,0.3690202115027454,0.21999999999999997,-0.12820512820512797,23.225802089,4.779087066650391,0,99.5013656616211
812.2700000000001,-0.3024332333834056,0.3690202115027454,0.21999999999999997,-0.12820512820512797,23.225802089,4.779087066650391,0,99.5013656616211
812.37,-0.3024332333834056,0.3690202115027454,0.21999999999999997,-0.12820512820512797,23.225802089,4.779087066650391,0,99.5013656616211
812.37,-0.3024332333834056,0.3690202115027454,0.21999999999999997,-0.12820512820512797,23.225802089,4.779087066650391,0,99.5013656616211
812.37,-0.30392628334159816,0.3763491065768262,0.21999999999999997,-0.12820512820512797,23.086934807,4.779087066650391,0,99.5013656616211
812.37,-0.30392628334159816,0.3763491065768262,0.21999999999999997,-0.12820512820512797,23.086934807,4.779087066650391,0,99.5013656616211
812.37,-0.30392628334159816,0.3763491065768262,0.21999999999999997,-0.12820512820512797,23.086934807,4.779087066650391,0,99.5013656616211
812.37,-0.30392628334159816,0.3763491065768262,0.21999999999999997,-0.12820512820512797,23.086934807,4.779087066650391,0,99.5013656616211
812.37,-0.3053950330068979,0.38368630774463447,0.21999999999999997,-0.12820512820512797,22.561750949,4.729086875915527,0,99.5013656616211
812.37,-0.3053950330068979,0.38368630774463447,0.21999999999999997,-0.12820512820512797,22.561750949,4.729086875915527,0,99.5013656616211
812.37,-0.3053950330068979,0.38368630774463447,0.21999999999999997,-0.12820512820512797,22.561750949,4.729086875915527,0,99.5013656616211
812.37,-0.3068321264836909,0.39102962597175817,0.21999999999999997,-0.12820512820512797,22.561750949,4.729086875915527,0,99.5013656616211
812.47,-0.3068321264836909,0.39102962597175817,0.21999999999999997,-0.12820512820512797,22.561750949,4.729086875915527,0,99.5013656616211
812.47,-0.3068321264836909,0.39102962597175817,0.21999999999999997,-0.12820512820512797,22.561750949,4.729086875915527,0,99.5013656616211
812.47,-0.3068321264836909,0.39102962597175817,0.21999999999999997,-0.12820512820512797,22.299611716,4.729086875915527,0,99.5013656616211
812.47,-0.3068321264836909,0.39102962597175817,0.21999999999999997,-0.12820512820512797,22.299611716,4.729086875915527,0,99.5013656616211
812.47,-0.3068321264836909,0.39102962597175817,0.20842105263157892,-0.07692307692307669,22.299611716,4.729086875915527,0,99.5013656616211
812.47,-0.3068321264836909,0.39102962597175817,0.20842105263157892,-0.07692307692307669,22.299611716,4.729086875915527,0,99.5013656616211
812.47,-0.3082331698461236,0.3983814330206655,0.20842105263157892,-0.07692307692307669,22.041767235,4.729086875915527,0,99.5013656616211
812.47,-0.3082331698461236,0.3983814330206655,0.20842105263157892,-0.07692307692307669,22.041767235,4.729086875915527,0,99.5013656616211
812.47,-0.3095226429502163,0.4053276730702189,0.20842105263157892,-0.07692307692307669,22.041767235,4.729086875915527,0,99.5013656616211
812.47,-0.3095226429502163,0.4053276730702189,0.20842105263157892,-0.07692307692307669,22.050906728,4.729086875915527,0,99.5013656616211
812.47,-0.3095226429502163,0.4053276730702189,0.20842105263157892,-0.07692307692307669,22.050906728,4.729086875915527,0,99.5013656616211
812.47,-0.3095226429502163,0.4053276730702189,0.20842105263157892,-0.07692307692307669,22.050906728,4.729086875915527,0,99.5013656616211
812.47,-0.3095226429502163,0.4053276730702189,0.20842105263157892,-0.07692307692307669,22.050906728,4.729086875915527,0,99.5013656616211
812.47,-0.31079609116020923,0.4123013831221405,0.20842105263157892,-0.07692307692307669,22.058905561,4.729086875915527,0,99.5013656616211
812.57,-0.31079609116020923,0.4123013831221405,0.20842105263157892,-0.07692307692307669,22.058905561,4.729086875915527,0,99.5013656616211
812.57,-0.31079609116020923,0.4123013831221405,0.21999999999999997,-0.07692307692307669,22.058905561,4.729086875915527,0,99.39429473876953
812.57,-0.31079609116020923,0.4123013831221405,0.21999999999999997,-0.07692307692307669,22.058905561,4.729086875915527,0,99.39429473876953
812.57,-0.3120639799134877,0.4192757485669606,0.21999999999999997,-0.07692307692307669,22.062287735,4.729086875915527,0,99.39429473876953
812.57,-0.3120639799134877,0.4192757485669606,0.21999999999999997,-0.07692307692307669,22.062287735,4.729086875915527,0,99.39429473876953
812.57,-0.3120639799134877,0.4192757485669606,0.21999999999999997,-0.07692307692307669,22.062287735,4.729086875915527,0,99.39429473876953
812.57,-0.31339450412120295,0.4266092334241277,0.21999999999999997,-0.07692307692307669,21.702934342,4.679087162017822,0,99.39429473876953
812.57,-0.31339450412120295,0.4266092334241277,0.21999999999999997,-0.07692307692307669,21.702934342,4.679087162017822,0,99.39429473876953
812.57,-0.31339450412120295,0.4266092334241277,0.21999999999999997,-0.07692307692307669,21.702934342,4.679087162017822,0,99.39429473876953
812.57,-0.3147225971431484,0.43397494244621726,0.21999999999999997,-0.07692307692307669,21.702934342,4.679087162017822,0,99.39429473876953
812.6700000000001,-0.3147225971431484,0.43397494244621726,0.21999999999999997,-0.07692307692307669,21.698580153,4.679087162017822,0,99.39429473876953
812.6700000000001,-0.3147225971431484,0.43397494244621726,0.20842105263157892,-0.12820512820512797,21.698580153,4.679087162017822,0,99.39429473876953
812.6700000000001,-0.3147225971431484,0.43397494244621726,0.20842105263157892,-0.12820512820512797,21.698580153,4.679087162017822,0,99.39429473876953
812.6700000000001,-0.3147225971431484,0.43397494244621726,0.20842105263157892,-0.12820512820512797,21.698580153,4.679087162017822,0,99.39429473876953
812.6700000000001,-0.31603411033886003,0.44134657038701297,0.20842105263157892,-0.12820512820512797,21.706386468,4.679087162017822,0,99.39429473876953
812.6700000000001,-0.31603411033886003,0.44134657038701297,0.20842105263157892,-0.12820512820512797,21.706386468,4.679087162017822,0,99.39429473876953
812.6700000000001,-0.31603411033886003,0.44134657038701297,0.20842105263157892,-0.12820512820512797,21.895342326,4.719818592071533,0,99.39429473876953
812.6700000000001,-0.31603411033886003,0.44134657038701297,0.20842105263157892,-0.12820512820512797,21.895342326,4.719818592071533,0,99.39429473876953
812.6700000000001,-0.3172490023296357,0.44831395708643196,0.20842105263157892,-0.12820512820512797,22.026556889,4.719818592071533,0,99.39429473876953
812.6700000000001,-0.3172490023296357,0.44831395708643196,0.20842105263157892,-0.12820512820512797,22.026556889,4.719818592071533,0,99.39429473876953
812.6700000000001,-0.3172490023296357,0.44831395708643196,0.19684210526315787,-0.07692307692307669,22.026556889,4.719818592071533,0,99.39429473876953
812.6700000000001,-0.3184415570391242,0.4553111190032526,0.19684210526315787,-0.07692307692307669,22.151752326,4.719818592071533,0,99.39429473876953
812.6700000000001,-0.3184415570391242,0.4553111190032526,0.19684210526315787,-0.07692307692307669,22.151752326,4.719818592071533,0,99.39429473876953
812.7700000000001,-0.3184415570391242,0.4553111190032526,0.19684210526315787,-0.07692307692307669,22.151752326,4.719818592071533,0,99.39429473876953
812.7700000000001,-0.3184415570391242,0.4553111190032526,0.19684210526315787,-0.07692307692307669,22.151752326,4.719818592071533,0,99.39429473876953
812.7700000000001,-0.3184415570391242,0.4553111190032526,0.19684210526315787,-0.07692307692307669,22.151752326,4.719818592071533,0,99.39429473876953
812.7700000000001,-0.31953791783921776,0.4618999520239415,0.19684210526315787,-0.07692307692307669,22.423752378,4.719818592071533,0,99.39429473876953
812.7700000000001,-0.31953791783921776,0.4618999520239415,0.19684210526315787,-0.07692307692307669,22.423752378,4.719818592071533,0,99.39429473876953
812.7700000000001,-0.32062202046564064,0.4685141594003258,0.19684210526315787,-0.07692307692307669,22.423752378,4.719818592071533,0,99.39429473876953
812.7700000000001,-0.32062202046564064,0.4685141594003258,0.19684210526315787,-0.07692307692307669,22.543244991999998,4.719818592071533,0,99.39429473876953
812.87,-0.3216945401022759,0.4751278864776336,0.21999999999999997,0.02564102564102587,22.543244991999998,4.719818592071533,0,99.39429473876953
812.87,-0.3216945401022759,0.4751278864776336,0.21999999999999997,0.02564102564102587,22.543244991999998,4.719818592071533,0,99.39429473876953
812.87,-0.3228825616687211,0.4824868755825591,0.21999999999999997,0.02564102564102587,22.675747212,4.719818592071533,0,99.39429473876953
812.87,-0.3228825616687211,0.4824868755825591,0.21999999999999997,0.02564102564102587,22.675747212,4.719818592071533,0,99.39429473876953
812.87,-0.3228825616687211,0.4824868755825591,0.21999999999999997,0.02564102564102587,22.675747212,4.719818592071533,0,99.39429473876953
812.87,-0.32407728684817294,0.4898685659922848,0.21999999999999997,0.02564102564102587,22.675747212,4.719818592071533,0,99.39429473876953
812.87,-0.32407728684817294,0.4898685659922848,0.20842105263157892,0.02564102564102587,22.304946071,4.669818878173828,0,99.39429473876953
812.97,-0.32521944162465255,0.49683133862855366,0.20842105263157892,0.02564102564102587,22.304946071,4.669818878173828,0,99.39429473876953
812.97,-0.32521944162465255,0.49683133862855366,0.20842105263157892,0.02564102564102587,22.304946071,4.669818878173828,0,99.39429473876953
812.97,-0.32521944162465255,0.49683133862855366,0.20842105263157892,0.02564102564102587,22.304946071,4.669818878173828,0,99.39429473876953
812.97,-0.32521944162465255,0.49683133862855366,0.20842105263157892,0.02564102564102587,22.304946071,4.669818878173828,0,99.39429473876953
812.97,-0.326387700290761,0.5038138572738254,0.20842105263157892,0.02564102564102587,22.291714869,4.669818878173828,0,99.39429473876953
812.97,-0.326387700290761,0.5038138572738254,0.20842105263157892,0.02564102564102587,22.439057667,4.669818878173828,0,99.39429473876953
812.97,-0.326387700290761,0.5038138572738254,0.19684210526315787,0.02564102564102587,22.439057667,4.669818878173828,0,99.39429473876953
812.97,-0.327576657588349,0.5107929765012887,0.19684210526315787,0.02564102564102587,22.439057667,4.669818878173828,0,99.39429473876953
812.97,-0.327576657588349,0.5107929765012887,0.19684210526315787,0.02564102564102587,22.439057667,4.669818878173828,0,99.39429473876953
812.97,-0.327576657588349,0.5107929765012887,0.19684210526315787,0.02564102564102587,22.439057667,4.669818878173828,0,99.39429473876953
812.97,-0.327576657588349,0.5107929765012887,0.19684210526315787,0.02564102564102587,22.439057667,4.669818878173828,0,99.39429473876953
812.97,-0.327576657588349,0.5107929765012887,0.19684210526315787,0.02564102564102587,22.57756585,4.669818878173828,0,99.39429473876953
812.97,-0.327576657588349,0.5107929765012887,0.19684210526315787,0.02564102564102587,22.57756585,4.669818878173828,0,99.39429473876953
813.07,-0.3287035712027371,0.5173596248963787,0.19684210526315787,0.02564102564102587,22.57756585,4.669818878173828,0,99.39429473876953
813.07,-0.3287035712027371,0.5173596248963787,0.19684210526315787,0.02564102564102587,22.57756585,4.669818878173828,0,99.39429473876953
813.07,-0.3287035712027371,0.5173596248963787,0.19684210526315787,0.02564102564102587,22.57756585,4.669818878173828,0,99.2877197265625
813.07,-0.3287035712027371,0.5173596248963787,0.19684210526315787,0.02564102564102587,22.572846481,4.669818878173828,0,99.2877197265625
813.07,-0.3287035712027371,0.5173596248963787,0.19684210526315787,0.02564102564102587,22.572846481,4.669818878173828,0,99.2877197265625
813.07,-0.3296297832266754,0.5232463510066026,0.21999999999999997,-0.02564102564102541,22.572846481,4.669818878173828,0,99.2877197265625
813.07,-0.3296297832266754,0.5232463510066026,0.21999999999999997,-0.02564102564102541,22.572846481,4.669818878173828,0,99.2877197265625
813.07,-0.3296297832266754,0.5232463510066026,0.21999999999999997,-0.02564102564102541,22.726819587,4.669818878173828,0,99.2877197265625
813.07,-0.3296297832266754,0.5232463510066026,0.21999999999999997,-0.02564102564102541,22.726819587,4.669818878173828,0,99.2877197265625
813.07,-0.3296297832266754,0.5232463510066026,0.21999999999999997,-0.02564102564102541,22.726819587,4.669818878173828,0,99.2877197265625
813.07,-0.3296297832266754,0.5232463510066026,0.21999999999999997,-0.02564102564102541,22.726819587,4.669818878173828,0,99.2877197265625
813.07,-0.3296297832266754,0.5232463510066026,0.21999999999999997,-0.02564102564102541,22.726819587,4.669818878173828,0,99.2877197265625
813.07,-0.3305290199276289,0.5293864885524799,0.21999999999999997,-0.02564102564102541,22.726819587,4.669818878173828,0,99.2877197265625
813.07,-0.3305290199276289,0.5293864885524799,0.21999999999999997,-0.02564102564102541,22.720212083,4.669818878173828,0,99.2877197265625
813.07,-0.3305290199276289,0.5293864885524799,0.21999999999999997,-0.02564102564102541,22.720212083,4.669818878173828,0,99.2877197265625
813.07,-0.3305290199276289,0.5293864885524799,0.21999999999999997,-0.02564102564102541,22.720212083,4.669818878173828,0,99.2877197265625
813.1700000000001,-0.33141661595363303,0.535558388499397,0.21999999999999997,-0.02564102564102541,22.455602899,4.669818878173828,0,99.2877197265625
813.1700000000001,-0.33141661595363303,0.535558388499397,0.20842105263157892,-0.02564102564102541,22.455602899,4.669818878173828,0,99.2877197265625
813.1700000000001,-0.33141661595363303,0.535558388499397,0.20842105263157892,-0.02564102564102541,22.455602899,4.669818878173828,0,99.2877197265625
813.1700000000001,-0.33141661595363303,0.535558388499397,0.20842105263157892,-0.02564102564102541,21.949479316,4.619818687438965,0,99.2877197265625
813.1700000000001,-0.33141661595363303,0.535558388499397,0.20842105263157892,-0.02564102564102541,21.949479316,4.619818687438965,0,99.2877197265625
813.1700000000001,-0.33141661595363303,0.535558388499397,0.20842105263157892,-0.02564102564102541,21.949479316,4.619818687438965,0,99.2877197265625
813.1700000000001,-0.33141661595363303,0.535558388499397,0.20842105263157892,-0.02564102564102541,21.949479316,4.619818687438965,0,99.2877197265625
813.1700000000001,-0.33228528774619426,0.5417341916882769,0.20842105263157892,-0.02564102564102541,21.949479316,4.619818687438965,0,99.2877197265625
813.1700000000001,-0.33228528774619426,0.5417341916882769,0.20842105263157892,-0.02564102564102541,21.944329843,4.619818687438965,0,99.2877197265625
813.1700000000001,-0.33228528774619426,0.5417341916882769,0.20842105263157892,-0.02564102564102541,21.944329843,4.619818687438965,0,99.2877197265625
813.1700000000001,-0.33228528774619426,0.5417341916882769,0.20842105263157892,-0.02564102564102541,21.944329843,4.619818687438965,0,99.2877197265625
813.1700000000001,-0.33228528774619426,0.5417341916882769,0.20842105263157892,-0.02564102564102541,21.944329843,4.619818687438965,0,99.2877197265625
813.1700000000001,-0.3330586718063914,0.5475036574012573,0.20842105263157892,-0.02564102564102541,22.088112173,4.619818687438965,0,99.2877197265625
813.1700000000001,-0.3330586718063914,0.5475036574012573,0.20842105263157892,-0.02564102564102541,22.088112173,4.619818687438965,0,99.2877197265625
813.1700000000001,-0.3330586718063914,0.5475036574012573,0.19684210526315787,-0.02564102564102541,22.088112173,4.619818687438965,0,99.2877197265625
813.2700000000001,-0.3330586718063914,0.5475036574012573,0.19684210526315787,-0.02564102564102541,22.088112173,4.619818687438965,0,99.2877197265625
813.2700000000001,-0.3330586718063914,0.5475036574012573,0.19684210526315787,-0.02564102564102541,22.088112173,4.619818687438965,0,99.2877197265625
813.2700000000001,-0.3338074174501003,0.553300747061198,0.19684210526315787,-0.02564102564102541,22.076633077,4.619818687438965,0,99.2877197265625
813.2700000000001,-0.3338074174501003,0.553300747061198,0.19684210526315787,-0.02564102564102541,22.076633077,4.619818687438965,0,99.2877197265625
813.2700000000001,-0.3338074174501003,0.553300747061198,0.19684210526315787,-0.02564102564102541,22.076633077,4.619818687438965,0,99.2877197265625
813.2700000000001,-0.33472980718068174,0.5594634161489594,0.19684210526315787,-0.02564102564102541,22.218926889,4.619818687438965,0,99.2877197265625
813.2700000000001,-0.33472980718068174,0.5594634161489594,0.19684210526315787,-0.02564102564102541,22.218926889,4.619818687438965,0,99.2877197265625
813.2700000000001,-0.33472980718068174,0.5594634161489594,0.19684210526315787,-0.02564102564102541,22.218926889,4.619818687438965,0,99.2877197265625
813.2700000000001,-0.33472980718068174,0.5594634161489594,0.19684210526315787,-0.02564102564102541,22.218926889,4.619818687438965,0,99.2877197265625
813.2700000000001,-0.33579779168514523,0.5660725884378873,0.21999999999999997,0.0,22.35115984,4.619818687438965,0,99.2877197265625
813.2700000000001,-0.33579779168514523,0.5660725884378873,0.21999999999999997,0.0,22.35115984,4.619818687438965,0,99.2877197265625
813.2700000000001,-0.33579779168514523,0.5660725884378873,0.21999999999999997,0.0,22.35115984,4.619818687438965,0,99.2877197265625
813.37,-0.33579779168514523,0.5660725884378873,0.21999999999999997,0.0,22.35115984,4.619818687438965,0,99.2877197265625
813.37,-0.3368686109793091,0.5726827033043094,0.21999999999999997,0.0,22.337477232,4.619818687438965,0,99.2877197265625
813.37,-0.3368686109793091,0.5726827033043094,0.21999999999999997,0.0,22.337477232,4.619818687438965,0,99.2877197265625
813.37,-0.3368686109793091,0.5726827033043094,0.21999999999999997,0.0,22.337477232,4.619818687438965,0,99.2877197265625
813.37,-0.33805956583600105,0.5800407744766465,0.21999999999999997,0.0,21.838011627,4.56981897354126,0,99.2877197265625
813.37,-0.33805956583600105,0.5800407744766465,0.21999999999999997,0.0,21.838011627,4.56981897354126,0,99.2877197265625
813.37,-0.33805956583600105,0.5800407744766465,0.21999999999999997,0.0,21.838011627,4.56981897354126,0,99.2877197265625
813.37,-0.33925361278809246,0.5874278445891202,0.21999999999999997,0.12820512820512842,21.828225588,4.56981897354126,0,99.2877197265625
813.37,-0.33925361278809246,0.5874278445891202,0.21999999999999997,0.12820512820512842,21.828225588,4.56981897354126,0,99.2877197265625
813.37,-0.33925361278809246,0.5874278445891202,0.21999999999999997,0.12820512820512842,21.828225588,4.56981897354126,0,99.2877197265625
813.47,-0.33925361278809246,0.5874278445891202,0.21999999999999997,0.12820512820512842,21.828225588,4.56981897354126,0,99.2877197265625
813.47,-0.33925361278809246,0.5874278445891202,0.21999999999999997,0.12820512820512842,21.828225588,4.56981897354126,0,99.2877197265625
813.47,-0.34044664175325406,0.5947856932267079,0.21999999999999997,0.12820512820512842,21.838801996,4.56981897354126,0,99.2877197265625
813.47,-0.34044664175325406,0.5947856932267079,0.21999999999999997,0.12820512820512842,21.838801996,4.56981897354126,0,99.2877197265625
813.47,-0.34044664175325406,0.5947856932267079,0.21999999999999997,0.12820512820512842,21.838801996,4.56981897354126,0,99.2877197265625
813.47,-0.34044664175325406,0.5947856932267079,0.21999999999999997,0.12820512820512842,22.854426192,4.7823405265808105,0,99.2877197265625
813.47,-0.34166912170433994,0.6021586437179393,0.19684210526315787,0.12820512820512842,22.854426192,4.7823405265808105,0,99.2877197265625
813.47,-0.34166912170433994,0.6021586437179393,0.19684210526315787,0.12820512820512842,22.853187569,4.7823405265808105,0,99.2877197265625
813.47,-0.34166912170433994,0.6021586437179393,0.19684210526315787,0.12820512820512842,22.853187569,4.7823405265808105,0,99.2877197265625
813.47,-0.34166912170433994,0.6021586437179393,0.19684210526315787,0.12820512820512842,22.853187569,4.7823405265808105,0,99.2877197265625
813.47,-0.34166912170433994,0.6021586437179393,0.19684210526315787,0.12820512820512842,22.853187569,4.7823405265808105,0,99.2877197265625
813.47,-0.342800115143926,0.6087224131674066,0.19684210526315787,0.12820512820512842,22.999571118,4.7823405265808105,0,99.2877197265625
813.47,-0.342800115143926,0.6087224131674066,0.19684210526315787,0.12820512820512842,22.999571118,4.7823405265808105,0,99.2877197265625
813.47,-0.342800115143926,0.6087224131674066,0.19684210526315787,0.12820512820512842,22.999571118,4.7823405265808105,0,99.2877197265625
813.57,-0.342800115143926,0.6087224131674066,0.19684210526315787,0.12820512820512842,22.999571118,4.7823405265808105,0,99.19527435302734
813.57,-0.34398908934863914,0.6152979885777727,0.19684210526315787,0.12820512820512842,22.999571118,4.7823405265808105,0,99.19527435302734
813.57,-0.34398908934863914,0.6152979885777727,0.19684210526315787,0.12820512820512842,23.145638104,4.7823405265808105,0,99.19527435302734
813.57,-0.34398908934863914,0.6152979885777727,0.18526315789473682,0.12820512820512842,23.145638104,4.7823405265808105,0,99.19527435302734
813.57,-0.34398908934863914,0.6152979885777727,0.18526315789473682,0.12820512820512842,23.145638104,4.7823405265808105,0,99.19527435302734
813.57,-0.345224477740545,0.6218664977282176,0.18526315789473682,0.12820512820512842,23.13696883,4.7823405265808105,0,99.19527435302734
813.57,-0.345224477740545,0.6218664977282176,0.18526315789473682,0.12820512820512842,23.13696883,4.7823405265808105,0,99.19527435302734
813.57,-0.345224477740545,0.6218664977282176,0.18526315789473682,0.12820512820512842,23.13696883,4.7823405265808105,0,99.19527435302734
813.57,-0.34640761708437445,0.6280206372585614,0.18526315789473682,0.12820512820512842,23.285736083,4.7823405265808105,0,99.19527435302734
813.57,-0.34640761708437445,0.6280206372585614,0.18526315789473682,0.12820512820512842,23.285736083,4.7823405265808105,0,99.19527435302734
813.6700000000001,-0.34640761708437445,0.6280206372585614,0.18526315789473682,0.12820512820512842,23.285736083,4.7823405265808105,0,99.19527435302734
813.6700000000001,-0.3476111731564844,0.6341955629000232,0.18526315789473682,0.12820512820512842,23.285736083,4.7823405265808105,0,99.19527435302734
813.6700000000001,-0.3476111731564844,0.6341955629000232,0.18526315789473682,0.12820512820512842,23.094999139,4.711629867553711,0,99.19527435302734
813.6700000000001,-0.3476111731564844,0.6341955629000232,0.21999999999999997,0.23076923076923095,23.094999139,4.711629867553711,0,99.19527435302734
813.6700000000001,-0.3476111731564844,0.6341955629000232,0.21999999999999997,0.23076923076923095,23.094999139,4.711629867553711,0,99.19527435302734
813.6700000000001,-0.3488336871442531,0.6403635927085533,0.21999999999999997,0.23076923076923095,23.521094586,4.711629867553711,0,99.19527435302734
813.6700000000001,-0.3488336871442531,0.6403635927085533,0.21999999999999997,0.23076923076923095,23.521094586,4.711629867553711,0,99.19527435302734
813.6700000000001,-0.3488336871442531,0.6403635927085533,0.21999999999999997,0.23076923076923095,23.521094586,4.711629867553711,0,99.19527435302734
813.6700000000001,-0.3488336871442531,0.6403635927085533,0.21999999999999997,0.23076923076923095,23.521094586,4.711629867553711,0,99.19527435302734
813.6700000000001,-0.350283373987973,0.6474943202657948,0.21999999999999997,0.23076923076923095,23.591478984,4.711629867553711,0,99.19527435302734
813.6700000000001,-0.350283373987973,0.6474943202657948,0.21999999999999997,0.23076923076923095,23.591478984,4.711629867553711,0,99.19527435302734
813.7700000000001,-0.350283373987973,0.6474943202657948,0.21999999999999997,0.23076923076923095,23.591478984,4.711629867553711,0,99.19527435302734
813.7700000000001,-0.35182046325477095,0.6547933831016733,0.21999999999999997,0.3333333333333335,23.591478984,4.711629867553711,0,99.19527435302734
813.7700000000001,-0.35182046325477095,0.6547933831016733,0.21999999999999997,0.3333333333333335,23.579802571,4.711629867553711,0,99.19527435302734
813.7700000000001,-0.35182046325477095,0.6547933831016733,0.21999999999999997,0.3333333333333335,23.579802571,4.711629867553711,0,99.19527435302734
813.7700000000001,-0.35182046325477095,0.6547933831016733,0.21999999999999997,0.3333333333333335,23.579802571,4.711629867553711,0,99.19527435302734
813.7700000000001,-0.35182046325477095,0.6547933831016733,0.21999999999999997,0.3333333333333335,23.579802571,4.711629867553711,0,99.19527435302734
813.7700000000001,-0.353425158993488,0.6620747763041085,0.21999999999999997,0.3333333333333335,23.590408435,4.711629867553711,0,99.19527435302734
813.7700000000001,-0.353425158993488,0.6620747763041085,0.21999999999999997,0.3333333333333335,23.590408435,4.711629867553711,0,99.19527435302734
813.7700000000001,-0.353425158993488,0.6620747763041085,0.21999999999999997,0.3333333333333335,23.590408435,4.711629867553711,0,99.19527435302734
813.7700000000001,-0.353425158993488,0.6620747763041085,0.21999999999999997,0.3333333333333335,23.590408435,4.711629867553711,0,99.19527435302734
813.7700000000001,-0.3551136983566404,0.6693361410227545,0.21999999999999997,0.3333333333333335,23.287498469,4.711629867553711,0,99.19527435302734
813.87,-0.3551136983566404,0.6693361410227545,0.21999999999999997,0.3333333333333335,23.287498469,4.711629867553711,0,99.19527435302734
813.87,-0.3551136983566404,0.6693361410227545,0.21999999999999997,0.3333333333333335,23.287498469,4.711629867553711,0,99.19527435302734
813.87,-0.3551136983566404,0.6693361410227545,0.21999999999999997,0.3333333333333335,23.287498469,4.711629867553711,0,99.19527435302734
813.87,-0.3568964119223488,0.6765752479708902,0.20842105263157892,0.3333333333333335,23.003050635,4.711629867553711,0,99.19527435302734
813.87,-0.3568964119223488,0.6765752479708902,0.20842105263157892,0.3333333333333335,23.003050635,4.711629867553711,0,99.19527435302734
813.87,-0.3568964119223488,0.6765752479708902,0.20842105263157892,0.3333333333333335,23.003050635,4.711629867553711,0,99.19527435302734
813.87,-0.3568964119223488,0.6765752479708902,0.20842105263157892,0.3333333333333335,23.003050635,4.711629867553711,0,99.19527435302734
813.87,-0.35862643802452365,0.6832412056500932,0.20842105263157892,0.3333333333333335,22.688107086,4.661629676818848,0,99.19527435302734
813.87,-0.35862643802452365,0.6832412056500932,0.20842105263157892,0.3333333333333335,22.688107086,4.661629676818848,0,99.19527435302734
813.87,-0.35862643802452365,0.6832412056500932,0.20842105263157892,0.3333333333333335,22.688107086,4.661629676818848,0,99.19527435302734
813.87,-0.35862643802452365,0.6832412056500932,0.20842105263157892,0.3333333333333335,22.688107086,4.661629676818848,0,99.19527435302734
813.87,-0.36046845044245546,0.6900665186284403,0.21999999999999997,0.38461538461538475,22.688107086,4.661629676818848,0,99.19527435302734
813.87,-0.36046845044245546,0.6900665186284403,0.21999999999999997,0.38461538461538475,22.41145652,4.661629676818848,0,99.19527435302734
813.97,-0.36046845044245546,0.6900665186284403,0.21999999999999997,0.38461538461538475,22.41145652,4.661629676818848,0,99.19527435302734
813.97,-0.3624664150935553,0.6972560787487435,0.21999999999999997,0.38461538461538475,22.00756043,4.661629676818848,0,99.19527435302734
813.97,-0.3624664150935553,0.6972560787487435,0.21999999999999997,0.38461538461538475,22.00756043,4.661629676818848,0,99.19527435302734
813.97,-0.3624664150935553,0.6972560787487435,0.21999999999999997,0.38461538461538475,22.00756043,4.661629676818848,0,99.19527435302734
813.97,-0.3624664150935553,0.6972560787487435,0.21999999999999997,0.38461538461538475,22.00756043,4.661629676818848,0,99.19527435302734
813.97,-0.364530280297894,0.7044257328519997,0.21999999999999997,0.38461538461538475,22.00756043,4.661629676818848,0,99.19527435302734
813.97,-0.364530280297894,0.7044257328519997,0.21999999999999997,0.38461538461538475,22.00756043,4.661629676818848,0,99.19527435302734
813.97,-0.364530280297894,0.7044257328519997,0.21999999999999997,0.38461538461538475,21.628251771,4.661629676818848,0,99.19527435302734
813.97,-0.364530280297894,0.7044257328519997,0.20842105263157892,0.3333333333333335,21.628251771,4.661629676818848,0,99.19527435302734
813.97,-0.364530280297894,0.7044257328519997,0.20842105263157892,0.3333333333333335,21.628251771,4.661629676818848,0,99.19527435302734
813.97,-0.3666892282513918,0.7115636608441351,0.20842105263157892,0.3333333333333335,21.628251771,4.661629676818848,0,99.19527435302734
813.97,-0.3666892282513918,0.7115636608441351,0.20842105263157892,0.3333333333333335,21.575772721,4.661629676818848,0,99.19527435302734
814.07,-0.3666892282513918,0.7115636608441351,0.20842105263157892,0.3333333333333335,21.575772721,4.661629676818848,0,99.19527435302734
814.07,-0.3666892282513918,0.7115636608441351,0.20842105263157892,0.3333333333333335,21.575772721,4.661629676818848,0,99.0896987915039
814.07,-0.3688448472090259,0.7182930902738942,0.20842105263157892,0.3333333333333335,21.70693053,4.661629676818848,0,99.0896987915039
814.07,-0.3688448472090259,0.7182930902738942,0.20842105263157892,0.3333333333333335,21.70693053,4.661629676818848,0,99.0896987915039
814.07,-0.3688448472090259,0.7182930902738942,0.20842105263157892,0.3333333333333335,21.70693053,4.661629676818848,0,99.0896987915039
814.07,-0.3688448472090259,0.7182930902738942,0.20842105263157892,0.3333333333333335,21.70693053,4.661629676818848,0,99.0896987915039
814.07,-0.3711036205890446,0.7249898820654176,0.21999999999999997,0.38461538461538475,21.831523032,4.661629676818848,0,99.0896987915039
814.07,-0.3711036205890446,0.7249898820654176,0.21999999999999997,0.38461538461538475,21.831523032,4.661629676818848,0,99.0896987915039
814.07,-0.3711036205890446,0.7249898820654176,0.21999999999999997,0.38461538461538475,21.831523032,4.661629676818848,0,99.0896987915039
814.07,-0.37344029663635286,0.7316633953974955,0.21999999999999997,0.38461538461538475,21.831523032,4.661629676818848,0,99.0896987915039
814.1700000000001,-0.37344029663635286,0.7316633953974955,0.21999999999999997,0.38461538461538475,21.721877117,4.611629962921143,0,99.0896987915039
814.1700000000001,-0.37344029663635286,0.7316633953974955,0.21999999999999997,0.38461538461538475,21.721877117,4.611629962921143,0,99.0896987915039
814.1700000000001,-0.37344029663635286,0.7316633953974955,0.21999999999999997,0.38461538461538475,21.721877117,4.611629962921143,0,99.0896987915039
814.1700000000001,-0.3759677625674026,0.7386862056035186,0.21999999999999997,0.38461538461538475,21.716862758,4.611629962921143,0,99.0896987915039
814.1700000000001,-0.3759677625674026,0.7386862056035186,0.21999999999999997,0.38461538461538475,21.716862758,4.611629962921143,0,99.0896987915039
814.1700000000001,-0.3759677625674026,0.7386862056035186,0.21999999999999997,0.38461538461538475,21.716862758,4.611629962921143,0,99.0896987915039
814.1700000000001,-0.37855653414990215,0.7456826858355755,0.20842105263157892,0.3333333333333335,21.716862758,4.611629962921143,0,99.0896987915039
814.1700000000001,-0.37855653414990215,0.7456826858355755,0.20842105263157892,0.3333333333333335,21.530216156,4.611629962921143,0,99.0896987915039
814.1700000000001,-0.37855653414990215,0.7456826858355755,0.20842105263157892,0.3333333333333335,21.530216156,4.611629962921143,0,99.0896987915039
814.1700000000001,-0.37855653414990215,0.7456826858355755,0.20842105263157892,0.3333333333333335,21.530216156,4.611629962921143,0,99.0896987915039
814.2700000000001,-0.38108908602550823,0.7522762523798275,0.20842105263157892,0.3333333333333335,21.533773028,4.611629962921143,0,99.0896987915039
814.2700000000001,-0.38108908602550823,0.7522762523798275,0.20842105263157892,0.3333333333333335,21.533773028,4.611629962921143,0,99.0896987915039
814.2700000000001,-0.38108908602550823,0.7522762523798275,0.20842105263157892,0.3333333333333335,21.533773028,4.611629962921143,0,99.0896987915039
814.2700000000001,-0.38108908602550823,0.7522762523798275,0.20842105263157892,0.3333333333333335,21.533773028,4.611629962921143,0,99.0896987915039
814.2700000000001,-0.3837194601407182,0.7588284690833862,0.20842105263157892,0.3333333333333335,21.662038917,4.611629962921143,0,99.0896987915039
814.2700000000001,-0.3837194601407182,0.7588284690833862,0.21999999999999997,0.3333333333333335,21.662038917,4.611629962921143,0,99.0896987915039
814.2700000000001,-0.3837194601407182,0.7588284690833862,0.21999999999999997,0.3333333333333335,21.662038917,4.611629962921143,0,99.0896987915039
814.2700000000001,-0.3837194601407182,0.7588284690833862,0.21999999999999997,0.3333333333333335,21.662038917,4.611629962921143,0,99.0896987915039
814.2700000000001,-0.38644104843069876,0.7653443882661873,0.21999999999999997,0.3333333333333335,21.790268616,4.611629962921143,0,99.0896987915039
814.2700000000001,-0.38644104843069876,0.7653443882661873,0.21999999999999997,0.3333333333333335,21.790268616,4.611629962921143,0,99.0896987915039
814.2700000000001,-0.38644104843069876,0.7653443882661873,0.21999999999999997,0.3333333333333335,21.790268616,4.611629962921143,0,99.0896987915039
814.2700000000001,-0.38644104843069876,0.7653443882661873,0.21999999999999997,0.3333333333333335,21.790268616,4.611629962921143,0,99.0896987915039
814.2700000000001,-0.3893953071793362,0.7721908403912213,0.21999999999999997,0.3333333333333335,21.790268616,4.611629962921143,0,99.0896987915039
814.2700000000001,-0.3893953071793362,0.7721908403912213,0.21999999999999997,0.3333333333333335,21.78776575,4.611629962921143,0,99.0896987915039
814.37,-0.3893953071793362,0.7721908403912213,0.21999999999999997,0.3333333333333335,21.78776575,4.611629962921143,0,99.0896987915039
814.37,-0.3893953071793362,0.7721908403912213,0.20842105263157892,0.2820512820512822,21.78776575,4.611629962921143,0,99.0896987915039
814.37,-0.3893953071793362,0.7721908403912213,0.20842105263157892,0.2820512820512822,21.78776575,4.611629962921143,0,99.0896987915039
814.37,-0.3924102218222052,0.7790114013006908,0.20842105263157892,0.2820512820512822,21.660215287,4.611629962921143,0,99.0896987915039
814.37,-0.3924102218222052,0.7790114013006908,0.20842105263157892,0.2820512820512822,21.792126898,4.63971471786499,0,99.0896987915039
814.37,-0.3924102218222052,0.7790114013006908,0.20842105263157892,0.2820512820512822,21.792126898,4.63971471786499,0,99.0896987915039
814.37,-0.3924102218222052,0.7790114013006908,0.20842105263157892,0.2820512820512822,21.792126898,4.63971471786499,0,99.0896987915039
814.37,-0.39532888476448724,0.7854495302469051,0.20842105263157892,0.2820512820512822,21.558973877,4.589714527130127,0,99.0896987915039
814.37,-0.39532888476448724,0.7854495302469051,0.20842105263157892,0.2820512820512822,21.558973877,4.589714527130127,0,99.0896987915039
814.37,-0.39532888476448724,0.7854495302469051,0.20842105263157892,0.2820512820512822,21.558973877,4.589714527130127,0,99.0896987915039
814.47,-0.3983100436031422,0.7918559102450667,0.20842105263157892,0.2820512820512822,21.561221069,4.589714527130127,0,99.0896987915039
814.47,-0.3983100436031422,0.7918559102450667,0.20842105263157892,0.2820512820512822,21.561221069,4.589714527130127,0,99.0896987915039
814.47,-0.3983100436031422,0.7918559102450667,0.21999999999999997,0.23076923076923095,21.561221069,4.589714527130127,0,99.0896987915039
814.47,-0.3983100436031422,0.7918559102450667,0.21999999999999997,0.23076923076923095,21.561221069,4.589714527130127,0,99.0896987915039
814.47,-0.40002896301590596,0.7979740527283724,0.21999999999999997,0.23076923076923095,21.693685916,4.589714527130127,0,99.0896987915039
814.47,-0.40002896301590596,0.7979740527283724,0.21999999999999997,0.23076923076923095,21.693685916,4.589714527130127,0,99.0896987915039
814.47,-0.40002896301590596,0.7979740527283724,0.21999999999999997,0.23076923076923095,21.693685916,4.589714527130127,0,99.0896987915039
814.47,-0.40002896301590596,0.7979740527283724,0.21999999999999997,0.23076923076923095,21.693685916,4.589714527130127,0,99.0896987915039
814.47,-0.4000916112884427,0.8040452840506507,0.21999999999999997,0.23076923076923095,21.693685916,4.589714527130127,0,99.0896987915039
814.47,-0.4000916112884427,0.8040452840506507,0.21999999999999997,0.23076923076923095,21.693743447,4.589714527130127,0,99.0896987915039
814.47,-0.4000916112884427,0.8040452840506507,0.21999999999999997,0.23076923076923095,21.693743447,4.589714527130127,0,99.0896987915039
814.47,-0.4000916112884427,0.8040452840506507,0.21999999999999997,0.23076923076923095,21.693743447,4.589714527130127,0,99.0896987915039
814.57,-0.40022081752703403,0.8100874412594016,0.21999999999999997,0.17948717948717968,21.561386747,4.589714527130127,0,99.0896987915039
814.57,-0.40022081752703403,0.8100874412594016,0.21999999999999997,0.17948717948717968,21.561386747,4.589714527130127,0,98.98562622070312
814.57,-0.40022081752703403,0.8100874412594016,0.21999999999999997,0.17948717948717968,21.561386747,4.589714527130127,0,98.98562622070312
814.57,-0.40022081752703403,0.8100874412594016,0.21999999999999997,0.17948717948717968,21.561386747,4.589714527130127,0,98.98562622070312
814.57,-0.4004048047147941,0.8161058309087321,0.21999999999999997,0.17948717948717968,21.430221327,4.589714527130127,0,98.98562622070312
814.57,-0.4004048047147941,0.8161058309087321,0.21999999999999997,0.17948717948717968,21.430221327,4.589714527130127,0,98.98562622070312
814.57,-0.4004048047147941,0.8161058309087321,0.21999999999999997,0.17948717948717968,21.430221327,4.589714527130127,0,98.98562622070312
814.57,-0.4004048047147941,0.8161058309087321,0.21999999999999997,0.17948717948717968,21.430221327,4.589714527130127,0,98.98562622070312
814.57,-0.40063470962592607,0.8221033257268548,0.21999999999999997,0.17948717948717968,21.301112045,4.589714527130127,0,98.98562622070312
814.57,-0.40063470962592607,0.8221033257268548,0.21999999999999997,0.17948717948717968,21.301112045,4.589714527130127,0,98.98562622070312
814.57,-0.40063470962592607,0.8221033257268548,0.21999999999999997,0.2820512820512822,21.301112045,4.589714527130127,0,98.98562622070312
814.57,-0.40063470962592607,0.8221033257268548,0.21999999999999997,0.2820512820512822,21.301112045,4.589714527130127,0,98.98562622070312
814.6700000000001,-0.4009044460954923,0.8280802806204455,0.21999999999999997,0.2820512820512822,21.296781259,4.589714527130127,0,98.98562622070312
814.6700000000001,-0.4009044460954923,0.8280802806204455,0.21999999999999997,0.2820512820512822,21.296781259,4.589714527130127,0,98.98562622070312
814.6700000000001,-0.4009044460954923,0.8280802806204455,0.21999999999999997,0.2820512820512822,21.296781259,4.589714527130127,0,98.98562622070312
814.6700000000001,-0.4009044460954923,0.8280802806204455,0.21999999999999997,0.2820512820512822,21.296781259,4.589714527130127,0,98.98562622070312
814.6700000000001,-0.4009044460954923,0.8280802806204455,0.21999999999999997,0.2820512820512822,21.296781259,4.589714527130127,0,98.98562622070312
814.6700000000001,-0.4029134204095788,0.8343685898312702,0.21999999999999997,0.2820512820512822,21.063855747,4.539714813232422,0,98.98562622070312
814.6700000000001,-0.4029134204095788,0.8343685898312702,0.21999999999999997,0.2820512820512822,21.063855747,4.539714813232422,0,98.98562622070312
814.6700000000001,-0.40648452548422176,0.8409244794797789,0.21999999999999997,0.23076923076923095,21.063855747,4.539714813232422,0,98.98562622070312
814.6700000000001,-0.40648452548422176,0.8409244794797789,0.21999999999999997,0.23076923076923095,20.936895163,4.539714813232422,0,98.98562622070312
814.6700000000001,-0.40648452548422176,0.8409244794797789,0.21999999999999997,0.23076923076923095,20.936895163,4.539714813232422,0,98.98562622070312
814.6700000000001,-0.40648452548422176,0.8409244794797789,0.21999999999999997,0.23076923076923095,20.936895163,4.539714813232422,0,98.98562622070312
814.7700000000001,-0.410128047595537,0.8474396234706791,0.21999999999999997,0.23076923076923095,20.815898631,4.539714813232422,0,98.98562622070312
814.7700000000001,-0.410128047595537,0.8474396234706791,0.21999999999999997,0.23076923076923095,20.815898631,4.539714813232422,0,98.98562622070312
814.7700000000001,-0.410128047595537,0.8474396234706791,0.21999999999999997,0.23076923076923095,20.815898631,4.539714813232422,0,98.98562622070312
814.7700000000001,-0.410128047595537,0.8474396234706791,0.21999999999999997,0.23076923076923095,20.815898631,4.539714813232422,0,98.98562622070312
814.7700000000001,-0.41384415859764767,0.8539134495134213,0.21999999999999997,0.23076923076923095,20.690002092,4.539714813232422,0,98.98562622070312
814.7700000000001,-0.41384415859764767,0.8539134495134213,0.21999999999999997,0.23076923076923095,20.690002092,4.539714813232422,0,98.98562622070312
814.7700000000001,-0.41384415859764767,0.8539134495134213,0.21999999999999997,0.23076923076923095,20.690002092,4.539714813232422,0,98.98562622070312
814.7700000000001,-0.41384415859764767,0.8539134495134213,0.21999999999999997,0.07076923076923095,20.690002092,4.539714813232422,0,98.98562622070312
814.7700000000001,-0.4176175507500488,0.8603561630063755,0.21999999999999997,0.07076923076923095,20.687731132,4.539714813232422,0,98.98562622070312
814.7700000000001,-0.4176175507500488,0.8603561630063755,0.21999999999999997,0.07076923076923095,20.687731132,4.539714813232422,0,98.98562622070312
814.7700000000001,-0.4176175507500488,0.8603561630063755,0.21999999999999997,0.07076923076923095,20.687731132,4.539714813232422,0,98.98562622070312
814.87,-0.4214364881778131,0.8667822854894839,0.21999999999999997,0.07076923076923095,20.358379956,4.469004154205322,0,98.98562622070312
814.87,-0.4214364881778131,0.8667822854894839,0.21999999999999997,0.02564102564102587,20.358379956,4.469004154205322,0,98.98562622070312
814.87,-0.4214364881778131,0.8667822854894839,0.21999999999999997,0.02564102564102587,20.358379956,4.469004154205322,0,98.98562622070312
814.87,-0.425270527735086,0.8732001455483337,0.21999999999999997,0.02564102564102587,20.357731133,4.469004154205322,0,98.98562622070312
814.87,-0.425270527735086,0.8732001455483337,0.21999999999999997,0.02564102564102587,20.357731133,4.469004154205322,0,98.98562622070312
814.87,-0.425270527735086,0.8732001455483337,0.21999999999999997,0.02564102564102587,20.357731133,4.469004154205322,0,98.98562622070312
814.87,-0.425270527735086,0.8732001455483337,0.21999999999999997,0.17948717948717968,20.357731133,4.469004154205322,0,98.98562622070312
814.87,-0.42910060201232897,0.8796221539080115,0.21999999999999997,0.17948717948717968,20.350679152,4.469004154205322,0,98.98562622070312
814.87,-0.42910060201232897,0.8796221539080115,0.21999999999999997,0.17948717948717968,20.350679152,4.469004154205322,0,98.98562622070312
814.87,-0.42910060201232897,0.8796221539080115,0.21999999999999997,0.17948717948717968,20.350679152,4.469004154205322,0,98.98562622070312
814.97,-0.42910060201232897,0.8796221539080115,0.21999999999999997,0.17948717948717968,20.350679152,4.469004154205322,0,98.98562622070312
814.97,-0.43292841005450855,0.8860411224830873,0.21999999999999997,0.17948717948717968,20.352057711,4.469004154205322,0,98.98562622070312
814.97,-0.43292841005450855,0.8860411224830873,0.21999999999999997,0.17948717948717968,20.352057711,4.469004154205322,0,98.98562622070312
814.97,-0.43292841005450855,0.8860411224830873,0.21999999999999997,0.17948717948717968,20.352057711,4.469004154205322,0,98.98562622070312
814.97,-0.43292841005450855,0.8860411224830873,0.21999999999999997,0.17948717948717968,20.352057711,4.469004154205322,0,98.98562622070312
814.97,-0.43677207943155,0.8924429154634798,0.21999999999999997,0.17948717948717968,20.350641956,4.469004154205322,0,98.98562622070312
814.97,-0.43677207943155,0.8924429154634798,0.21999999999999997,0.23076923076923095,20.350641956,4.469004154205322,0,98.98562622070312
814.97,-0.43677207943155,0.8924429154634798,0.21999999999999997,0.23076923076923095,20.350641956,4.469004154205322,0,98.98562622070312
814.97,-0.44066935977815735,0.8988066858899412,0.21999999999999997,0.23076923076923095,20.353779807,4.469004154205322,0,98.98562622070312
814.97,-0.44066935977815735,0.8988066858899412,0.21999999999999997,0.23076923076923095,20.353779807,4.469004154205322,0,98.98562622070312
814.97,-0.44066935977815735,0.8988066858899412,0.21999999999999997,0.23076923076923095,20.353779807,4.469004154205322,0,98.98562622070312
814.97,-0.44066935977815735,0.8988066858899412,0.21999999999999997,0.23076923076923095,20.353779807,4.469004154205322,0,98.98562622070312
815.07,-0.44066935977815735,0.8988066858899412,0.21999999999999997,0.23076923076923095,20.353779807,4.469004154205322,0,98.88812255859375
815.07,-0.4446363772940286,0.90512664988229,0.21999999999999997,0.23076923076923095,20.353527828,4.469004154205322,0,98.88812255859375
815.07,-0.4446363772940286,0.90512664988229,0.21999999999999997,0.23076923076923095,20.353527828,4.469004154205322,0,98.88812255859375
815.07,-0.4446363772940286,0.90512664988229,0.21999999999999997,0.23076923076923095,20.353527828,4.469004154205322,0,98.88812255859375
815.07,-0.4446363772940286,0.90512664988229,0.20842105263157892,0.23076923076923095,20.353527828,4.469004154205322,0,98.88812255859375
815.07,-0.4446363772940286,0.90512664988229,0.20842105263157892,0.23076923076923095,20.353527828,4.469004154205322,0,98.88812255859375
815.07,-0.4486668810853619,0.9114093999826839,0.20842105263157892,0.23076923076923095,20.355148739,4.469004154205322,0,98.88812255859375
815.07,-0.4486668810853619,0.9114093999826839,0.20842105263157892,0.23076923076923095,20.355148739,4.469004154205322,0,98.88812255859375
815.07,-0.4486668810853619,0.9114093999826839,0.20842105263157892,0.23076923076923095,20.355148739,4.469004154205322,0,98.88812255859375
815.07,-0.4486668810853619,0.9114093999826839,0.20842105263157892,0.23076923076923095,20.355148739,4.469004154205322,0,98.88812255859375
815.07,-0.4525323461081936,0.9173390803790631,0.20842105263157892,0.23076923076923095,20.47285971,4.469004154205322,0,98.88812255859375
815.07,-0.4525323461081936,0.9173390803790631,0.20842105263157892,0.23076923076923095,20.47285971,4.469004154205322,0,98.88812255859375
815.07,-0.4525323461081936,0.9173390803790631,0.20842105263157892,0.23076923076923095,20.47285971,4.469004154205322,0,98.88812255859375
815.07,-0.4525323461081936,0.9173390803790631,0.20842105263157892,0.23076923076923095,20.47285971,4.469004154205322,0,98.88812255859375
815.1700000000001,-0.4564303122141812,0.9232447270485586,0.19684210526315787,0.23076923076923095,20.597243848,4.469004154205322,0,98.88812255859375
815.1700000000001,-0.4564303122141812,0.9232447270485586,0.19684210526315787,0.23076923076923095,20.597243848,4.469004154205322,0,98.88812255859375
815.1700000000001,-0.4564303122141812,0.9232447270485586,0.19684210526315787,0.23076923076923095,20.597243848,4.469004154205322,0,98.88812255859375
815.1700000000001,-0.4564303122141812,0.9232447270485586,0.19684210526315787,0.23076923076923095,20.597243848,4.469004154205322,0,98.88812255859375
815.1700000000001,-0.4601439401531917,0.9288044582619801,0.19684210526315787,0.23076923076923095,20.837894254,4.469004154205322,0,98.88812255859375
815.1700000000001,-0.4601439401531917,0.9288044582619801,0.19684210526315787,0.23076923076923095,20.837894254,4.469004154205322,0,98.88812255859375
815.1700000000001,-0.4601439401531917,0.9288044582619801,0.19684210526315787,0.23076923076923095,20.837894254,4.469004154205322,0,98.88812255859375
815.1700000000001,-0.4601439401531917,0.9288044582619801,0.19684210526315787,0.23076923076923095,20.837894254,4.469004154205322,0,98.88812255859375
815.1700000000001,-0.4601439401531917,0.9288044582619801,0.19684210526315787,0.23076923076923095,20.837894254,4.469004154205322,0,98.88812255859375
815.1700000000001,-0.4638949307904197,0.934333306426522,0.19684210526315787,0.23076923076923095,20.861517952,4.419003963470459,0,98.88812255859375
815.1700000000001,-0.4638949307904197,0.934333306426522,0.19684210526315787,0.23076923076923095,20.861517952,4.419003963470459,0,98.88812255859375
815.2700000000001,-0.4638949307904197,0.934333306426522,0.19684210526315787,0.23076923076923095,20.861517952,4.419003963470459,0,98.88812255859375
815.2700000000001,-0.46769401248932596,0.9398273168435798,0.19684210526315787,0.23076923076923095,21.112391269,4.419003963470459,0,98.88812255859375
815.2700000000001,-0.46769401248932596,0.9398273168435798,0.19684210526315787,0.23076923076923095,21.112391269,4.419003963470459,0,98.88812255859375
815.2700000000001,-0.46769401248932596,0.9398273168435798,0.19684210526315787,0.23076923076923095,21.112391269,4.419003963470459,0,98.88812255859375
815.2700000000001,-0.4702716372301304,0.9439379917413586,0.21999999999999997,0.23076923076923095,21.25407423,4.394603729248047,0,98.88812255859375
815.2700000000001,-0.4702716372301304,0.9439379917413586,0.21999999999999997,0.23076923076923095,21.25407423,4.394603729248047,0,98.88812255859375
815.2700000000001,-0.4702716372301304,0.9439379917413586,0.21999999999999997,0.23076923076923095,21.25407423,4.394603729248047,0,98.88812255859375
815.2700000000001,-0.4702716372301304,0.9439379917413586,0.21999999999999997,0.23076923076923095,21.25407423,4.394603729248047,0,98.88812255859375
815.2700000000001,-0.4725576416841099,0.9478233339414522,0.21999999999999997,0.23076923076923095,21.255492163,4.394603729248047,0,98.88812255859375
815.2700000000001,-0.4725576416841099,0.9478233339414522,0.21999999999999997,0.17948717948717968,21.255492163,4.394603729248047,0,98.88812255859375
815.2700000000001,-0.4725576416841099,0.9478233339414522,0.21999999999999997,0.17948717948717968,21.255492163,4.394603729248047,0,98.88812255859375
815.37,-0.4725576416841099,0.9478233339414522,0.21999999999999997,0.17948717948717968,21.255492163,4.394603729248047,0,98.88812255859375
815.37,-0.4748687724631169,0.9516879568336878,0.21999999999999997,0.17948717948717968,21.25530654,4.394603729248047,0,98.88812255859375
815.37,-0.4748687724631169,0.9516879568336878,0.21999999999999997,0.17948717948717968,21.25530654,4.394603729248047,0,98.88812255859375
815.37,-0.4748687724631169,0.9516879568336878,0.21999999999999997,0.17948717948717968,21.25530654,4.394603729248047,0,98.88812255859375
815.37,-0.4748687724631169,0.9516879568336878,0.21999999999999997,0.17948717948717968,21.25530654,4.394603729248047,0,98.88812255859375
815.37,-0.47720782950058455,0.9555340999724857,0.21999999999999997,0.17948717948717968,21.252323744,4.394603729248047,0,98.88812255859375
815.37,-0.47720782950058455,0.9555340999724857,0.21999999999999997,0.17948717948717968,21.252323744,4.394603729248047,0,98.88812255859375
815.37,-0.47720782950058455,0.9555340999724857,0.21999999999999997,0.17948717948717968,21.252323744,4.394603729248047,0,98.88812255859375
815.37,-0.47720782950058455,0.9555340999724857,0.21999999999999997,0.12820512820512842,21.252323744,4.394603729248047,0,98.88812255859375
815.37,-0.4795654035012869,0.9593629967051628,0.21999999999999997,0.12820512820512842,21.12602933,4.394603729248047,0,98.88812255859375
815.47,-0.4795654035012869,0.9593629967051628,0.21999999999999997,0.12820512820512842,21.12602933,4.394603729248047,0,98.88812255859375
815.47,-0.4795654035012869,0.9593629967051628,0.21999999999999997,0.12820512820512842,21.12602933,4.394603729248047,0,98.88812255859375
815.47,-0.4819455811966803,0.9631760133500202,0.21999999999999997,0.12820512820512842,20.9947911,4.394603729248047,0,98.88812255859375
815.47,-0.4819455811966803,0.9631760133500202,0.21999999999999997,0.12820512820512842,20.9947911,4.394603729248047,0,98.88812255859375
815.47,-0.4819455811966803,0.9631760133500202,0.21999999999999997,0.12820512820512842,20.9947911,4.394603729248047,0,98.88812255859375
815.47,-0.4819455811966803,0.9631760133500202,0.21999999999999997,0.12820512820512842,20.9947911,4.394603729248047,0,98.88812255859375
815.47,-0.4859515814211401,0.9686306983310488,0.21999999999999997,0.12820512820512842,20.9947911,4.394603729248047,0,98.88812255859375
815.47,-0.4859515814211401,0.9686306983310488,0.21999999999999997,0.12820512820512842,20.746500118,4.394603729248047,0,98.88812255859375
815.47,-0.4859515814211401,0.9686306983310488,0.20842105263157892,0.07692307692307715,20.746500118,4.394603729248047,0,98.88812255859375
815.47,-0.4859515814211401,0.9686306983310488,0.20842105263157892,0.07692307692307715,20.746500118,4.394603729248047,0,98.88812255859375
815.47,-0.49047272011219994,0.9745792862547599,0.20842105263157892,0.07692307692307715,20.746500118,4.394603729248047,0,98.88812255859375
815.47,-0.49047272011219994,0.9745792862547599,0.20842105263157892,0.07692307692307715,20.498079592,4.394603729248047,0,98.88812255859375
815.57,-0.49047272011219994,0.9745792862547599,0.20842105263157892,0.07692307692307715,20.498079592,4.394603729248047,0,98.88812255859375
815.57,-0.49047272011219994,0.9745792862547599,0.20842105263157892,0.07692307692307715,20.498079592,4.394603729248047,0,98.79744720458984
815.57,-0.4947782060074381,0.9802023134899057,0.20842105263157892,0.07692307692307715,20.145192812,4.344604015350342,0,98.79744720458984
815.57,-0.4947782060074381,0.9802023134899057,0.20842105263157892,0.07692307692307715,20.145192812,4.344604015350342,0,98.79744720458984
815.57,-0.4947782060074381,0.9802023134899057,0.20842105263157892,0.07692307692307715,20.145192812,4.344604015350342,0,98.79744720458984
815.57,-0.4947782060074381,0.9802023134899057,0.20842105263157892,0.07692307692307715,20.145192812,4.344604015350342,0,98.79744720458984
815.57,-0.49910596870384244,0.9858060429196497,0.21999999999999997,0.17948717948717968,20.02290489,4.344604015350342,0,98.79744720458984
815.57,-0.49910596870384244,0.9858060429196497,0.21999999999999997,0.17948717948717968,20.02290489,4.344604015350342,0,98.79744720458984
815.57,-0.49910596870384244,0.9858060429196497,0.21999999999999997,0.17948717948717968,20.02290489,4.344604015350342,0,98.79744720458984
815.57,-0.49910596870384244,0.9858060429196497,0.21999999999999997,0.17948717948717968,20.02290489,4.344604015350342,0,98.79744720458984
815.57,-0.5036992382258301,0.9916955298468649,0.21999999999999997,0.17948717948717968,20.016296894,4.344604015350342,0,98.79744720458984
815.57,-0.5036992382258301,0.9916955298468649,0.21999999999999997,0.17948717948717968,20.016296894,4.344604015350342,0,98.79744720458984
815.6700000000001,-0.5036992382258301,0.9916955298468649,0.21999999999999997,0.17948717948717968,20.016296894,4.344604015350342,0,98.79744720458984
815.6700000000001,-0.5036992382258301,0.9916955298468649,0.21999999999999997,0.17948717948717968,20.016296894,4.344604015350342,0,98.79744720458984
815.6700000000001,-0.5083297439814556,0.9975560258127664,0.21999999999999997,0.17948717948717968,20.016296894,4.344604015350342,0,98.79744720458984
815.6700000000001,-0.5083297439814556,0.9975560258127664,0.21999999999999997,0.17948717948717968,20.009594679,4.344604015350342,0,98.79744720458984
815.6700000000001,-0.5083297439814556,0.9975560258127664,0.20842105263157892,0.17948717948717968,20.009594679,4.344604015350342,0,98.79744720458984
815.6700000000001,-0.5083297439814556,0.9975560258127664,0.20842105263157892,0.17948717948717968,20.009594679,4.344604015350342,0,98.79744720458984
815.6700000000001,-0.5130060167357791,1.0033787973471215,0.20842105263157892,0.17948717948717968,20.014789753,4.344604015350342,0,98.79744720458984
815.6700000000001,-0.5130060167357791,1.0033787973471215,0.20842105263157892,0.17948717948717968,20.014789753,4.344604015350342,0,98.79744720458984
815.6700000000001,-0.5130060167357791,1.0033787973471215,0.20842105263157892,0.17948717948717968,20.014789753,4.344604015350342,0,98.79744720458984
815.6700000000001,-0.5174816775010762,1.0088601611515797,0.20842105263157892,0.17948717948717968,20.014789753,4.344604015350342,0,98.79744720458984
815.6700000000001,-0.5174816775010762,1.0088601611515797,0.20842105263157892,0.17948717948717968,20.129927691,4.344604015350342,0,98.79744720458984
815.6700000000001,-0.5174816775010762,1.0088601611515797,0.20842105263157892,0.17948717948717968,20.129927691,4.344604015350342,0,98.79744720458984
815.7700000000001,-0.5174816775010762,1.0088601611515797,0.20842105263157892,0.17948717948717968,20.129927691,4.344604015350342,0,98.79744720458984
815.7700000000001,-0.5219982098922773,1.0143072316111177,0.20842105263157892,0.17948717948717968,20.129927691,4.344604015350342,0,98.79744720458984
815.7700000000001,-0.5219982098922773,1.0143072316111177,0.21999999999999997,0.01948717948717968,19.922960321,4.273893356323242,0,98.79744720458984
815.7700000000001,-0.5219982098922773,1.0143072316111177,0.21999999999999997,0.01948717948717968,19.922960321,4.273893356323242,0,98.79744720458984
815.7700000000001,-0.5219982098922773,1.0143072316111177,0.21999999999999997,0.01948717948717968,19.922960321,4.273893356323242,0,98.79744720458984
815.7700000000001,-0.5268087159088388,1.020026697230669,0.21999999999999997,0.01948717948717968,19.922960321,4.273893356323242,0,98.79744720458984
815.7700000000001,-0.5268087159088388,1.020026697230669,0.21999999999999997,-0.07692307692307669,19.922998017,4.273893356323242,0,98.79744720458984
815.7700000000001,-0.5268087159088388,1.020026697230669,0.21999999999999997,-0.07692307692307669,19.922998017,4.273893356323242,0,98.79744720458984
815.7700000000001,-0.5268087159088388,1.020026697230669,0.21999999999999997,-0.07692307692307669,19.922998017,4.273893356323242,0,98.79744720458984
815.7700000000001,-0.5316413018292205,1.0257321779495543,0.21999999999999997,-0.07692307692307669,19.916548545,4.273893356323242,0,98.79744720458984
815.87,-0.5316413018292205,1.0257321779495543,0.21999999999999997,-0.07692307692307669,19.916548545,4.273893356323242,0,98.79744720458984
815.87,-0.5364825340951975,1.0314405763584666,0.21999999999999997,0.07692307692307716,19.916548545,4.273893356323242,0,98.79744720458984
815.87,-0.5364825340951975,1.0314405763584666,0.21999999999999997,0.07692307692307716,19.916548545,4.273893356323242,0,98.79744720458984
815.87,-0.5364825340951975,1.0314405763584666,0.21999999999999997,0.07692307692307716,19.796439977,4.273893356323242,0,98.79744720458984
815.87,-0.5364825340951975,1.0314405763584666,0.21999999999999997,0.07692307692307716,19.796439977,4.273893356323242,0,98.79744720458984
815.87,-0.5364825340951975,1.0314405763584666,0.21999999999999997,0.07692307692307716,19.796439977,4.273893356323242,0,98.79744720458984
815.87,-0.5412967057102143,1.0371648833508775,0.21999999999999997,0.07692307692307716,19.677181961,4.273893356323242,0,98.79744720458984
815.87,-0.5412967057102143,1.0371648833508775,0.21999999999999997,0.07692307692307715,19.677181961,4.273893356323242,0,98.79744720458984
815.87,-0.5412967057102143,1.0371648833508775,0.21999999999999997,0.07692307692307715,19.677181961,4.273893356323242,0,98.79744720458984
815.87,-0.5461071372347113,1.0428873774479959,0.21999999999999997,0.07692307692307715,19.677181961,4.273893356323242,0,98.79744720458984
815.97,-0.5461071372347113,1.0428873774479959,0.21999999999999997,0.07692307692307715,19.680956964,4.273893356323242,0,98.79744720458984
815.97,-0.5461071372347113,1.0428873774479959,0.20842105263157892,0.07692307692307715,19.680956964,4.273893356323242,0,98.79744720458984
815.97,-0.5461071372347113,1.0428873774479959,0.20842105263157892,0.07692307692307715,19.680956964,4.273893356323242,0,98.79744720458984
815.97,-0.5509431776130687,1.0485786283285614,0.20842105263157892,0.07692307692307715,19.68177427,4.273893356323242,0,98.79744720458984
815.97,-0.5509431776130687,1.0485786283285614,0.20842105263157892,0.07692307692307715,19.68177427,4.273893356323242,0,98.79744720458984
815.97,-0.5509431776130687,1.0485786283285614,0.20842105263157892,0.07692307692307715,19.68177427,4.273893356323242,0,98.79744720458984
815.97,-0.5509431776130687,1.0485786283285614,0.20842105263157892,0.07692307692307715,19.68177427,4.273893356323242,0,98.79744720458984
815.97,-0.5555726294574002,1.053930070028935,0.20842105263157892,0.07692307692307715,19.794848563,4.273893356323242,0,98.79744720458984
815.97,-0.5555726294574002,1.053930070028935,0.20842105263157892,0.07692307692307715,19.794848563,4.273893356323242,0,98.79744720458984
815.97,-0.5555726294574002,1.053930070028935,0.20842105263157892,0.07692307692307715,19.794848563,4.273893356323242,0,98.79744720458984
815.97,-0.5555726294574002,1.053930070028935,0.20842105263157892,0.07692307692307715,19.794848563,4.273893356323242,0,98.79744720458984
815.97,-0.5602388430873175,1.0592537460825755,0.20842105263157892,0.07692307692307715,19.792124644,4.273893356323242,0,98.79744720458984
816.07,-0.5602388430873175,1.0592537460825755,0.19684210526315787,0.02564102564102587,19.792124644,4.273893356323242,0,98.79744720458984
816.07,-0.5602388430873175,1.0592537460825755,0.19684210526315787,0.02564102564102587,19.792124644,4.273893356323242,0,98.68772888183594
816.07,-0.5649213658508707,1.0645697380288783,0.19684210526315787,0.02564102564102587,19.792124644,4.273893356323242,0,98.68772888183594
816.07,-0.5649213658508707,1.0645697380288783,0.19684210526315787,0.02564102564102587,19.789258803,4.273893356323242,0,98.68772888183594
816.07,-0.5649213658508707,1.0645697380288783,0.19684210526315787,0.02564102564102587,19.789258803,4.273893356323242,0,98.68772888183594
816.07,-0.5649213658508707,1.0645697380288783,0.19684210526315787,0.02564102564102587,19.789258803,4.273893356323242,0,98.68772888183594
816.07,-0.5693445197392312,1.0695954940162524,0.19684210526315787,0.02564102564102587,19.687873266,4.203182697296143,0,98.68772888183594
816.07,-0.5693445197392312,1.0695954940162524,0.19684210526315787,0.02564102564102587,19.687873266,4.203182697296143,0,98.68772888183594
816.07,-0.5693445197392312,1.0695954940162524,0.19684210526315787,0.02564102564102587,19.687873266,4.203182697296143,0,98.68772888183594
816.07,-0.5693445197392312,1.0695954940162524,0.19684210526315787,0.02564102564102587,19.687873266,4.203182697296143,0,98.68772888183594
816.07,-0.5693445197392312,1.0695954940162524,0.21999999999999997,0.18564102564102586,19.687873266,4.203182697296143,0,98.68772888183594
816.1700000000001,-0.5737581530922218,1.0746280289408585,0.21999999999999997,0.18564102564102586,19.93098805,4.203182697296143,0,98.68772888183594
816.1700000000001,-0.5737581530922218,1.0746280289408585,0.21999999999999997,0.18564102564102586,19.93098805,4.203182697296143,0,98.68772888183594
816.1700000000001,-0.5737581530922218,1.0746280289408585,0.21999999999999997,0.18564102564102586,19.93098805,4.203182697296143,0,98.68772888183594
816.1700000000001,-0.5737581530922218,1.0746280289408585,0.21999999999999997,0.18564102564102586,19.93098805,4.203182697296143,0,98.68772888183594
816.1700000000001,-0.5786613225337762,1.0802059571211744,0.21999999999999997,0.23076923076923095,19.950548035,4.203182697296143,0,98.68772888183594
816.1700000000001,-0.5786613225337762,1.0802059571211744,0.21999999999999997,0.23076923076923095,19.950548035,4.203182697296143,0,98.68772888183594
816.1700000000001,-0.5786613225337762,1.0802059571211744,0.21999999999999997,0.23076923076923095,19.950548035,4.203182697296143,0,98.68772888183594
816.1700000000001,-0.5836178972430688,1.0857882301687758,0.21999999999999997,0.23076923076923095,20.022565608,4.217534065246582,0,98.68772888183594
816.1700000000001,-0.5836178972430688,1.0857882301687758,0.21999999999999997,0.23076923076923095,20.022565608,4.217534065246582,0,98.68772888183594
816.1700000000001,-0.5836178972430688,1.0857882301687758,0.21999999999999997,0.23076923076923095,20.022565608,4.217534065246582,0,98.68772888183594
816.1700000000001,-0.5836178972430688,1.0857882301687758,0.20842105263157892,0.23076923076923095,20.022565608,4.217534065246582,0,98.68772888183594
816.2700000000001,-0.5886285872769224,1.0913174693103953,0.20842105263157892,0.23076923076923095,20.022383431,4.217534065246582,0,98.68772888183594
816.2700000000001,-0.5886285872769224,1.0913174693103953,0.20842105263157892,0.23076923076923095,20.022383431,4.217534065246582,0,98.68772888183594
816.2700000000001,-0.5886285872769224,1.0913174693103953,0.20842105263157892,0.23076923076923095,20.022383431,4.217534065246582,0,98.68772888183594
816.2700000000001,-0.5886285872769224,1.0913174693103953,0.20842105263157892,0.23076923076923095,20.022383431,4.217534065246582,0,98.68772888183594
816.2700000000001,-0.5886285872769224,1.0913174693103953,0.20842105263157892,0.23076923076923095,20.022383431,4.217534065246582,0,98.68772888183594
816.2700000000001,-0.5934109099271598,1.0964687051788267,0.20842105263157892,0.23076923076923095,20.022383431,4.217534065246582,0,98.68772888183594
816.2700000000001,-0.5934109099271598,1.0964687051788267,0.20842105263157892,0.23076923076923095,20.022383431,4.217534065246582,0,98.68772888183594
816.2700000000001,-0.5934109099271598,1.0964687051788267,0.19684210526315787,0.23076923076923095,20.160010124,4.217534065246582,0,98.68772888183594
816.2700000000001,-0.5934109099271598,1.0964687051788267,0.19684210526315787,0.23076923076923095,20.160010124,4.217534065246582,0,98.68772888183594
816.2700000000001,-0.598274407051764,1.1016040107280225,0.19684210526315787,0.23076923076923095,20.160720326,4.217534065246582,0,98.68772888183594
816.2700000000001,-0.598274407051764,1.1016040107280225,0.19684210526315787,0.23076923076923095,20.160720326,4.217534065246582,0,98.68772888183594
816.2700000000001,-0.598274407051764,1.1016040107280225,0.19684210526315787,0.23076923076923095,20.160720326,4.217534065246582,0,98.68772888183594
816.2700000000001,-0.602872998686601,1.1063995137823746,0.19684210526315787,0.23076923076923095,20.296640667,4.217534065246582,0,98.68772888183594
816.37,-0.602872998686601,1.1063995137823746,0.19684210526315787,0.23076923076923095,20.296640667,4.217534065246582,0,98.68772888183594
816.37,-0.602872998686601,1.1063995137823746,0.19684210526315787,0.23076923076923095,20.296640667,4.217534065246582,0,98.68772888183594
816.37,-0.602872998686601,1.1063995137823746,0.19684210526315787,0.23076923076923095,20.296640667,4.217534065246582,0,98.68772888183594
816.37,-0.6075204158154037,1.1112047554190707,0.19684210526315787,0.23076923076923095,20.423367211,4.217534065246582,0,98.68772888183594
816.37,-0.6075204158154037,1.1112047554190707,0.19684210526315787,0.23076923076923095,20.423367211,4.217534065246582,0,98.68772888183594
816.37,-0.6075204158154037,1.1112047554190707,0.18526315789473682,0.17948717948717968,20.423367211,4.217534065246582,0,98.68772888183594
816.37,-0.6121885069682251,1.11598802373672,0.18526315789473682,0.17948717948717968,20.423367211,4.217534065246582,0,98.68772888183594
816.37,-0.6121885069682251,1.11598802373672,0.18526315789473682,0.17948717948717968,20.433702888,4.217534065246582,0,98.68772888183594
816.37,-0.6121885069682251,1.11598802373672,0.18526315789473682,0.17948717948717968,20.433702888,4.217534065246582,0,98.68772888183594
816.37,-0.6121885069682251,1.11598802373672,0.18526315789473682,0.17948717948717968,20.433702888,4.217534065246582,0,98.68772888183594
816.47,-0.6165856318361835,1.1204249236103663,0.18526315789473682,0.17948717948717968,20.224427373,4.146823406219482,0,98.68772888183594
816.47,-0.6165856318361835,1.1204249236103663,0.18526315789473682,0.17948717948717968,20.224427373,4.146823406219482,0,98.68772888183594
816.47,-0.6165856318361835,1.1204249236103663,0.18526315789473682,0.17948717948717968,20.224427373,4.146823406219482,0,98.68772888183594
816.47,-0.6165856318361835,1.1204249236103663,0.18526315789473682,0.17948717948717968,20.224427373,4.146823406219482,0,98.68772888183594
816.47,-0.6165856318361835,1.1204249236103663,0.18526315789473682,0.17948717948717968,20.224427373,4.146823406219482,0,98.68772888183594
816.47,-0.6218689373615864,1.12398600633107,0.17368421052631577,0.17948717948717968,20.596144369,4.146823406219482,0,98.68772888183594
816.47,-0.6218689373615864,1.12398600633107,0.17368421052631577,0.17948717948717968,20.596144369,4.146823406219482,0,98.68772888183594
816.47,-0.6218689373615864,1.12398600633107,0.17368421052631577,0.17948717948717968,20.596144369,4.146823406219482,0,98.68772888183594
816.47,-0.6285974633708327,1.1253807849166393,0.17368421052631577,0.17948717948717968,20.596144369,4.146823406219482,0,98.68772888183594
816.47,-0.6285974633708327,1.1253807849166393,0.17368421052631577,0.17948717948717968,21.152760341,4.146823406219482,0,98.68772888183594
816.47,-0.6285974633708327,1.1253807849166393,0.17368421052631577,0.17948717948717968,21.152760341,4.146823406219482,0,98.68772888183594
816.47,-0.6285974633708327,1.1253807849166393,0.17368421052631577,0.17948717948717968,21.152760341,4.146823406219482,0,98.68772888183594
816.57,-0.6285974633708327,1.1253807849166393,0.17368421052631577,0.17948717948717968,21.152760341,4.146823406219482,0,98.68772888183594
816.57,-0.6353898249209976,1.126767313292054,0.17368421052631577,0.17948717948717968,21.704602279,4.146823406219482,0,98.59262084960938
816.57,-0.6353898249209976,1.126767313292054,0.17368421052631577,0.17948717948717968,21.704602279,4.146823406219482,0,98.59262084960938
816.57,-0.6353898249209976,1.126767313292054,0.21999999999999997,0.2820512820512822,21.704602279,4.146823406219482,0,98.59262084960938
816.57,-0.6353898249209976,1.126767313292054,0.21999999999999997,0.2820512820512822,21.704602279,4.146823406219482,0,98.59262084960938
816.57,-0.6422093033241504,1.1281176473274976,0.21999999999999997,0.2820512820512822,22.135182557,4.146823406219482,0,98.59262084960938
816.57,-0.6422093033241504,1.1281176473274976,0.21999999999999997,0.2820512820512822,22.135182557,4.146823406219482,0,98.59262084960938
816.57,-0.6422093033241504,1.1281176473274976,0.21999999999999997,0.2820512820512822,22.135182557,4.146823406219482,0,98.59262084960938
816.57,-0.6498672140798549,1.1301804378697748,0.21999999999999997,0.2820512820512822,22.164994186,4.146823406219482,0,98.59262084960938
816.57,-0.6498672140798549,1.1301804378697748,0.21999999999999997,0.2820512820512822,22.164994186,4.146823406219482,0,98.59262084960938
816.57,-0.6498672140798549,1.1301804378697748,0.21999999999999997,0.2820512820512822,22.164994186,4.146823406219482,0,98.59262084960938
816.6700000000001,-0.6498672140798549,1.1301804378697748,0.21999999999999997,0.2820512820512822,22.164994186,4.146823406219482,0,98.59262084960938
816.6700000000001,-0.6579221546458855,1.1325119876620922,0.21999999999999997,0.2820512820512822,22.164994186,4.146823406219482,0,98.59262084960938
816.6700000000001,-0.6579221546458855,1.1325119876620922,0.21999999999999997,0.17948717948717968,21.916465742,4.146823406219482,0,98.59262084960938
816.6700000000001,-0.6579221546458855,1.1325119876620922,0.21999999999999997,0.17948717948717968,21.916465742,4.146823406219482,0,98.59262084960938
816.6700000000001,-0.6579221546458855,1.1325119876620922,0.21999999999999997,0.17948717948717968,21.916465742,4.146823406219482,0,98.59262084960938
816.6700000000001,-0.6649490028590089,1.1358792520839471,0.21999999999999997,0.17948717948717968,21.916465742,4.146823406219482,0,98.59262084960938
816.6700000000001,-0.6649490028590089,1.1358792520839471,0.21999999999999997,0.17948717948717968,21.689143136,4.146823406219482,0,98.59262084960938
816.6700000000001,-0.6649490028590089,1.1358792520839471,0.21999999999999997,0.17948717948717968,21.689143136,4.146823406219482,0,98.59262084960938
816.6700000000001,-0.6649490028590089,1.1358792520839471,0.21999999999999997,0.17948717948717968,21.689143136,4.146823406219482,0,98.59262084960938
816.6700000000001,-0.6704784792095617,1.1407649994853704,0.21999999999999997,0.17948717948717968,21.37791323,4.146823406219482,0,98.59262084960938
816.6700000000001,-0.6704784792095617,1.1407649994853704,0.21999999999999997,0.17948717948717968,21.37791323,4.146823406219482,0,98.59262084960938
816.7700000000001,-0.6760745895498091,1.145603995108328,0.20842105263157892,0.17948717948717968,20.899193285,4.146823406219482,0,98.59262084960938
816.7700000000001,-0.6760745895498091,1.145603995108328,0.20842105263157892,0.17948717948717968,20.899193285,4.146823406219482,0,98.59262084960938
816.7700000000001,-0.6760745895498091,1.145603995108328,0.20842105263157892,0.17948717948717968,20.899193285,4.146823406219482,0,98.59262084960938
816.7700000000001,-0.6760745895498091,1.145603995108328,0.20842105263157892,0.17948717948717968,20.899193285,4.146823406219482,0,98.59262084960938
816.7700000000001,-0.681464271985747,1.1501927680336,0.20842105263157892,0.17948717948717968,20.275611868,4.076112747192383,0,98.59262084960938
816.7700000000001,-0.681464271985747,1.1501927680336,0.20842105263157892,0.17948717948717968,20.275611868,4.076112747192383,0,98.59262084960938
816.7700000000001,-0.681464271985747,1.1501927680336,0.20842105263157892,0.17948717948717968,20.275611868,4.076112747192383,0,98.59262084960938
816.7700000000001,-0.681464271985747,1.1501927680336,0.20842105263157892,0.17948717948717968,20.275611868,4.076112747192383,0,98.59262084960938
816.7700000000001,-0.6868793785476686,1.1547522335398206,0.20842105263157892,0.17948717948717968,19.879614382,4.076112747192383,0,98.59262084960938
816.7700000000001,-0.6868793785476686,1.1547522335398206,0.20842105263157892,0.17948717948717968,19.879614382,4.076112747192383,0,98.59262084960938
816.7700000000001,-0.6868793785476686,1.1547522335398206,0.20842105263157892,0.17948717948717968,19.879614382,4.076112747192383,0,98.59262084960938
816.87,-0.6868793785476686,1.1547522335398206,0.19684210526315787,0.12820512820512842,19.879614382,4.076112747192383,0,98.59262084960938
816.87,-0.6923220130234474,1.159279265032754,0.19684210526315787,0.12820512820512842,19.523590285,4.076112747192383,0,98.59262084960938
816.87,-0.6923220130234474,1.159279265032754,0.19684210526315787,0.12820512820512842,19.523590285,4.076112747192383,0,98.59262084960938
816.87,-0.6923220130234474,1.159279265032754,0.19684210526315787,0.12820512820512842,19.523590285,4.076112747192383,0,98.59262084960938
816.87,-0.6923220130234474,1.159279265032754,0.19684210526315787,0.12820512820512842,19.523590285,4.076112747192383,0,98.59262084960938
816.87,-0.6923220130234474,1.159279265032754,0.19684210526315787,0.12820512820512842,19.523590285,4.076112747192383,0,98.59262084960938
816.87,-0.6923220130234474,1.159279265032754,0.19684210526315787,0.12820512820512842,19.523590285,4.076112747192383,0,98.59262084960938
816.87,-0.6974882368890016,1.1635254239102655,0.19684210526315787,0.12820512820512842,19.286501787,4.076112747192383,0,98.59262084960938
816.87,-0.6974882368890016,1.1635254239102655,0.19684210526315787,0.12820512820512842,19.286501787,4.076112747192383,0,98.59262084960938
816.87,-0.6974882368890016,1.1635254239102655,0.19684210526315787,0.12820512820512842,19.286501787,4.076112747192383,0,98.59262084960938
816.87,-0.6974882368890016,1.1635254239102655,0.21999999999999997,0.23076923076923095,19.286501787,4.076112747192383,0,98.59262084960938
816.87,-0.702682946088586,1.1677338260995747,0.21999999999999997,0.23076923076923095,19.378480183,4.076112747192383,0,98.59262084960938
816.87,-0.702682946088586,1.1677338260995747,0.21999999999999997,0.23076923076923095,19.378480183,4.076112747192383,0,98.59262084960938
816.87,-0.702682946088586,1.1677338260995747,0.21999999999999997,0.23076923076923095,19.378480183,4.076112747192383,0,98.59262084960938
816.97,-0.702682946088586,1.1677338260995747,0.21999999999999997,0.23076923076923095,19.378480183,4.076112747192383,0,98.59262084960938
816.97,-0.7085167726004064,1.1723932610813483,0.21999999999999997,0.23076923076923095,19.378480183,4.076112747192383,0,98.59262084960938
816.97,-0.7085167726004064,1.1723932610813483,0.21999999999999997,0.23076923076923095,19.328420663,4.076112747192383,0,98.59262084960938
816.97,-0.7085167726004064,1.1723932610813483,0.21999999999999997,0.23076923076923095,19.328420663,4.076112747192383,0,98.59262084960938
816.97,-0.7085167726004064,1.1723932610813483,0.21999999999999997,0.23076923076923095,19.328420663,4.076112747192383,0,98.59262084960938
816.97,-0.7143853844216975,1.1770079259571933,0.21999999999999997,0.23076923076923095,19.284995562,4.076112747192383,0,98.59262084960938
816.97,-0.7143853844216975,1.1770079259571933,0.20842105263157892,0.23076923076923095,19.284995562,4.076112747192383,0,98.59262084960938
816.97,-0.7143853844216975,1.1770079259571933,0.20842105263157892,0.23076923076923095,19.284995562,4.076112747192383,0,98.59262084960938
816.97,-0.7202954031686538,1.1815668699653954,0.20842105263157892,0.23076923076923095,19.063746471,4.0261125564575195,0,98.59262084960938
816.97,-0.7202954031686538,1.1815668699653954,0.20842105263157892,0.23076923076923095,19.063746471,4.0261125564575195,0,98.59262084960938
817.07,-0.7202954031686538,1.1815668699653954,0.20842105263157892,0.23076923076923095,19.063746471,4.0261125564575195,0,98.59262084960938
817.07,-0.7202954031686538,1.1815668699653954,0.20842105263157892,0.23076923076923095,19.063746471,4.0261125564575195,0,98.48507690429688
817.07,-0.7259359865981028,1.1858313281463462,0.20842105263157892,0.23076923076923095,19.230837206,4.0261125564575195,0,98.48507690429688
817.07,-0.7259359865981028,1.1858313281463462,0.20842105263157892,0.23076923076923095,19.230837206,4.0261125564575195,0,98.48507690429688
817.07,-0.7259359865981028,1.1858313281463462,0.20842105263157892,0.23076923076923095,19.230837206,4.0261125564575195,0,98.48507690429688
817.07,-0.7259359865981028,1.1858313281463462,0.20842105263157892,0.12820512820512842,19.230837206,4.0261125564575195,0,98.48507690429688
817.07,-0.7316138857083309,1.1900432820663742,0.20842105263157892,0.12820512820512842,19.230837206,4.0261125564575195,0,98.48507690429688
817.07,-0.7316138857083309,1.1900432820663742,0.20842105263157892,0.12820512820512842,19.281200234,4.03583288192749,0,98.48507690429688
817.07,-0.7316138857083309,1.1900432820663742,0.20842105263157892,0.12820512820512842,19.281200234,4.03583288192749,0,98.48507690429688
817.07,-0.7316138857083309,1.1900432820663742,0.20842105263157892,0.12820512820512842,19.281200234,4.03583288192749,0,98.48507690429688
817.07,-0.7373340988657682,1.1942050197880167,0.20842105263157892,0.12820512820512842,19.278850139,4.03583288192749,0,98.48507690429688
817.07,-0.7373340988657682,1.1942050197880167,0.20842105263157892,0.12820512820512842,19.278850139,4.03583288192749,0,98.48507690429688
817.1700000000001,-0.7373340988657682,1.1942050197880167,0.20842105263157892,0.12820512820512842,19.278850139,4.03583288192749,0,98.48507690429688
817.1700000000001,-0.7373340988657682,1.1942050197880167,0.20842105263157892,0.12820512820512842,19.278850139,4.03583288192749,0,98.48507690429688
817.1700000000001,-0.7430826140491342,1.1983340255574542,0.20842105263157892,0.12820512820512842,19.278850139,4.03583288192749,0,98.48507690429688
817.1700000000001,-0.7430826140491342,1.1983340255574542,0.20842105263157892,0.12820512820512842,19.280132956,4.03583288192749,0,98.48507690429688
817.1700000000001,-0.7430826140491342,1.1983340255574542,0.21999999999999997,0.17948717948717968,19.280132956,4.03583288192749,0,98.48507690429688
817.1700000000001,-0.7430826140491342,1.1983340255574542,0.21999999999999997,0.17948717948717968,19.280132956,4.03583288192749,0,98.48507690429688
817.1700000000001,-0.7488424466951905,1.2024518041094319,0.21999999999999997,0.17948717948717968,19.161559251,4.03583288192749,0,98.48507690429688
817.1700000000001,-0.7488424466951905,1.2024518041094319,0.21999999999999997,0.17948717948717968,19.161559251,4.03583288192749,0,98.48507690429688
817.1700000000001,-0.7488424466951905,1.2024518041094319,0.21999999999999997,0.17948717948717968,19.161559251,4.03583288192749,0,98.48507690429688
817.1700000000001,-0.7549255542505123,1.206781136609198,0.21999999999999997,0.17948717948717968,18.704658021,3.985832691192627,0,98.48507690429688
817.1700000000001,-0.7549255542505123,1.206781136609198,0.21999999999999997,0.17948717948717968,18.704658021,3.985832691192627,0,98.48507690429688
817.2700000000001,-0.7549255542505123,1.206781136609198,0.21999999999999997,0.17948717948717968,18.704658021,3.985832691192627,0,98.48507690429688
817.2700000000001,-0.7549255542505123,1.206781136609198,0.21999999999999997,0.17948717948717968,18.704658021,3.985832691192627,0,98.48507690429688
817.2700000000001,-0.7610356863743889,1.2110692818993511,0.21999999999999997,0.17948717948717968,18.711085125,3.985832691192627,0,98.48507690429688
817.2700000000001,-0.7610356863743889,1.2110692818993511,0.21999999999999997,0.07692307692307715,18.711085125,3.985832691192627,0,98.48507690429688
817.2700000000001,-0.7610356863743889,1.2110692818993511,0.21999999999999997,0.07692307692307715,18.711085125,3.985832691192627,0,98.48507690429688
817.2700000000001,-0.7610356863743889,1.2110692818993511,0.21999999999999997,0.07692307692307715,18.711085125,3.985832691192627,0,98.48507690429688
817.2700000000001,-0.7671934523396152,1.2152820730985074,0.21999999999999997,0.07692307692307715,18.708481333,3.985832691192627,0,98.48507690429688
817.2700000000001,-0.7671934523396152,1.2152820730985074,0.21999999999999997,0.07692307692307715,18.708481333,3.985832691192627,0,98.48507690429688
817.2700000000001,-0.7671934523396152,1.2152820730985074,0.21999999999999997,0.07692307692307715,18.708481333,3.985832691192627,0,98.48507690429688
817.2700000000001,-0.7671934523396152,1.2152820730985074,0.21999999999999997,0.07692307692307715,18.708481333,3.985832691192627,0,98.48507690429688
817.2700000000001,-0.7734064867448748,1.219426033837947,0.21999999999999997,0.07692307692307715,18.711132271,3.985832691192627,0,98.48507690429688
817.2700000000001,-0.7734064867448748,1.219426033837947,0.21999999999999997,0.07692307692307715,18.711132271,3.985832691192627,0,98.48507690429688
817.2700000000001,-0.7734064867448748,1.219426033837947,0.19684210526315787,0.12820512820512842,18.711132271,3.985832691192627,0,98.48507690429688
817.2700000000001,-0.7734064867448748,1.219426033837947,0.19684210526315787,0.12820512820512842,18.711132271,3.985832691192627,0,98.48507690429688
817.37,-0.7734064867448748,1.219426033837947,0.19684210526315787,0.12820512820512842,18.711132271,3.985832691192627,0,98.48507690429688
817.37,-0.7734064867448748,1.219426033837947,0.19684210526315787,0.12820512820512842,18.711132271,3.985832691192627,0,98.48507690429688
817.37,-0.7796510680767347,1.2235392659276567,0.19684210526315787,0.12820512820512842,18.596236851,3.985832691192627,0,98.48507690429688
817.37,-0.7796510680767347,1.2235392659276567,0.19684210526315787,0.12820512820512842,18.596236851,3.985832691192627,0,98.48507690429688
817.37,-0.7796510680767347,1.2235392659276567,0.19684210526315787,0.12820512820512842,18.596236851,3.985832691192627,0,98.48507690429688
817.37,-0.7796510680767347,1.2235392659276567,0.19684210526315787,0.12820512820512842,18.596236851,3.985832691192627,0,98.48507690429688
817.37,-0.7852417232565521,1.2272270038419764,0.19684210526315787,0.12820512820512842,18.705860527,3.985832691192627,0,98.48507690429688
817.37,-0.7852417232565521,1.2272270038419764,0.19684210526315787,0.12820512820512842,18.705860527,3.985832691192627,0,98.48507690429688
817.37,-0.7852417232565521,1.2272270038419764,0.19684210526315787,0.12820512820512842,18.705860527,3.985832691192627,0,98.48507690429688
817.37,-0.7852417232565521,1.2272270038419764,0.19684210526315787,0.07692307692307715,18.705860527,3.985832691192627,0,98.48507690429688
817.37,-0.7908238830873864,1.2309168778119632,0.19684210526315787,0.07692307692307715,18.817087302,3.985832691192627,0,98.48507690429688
817.47,-0.7908238830873864,1.2309168778119632,0.19684210526315787,0.07692307692307715,18.817087302,3.985832691192627,0,98.48507690429688
817.47,-0.7908238830873864,1.2309168778119632,0.19684210526315787,0.07692307692307715,18.817087302,3.985832691192627,0,98.48507690429688
817.47,-0.7908238830873864,1.2309168778119632,0.19684210526315787,0.07692307692307715,18.817087302,3.985832691192627,0,98.48507690429688
817.47,-0.7964153607815412,1.2345856867532283,0.19684210526315787,0.07692307692307715,18.59686847,3.9151220321655273,0,98.48507690429688
817.47,-0.7964153607815412,1.2345856867532283,0.19684210526315787,0.07692307692307715,18.59686847,3.9151220321655273,0,98.48507690429688
817.47,-0.7964153607815412,1.2345856867532283,0.19684210526315787,0.07692307692307715,18.59686847,3.9151220321655273,0,98.48507690429688
817.47,-0.7964153607815412,1.2345856867532283,0.19684210526315787,0.07692307692307715,18.59686847,3.9151220321655273,0,98.48507690429688
817.47,-0.8020323071856383,1.2382098489702673,0.19684210526315787,0.07692307692307715,18.708278068,3.9151220321655273,0,98.48507690429688
817.47,-0.8020323071856383,1.2382098489702673,0.17368421052631577,0.12820512820512842,18.708278068,3.9151220321655273,0,98.48507690429688
817.47,-0.8020323071856383,1.2382098489702673,0.17368421052631577,0.12820512820512842,18.708278068,3.9151220321655273,0,98.48507690429688
817.47,-0.8076738543920777,1.2418005729034385,0.17368421052631577,0.12820512820512842,18.933954327,3.9151220321655273,0,98.48507690429688
817.57,-0.8076738543920777,1.2418005729034385,0.17368421052631577,0.12820512820512842,18.933954327,3.9151220321655273,0,98.48507690429688
817.57,-0.8076738543920777,1.2418005729034385,0.17368421052631577,0.12820512820512842,18.933954327,3.9151220321655273,0,98.37895202636719
817.57,-0.8126620797205536,1.2449501961469998,0.17368421052631577,0.12820512820512842,19.412238864,3.9151220321655273,0,98.37895202636719
817.57,-0.8126620797205536,1.2449501961469998,0.17368421052631577,0.12820512820512842,19.412238864,3.9151220321655273,0,98.37895202636719
817.57,-0.8126620797205536,1.2449501961469998,0.17368421052631577,0.12820512820512842,19.412238864,3.9151220321655273,0,98.37895202636719
817.57,-0.8126620797205536,1.2449501961469998,0.17368421052631577,0.12820512820512842,19.412238864,3.9151220321655273,0,98.37895202636719
817.57,-0.8126620797205536,1.2449501961469998,0.17368421052631577,0.12820512820512842,19.412238864,3.9151220321655273,0,98.37895202636719
817.57,-0.8176585100216794,1.2480889242392335,0.21999999999999997,0.2820512820512822,19.909038986,3.9151220321655273,0,98.37895202636719
817.57,-0.8176585100216794,1.2480889242392335,0.21999999999999997,0.2820512820512822,19.909038986,3.9151220321655273,0,98.37895202636719
817.57,-0.8176585100216794,1.2480889242392335,0.21999999999999997,0.2820512820512822,19.909038986,3.9151220321655273,0,98.37895202636719
817.6700000000001,-0.8226683408122902,1.2511938283248976,0.21999999999999997,0.2820512820512822,20.446052516,3.9151220321655273,0,98.37895202636719
817.6700000000001,-0.8226683408122902,1.2511938283248976,0.21999999999999997,0.2820512820512822,20.446052516,3.9151220321655273,0,98.37895202636719
817.6700000000001,-0.8226683408122902,1.2511938283248976,0.21999999999999997,0.2820512820512822,20.446052516,3.9151220321655273,0,98.37895202636719
817.6700000000001,-0.8286804245599065,1.2548658512392634,0.21999999999999997,0.2820512820512822,20.596373567,3.9151220321655273,0,98.37895202636719
817.6700000000001,-0.8286804245599065,1.2548658512392634,0.21999999999999997,0.2820512820512822,20.596373567,3.9151220321655273,0,98.37895202636719
817.6700000000001,-0.8286804245599065,1.2548658512392634,0.21999999999999997,0.2820512820512822,20.596373567,3.9151220321655273,0,98.37895202636719
817.6700000000001,-0.8286804245599065,1.2548658512392634,0.21999999999999997,0.2820512820512822,20.596373567,3.9151220321655273,0,98.37895202636719
817.6700000000001,-0.8350725952696253,1.2587134341949788,0.21999999999999997,0.17948717948717968,20.322029444,3.9151220321655273,0,98.37895202636719
817.6700000000001,-0.8350725952696253,1.2587134341949788,0.21999999999999997,0.17948717948717968,20.322029444,3.9151220321655273,0,98.37895202636719
817.6700000000001,-0.8350725952696253,1.2587134341949788,0.21999999999999997,0.17948717948717968,20.322029444,3.9151220321655273,0,98.37895202636719
817.6700000000001,-0.8414937282699193,1.262518814919094,0.21999999999999997,0.17948717948717968,20.322029444,3.9151220321655273,0,98.37895202636719
817.6700000000001,-0.8414937282699193,1.262518814919094,0.21999999999999997,0.17948717948717968,20.063799013,3.9151220321655273,0,98.37895202636719
817.7700000000001,-0.8414937282699193,1.262518814919094,0.21999999999999997,0.17948717948717968,20.063799013,3.9151220321655273,0,98.37895202636719
817.7700000000001,-0.8479438637524462,1.2662764798300163,0.21999999999999997,0.17948717948717968,19.553438803,3.865122079849243,0,98.37895202636719
817.7700000000001,-0.8479438637524462,1.2662764798300163,0.21999999999999997,0.17948717948717968,19.553438803,3.865122079849243,0,98.37895202636719
817.7700000000001,-0.8479438637524462,1.2662764798300163,0.21999999999999997,0.17948717948717968,19.553438803,3.865122079849243,0,98.37895202636719
817.7700000000001,-0.8479438637524462,1.2662764798300163,0.21999999999999997,0.17948717948717968,19.553438803,3.865122079849243,0,98.37895202636719
817.7700000000001,-0.854421891468066,1.2699897166210345,0.21999999999999997,0.025641025641025883,19.553438803,3.865122079849243,0,98.37895202636719
817.7700000000001,-0.854421891468066,1.2699897166210345,0.21999999999999997,0.025641025641025883,19.309145037,3.865122079849243,0,98.37895202636719
817.7700000000001,-0.854421891468066,1.2699897166210345,0.21999999999999997,0.025641025641025883,19.309145037,3.865122079849243,0,98.37895202636719
817.7700000000001,-0.854421891468066,1.2699897166210345,0.21999999999999997,0.02564102564102587,19.309145037,3.865122079849243,0,98.37895202636719
817.7700000000001,-0.854421891468066,1.2699897166210345,0.21999999999999997,0.02564102564102587,19.309145037,3.865122079849243,0,98.37895202636719
817.87,-0.8609253799692715,1.273667244385301,0.21999999999999997,0.02564102564102587,19.067240048,3.865122079849243,0,98.37895202636719
817.87,-0.8609253799692715,1.273667244385301,0.21999999999999997,0.02564102564102587,19.067240048,3.865122079849243,0,98.37895202636719
817.87,-0.8609253799692715,1.273667244385301,0.21999999999999997,0.02564102564102587,19.067240048,3.865122079849243,0,98.37895202636719
817.87,-0.8609253799692715,1.273667244385301,0.20842105263157892,0.02564102564102587,19.067240048,3.865122079849243,0,98.37895202636719
817.87,-0.86723653431187,1.2769128224067678,0.20842105263157892,0.02564102564102587,18.593382909,3.865122079849243,0,98.37895202636719
817.87,-0.86723653431187,1.2769128224067678,0.20842105263157892,0.02564102564102587,18.593382909,3.865122079849243,0,98.37895202636719
817.87,-0.86723653431187,1.2769128224067678,0.20842105263157892,0.02564102564102587,18.593382909,3.865122079849243,0,98.37895202636719
817.87,-0.86723653431187,1.2769128224067678,0.20842105263157892,0.02564102564102587,18.593382909,3.865122079849243,0,98.37895202636719
817.87,-0.86723653431187,1.2769128224067678,0.20842105263157892,0.02564102564102587,18.593382909,3.865122079849243,0,98.37895202636719
817.87,-0.8716346027907664,1.2768954297414752,0.20842105263157892,0.02564102564102587,18.257055099,3.865122079849243,0,98.37895202636719
817.87,-0.8716346027907664,1.2768954297414752,0.20842105263157892,0.02564102564102587,18.257055099,3.865122079849243,0,98.37895202636719
817.87,-0.8716346027907664,1.2768954297414752,0.20842105263157892,0.02564102564102587,18.257055099,3.865122079849243,0,98.37895202636719
817.97,-0.8760337095959633,1.2768754702260747,0.21999999999999997,0.17948717948717968,17.924590093,3.865122079849243,0,98.37895202636719
817.97,-0.8760337095959633,1.2768754702260747,0.21999999999999997,0.17948717948717968,17.924590093,3.865122079849243,0,98.37895202636719
817.97,-0.8760337095959633,1.2768754702260747,0.21999999999999997,0.17948717948717968,17.924590093,3.865122079849243,0,98.37895202636719
817.97,-0.8760337095959633,1.2768754702260747,0.21999999999999997,0.17948717948717968,17.924590093,3.865122079849243,0,98.37895202636719
817.97,-0.8760337095959633,1.2768754702260747,0.21999999999999997,0.17948717948717968,17.924590093,3.865122079849243,0,98.37895202636719
817.97,-0.8804357785131277,1.2768505465203384,0.21999999999999997,0.17948717948717968,16.251986884,3.506767749786377,0,98.37895202636719
817.97,-0.8804357785131277,1.2768505465203384,0.21999999999999997,0.17948717948717968,16.251986884,3.506767749786377,0,98.37895202636719
817.97,-0.8804357785131277,1.2768505465203384,0.21999999999999997,0.17948717948717968,16.251986884,3.506767749786377,0,98.37895202636719
817.97,-0.8804357785131277,1.2768505465203384,0.21999999999999997,0.17948717948717968,16.251986884,3.506767749786377,0,98.37895202636719
817.97,-0.8804357785131277,1.2768505465203384,0.21999999999999997,0.17948717948717968,16.251986884,3.506767749786377,0,98.37895202636719
817.97,-0.885183154572551,1.276999758957049,0.21999999999999997,0.07692307692307715,16.254986538,3.506767749786377,0,98.37895202636719
817.97,-0.885183154572551,1.276999758957049,0.21999999999999997,0.07692307692307715,16.254986538,3.506767749786377,0,98.37895202636719
817.97,-0.885183154572551,1.276999758957049,0.21999999999999997,0.07692307692307715,16.254986538,3.506767749786377,0,98.37895202636719
818.07,-0.8899464314743959,1.277111872867291,0.21999999999999997,0.07692307692307715,16.255126162,3.506767749786377,0,98.37895202636719
818.07,-0.8899464314743959,1.277111872867291,0.21999999999999997,0.07692307692307715,16.255126162,3.506767749786377,0,98.37895202636719
818.07,-0.8899464314743959,1.277111872867291,0.21999999999999997,0.07692307692307715,16.255126162,3.506767749786377,0,98.28942108154297
818.07,-0.8899464314743959,1.277111872867291,0.21999999999999997,0.07692307692307715,16.255126162,3.506767749786377,0,98.28942108154297
818.07,-0.8899464314743959,1.277111872867291,0.21999999999999997,0.07692307692307715,16.255126162,3.506767749786377,0,98.28942108154297
818.07,-0.8899464314743959,1.277111872867291,0.21999999999999997,0.07692307692307715,16.255126162,3.506767749786377,0,98.28942108154297
818.07,-0.8951648260027949,1.2779798379612994,0.21999999999999997,0.07692307692307715,16.255126162,3.506767749786377,0,98.28942108154297
818.07,-0.8951648260027949,1.2779798379612994,0.21999999999999997,0.07692307692307715,16.249679714,3.506767749786377,0,98.28942108154297
818.07,-0.8951648260027949,1.2779798379612994,0.20842105263157892,0.07692307692307715,16.249679714,3.506767749786377,0,98.28942108154297
818.07,-0.8951648260027949,1.2779798379612994,0.20842105263157892,0.07692307692307715,16.249679714,3.506767749786377,0,98.28942108154297
818.07,-0.8951648260027949,1.2779798379612994,0.20842105263157892,0.07692307692307715,16.249679714,3.506767749786377,0,98.28942108154297
818.07,-0.9017842183482572,1.2814523558606326,0.20842105263157892,0.07692307692307715,16.016741767,3.4567677974700928,0,98.28942108154297
818.07,-0.9017842183482572,1.2814523558606326,0.20842105263157892,0.07692307692307715,16.016741767,3.4567677974700928,0,98.28942108154297
818.1700000000001,-0.9080679048956162,1.284721879485789,0.20842105263157892,0.07692307692307715,16.109762982,3.4567677974700928,0,98.28942108154297
818.1700000000001,-0.9080679048956162,1.284721879485789,0.20842105263157892,0.07692307692307715,16.109762982,3.4567677974700928,0,98.28942108154297
818.1700000000001,-0.9080679048956162,1.284721879485789,0.20842105263157892,0.07692307692307715,16.109762982,3.4567677974700928,0,98.28942108154297
818.1700000000001,-0.9080679048956162,1.284721879485789,0.20842105263157892,0.07692307692307715,16.109762982,3.4567677974700928,0,98.28942108154297
818.1700000000001,-0.9080679048956162,1.284721879485789,0.20842105263157892,0.07692307692307715,16.109762982,3.4567677974700928,0,98.28942108154297
818.1700000000001,-0.9143576483651039,1.2879816585384878,0.19684210526315787,0.02564102564102587,16.20574609,3.4567677974700928,0,98.28942108154297
818.1700000000001,-0.9143576483651039,1.2879816585384878,0.19684210526315787,0.02564102564102587,16.20574609,3.4567677974700928,0,98.28942108154297
818.1700000000001,-0.9143576483651039,1.2879816585384878,0.19684210526315787,0.02564102564102587,16.20574609,3.4567677974700928,0,98.28942108154297
818.1700000000001,-0.9143576483651039,1.2879816585384878,0.19684210526315787,0.02564102564102587,16.20574609,3.4567677974700928,0,98.28942108154297
818.1700000000001,-0.9206526336268503,1.2912257534483809,0.19684210526315787,0.02564102564102587,16.206669795,3.4567677974700928,0,98.28942108154297
818.1700000000001,-0.9206526336268503,1.2912257534483809,0.19684210526315787,0.02564102564102587,16.206669795,3.4567677974700928,0,98.28942108154297
818.1700000000001,-0.9206526336268503,1.2912257534483809,0.19684210526315787,0.02564102564102587,16.206669795,3.4567677974700928,0,98.28942108154297
818.2700000000001,-0.9206526336268503,1.2912257534483809,0.19684210526315787,0.02564102564102587,16.206669795,3.4567677974700928,0,98.28942108154297
818.2700000000001,-0.9266077402708205,1.2942704091280537,0.19684210526315787,0.02564102564102587,16.302869353,3.4567677974700928,0,98.28942108154297
818.2700000000001,-0.9266077402708205,1.2942704091280537,0.19684210526315787,0.02564102564102587,16.302869353,3.4567677974700928,0,98.28942108154297
818.2700000000001,-0.9266077402708205,1.2942704091280537,0.18526315789473682,0.0,16.302869353,3.4567677974700928,0,98.28942108154297
818.2700000000001,-0.9266077402708205,1.2942704091280537,0.18526315789473682,0.0,16.302869353,3.4567677974700928,0,98.28942108154297
818.2700000000001,-0.9325713705168747,1.2972991780345915,0.18526315789473682,0.0,16.403630532,3.4567677974700928,0,98.28942108154297
818.2700000000001,-0.9325713705168747,1.2972991780345915,0.18526315789473682,0.0,16.403630532,3.4567677974700928,0,98.28942108154297
818.2700000000001,-0.9325713705168747,1.2972991780345915,0.18526315789473682,0.0,16.403630532,3.4567677974700928,0,98.28942108154297
818.2700000000001,-0.9325713705168747,1.2972991780345915,0.18526315789473682,0.0,16.403630532,3.4567677974700928,0,98.28942108154297
818.2700000000001,-0.9381904598970173,1.3001434522396462,0.18526315789473682,0.0,16.355804679,3.386057138442993,0,98.28942108154297
818.2700000000001,-0.9381904598970173,1.3001434522396462,0.18526315789473682,0.0,16.355804679,3.386057138442993,0,98.28942108154297
818.2700000000001,-0.9381904598970173,1.3001434522396462,0.18526315789473682,0.0,16.355804679,3.386057138442993,0,98.28942108154297
818.2700000000001,-0.9381904598970173,1.3001434522396462,0.18526315789473682,0.0,16.355804679,3.386057138442993,0,98.28942108154297
818.37,-0.9381904598970173,1.3001434522396462,0.17368421052631577,0.02564102564102587,16.355804679,3.386057138442993,0,98.28942108154297
818.37,-0.9438074769887662,1.3029966752014646,0.17368421052631577,0.02564102564102587,16.66004339,3.386057138442993,0,98.28942108154297
818.37,-0.9438074769887662,1.3029966752014646,0.17368421052631577,0.02564102564102587,16.66004339,3.386057138442993,0,98.28942108154297
818.37,-0.9438074769887662,1.3029966752014646,0.17368421052631577,0.02564102564102587,16.66004339,3.386057138442993,0,98.28942108154297
818.37,-0.9438074769887662,1.3029966752014646,0.17368421052631577,0.02564102564102587,16.66004339,3.386057138442993,0,98.28942108154297
818.37,-0.9490701389559355,1.3056764627127375,0.17368421052631577,0.02564102564102587,17.083731296,3.386057138442993,0,98.28942108154297
818.37,-0.9490701389559355,1.3056764627127375,0.17368421052631577,0.02564102564102587,17.083731296,3.386057138442993,0,98.28942108154297
818.37,-0.9490701389559355,1.3056764627127375,0.17368421052631577,0.02564102564102587,17.083731296,3.386057138442993,0,98.28942108154297
818.37,-0.9490701389559355,1.3056764627127375,0.17368421052631577,0.02564102564102587,17.083731296,3.386057138442993,0,98.28942108154297
818.37,-0.9490701389559355,1.3056764627127375,0.21999999999999997,0.18564102564102586,17.083731296,3.386057138442993,0,98.28942108154297
818.37,-0.9543398263683358,1.3083648851618426,0.21999999999999997,0.18564102564102586,17.083731296,3.386057138442993,0,98.28942108154297
818.37,-0.9543398263683358,1.3083648851618426,0.21999999999999997,0.18564102564102586,17.083731296,3.386057138442993,0,98.28942108154297
818.37,-0.9543398263683358,1.3083648851618426,0.21999999999999997,0.18564102564102586,17.533766582,3.386057138442993,0,98.28942108154297
818.37,-0.9543398263683358,1.3083648851618426,0.21999999999999997,0.18564102564102586,17.533766582,3.386057138442993,0,98.28942108154297
818.47,-0.9606043523017108,1.3115490555714837,0.21999999999999997,0.18564102564102586,17.55796814,3.386057138442993,0,98.28942108154297
818.47,-0.9606043523017108,1.3115490555714837,0.21999999999999997,0.2820512820512822,17.55796814,3.386057138442993,0,98.28942108154297
818.47,-0.9606043523017108,1.3115490555714837,0.21999999999999997,0.2820512820512822,17.55796814,3.386057138442993,0,98.28942108154297
818.47,-0.9606043523017108,1.3115490555714837,0.21999999999999997,0.2820512820512822,17.55796814,3.386057138442993,0,98.28942108154297
818.47,-0.96729016281924,1.314922474693117,0.21999999999999997,0.2820512820512822,17.490482788,3.386057138442993,0,98.28942108154297
818.47,-0.96729016281924,1.314922474693117,0.21999999999999997,0.2820512820512822,17.490482788,3.386057138442993,0,98.28942108154297
818.47,-0.96729016281924,1.314922474693117,0.21999999999999997,0.12820512820512842,17.490482788,3.386057138442993,0,98.28942108154297
818.47,-0.96729016281924,1.314922474693117,0.21999999999999997,0.12820512820512842,17.490482788,3.386057138442993,0,98.28942108154297
818.47,-0.9739908184078597,1.3182548890860044,0.21999999999999997,0.12820512820512842,17.445822766,3.386057138442993,0,98.28942108154297
818.47,-0.9739908184078597,1.3182548890860044,0.21999999999999997,0.12820512820512842,17.445822766,3.386057138442993,0,98.28942108154297
818.47,-0.9739908184078597,1.3182548890860044,0.21999999999999997,0.12820512820512842,17.445822766,3.386057138442993,0,98.28942108154297
818.47,-0.9739908184078597,1.3182548890860044,0.21999999999999997,0.12820512820512842,17.445822766,3.386057138442993,0,98.28942108154297
818.47,-0.9739908184078597,1.3182548890860044,0.21999999999999997,0.12820512820512842,17.445822766,3.386057138442993,0,98.28942108154297
818.57,-0.9739908184078597,1.3182548890860044,0.21999999999999997,0.12820512820512842,17.445822766,3.386057138442993,0,98.19584655761719
818.57,-0.9806603086607214,1.3215090638392726,0.21999999999999997,0.12820512820512842,17.227822724,3.386057138442993,0,98.19584655761719
818.57,-0.9806603086607214,1.3215090638392726,0.21999999999999997,0.12820512820512842,17.227822724,3.386057138442993,0,98.19584655761719
818.57,-0.9806603086607214,1.3215090638392726,0.21999999999999997,0.0,17.227822724,3.386057138442993,0,98.19584655761719
818.57,-0.9873821495708054,1.3247204863711524,0.21999999999999997,0.0,17.007834345,3.386057138442993,0,98.19584655761719
818.57,-0.9873821495708054,1.3247204863711524,0.21999999999999997,0.0,17.007834345,3.386057138442993,0,98.19584655761719
818.57,-0.9873821495708054,1.3247204863711524,0.21999999999999997,0.0,17.007834345,3.386057138442993,0,98.19584655761719
818.57,-0.9941364072752389,1.3279082273029454,0.21999999999999997,0.0,16.444006468,3.336057186126709,0,98.19584655761719
818.57,-0.9941364072752389,1.3279082273029454,0.21999999999999997,0.0,16.444006468,3.336057186126709,0,98.19584655761719
818.6700000000001,-0.9941364072752389,1.3279082273029454,0.21999999999999997,0.0,16.444006468,3.336057186126709,0,98.19584655761719
818.6700000000001,-0.9941364072752389,1.3279082273029454,0.21999999999999997,0.0,16.444006468,3.336057186126709,0,98.19584655761719
818.6700000000001,-1.000904273784938,1.3311125832953432,0.21999999999999997,0.0,16.136489888,3.336057186126709,0,98.19584655761719
818.6700000000001,-1.000904273784938,1.3311125832953432,0.21999999999999997,0.0,16.136489888,3.336057186126709,0,98.19584655761719
818.6700000000001,-1.000904273784938,1.3311125832953432,0.19684210526315787,0.07692307692307715,16.136489888,3.336057186126709,0,98.19584655761719
818.6700000000001,-1.007654507004803,1.334359005549478,0.19684210526315787,0.07692307692307715,15.748763567,3.336057186126709,0,98.19584655761719
818.6700000000001,-1.007654507004803,1.334359005549478,0.19684210526315787,0.07692307692307715,15.748763567,3.336057186126709,0,98.19584655761719
818.6700000000001,-1.007654507004803,1.334359005549478,0.19684210526315787,0.07692307692307715,15.748763567,3.336057186126709,0,98.19584655761719
818.6700000000001,-1.0136808104694746,1.337293719169582,0.19684210526315787,0.07692307692307715,15.748763567,3.336057186126709,0,98.19584655761719
818.6700000000001,-1.0136808104694746,1.337293719169582,0.19684210526315787,0.07692307692307715,15.556526485,3.336057186126709,0,98.19584655761719
818.7700000000001,-1.0136808104694746,1.337293719169582,0.19684210526315787,0.07692307692307715,15.556526485,3.336057186126709,0,98.19584655761719
818.7700000000001,-1.0196970544958117,1.3402214459992474,0.19684210526315787,0.07692307692307715,15.632481622,3.336057186126709,0,98.19584655761719
818.7700000000001,-1.0196970544958117,1.3402214459992474,0.19684210526315787,0.07692307692307715,15.632481622,3.336057186126709,0,98.19584655761719
818.7700000000001,-1.0196970544958117,1.3402214459992474,0.19684210526315787,0.07692307692307715,15.632481622,3.336057186126709,0,98.19584655761719
818.7700000000001,-1.0257231291213522,1.3431168205389483,0.19684210526315787,-0.0769230769230767,15.632481622,3.336057186126709,0,98.19584655761719
818.7700000000001,-1.0257231291213522,1.3431168205389483,0.19684210526315787,-0.0769230769230767,15.632481622,3.336057186126709,0,98.19584655761719
818.7700000000001,-1.0257231291213522,1.3431168205389483,0.19684210526315787,-0.0769230769230767,15.782350845,3.336057186126709,0,98.19584655761719
818.7700000000001,-1.0257231291213522,1.3431168205389483,0.19684210526315787,-0.0769230769230767,15.782350845,3.336057186126709,0,98.19584655761719
818.7700000000001,-1.0257231291213522,1.3431168205389483,0.19684210526315787,-0.0769230769230767,15.782350845,3.336057186126709,0,98.19584655761719
818.7700000000001,-1.0317735549894025,1.3459774822252721,0.19684210526315787,-0.07692307692307669,15.914457136,3.336057186126709,0,98.19584655761719
818.7700000000001,-1.0317735549894025,1.3459774822252721,0.19684210526315787,-0.07692307692307669,15.914457136,3.336057186126709,0,98.19584655761719
818.87,-1.0317735549894025,1.3459774822252721,0.19684210526315787,-0.07692307692307669,15.914457136,3.336057186126709,0,98.19584655761719
818.87,-1.0378307963556384,1.348833695311973,0.19684210526315787,-0.07692307692307669,16.073699693000002,3.329901933670044,0,98.19584655761719
818.87,-1.0378307963556384,1.348833695311973,0.18526315789473682,-0.07692307692307669,16.073699693000002,3.329901933670044,0,98.19584655761719
818.87,-1.0378307963556384,1.348833695311973,0.18526315789473682,-0.07692307692307669,16.073699693000002,3.329901933670044,0,98.19584655761719
818.87,-1.0378307963556384,1.348833695311973,0.18526315789473682,-0.07692307692307669,16.073699693000002,3.329901933670044,0,98.19584655761719
818.87,-1.0378307963556384,1.348833695311973,0.18526315789473682,-0.07692307692307669,16.073699693000002,3.329901933670044,0,98.19584655761719
818.87,-1.0438742552140812,1.3517313711241872,0.18526315789473682,-0.07692307692307669,16.27011635,3.329901933670044,0,98.19584655761719
818.87,-1.0438742552140812,1.3517313711241872,0.18526315789473682,-0.07692307692307669,16.27011635,3.329901933670044,0,98.19584655761719
818.87,-1.0438742552140812,1.3517313711241872,0.18526315789473682,-0.07692307692307669,16.27011635,3.329901933670044,0,98.19584655761719
818.87,-1.0438742552140812,1.3517313711241872,0.18526315789473682,-0.07692307692307669,16.27011635,3.329901933670044,0,98.19584655761719
818.87,-1.049538568935453,1.3545169227958604,0.18526315789473682,-0.07692307692307669,16.573528296,3.329901933670044,0,98.19584655761719
818.87,-1.049538568935453,1.3545169227958604,0.18526315789473682,-0.07692307692307669,16.573528296,3.329901933670044,0,98.19584655761719
818.97,-1.049538568935453,1.3545169227958604,0.18526315789473682,-0.07692307692307669,16.573528296,3.329901933670044,0,98.19584655761719
818.97,-1.055174892323048,1.357341477155878,0.21999999999999997,-0.12820512820512797,16.646119271,3.2799017429351807,0,98.19584655761719
818.97,-1.055174892323048,1.357341477155878,0.21999999999999997,-0.12820512820512797,16.646119271,3.2799017429351807,0,98.19584655761719
818.97,-1.055174892323048,1.357341477155878,0.21999999999999997,-0.12820512820512797,16.646119271,3.2799017429351807,0,98.19584655761719
818.97,-1.055174892323048,1.357341477155878,0.21999999999999997,-0.12820512820512797,16.646119271,3.2799017429351807,0,98.19584655761719
818.97,-1.0617982499816485,1.3606874399242777,0.21999999999999997,-0.12820512820512797,16.668384922,3.2799017429351807,0,98.19584655761719
818.97,-1.0617982499816485,1.3606874399242777,0.21999999999999997,-0.12820512820512797,16.668384922,3.2799017429351807,0,98.19584655761719
818.97,-1.0617982499816485,1.3606874399242777,0.21999999999999997,-0.12820512820512797,16.668384922,3.2799017429351807,0,98.19584655761719
818.97,-1.0617982499816485,1.3606874399242777,0.21999999999999997,-0.12820512820512797,16.668384922,3.2799017429351807,0,98.19584655761719
818.97,-1.0684708167081698,1.364064382062078,0.21999999999999997,-0.12820512820512797,16.668384922,3.2799017429351807,0,98.19584655761719
819.07,-1.0684708167081698,1.364064382062078,0.21999999999999997,-0.12820512820512797,16.459767529,3.2799017429351807,0,98.19584655761719
819.07,-1.0684708167081698,1.364064382062078,0.20842105263157892,-0.12820512820512797,16.459767529,3.2799017429351807,0,98.09085083007812
819.07,-1.0751397598000594,1.3674559184091997,0.20842105263157892,-0.12820512820512797,16.247657971,3.2799017429351807,0,98.09085083007812
819.07,-1.0751397598000594,1.3674559184091997,0.20842105263157892,-0.12820512820512797,16.247657971,3.2799017429351807,0,98.09085083007812
819.07,-1.0751397598000594,1.3674559184091997,0.20842105263157892,-0.12820512820512797,16.247657971,3.2799017429351807,0,98.09085083007812
819.07,-1.081400110017042,1.3706779494386543,0.20842105263157892,-0.12820512820512797,16.155514329,3.2799017429351807,0,98.09085083007812
819.07,-1.081400110017042,1.3706779494386543,0.20842105263157892,-0.12820512820512797,16.155514329,3.2799017429351807,0,98.09085083007812
819.07,-1.081400110017042,1.3706779494386543,0.20842105263157892,-0.12820512820512797,16.155514329,3.2799017429351807,0,98.09085083007812
819.07,-1.081400110017042,1.3706779494386543,0.20842105263157892,-0.12820512820512797,16.155514329,3.2799017429351807,0,98.09085083007812
819.07,-1.0876853639497102,1.3739712464554918,0.20842105263157892,-0.12820512820512797,16.052032033,3.2799017429351807,0,98.09085083007812
819.07,-1.0876853639497102,1.3739712464554918,0.20842105263157892,-0.12820512820512797,16.052032033,3.2799017429351807,0,98.09085083007812
819.1700000000001,-1.0876853639497102,1.3739712464554918,0.21999999999999997,-0.02564102564102541,16.052032033,3.2799017429351807,0,98.09085083007812
819.1700000000001,-1.0876853639497102,1.3739712464554918,0.21999999999999997,-0.02564102564102541,16.052032033,3.2799017429351807,0,98.09085083007812
819.1700000000001,-1.093946017008922,1.3773113983441854,0.21999999999999997,-0.02564102564102541,15.951177043,3.2799017429351807,0,98.09085083007812
819.1700000000001,-1.093946017008922,1.3773113983441854,0.21999999999999997,-0.02564102564102541,15.951177043,3.2799017429351807,0,98.09085083007812
819.1700000000001,-1.093946017008922,1.3773113983441854,0.21999999999999997,-0.02564102564102541,15.951177043,3.2799017429351807,0,98.09085083007812
819.1700000000001,-1.093946017008922,1.3773113983441854,0.21999999999999997,-0.02564102564102541,15.951177043,3.2799017429351807,0,98.09085083007812
819.1700000000001,-1.10048177850451,1.3808410311722406,0.21999999999999997,-0.02564102564102541,15.530494523,3.2299017906188965,0,98.09085083007812
819.1700000000001,-1.10048177850451,1.3808410311722406,0.21999999999999997,-0.02564102564102541,15.530494523,3.2299017906188965,0,98.09085083007812
819.1700000000001,-1.10048177850451,1.3808410311722406,0.21999999999999997,-0.02564102564102541,15.530494523,3.2299017906188965,0,98.09085083007812
819.1700000000001,-1.1070589050349895,1.38440655398207,0.21999999999999997,-0.02564102564102541,15.258241907,3.2299017906188965,0,98.09085083007812
819.2700000000001,-1.1070589050349895,1.38440655398207,0.21999999999999997,0.1343589743589746,15.258241907,3.2299017906188965,0,98.09085083007812
819.2700000000001,-1.1070589050349895,1.38440655398207,0.21999999999999997,0.1343589743589746,15.258241907,3.2299017906188965,0,98.09085083007812
819.2700000000001,-1.1070589050349895,1.38440655398207,0.21999999999999997,0.1343589743589746,15.258241907,3.2299017906188965,0,98.09085083007812
819.2700000000001,-1.1136392314209465,1.3879641710430437,0.21999999999999997,0.1343589743589746,14.985181905,3.2299017906188965,0,98.09085083007812
819.2700000000001,-1.1136392314209465,1.3879641710430437,0.21999999999999997,0.1343589743589746,14.985181905,3.2299017906188965,0,98.09085083007812
819.2700000000001,-1.1136392314209465,1.3879641710430437,0.21999999999999997,0.2820512820512822,14.985181905,3.2299017906188965,0,98.09085083007812
819.2700000000001,-1.1136392314209465,1.3879641710430437,0.21999999999999997,0.2820512820512822,14.985181905,3.2299017906188965,0,98.09085083007812
819.2700000000001,-1.1201762039689591,1.3914822078867188,0.21999999999999997,0.2820512820512822,14.984622826,3.2299017906188965,0,98.09085083007812
819.2700000000001,-1.1201762039689591,1.3914822078867188,0.21999999999999997,0.2820512820512822,14.984622826,3.2299017906188965,0,98.09085083007812
819.2700000000001,-1.1201762039689591,1.3914822078867188,0.21999999999999997,0.2820512820512822,14.984622826,3.2299017906188965,0,98.09085083007812
819.2700000000001,-1.1267661850892408,1.395005740158848,0.21999999999999997,0.12820512820512842,14.984725037,3.2299017906188965,0,98.09085083007812
819.37,-1.1267661850892408,1.395005740158848,0.21999999999999997,0.12820512820512842,14.984725037,3.2299017906188965,0,98.09085083007812
819.37,-1.1267661850892408,1.395005740158848,0.21999999999999997,0.12820512820512842,14.984725037,3.2299017906188965,0,98.09085083007812
819.37,-1.1267661850892408,1.395005740158848,0.21999999999999997,0.12820512820512842,14.984725037,3.2299017906188965,0,98.09085083007812
819.37,-1.133376117740913,1.398489054463265,0.21999999999999997,0.12820512820512842,14.988841953,3.2299017906188965,0,98.09085083007812
819.37,-1.133376117740913,1.398489054463265,0.21999999999999997,0.12820512820512842,14.988841953,3.2299017906188965,0,98.09085083007812
819.37,-1.133376117740913,1.398489054463265,0.21999999999999997,0.12820512820512842,14.988841953,3.2299017906188965,0,98.09085083007812
819.37,-1.133376117740913,1.398489054463265,0.21999999999999997,0.12820512820512842,14.988841953,3.2299017906188965,0,98.09085083007812
819.37,-1.1400166841577954,1.4019082069605768,0.21999999999999997,0.12820512820512842,14.894240196,3.2299017906188965,0,98.09085083007812
819.37,-1.1400166841577954,1.4019082069605768,0.21999999999999997,0.12820512820512842,14.894240196,3.2299017906188965,0,98.09085083007812
819.37,-1.1400166841577954,1.4019082069605768,0.21999999999999997,-0.02564102564102541,14.894240196,3.2299017906188965,0,98.09085083007812
819.37,-1.1466874827324536,1.405275260535348,0.21999999999999997,-0.02564102564102541,14.579735216,3.1799018383026123,0,98.09085083007812
819.47,-1.1466874827324536,1.405275260535348,0.21999999999999997,-0.02564102564102541,14.579735216,3.1799018383026123,0,98.09085083007812
819.47,-1.1466874827324536,1.405275260535348,0.21999999999999997,-0.02564102564102541,14.579735216,3.1799018383026123,0,98.09085083007812
819.47,-1.1533795178109634,1.4086177562092717,0.21999999999999997,-0.02564102564102541,14.496040678,3.1799018383026123,0,98.09085083007812
819.47,-1.1533795178109634,1.4086177562092717,0.21999999999999997,-0.02564102564102541,14.496040678,3.1799018383026123,0,98.09085083007812
819.47,-1.1533795178109634,1.4086177562092717,0.21999999999999997,-0.02564102564102541,14.496040678,3.1799018383026123,0,98.09085083007812
819.47,-1.1533795178109634,1.4086177562092717,0.21999999999999997,-0.02564102564102541,14.496040678,3.1799018383026123,0,98.09085083007812
819.47,-1.1628968294795559,1.405744274298183,0.21999999999999997,-0.02564102564102541,14.483845196,3.1799018383026123,0,98.09085083007812
819.47,-1.1628968294795559,1.405744274298183,0.21999999999999997,0.12820512820512842,14.483845196,3.1799018383026123,0,98.09085083007812
819.47,-1.1628968294795559,1.405744274298183,0.21999999999999997,0.12820512820512842,14.483845196,3.1799018383026123,0,98.09085083007812
819.47,-1.1628968294795559,1.405744274298183,0.21999999999999997,0.12820512820512842,14.483845196,3.1799018383026123,0,98.09085083007812
819.57,-1.1724822339266425,1.4025814498399902,0.21999999999999997,0.12820512820512842,14.48047882,3.1799018383026123,0,98.09085083007812
819.57,-1.1724822339266425,1.4025814498399902,0.21999999999999997,0.12820512820512842,14.48047882,3.1799018383026123,0,97.97993469238281
819.57,-1.1724822339266425,1.4025814498399902,0.21999999999999997,0.12820512820512842,14.48047882,3.1799018383026123,0,97.97993469238281
819.57,-1.1724822339266425,1.4025814498399902,0.21999999999999997,0.12820512820512842,14.48047882,3.1799018383026123,0,97.97993469238281
819.57,-1.1820424810649188,1.3993090994713917,0.21999999999999997,0.12820512820512842,14.481647613,3.1799018383026123,0,97.97993469238281
819.57,-1.1820424810649188,1.3993090994713917,0.21999999999999997,0.12820512820512842,14.481647613,3.1799018383026123,0,97.97993469238281
819.57,-1.1820424810649188,1.3993090994713917,0.21999999999999997,0.12820512820512842,14.481647613,3.1799018383026123,0,97.97993469238281
819.57,-1.1915943361535501,1.3958893251125726,0.21999999999999997,0.12820512820512842,14.470364638,3.1799018383026123,0,97.97993469238281
819.57,-1.1915943361535501,1.3958893251125726,0.21999999999999997,0.07692307692307715,14.470364638,3.1799018383026123,0,97.97993469238281
819.57,-1.1915943361535501,1.3958893251125726,0.21999999999999997,0.07692307692307715,14.470364638,3.1799018383026123,0,97.97993469238281
819.57,-1.1915943361535501,1.3958893251125726,0.21999999999999997,0.07692307692307715,14.470364638,3.1799018383026123,0,97.97993469238281
819.6700000000001,-1.2011605995456824,1.3922780922588,0.21999999999999997,0.07692307692307715,14.472978,3.1799018383026123,0,97.97993469238281
819.6700000000001,-1.2011605995456824,1.3922780922588,0.21999999999999997,0.07692307692307715,14.472978,3.1799018383026123,0,97.97993469238281
819.6700000000001,-1.2104261371656002,1.3892754768088222,0.21999999999999997,0.07692307692307715,14.471294993,3.1799018383026123,0,97.97993469238281
819.6700000000001,-1.2104261371656002,1.3892754768088222,0.21999999999999997,0.07692307692307715,14.471294993,3.1799018383026123,0,97.97993469238281
819.6700000000001,-1.2104261371656002,1.3892754768088222,0.21999999999999997,0.07692307692307715,14.471294993,3.1799018383026123,0,97.97993469238281
819.6700000000001,-1.2104261371656002,1.3892754768088222,0.21999999999999997,0.07692307692307715,14.471294993,3.1799018383026123,0,97.97993469238281
819.6700000000001,-1.2104261371656002,1.3892754768088222,0.21999999999999997,0.23692307692307715,14.471294993,3.1799018383026123,0,97.97993469238281
819.6700000000001,-1.2172718744996762,1.3922699364751905,0.21999999999999997,0.23692307692307715,14.133935509,3.106295108795166,0,97.97993469238281
819.6700000000001,-1.2172718744996762,1.3922699364751905,0.21999999999999997,0.23692307692307715,14.133935509,3.106295108795166,0,97.97993469238281
819.6700000000001,-1.2172718744996762,1.3922699364751905,0.21999999999999997,0.23692307692307715,14.133935509,3.106295108795166,0,97.97993469238281
819.6700000000001,-1.2172718744996762,1.3922699364751905,0.21999999999999997,0.23692307692307715,14.133935509,3.106295108795166,0,97.97993469238281
819.6700000000001,-1.2172718744996762,1.3922699364751905,0.21999999999999997,0.23692307692307715,14.133935509,3.106295108795166,0,97.97993469238281
819.6700000000001,-1.2172718744996762,1.3922699364751905,0.21999999999999997,0.38461538461538475,14.133935509,3.106295108795166,0,97.97993469238281
819.7700000000001,-1.224122203757312,1.3952561727010768,0.21999999999999997,0.38461538461538475,14.135930461,3.106295108795166,0,97.97993469238281
819.7700000000001,-1.224122203757312,1.3952561727010768,0.21999999999999997,0.38461538461538475,14.135930461,3.106295108795166,0,97.97993469238281
819.7700000000001,-1.224122203757312,1.3952561727010768,0.21999999999999997,0.38461538461538475,14.135930461,3.106295108795166,0,97.97993469238281
819.7700000000001,-1.224122203757312,1.3952561727010768,0.21999999999999997,0.22461538461538474,14.135930461,3.106295108795166,0,97.97993469238281
819.7700000000001,-1.230972356042285,1.3982281226282312,0.21999999999999997,0.22461538461538474,14.135930461,3.106295108795166,0,97.97993469238281
819.7700000000001,-1.230972356042285,1.3982281226282312,0.21999999999999997,0.22461538461538474,14.135930461,3.106295108795166,0,97.97993469238281
819.7700000000001,-1.230972356042285,1.3982281226282312,0.21999999999999997,0.22461538461538474,13.584539464,2.9841389656066895,0,97.97993469238281
819.7700000000001,-1.230972356042285,1.3982281226282312,0.21999999999999997,0.22461538461538474,13.584539464,2.9841389656066895,0,97.97993469238281
819.7700000000001,-1.2378442994824033,1.401135119517984,0.21999999999999997,0.22461538461538474,13.584539464,2.9841389656066895,0,97.97993469238281
819.7700000000001,-1.2378442994824033,1.401135119517984,0.21999999999999997,0.17948717948717968,13.588878813000001,2.9841389656066895,0,97.97993469238281
819.7700000000001,-1.2378442994824033,1.401135119517984,0.21999999999999997,0.17948717948717968,13.588878813000001,2.9841389656066895,0,97.97993469238281
819.7700000000001,-1.2378442994824033,1.401135119517984,0.21999999999999997,0.17948717948717968,13.588878813000001,2.9841389656066895,0,97.97993469238281
819.87,-1.2447573751458245,1.4039372131246834,0.21999999999999997,0.17948717948717968,13.588878813000001,2.9841389656066895,0,97.97993469238281
819.87,-1.2447573751458245,1.4039372131246834,0.21999999999999997,0.17948717948717968,13.588878813000001,2.9841389656066895,0,97.97993469238281
819.87,-1.2447573751458245,1.4039372131246834,0.21999999999999997,0.01948717948717968,13.594524959,2.9841389656066895,0,97.97993469238281
819.87,-1.2447573751458245,1.4039372131246834,0.21999999999999997,0.01948717948717968,13.594524959,2.9841389656066895,0,97.97993469238281
819.87,-1.2447573751458245,1.4039372131246834,0.21999999999999997,0.01948717948717968,13.594524959,2.9841389656066895,0,97.97993469238281
819.87,-1.2447573751458245,1.4039372131246834,0.21999999999999997,0.01948717948717968,13.594524959,2.9841389656066895,0,97.97993469238281
819.87,-1.2517153207997207,1.4066429815214712,0.21999999999999997,0.01948717948717968,13.365642557,2.934138774871826,0,97.97993469238281
819.87,-1.2517153207997207,1.4066429815214712,0.21999999999999997,0.0,13.365642557,2.934138774871826,0,97.97993469238281
819.87,-1.2517153207997207,1.4066429815214712,0.21999999999999997,0.0,13.365642557,2.934138774871826,0,97.97993469238281
819.87,-1.2517153207997207,1.4066429815214712,0.21999999999999997,0.0,13.365642557,2.934138774871826,0,97.97993469238281
819.87,-1.2587044158171854,1.4093002899354539,0.21999999999999997,0.0,13.363040235,2.934138774871826,0,97.97993469238281
819.87,-1.2587044158171854,1.4093002899354539,0.21999999999999997,0.0,13.363040235,2.934138774871826,0,97.97993469238281
819.87,-1.2587044158171854,1.4093002899354539,0.21999999999999997,0.16,13.363040235,2.934138774871826,0,97.97993469238281
819.97,-1.265700171633011,1.4119640568569527,0.21999999999999997,0.16,13.358341639,2.934138774871826,0,97.97993469238281
819.97,-1.265700171633011,1.4119640568569527,0.21999999999999997,0.16,13.358341639,2.934138774871826,0,97.97993469238281
819.97,-1.265700171633011,1.4119640568569527,0.21999999999999997,0.16,13.358341639,2.934138774871826,0,97.97993469238281
819.97,-1.265700171633011,1.4119640568569527,0.21999999999999997,0.32,13.358341639,2.934138774871826,0,97.97993469238281
819.97,-1.265700171633011,1.4119640568569527,0.21999999999999997,0.32,13.358341639,2.934138774871826,0,97.97993469238281
819.97,-1.265700171633011,1.4119640568569527,0.21999999999999997,0.32,13.358341639,2.934138774871826,0,97.97993469238281
819.97,-1.2726809473251646,1.414654372394378,0.21999999999999997,0.32,13.356582311,2.934138774871826,0,97.97993469238281
819.97,-1.2726809473251646,1.414654372394378,0.21999999999999997,0.32,13.356582311,2.934138774871826,0,97.97993469238281
819.97,-1.2726809473251646,1.414654372394378,0.21999999999999997,0.32,13.356582311,2.934138774871826,0,97.97993469238281
819.97,-1.279648689287,1.4173447535264176,0.21999999999999997,0.16,13.356582311,2.934138774871826,0,97.97993469238281
819.97,-1.279648689287,1.4173447535264176,0.21999999999999997,0.16,13.360056109,2.934138774871826,0,97.97993469238281
819.97,-1.279648689287,1.4173447535264176,0.21999999999999997,0.16,13.360056109,2.934138774871826,0,97.97993469238281
820.07,-1.279648689287,1.4173447535264176,0.21999999999999997,0.16,13.360056109,2.934138774871826,0,97.97993469238281
820.07,-1.286637483719067,1.4199611887033776,0.21999999999999997,0.16,13.36168329,2.934138774871826,0,97.86446380615234
820.07,-1.286637483719067,1.4199611887033776,0.21999999999999997,0.12820512820512842,13.36168329,2.934138774871826,0,97.86446380615234
820.07,-1.286637483719067,1.4199611887033776,0.21999999999999997,0.12820512820512842,13.36168329,2.934138774871826,0,97.86446380615234
820.07,-1.286637483719067,1.4199611887033776,0.21999999999999997,0.12820512820512842,13.36168329,2.934138774871826,0,97.86446380615234
820.07,-1.2936652941281674,1.4224631217865151,0.21999999999999997,0.12820512820512842,13.36168329,2.934138774871826,0,97.86446380615234
820.07,-1.2936652941281674,1.4224631217865151,0.21999999999999997,0.02564102564102587,13.360764379,2.934138774871826,0,97.86446380615234
820.07,-1.2936652941281674,1.4224631217865151,0.21999999999999997,0.02564102564102587,13.360764379,2.934138774871826,0,97.86446380615234
820.07,-1.2936652941281674,1.4224631217865151,0.21999999999999997,0.02564102564102587,13.360764379,2.934138774871826,0,97.86446380615234
820.07,-1.3007315118668104,1.424877388528972,0.21999999999999997,0.02564102564102587,13.355794549,2.934138774871826,0,97.86446380615234
820.07,-1.3007315118668104,1.424877388528972,0.21999999999999997,0.02564102564102587,13.355794549,2.934138774871826,0,97.86446380615234
820.1700000000001,-1.3007315118668104,1.424877388528972,0.21999999999999997,0.02564102564102587,13.355794549,2.934138774871826,0,97.86446380615234
820.1700000000001,-1.3078155736539847,1.4272672167758789,0.21999999999999997,0.02564102564102587,13.030754335,2.8634281158447266,0,97.86446380615234
820.1700000000001,-1.3078155736539847,1.4272672167758789,0.21999999999999997,0.02564102564102587,13.030754335,2.8634281158447266,0,97.86446380615234
820.1700000000001,-1.3078155736539847,1.4272672167758789,0.21999999999999997,0.02564102564102587,13.030754335,2.8634281158447266,0,97.86446380615234
820.1700000000001,-1.314897726731366,1.4296830492100778,0.21999999999999997,0.02564102564102587,13.02820145,2.8634281158447266,0,97.86446380615234
820.1700000000001,-1.314897726731366,1.4296830492100778,0.19684210526315787,-0.02564102564102541,13.02820145,2.8634281158447266,0,97.86446380615234
820.1700000000001,-1.314897726731366,1.4296830492100778,0.19684210526315787,-0.02564102564102541,13.02820145,2.8634281158447266,0,97.86446380615234
820.1700000000001,-1.314897726731366,1.4296830492100778,0.19684210526315787,-0.02564102564102541,13.02820145,2.8634281158447266,0,97.86446380615234
820.1700000000001,-1.321968491055973,1.4321289574479552,0.19684210526315787,-0.02564102564102541,13.029261866,2.8634281158447266,0,97.86446380615234
820.1700000000001,-1.321968491055973,1.4321289574479552,0.19684210526315787,-0.02564102564102541,13.029261866,2.8634281158447266,0,97.86446380615234
820.1700000000001,-1.321968491055973,1.4321289574479552,0.19684210526315787,-0.02564102564102541,13.029261866,2.8634281158447266,0,97.86446380615234
820.1700000000001,-1.321968491055973,1.4321289574479552,0.19684210526315787,-0.02564102564102541,13.029261866,2.8634281158447266,0,97.86446380615234
820.2700000000001,-1.321968491055973,1.4321289574479552,0.19684210526315787,-0.02564102564102541,13.029261866,2.8634281158447266,0,97.86446380615234
820.2700000000001,-1.321968491055973,1.4321289574479552,0.19684210526315787,-0.02564102564102541,13.029261866,2.8634281158447266,0,97.86446380615234
820.2700000000001,-1.3282911264568078,1.4343250587673724,0.19684210526315787,-0.02564102564102541,13.186935485,2.8634281158447266,0,97.86446380615234
820.2700000000001,-1.3282911264568078,1.4343250587673724,0.19684210526315787,-0.02564102564102541,13.186935485,2.8634281158447266,0,97.86446380615234
820.2700000000001,-1.3282911264568078,1.4343250587673724,0.21999999999999997,0.02564102564102587,13.186935485,2.8634281158447266,0,97.86446380615234
820.2700000000001,-1.3282911264568078,1.4343250587673724,0.21999999999999997,0.02564102564102587,13.186935485,2.8634281158447266,0,97.86446380615234
820.2700000000001,-1.3346154916996325,1.4364971538112208,0.21999999999999997,0.02564102564102587,13.342915272,2.8634281158447266,0,97.86446380615234
820.2700000000001,-1.3346154916996325,1.4364971538112208,0.21999999999999997,0.02564102564102587,13.342915272,2.8634281158447266,0,97.86446380615234
820.2700000000001,-1.3346154916996325,1.4364971538112208,0.21999999999999997,0.02564102564102587,13.342915272,2.8634281158447266,0,97.86446380615234
820.2700000000001,-1.3346154916996325,1.4364971538112208,0.21999999999999997,0.02564102564102587,13.342915272,2.8634281158447266,0,97.86446380615234
820.2700000000001,-1.3416908556058105,1.438889258391989,0.21999999999999997,0.02564102564102587,13.34042481,2.8634281158447266,0,97.86446380615234
820.2700000000001,-1.3416908556058105,1.438889258391989,0.21999999999999997,0.02564102564102587,13.34042481,2.8634281158447266,0,97.86446380615234
820.37,-1.3416908556058105,1.438889258391989,0.21999999999999997,0.02564102564102587,13.34042481,2.8634281158447266,0,97.86446380615234
820.37,-1.348781283912736,1.44125603526293,0.21999999999999997,0.02564102564102587,13.337834443,2.8634281158447266,0,97.86446380615234
820.37,-1.348781283912736,1.44125603526293,0.20842105263157892,0.07692307692307715,13.337834443,2.8634281158447266,0,97.86446380615234
820.37,-1.348781283912736,1.44125603526293,0.20842105263157892,0.07692307692307715,13.337834443,2.8634281158447266,0,97.86446380615234
820.37,-1.355878528565541,1.443612646722468,0.20842105263157892,0.07692307692307715,13.337834443,2.8634281158447266,0,97.86446380615234
820.37,-1.355878528565541,1.443612646722468,0.20842105263157892,0.07692307692307715,13.102044927,2.8134281635284424,0,97.86446380615234
820.37,-1.355878528565541,1.443612646722468,0.20842105263157892,0.07692307692307715,13.102044927,2.8134281635284424,0,97.86446380615234
820.37,-1.355878528565541,1.443612646722468,0.20842105263157892,0.07692307692307715,13.102044927,2.8134281635284424,0,97.86446380615234
820.37,-1.3626024231267846,1.445846704002419,0.20842105263157892,0.07692307692307715,13.102044927,2.8134281635284424,0,97.86446380615234
820.37,-1.3626024231267846,1.445846704002419,0.20842105263157892,0.07692307692307715,13.180848437,2.8134281635284424,0,97.86446380615234
820.37,-1.3626024231267846,1.445846704002419,0.20842105263157892,0.07692307692307715,13.180848437,2.8134281635284424,0,97.86446380615234
820.37,-1.3626024231267846,1.445846704002419,0.21999999999999997,0.17948717948717968,13.180848437,2.8134281635284424,0,97.86446380615234
820.47,-1.3626024231267846,1.445846704002419,0.21999999999999997,0.17948717948717968,13.180848437,2.8134281635284424,0,97.86446380615234
820.47,-1.3626024231267846,1.445846704002419,0.21999999999999997,0.17948717948717968,13.180848437,2.8134281635284424,0,97.86446380615234
820.47,-1.3626024231267846,1.445846704002419,0.21999999999999997,0.17948717948717968,13.180848437,2.8134281635284424,0,97.86446380615234
820.47,-1.369326207947056,1.4480729707142665,0.21999999999999997,0.17948717948717968,13.180848437,2.8134281635284424,0,97.86446380615234
820.47,-1.369326207947056,1.4480729707142665,0.21999999999999997,0.17948717948717968,13.26008439,2.8134281635284424,0,97.86446380615234
820.47,-1.369326207947056,1.4480729707142665,0.21999999999999997,0.17948717948717968,13.26008439,2.8134281635284424,0,97.86446380615234
820.47,-1.369326207947056,1.4480729707142665,0.21999999999999997,0.17948717948717968,13.26008439,2.8134281635284424,0,97.86446380615234
820.47,-1.369326207947056,1.4480729707142665,0.21999999999999997,0.17948717948717968,13.26008439,2.8134281635284424,0,97.86446380615234
820.47,-1.3764242553041568,1.4503867646994875,0.21999999999999997,0.17948717948717968,13.26008439,2.8134281635284424,0,97.86446380615234
820.47,-1.3764242553041568,1.4503867646994875,0.21999999999999997,0.17948717948717968,13.265416053,2.8134281635284424,0,97.86446380615234
820.47,-1.3764242553041568,1.4503867646994875,0.20842105263157892,0.2820512820512822,13.265416053,2.8134281635284424,0,97.86446380615234
820.47,-1.3764242553041568,1.4503867646994875,0.20842105263157892,0.2820512820512822,13.265416053,2.8134281635284424,0,97.86446380615234
820.47,-1.3835421887870274,1.452639309932751,0.20842105263157892,0.2820512820512822,13.267117676,2.8134281635284424,0,97.86446380615234
820.47,-1.3835421887870274,1.452639309932751,0.20842105263157892,0.2820512820512822,13.267117676,2.8134281635284424,0,97.86446380615234
820.47,-1.3835421887870274,1.452639309932751,0.20842105263157892,0.2820512820512822,13.267117676,2.8134281635284424,0,97.86446380615234
820.57,-1.3835421887870274,1.452639309932751,0.20842105263157892,0.2820512820512822,13.267117676,2.8134281635284424,0,97.86446380615234
820.57,-1.3903049031087436,1.454696177692249,0.20842105263157892,0.2820512820512822,13.267117676,2.8134281635284424,0,97.86446380615234
820.57,-1.3903049031087436,1.454696177692249,0.20842105263157892,0.2820512820512822,13.187293153,2.8134281635284424,0,97.76219940185547
820.57,-1.3903049031087436,1.454696177692249,0.20842105263157892,0.2820512820512822,13.187293153,2.8134281635284424,0,97.76219940185547
820.57,-1.3903049031087436,1.454696177692249,0.20842105263157892,0.2820512820512822,13.187293153,2.8134281635284424,0,97.76219940185547
820.57,-1.3970922845895233,1.4566710565723573,0.20842105263157892,0.17948717948717968,13.187293153,2.8134281635284424,0,97.76219940185547
820.57,-1.3970922845895233,1.4566710565723573,0.20842105263157892,0.17948717948717968,13.112152893,2.8134281635284424,0,97.76219940185547
820.57,-1.3970922845895233,1.4566710565723573,0.20842105263157892,0.17948717948717968,13.112152893,2.8134281635284424,0,97.76219940185547
820.57,-1.3970922845895233,1.4566710565723573,0.20842105263157892,0.17948717948717968,13.112152893,2.8134281635284424,0,97.76219940185547
820.57,-1.4039057129949848,1.4585681707560163,0.20842105263157892,0.17948717948717968,13.190273776,2.8134281635284424,0,97.76219940185547
820.6700000000001,-1.4039057129949848,1.4585681707560163,0.20842105263157892,0.17948717948717968,12.471905881,2.660203456878662,0,97.76219940185547
820.6700000000001,-1.4039057129949848,1.4585681707560163,0.20842105263157892,0.17948717948717968,12.471905881,2.660203456878662,0,97.76219940185547
820.6700000000001,-1.4107386918749498,1.4604121524052982,0.20842105263157892,0.17948717948717968,12.471905881,2.660203456878662,0,97.76219940185547
820.6700000000001,-1.4107386918749498,1.4604121524052982,0.20842105263157892,0.17948717948717968,12.54787924,2.660203456878662,0,97.76219940185547
820.6700000000001,-1.4107386918749498,1.4604121524052982,0.21999999999999997,0.3333333333333335,12.54787924,2.660203456878662,0,97.76219940185547
820.6700000000001,-1.4107386918749498,1.4604121524052982,0.21999999999999997,0.3333333333333335,12.54787924,2.660203456878662,0,97.76219940185547
820.6700000000001,-1.4175820257409013,1.4622298694558586,0.21999999999999997,0.3333333333333335,12.623869845,2.660203456878662,0,97.76219940185547
820.6700000000001,-1.4175820257409013,1.4622298694558586,0.21999999999999997,0.3333333333333335,12.623869845,2.660203456878662,0,97.76219940185547
820.6700000000001,-1.4175820257409013,1.4622298694558586,0.21999999999999997,0.3333333333333335,12.623869845,2.660203456878662,0,97.76219940185547
820.6700000000001,-1.4175820257409013,1.4622298694558586,0.21999999999999997,0.3333333333333335,12.623869845,2.660203456878662,0,97.76219940185547
820.6700000000001,-1.4247994179887111,1.464122315360562,0.21999999999999997,0.3333333333333335,12.552981022,2.660203456878662,0,97.76219940185547
820.6700000000001,-1.4247994179887111,1.464122315360562,0.21999999999999997,0.3333333333333335,12.552981022,2.660203456878662,0,97.76219940185547
820.7700000000001,-1.4247994179887111,1.464122315360562,0.21999999999999997,0.3333333333333335,12.552981022,2.660203456878662,0,97.76219940185547
820.7700000000001,-1.4247994179887111,1.464122315360562,0.21999999999999997,0.3333333333333335,12.552981022,2.660203456878662,0,97.76219940185547
820.7700000000001,-1.4320302173059873,1.4659399967278848,0.21999999999999997,0.3333333333333335,12.484551228,2.660203456878662,0,97.76219940185547
820.7700000000001,-1.4320302173059873,1.4659399967278848,0.21999999999999997,0.435897435897436,12.484551228,2.660203456878662,0,97.76219940185547
820.7700000000001,-1.4320302173059873,1.4659399967278848,0.21999999999999997,0.435897435897436,12.484551228,2.660203456878662,0,97.76219940185547
820.7700000000001,-1.4392880095944736,1.4676222138186552,0.21999999999999997,0.435897435897436,12.484551228,2.660203456878662,0,97.76219940185547
820.7700000000001,-1.4392880095944736,1.4676222138186552,0.21999999999999997,0.435897435897436,12.48529503,2.660203456878662,0,97.76219940185547
820.7700000000001,-1.4392880095944736,1.4676222138186552,0.21999999999999997,0.435897435897436,12.48529503,2.660203456878662,0,97.76219940185547
820.7700000000001,-1.4392880095944736,1.4676222138186552,0.21999999999999997,0.435897435897436,12.48529503,2.660203456878662,0,97.76219940185547
820.7700000000001,-1.4392880095944736,1.4676222138186552,0.21999999999999997,0.435897435897436,12.48529503,2.660203456878662,0,97.76219940185547
820.7700000000001,-1.4392880095944736,1.4676222138186552,0.21999999999999997,0.435897435897436,12.48529503,2.660203456878662,0,97.76219940185547
820.7700000000001,-1.4465779007668027,1.469154832809489,0.21999999999999997,0.435897435897436,12.489329801,2.660203456878662,0,97.76219940185547
820.7700000000001,-1.4465779007668027,1.469154832809489,0.21999999999999997,0.435897435897436,12.489329801,2.660203456878662,0,97.76219940185547
820.87,-1.4465779007668027,1.469154832809489,0.20842105263157892,0.435897435897436,12.489329801,2.660203456878662,0,97.76219940185547
820.87,-1.4465779007668027,1.469154832809489,0.20842105263157892,0.435897435897436,12.489329801,2.660203456878662,0,97.76219940185547
820.87,-1.4538972927090899,1.4705682766184205,0.20842105263157892,0.435897435897436,12.183432385,2.610203504562378,0,97.76219940185547
820.87,-1.4538972927090899,1.4705682766184205,0.20842105263157892,0.435897435897436,12.183432385,2.610203504562378,0,97.76219940185547
820.87,-1.4538972927090899,1.4705682766184205,0.20842105263157892,0.435897435897436,12.183432385,2.610203504562378,0,97.76219940185547
820.87,-1.4538972927090899,1.4705682766184205,0.20842105263157892,0.435897435897436,12.183432385,2.610203504562378,0,97.76219940185547
820.87,-1.46143643285859,1.4703315328053639,0.20842105263157892,0.435897435897436,12.184076766,2.610203504562378,0,97.76219940185547
820.87,-1.46143643285859,1.4703315328053639,0.20842105263157892,0.435897435897436,12.184076766,2.610203504562378,0,97.76219940185547
820.87,-1.46143643285859,1.4703315328053639,0.20842105263157892,0.435897435897436,12.184076766,2.610203504562378,0,97.76219940185547
820.87,-1.46143643285859,1.4703315328053639,0.20842105263157892,0.435897435897436,12.184076766,2.610203504562378,0,97.76219940185547
820.87,-1.4691933886600332,1.469463949142044,0.21999999999999997,0.38461538461538475,12.186114445,2.610203504562378,0,97.76219940185547
820.97,-1.4691933886600332,1.469463949142044,0.21999999999999997,0.38461538461538475,12.186114445,2.610203504562378,0,97.76219940185547
820.97,-1.4691933886600332,1.469463949142044,0.21999999999999997,0.38461538461538475,12.186114445,2.610203504562378,0,97.76219940185547
820.97,-1.4691933886600332,1.469463949142044,0.21999999999999997,0.38461538461538475,12.186114445,2.610203504562378,0,97.76219940185547
820.97,-1.4773489286932875,1.46854938293535,0.21999999999999997,0.38461538461538475,12.117169423,2.610203504562378,0,97.76219940185547
820.97,-1.4773489286932875,1.46854938293535,0.21999999999999997,0.38461538461538475,12.117169423,2.610203504562378,0,97.76219940185547
820.97,-1.4773489286932875,1.46854938293535,0.21999999999999997,0.38461538461538475,12.117169423,2.610203504562378,0,97.76219940185547
820.97,-1.4773489286932875,1.46854938293535,0.21999999999999997,0.38461538461538475,12.117169423,2.610203504562378,0,97.76219940185547
820.97,-1.4773489286932875,1.46854938293535,0.21999999999999997,0.38461538461538475,12.117169423,2.610203504562378,0,97.76219940185547
820.97,-1.4773489286932875,1.46854938293535,0.21999999999999997,0.38461538461538475,12.117169423,2.610203504562378,0,97.76219940185547
820.97,-1.4855157728944088,1.4675047671166292,0.21999999999999997,0.4871794871794873,12.049477822,2.610203504562378,0,97.76219940185547
820.97,-1.4855157728944088,1.4675047671166292,0.21999999999999997,0.4871794871794873,12.049477822,2.610203504562378,0,97.76219940185547
820.97,-1.4855157728944088,1.4675047671166292,0.21999999999999997,0.4871794871794873,12.049477822,2.610203504562378,0,97.76219940185547
821.07,-1.493695504297354,1.4663208864260193,0.21999999999999997,0.4871794871794873,12.048539572,2.610203504562378,0,97.76219940185547
821.07,-1.493695504297354,1.4663208864260193,0.21999999999999997,0.4871794871794873,12.048539572,2.610203504562378,0,97.65119934082031
821.07,-1.493695504297354,1.4663208864260193,0.21999999999999997,0.4871794871794873,12.048539572,2.610203504562378,0,97.65119934082031
821.07,-1.5018823009344253,1.4649993297454504,0.21999999999999997,0.4871794871794873,11.817267763,2.5602035522460938,0,97.65119934082031
821.07,-1.5018823009344253,1.4649993297454504,0.21999999999999997,0.4871794871794873,11.817267763,2.5602035522460938,0,97.65119934082031
821.07,-1.5018823009344253,1.4649993297454504,0.21999999999999997,0.4871794871794873,11.817267763,2.5602035522460938,0,97.65119934082031
821.07,-1.5018823009344253,1.4649993297454504,0.21999999999999997,0.4871794871794873,11.817267763,2.5602035522460938,0,97.65119934082031
821.07,-1.5094190332403716,1.465360997982471,0.21999999999999997,0.4871794871794873,11.819855275,2.5602035522460938,0,97.65119934082031
821.07,-1.5094190332403716,1.465360997982471,0.21999999999999997,0.4871794871794873,11.819855275,2.5602035522460938,0,97.65119934082031
821.07,-1.5094190332403716,1.465360997982471,0.21999999999999997,0.4871794871794873,11.819855275,2.5602035522460938,0,97.65119934082031
821.07,-1.5168504133365361,1.4659124591560095,0.21999999999999997,0.4871794871794873,11.820597049,2.5602035522460938,0,97.65119934082031
821.1700000000001,-1.5168504133365361,1.4659124591560095,0.21999999999999997,0.4871794871794873,11.820597049,2.5602035522460938,0,97.65119934082031
821.1700000000001,-1.5168504133365361,1.4659124591560095,0.21999999999999997,0.4871794871794873,11.820597049,2.5602035522460938,0,97.65119934082031
821.1700000000001,-1.5168504133365361,1.4659124591560095,0.21999999999999997,0.4871794871794873,11.820597049,2.5602035522460938,0,97.65119934082031
821.1700000000001,-1.5242909481381521,1.4663301769547674,0.21999999999999997,0.4871794871794873,11.821907657,2.5602035522460938,0,97.65119934082031
821.1700000000001,-1.5242909481381521,1.4663301769547674,0.21999999999999997,0.4871794871794873,11.821907657,2.5602035522460938,0,97.65119934082031
821.1700000000001,-1.5242909481381521,1.4663301769547674,0.18526315789473682,0.38461538461538475,11.821907657,2.5602035522460938,0,97.65119934082031
821.1700000000001,-1.5242909481381521,1.4663301769547674,0.18526315789473682,0.38461538461538475,11.821907657,2.5602035522460938,0,97.65119934082031
821.1700000000001,-1.5242909481381521,1.4663301769547674,0.18526315789473682,0.38461538461538475,11.821907657,2.5602035522460938,0,97.65119934082031
821.1700000000001,-1.5317372328058847,1.466617367448788,0.18526315789473682,0.38461538461538475,11.756295478,2.5602035522460938,0,97.65119934082031
821.1700000000001,-1.5317372328058847,1.466617367448788,0.18526315789473682,0.38461538461538475,11.756295478,2.5602035522460938,0,97.65119934082031
821.1700000000001,-1.5317372328058847,1.466617367448788,0.18526315789473682,0.38461538461538475,11.756295478,2.5602035522460938,0,97.65119934082031
821.1700000000001,-1.5317372328058847,1.466617367448788,0.18526315789473682,0.38461538461538475,11.756295478,2.5602035522460938,0,97.65119934082031
821.1700000000001,-1.5317372328058847,1.466617367448788,0.18526315789473682,0.38461538461538475,11.756295478,2.5602035522460938,0,97.65119934082031
821.1700000000001,-1.5381777710701499,1.4667621960259827,0.18526315789473682,0.38461538461538475,11.756295478,2.5602035522460938,0,97.65119934082031
821.2700000000001,-1.5381777710701499,1.4667621960259827,0.18526315789473682,0.38461538461538475,11.868400534,2.5602035522460938,0,97.65119934082031
821.2700000000001,-1.5381777710701499,1.4667621960259827,0.18526315789473682,0.38461538461538475,11.868400534,2.5602035522460938,0,97.65119934082031
821.2700000000001,-1.5444595771502243,1.4668205317549428,0.17368421052631577,0.3333333333333335,12.080670573,2.5602035522460938,0,97.65119934082031
821.2700000000001,-1.5444595771502243,1.4668205317549428,0.17368421052631577,0.3333333333333335,12.080670573,2.5602035522460938,0,97.65119934082031
821.2700000000001,-1.5444595771502243,1.4668205317549428,0.17368421052631577,0.3333333333333335,12.080670573,2.5602035522460938,0,97.65119934082031
821.2700000000001,-1.5444595771502243,1.4668205317549428,0.17368421052631577,0.3333333333333335,12.080670573,2.5602035522460938,0,97.65119934082031
821.2700000000001,-1.5503553750520338,1.4668327794673226,0.17368421052631577,0.3333333333333335,12.134721864,2.5102033615112305,0,97.65119934082031
821.2700000000001,-1.5503553750520338,1.4668327794673226,0.17368421052631577,0.3333333333333335,12.134721864,2.5102033615112305,0,97.65119934082031
821.2700000000001,-1.5503553750520338,1.4668327794673226,0.17368421052631577,0.3333333333333335,12.134721864,2.5102033615112305,0,97.65119934082031
821.2700000000001,-1.5503553750520338,1.4668327794673226,0.17368421052631577,0.3333333333333335,12.134721864,2.5102033615112305,0,97.65119934082031
821.2700000000001,-1.5503553750520338,1.4668327794673226,0.17368421052631577,0.3333333333333335,12.134721864,2.5102033615112305,0,97.65119934082031
821.2700000000001,-1.5562447187598583,1.4667928710452325,0.17368421052631577,0.3333333333333335,12.445118957,2.5102033615112305,0,97.65119934082031
821.37,-1.5562447187598583,1.4667928710452325,0.17368421052631577,0.3333333333333335,12.445118957,2.5102033615112305,0,97.65119934082031
821.37,-1.5562447187598583,1.4667928710452325,0.16210526315789472,0.3333333333333335,12.445118957,2.5102033615112305,0,97.65119934082031
821.37,-1.562131117721877,1.4666978620870088,0.16210526315789472,0.3333333333333335,12.445118957,2.5102033615112305,0,97.65119934082031
821.37,-1.562131117721877,1.4666978620870088,0.16210526315789472,0.3333333333333335,12.760701822,2.5102033615112305,0,97.65119934082031
821.37,-1.562131117721877,1.4666978620870088,0.16210526315789472,0.3333333333333335,12.760701822,2.5102033615112305,0,97.65119934082031
821.37,-1.562131117721877,1.4666978620870088,0.16210526315789472,0.3333333333333335,12.760701822,2.5102033615112305,0,97.65119934082031
821.37,-1.5676207919284084,1.4665409585142444,0.16210526315789472,0.3333333333333335,13.191389681,2.5102033615112305,0,97.65119934082031
821.37,-1.5676207919284084,1.4665409585142444,0.16210526315789472,0.3333333333333335,13.191389681,2.5102033615112305,0,97.65119934082031
821.37,-1.5676207919284084,1.4665409585142444,0.16210526315789472,0.3333333333333335,13.191389681,2.5102033615112305,0,97.65119934082031
821.37,-1.5731041514137036,1.4663058359019914,0.15052631578947367,0.23076923076923095,13.191389681,2.5102033615112305,0,97.65119934082031
821.47,-1.5731041514137036,1.4663058359019914,0.15052631578947367,0.23076923076923095,13.638498527,2.5102033615112305,0,97.65119934082031
821.47,-1.5731041514137036,1.4663058359019914,0.15052631578947367,0.23076923076923095,13.638498527,2.5102033615112305,0,97.65119934082031
821.47,-1.5731041514137036,1.4663058359019914,0.15052631578947367,0.23076923076923095,13.638498527,2.5102033615112305,0,97.65119934082031
821.47,-1.5731041514137036,1.4663058359019914,0.15052631578947367,0.23076923076923095,13.638498527,2.5102033615112305,0,97.65119934082031
821.47,-1.5781981652724362,1.4660266026892348,0.15052631578947367,0.23076923076923095,14.234339822,2.5102033615112305,0,97.65119934082031
821.47,-1.5781981652724362,1.4660266026892348,0.15052631578947367,0.23076923076923095,14.234339822,2.5102033615112305,0,97.65119934082031
821.47,-1.5781981652724362,1.4660266026892348,0.15052631578947367,0.23076923076923095,14.234339822,2.5102033615112305,0,97.65119934082031
821.47,-1.5781981652724362,1.4660266026892348,0.15052631578947367,0.23076923076923095,14.234339822,2.5102033615112305,0,97.65119934082031
821.47,-1.583278703757308,1.465701970812436,0.15052631578947367,0.23076923076923095,14.858173977,2.5102033615112305,0,97.65119934082031
821.47,-1.583278703757308,1.465701970812436,0.15052631578947367,0.23076923076923095,14.858173977,2.5102033615112305,0,97.65119934082031
821.47,-1.583278703757308,1.465701970812436,0.13894736842105262,0.23076923076923095,14.858173977,2.5102033615112305,0,97.65119934082031
821.57,-1.583278703757308,1.465701970812436,0.13894736842105262,0.23076923076923095,14.858173977,2.5102033615112305,0,97.65119934082031
821.57,-1.5883699228292207,1.465351295044896,0.13894736842105262,0.23076923076923095,15.258451549,2.5102033615112305,0,97.56161499023438
821.57,-1.5883699228292207,1.465351295044896,0.13894736842105262,0.23076923076923095,15.258451549,2.5102033615112305,0,97.56161499023438
821.57,-1.5883699228292207,1.465351295044896,0.13894736842105262,0.23076923076923095,15.258451549,2.5102033615112305,0,97.56161499023438
821.57,-1.5930718464004554,1.4649951910659889,0.13894736842105262,0.23076923076923095,15.770714804,2.5102033615112305,0,97.56161499023438
821.57,-1.5930718464004554,1.4649951910659889,0.13894736842105262,0.23076923076923095,15.770714804,2.5102033615112305,0,97.56161499023438
821.57,-1.5930718464004554,1.4649951910659889,0.13894736842105262,0.23076923076923095,15.770714804,2.5102033615112305,0,97.56161499023438
821.57,-1.5930718464004554,1.4649951910659889,0.13894736842105262,0.23076923076923095,15.770714804,2.5102033615112305,0,97.56161499023438
821.57,-1.597762635376175,1.4646154582691875,0.13894736842105262,0.23076923076923095,16.178122042,2.5102033615112305,0,97.56161499023438
821.57,-1.597762635376175,1.4646154582691875,0.21999999999999997,0.23076923076923095,16.178122042,2.5102033615112305,0,97.56161499023438
821.57,-1.597762635376175,1.4646154582691875,0.21999999999999997,0.23076923076923095,16.178122042,2.5102033615112305,0,97.56161499023438
821.6700000000001,-1.597762635376175,1.4646154582691875,0.21999999999999997,0.23076923076923095,16.178122042,2.5102033615112305,0,97.56161499023438
821.6700000000001,-1.597762635376175,1.4646154582691875,0.21999999999999997,0.23076923076923095,16.178122042,2.5102033615112305,0,97.56161499023438
821.6700000000001,-1.6024271483818595,1.4641949046271787,0.21999999999999997,0.23076923076923095,16.576297276,2.5102033615112305,0,97.56161499023438
821.6700000000001,-1.6024271483818595,1.4641949046271787,0.21999999999999997,0.23076923076923095,16.246118908,2.4602034091949463,0,97.56161499023438
821.6700000000001,-1.6024271483818595,1.4641949046271787,0.21999999999999997,0.23076923076923095,16.246118908,2.4602034091949463,0,97.56161499023438
821.6700000000001,-1.6024271483818595,1.4641949046271787,0.21999999999999997,0.23076923076923095,16.246118908,2.4602034091949463,0,97.56161499023438
821.6700000000001,-1.6082092055211823,1.463613880266766,0.21999999999999997,0.23076923076923095,16.25122777,2.4602034091949463,0,97.56161499023438
821.6700000000001,-1.6082092055211823,1.463613880266766,0.21999999999999997,0.23076923076923095,16.25122777,2.4602034091949463,0,97.56161499023438
821.6700000000001,-1.6082092055211823,1.463613880266766,0.19684210526315787,0.23076923076923095,16.25122777,2.4602034091949463,0,97.56161499023438
821.6700000000001,-1.6151351967796388,1.4628490037375348,0.19684210526315787,0.23076923076923095,15.71423578,2.4602034091949463,0,97.56161499023438
821.6700000000001,-1.6151351967796388,1.4628490037375348,0.19684210526315787,0.23076923076923095,15.71423578,2.4602034091949463,0,97.56161499023438
821.6700000000001,-1.6151351967796388,1.4628490037375348,0.19684210526315787,0.23076923076923095,15.71423578,2.4602034091949463,0,97.56161499023438
821.7700000000001,-1.62174659045033,1.4620654390109213,0.19684210526315787,0.23076923076923095,15.71423578,2.4602034091949463,0,97.56161499023438
821.7700000000001,-1.62174659045033,1.4620654390109213,0.19684210526315787,0.23076923076923095,15.341857635,2.4602034091949463,0,97.56161499023438
821.7700000000001,-1.62174659045033,1.4620654390109213,0.19684210526315787,0.23076923076923095,15.341857635,2.4602034091949463,0,97.56161499023438
821.7700000000001,-1.62174659045033,1.4620654390109213,0.19684210526315787,0.23076923076923095,15.341857635,2.4602034091949463,0,97.56161499023438
821.7700000000001,-1.62174659045033,1.4620654390109213,0.19684210526315787,0.23076923076923095,15.341857635,2.4602034091949463,0,97.56161499023438
821.7700000000001,-1.628369407989777,1.461232624874686,0.19684210526315787,0.23076923076923095,14.866723306,2.4602034091949463,0,97.56161499023438
821.7700000000001,-1.628369407989777,1.461232624874686,0.18526315789473682,0.23076923076923095,14.866723306,2.4602034091949463,0,97.56161499023438
821.7700000000001,-1.628369407989777,1.461232624874686,0.18526315789473682,0.23076923076923095,14.866723306,2.4602034091949463,0,97.56161499023438
821.7700000000001,-1.6349903228528009,1.4603500032050336,0.18526315789473682,0.23076923076923095,14.434979688,2.4602034091949463,0,97.56161499023438
821.7700000000001,-1.6349903228528009,1.4603500032050336,0.18526315789473682,0.23076923076923095,14.434979688,2.4602034091949463,0,97.56161499023438
821.87,-1.6349903228528009,1.4603500032050336,0.18526315789473682,0.23076923076923095,14.434979688,2.4602034091949463,0,97.56161499023438
821.87,-1.6349903228528009,1.4603500032050336,0.18526315789473682,0.23076923076923095,14.434979688,2.4602034091949463,0,97.56161499023438
821.87,-1.6412187639126996,1.4594730484342342,0.18526315789473682,0.23076923076923095,14.10985179,2.4602034091949463,0,97.56161499023438
821.87,-1.6412187639126996,1.4594730484342342,0.18526315789473682,0.23076923076923095,14.10985179,2.4602034091949463,0,97.56161499023438
821.87,-1.6412187639126996,1.4594730484342342,0.18526315789473682,0.23076923076923095,14.10985179,2.4602034091949463,0,97.56161499023438
821.87,-1.6474866950510028,1.4584934581269682,0.18526315789473682,0.23076923076923095,13.691733750000001,2.4602034091949463,0,97.56161499023438
821.87,-1.6474866950510028,1.4584934581269682,0.18526315789473682,0.17948717948717968,13.691733750000001,2.4602034091949463,0,97.56161499023438
821.87,-1.6474866950510028,1.4584934581269682,0.18526315789473682,0.17948717948717968,13.691733750000001,2.4602034091949463,0,97.56161499023438
821.87,-1.6474866950510028,1.4584934581269682,0.18526315789473682,0.17948717948717968,13.691733750000001,2.4602034091949463,0,97.56161499023438
821.87,-1.6553750684042203,1.4556462401206667,0.18526315789473682,0.17948717948717968,13.691733750000001,2.4602034091949463,0,97.56161499023438
821.87,-1.6553750684042203,1.4556462401206667,0.18526315789473682,0.17948717948717968,13.303660325,2.4602034091949463,0,97.56161499023438
821.87,-1.6553750684042203,1.4556462401206667,0.18526315789473682,0.17948717948717968,13.033283081,2.410203456878662,0,97.56161499023438
821.97,-1.6553750684042203,1.4556462401206667,0.18526315789473682,0.17948717948717968,13.033283081,2.410203456878662,0,97.56161499023438
821.97,-1.6553750684042203,1.4556462401206667,0.18526315789473682,0.17948717948717968,13.033283081,2.410203456878662,0,97.56161499023438
821.97,-1.6632344912256898,1.4527028429631121,0.18526315789473682,0.17948717948717968,12.68524397,2.410203456878662,0,97.56161499023438
821.97,-1.6632344912256898,1.4527028429631121,0.18526315789473682,0.17948717948717968,12.68524397,2.410203456878662,0,97.56161499023438
821.97,-1.6632344912256898,1.4527028429631121,0.16210526315789472,0.17948717948717968,12.68524397,2.410203456878662,0,97.56161499023438
821.97,-1.6632344912256898,1.4527028429631121,0.16210526315789472,0.17948717948717968,12.68524397,2.410203456878662,0,97.56161499023438
821.97,-1.671064204285591,1.4496606078719396,0.16210526315789472,0.17948717948717968,12.602433713,2.410203456878662,0,97.56161499023438
821.97,-1.671064204285591,1.4496606078719396,0.16210526315789472,0.17948717948717968,12.602433713,2.410203456878662,0,97.56161499023438
821.97,-1.671064204285591,1.4496606078719396,0.16210526315789472,0.17948717948717968,12.602433713,2.410203456878662,0,97.56161499023438
821.97,-1.671064204285591,1.4496606078719396,0.16210526315789472,0.17948717948717968,12.602433713,2.410203456878662,0,97.56161499023438
821.97,-1.678093943383084,1.4466804489943454,0.16210526315789472,0.17948717948717968,12.948581671,2.410203456878662,0,97.56161499023438
821.97,-1.678093943383084,1.4466804489943454,0.16210526315789472,0.17948717948717968,12.948581671,2.410203456878662,0,97.56161499023438
822.07,-1.6850914992602402,1.4436241494170226,0.16210526315789472,0.17948717948717968,13.220854494,2.410203456878662,0,97.46490478515625
822.07,-1.6850914992602402,1.4436241494170226,0.11578947368421051,0.07692307692307715,13.220854494,2.410203456878662,0,97.46490478515625
822.07,-1.6850914992602402,1.4436241494170226,0.11578947368421051,0.07692307692307715,13.220854494,2.410203456878662,0,97.46490478515625
822.07,-1.6850914992602402,1.4436241494170226,0.11578947368421051,0.07692307692307715,13.220854494,2.410203456878662,0,97.46490478515625
822.07,-1.6850914992602402,1.4436241494170226,0.11578947368421051,0.07692307692307715,13.220854494,2.410203456878662,0,97.46490478515625
822.07,-1.6850914992602402,1.4436241494170226,0.11578947368421051,0.07692307692307715,13.220854494,2.410203456878662,0,97.46490478515625
822.07,-1.691826021766923,1.4407847772565967,0.11578947368421051,0.07692307692307715,13.501893656,2.410203456878662,0,97.46490478515625
822.07,-1.691826021766923,1.4407847772565967,0.11578947368421051,0.07692307692307715,13.501893656,2.410203456878662,0,97.46490478515625
822.07,-1.691826021766923,1.4407847772565967,0.11578947368421051,0.07692307692307715,13.501893656,2.410203456878662,0,97.46490478515625
822.07,-1.691826021766923,1.4407847772565967,0.11578947368421051,0.07692307692307715,13.501893656,2.410203456878662,0,97.46490478515625
822.07,-1.696073210980593,1.439861446635132,0.11578947368421051,0.07692307692307715,13.501893656,2.410203456878662,0,97.46490478515625
822.07,-1.696073210980593,1.439861446635132,0.10421052631578946,0.07692307692307715,14.111076337,2.410203456878662,0,97.46490478515625
822.07,-1.696073210980593,1.439861446635132,0.10421052631578946,0.07692307692307715,14.111076337,2.410203456878662,0,97.46490478515625
822.1700000000001,-1.696073210980593,1.439861446635132,0.10421052631578946,0.07692307692307715,14.111076337,2.410203456878662,0,97.46490478515625
822.1700000000001,-1.696073210980593,1.439861446635132,0.10421052631578946,0.07692307692307715,14.111076337,2.410203456878662,0,97.46490478515625
822.1700000000001,-1.696073210980593,1.439861446635132,0.10421052631578946,0.07692307692307715,14.111076337,2.410203456878662,0,97.46490478515625
822.1700000000001,-1.696073210980593,1.439861446635132,0.10421052631578946,0.07692307692307715,14.111076337,2.410203456878662,0,97.46490478515625
822.1700000000001,-1.699912754918789,1.4390035719780832,0.10421052631578946,0.07692307692307715,14.468610821,2.360203504562378,0,97.46490478515625
822.1700000000001,-1.699912754918789,1.4390035719780832,0.10421052631578946,0.07692307692307715,14.468610821,2.360203504562378,0,97.46490478515625
822.1700000000001,-1.699912754918789,1.4390035719780832,0.10421052631578946,0.07692307692307715,14.468610821,2.360203504562378,0,97.46490478515625
822.1700000000001,-1.699912754918789,1.4390035719780832,0.10421052631578946,0.07692307692307715,14.468610821,2.360203504562378,0,97.46490478515625
822.1700000000001,-1.699912754918789,1.4390035719780832,0.10421052631578946,0.07692307692307715,14.468610821,2.360203504562378,0,97.46490478515625
822.1700000000001,-1.7033580226800622,1.4382096889190452,0.10421052631578946,0.07692307692307715,15.317040488,2.360203504562378,0,97.46490478515625
822.1700000000001,-1.7033580226800622,1.4382096889190452,0.10421052631578946,0.07692307692307715,15.317040488,2.360203504562378,0,97.46490478515625
822.1700000000001,-1.7033580226800622,1.4382096889190452,0.10421052631578946,0.07692307692307715,15.317040488,2.360203504562378,0,97.46490478515625
822.1700000000001,-1.706808040967201,1.4374107857103902,0.10421052631578946,0.07692307692307715,16.236973557,2.360203504562378,0,97.46490478515625
822.1700000000001,-1.706808040967201,1.4374107857103902,0.10421052631578946,0.07692307692307715,16.236973557,2.360203504562378,0,97.46490478515625
822.1700000000001,-1.706808040967201,1.4374107857103902,0.10421052631578946,0.07692307692307715,16.236973557,2.360203504562378,0,97.46490478515625
822.2700000000001,-1.710262040597599,1.4366154846556947,0.10421052631578946,0.07692307692307715,16.236973557,2.360203504562378,0,97.46490478515625
822.2700000000001,-1.710262040597599,1.4366154846556947,0.10421052631578946,0.07692307692307715,17.313391508,2.360203504562378,0,97.46490478515625
822.2700000000001,-1.710262040597599,1.4366154846556947,0.10421052631578946,0.07692307692307715,17.313391508,2.360203504562378,0,97.46490478515625
822.2700000000001,-1.710262040597599,1.4366154846556947,0.10421052631578946,0.02564102564102587,17.313391508,2.360203504562378,0,97.46490478515625
822.2700000000001,-1.710262040597599,1.4366154846556947,0.10421052631578946,0.02564102564102587,17.313391508,2.360203504562378,0,97.46490478515625
822.2700000000001,-1.710262040597599,1.4366154846556947,0.10421052631578946,0.02564102564102587,17.313391508,2.360203504562378,0,97.46490478515625
822.2700000000001,-1.7137058136556036,1.4358156933018706,0.10421052631578946,0.02564102564102587,18.522234159,2.360203504562378,0,97.46490478515625
822.2700000000001,-1.7137058136556036,1.4358156933018706,0.10421052631578946,0.02564102564102587,18.522234159,2.360203504562378,0,97.46490478515625
822.2700000000001,-1.7137058136556036,1.4358156933018706,0.10421052631578946,0.02564102564102587,18.522234159,2.360203504562378,0,97.46490478515625
822.2700000000001,-1.7137058136556036,1.4358156933018706,0.10421052631578946,0.02564102564102587,18.522234159,2.360203504562378,0,97.46490478515625
822.2700000000001,-1.7171560712317908,1.4350126652702528,0.10421052631578946,0.02564102564102587,19.492343518,2.360203504562378,0,97.46490478515625
822.2700000000001,-1.7171560712317908,1.4350126652702528,0.10421052631578946,0.02564102564102587,19.492343518,2.360203504562378,0,97.46490478515625
822.37,-1.7171560712317908,1.4350126652702528,0.10421052631578946,0.02564102564102587,19.492343518,2.360203504562378,0,97.46490478515625
822.37,-1.7171560712317908,1.4350126652702528,0.10421052631578946,0.02564102564102587,19.492343518,2.360203504562378,0,97.46490478515625
822.37,-1.7205944796683392,1.4341937661359865,0.09263157894736841,0.07692307692307715,20.557782108,2.360203504562378,0,97.46490478515625
822.37,-1.7205944796683392,1.4341937661359865,0.09263157894736841,0.07692307692307715,20.856061936,2.3944485187530518,0,97.46490478515625
822.37,-1.7205944796683392,1.4341937661359865,0.09263157894736841,0.07692307692307715,20.856061936,2.3944485187530518,0,97.46490478515625
822.37,-1.7205944796683392,1.4341937661359865,0.09263157894736841,0.07692307692307715,20.856061936,2.3944485187530518,0,97.46490478515625
822.37,-1.7205944796683392,1.4341937661359865,0.09263157894736841,0.07692307692307715,20.856061936,2.3944485187530518,0,97.46490478515625
822.37,-1.723652256646508,1.433460738729285,0.09263157894736841,0.07692307692307715,22.315481428,2.3944485187530518,0,97.46490478515625
822.37,-1.723652256646508,1.433460738729285,0.09263157894736841,0.07692307692307715,22.315481428,2.3944485187530518,0,97.46490478515625
822.37,-1.723652256646508,1.433460738729285,0.09263157894736841,0.07692307692307715,22.315481428,2.3944485187530518,0,97.46490478515625
822.37,-1.723652256646508,1.433460738729285,0.09263157894736841,0.07692307692307715,22.315481428,2.3944485187530518,0,97.46490478515625
822.37,-1.7267105823377114,1.4327211103134665,0.09263157894736841,0.07692307692307715,23.119399179,2.3944485187530518,0,97.46490478515625
822.37,-1.7267105823377114,1.4327211103134665,0.08105263157894736,0.07692307692307715,23.119399179,2.3944485187530518,0,97.46490478515625
822.47,-1.7267105823377114,1.4327211103134665,0.08105263157894736,0.07692307692307715,23.119399179,2.3944485187530518,0,97.46490478515625
822.47,-1.7297662124052087,1.4319747358705752,0.08105263157894736,0.07692307692307715,23.119399179,2.3944485187530518,0,97.46490478515625
822.47,-1.7297662124052087,1.4319747358705752,0.08105263157894736,0.07692307692307715,23.674298624,2.3944485187530518,0,97.46490478515625
822.47,-1.7297662124052087,1.4319747358705752,0.08105263157894736,0.07692307692307715,23.674298624,2.3944485187530518,0,97.46490478515625
822.47,-1.7297662124052087,1.4319747358705752,0.08105263157894736,0.07692307692307715,23.674298624,2.3944485187530518,0,97.46490478515625
822.47,-1.7297662124052087,1.4319747358705752,0.08105263157894736,0.07692307692307715,23.674298624,2.3944485187530518,0,97.46490478515625
822.47,-1.7297662124052087,1.4319747358705752,0.08105263157894736,0.07692307692307715,23.674298624,2.3944485187530518,0,97.46490478515625
822.47,-1.7324322187718475,1.4313145793278528,0.08105263157894736,0.07692307692307715,24.304494203,2.3944485187530518,0,97.46490478515625
822.47,-1.7324322187718475,1.4313145793278528,0.08105263157894736,0.07692307692307715,24.304494203,2.3944485187530518,0,97.46490478515625
822.47,-1.7324322187718475,1.4313145793278528,0.08105263157894736,0.17948717948717968,24.304494203,2.3944485187530518,0,97.46490478515625
822.47,-1.735098890928994,1.4306439144410137,0.08105263157894736,0.17948717948717968,24.989192959,2.3944485187530518,0,97.46490478515625
822.57,-1.735098890928994,1.4306439144410137,0.08105263157894736,0.17948717948717968,24.989192959,2.3944485187530518,0,97.46490478515625
822.57,-1.735098890928994,1.4306439144410137,0.08105263157894736,0.17948717948717968,24.989192959,2.3944485187530518,0,97.40569305419922
822.57,-1.7377653919108462,1.4299639250484224,0.08105263157894736,0.17948717948717968,25.615778547,2.3944485187530518,0,97.40569305419922
822.57,-1.7377653919108462,1.4299639250484224,0.08105263157894736,0.17948717948717968,25.615778547,2.3944485187530518,0,97.40569305419922
822.57,-1.7377653919108462,1.4299639250484224,0.08105263157894736,0.17948717948717968,25.615778547,2.3944485187530518,0,97.40569305419922
822.57,-1.7377653919108462,1.4299639250484224,0.08105263157894736,0.17948717948717968,25.615778547,2.3944485187530518,0,97.40569305419922
822.57,-1.7404216620221413,1.4292702640743717,0.08105263157894736,0.17948717948717968,26.355061343,2.3944485187530518,0,97.40569305419922
822.57,-1.7404216620221413,1.4292702640743717,0.06947368421052631,0.025641025641025883,25.804724544,2.3444483280181885,0,97.40569305419922
822.57,-1.7404216620221413,1.4292702640743717,0.06947368421052631,0.025641025641025883,25.804724544,2.3444483280181885,0,97.40569305419922
822.57,-1.7404216620221413,1.4292702640743717,0.06947368421052631,0.025641025641025883,25.804724544,2.3444483280181885,0,97.40569305419922
822.57,-1.7404216620221413,1.4292702640743717,0.06947368421052631,0.025641025641025883,25.804724544,2.3444483280181885,0,97.40569305419922
822.57,-1.7430783123629687,1.4285612751098447,0.06947368421052631,0.025641025641025883,25.804724544,2.3444483280181885,0,97.40569305419922
822.57,-1.7430783123629687,1.4285612751098447,0.06947368421052631,0.025641025641025883,26.514719708,2.3444483280181885,0,97.40569305419922
822.6700000000001,-1.7430783123629687,1.4285612751098447,0.06947368421052631,0.02564102564102587,26.514719708,2.3444483280181885,0,97.40569305419922
822.6700000000001,-1.7430783123629687,1.4285612751098447,0.06947368421052631,0.02564102564102587,26.514719708,2.3444483280181885,0,97.40569305419922
822.6700000000001,-1.745347206684418,1.4279382130545237,0.06947368421052631,0.02564102564102587,27.825263537,2.3444483280181885,0,97.40569305419922
822.6700000000001,-1.745347206684418,1.4279382130545237,0.06947368421052631,0.02564102564102587,27.825263537,2.3444483280181885,0,97.40569305419922
822.6700000000001,-1.745347206684418,1.4279382130545237,0.06947368421052631,0.02564102564102587,27.825263537,2.3444483280181885,0,97.40569305419922
822.6700000000001,-1.7467021101781324,1.428891412061204,0.06947368421052631,0.07692307692307715,28.668260224,2.3444483280181885,0,97.40569305419922
822.6700000000001,-1.7467021101781324,1.428891412061204,0.06947368421052631,0.07692307692307715,28.668260224,2.3444483280181885,0,97.40569305419922
822.6700000000001,-1.7467021101781324,1.428891412061204,0.06947368421052631,0.07692307692307715,28.668260224,2.3444483280181885,0,97.40569305419922
822.6700000000001,-1.7467021101781324,1.428891412061204,0.06947368421052631,0.07692307692307715,28.668260224,2.3444483280181885,0,97.40569305419922
822.6700000000001,-1.7468946995515233,1.4318592702603326,0.06947368421052631,0.07692307692307715,29.677676793,2.3444483280181885,0,97.40569305419922
822.7700000000001,-1.7468946995515233,1.4318592702603326,0.06947368421052631,0.07692307692307715,29.677676793,2.3444483280181885,0,97.40569305419922
822.7700000000001,-1.7468946995515233,1.4318592702603326,0.06947368421052631,0.07692307692307715,29.677676793,2.3444483280181885,0,97.40569305419922
822.7700000000001,-1.7468946995515233,1.4318592702603326,0.06947368421052631,0.07692307692307715,29.677676793,2.3444483280181885,0,97.40569305419922
822.7700000000001,-1.7470825566273867,1.434836654790995,0.06947368421052631,0.07692307692307715,30.635268419,2.3444483280181885,0,97.40569305419922
822.7700000000001,-1.7470825566273867,1.434836654790995,0.06947368421052631,0.07692307692307715,30.635268419,2.3444483280181885,0,97.40569305419922
822.7700000000001,-1.7470825566273867,1.434836654790995,0.06947368421052631,0.17948717948717968,30.635268419,2.3444483280181885,0,97.40569305419922
822.7700000000001,-1.7472633315507524,1.4378183485797549,0.06947368421052631,0.17948717948717968,31.153052647,2.3444483280181885,0,97.40569305419922
822.7700000000001,-1.7472633315507524,1.4378183485797549,0.06947368421052631,0.17948717948717968,31.153052647,2.3444483280181885,0,97.40569305419922
822.7700000000001,-1.7472633315507524,1.4378183485797549,0.06947368421052631,0.17948717948717968,31.153052647,2.3444483280181885,0,97.40569305419922
822.7700000000001,-1.7472633315507524,1.4378183485797549,0.06947368421052631,0.17948717948717968,31.153052647,2.3444483280181885,0,97.40569305419922
822.7700000000001,-1.7472633315507524,1.4378183485797549,0.06947368421052631,0.17948717948717968,31.153052647,2.3444483280181885,0,97.40569305419922
822.7700000000001,-1.7474296048877764,1.440793973699563,0.06947368421052631,0.17948717948717968,31.66216461,2.3444483280181885,0,97.40569305419922
822.7700000000001,-1.7474296048877764,1.440793973699563,0.06947368421052631,0.17948717948717968,31.66216461,2.3444483280181885,0,97.40569305419922
822.87,-1.7474296048877764,1.440793973699563,0.06947368421052631,0.17948717948717968,31.66216461,2.3444483280181885,0,97.40569305419922
822.87,-1.7474296048877764,1.440793973699563,0.06947368421052631,0.17948717948717968,31.66216461,2.3444483280181885,0,97.40569305419922
822.87,-1.7474296048877764,1.440793973699563,0.05789473684210526,0.025641025641025883,31.66216461,2.3444483280181885,0,97.40569305419922
822.87,-1.747584624109335,1.443755445254284,0.05789473684210526,0.025641025641025883,32.355639341,2.3444483280181885,0,97.40569305419922
822.87,-1.747584624109335,1.443755445254284,0.05789473684210526,0.025641025641025883,32.355639341,2.3444483280181885,0,97.40569305419922
822.87,-1.747584624109335,1.443755445254284,0.05789473684210526,0.025641025641025883,32.355639341,2.3444483280181885,0,97.40569305419922
822.87,-1.7484752465114757,1.444907107695383,0.05789473684210526,0.025641025641025883,32.355639341,2.3444483280181885,0,97.40569305419922
822.87,-1.7484752465114757,1.444907107695383,0.05789473684210526,0.02564102564102587,33.45337724,2.3444483280181885,0,97.40569305419922
822.87,-1.7484752465114757,1.444907107695383,0.05789473684210526,0.02564102564102587,33.45337724,2.3444483280181885,0,97.40569305419922
822.87,-1.7484752465114757,1.444907107695383,0.05789473684210526,0.02564102564102587,33.45337724,2.3444483280181885,0,97.40569305419922
822.87,-1.7484752465114757,1.444907107695383,0.05789473684210526,0.02564102564102587,33.45337724,2.3444483280181885,0,97.40569305419922
822.87,-1.7503711507769886,1.444366265980563,0.05789473684210526,0.02564102564102587,34.714744896,2.3444483280181885,0,97.40569305419922
822.97,-1.7503711507769886,1.444366265980563,0.05789473684210526,0.07692307692307715,34.714744896,2.3444483280181885,0,97.40569305419922
822.97,-1.7503711507769886,1.444366265980563,0.05789473684210526,0.07692307692307715,34.714744896,2.3444483280181885,0,97.40569305419922
822.97,-1.7522752752374902,1.4438344888523071,0.05789473684210526,0.07692307692307715,34.714744896,2.3444483280181885,0,97.40569305419922
822.97,-1.7522752752374902,1.4438344888523071,0.05789473684210526,0.07692307692307715,35.359157241,2.3444483280181885,0,97.40569305419922
822.97,-1.7522752752374902,1.4438344888523071,0.05789473684210526,0.07692307692307715,35.359157241,2.3444483280181885,0,97.40569305419922
822.97,-1.7522752752374902,1.4438344888523071,0.05789473684210526,0.07692307692307715,35.359157241,2.3444483280181885,0,97.40569305419922
822.97,-1.7541774783891992,1.4433165009749567,0.05789473684210526,0.07692307692307715,36.087974894,2.3444483280181885,0,97.40569305419922
822.97,-1.7541774783891992,1.4433165009749567,0.05789473684210526,0.07692307692307715,36.087974894,2.3444483280181885,0,97.40569305419922
822.97,-1.7541774783891992,1.4433165009749567,0.05789473684210526,0.07692307692307715,36.087974894,2.3444483280181885,0,97.40569305419922
823.07,-1.7560755446014136,1.4428042994398742,0.05789473684210526,0.07692307692307715,36.688760846,2.3444483280181885,0,97.40569305419922
823.07,-1.7560755446014136,1.4428042994398742,0.05789473684210526,0.17948717948717968,36.688760846,2.3444483280181885,0,97.38143920898438
823.07,-1.7560755446014136,1.4428042994398742,0.05789473684210526,0.17948717948717968,36.688760846,2.3444483280181885,0,97.38143920898438
823.07,-1.7560755446014136,1.4428042994398742,0.05789473684210526,0.17948717948717968,36.688760846,2.3444483280181885,0,97.38143920898438
823.07,-1.7579602380811334,1.442281830373094,0.05789473684210526,0.17948717948717968,36.688760846,2.3444483280181885,0,97.38143920898438
823.07,-1.7579602380811334,1.442281830373094,0.05789473684210526,0.17948717948717968,37.674049581,2.3444483280181885,0,97.38143920898438
823.07,-1.7579602380811334,1.442281830373094,0.05789473684210526,0.17948717948717968,37.674049581,2.3444483280181885,0,97.38143920898438
823.07,-1.7579602380811334,1.442281830373094,0.05789473684210526,0.17948717948717968,37.674049581,2.3444483280181885,0,97.38143920898438
823.07,-1.7598383883626971,1.4417415605165111,0.05789473684210526,0.17948717948717968,38.327805979,2.3444483280181885,0,97.38143920898438
823.07,-1.7598383883626971,1.4417415605165111,0.05789473684210526,0.17948717948717968,38.327805979,2.3444483280181885,0,97.38143920898438
823.07,-1.7598383883626971,1.4417415605165111,0.05789473684210526,0.17948717948717968,38.327805979,2.3444483280181885,0,97.38143920898438
823.07,-1.7598383883626971,1.4417415605165111,0.09263157894736841,0.23076923076923095,38.327805979,2.3444483280181885,0,97.38143920898438
823.1700000000001,-1.7617174778943565,1.4411847947105019,0.09263157894736841,0.23076923076923095,39.189397608,2.3444483280181885,0,97.38143920898438
823.1700000000001,-1.7617174778943565,1.4411847947105019,0.09263157894736841,0.23076923076923095,39.189397608,2.3444483280181885,0,97.38143920898438
823.1700000000001,-1.7617174778943565,1.4411847947105019,0.09263157894736841,0.23076923076923095,39.189397608,2.3444483280181885,0,97.38143920898438
823.1700000000001,-1.7617174778943565,1.4411847947105019,0.09263157894736841,0.23076923076923095,39.189397608,2.3444483280181885,0,97.38143920898438
823.1700000000001,-1.7646579591752656,1.4402975455490095,0.09263157894736841,0.23076923076923095,39.189397608,2.3444483280181885,0,97.38143920898438
823.1700000000001,-1.7646579591752656,1.4402975455490095,0.09263157894736841,0.23076923076923095,37.626891672,2.3444483280181885,0,97.38143920898438
823.1700000000001,-1.7646579591752656,1.4402975455490095,0.09263157894736841,0.23076923076923095,37.626891672,2.3444483280181885,0,97.38143920898438
823.1700000000001,-1.7646579591752656,1.4402975455490095,0.09263157894736841,0.23076923076923095,37.626891672,2.3444483280181885,0,97.38143920898438
823.1700000000001,-1.7676662528255582,1.439384132840034,0.09263157894736841,0.23076923076923095,35.552516966,2.3444483280181885,0,97.38143920898438
823.1700000000001,-1.7676662528255582,1.439384132840034,0.04631578947368421,0.07076923076923095,35.552516966,2.3444483280181885,0,97.38143920898438
823.1700000000001,-1.7676662528255582,1.439384132840034,0.04631578947368421,0.07076923076923095,35.552516966,2.3444483280181885,0,97.38143920898438
823.1700000000001,-1.7676662528255582,1.439384132840034,0.04631578947368421,0.07076923076923095,35.552516966,2.3444483280181885,0,97.38143920898438
823.2700000000001,-1.7706723932288044,1.4384699902283005,0.04631578947368421,0.07076923076923095,33.690471474,2.3444483280181885,0,97.38143920898438
823.2700000000001,-1.7706723932288044,1.4384699902283005,0.04631578947368421,0.02564102564102587,0.0,0.0,1,97.38143920898438
823.2700000000001,-1.7706723932288044,1.4384699902283005,0.04631578947368421,0.02564102564102587,0.0,0.0,1,97.38143920898438
823.2700000000001,-1.7706723932288044,1.4384699902283005,0.04631578947368421,0.02564102564102587,0.0,0.0,1,97.38143920898438
823.2700000000001,-1.7725700048906363,1.4378815926740403,0.04631578947368421,0.02564102564102587,0.0,0.0,1,97.38143920898438
823.2700000000001,-1.7725700048906363,1.4378815926740403,0.04631578947368421,0.02564102564102587,0.0,0.0,1,97.38143920898438
823.2700000000001,-1.7725700048906363,1.4378815926740403,0.04631578947368421,0.02564102564102587,0.0,0.0,1,97.38143920898438
823.2700000000001,-1.7725700048906363,1.4378815926740403,0.04631578947368421,0.17948717948717968,0.0,0.0,1,97.38143920898438
823.2700000000001,-1.7740609802631067,1.437404255540255,0.04631578947368421,0.17948717948717968,0.0,0.0,1,97.38143920898438
823.2700000000001,-1.7740609802631067,1.437404255540255,0.04631578947368421,0.17948717948717968,0.0,0.0,1,97.38143920898438
823.2700000000001,-1.7740609802631067,1.437404255540255,0.04631578947368421,0.17948717948717968,0.0,0.0,1,97.38143920898438
823.37,-1.7755474137832419,1.4369125442917574,0.04631578947368421,0.17948717948717968,0.0,0.0,1,97.38143920898438
823.37,-1.7755474137832419,1.4369125442917574,0.04631578947368421,0.17948717948717968,0.0,0.0,1,97.38143920898438
823.37,-1.7755474137832419,1.4369125442917574,0.04631578947368421,0.17948717948717968,0.0,0.0,1,97.38143920898438
823.37,-1.7755474137832419,1.4369125442917574,0.04631578947368421,0.17948717948717968,0.0,0.0,1,97.38143920898438
823.37,-1.7755474137832419,1.4369125442917574,0.04631578947368421,0.17948717948717968,0.0,0.0,1,97.38143920898438
823.37,-1.7770326174993871,1.4364107698789077,0.04631578947368421,0.17948717948717968,0.0,0.0,1,97.38143920898438
823.37,-1.7770326174993871,1.4364107698789077,0.04631578947368421,0.17948717948717968,0.0,0.0,1,97.38143920898438
823.37,-1.7770326174993871,1.4364107698789077,0.04631578947368421,0.17948717948717968,0.0,0.0,1,97.38143920898438
823.37,-1.7770326174993871,1.4364107698789077,0.04631578947368421,0.17948717948717968,0.0,0.0,1,97.38143920898438
823.37,-1.7785229081964917,1.4359060512234254,0.04631578947368421,0.17948717948717968,0.0,0.0,1,97.38143920898438
823.37,-1.7785229081964917,1.4359060512234254,0.04631578947368421,0.17948717948717968,0.0,0.0,1,97.38143920898438
823.37,-1.7785229081964917,1.4359060512234254,0.04631578947368421,0.17948717948717968,0.0,0.0,1,97.38143920898438
823.47,-1.78000297492922,1.4353977726950915,0.04631578947368421,0.17948717948717968,0.0,0.0,1,97.38143920898438
823.47,-1.78000297492922,1.4353977726950915,0.04631578947368421,0.17948717948717968,0.0,0.0,1,97.38143920898438
823.47,-1.78000297492922,1.4353977726950915,0.04631578947368421,0.17948717948717968,0.0,0.0,1,97.38143920898438
823.47,-1.78000297492922,1.4353977726950915,0.04631578947368421,0.17948717948717968,0.0,0.0,1,97.38143920898438
823.47,-1.7814782557562097,1.4348823420922963,0.03473684210526316,0.01948717948717968,0.0,0.0,1,97.38143920898438
823.47,-1.7814782557562097,1.4348823420922963,0.03473684210526316,0.01948717948717968,0.0,0.0,1,97.38143920898438
823.47,-1.7814782557562097,1.4348823420922963,0.03473684210526316,0.01948717948717968,0.0,0.0,1,97.38143920898438
823.47,-1.7814782557562097,1.4348823420922963,0.03473684210526316,0.01948717948717968,0.0,0.0,1,97.38143920898438
823.47,-1.7814782557562097,1.4348823420922963,0.03473684210526316,0.01948717948717968,0.0,0.0,1,97.38143920898438
823.47,-1.7814782557562097,1.4348823420922963,0.03473684210526316,0.01948717948717968,0.0,0.0,1,97.38143920898438
823.47,-1.7825853360162975,1.4344874984626168,0.03473684210526316,-0.02564102564102541,0.0,0.0,1,97.38143920898438
823.47,-1.7825853360162975,1.4344874984626168,0.03473684210526316,-0.02564102564102541,0.0,0.0,1,97.38143920898438
823.47,-1.7825853360162975,1.4344874984626168,0.03473684210526316,-0.02564102564102541,0.0,0.0,1,97.38143920898438
823.57,-1.7825853360162975,1.4344874984626168,0.03473684210526316,-0.02564102564102541,0.0,0.0,1,97.38143920898438
823.57,-1.7836973409419632,1.4340860052857254,0.03473684210526316,-0.07692307692307669,0.0,0.0,1,97.3536605834961
823.57,-1.7836973409419632,1.4340860052857254,0.03473684210526316,-0.07692307692307669,0.0,0.0,1,97.3536605834961
823.57,-1.7836973409419632,1.4340860052857254,0.03473684210526316,-0.07692307692307669,0.0,0.0,1,97.3536605834961
823.57,-1.784813877103487,1.4336846314487048,0.03473684210526316,-0.07692307692307669,0.0,0.0,1,97.3536605834961
823.57,-1.784813877103487,1.4336846314487048,0.03473684210526316,-0.07692307692307669,0.0,0.0,1,97.3536605834961
823.57,-1.784813877103487,1.4336846314487048,0.03473684210526316,-0.07692307692307669,0.0,0.0,1,97.3536605834961
823.57,-1.785938320348116,1.4332920933723163,0.03473684210526316,-0.07692307692307669,0.0,0.0,1,97.3536605834961
823.57,-1.785938320348116,1.4332920933723163,0.03473684210526316,-0.07692307692307669,0.0,0.0,1,97.3536605834961
823.57,-1.785938320348116,1.4332920933723163,0.03473684210526316,-0.07692307692307669,0.0,0.0,1,97.3536605834961
823.57,-1.785938320348116,1.4332920933723163,0.03473684210526316,-0.07692307692307669,0.0,0.0,1,97.3536605834961
823.6700000000001,-1.7870592503889267,1.4329065903300304,0.03473684210526316,-0.07692307692307669,0.0,0.0,1,97.3536605834961
823.6700000000001,-1.7870592503889267,1.4329065903300304,0.03473684210526316,-0.07692307692307669,0.0,0.0,1,97.3536605834961
823.6700000000001,-1.7870592503889267,1.4329065903300304,0.03473684210526316,-0.07692307692307669,57.791710525,2.317911148071289,1,97.3536605834961
823.6700000000001,-1.7870592503889267,1.4329065903300304,0.03473684210526316,-0.07692307692307669,57.791710525,2.317911148071289,1,97.3536605834961
823.6700000000001,-1.7881791656462216,1.432525499626588,0.03473684210526316,-0.07692307692307669,57.791710525,2.317911148071289,1,97.3536605834961
823.6700000000001,-1.7881791656462216,1.432525499626588,0.03473684210526316,-0.07692307692307669,59.406538592,2.317911148071289,1,97.3536605834961
823.6700000000001,-1.7881791656462216,1.432525499626588,0.03473684210526316,-0.07692307692307669,59.406538592,2.317911148071289,1,97.3536605834961
823.6700000000001,-1.7881791656462216,1.432525499626588,0.03473684210526316,-0.07692307692307669,59.406538592,2.317911148071289,1,97.3536605834961
823.6700000000001,-1.789296756608509,1.4321447867626664,0.03473684210526316,-0.07692307692307669,61.594760372,2.317911148071289,1,97.3536605834961
823.6700000000001,-1.789296756608509,1.4321447867626664,0.03473684210526316,-0.07692307692307669,61.594760372,2.317911148071289,1,97.3536605834961
823.7700000000001,-1.789296756608509,1.4321447867626664,0.0,0.08307692307692331,61.594760372,2.317911148071289,1,97.3536605834961
823.7700000000001,-1.7904145566010878,1.4317633434571724,0.0,0.08307692307692331,63.427698735,2.317911148071289,1,97.3536605834961
823.7700000000001,-1.7904145566010878,1.4317633434571724,0.0,0.08307692307692331,63.427698735,2.317911148071289,1,97.3536605834961
823.7700000000001,-1.7904145566010878,1.4317633434571724,0.0,0.08307692307692331,63.427698735,2.317911148071289,1,97.3536605834961
823.7700000000001,-1.7904145566010878,1.4317633434571724,0.0,0.08307692307692331,63.427698735,2.317911148071289,1,97.3536605834961
823.7700000000001,-1.790624748327955,1.4316919383066795,0.0,0.17948717948717968,71.991529031,2.317911148071289,1,97.3536605834961
823.7700000000001,-1.790624748327955,1.4316919383066795,0.0,0.17948717948717968,71.991529031,2.317911148071289,1,97.3536605834961
823.7700000000001,-1.790624748327955,1.4316919383066795,0.0,0.17948717948717968,71.991529031,2.317911148071289,1,97.3536605834961
823.7700000000001,-1.790624748327955,1.4316919383066795,0.0,0.17948717948717968,71.991529031,2.317911148071289,1,97.3536605834961
823.7700000000001,-1.790624748327955,1.4316919383066795,0.0,0.23076923076923095,71.991529031,2.317911148071289,1,97.3536605834961
823.7700000000001,-1.790624748327955,1.4316919383066795,0.0,0.23076923076923095,71.991529031,2.317911148071289,1,97.3536605834961
823.7700000000001,-1.7906258952164709,1.4316899956074471,0.0,0.23076923076923095,81.754197837,2.317911148071289,1,97.3536605834961
823.7700000000001,-1.7906258952164709,1.4316899956074471,0.0,0.23076923076923095,81.754197837,2.317911148071289,1,97.3536605834961
823.87,-1.7906258952164709,1.4316899956074471,0.0,0.23076923076923095,81.754197837,2.317911148071289,1,97.3536605834961
823.87,-1.7906258952164709,1.4316899956074471,0.0,0.23076923076923095,81.754197837,2.317911148071289,1,97.3536605834961
823.87,-1.7906156262204431,1.4316916171315803,0.0,0.23076923076923095,94.738200264,2.317911148071289,1,97.3536605834961
823.87,-1.7906156262204431,1.4316916171315803,0.0,0.23076923076923095,94.738200264,2.317911148071289,1,97.3536605834961
823.87,-1.7906156262204431,1.4316916171315803,0.0,0.23076923076923095,94.738200264,2.317911148071289,1,97.3536605834961
823.87,-1.7906042319297586,1.431694705963414,0.0,0.23076923076923095,112.221482267,2.317911148071289,1,97.3536605834961
823.87,-1.7906042319297586,1.431694705963414,0.0,0.23076923076923095,112.221482267,2.317911148071289,1,97.3536605834961
823.87,-1.7906042319297586,1.431694705963414,0.0,0.23076923076923095,112.221482267,2.317911148071289,1,97.3536605834961
823.87,-1.7905828345147643,1.4317057701139801,0.0,0.23076923076923095,112.221482267,2.317911148071289,1,97.3536605834961
823.87,-1.7905828345147643,1.4317057701139801,0.0,0.23076923076923095,139.740095021,2.317911148071289,1,97.3536605834961
823.87,-1.7905828345147643,1.4317057701139801,0.0,0.23076923076923095,139.740095021,2.317911148071289,1,97.3536605834961
823.97,-1.7905828345147643,1.4317057701139801,0.0,0.23076923076923095,139.740095021,2.317911148071289,1,97.3536605834961
823.97,-1.7905828345147643,1.4317057701139801,0.0,0.23076923076923095,139.740095021,2.317911148071289,1,97.3536605834961
823.97,-1.790571702407645,1.4317112086717763,0.0,0.23076923076923095,178.722450489,2.317911148071289,1,97.3536605834961
823.97,-1.790571702407645,1.4317112086717763,0.0,0.23076923076923095,178.722450489,2.317911148071289,1,97.3536605834961
823.97,-1.790571702407645,1.4317112086717763,0.0,0.23076923076923095,178.722450489,2.317911148071289,1,97.3536605834961
823.97,-1.7905590283352626,1.431716583992241,0.0,0.23076923076923095,0.0,2.317911148071289,1,97.3536605834961
823.97,-1.7905590283352626,1.431716583992241,0.0,0.17948717948717968,0.0,2.317911148071289,1,97.3536605834961
823.97,-1.7905590283352626,1.431716583992241,0.0,0.17948717948717968,0.0,2.317911148071289,1,97.3536605834961
823.97,-1.7905549114898127,1.4317183258599615,0.0,0.17948717948717968,0.0,2.317911148071289,1,97.3536605834961
824.07,-1.7905549114898127,1.4317183258599615,0.0,0.17948717948717968,0.0,2.317911148071289,1,97.3536605834961
824.07,-1.7905549114898127,1.4317183258599615,0.0,0.17948717948717968,0.0,2.317911148071289,1,97.34522247314453
824.07,-1.7905444713429053,1.4317212565337458,0.0,0.17948717948717968,0.0,2.317911148071289,1,97.34522247314453
824.07,-1.7905444713429053,1.4317212565337458,0.0,0.17948717948717968,0.0,2.317911148071289,1,97.34522247314453
824.07,-1.7905444713429053,1.4317212565337458,0.0,0.17948717948717968,0.0,2.317911148071289,1,97.34522247314453
824.07,-1.7905444713429053,1.4317212565337458,0.0,0.17948717948717968,0.0,2.317911148071289,1,97.34522247314453
824.07,-1.7905444713429053,1.4317212565337458,0.0,0.17948717948717968,0.0,2.317911148071289,1,97.34522247314453
824.07,-1.7905444713429053,1.4317212565337458,0.0,0.17948717948717968,0.0,2.317911148071289,1,97.34522247314453
824.07,-1.7905373557816875,1.4317241153442708,0.0,0.17948717948717968,0.0,2.317911148071289,1,97.34522247314453
824.07,-1.7905373557816875,1.4317241153442708,0.0,0.17948717948717968,0.0,2.317911148071289,1,97.34522247314453
824.07,-1.7905373557816875,1.4317241153442708,0.0,0.17948717948717968,0.0,2.317911148071289,1,97.34522247314453
824.07,-1.7905373557816875,1.4317241153442708,0.0,0.17948717948717968,0.0,2.317911148071289,1,97.34522247314453
824.07,-1.7905234590526862,1.431730048183806,0.0,0.17948717948717968,0.0,2.317911148071289,1,97.34522247314453
824.1700000000001,-1.7905234590526862,1.431730048183806,0.0,0.17948717948717968,0.0,2.317911148071289,1,97.34522247314453
824.1700000000001,-1.7905234590526862,1.431730048183806,0.0,0.17948717948717968,0.0,2.317911148071289,1,97.34522247314453
824.1700000000001,-1.7905234590526862,1.431730048183806,0.0,0.17948717948717968,0.0,2.317911148071289,1,97.34522247314453
824.1700000000001,-1.7905143854560899,1.431734338588394,0.0,0.17948717948717968,0.0,2.317911148071289,1,97.34522247314453
824.1700000000001,-1.7905143854560899,1.431734338588394,0.0,0.17948717948717968,0.0,2.317911148071289,1,97.34522247314453
824.1700000000001,-1.7905143854560899,1.431734338588394,0.0,0.17948717948717968,0.0,2.317911148071289,1,97.34522247314453
824.1700000000001,-1.7905143854560899,1.431734338588394,0.0,0.17948717948717968,0.0,2.317911148071289,1,97.34522247314453
824.1700000000001,-1.7905058373098448,1.431738405830684,0.0,0.17948717948717968,0.0,2.317911148071289,1,97.34522247314453
824.1700000000001,-1.7905058373098448,1.431738405830684,0.0,0.17948717948717968,0.0,2.317911148071289,1,97.34522247314453
824.1700000000001,-1.7905058373098448,1.431738405830684,0.0,0.17948717948717968,0.0,2.317911148071289,1,97.34522247314453
824.1700000000001,-1.7905058373098448,1.431738405830684,0.0,0.17948717948717968,0.0,2.317911148071289,1,97.34522247314453
824.1700000000001,-1.7905058373098448,1.431738405830684,0.0,0.17948717948717968,0.0,2.317911148071289,1,97.34522247314453
824.2700000000001,-1.7904959828878173,1.4317422624838279,0.04631578947368421,0.33948717948717966,0.0,2.317911148071289,1,97.34522247314453
824.2700000000001,-1.7904959828878173,1.4317422624838279,0.04631578947368421,0.33948717948717966,0.0,2.317911148071289,1,97.34522247314453
824.2700000000001,-1.7904959828878173,1.4317422624838279,0.04631578947368421,0.33948717948717966,0.0,2.317911148071289,1,97.34522247314453
824.2700000000001,-1.7904885242484776,1.4317452553210763,0.04631578947368421,0.33948717948717966,0.0,2.317911148071289,1,97.34522247314453
824.2700000000001,-1.7904885242484776,1.4317452553210763,0.04631578947368421,0.33948717948717966,0.0,2.317911148071289,1,97.34522247314453
824.2700000000001,-1.7904885242484776,1.4317452553210763,0.04631578947368421,0.435897435897436,0.0,2.317911148071289,1,97.34522247314453
824.2700000000001,-1.7915151998354177,1.43128591382702,0.04631578947368421,0.435897435897436,0.0,2.317911148071289,1,97.34522247314453
824.2700000000001,-1.7915151998354177,1.43128591382702,0.04631578947368421,0.435897435897436,0.0,2.317911148071289,1,97.34522247314453
824.2700000000001,-1.7915151998354177,1.43128591382702,0.04631578947368421,0.435897435897436,0.0,2.317911148071289,1,97.34522247314453
824.2700000000001,-1.7915151998354177,1.43128591382702,0.04631578947368421,0.435897435897436,0.0,2.317911148071289,1,97.34522247314453
824.2700000000001,-1.7915151998354177,1.43128591382702,0.04631578947368421,0.435897435897436,0.0,2.317911148071289,1,97.34522247314453
824.2700000000001,-1.7929270202115173,1.4306416441050582,0.04631578947368421,0.435897435897436,0.0,2.317911148071289,1,97.34522247314453
824.37,-1.7929270202115173,1.4306416441050582,0.04631578947368421,0.435897435897436,0.0,2.317911148071289,1,97.34522247314453
824.37,-1.7929270202115173,1.4306416441050582,0.04631578947368421,0.435897435897436,0.0,2.317911148071289,1,97.34522247314453
824.37,-1.7929270202115173,1.4306416441050582,0.04631578947368421,0.435897435897436,0.0,2.317911148071289,1,97.34522247314453
824.37,-1.7929270202115173,1.4306416441050582,0.04631578947368421,0.435897435897436,0.0,2.317911148071289,1,97.34522247314453
824.37,-1.7943282399814215,1.4299826237070072,0.04631578947368421,0.435897435897436,163.693364559,2.317911148071289,1,97.34522247314453
824.37,-1.7943282399814215,1.4299826237070072,0.04631578947368421,0.435897435897436,163.693364559,2.317911148071289,1,97.34522247314453
824.37,-1.7943282399814215,1.4299826237070072,0.04631578947368421,0.435897435897436,163.693364559,2.317911148071289,1,97.34522247314453
824.37,-1.7943282399814215,1.4299826237070072,0.04631578947368421,0.435897435897436,163.693364559,2.317911148071289,1,97.34522247314453
824.37,-1.7957147517841088,1.4293017922392235,0.04631578947368421,0.435897435897436,121.680291979,2.317911148071289,1,97.34522247314453
824.37,-1.7957147517841088,1.4293017922392235,0.04631578947368421,0.435897435897436,121.680291979,2.317911148071289,1,97.34522247314453
824.37,-1.7957147517841088,1.4293017922392235,0.04631578947368421,0.435897435897436,121.680291979,2.317911148071289,1,97.34522247314453
824.37,-1.7970883997808091,1.4285949069879873,0.04631578947368421,0.435897435897436,96.532401046,2.317911148071289,1,97.34522247314453
824.47,-1.7970883997808091,1.4285949069879873,0.04631578947368421,0.435897435897436,96.532401046,2.317911148071289,1,97.34522247314453
824.47,-1.7970883997808091,1.4285949069879873,0.04631578947368421,0.435897435897436,96.532401046,2.317911148071289,1,97.34522247314453
824.47,-1.7970883997808091,1.4285949069879873,0.04631578947368421,0.435897435897436,96.532401046,2.317911148071289,1,97.34522247314453
824.47,-1.7970883997808091,1.4285949069879873,0.04631578947368421,0.435897435897436,96.532401046,2.317911148071289,1,97.34522247314453
824.47,-1.7984532488986364,1.4278612251522125,0.04631578947368421,0.435897435897436,80.102674403,2.317911148071289,1,97.34522247314453
824.47,-1.7984532488986364,1.4278612251522125,0.04631578947368421,0.435897435897436,80.102674403,2.317911148071289,1,97.34522247314453
824.47,-1.7984532488986364,1.4278612251522125,0.03473684210526316,0.435897435897436,80.102674403,2.317911148071289,1,97.34522247314453
824.47,-1.7984532488986364,1.4278612251522125,0.03473684210526316,0.435897435897436,80.102674403,2.317911148071289,1,97.34522247314453
824.47,-1.7998116127548556,1.4271052397728743,0.03473684210526316,0.435897435897436,68.377870788,2.317911148071289,1,97.34522247314453
824.47,-1.7998116127548556,1.4271052397728743,0.03473684210526316,0.435897435897436,68.377870788,2.317911148071289,1,97.34522247314453
824.47,-1.7998116127548556,1.4271052397728743,0.03473684210526316,0.435897435897436,68.640633582,2.3268184661865234,1,97.34522247314453
824.57,-1.8008230457669576,1.4265260761220921,0.03473684210526316,0.435897435897436,61.546105851,2.3268184661865234,1,97.34522247314453
824.57,-1.8008230457669576,1.4265260761220921,0.03473684210526316,0.435897435897436,61.546105851,2.3268184661865234,1,97.3337173461914
824.57,-1.8008230457669576,1.4265260761220921,0.03473684210526316,0.435897435897436,61.546105851,2.3268184661865234,1,97.3337173461914
824.57,-1.8008230457669576,1.4265260761220921,0.03473684210526316,0.435897435897436,61.546105851,2.3268184661865234,1,97.3337173461914
824.57,-1.801823959312881,1.425936627229625,0.03473684210526316,0.435897435897436,56.074622594,2.3268184661865234,1,97.3337173461914
824.57,-1.801823959312881,1.425936627229625,0.06947368421052631,0.275897435897436,56.074622594,2.3268184661865234,1,97.3337173461914
824.57,-1.801823959312881,1.425936627229625,0.06947368421052631,0.275897435897436,56.074622594,2.3268184661865234,1,97.3337173461914
824.57,-1.8028140181050283,1.4253344087757276,0.06947368421052631,0.275897435897436,55.95106241,2.3268184661865234,1,97.3337173461914
824.57,-1.8028140181050283,1.4253344087757276,0.06947368421052631,0.275897435897436,55.95106241,2.3268184661865234,1,97.3337173461914
824.57,-1.8028140181050283,1.4253344087757276,0.06947368421052631,0.275897435897436,55.95106241,2.3268184661865234,1,97.3337173461914
824.57,-1.8028140181050283,1.4253344087757276,0.06947368421052631,0.17948717948717968,53.481693295,2.3268184661865234,1,97.3337173461914
824.6700000000001,-1.8046001410197596,1.424207386535846,0.06947368421052631,0.17948717948717968,53.481693295,2.3268184661865234,1,97.3337173461914
824.6700000000001,-1.8046001410197596,1.424207386535846,0.06947368421052631,0.17948717948717968,53.481693295,2.3268184661865234,1,97.3337173461914
824.6700000000001,-1.8046001410197596,1.424207386535846,0.06947368421052631,0.17948717948717968,53.481693295,2.3268184661865234,1,97.3337173461914
824.6700000000001,-1.8065649192995359,1.422926699796359,0.06947368421052631,0.17948717948717968,50.536660144,2.3268184661865234,1,97.3337173461914
824.6700000000001,-1.8065649192995359,1.422926699796359,0.06947368421052631,0.17948717948717968,50.536660144,2.3268184661865234,1,97.3337173461914
824.6700000000001,-1.8065649192995359,1.422926699796359,0.06947368421052631,0.12820512820512842,50.536660144,2.3268184661865234,1,97.3337173461914
824.6700000000001,-1.8065649192995359,1.422926699796359,0.06947368421052631,0.12820512820512842,50.536660144,2.3268184661865234,1,97.3337173461914
824.6700000000001,-1.8065649192995359,1.422926699796359,0.06947368421052631,0.12820512820512842,50.536660144,2.3268184661865234,1,97.3337173461914
824.6700000000001,-1.8065649192995359,1.422926699796359,0.06947368421052631,0.12820512820512842,50.536660144,2.3268184661865234,1,97.3337173461914
824.6700000000001,-1.8085239202611332,1.4216239779431243,0.06947368421052631,0.12820512820512842,50.536660144,2.3268184661865234,1,97.3337173461914
824.6700000000001,-1.8085239202611332,1.4216239779431243,0.06947368421052631,0.12820512820512842,47.709357712,2.3268184661865234,1,97.3337173461914
824.6700000000001,-1.8085239202611332,1.4216239779431243,0.06947368421052631,0.12820512820512842,47.709357712,2.3268184661865234,1,97.3337173461914
824.6700000000001,-1.810485436949347,1.4203136623419135,0.06947368421052631,0.12820512820512842,47.709357712,2.3268184661865234,1,97.3337173461914
824.7700000000001,-1.810485436949347,1.4203136623419135,0.06947368421052631,0.12820512820512842,45.328938563,2.3268184661865234,1,97.3337173461914
824.7700000000001,-1.810485436949347,1.4203136623419135,0.1944736842105263,0.0,45.328938563,2.3268184661865234,1,97.3337173461914
824.7700000000001,-1.810485436949347,1.4203136623419135,0.1944736842105263,0.0,45.328938563,2.3268184661865234,1,97.3337173461914
824.7700000000001,-1.8124483279862065,1.4190028997080293,0.1944736842105263,0.0,43.064530824,2.3268184661865234,1,97.3337173461914
824.7700000000001,-1.8124483279862065,1.4190028997080293,0.1944736842105263,0.0,43.064530824,2.3268184661865234,1,97.3337173461914
824.7700000000001,-1.8124483279862065,1.4190028997080293,0.1944736842105263,0.0,43.064530824,2.3268184661865234,1,97.3337173461914
824.7700000000001,-1.8124483279862065,1.4190028997080293,0.21999999999999997,0.0,43.064530824,2.3268184661865234,1,97.3337173461914
824.7700000000001,-1.8153604884791739,1.417058155472349,0.21999999999999997,0.0,38.642697267,2.3268184661865234,1,97.3337173461914
824.7700000000001,-1.8153604884791739,1.417058155472349,0.21999999999999997,0.0,38.642697267,2.3268184661865234,1,97.3337173461914
824.7700000000001,-1.8153604884791739,1.417058155472349,0.21999999999999997,0.0,38.642697267,2.3268184661865234,1,97.3337173461914
824.7700000000001,-1.8153604884791739,1.417058155472349,0.21999999999999997,0.0,38.642697267,2.3268184661865234,1,97.3337173461914
824.87,-1.819214528775219,1.4144526376294253,0.09499999999999997,0.16,32.578367926,2.3268184661865234,1,97.3337173461914
824.87,-1.819214528775219,1.4144526376294253,0.09499999999999997,0.16,32.578367926,2.3268184661865234,1,97.3337173461914
824.87,-1.819214528775219,1.4144526376294253,0.09499999999999997,0.16,32.578367926,2.3268184661865234,1,97.3337173461914
824.87,-1.8220970511238541,1.412461424558078,0.09499999999999997,0.16,29.463385668,2.3268184661865234,1,97.3337173461914
824.87,-1.8220970511238541,1.412461424558078,0.09499999999999997,0.16,29.463385668,2.3268184661865234,1,97.3337173461914
824.87,-1.8220970511238541,1.412461424558078,0.01157894736842105,0.32,29.463385668,2.3268184661865234,1,97.3337173461914
824.87,-1.8262690025891293,1.4124535047805853,0.01157894736842105,0.32,27.176885191,2.3268184661865234,1,97.3337173461914
824.87,-1.8262690025891293,1.4124535047805853,0.01157894736842105,0.32,27.176885191,2.3268184661865234,1,97.3337173461914
824.87,-1.8262690025891293,1.4124535047805853,0.01157894736842105,0.32,27.176885191,2.3268184661865234,1,97.3337173461914
824.87,-1.8262690025891293,1.4124535047805853,0.01157894736842105,0.32,27.176885191,2.3268184661865234,1,97.3337173461914
824.97,-1.8304669661630635,1.413811931045055,0.01157894736842105,0.32,27.176885191,2.3268184661865234,1,97.3337173461914
824.97,-1.8304669661630635,1.413811931045055,0.0,0.48,26.953667405,2.3268184661865234,1,97.3337173461914
824.97,-1.8304669661630635,1.413811931045055,0.0,0.48,26.953667405,2.3268184661865234,1,97.3337173461914
824.97,-1.8304669661630635,1.413811931045055,0.0,0.48,26.953667405,2.3268184661865234,1,97.3337173461914
824.97,-1.8337248069599286,1.415833741190602,0.0,0.48,28.126917885,2.3268184661865234,1,97.3337173461914
824.97,-1.8337248069599286,1.415833741190602,0.0,0.64,28.126917885,2.3268184661865234,1,97.3337173461914
824.97,-1.8337248069599286,1.415833741190602,0.0,0.64,28.126917885,2.3268184661865234,1,97.3337173461914
824.97,-1.8337248069599286,1.415833741190602,0.0,0.64,28.126917885,2.3268184661865234,1,97.3337173461914
824.97,-1.8363621412720241,1.4182962017837213,0.0,0.64,28.126917885,2.3268184661865234,1,97.3337173461914
824.97,-1.8363621412720241,1.4182962017837213,0.0,0.64,30.397499376,2.3268184661865234,1,97.3337173461914
824.97,-1.8363621412720241,1.4182962017837213,0.011578947368421053,0.48,30.397499376,2.3268184661865234,1,97.3337173461914
824.97,-1.8363621412720241,1.4182962017837213,0.011578947368421053,0.48,30.397499376,2.3268184661865234,1,97.3337173461914
825.07,-1.8387122411570138,1.4209614625637228,0.011578947368421053,0.48,30.397499376,2.3268184661865234,1,97.3337173461914
825.07,-1.8387122411570138,1.4209614625637228,0.011578947368421053,0.48,33.645690665000004,2.3268184661865234,1,97.29541778564453
825.07,-1.8387122411570138,1.4209614625637228,0.011578947368421053,0.48,33.645690665000004,2.3268184661865234,1,97.29541778564453
825.07,-1.8387122411570138,1.4209614625637228,0.011578947368421053,0.435897435897436,33.645690665000004,2.3268184661865234,1,97.29541778564453
825.07,-1.8387122411570138,1.4209614625637228,0.011578947368421053,0.435897435897436,33.645690665000004,2.3268184661865234,1,97.29541778564453
825.07,-1.8412716076277587,1.4234691243446176,0.011578947368421053,0.435897435897436,33.645690665000004,2.3268184661865234,1,97.29541778564453
825.07,-1.8412716076277587,1.4234691243446176,0.011578947368421053,0.435897435897436,37.149090973,2.3268184661865234,1,97.29541778564453
825.07,-1.8412716076277587,1.4234691243446176,0.011578947368421053,0.435897435897436,37.149090973,2.3268184661865234,1,97.29541778564453
825.07,-1.8412716076277587,1.4234691243446176,0.011578947368421053,0.435897435897436,37.149090973,2.3268184661865234,1,97.29541778564453
825.07,-1.8420214365295358,1.423803820683436,0.011578947368421053,0.435897435897436,44.185159873,2.3268184661865234,1,97.29541778564453
825.07,-1.8420214365295358,1.423803820683436,0.011578947368421053,0.435897435897436,44.185159873,2.3268184661865234,1,97.29541778564453
825.07,-1.8420214365295358,1.423803820683436,0.011578947368421053,0.435897435897436,44.185159873,2.3268184661865234,1,97.29541778564453
825.1700000000001,-1.8423016725348966,1.4235719555084265,0.011578947368421053,0.435897435897436,59.895992467,2.3268184661865234,1,97.29541778564453
825.1700000000001,-1.8423016725348966,1.4235719555084265,0.011578947368421053,0.435897435897436,59.895992467,2.3268184661865234,1,97.29541778564453
825.1700000000001,-1.8425829420455617,1.423329914045629,0.011578947368421053,0.435897435897436,59.895992467,2.3268184661865234,1,97.29541778564453
825.1700000000001,-1.8425829420455617,1.423329914045629,0.011578947368421053,0.435897435897436,59.895992467,2.3268184661865234,1,97.29541778564453
825.1700000000001,-1.8425829420455617,1.423329914045629,0.011578947368421053,0.435897435897436,81.026209501,2.3268184661865234,1,97.29541778564453
825.1700000000001,-1.8425829420455617,1.423329914045629,0.011578947368421053,0.38461538461538475,81.026209501,2.3268184661865234,1,97.29541778564453
825.1700000000001,-1.8425829420455617,1.423329914045629,0.011578947368421053,0.38461538461538475,81.026209501,2.3268184661865234,1,97.29541778564453
825.1700000000001,-1.8425829420455617,1.423329914045629,0.011578947368421053,0.38461538461538475,81.026209501,2.3268184661865234,1,97.29541778564453
825.1700000000001,-1.8428641766351093,1.4230813000047573,0.011578947368421053,0.38461538461538475,119.387606727,2.3268184661865234,1,97.29541778564453
825.1700000000001,-1.8428641766351093,1.4230813000047573,0.011578947368421053,0.38461538461538475,119.387606727,2.3268184661865234,1,97.29541778564453
825.2700000000001,-1.8428641766351093,1.4230813000047573,0.011578947368421053,0.38461538461538475,119.387606727,2.3268184661865234,1,97.29541778564453
825.2700000000001,-1.843143172110424,1.4228313986195802,0.011578947368421053,0.38461538461538475,171.724340021,2.256107807159424,1,97.29541778564453
825.2700000000001,-1.843143172110424,1.4228313986195802,0.011578947368421053,0.38461538461538475,171.724340021,2.256107807159424,1,97.29541778564453
825.2700000000001,-1.843143172110424,1.4228313986195802,0.011578947368421053,0.38461538461538475,171.724340021,2.256107807159424,1,97.29541778564453
825.2700000000001,-1.843143172110424,1.4228313986195802,0.011578947368421053,0.38461538461538475,171.724340021,2.256107807159424,1,97.29541778564453
825.2700000000001,-1.8434164777643924,1.4225807748296946,0.011578947368421053,0.38461538461538475,171.724340021,2.256107807159424,1,97.29541778564453
825.2700000000001,-1.8434164777643924,1.4225807748296946,0.011578947368421053,0.38461538461538475,215.16533132,2.256107807159424,1,97.29541778564453
825.2700000000001,-1.8434164777643924,1.4225807748296946,0.011578947368421053,0.38461538461538475,215.16533132,2.256107807159424,1,97.29541778564453
825.2700000000001,-1.8436808558103204,1.4223319441532096,0.011578947368421053,0.38461538461538475,215.16533132,2.256107807159424,1,97.29541778564453
825.2700000000001,-1.8436808558103204,1.4223319441532096,0.011578947368421053,0.38461538461538475,223.039380932,2.256107807159424,1,97.29541778564453
825.2700000000001,-1.8436808558103204,1.4223319441532096,0.011578947368421053,0.38461538461538475,223.039380932,2.256107807159424,1,97.29541778564453
825.2700000000001,-1.8436808558103204,1.4223319441532096,0.011578947368421053,0.38461538461538475,223.039380932,2.256107807159424,1,97.29541778564453
825.37,-1.8436808558103204,1.4223319441532096,0.011578947368421053,0.38461538461538475,223.039380932,2.256107807159424,1,97.29541778564453
825.37,-1.8439426367451768,1.4220769531703985,0.011578947368421053,0.38461538461538475,202.246568188,2.256107807159424,1,97.29541778564453
825.37,-1.8439426367451768,1.4220769531703985,0.011578947368421053,0.38461538461538475,202.246568188,2.256107807159424,1,97.29541778564453
825.37,-1.8439426367451768,1.4220769531703985,0.011578947368421053,0.38461538461538475,202.246568188,2.256107807159424,1,97.29541778564453
825.37,-1.8442041786174435,1.4218147087620492,0.011578947368421053,0.3333333333333335,201.446245136,2.256107807159424,1,97.29541778564453
825.37,-1.8442041786174435,1.4218147087620492,0.011578947368421053,0.3333333333333335,201.446245136,2.256107807159424,1,97.29541778564453
825.37,-1.8442041786174435,1.4218147087620492,0.011578947368421053,0.3333333333333335,201.446245136,2.256107807159424,1,97.29541778564453
825.37,-1.8444654131117342,1.421545996078708,0.011578947368421053,0.3333333333333335,201.205336788,2.256107807159424,1,97.29541778564453
825.37,-1.8444654131117342,1.421545996078708,0.011578947368421053,0.3333333333333335,201.205336788,2.256107807159424,1,97.29541778564453
825.37,-1.8444654131117342,1.421545996078708,0.011578947368421053,0.3333333333333335,201.205336788,2.256107807159424,1,97.29541778564453
825.37,-1.8444654131117342,1.421545996078708,0.011578947368421053,0.3333333333333335,201.205336788,2.256107807159424,1,97.29541778564453
825.47,-1.8444654131117342,1.421545996078708,0.011578947368421053,0.3333333333333335,203.572001843,2.2826449871063232,1,97.29541778564453
825.47,-1.844725403938842,1.4212722701473204,0.011578947368421053,0.3333333333333335,202.032339645,2.2826449871063232,1,97.29541778564453
825.47,-1.844725403938842,1.4212722701473204,0.011578947368421053,0.3333333333333335,202.032339645,2.2826449871063232,1,97.29541778564453
825.47,-1.8449822825454711,1.4209958267262703,0.011578947368421053,0.3333333333333335,202.032339645,2.2826449871063232,1,97.29541778564453
825.47,-1.8449822825454711,1.4209958267262703,0.011578947368421053,0.3333333333333335,201.316859513,2.2826449871063232,1,97.29541778564453
825.47,-1.8449822825454711,1.4209958267262703,0.011578947368421053,0.3333333333333335,201.316859513,2.2826449871063232,1,97.29541778564453
825.47,-1.8449822825454711,1.4209958267262703,0.011578947368421053,0.3333333333333335,201.316859513,2.2826449871063232,1,97.29541778564453
825.47,-1.8469146140443586,1.4239873647937424,0.011578947368421053,0.3333333333333335,200.145855496,2.2826449871063232,1,97.29541778564453
825.47,-1.8469146140443586,1.4239873647937424,0.011578947368421053,0.3333333333333335,200.145855496,2.2826449871063232,1,97.29541778564453
825.47,-1.8469146140443586,1.4239873647937424,0.011578947368421053,0.3333333333333335,200.145855496,2.2826449871063232,1,97.29541778564453
825.57,-1.8469146140443586,1.4239873647937424,0.011578947368421053,0.3333333333333335,200.145855496,2.2826449871063232,1,97.28667449951172
825.57,-1.8490023031564609,1.427290988749003,0.011578947368421053,0.3333333333333335,200.145855496,2.2826449871063232,1,97.28667449951172
825.57,-1.8490023031564609,1.427290988749003,0.011578947368421053,0.3333333333333335,201.621622062,2.2826449871063232,1,97.28667449951172
825.57,-1.8490023031564609,1.427290988749003,0.011578947368421053,0.23076923076923095,201.621622062,2.2826449871063232,1,97.28667449951172
825.57,-1.8490023031564609,1.427290988749003,0.011578947368421053,0.23076923076923095,201.621622062,2.2826449871063232,1,97.28667449951172
825.57,-1.8510830002312386,1.4305894790779743,0.011578947368421053,0.23076923076923095,203.470071285,2.2826449871063232,1,97.28667449951172
825.57,-1.8510830002312386,1.4305894790779743,0.011578947368421053,0.23076923076923095,203.470071285,2.2826449871063232,1,97.28667449951172
825.57,-1.8510830002312386,1.4305894790779743,0.011578947368421053,0.23076923076923095,203.470071285,2.2826449871063232,1,97.28667449951172
825.57,-1.8531611037014106,1.4338789927501983,0.011578947368421053,0.23076923076923095,201.881848173,2.2826449871063232,1,97.28667449951172
825.57,-1.8531611037014106,1.4338789927501983,0.011578947368421053,0.23076923076923095,201.881848173,2.2826449871063232,1,97.28667449951172
825.57,-1.8531611037014106,1.4338789927501983,0.011578947368421053,0.23076923076923095,201.881848173,2.2826449871063232,1,97.28667449951172
825.57,-1.8531611037014106,1.4338789927501983,0.011578947368421053,0.23076923076923095,201.881848173,2.2826449871063232,1,97.28667449951172
825.57,-1.8531611037014106,1.4338789927501983,0.011578947368421053,0.23076923076923095,201.881848173,2.2826449871063232,1,97.28667449951172
825.6700000000001,-1.8531611037014106,1.4338789927501983,0.011578947368421053,0.07076923076923095,201.881848173,2.2826449871063232,1,97.28667449951172
825.6700000000001,-1.8552341485833144,1.4371610206953733,0.011578947368421053,0.07076923076923095,202.074361477,2.2826449871063232,1,97.28667449951172
825.6700000000001,-1.8552341485833144,1.4371610206953733,0.011578947368421053,0.07076923076923095,202.074361477,2.2826449871063232,1,97.28667449951172
825.6700000000001,-1.8552341485833144,1.4371610206953733,0.011578947368421053,0.07076923076923095,202.074361477,2.2826449871063232,1,97.28667449951172
825.6700000000001,-1.8571401857003347,1.4401244836699916,0.011578947368421053,0.07076923076923095,201.918455115,2.2826449871063232,1,97.28667449951172
825.6700000000001,-1.8571401857003347,1.4401244836699916,0.011578947368421053,-0.07692307692307668,201.918455115,2.2826449871063232,1,97.28667449951172
825.6700000000001,-1.8571401857003347,1.4401244836699916,0.011578947368421053,-0.07692307692307668,201.918455115,2.2826449871063232,1,97.28667449951172
825.6700000000001,-1.8573861249761887,1.439828144023964,0.011578947368421053,-0.07692307692307668,201.918455115,2.2826449871063232,1,97.28667449951172
825.6700000000001,-1.8573861249761887,1.439828144023964,0.011578947368421053,-0.07692307692307668,202.355051489,2.2826449871063232,1,97.28667449951172
825.6700000000001,-1.8573861249761887,1.439828144023964,0.011578947368421053,-0.07692307692307668,202.355051489,2.2826449871063232,1,97.28667449951172
825.7700000000001,-1.8573861249761887,1.439828144023964,0.0,-0.17948717948717924,202.355051489,2.2826449871063232,1,97.28667449951172
825.7700000000001,-1.8576316555227266,1.4395259991635554,0.0,-0.17948717948717924,202.355051489,2.2826449871063232,1,97.28667449951172
825.7700000000001,-1.8576316555227266,1.4395259991635554,0.0,-0.17948717948717924,202.352333274,2.2826449871063232,1,97.28667449951172
825.7700000000001,-1.8576316555227266,1.4395259991635554,0.0,-0.17948717948717924,202.352333274,2.2826449871063232,1,97.28667449951172
825.7700000000001,-1.8576316555227266,1.4395259991635554,0.0,-0.17948717948717924,202.352333274,2.2826449871063232,1,97.28667449951172
825.7700000000001,-1.8576389048672752,1.439520193062019,0.0,-0.17948717948717924,224.107166701,2.2826449871063232,1,97.28667449951172
825.7700000000001,-1.8576389048672752,1.439520193062019,0.0,-0.17948717948717924,224.107166701,2.2826449871063232,1,97.28667449951172
825.7700000000001,-1.8576389048672752,1.439520193062019,0.0,-0.17948717948717924,224.107166701,2.2826449871063232,1,97.28667449951172
825.7700000000001,-1.8576389048672752,1.439520193062019,0.0,-0.17948717948717924,224.107166701,2.2826449871063232,1,97.28667449951172
825.7700000000001,-1.857651354977943,1.4395086231059993,0.0,-0.17948717948717924,0.0,2.2826449871063232,1,97.28667449951172
825.7700000000001,-1.857651354977943,1.4395086231059993,0.0,-0.17948717948717924,0.0,2.2826449871063232,1,97.28667449951172
825.87,-1.857651354977943,1.4395086231059993,0.0,-0.17948717948717924,0.0,2.2826449871063232,1,97.28667449951172
825.87,-1.857651354977943,1.4395086231059993,0.0,-0.17948717948717924,0.0,2.2826449871063232,1,97.28667449951172
825.87,-1.857651354977943,1.4395086231059993,0.0,-0.17948717948717924,0.0,2.2826449871063232,1,97.28667449951172
825.87,-1.8576572057207485,1.4394921922944932,0.0,-0.17948717948717924,0.0,2.2826449871063232,1,97.28667449951172
825.87,-1.8576572057207485,1.4394921922944932,0.0,-0.17948717948717924,0.0,2.2826449871063232,1,97.28667449951172
825.87,-1.8576572057207485,1.4394921922944932,0.0,-0.17948717948717924,0.0,2.2826449871063232,1,97.28667449951172
825.87,-1.8576572057207485,1.4394921922944932,0.0,-0.17948717948717924,0.0,2.2826449871063232,1,97.28667449951172
825.87,-1.857667069086329,1.439482726296131,0.0,-0.17948717948717924,0.0,2.2826449871063232,1,97.28667449951172
825.87,-1.857667069086329,1.439482726296131,0.0,-0.17948717948717924,0.0,2.2826449871063232,1,97.28667449951172
825.87,-1.857667069086329,1.439482726296131,0.0,-0.17948717948717924,0.0,2.2826449871063232,1,97.28667449951172
825.87,-1.857667069086329,1.439482726296131,0.0,-0.17948717948717924,0.0,2.2826449871063232,1,97.28667449951172
825.87,-1.8576695453524323,1.4394780308771589,0.0,-0.17948717948717924,0.0,2.2826449871063232,1,97.28667449951172
825.97,-1.8576695453524323,1.4394780308771589,0.0,-0.17948717948717924,0.0,2.2826449871063232,1,97.28667449951172
825.97,-1.8576695453524323,1.4394780308771589,0.0,-0.17948717948717924,0.0,2.2826449871063232,1,97.28667449951172
825.97,-1.8576716838663219,1.4394766457519506,0.0,-0.17948717948717924,0.0,2.2826449871063232,1,97.28667449951172
825.97,-1.8576716838663219,1.4394766457519506,0.0,-0.17948717948717924,0.0,2.2826449871063232,1,97.28667449951172
825.97,-1.8576716838663219,1.4394766457519506,0.0,-0.17948717948717924,0.0,2.2826449871063232,1,97.28667449951172
825.97,-1.857676362006416,1.4394738508420173,0.0,-0.17948717948717924,0.0,2.2826449871063232,1,97.28667449951172
825.97,-1.857676362006416,1.4394738508420173,0.0,-0.17948717948717924,0.0,2.2826449871063232,1,97.28667449951172
825.97,-1.857676362006416,1.4394738508420173,0.0,-0.17948717948717924,0.0,2.2826449871063232,1,97.28667449951172
825.97,-1.857676362006416,1.4394738508420173,0.0,-0.17948717948717924,0.0,2.2826449871063232,1,97.28667449951172
825.97,-1.857676362006416,1.4394738508420173,0.0,-0.17948717948717924,0.0,2.2826449871063232,1,97.28667449951172
825.97,-1.8576834020554278,1.439467076721892,0.0,-0.17948717948717924,0.0,2.2826449871063232,1,97.28667449951172
826.07,-1.8576834020554278,1.439467076721892,0.0,-0.17948717948717924,0.0,2.2826449871063232,1,97.267822265625
826.07,-1.8576834020554278,1.439467076721892,0.0,-0.17948717948717924,0.0,2.2826449871063232,1,97.267822265625
826.07,-1.8576834020554278,1.439467076721892,0.0,-0.17948717948717924,0.0,2.2826449871063232,1,97.267822265625
826.07,-1.8576912233797152,1.4394566199726515,0.0,-0.17948717948717924,0.0,2.2826449871063232,1,97.267822265625
826.07,-1.8576912233797152,1.4394566199726515,0.0,-0.17948717948717924,0.0,2.2826449871063232,1,97.267822265625
826.07,-1.8576912233797152,1.4394566199726515,0.0,-0.17948717948717924,0.0,2.2826449871063232,1,97.267822265625
826.07,-1.8576912233797152,1.4394566199726515,0.0,-0.17948717948717924,0.0,2.2826449871063232,1,97.267822265625
826.07,-1.8576912233797152,1.4394566199726515,0.0,-0.17948717948717924,0.0,2.2826449871063232,1,97.267822265625
826.07,-1.8576986295156985,1.439445670484457,0.0,-0.17948717948717924,0.0,2.2826449871063232,1,97.267822265625
826.07,-1.8576986295156985,1.439445670484457,0.0,-0.17948717948717924,0.0,2.2826449871063232,1,97.267822265625
826.07,-1.8576986295156985,1.439445670484457,0.0,-0.17948717948717924,0.0,2.2826449871063232,1,97.267822265625
826.07,-1.8577058759867036,1.439436903194912,0.0,-0.17948717948717924,0.0,2.2826449871063232,1,97.267822265625
826.1700000000001,-1.8577058759867036,1.439436903194912,0.0,-0.17948717948717924,0.0,2.2826449871063232,1,97.267822265625
826.1700000000001,-1.8577058759867036,1.439436903194912,0.0,-0.17948717948717924,0.0,2.2826449871063232,1,97.267822265625
826.1700000000001,-1.8577058759867036,1.439436903194912,0.0,-0.17948717948717924,0.0,2.2826449871063232,1,97.267822265625
826.1700000000001,-1.8577120394035815,1.439429921811095,0.0,-0.17948717948717924,0.0,2.2826449871063232,1,97.267822265625
826.1700000000001,-1.8577120394035815,1.439429921811095,0.0,-0.12820512820512797,0.0,2.2826449871063232,1,97.267822265625
826.1700000000001,-1.8577120394035815,1.439429921811095,0.0,-0.12820512820512797,0.0,2.2826449871063232,1,97.267822265625
826.1700000000001,-1.857719555663481,1.439423280641685,0.0,-0.12820512820512797,0.0,2.2826449871063232,1,97.267822265625
826.1700000000001,-1.857719555663481,1.439423280641685,0.0,-0.12820512820512797,0.0,2.2826449871063232,1,97.267822265625
826.1700000000001,-1.857719555663481,1.439423280641685,0.0,-0.12820512820512797,0.0,2.2826449871063232,1,97.267822265625
826.1700000000001,-1.857719555663481,1.439423280641685,0.0,-0.12820512820512797,0.0,2.2826449871063232,1,97.267822265625
826.1700000000001,-1.8577259315181893,1.439416176866056,0.0,-0.12820512820512797,0.0,2.2826449871063232,1,97.267822265625
826.2700000000001,-1.8577259315181893,1.439416176866056,0.0,-0.12820512820512797,0.0,2.2826449871063232,1,97.267822265625
826.2700000000001,-1.8577259315181893,1.439416176866056,0.0,-0.12820512820512797,0.0,2.2826449871063232,1,97.267822265625
826.2700000000001,-1.8577326234636677,1.439408760750405,0.0,-0.12820512820512797,0.0,2.2826449871063232,1,97.267822265625
826.2700000000001,-1.8577326234636677,1.439408760750405,0.0,-0.12820512820512797,0.0,2.2826449871063232,1,97.267822265625
826.2700000000001,-1.8577326234636677,1.439408760750405,0.0,-0.12820512820512797,0.0,2.2826449871063232,1,97.267822265625
826.2700000000001,-1.8577326234636677,1.439408760750405,0.0,-0.12820512820512797,0.0,2.2826449871063232,1,97.267822265625
826.2700000000001,-1.8577326234636677,1.439408760750405,0.0,-0.12820512820512797,0.0,2.2826449871063232,1,97.267822265625
826.2700000000001,-1.855734876545278,1.4402263661576618,0.0,-0.12820512820512797,0.0,2.2826449871063232,1,97.267822265625
826.2700000000001,-1.855734876545278,1.4402263661576618,0.0,-0.12820512820512797,0.0,2.2826449871063232,1,97.267822265625
826.2700000000001,-1.855734876545278,1.4402263661576618,0.0,-0.12820512820512797,0.0,2.2826449871063232,1,97.267822265625
826.2700000000001,-1.8495457193094138,1.4427660188568483,0.0,-0.12820512820512797,0.0,2.2826449871063232,1,97.267822265625
826.37,-1.8495457193094138,1.4427660188568483,0.0,-0.12820512820512797,0.0,2.2826449871063232,1,97.267822265625
826.37,-1.8495457193094138,1.4427660188568483,0.0,-0.12820512820512797,0.0,2.2826449871063232,1,97.267822265625
826.37,-1.8495457193094138,1.4427660188568483,0.0,-0.12820512820512797,0.0,2.3072729110717773,1,97.267822265625
826.37,-1.8433480549411256,1.445301339817633,0.0,-0.12820512820512797,0.0,2.3072729110717773,1,97.267822265625
826.37,-1.8433480549411256,1.445301339817633,0.0,-0.12820512820512797,0.0,2.3072729110717773,1,97.267822265625
826.37,-1.8433480549411256,1.445301339817633,0.0,-0.12820512820512797,0.0,2.3072729110717773,1,97.267822265625
826.37,-1.8433480549411256,1.445301339817633,0.0,-0.12820512820512797,0.0,2.3072729110717773,1,97.267822265625
826.37,-1.8433480549411256,1.445301339817633,0.0,-0.12820512820512797,0.0,2.3072729110717773,1,97.267822265625
826.37,-1.8371454647774457,1.4478321579478621,0.0,-0.12820512820512797,0.0,2.3072729110717773,1,97.267822265625
826.37,-1.8371454647774457,1.4478321579478621,0.0,-0.12820512820512797,0.0,2.3072729110717773,1,97.267822265625
826.37,-1.8371454647774457,1.4478321579478621,0.0,-0.12820512820512797,0.0,2.3072729110717773,1,97.267822265625
826.37,-1.8371454647774457,1.4478321579478621,0.0,-0.12820512820512797,0.0,2.3072729110717773,1,97.267822265625
826.37,-1.830936214483138,1.4503576343883176,0.0,-0.288205128205128,0.0,2.3072729110717773,1,97.267822265625
826.47,-1.830936214483138,1.4503576343883176,0.0,-0.288205128205128,0.0,2.3072729110717773,1,97.267822265625
826.47,-1.830936214483138,1.4503576343883176,0.0,-0.288205128205128,0.0,2.3072729110717773,1,97.267822265625
826.47,-1.830936214483138,1.4503576343883176,0.0,-0.288205128205128,0.0,2.3072729110717773,1,97.267822265625
826.47,-1.8247278132686047,1.4528742874737894,0.0,-0.288205128205128,0.0,2.3072729110717773,1,97.267822265625
826.47,-1.8247278132686047,1.4528742874737894,0.0,-0.44820512820512803,0.0,2.3072729110717773,1,97.267822265625
826.47,-1.8247278132686047,1.4528742874737894,0.0,-0.44820512820512803,0.0,2.3072729110717773,1,97.267822265625
826.47,-1.8247278132686047,1.4528742874737894,0.0,-0.44820512820512803,0.0,2.3072729110717773,1,97.267822265625
826.47,-1.8247278132686047,1.4528742874737894,0.0,-0.44820512820512803,0.0,2.3072729110717773,1,97.267822265625
826.47,-1.8218101224398167,1.454048657216052,0.0,-0.44820512820512803,0.0,2.3072729110717773,1,97.267822265625
826.47,-1.8218101224398167,1.454048657216052,0.0,-0.6082051282051281,0.0,2.3072729110717773,1,97.267822265625
826.47,-1.8218101224398167,1.454048657216052,0.0,-0.6082051282051281,0.0,2.3072729110717773,1,97.267822265625
826.47,-1.8218101224398167,1.454048657216052,0.0,-0.6082051282051281,0.0,2.3072729110717773,1,97.267822265625
826.57,-1.8218318768631434,1.4540312687164614,0.0,-0.6082051282051281,0.0,2.3072729110717773,1,97.267822265625
826.57,-1.8218318768631434,1.4540312687164614,0.0,-0.6082051282051281,0.0,2.3072729110717773,1,97.2291259765625
826.57,-1.821855294455691,1.4540067024968248,0.0,-0.7682051282051281,0.0,2.3072729110717773,1,97.2291259765625
826.57,-1.821855294455691,1.4540067024968248,0.0,-0.7682051282051281,0.0,2.3072729110717773,1,97.2291259765625
826.57,-1.821855294455691,1.4540067024968248,0.0,-0.7682051282051281,0.0,2.3072729110717773,1,97.2291259765625
826.57,-1.821855294455691,1.4540067024968248,0.0,-0.7682051282051281,0.0,2.3072729110717773,1,97.2291259765625
826.57,-1.821855294455691,1.4540067024968248,0.0,-0.7682051282051281,0.0,2.3072729110717773,1,97.2291259765625
826.57,-1.8218865303757106,1.4539801411753406,0.0,-0.7948717948717947,0.0,2.3072729110717773,1,97.2291259765625
826.57,-1.8218865303757106,1.4539801411753406,0.0,-0.7948717948717947,0.0,2.3072729110717773,1,97.2291259765625
826.57,-1.8218865303757106,1.4539801411753406,0.0,-0.7948717948717947,0.0,2.3072729110717773,1,97.2291259765625
826.6700000000001,-1.8219206598969293,1.4539499274354604,0.0,-0.7948717948717947,0.0,2.3072729110717773,1,97.2291259765625
826.6700000000001,-1.8219206598969293,1.4539499274354604,0.0,-0.7948717948717947,0.0,2.3072729110717773,1,97.2291259765625
826.6700000000001,-1.8219206598969293,1.4539499274354604,0.0,-0.7948717948717947,0.0,2.3072729110717773,1,97.2291259765625
826.6700000000001,-1.8219206598969293,1.4539499274354604,0.0,-0.7948717948717947,0.0,2.3072729110717773,1,97.2291259765625
826.6700000000001,-1.8219571966527748,1.4539205861670164,0.0,-0.7948717948717947,0.0,2.3072729110717773,1,97.2291259765625
826.6700000000001,-1.8219571966527748,1.4539205861670164,0.0,-0.7948717948717947,0.0,2.3072729110717773,1,97.2291259765625
826.6700000000001,-1.8219571966527748,1.4539205861670164,0.011578947368421053,-0.9548717948717947,0.0,2.3072729110717773,1,97.2291259765625
826.6700000000001,-1.8219571966527748,1.4539205861670164,0.011578947368421053,-0.9548717948717947,0.0,2.3072729110717773,1,97.2291259765625
826.6700000000001,-1.8219920661002276,1.453890318443061,0.011578947368421053,-0.9548717948717947,0.0,2.3072729110717773,1,97.2291259765625
826.6700000000001,-1.8219920661002276,1.453890318443061,0.011578947368421053,-0.9548717948717947,0.0,2.3072729110717773,1,97.2291259765625
826.6700000000001,-1.8219920661002276,1.453890318443061,0.011578947368421053,-0.9548717948717947,0.0,2.3072729110717773,1,97.2291259765625
826.6700000000001,-1.8219920661002276,1.453890318443061,0.011578947368421053,-0.9548717948717947,0.0,2.3072729110717773,1,97.2291259765625
826.7700000000001,-1.8223525925148538,1.4536412901836142,0.011578947368421053,-1.0,0.0,2.3072729110717773,1,97.2291259765625
826.7700000000001,-1.8223525925148538,1.4536412901836142,0.011578947368421053,-1.0,0.0,2.3072729110717773,1,97.2291259765625
826.7700000000001,-1.8223525925148538,1.4536412901836142,0.011578947368421053,-1.0,0.0,2.3072729110717773,1,97.2291259765625
826.7700000000001,-1.8223525925148538,1.4536412901836142,0.011578947368421053,-1.0,0.0,2.3072729110717773,1,97.2291259765625
826.7700000000001,-1.8223525925148538,1.4536412901836142,0.011578947368421053,-1.0,0.0,2.3072729110717773,1,97.2291259765625
826.7700000000001,-1.8223525925148538,1.4536412901836142,0.011578947368421053,-1.0,0.0,2.3072729110717773,1,97.2291259765625
826.7700000000001,-1.822725405999992,1.4533987997961448,0.011578947368421053,-1.0,0.0,2.3072729110717773,1,97.2291259765625
826.7700000000001,-1.822725405999992,1.4533987997961448,0.011578947368421053,-1.0,0.0,2.3072729110717773,1,97.2291259765625
826.7700000000001,-1.822725405999992,1.4533987997961448,0.011578947368421053,-1.0,0.0,2.3072729110717773,1,97.2291259765625
826.7700000000001,-1.8231079569602318,1.4531629055119468,0.011578947368421053,-1.0,0.0,2.3072729110717773,1,97.2291259765625
826.7700000000001,-1.8231079569602318,1.4531629055119468,0.011578947368421053,-1.0,0.0,2.3072729110717773,1,97.2291259765625
826.7700000000001,-1.8231079569602318,1.4531629055119468,0.011578947368421053,-1.0,0.0,2.3072729110717773,1,97.2291259765625
826.87,-1.8231079569602318,1.4531629055119468,0.011578947368421053,-1.0,0.0,2.3072729110717773,1,97.2291259765625
826.87,-1.8231079569602318,1.4531629055119468,0.011578947368421053,-1.0,0.0,2.3072729110717773,1,97.2291259765625
826.87,-1.8235037505286422,1.452944687009717,0.011578947368421053,-1.0,0.0,2.3072729110717773,1,97.2291259765625
826.87,-1.8235037505286422,1.452944687009717,0.011578947368421053,-1.0,0.0,2.3072729110717773,1,97.2291259765625
826.87,-1.8235037505286422,1.452944687009717,0.011578947368421053,-1.0,0.0,2.3072729110717773,1,97.2291259765625
826.87,-1.8239050630671898,1.4527337428478164,0.011578947368421053,-1.0,0.0,2.3072729110717773,1,97.2291259765625
826.87,-1.8239050630671898,1.4527337428478164,0.011578947368421053,-1.0,0.0,2.3072729110717773,1,97.2291259765625
826.87,-1.8239050630671898,1.4527337428478164,0.011578947368421053,-1.0,0.0,2.3072729110717773,1,97.2291259765625
826.87,-1.8239050630671898,1.4527337428478164,0.011578947368421053,-1.0,0.0,2.3072729110717773,1,97.2291259765625
826.87,-1.8243134925195956,1.4525448408519792,0.011578947368421053,-1.0,0.0,2.3072729110717773,1,97.2291259765625
826.87,-1.8243134925195956,1.4525448408519792,0.011578947368421053,-1.0,0.0,2.3072729110717773,1,97.2291259765625
826.87,-1.8243134925195956,1.4525448408519792,0.011578947368421053,-1.0,0.0,2.3072729110717773,1,97.2291259765625
826.97,-1.8247240729635552,1.4523659248617162,0.011578947368421053,-1.0,219.161783998,2.3072729110717773,1,97.2291259765625
826.97,-1.8247240729635552,1.4523659248617162,0.011578947368421053,-1.0,219.161783998,2.3072729110717773,1,97.2291259765625
826.97,-1.8247240729635552,1.4523659248617162,0.011578947368421053,-1.0,219.161783998,2.3072729110717773,1,97.2291259765625
826.97,-1.8247240729635552,1.4523659248617162,0.011578947368421053,-1.0,219.161783998,2.3072729110717773,1,97.2291259765625
826.97,-1.8251402728300834,1.4522036877796316,0.011578947368421053,-1.0,195.801293039,2.3072729110717773,1,97.2291259765625
826.97,-1.8251402728300834,1.4522036877796316,0.011578947368421053,-1.0,195.801293039,2.3072729110717773,1,97.2291259765625
826.97,-1.8251402728300834,1.4522036877796316,0.011578947368421053,-1.0,195.801293039,2.3072729110717773,1,97.2291259765625
826.97,-1.8255623328479598,1.4520533704570364,0.011578947368421053,-1.0,175.492078,2.3072729110717773,1,97.2291259765625
826.97,-1.8255623328479598,1.4520533704570364,0.03473684210526316,-0.84,175.492078,2.3072729110717773,1,97.2291259765625
827.07,-1.8255623328479598,1.4520533704570364,0.03473684210526316,-0.84,175.492078,2.3072729110717773,1,97.2291259765625
827.07,-1.8255623328479598,1.4520533704570364,0.03473684210526316,-0.84,175.492078,2.3072729110717773,1,97.2291259765625
827.07,-1.825991147975892,1.4519186281324041,0.03473684210526316,-0.84,175.157100301,2.3072729110717773,1,97.22489929199219
827.07,-1.825991147975892,1.4519186281324041,0.03473684210526316,-0.84,175.157100301,2.3072729110717773,1,97.22489929199219
827.07,-1.825991147975892,1.4519186281324041,0.03473684210526316,-0.84,175.157100301,2.3072729110717773,1,97.22489929199219
827.07,-1.825991147975892,1.4519186281324041,0.03473684210526316,-0.6799999999999999,175.157100301,2.3072729110717773,1,97.22489929199219
827.07,-1.825991147975892,1.4519186281324041,0.03473684210526316,-0.6799999999999999,175.157100301,2.3072729110717773,1,97.22489929199219
827.07,-1.825991147975892,1.4519186281324041,0.03473684210526316,-0.6799999999999999,175.157100301,2.3072729110717773,1,97.22489929199219
827.07,-1.8271502483219209,1.4515956405583654,0.03473684210526316,-0.6799999999999999,147.100873566,2.3072729110717773,1,97.22489929199219
827.07,-1.8271502483219209,1.4515956405583654,0.03473684210526316,-0.5199999999999999,147.100873566,2.3072729110717773,1,97.22489929199219
827.07,-1.8271502483219209,1.4515956405583654,0.03473684210526316,-0.5199999999999999,147.100873566,2.3072729110717773,1,97.22489929199219
827.07,-1.828339496987703,1.451305962688158,0.03473684210526316,-0.5199999999999999,127.579207689,2.3072729110717773,1,97.22489929199219
827.07,-1.828339496987703,1.451305962688158,0.03473684210526316,-0.5199999999999999,127.579207689,2.3072729110717773,1,97.22489929199219
827.1700000000001,-1.828339496987703,1.451305962688158,0.03473684210526316,-0.5199999999999999,127.579207689,2.3072729110717773,1,97.22489929199219
827.1700000000001,-1.828339496987703,1.451305962688158,0.03473684210526316,-0.5199999999999999,127.579207689,2.3072729110717773,1,97.22489929199219
827.1700000000001,-1.8295218035721754,1.4510489328113543,0.03473684210526316,-0.3599999999999999,112.739572408,2.3072729110717773,1,97.22489929199219
827.1700000000001,-1.8295218035721754,1.4510489328113543,0.03473684210526316,-0.3599999999999999,112.739572408,2.3072729110717773,1,97.22489929199219
827.1700000000001,-1.8295218035721754,1.4510489328113543,0.03473684210526316,-0.3599999999999999,112.739572408,2.3072729110717773,1,97.22489929199219
827.1700000000001,-1.8306928135345804,1.4508111795124827,0.03473684210526316,-0.3599999999999999,112.739572408,2.3072729110717773,1,97.22489929199219
827.1700000000001,-1.8306928135345804,1.4508111795124827,0.0,-0.19999999999999987,101.123896203,2.3072729110717773,1,97.22489929199219
827.1700000000001,-1.8306928135345804,1.4508111795124827,0.0,-0.19999999999999987,101.123896203,2.3072729110717773,1,97.22489929199219
827.1700000000001,-1.8306928135345804,1.4508111795124827,0.0,-0.19999999999999987,102.321755776,2.3346035480499268,1,97.22489929199219
827.1700000000001,-1.8318615064419987,1.4505830913489994,0.0,-0.19999999999999987,92.573846388,2.3346035480499268,1,97.22489929199219
827.1700000000001,-1.8318615064419987,1.4505830913489994,0.0,-0.19999999999999987,92.573846388,2.3346035480499268,1,97.22489929199219
827.1700000000001,-1.8318615064419987,1.4505830913489994,0.0,-0.03999999999999987,92.573846388,2.3346035480499268,1,97.22489929199219
827.1700000000001,-1.8318615064419987,1.4505830913489994,0.0,-0.03999999999999987,92.573846388,2.3346035480499268,1,97.22489929199219
827.2700000000001,-1.8318615064419987,1.4505830913489994,0.0,-0.03999999999999987,92.573846388,2.3346035480499268,1,97.22489929199219
827.2700000000001,-1.8320919618732818,1.450539665809103,0.0,-0.03999999999999987,95.260098197,2.3346035480499268,1,97.22489929199219
827.2700000000001,-1.8320919618732818,1.450539665809103,0.0,-0.03999999999999987,95.260098197,2.3346035480499268,1,97.22489929199219
827.2700000000001,-1.8320919618732818,1.450539665809103,0.0,0.12000000000000013,95.260098197,2.3346035480499268,1,97.22489929199219
827.2700000000001,-1.8320919618732818,1.450539665809103,0.0,0.12000000000000013,95.260098197,2.3346035480499268,1,97.22489929199219
827.2700000000001,-1.8320919618732818,1.450539665809103,0.0,0.12000000000000013,95.260098197,2.3346035480499268,1,97.22489929199219
827.2700000000001,-1.832103655523385,1.4505373208980132,0.0,0.12000000000000013,100.949202637,2.3346035480499268,1,97.22489929199219
827.2700000000001,-1.832103655523385,1.4505373208980132,0.0,0.12000000000000013,100.949202637,2.3346035480499268,1,97.22489929199219
827.2700000000001,-1.832103655523385,1.4505373208980132,0.0,0.28000000000000014,100.949202637,2.3346035480499268,1,97.22489929199219
827.2700000000001,-1.8321081790089457,1.4505332541689895,0.0,0.28000000000000014,107.905332906,2.3346035480499268,1,97.22489929199219
827.2700000000001,-1.8321081790089457,1.4505332541689895,0.0,0.28000000000000014,107.905332906,2.3346035480499268,1,97.22489929199219
827.37,-1.8321081790089457,1.4505332541689895,0.0,0.28000000000000014,107.905332906,2.3346035480499268,1,97.22489929199219
827.37,-1.8321081790089457,1.4505332541689895,0.0,0.28000000000000014,107.905332906,2.3346035480499268,1,97.22489929199219
827.37,-1.8320975652326492,1.4505319441951663,0.0,0.38461538461538475,115.823174226,2.3346035480499268,1,97.22489929199219
827.37,-1.8320975652326492,1.4505319441951663,0.0,0.38461538461538475,115.823174226,2.3346035480499268,1,97.22489929199219
827.37,-1.8320975652326492,1.4505319441951663,0.0,0.38461538461538475,115.823174226,2.3346035480499268,1,97.22489929199219
827.37,-1.8320975652326492,1.4505319441951663,0.0,0.38461538461538475,115.823174226,2.3346035480499268,1,97.22489929199219
827.37,-1.8320975652326492,1.4505319441951663,0.0,0.38461538461538475,115.823174226,2.3346035480499268,1,97.22489929199219
827.37,-1.832077396913434,1.4505360331750905,0.0,0.38461538461538475,145.434955486,2.3346035480499268,1,97.22489929199219
827.37,-1.832077396913434,1.4505360331750905,0.0,0.38461538461538475,145.434955486,2.3346035480499268,1,97.22489929199219
827.37,-1.832077396913434,1.4505360331750905,0.0,0.38461538461538475,145.434955486,2.3346035480499268,1,97.22489929199219
827.37,-1.832049997692503,1.4505430320694142,0.0,0.38461538461538475,192.356061901,2.3346035480499268,1,97.22489929199219
827.37,-1.832049997692503,1.4505430320694142,0.0,0.38461538461538475,192.356061901,2.3346035480499268,1,97.22489929199219
827.47,-1.832049997692503,1.4505430320694142,0.0,0.3333333333333335,192.356061901,2.3346035480499268,1,97.22489929199219
827.47,-1.832049997692503,1.4505430320694142,0.0,0.3333333333333335,192.356061901,2.3346035480499268,1,97.22489929199219
827.47,-1.8320246009449694,1.4505457176093912,0.0,0.3333333333333335,0.0,2.3346035480499268,1,97.22489929199219
827.47,-1.8320246009449694,1.4505457176093912,0.0,0.3333333333333335,0.0,2.3346035480499268,1,97.22489929199219
827.47,-1.8320246009449694,1.4505457176093912,0.0,0.3333333333333335,0.0,2.3346035480499268,1,97.22489929199219
827.47,-1.8320246009449694,1.4505457176093912,0.0,0.3333333333333335,0.0,2.3346035480499268,1,97.22489929199219
827.47,-1.8320246009449694,1.4505457176093912,0.0,0.3333333333333335,0.0,2.3346035480499268,1,97.22489929199219
827.47,-1.832006676913065,1.4505535158438478,0.0,0.3333333333333335,0.0,2.3346035480499268,1,97.22489929199219
827.47,-1.832006676913065,1.4505535158438478,0.0,0.3333333333333335,0.0,2.3346035480499268,1,97.22489929199219
827.47,-1.832006676913065,1.4505535158438478,0.0,0.3333333333333335,0.0,2.3346035480499268,1,97.22489929199219
827.47,-1.832006676913065,1.4505535158438478,0.0,0.3333333333333335,0.0,2.3346035480499268,1,97.22489929199219
827.47,-1.832006676913065,1.4505535158438478,0.0,0.3333333333333335,0.0,2.3346035480499268,1,97.22489929199219
827.47,-1.831992432140145,1.4505543381512918,0.0,0.3333333333333335,0.0,2.3346035480499268,1,97.22489929199219
827.57,-1.831992432140145,1.4505543381512918,0.0,0.3333333333333335,0.0,2.3346035480499268,1,97.22489929199219
827.57,-1.831992432140145,1.4505543381512918,0.0,0.3333333333333335,0.0,2.3346035480499268,1,97.21829986572266
827.57,-1.831992432140145,1.4505543381512918,0.0,0.3333333333333335,0.0,2.3346035480499268,1,97.21829986572266
827.57,-1.831978411711836,1.450557885705884,0.0,0.3333333333333335,0.0,2.3346035480499268,1,97.21829986572266
827.57,-1.831978411711836,1.450557885705884,0.0,0.3333333333333335,0.0,2.3346035480499268,1,97.21829986572266
827.57,-1.831978411711836,1.450557885705884,0.0,0.3333333333333335,0.0,2.3346035480499268,1,97.21829986572266
827.57,-1.831978411711836,1.450557885705884,0.0,0.3333333333333335,0.0,2.3346035480499268,1,97.21829986572266
827.57,-1.8319604552414956,1.4505602948175782,0.125,0.4871794871794873,0.0,2.3346035480499268,1,97.21829986572266
827.57,-1.8319604552414956,1.4505602948175782,0.125,0.4871794871794873,0.0,2.3346035480499268,1,97.21829986572266
827.57,-1.8319604552414956,1.4505602948175782,0.125,0.4871794871794873,0.0,2.3346035480499268,1,97.21829986572266
827.57,-1.8330442693571976,1.4502505592620494,0.125,0.4871794871794873,0.0,2.3346035480499268,1,97.21829986572266
827.57,-1.8330442693571976,1.4502505592620494,0.125,0.4871794871794873,0.0,2.3346035480499268,1,97.21829986572266
827.6700000000001,-1.8330442693571976,1.4502505592620494,0.21999999999999997,0.4871794871794873,0.0,2.3346035480499268,1,97.21829986572266
827.6700000000001,-1.8330442693571976,1.4502505592620494,0.21999999999999997,0.4871794871794873,0.0,2.3346035480499268,1,97.21829986572266
827.6700000000001,-1.8352315814735884,1.4496014242662225,0.21999999999999997,0.4871794871794873,220.678347293,2.3346035480499268,1,97.21829986572266
827.6700000000001,-1.8352315814735884,1.4496014242662225,0.21999999999999997,0.4871794871794873,220.678347293,2.3346035480499268,1,97.21829986572266
827.6700000000001,-1.8352315814735884,1.4496014242662225,0.21999999999999997,0.4871794871794873,220.678347293,2.3346035480499268,1,97.21829986572266
827.6700000000001,-1.8387464144215424,1.448640001887886,0.19684210526315787,0.3333333333333335,106.979404881,2.3346035480499268,1,97.21829986572266
827.6700000000001,-1.8387464144215424,1.448640001887886,0.19684210526315787,0.3333333333333335,106.979404881,2.3346035480499268,1,97.21829986572266
827.6700000000001,-1.8387464144215424,1.448640001887886,0.19684210526315787,0.3333333333333335,106.979404881,2.3346035480499268,1,97.21829986572266
827.6700000000001,-1.8387464144215424,1.448640001887886,0.19684210526315787,0.3333333333333335,106.979404881,2.3346035480499268,1,97.21829986572266
827.6700000000001,-1.8444138007971325,1.4475577869047174,0.19684210526315787,0.3333333333333335,63.435973844,2.3346035480499268,1,97.21829986572266
827.7700000000001,-1.8444138007971325,1.4475577869047174,0.19684210526315787,0.3333333333333335,63.435973844,2.3346035480499268,1,97.21829986572266
827.7700000000001,-1.8444138007971325,1.4475577869047174,0.19684210526315787,0.3333333333333335,63.435973844,2.3346035480499268,1,97.21829986572266
827.7700000000001,-1.8444138007971325,1.4475577869047174,0.19684210526315787,0.3333333333333335,63.435973844,2.3346035480499268,1,97.21829986572266
827.7700000000001,-1.851154894306541,1.4460512175323856,0.19684210526315787,0.3333333333333335,63.435973844,2.3346035480499268,1,97.21829986572266
827.7700000000001,-1.851154894306541,1.4460512175323856,0.19684210526315787,0.3333333333333335,42.014653735,2.3346035480499268,1,97.21829986572266
827.7700000000001,-1.851154894306541,1.4460512175323856,0.21999999999999997,0.38461538461538475,42.014653735,2.3346035480499268,1,97.21829986572266
827.7700000000001,-1.851154894306541,1.4460512175323856,0.21999999999999997,0.38461538461538475,42.014653735,2.3346035480499268,1,97.21829986572266
827.7700000000001,-1.851154894306541,1.4460512175323856,0.21999999999999997,0.38461538461538475,42.014653735,2.3346035480499268,1,97.21829986572266
827.7700000000001,-1.8587302780158774,1.4441750371298274,0.21999999999999997,0.38461538461538475,30.206046204,2.3346035480499268,1,97.21829986572266
827.7700000000001,-1.8587302780158774,1.4441750371298274,0.21999999999999997,0.38461538461538475,30.206046204,2.3346035480499268,1,97.21829986572266
827.7700000000001,-1.8587302780158774,1.4441750371298274,0.21999999999999997,0.38461538461538475,30.206046204,2.3346035480499268,1,97.21829986572266
827.7700000000001,-1.8670054617935659,1.441940082949049,0.21999999999999997,0.38461538461538475,30.206046204,2.3346035480499268,1,97.21829986572266
827.7700000000001,-1.8670054617935659,1.441940082949049,0.21999999999999997,0.38461538461538475,22.501925102,2.2846035957336426,1,97.21829986572266
827.87,-1.8670054617935659,1.441940082949049,0.21999999999999997,0.38461538461538475,22.501925102,2.2846035957336426,1,97.21829986572266
827.87,-1.8670054617935659,1.441940082949049,0.21999999999999997,0.38461538461538475,22.501925102,2.2846035957336426,1,97.21829986572266
827.87,-1.8670054617935659,1.441940082949049,0.21999999999999997,0.38461538461538475,22.501925102,2.2846035957336426,1,97.21829986572266
827.87,-1.8752290060865828,1.4395827919057878,0.20842105263157892,0.38461538461538475,18.158834587,2.2846035957336426,1,97.21829986572266
827.87,-1.8752290060865828,1.4395827919057878,0.20842105263157892,0.38461538461538475,18.158834587,2.2846035957336426,1,97.21829986572266
827.87,-1.8752290060865828,1.4395827919057878,0.20842105263157892,0.38461538461538475,18.158834587,2.2846035957336426,1,97.21829986572266
827.87,-1.8752290060865828,1.4395827919057878,0.20842105263157892,0.38461538461538475,18.158834587,2.2846035957336426,1,97.21829986572266
827.87,-1.8826322414495116,1.437152434086135,0.20842105263157892,0.38461538461538475,18.158834587,2.2846035957336426,1,97.21829986572266
827.87,-1.8826322414495116,1.437152434086135,0.20842105263157892,0.38461538461538475,15.353893018,2.2846035957336426,1,97.21829986572266
827.87,-1.8826322414495116,1.437152434086135,0.20842105263157892,0.38461538461538475,15.353893018,2.2846035957336426,1,97.21829986572266
827.87,-1.8891466619452713,1.434442142504063,0.20842105263157892,0.38461538461538475,15.353893018,2.2846035957336426,1,97.21829986572266
827.87,-1.8891466619452713,1.434442142504063,0.20842105263157892,0.38461538461538475,13.590482531,2.2846035957336426,1,97.21829986572266
827.97,-1.8891466619452713,1.434442142504063,0.20842105263157892,0.38461538461538475,13.590482531,2.2846035957336426,1,97.21829986572266
827.97,-1.8891466619452713,1.434442142504063,0.21999999999999997,0.22461538461538474,13.590482531,2.2846035957336426,1,97.21829986572266
827.97,-1.8891466619452713,1.434442142504063,0.21999999999999997,0.22461538461538474,13.590482531,2.2846035957336426,1,97.21829986572266
827.97,-1.8956266682932337,1.43164385055199,0.21999999999999997,0.22461538461538474,12.436837163,2.2846035957336426,1,97.21829986572266
827.97,-1.8956266682932337,1.43164385055199,0.21999999999999997,0.22461538461538474,12.436837163,2.2846035957336426,1,97.21829986572266
827.97,-1.8956266682932337,1.43164385055199,0.21999999999999997,0.22461538461538474,12.436837163,2.2846035957336426,1,97.21829986572266
827.97,-1.8956266682932337,1.43164385055199,0.21999999999999997,0.17948717948717968,12.436837163,2.2846035957336426,1,97.21829986572266
827.97,-1.9024437352629544,1.4286082391162314,0.21999999999999997,0.17948717948717968,11.609341396,2.2846035957336426,1,97.21829986572266
827.97,-1.9024437352629544,1.4286082391162314,0.21999999999999997,0.17948717948717968,11.609341396,2.2846035957336426,1,97.21829986572266
827.97,-1.9024437352629544,1.4286082391162314,0.21999999999999997,0.17948717948717968,11.609341396,2.2846035957336426,1,97.21829986572266
827.97,-1.9024437352629544,1.4286082391162314,0.20842105263157892,0.33948717948717966,11.609341396,2.2846035957336426,1,97.21829986572266
828.07,-1.9092346933844526,1.4255124617867418,0.20842105263157892,0.33948717948717966,11.084634602,2.2846035957336426,1,97.13710021972656
828.07,-1.9092346933844526,1.4255124617867418,0.20842105263157892,0.33948717948717966,11.084634602,2.2846035957336426,1,97.13710021972656
828.07,-1.9092346933844526,1.4255124617867418,0.20842105263157892,0.33948717948717966,11.084634602,2.2846035957336426,1,97.13710021972656
828.07,-1.9156535328735331,1.4225415846324876,0.20842105263157892,0.33948717948717966,10.661350368,2.2431821823120117,1,97.13710021972656
828.07,-1.9156535328735331,1.4225415846324876,0.20842105263157892,0.4871794871794873,10.661350368,2.2431821823120117,1,97.13710021972656
828.07,-1.9156535328735331,1.4225415846324876,0.20842105263157892,0.4871794871794873,10.661350368,2.2431821823120117,1,97.13710021972656
828.07,-1.9156535328735331,1.4225415846324876,0.20842105263157892,0.4871794871794873,10.661350368,2.2431821823120117,1,97.13710021972656
828.07,-1.9201894917511515,1.4201466761958617,0.20842105263157892,0.4871794871794873,10.661350368,2.2431821823120117,1,97.13710021972656
828.07,-1.9201894917511515,1.4201466761958617,0.20842105263157892,0.4871794871794873,10.661350368,2.2431821823120117,1,97.13710021972656
828.07,-1.9201894917511515,1.4201466761958617,0.08342105263157892,0.38461538461538475,10.595487755,2.2431821823120117,1,97.13710021972656
828.07,-1.9201894917511515,1.4201466761958617,0.08342105263157892,0.38461538461538475,10.595487755,2.2431821823120117,1,97.13710021972656
828.07,-1.9201894917511515,1.4201466761958617,0.08342105263157892,0.38461538461538475,10.595487755,2.2431821823120117,1,97.13710021972656
828.1700000000001,-1.9216889159713901,1.4186775435984615,0.08342105263157892,0.38461538461538475,10.657716024,2.2431821823120117,1,97.13710021972656
828.1700000000001,-1.9216889159713901,1.4186775435984615,0.08342105263157892,0.38461538461538475,10.657716024,2.2431821823120117,1,97.13710021972656
828.1700000000001,-1.9216889159713901,1.4186775435984615,0.023157894736842106,0.38461538461538475,10.657716024,2.2431821823120117,1,97.13710021972656
828.1700000000001,-1.9216889159713901,1.4186775435984615,0.023157894736842106,0.38461538461538475,10.657716024,2.2431821823120117,1,97.13710021972656
828.1700000000001,-1.9220984346207106,1.417617498003367,0.023157894736842106,0.38461538461538475,10.918175208000001,2.2431821823120117,1,97.13710021972656
828.1700000000001,-1.9220984346207106,1.417617498003367,0.023157894736842106,0.38461538461538475,10.918175208000001,2.2431821823120117,1,97.13710021972656
828.1700000000001,-1.9220984346207106,1.417617498003367,0.023157894736842106,0.38461538461538475,10.918175208000001,2.2431821823120117,1,97.13710021972656
828.1700000000001,-1.9214267320263574,1.4169856020895477,0.03473684210526316,0.22461538461538474,11.333734772,2.2431821823120117,1,97.13710021972656
828.1700000000001,-1.9214267320263574,1.4169856020895477,0.03473684210526316,0.22461538461538474,11.333734772,2.2431821823120117,1,97.13710021972656
828.1700000000001,-1.9214267320263574,1.4169856020895477,0.03473684210526316,0.22461538461538474,11.333734772,2.2431821823120117,1,97.13710021972656
828.1700000000001,-1.9197040221506632,1.4168292769898352,0.03473684210526316,0.22461538461538474,11.333734772,2.2431821823120117,1,97.13710021972656
828.2700000000001,-1.9197040221506632,1.4168292769898352,0.03473684210526316,0.22461538461538474,12.016398671,2.2431821823120117,1,97.13710021972656
828.2700000000001,-1.9197040221506632,1.4168292769898352,0.03473684210526316,0.06461538461538474,12.016398671,2.2431821823120117,1,97.13710021972656
828.2700000000001,-1.9197040221506632,1.4168292769898352,0.03473684210526316,0.06461538461538474,12.016398671,2.2431821823120117,1,97.13710021972656
828.2700000000001,-1.9169622641182946,1.4172010873585792,0.03473684210526316,0.06461538461538474,13.06112107,2.2431821823120117,1,97.13710021972656
828.2700000000001,-1.9169622641182946,1.4172010873585792,0.03473684210526316,0.06461538461538474,13.06112107,2.2431821823120117,1,97.13710021972656
828.2700000000001,-1.9169622641182946,1.4172010873585792,0.03473684210526316,0.06461538461538474,13.06112107,2.2431821823120117,1,97.13710021972656
828.2700000000001,-1.9169622641182946,1.4172010873585792,0.023157894736842106,-0.0769230769230767,13.06112107,2.2431821823120117,1,97.13710021972656
828.2700000000001,-1.9169622641182946,1.4172010873585792,0.023157894736842106,-0.0769230769230767,13.06112107,2.2431821823120117,1,97.13710021972656
828.2700000000001,-1.916307077104791,1.416967984157137,0.023157894736842106,-0.0769230769230767,14.588606815,2.2431821823120117,1,97.13710021972656
828.2700000000001,-1.916307077104791,1.416967984157137,0.023157894736842106,-0.0769230769230767,14.588606815,2.2431821823120117,1,97.13710021972656
828.2700000000001,-1.916307077104791,1.416967984157137,0.023157894736842106,-0.0769230769230767,14.588606815,2.2431821823120117,1,97.13710021972656
828.37,-1.9174506719123372,1.4162530300670981,0.023157894736842106,-0.07692307692307669,16.743920229,2.2431821823120117,1,97.13710021972656
828.37,-1.9174506719123372,1.4162530300670981,0.023157894736842106,-0.07692307692307669,16.743920229,2.2431821823120117,1,97.13710021972656
828.37,-1.9174506719123372,1.4162530300670981,0.023157894736842106,-0.07692307692307669,16.743920229,2.2431821823120117,1,97.13710021972656
828.37,-1.9174506719123372,1.4162530300670981,0.023157894736842106,-0.07692307692307669,16.743920229,2.2431821823120117,1,97.13710021972656
828.37,-1.9181342050887673,1.4158236301686176,0.023157894736842106,-0.07692307692307669,19.733314999,2.2431821823120117,1,97.13710021972656
828.37,-1.9181342050887673,1.4158236301686176,0.023157894736842106,-0.23692307692307668,19.733314999,2.2431821823120117,1,97.13710021972656
828.37,-1.9181342050887673,1.4158236301686176,0.023157894736842106,-0.23692307692307668,19.733314999,2.2431821823120117,1,97.13710021972656
828.37,-1.9188229951868767,1.4153926216533543,0.023157894736842106,-0.23692307692307668,19.733314999,2.2431821823120117,1,97.13710021972656
828.37,-1.9188229951868767,1.4153926216533543,0.023157894736842106,-0.23692307692307668,24.008245834,2.2431821823120117,1,97.13710021972656
828.37,-1.9188229951868767,1.4153926216533543,0.023157894736842106,-0.23692307692307668,24.008245834,2.2431821823120117,1,97.13710021972656
828.37,-1.9188229951868767,1.4153926216533543,0.023157894736842106,-0.33333333333333304,24.008245834,2.2431821823120117,1,97.13710021972656
828.47,-1.9195144828673658,1.4149625500516338,0.023157894736842106,-0.33333333333333304,24.008245834,2.2431821823120117,1,97.13710021972656
828.47,-1.9195144828673658,1.4149625500516338,0.023157894736842106,-0.33333333333333304,30.696452865,2.2431821823120117,1,97.13710021972656
828.47,-1.9195144828673658,1.4149625500516338,0.023157894736842106,-0.33333333333333304,30.696452865,2.2431821823120117,1,97.13710021972656
828.47,-1.9195144828673658,1.4149625500516338,0.023157894736842106,-0.33333333333333304,30.696452865,2.2431821823120117,1,97.13710021972656
828.47,-1.9202203062893777,1.4145399401065124,0.023157894736842106,-0.33333333333333304,39.674355606,2.2431821823120117,1,97.13710021972656
828.47,-1.9202203062893777,1.4145399401065124,0.023157894736842106,-0.33333333333333304,39.674355606,2.2431821823120117,1,97.13710021972656
828.47,-1.9202203062893777,1.4145399401065124,0.023157894736842106,-0.33333333333333304,39.674355606,2.2431821823120117,1,97.13710021972656
828.47,-1.9202203062893777,1.4145399401065124,0.023157894736842106,-0.33333333333333304,39.674355606,2.2431821823120117,1,97.13710021972656
828.47,-1.9209289949027204,1.4141267530371986,0.023157894736842106,-0.33333333333333304,51.228884052,2.2431821823120117,1,97.13710021972656
828.47,-1.9209289949027204,1.4141267530371986,0.023157894736842106,-0.33333333333333304,51.228884052,2.2431821823120117,1,97.13710021972656
828.47,-1.9209289949027204,1.4141267530371986,0.023157894736842106,-0.33333333333333304,51.228884052,2.2431821823120117,1,97.13710021972656
828.57,-1.9209289949027204,1.4141267530371986,0.023157894736842106,-0.33333333333333304,51.228884052,2.2431821823120117,1,97.13710021972656
828.57,-1.9216398872462228,1.4137230537046588,0.023157894736842106,-0.33333333333333304,64.54606437,2.2431821823120117,1,97.11998748779297
828.57,-1.9216398872462228,1.4137230537046588,0.023157894736842106,-0.33333333333333304,64.54606437,2.2431821823120117,1,97.11998748779297
828.57,-1.9216398872462228,1.4137230537046588,0.023157894736842106,-0.33333333333333304,64.54606437,2.2431821823120117,1,97.11998748779297
828.57,-1.9216398872462228,1.4137230537046588,0.023157894736842106,-0.28205128205128177,64.54606437,2.2431821823120117,1,97.11998748779297
828.57,-1.9223527607781306,1.4133285301974272,0.023157894736842106,-0.28205128205128177,76.323672086,2.2431821823120117,1,97.11998748779297
828.57,-1.9223527607781306,1.4133285301974272,0.023157894736842106,-0.28205128205128177,76.323672086,2.2431821823120117,1,97.11998748779297
828.57,-1.9223527607781306,1.4133285301974272,0.023157894736842106,-0.28205128205128177,76.323672086,2.2431821823120117,1,97.11998748779297
828.57,-1.9230660499665089,1.4129434927382296,0.023157894736842106,-0.28205128205128177,87.051364097,2.2431821823120117,1,97.11998748779297
828.57,-1.9230660499665089,1.4129434927382296,0.023157894736842106,-0.28205128205128177,87.051364097,2.2431821823120117,1,97.11998748779297
828.57,-1.9230660499665089,1.4129434927382296,0.023157894736842106,-0.28205128205128177,87.051364097,2.2431821823120117,1,97.11998748779297
828.6700000000001,-1.923780477014682,1.4125673213514618,0.023157894736842106,-0.28205128205128177,93.64830362000001,2.2431821823120117,1,97.11998748779297
828.6700000000001,-1.923780477014682,1.4125673213514618,0.023157894736842106,-0.28205128205128177,93.64830362000001,2.2431821823120117,1,97.11998748779297
828.6700000000001,-1.923780477014682,1.4125673213514618,0.023157894736842106,-0.28205128205128177,93.64830362000001,2.2431821823120117,1,97.11998748779297
828.6700000000001,-1.923780477014682,1.4125673213514618,0.011578947368421053,-0.17948717948717924,93.64830362000001,2.2431821823120117,1,97.11998748779297
828.6700000000001,-1.923780477014682,1.4125673213514618,0.011578947368421053,-0.17948717948717924,93.64830362000001,2.2431821823120117,1,97.11998748779297
828.6700000000001,-1.9244956397623179,1.4121993172922753,0.011578947368421053,-0.17948717948717924,93.64830362000001,2.2431821823120117,1,97.11998748779297
828.6700000000001,-1.9244956397623179,1.4121993172922753,0.011578947368421053,-0.17948717948717924,93.934395832,2.2431821823120117,1,97.11998748779297
828.6700000000001,-1.9244956397623179,1.4121993172922753,0.011578947368421053,-0.17948717948717924,93.934395832,2.2431821823120117,1,97.11998748779297
828.6700000000001,-1.9244956397623179,1.4121993172922753,0.011578947368421053,-0.17948717948717924,93.934395832,2.2431821823120117,1,97.11998748779297
828.6700000000001,-1.9244956397623179,1.4121993172922753,0.011578947368421053,-0.17948717948717924,93.934395832,2.2431821823120117,1,97.11998748779297
828.6700000000001,-1.9248547623717907,1.412017202359833,0.011578947368421053,-0.17948717948717924,99.858788572,2.2431821823120117,1,97.11998748779297
828.6700000000001,-1.9248547623717907,1.412017202359833,0.011578947368421053,-0.17948717948717924,99.858788572,2.2431821823120117,1,97.11998748779297
828.6700000000001,-1.9248547623717907,1.412017202359833,0.011578947368421053,-0.12820512820512797,99.858788572,2.2431821823120117,1,97.11998748779297
828.7700000000001,-1.9252139268117776,1.4118387595179849,0.011578947368421053,-0.12820512820512797,106.06380795,2.2431821823120117,1,97.11998748779297
828.7700000000001,-1.9252139268117776,1.4118387595179849,0.011578947368421053,-0.12820512820512797,106.06380795,2.2431821823120117,1,97.11998748779297
828.7700000000001,-1.9252139268117776,1.4118387595179849,0.011578947368421053,-0.12820512820512797,106.06380795,2.2431821823120117,1,97.11998748779297
828.7700000000001,-1.9252139268117776,1.4118387595179849,0.011578947368421053,-0.12820512820512797,106.06380795,2.2431821823120117,1,97.11998748779297
828.7700000000001,-1.9252139268117776,1.4118387595179849,0.011578947368421053,-0.12820512820512797,106.06380795,2.2431821823120117,1,97.11998748779297
828.7700000000001,-1.9255690750620318,1.4116647404433034,0.011578947368421053,-0.12820512820512797,106.06380795,2.2431821823120117,1,97.11998748779297
828.7700000000001,-1.9255690750620318,1.4116647404433034,0.011578947368421053,-0.12820512820512797,113.351480951,2.2431821823120117,1,97.11998748779297
828.7700000000001,-1.9255690750620318,1.4116647404433034,0.011578947368421053,-0.12820512820512797,113.351480951,2.2431821823120117,1,97.11998748779297
828.7700000000001,-1.9255690750620318,1.4116647404433034,0.011578947368421053,-0.12820512820512797,113.351480951,2.2431821823120117,1,97.11998748779297
828.7700000000001,-1.9259218688769162,1.411493766189707,0.011578947368421053,-0.12820512820512797,113.351480951,2.2431821823120117,1,97.11998748779297
828.7700000000001,-1.9259218688769162,1.411493766189707,0.011578947368421053,-0.07692307692307669,121.769399144,2.2431821823120117,1,97.11998748779297
828.7700000000001,-1.9259218688769162,1.411493766189707,0.011578947368421053,-0.07692307692307669,121.769399144,2.2431821823120117,1,97.11998748779297
828.87,-1.9259218688769162,1.411493766189707,0.011578947368421053,-0.07692307692307669,121.769399144,2.2431821823120117,1,97.11998748779297
828.87,-1.9262731051318387,1.4113248313417164,0.011578947368421053,-0.07692307692307669,131.5367405,2.2431821823120117,1,97.11998748779297
828.87,-1.9262731051318387,1.4113248313417164,0.011578947368421053,-0.07692307692307669,131.5367405,2.2431821823120117,1,97.11998748779297
828.87,-1.9262731051318387,1.4113248313417164,0.011578947368421053,-0.07692307692307669,131.5367405,2.2431821823120117,1,97.11998748779297
828.87,-1.9262731051318387,1.4113248313417164,0.011578947368421053,-0.07692307692307669,131.5367405,2.2431821823120117,1,97.11998748779297
828.87,-1.926621848045406,1.4111582583659799,0.011578947368421053,-0.07692307692307669,142.964567093,2.2431821823120117,1,97.11998748779297
828.87,-1.926621848045406,1.4111582583659799,0.011578947368421053,-0.07692307692307669,142.964567093,2.2431821823120117,1,97.11998748779297
828.87,-1.926621848045406,1.4111582583659799,0.011578947368421053,-0.23692307692307668,142.964567093,2.2431821823120117,1,97.11998748779297
828.87,-1.9239016337377384,1.4130298755635762,0.011578947368421053,-0.23692307692307668,142.964567093,2.2431821823120117,1,97.11998748779297
828.87,-1.9239016337377384,1.4130298755635762,0.011578947368421053,-0.23692307692307668,157.357843924,2.2431821823120117,1,97.11998748779297
828.87,-1.9239016337377384,1.4130298755635762,0.011578947368421053,-0.23692307692307668,157.357843924,2.2431821823120117,1,97.11998748779297
828.97,-1.9239016337377384,1.4130298755635762,0.011578947368421053,-0.23692307692307668,157.357843924,2.2431821823120117,1,97.11998748779297
828.97,-1.9207616991541245,1.4151607888965023,0.011578947368421053,-0.3969230769230767,172.144850756,2.2431821823120117,1,97.11998748779297
828.97,-1.9207616991541245,1.4151607888965023,0.011578947368421053,-0.3969230769230767,172.144850756,2.2431821823120117,1,97.11998748779297
828.97,-1.9207616991541245,1.4151607888965023,0.011578947368421053,-0.3969230769230767,171.8617123,2.239492654800415,1,97.11998748779297
828.97,-1.9207616991541245,1.4151607888965023,0.011578947368421053,-0.3969230769230767,171.8617123,2.239492654800415,1,97.11998748779297
828.97,-1.9176046996964322,1.417279461173894,0.011578947368421053,-0.3969230769230767,189.38817476,2.239492654800415,1,97.11998748779297
828.97,-1.9176046996964322,1.417279461173894,0.011578947368421053,-0.5569230769230767,189.38817476,2.239492654800415,1,97.11998748779297
828.97,-1.9176046996964322,1.417279461173894,0.011578947368421053,-0.5569230769230767,189.38817476,2.239492654800415,1,97.11998748779297
828.97,-1.9144400414670353,1.4193853692553098,0.011578947368421053,-0.5569230769230767,187.694603673,2.239492654800415,1,97.11998748779297
828.97,-1.9144400414670353,1.4193853692553098,0.011578947368421053,-0.5569230769230767,187.694603673,2.239492654800415,1,97.11998748779297
829.07,-1.9144400414670353,1.4193853692553098,0.011578947368421053,-0.5569230769230767,187.694603673,2.239492654800415,1,97.11082458496094
829.07,-1.9144400414670353,1.4193853692553098,0.011578947368421053,-0.5897435897435894,187.694603673,2.239492654800415,1,97.11082458496094
829.07,-1.9112709377890464,1.4214788047725793,0.011578947368421053,-0.5897435897435894,185.412737745,2.239492654800415,1,97.11082458496094
829.07,-1.9112709377890464,1.4214788047725793,0.011578947368421053,-0.5897435897435894,185.412737745,2.239492654800415,1,97.11082458496094
829.07,-1.9112709377890464,1.4214788047725793,0.011578947368421053,-0.5897435897435894,185.412737745,2.239492654800415,1,97.11082458496094
829.07,-1.9112709377890464,1.4214788047725793,0.011578947368421053,-0.5897435897435894,185.412737745,2.239492654800415,1,97.11082458496094
829.07,-1.9112709377890464,1.4214788047725793,0.011578947368421053,-0.5897435897435894,185.412737745,2.239492654800415,1,97.11082458496094
829.07,-1.9080923669264436,1.4235639046625097,0.011578947368421053,-0.7497435897435895,185.412737745,2.239492654800415,1,97.11082458496094
829.07,-1.9080923669264436,1.4235639046625097,0.011578947368421053,-0.7497435897435895,182.639174372,2.239492654800415,1,97.11082458496094
829.07,-1.9080923669264436,1.4235639046625097,0.011578947368421053,-0.7497435897435895,182.639174372,2.239492654800415,1,97.11082458496094
829.07,-1.9080923669264436,1.4235639046625097,0.011578947368421053,-0.7497435897435895,182.639174372,2.239492654800415,1,97.11082458496094
829.07,-1.9084832235560205,1.4234113475068004,0.011578947368421053,-0.9097435897435895,179.914080202,2.239492654800415,1,97.11082458496094
829.07,-1.9084832235560205,1.4234113475068004,0.011578947368421053,-0.9097435897435895,179.914080202,2.239492654800415,1,97.11082458496094
829.1700000000001,-1.9084832235560205,1.4234113475068004,0.011578947368421053,-0.9097435897435895,179.914080202,2.239492654800415,1,97.11082458496094
829.1700000000001,-1.9084832235560205,1.4234113475068004,0.011578947368421053,-0.9097435897435895,179.914080202,2.239492654800415,1,97.11082458496094
829.1700000000001,-1.9084832235560205,1.4234113475068004,0.011578947368421053,-0.9097435897435895,179.914080202,2.239492654800415,1,97.11082458496094
829.1700000000001,-1.9088859714867399,1.4232661582399067,0.011578947368421053,-0.9487179487179487,179.914080202,2.239492654800415,1,97.11082458496094
829.1700000000001,-1.9088859714867399,1.4232661582399067,0.011578947368421053,-0.9487179487179487,177.000664933,2.239492654800415,1,97.11082458496094
829.1700000000001,-1.9088859714867399,1.4232661582399067,0.011578947368421053,-0.9487179487179487,177.000664933,2.239492654800415,1,97.11082458496094
829.1700000000001,-1.9088859714867399,1.4232661582399067,0.011578947368421053,-0.9487179487179487,177.000664933,2.239492654800415,1,97.11082458496094
829.1700000000001,-1.9092906233114102,1.4231324622689183,0.011578947368421053,-0.9487179487179487,174.424378693,2.239492654800415,1,97.11082458496094
829.1700000000001,-1.9092906233114102,1.4231324622689183,0.011578947368421053,-0.9487179487179487,174.424378693,2.239492654800415,1,97.11082458496094
829.1700000000001,-1.9092906233114102,1.4231324622689183,0.011578947368421053,-0.9487179487179487,174.424378693,2.239492654800415,1,97.11082458496094
829.1700000000001,-1.9097119195961414,1.4230067649735394,0.011578947368421053,-0.9487179487179487,174.424378693,2.239492654800415,1,97.11082458496094
829.1700000000001,-1.9097119195961414,1.4230067649735394,0.011578947368421053,-0.9487179487179487,170.466736948,2.239492654800415,1,97.11082458496094
829.2700000000001,-1.9097119195961414,1.4230067649735394,0.011578947368421053,-0.9487179487179487,170.466736948,2.239492654800415,1,97.11082458496094
829.2700000000001,-1.9097119195961414,1.4230067649735394,0.011578947368421053,-0.7887179487179486,170.466736948,2.239492654800415,1,97.11082458496094
829.2700000000001,-1.9101426818983753,1.4228927787649264,0.011578947368421053,-0.7887179487179486,169.010528919,2.239492654800415,1,97.11082458496094
829.2700000000001,-1.9101426818983753,1.4228927787649264,0.011578947368421053,-0.7887179487179486,169.010528919,2.239492654800415,1,97.11082458496094
829.2700000000001,-1.9101426818983753,1.4228927787649264,0.011578947368421053,-0.7887179487179486,169.010528919,2.239492654800415,1,97.11082458496094
829.2700000000001,-1.9105735578170495,1.422793321995184,0.011578947368421053,-0.7887179487179486,167.710974299,2.239492654800415,1,97.11082458496094
829.2700000000001,-1.9105735578170495,1.422793321995184,0.011578947368421053,-0.6287179487179486,167.710974299,2.239492654800415,1,97.11082458496094
829.2700000000001,-1.9105735578170495,1.422793321995184,0.011578947368421053,-0.6287179487179486,167.710974299,2.239492654800415,1,97.11082458496094
829.2700000000001,-1.9105735578170495,1.422793321995184,0.011578947368421053,-0.6287179487179486,167.710974299,2.239492654800415,1,97.11082458496094
829.2700000000001,-1.9105735578170495,1.422793321995184,0.011578947368421053,-0.6287179487179486,167.710974299,2.239492654800415,1,97.11082458496094
829.2700000000001,-1.911006309060817,1.4227068652810408,0.011578947368421053,-0.6287179487179486,166.695198325,2.239492654800415,1,97.11082458496094
829.37,-1.911006309060817,1.4227068652810408,0.011578947368421053,-0.6287179487179486,166.695198325,2.239492654800415,1,97.11082458496094
829.37,-1.911006309060817,1.4227068652810408,0.011578947368421053,-0.7887179487179486,166.695198325,2.239492654800415,1,97.11082458496094
829.37,-1.911006309060817,1.4227068652810408,0.011578947368421053,-0.7887179487179486,166.695198325,2.239492654800415,1,97.11082458496094
829.37,-1.9114288987283474,1.422633994148853,0.011578947368421053,-0.7887179487179486,166.76316251,2.239492654800415,1,97.11082458496094
829.37,-1.9114288987283474,1.422633994148853,0.011578947368421053,-0.7887179487179486,166.76316251,2.239492654800415,1,97.11082458496094
829.37,-1.9114288987283474,1.422633994148853,0.011578947368421053,-0.846153846153846,166.76316251,2.239492654800415,1,97.11082458496094
829.37,-1.9118548210874724,1.4225712167502855,0.011578947368421053,-0.846153846153846,167.406680318,2.239492654800415,1,97.11082458496094
829.37,-1.9118548210874724,1.4225712167502855,0.011578947368421053,-0.846153846153846,167.406680318,2.239492654800415,1,97.11082458496094
829.37,-1.9118548210874724,1.4225712167502855,0.011578947368421053,-0.846153846153846,167.406680318,2.239492654800415,1,97.11082458496094
829.37,-1.9118548210874724,1.4225712167502855,0.011578947368421053,-0.846153846153846,167.406680318,2.239492654800415,1,97.11082458496094
829.37,-1.9122864323485185,1.4225176877365842,0.011578947368421053,-0.846153846153846,167.560290448,2.239492654800415,1,97.11082458496094
829.47,-1.9122864323485185,1.4225176877365842,0.011578947368421053,-1.0,167.560290448,2.239492654800415,1,97.11082458496094
829.47,-1.9122864323485185,1.4225176877365842,0.011578947368421053,-1.0,167.560290448,2.239492654800415,1,97.11082458496094
829.47,-1.9122864323485185,1.4225176877365842,0.011578947368421053,-1.0,167.560290448,2.239492654800415,1,97.11082458496094
829.47,-1.9127276816653802,1.4224747209575417,0.011578947368421053,-1.0,167.366297568,2.239492654800415,1,97.11082458496094
829.47,-1.9127276816653802,1.4224747209575417,0.011578947368421053,-1.0,167.366297568,2.239492654800415,1,97.11082458496094
829.47,-1.9131809470979586,1.4224432763990573,0.011578947368421053,-1.0,167.366297568,2.239492654800415,1,97.11082458496094
829.47,-1.9131809470979586,1.4224432763990573,0.011578947368421053,-1.0,167.366297568,2.239492654800415,1,97.11082458496094
829.47,-1.9131809470979586,1.4224432763990573,0.011578947368421053,-1.0,166.757805875,2.239492654800415,1,97.11082458496094
829.47,-1.9131809470979586,1.4224432763990573,0.011578947368421053,-1.0,166.757805875,2.239492654800415,1,97.11082458496094
829.47,-1.9131809470979586,1.4224432763990573,0.011578947368421053,-1.0,166.757805875,2.239492654800415,1,97.11082458496094
829.47,-1.9136410570239035,1.4224265171318873,0.011578947368421053,-1.0,166.732164086,2.239492654800415,1,97.11082458496094
829.57,-1.9136410570239035,1.4224265171318873,0.011578947368421053,-1.0,166.732164086,2.239492654800415,1,97.11082458496094
829.57,-1.9136410570239035,1.4224265171318873,0.011578947368421053,-1.0,166.732164086,2.239492654800415,1,97.10768127441406
829.57,-1.9136410570239035,1.4224265171318873,0.011578947368421053,-1.0,166.732164086,2.239492654800415,1,97.10768127441406
829.57,-1.9141019649519,1.42242596155147,0.011578947368421053,-1.0,167.119053272,2.239492654800415,1,97.10768127441406
829.57,-1.9141019649519,1.42242596155147,0.011578947368421053,-1.0,167.119053272,2.239492654800415,1,97.10768127441406
829.57,-1.9141019649519,1.42242596155147,0.011578947368421053,-1.0,167.119053272,2.239492654800415,1,97.10768127441406
829.57,-1.9145593279854503,1.4224408780637192,0.011578947368421053,-1.0,167.743556835,2.239492654800415,1,97.10768127441406
829.57,-1.9145593279854503,1.4224408780637192,0.011578947368421053,-1.0,167.743556835,2.239492654800415,1,97.10768127441406
829.57,-1.9145593279854503,1.4224408780637192,0.011578947368421053,-0.84,167.743556835,2.239492654800415,1,97.10768127441406
829.57,-1.9145593279854503,1.4224408780637192,0.011578947368421053,-0.84,167.743556835,2.239492654800415,1,97.10768127441406
829.57,-1.9150142205419731,1.4224708231539893,0.011578947368421053,-0.84,168.184944643,2.239492654800415,1,97.10768127441406
829.6700000000001,-1.9150142205419731,1.4224708231539893,0.011578947368421053,-0.84,168.184944643,2.239492654800415,1,97.10768127441406
829.6700000000001,-1.9150142205419731,1.4224708231539893,0.011578947368421053,-0.84,168.184944643,2.239492654800415,1,97.10768127441406
829.6700000000001,-1.9150142205419731,1.4224708231539893,0.011578947368421053,-0.6799999999999999,168.184944643,2.239492654800415,1,97.10768127441406
829.6700000000001,-1.9154617555842448,1.4225128818509376,0.011578947368421053,-0.6799999999999999,168.53391065900001,2.239492654800415,1,97.10768127441406
829.6700000000001,-1.9154617555842448,1.4225128818509376,0.011578947368421053,-0.6799999999999999,168.53391065900001,2.239492654800415,1,97.10768127441406
829.6700000000001,-1.9154617555842448,1.4225128818509376,0.011578947368421053,-0.6799999999999999,168.53391065900001,2.239492654800415,1,97.10768127441406
829.6700000000001,-1.9159049629453662,1.4225660976038836,0.011578947368421053,-0.5199999999999999,168.805749562,2.239492654800415,1,97.10768127441406
829.6700000000001,-1.9159049629453662,1.4225660976038836,0.011578947368421053,-0.5199999999999999,168.805749562,2.239492654800415,1,97.10768127441406
829.6700000000001,-1.9159049629453662,1.4225660976038836,0.011578947368421053,-0.5199999999999999,168.805749562,2.239492654800415,1,97.10768127441406
829.6700000000001,-1.9159049629453662,1.4225660976038836,0.011578947368421053,-0.5199999999999999,168.805749562,2.239492654800415,1,97.10768127441406
829.7700000000001,-1.9163426160560688,1.4226289802730245,0.011578947368421053,-0.5199999999999999,169.649450204,2.239492654800415,1,97.10768127441406
829.7700000000001,-1.9163426160560688,1.4226289802730245,0.011578947368421053,-0.5199999999999999,169.649450204,2.239492654800415,1,97.10768127441406
829.7700000000001,-1.9163426160560688,1.4226289802730245,0.011578947368421053,-0.3599999999999999,169.649450204,2.239492654800415,1,97.10768127441406
829.7700000000001,-1.9167744133742282,1.4227005553598127,0.011578947368421053,-0.3599999999999999,169.649450204,2.239492654800415,1,97.10768127441406
829.7700000000001,-1.9167744133742282,1.4227005553598127,0.011578947368421053,-0.3599999999999999,170.916234225,2.239492654800415,1,97.10768127441406
829.7700000000001,-1.9167744133742282,1.4227005553598127,0.011578947368421053,-0.3599999999999999,170.916234225,2.239492654800415,1,97.10768127441406
829.7700000000001,-1.9167744133742282,1.4227005553598127,0.011578947368421053,-0.3599999999999999,170.916234225,2.239492654800415,1,97.10768127441406
829.7700000000001,-1.9171974317241542,1.4227799354759239,0.011578947368421053,-0.19999999999999987,172.431400876,2.239492654800415,1,97.10768127441406
829.7700000000001,-1.9171974317241542,1.4227799354759239,0.011578947368421053,-0.19999999999999987,172.431400876,2.239492654800415,1,97.10768127441406
829.7700000000001,-1.9171974317241542,1.4227799354759239,0.011578947368421053,-0.19999999999999987,172.431400876,2.239492654800415,1,97.10768127441406
829.7700000000001,-1.9171974317241542,1.4227799354759239,0.011578947368421053,-0.19999999999999987,172.431400876,2.239492654800415,1,97.10768127441406
829.7700000000001,-1.9171974317241542,1.4227799354759239,0.011578947368421053,-0.19999999999999987,172.431400876,2.239492654800415,1,97.10768127441406
829.87,-1.9176141562618965,1.422863133360568,0.011578947368421053,-0.19999999999999987,172.431400876,2.239492654800415,1,97.10768127441406
829.87,-1.9176141562618965,1.422863133360568,0.011578947368421053,-0.03999999999999987,174.124413922,2.239492654800415,1,97.10768127441406
829.87,-1.9176141562618965,1.422863133360568,0.011578947368421053,-0.03999999999999987,174.124413922,2.239492654800415,1,97.10768127441406
829.87,-1.918019016845722,1.4229478410958634,0.011578947368421053,-0.03999999999999987,174.124413922,2.239492654800415,1,97.10768127441406
829.87,-1.918019016845722,1.4229478410958634,0.011578947368421053,-0.03999999999999987,176.073716472,2.239492654800415,1,97.10768127441406
829.87,-1.918019016845722,1.4229478410958634,0.011578947368421053,0.12000000000000013,175.663484737,2.2342751026153564,1,97.10768127441406
829.87,-1.918019016845722,1.4229478410958634,0.011578947368421053,0.12000000000000013,175.663484737,2.2342751026153564,1,97.10768127441406
829.87,-1.9184120014643147,1.4230324786422068,0.011578947368421053,0.12000000000000013,175.663484737,2.2342751026153564,1,97.10768127441406
829.87,-1.9184120014643147,1.4230324786422068,0.011578947368421053,0.12000000000000013,177.820096432,2.2342751026153564,1,97.10768127441406
829.87,-1.9184120014643147,1.4230324786422068,0.011578947368421053,0.12000000000000013,177.820096432,2.2342751026153564,1,97.10768127441406
829.87,-1.9184120014643147,1.4230324786422068,0.011578947368421053,0.12000000000000013,177.820096432,2.2342751026153564,1,97.10768127441406
829.97,-1.918792925066182,1.4231148309649981,0.011578947368421053,0.28000000000000014,177.820096432,2.2342751026153564,1,97.10768127441406
829.97,-1.918792925066182,1.4231148309649981,0.011578947368421053,0.28000000000000014,177.820096432,2.2342751026153564,1,97.10768127441406
829.97,-1.918792925066182,1.4231148309649981,0.011578947368421053,0.28000000000000014,180.619123849,2.2342751026153564,1,97.10768127441406
829.97,-1.918792925066182,1.4231148309649981,0.011578947368421053,0.28000000000000014,180.619123849,2.2342751026153564,1,97.10768127441406
829.97,-1.918792925066182,1.4231148309649981,0.011578947368421053,0.44000000000000017,180.619123849,2.2342751026153564,1,97.10768127441406
829.97,-1.918792925066182,1.4231148309649981,0.011578947368421053,0.44000000000000017,180.619123849,2.2342751026153564,1,97.10768127441406
829.97,-1.919162017843261,1.4231926228856207,0.011578947368421053,0.44000000000000017,183.480822687,2.2342751026153564,1,97.10768127441406
829.97,-1.919162017843261,1.4231926228856207,0.011578947368421053,0.44000000000000017,183.480822687,2.2342751026153564,1,97.10768127441406
829.97,-1.9195200569492739,1.4232638066049514,0.011578947368421053,0.44000000000000017,183.480822687,2.2342751026153564,1,97.10768127441406
829.97,-1.9195200569492739,1.4232638066049514,0.011578947368421053,0.44000000000000017,186.735366688,2.2342751026153564,1,97.10768127441406
829.97,-1.9195200569492739,1.4232638066049514,0.011578947368421053,0.6000000000000002,186.735366688,2.2342751026153564,1,97.10768127441406
830.07,-1.9198739111727285,1.4233281175005053,0.011578947368421053,0.6000000000000002,186.735366688,2.2342751026153564,1,97.10768127441406
830.07,-1.9198739111727285,1.4233281175005053,0.011578947368421053,0.6000000000000002,190.136335324,2.2342751026153564,1,97.10174560546875
830.07,-1.9198739111727285,1.4233281175005053,0.011578947368421053,0.6000000000000002,190.136335324,2.2342751026153564,1,97.10174560546875
830.07,-1.9198739111727285,1.4233281175005053,0.011578947368421053,0.5897435897435899,190.136335324,2.2342751026153564,1,97.10174560546875
830.07,-1.9198739111727285,1.4233281175005053,0.011578947368421053,0.5897435897435899,190.136335324,2.2342751026153564,1,97.10174560546875
830.07,-1.9198739111727285,1.4233281175005053,0.011578947368421053,0.5897435897435899,190.136335324,2.2342751026153564,1,97.10174560546875
830.07,-1.9202205322294514,1.4233835050339143,0.011578947368421053,0.5897435897435899,190.136335324,2.2342751026153564,1,97.10174560546875
830.07,-1.9202205322294514,1.4233835050339143,0.011578947368421053,0.5897435897435899,190.136335324,2.2342751026153564,1,97.10174560546875
830.07,-1.9202205322294514,1.4233835050339143,0.011578947368421053,0.5897435897435899,194.262984797,2.2342751026153564,1,97.10174560546875
830.07,-1.9202205322294514,1.4233835050339143,0.011578947368421053,0.5897435897435899,194.262984797,2.2342751026153564,1,97.10174560546875
830.07,-1.9202205322294514,1.4233835050339143,0.011578947368421053,0.5897435897435899,194.262984797,2.2342751026153564,1,97.10174560546875
830.07,-1.9202205322294514,1.4233835050339143,0.011578947368421053,0.5897435897435899,194.262984797,2.2342751026153564,1,97.10174560546875
830.07,-1.9179535982729607,1.4263656123716113,0.011578947368421053,0.5897435897435899,197.756805412,2.2342751026153564,1,97.10174560546875
830.07,-1.9179535982729607,1.4263656123716113,0.011578947368421053,0.5897435897435899,197.756805412,2.2342751026153564,1,97.10174560546875
830.07,-1.9179535982729607,1.4263656123716113,0.011578947368421053,0.5897435897435899,197.756805412,2.2342751026153564,1,97.10174560546875
830.07,-1.9179535982729607,1.4263656123716113,0.011578947368421053,0.5897435897435899,197.756805412,2.2342751026153564,1,97.10174560546875
830.1700000000001,-1.913831856738739,1.431380442447606,0.011578947368421053,0.5897435897435899,201.03351962,2.2342751026153564,1,97.10174560546875
830.1700000000001,-1.913831856738739,1.431380442447606,0.011578947368421053,0.5897435897435899,201.03351962,2.2342751026153564,1,97.10174560546875
830.1700000000001,-1.913831856738739,1.431380442447606,0.011578947368421053,0.5897435897435899,201.03351962,2.2342751026153564,1,97.10174560546875
830.1700000000001,-1.913831856738739,1.431380442447606,0.011578947368421053,0.5897435897435899,201.03351962,2.2342751026153564,1,97.10174560546875
830.1700000000001,-1.909678877277589,1.436373146053076,0.011578947368421053,0.5897435897435899,203.999550944,2.2342751026153564,1,97.10174560546875
830.1700000000001,-1.909678877277589,1.436373146053076,0.011578947368421053,0.5897435897435899,203.999550944,2.2342751026153564,1,97.10174560546875
830.1700000000001,-1.909678877277589,1.436373146053076,0.011578947368421053,0.5897435897435899,203.999550944,2.2342751026153564,1,97.10174560546875
830.1700000000001,-1.909678877277589,1.436373146053076,0.011578947368421053,0.5897435897435899,203.999550944,2.2342751026153564,1,97.10174560546875
830.1700000000001,-1.909678877277589,1.436373146053076,0.011578947368421053,0.5897435897435899,203.999550944,2.2342751026153564,1,97.10174560546875
830.1700000000001,-1.9054958366432702,1.4413399499940425,0.011578947368421053,0.5897435897435899,206.467542047,2.2342751026153564,1,97.10174560546875
830.1700000000001,-1.9054958366432702,1.4413399499940425,0.011578947368421053,0.5897435897435899,206.467542047,2.2342751026153564,1,97.10174560546875
830.1700000000001,-1.9054958366432702,1.4413399499940425,0.011578947368421053,0.5897435897435899,206.467542047,2.2342751026153564,1,97.10174560546875
830.1700000000001,-1.9054958366432702,1.4413399499940425,0.011578947368421053,0.5897435897435899,206.467542047,2.2342751026153564,1,97.10174560546875
830.2700000000001,-1.9012826270140009,1.446280737647624,0.011578947368421053,0.5897435897435899,208.294672143,2.2342751026153564,1,97.10174560546875
830.2700000000001,-1.9012826270140009,1.446280737647624,0.011578947368421053,0.5897435897435899,208.294672143,2.2342751026153564,1,97.10174560546875
830.2700000000001,-1.9012826270140009,1.446280737647624,0.011578947368421053,0.5897435897435899,208.294672143,2.2342751026153564,1,97.10174560546875
830.2700000000001,-1.9012826270140009,1.446280737647624,0.011578947368421053,0.5897435897435899,208.294672143,2.2342751026153564,1,97.10174560546875
830.2700000000001,-1.9012826270140009,1.446280737647624,0.011578947368421053,0.5384615384615385,208.294672143,2.2342751026153564,1,97.10174560546875
830.2700000000001,-1.9012826270140009,1.446280737647624,0.011578947368421053,0.5384615384615385,208.294672143,2.2342751026153564,1,97.10174560546875
830.2700000000001,-1.897039063110853,1.4511953160788866,0.011578947368421053,0.5384615384615385,209.352887126,2.2342751026153564,1,97.10174560546875
830.2700000000001,-1.897039063110853,1.4511953160788866,0.011578947368421053,0.5384615384615385,209.352887126,2.2342751026153564,1,97.10174560546875
830.2700000000001,-1.897039063110853,1.4511953160788866,0.011578947368421053,0.5384615384615385,209.352887126,2.2342751026153564,1,97.10174560546875
830.2700000000001,-1.895901736446016,1.4527874321267011,0.011578947368421053,0.5384615384615385,209.352887126,2.2342751026153564,1,97.10174560546875
830.2700000000001,-1.895901736446016,1.4527874321267011,0.011578947368421053,0.5384615384615385,209.437339586,2.2342751026153564,1,97.10174560546875
830.37,-1.895901736446016,1.4527874321267011,0.011578947368421053,0.5384615384615385,209.437339586,2.2342751026153564,1,97.10174560546875
830.37,-1.895901736446016,1.4527874321267011,0.011578947368421053,0.5384615384615385,209.437339586,2.2342751026153564,1,97.10174560546875
830.37,-1.8962600533083411,1.4527927502668616,0.011578947368421053,0.5384615384615385,209.437339586,2.2342751026153564,1,97.10174560546875
830.37,-1.8962600533083411,1.4527927502668616,0.011578947368421053,0.5384615384615385,209.437339586,2.2342751026153564,1,97.10174560546875
830.37,-1.8962600533083411,1.4527927502668616,0.011578947368421053,0.5384615384615385,209.437339586,2.2342751026153564,1,97.10174560546875
830.37,-1.8962600533083411,1.4527927502668616,0.011578947368421053,0.5384615384615385,209.054618463,2.2342751026153564,1,97.10174560546875
830.37,-1.8962600533083411,1.4527927502668616,0.011578947368421053,0.5384615384615385,209.054618463,2.2342751026153564,1,97.10174560546875
830.37,-1.8962600533083411,1.4527927502668616,0.011578947368421053,0.5384615384615385,209.054618463,2.2342751026153564,1,97.10174560546875
830.37,-1.8962600533083411,1.4527927502668616,0.011578947368421053,0.5384615384615385,209.054618463,2.2342751026153564,1,97.10174560546875
830.37,-1.8962600533083411,1.4527927502668616,0.011578947368421053,0.5384615384615385,209.054618463,2.2342751026153564,1,97.10174560546875
830.37,-1.8966203593659445,1.4527915614021083,0.011578947368421053,0.5384615384615385,209.054618463,2.2342751026153564,1,97.10174560546875
830.37,-1.8966203593659445,1.4527915614021083,0.011578947368421053,0.5384615384615385,209.054618463,2.2342751026153564,1,97.10174560546875
830.37,-1.8966203593659445,1.4527915614021083,0.011578947368421053,0.4871794871794873,207.976280146,2.2342751026153564,1,97.10174560546875
830.37,-1.8966203593659445,1.4527915614021083,0.011578947368421053,0.4871794871794873,207.976280146,2.2342751026153564,1,97.10174560546875
830.37,-1.8966203593659445,1.4527915614021083,0.011578947368421053,0.4871794871794873,207.976280146,2.2342751026153564,1,97.10174560546875
830.37,-1.8966203593659445,1.4527915614021083,0.011578947368421053,0.4871794871794873,207.976280146,2.2342751026153564,1,97.10174560546875
830.37,-1.8966203593659445,1.4527915614021083,0.011578947368421053,0.4871794871794873,207.976280146,2.2342751026153564,1,97.10174560546875
830.37,-1.8969820851442543,1.4527839411387062,0.011578947368421053,0.4871794871794873,208.400265571,2.2342751026153564,1,97.10174560546875
830.37,-1.8969820851442543,1.4527839411387062,0.011578947368421053,0.4871794871794873,208.400265571,2.2342751026153564,1,97.10174560546875
830.47,-1.8973463306501532,1.452770562258386,0.011578947368421053,0.4871794871794873,208.400265571,2.2342751026153564,1,97.10174560546875
830.47,-1.8973463306501532,1.452770562258386,0.011578947368421053,0.4871794871794873,208.158114035,2.2342751026153564,1,97.10174560546875
830.47,-1.8973463306501532,1.452770562258386,0.011578947368421053,0.4871794871794873,208.158114035,2.2342751026153564,1,97.10174560546875
830.47,-1.8973463306501532,1.452770562258386,0.011578947368421053,0.4871794871794873,208.158114035,2.2342751026153564,1,97.10174560546875
830.47,-1.8973463306501532,1.452770562258386,0.011578947368421053,0.4871794871794873,208.158114035,2.2342751026153564,1,97.10174560546875
830.47,-1.8977115521006174,1.45275139498734,0.011578947368421053,0.4871794871794873,207.663343392,2.2342751026153564,1,97.10174560546875
830.47,-1.8977115521006174,1.45275139498734,0.011578947368421053,0.4871794871794873,207.663343392,2.2342751026153564,1,97.10174560546875
830.47,-1.8977115521006174,1.45275139498734,0.011578947368421053,0.4871794871794873,207.663343392,2.2342751026153564,1,97.10174560546875
830.47,-1.8977115521006174,1.45275139498734,0.011578947368421053,0.4871794871794873,207.663343392,2.2342751026153564,1,97.10174560546875
830.47,-1.8962151811667132,1.4524818761708995,0.011578947368421053,0.4871794871794873,207.209345063,2.2342751026153564,1,97.10174560546875
830.47,-1.8962151811667132,1.4524818761708995,0.011578947368421053,0.4871794871794873,207.209345063,2.2342751026153564,1,97.10174560546875
830.47,-1.8962151811667132,1.4524818761708995,0.011578947368421053,0.4871794871794873,207.209345063,2.2342751026153564,1,97.10174560546875
830.57,-1.8962151811667132,1.4524818761708995,0.011578947368421053,0.4871794871794873,207.209345063,2.2342751026153564,1,97.10174560546875
830.57,-1.8942326465158466,1.4521417435507307,0.011578947368421053,0.4871794871794873,207.209345063,2.2342751026153564,1,97.06436920166016
830.57,-1.8942326465158466,1.4521417435507307,0.011578947368421053,0.4871794871794873,207.209345063,2.2342751026153564,1,97.06436920166016
830.57,-1.8942326465158466,1.4521417435507307,0.011578947368421053,0.4871794871794873,206.754983316,2.2342751026153564,1,97.06436920166016
830.57,-1.8942326465158466,1.4521417435507307,0.011578947368421053,0.4871794871794873,206.754983316,2.2342751026153564,1,97.06436920166016
830.57,-1.8922461750796506,1.4517930889987247,0.011578947368421053,0.4871794871794873,206.754983316,2.2342751026153564,1,97.06436920166016
830.57,-1.8922461750796506,1.4517930889987247,0.011578947368421053,0.4871794871794873,206.754983316,2.2342751026153564,1,97.06436920166016
830.57,-1.8922461750796506,1.4517930889987247,0.011578947368421053,0.4871794871794873,206.754983316,2.2342751026153564,1,97.06436920166016
830.57,-1.8922461750796506,1.4517930889987247,0.011578947368421053,0.4871794871794873,206.355160496,2.2342751026153564,1,97.06436920166016
830.57,-1.8922461750796506,1.4517930889987247,0.011578947368421053,0.4871794871794873,206.355160496,2.2342751026153564,1,97.06436920166016
830.57,-1.8902554247780867,1.4514363416819667,0.011578947368421053,0.4871794871794873,206.355160496,2.2342751026153564,1,97.06436920166016
830.57,-1.8902554247780867,1.4514363416819667,0.011578947368421053,0.4871794871794873,206.355160496,2.2342751026153564,1,97.06436920166016
830.57,-1.8902554247780867,1.4514363416819667,0.011578947368421053,0.4871794871794873,206.355160496,2.2342751026153564,1,97.06436920166016
830.6700000000001,-1.8902554247780867,1.4514363416819667,0.011578947368421053,0.4871794871794873,206.137092911,2.2342751026153564,1,97.06436920166016
830.6700000000001,-1.8902554247780867,1.4514363416819667,0.011578947368421053,0.4871794871794873,206.137092911,2.2342751026153564,1,97.06436920166016
830.6700000000001,-1.8902554247780867,1.4514363416819667,0.011578947368421053,0.4871794871794873,206.137092911,2.2342751026153564,1,97.06436920166016
830.6700000000001,-1.8902554247780867,1.4514363416819667,0.011578947368421053,0.4871794871794873,212.660951365,2.304985761642456,1,97.06436920166016
830.6700000000001,-1.888260338522036,1.4510714968087108,0.03473684210526316,0.3271794871794873,212.452292425,2.304985761642456,1,97.06436920166016
830.6700000000001,-1.888260338522036,1.4510714968087108,0.03473684210526316,0.3271794871794873,212.452292425,2.304985761642456,1,97.06436920166016
830.6700000000001,-1.888260338522036,1.4510714968087108,0.03473684210526316,0.3271794871794873,212.452292425,2.304985761642456,1,97.06436920166016
830.6700000000001,-1.888260338522036,1.4510714968087108,0.03473684210526316,0.3271794871794873,212.452292425,2.304985761642456,1,97.06436920166016
830.6700000000001,-1.888260338522036,1.4510714968087108,0.03473684210526316,0.2820512820512822,212.452292425,2.304985761642456,1,97.06436920166016
830.6700000000001,-1.888260338522036,1.4510714968087108,0.03473684210526316,0.2820512820512822,212.452292425,2.304985761642456,1,97.06436920166016
830.6700000000001,-1.888260338522036,1.4510714968087108,0.0,0.23076923076923095,212.452292425,2.304985761642456,1,97.06436920166016
830.6700000000001,-1.888260338522036,1.4510714968087108,0.0,0.23076923076923095,212.452292425,2.304985761642456,1,97.06436920166016
830.6700000000001,-1.886261045976653,1.4506984882444682,0.0,0.23076923076923095,212.452292425,2.304985761642456,1,97.06436920166016
830.6700000000001,-1.886261045976653,1.4506984882444682,0.0,0.23076923076923095,212.278801343,2.304985761642456,1,97.06436920166016
830.6700000000001,-1.886261045976653,1.4506984882444682,0.0,0.23076923076923095,212.278801343,2.304985761642456,1,97.06436920166016
830.6700000000001,-1.886261045976653,1.4506984882444682,0.0,0.23076923076923095,212.278801343,2.304985761642456,1,97.06436920166016
830.6700000000001,-1.886261045976653,1.4506984882444682,0.0,0.23076923076923095,212.278801343,2.304985761642456,1,97.06436920166016
830.6700000000001,-1.886261045976653,1.4506984882444682,0.0,0.23076923076923095,212.278801343,2.304985761642456,1,97.06436920166016
830.6700000000001,-1.886037694082947,1.4506723704718874,0.0,0.23076923076923095,0.0,2.304985761642456,1,97.06436920166016
830.7700000000001,-1.886037694082947,1.4506723704718874,0.0,0.23076923076923095,0.0,2.304985761642456,1,97.06436920166016
830.7700000000001,-1.886037694082947,1.4506723704718874,0.0,0.23076923076923095,0.0,2.304985761642456,1,97.06436920166016
830.7700000000001,-1.886037694082947,1.4506723704718874,0.0,0.23076923076923095,0.0,2.304985761642456,1,97.06436920166016
830.7700000000001,-1.886027552823636,1.450676247575371,0.0,0.23076923076923095,0.0,2.304985761642456,1,97.06436920166016
830.7700000000001,-1.886027552823636,1.450676247575371,0.0,0.23076923076923095,0.0,2.304985761642456,1,97.06436920166016
830.7700000000001,-1.886027552823636,1.450676247575371,0.0,0.23076923076923095,0.0,2.304985761642456,1,97.06436920166016
830.7700000000001,-1.886027552823636,1.450676247575371,0.0,0.23076923076923095,0.0,2.304985761642456,1,97.06436920166016
830.7700000000001,-1.8860227178593907,1.4506760808988965,0.0,0.23076923076923095,0.0,2.304985761642456,1,97.06436920166016
830.7700000000001,-1.8860227178593907,1.4506760808988965,0.0,0.23076923076923095,0.0,2.304985761642456,1,97.06436920166016
830.7700000000001,-1.8860190840294497,1.4506750808110287,0.0,0.23076923076923095,0.0,2.304985761642456,1,97.06436920166016
830.7700000000001,-1.8860190840294497,1.4506750808110287,0.0,0.23076923076923095,0.0,2.304985761642456,1,97.06436920166016
830.87,-1.8860190840294497,1.4506750808110287,0.0,0.23076923076923095,0.0,2.304985761642456,1,97.06436920166016
830.87,-1.8860118994180413,1.450675369803493,0.0,0.23076923076923095,0.0,2.304985761642456,1,97.06436920166016
830.87,-1.8860118994180413,1.450675369803493,0.0,0.23076923076923095,0.0,2.304985761642456,1,97.06436920166016
830.87,-1.8860118994180413,1.450675369803493,0.0,0.23076923076923095,0.0,2.304985761642456,1,97.06436920166016
830.87,-1.8860118994180413,1.450675369803493,0.0,0.23076923076923095,0.0,2.304985761642456,1,97.06436920166016
830.87,-1.8860118994180413,1.450675369803493,0.0,0.23076923076923095,0.0,2.304985761642456,1,97.06436920166016
830.87,-1.8860118994180413,1.450675369803493,0.0,0.23076923076923095,0.0,2.304985761642456,1,97.06436920166016
830.87,-1.8860118994180413,1.450675369803493,0.0,0.23076923076923095,0.0,2.304985761642456,1,97.06436920166016
830.87,-1.8859983576852017,1.4506775565129342,0.0,0.23076923076923095,0.0,2.304985761642456,1,97.06436920166016
830.87,-1.8859983576852017,1.4506775565129342,0.0,0.23076923076923095,0.0,2.304985761642456,1,97.06436920166016
830.87,-1.8859983576852017,1.4506775565129342,0.0,0.23076923076923095,0.0,2.304985761642456,1,97.06436920166016
830.87,-1.8859983576852017,1.4506775565129342,0.0,0.23076923076923095,0.0,2.304985761642456,1,97.06436920166016
830.87,-1.8859983576852017,1.4506775565129342,0.0,0.23076923076923095,0.0,2.304985761642456,1,97.06436920166016
830.87,-1.8859797006594787,1.4506813580179012,0.0,0.23076923076923095,0.0,2.304985761642456,1,97.06436920166016
830.87,-1.8859797006594787,1.4506813580179012,0.0,0.23076923076923095,0.0,2.304985761642456,1,97.06436920166016
830.97,-1.8859797006594787,1.4506813580179012,0.0,0.23076923076923095,0.0,2.304985761642456,1,97.06436920166016
830.97,-1.8859797006594787,1.4506813580179012,0.0,0.23076923076923095,0.0,2.304985761642456,1,97.06436920166016
830.97,-1.8859591111541567,1.4506860296176378,0.0,0.23076923076923095,0.0,2.304985761642456,1,97.06436920166016
830.97,-1.8859591111541567,1.4506860296176378,0.0,0.17948717948717968,0.0,2.304985761642456,1,97.06436920166016
830.97,-1.8859591111541567,1.4506860296176378,0.0,0.17948717948717968,0.0,2.304985761642456,1,97.06436920166016
830.97,-1.8859392059778828,1.4506900970005268,0.0,0.17948717948717968,0.0,2.304985761642456,1,97.06436920166016
830.97,-1.8859392059778828,1.4506900970005268,0.0,0.17948717948717968,0.0,2.304985761642456,1,97.06436920166016
830.97,-1.8859392059778828,1.4506900970005268,0.0,0.17948717948717968,0.0,2.304985761642456,1,97.06436920166016
830.97,-1.8859392059778828,1.4506900970005268,0.0,0.17948717948717968,0.0,2.304985761642456,1,97.06436920166016
830.97,-1.8859392059778828,1.4506900970005268,0.0,0.17948717948717968,0.0,2.304985761642456,1,97.06436920166016
830.97,-1.8859222925251022,1.4506937679353542,0.0,0.17948717948717968,0.0,2.304985761642456,1,97.06436920166016
831.07,-1.8859222925251022,1.4506937679353542,0.0,0.17948717948717968,0.0,2.304985761642456,1,97.06436920166016
831.07,-1.8859222925251022,1.4506937679353542,0.0,0.17948717948717968,0.0,2.304985761642456,1,97.06436920166016
831.07,-1.8859071384302362,1.4506970976985616,0.0,0.17948717948717968,0.0,2.304985761642456,1,97.06436920166016
831.07,-1.8859071384302362,1.4506970976985616,0.0,0.17948717948717968,0.0,2.304985761642456,1,97.05392456054688
831.07,-1.8858923450879308,1.4506999148721111,0.0,0.17948717948717968,0.0,2.304985761642456,1,97.05392456054688
831.07,-1.8858923450879308,1.4506999148721111,0.0,0.17948717948717968,0.0,2.304985761642456,1,97.05392456054688
831.07,-1.8858923450879308,1.4506999148721111,0.0,0.17948717948717968,0.0,2.304985761642456,1,97.05392456054688
831.07,-1.8858923450879308,1.4506999148721111,0.0,0.17948717948717968,0.0,2.304985761642456,1,97.05392456054688
831.07,-1.8858923450879308,1.4506999148721111,0.0,0.17948717948717968,0.0,2.304985761642456,1,97.05392456054688
831.07,-1.8858771087442179,1.450703149773952,0.0,0.17948717948717968,0.0,2.304985761642456,1,97.05392456054688
831.07,-1.8858771087442179,1.450703149773952,0.0,0.17948717948717968,0.0,2.304985761642456,1,97.05392456054688
831.1700000000001,-1.8858771087442179,1.450703149773952,0.0,0.17948717948717968,0.0,2.304985761642456,1,97.05392456054688
831.1700000000001,-1.8858771087442179,1.450703149773952,0.0,0.17948717948717968,0.0,2.304985761642456,1,97.05392456054688
831.1700000000001,-1.8858771087442179,1.450703149773952,0.0,0.17948717948717968,0.0,2.304985761642456,1,97.05392456054688
831.1700000000001,-1.8858771087442179,1.450703149773952,0.0,0.17948717948717968,0.0,2.304985761642456,1,97.05392456054688
831.1700000000001,-1.8858617410947893,1.4507068987137226,0.0,0.17948717948717968,0.0,2.304985761642456,1,97.05392456054688
831.1700000000001,-1.8858617410947893,1.4507068987137226,0.0,0.17948717948717968,0.0,2.304985761642456,1,97.05392456054688
831.1700000000001,-1.8858617410947893,1.4507068987137226,0.0,0.17948717948717968,0.0,2.304985761642456,1,97.05392456054688
831.1700000000001,-1.8858617410947893,1.4507068987137226,0.0,0.17948717948717968,0.0,2.304985761642456,1,97.05392456054688
831.1700000000001,-1.8858617410947893,1.4507068987137226,0.0,0.17948717948717968,0.0,2.304985761642456,1,97.05392456054688
831.1700000000001,-1.8858617410947893,1.4507068987137226,0.0,0.17948717948717968,0.0,2.304985761642456,1,97.05392456054688
831.1700000000001,-1.8858476644523048,1.4507110579045537,0.0,0.17948717948717968,0.0,2.304985761642456,1,97.05392456054688
831.1700000000001,-1.8858476644523048,1.4507110579045537,0.0,0.17948717948717968,0.0,2.304985761642456,1,97.05392456054688
831.1700000000001,-1.8858476644523048,1.4507110579045537,0.0,0.17948717948717968,0.0,2.304985761642456,1,97.05392456054688
831.1700000000001,-1.8858476644523048,1.4507110579045537,0.0,0.17948717948717968,0.0,2.304985761642456,1,97.05392456054688
831.1700000000001,-1.8858476644523048,1.4507110579045537,0.0,0.17948717948717968,0.0,2.304985761642456,1,97.05392456054688
831.1700000000001,-1.8858351935225768,1.450715005700617,0.0,0.17948717948717968,0.0,2.304985761642456,1,97.05392456054688
831.1700000000001,-1.8858351935225768,1.450715005700617,0.0,0.17948717948717968,0.0,2.304985761642456,1,97.05392456054688
831.2700000000001,-1.8858351935225768,1.450715005700617,0.0,0.17948717948717968,0.0,2.304985761642456,1,97.05392456054688
831.2700000000001,-1.8858351935225768,1.450715005700617,0.0,0.17948717948717968,0.0,2.304985761642456,1,97.05392456054688
831.2700000000001,-1.8858351935225768,1.450715005700617,0.0,0.17948717948717968,0.0,2.304985761642456,1,97.05392456054688
831.2700000000001,-1.8858247101350978,1.4507182480515528,0.0,0.17948717948717968,0.0,2.304985761642456,1,97.05392456054688
831.2700000000001,-1.8858247101350978,1.4507182480515528,0.0,0.17948717948717968,0.0,2.304985761642456,1,97.05392456054688
831.2700000000001,-1.8858247101350978,1.4507182480515528,0.0,0.17948717948717968,0.0,2.304985761642456,1,97.05392456054688
831.2700000000001,-1.8858247101350978,1.4507182480515528,0.0,0.17948717948717968,0.0,2.304985761642456,1,97.05392456054688
831.2700000000001,-1.8858247101350978,1.4507182480515528,0.0,0.12820512820512842,0.0,2.304985761642456,1,97.05392456054688
831.2700000000001,-1.8854560770378161,1.451169337820661,0.0,0.12820512820512842,0.0,2.304985761642456,1,97.05392456054688
831.2700000000001,-1.8854560770378161,1.451169337820661,0.0,0.12820512820512842,0.0,2.304985761642456,1,97.05392456054688
831.2700000000001,-1.8854560770378161,1.451169337820661,0.0,0.12820512820512842,0.0,2.304985761642456,1,97.05392456054688
831.2700000000001,-1.8842268182916104,1.4526951034285043,0.0,0.12820512820512842,0.0,2.304985761642456,1,97.05392456054688
831.37,-1.8842268182916104,1.4526951034285043,0.0,0.12820512820512842,0.0,2.304985761642456,1,97.05392456054688
831.37,-1.8842268182916104,1.4526951034285043,0.0,0.12820512820512842,0.0,2.304985761642456,1,97.05392456054688
831.37,-1.8842268182916104,1.4526951034285043,0.0,0.12820512820512842,0.0,2.260305166244507,1,97.05392456054688
831.37,-1.8829973876234114,1.4542189214756867,0.0,0.12820512820512842,0.0,2.260305166244507,1,97.05392456054688
831.37,-1.8829973876234114,1.4542189214756867,0.0,0.12820512820512842,0.0,2.260305166244507,1,97.05392456054688
831.37,-1.8829973876234114,1.4542189214756867,0.0,0.12820512820512842,0.0,2.260305166244507,1,97.05392456054688
831.37,-1.8829973876234114,1.4542189214756867,0.0,0.12820512820512842,0.0,2.260305166244507,1,97.05392456054688
831.37,-1.8817681305527916,1.4557403955497692,0.0,0.12820512820512842,0.0,2.260305166244507,1,97.05392456054688
831.47,-1.8817681305527916,1.4557403955497692,0.0,0.12820512820512842,0.0,2.260305166244507,1,97.05392456054688
831.47,-1.8805384305931652,1.4572595704731612,0.0,0.12820512820512842,0.0,2.260305166244507,1,97.05392456054688
831.47,-1.8805384305931652,1.4572595704731612,0.0,0.12820512820512842,0.0,2.260305166244507,1,97.05392456054688
831.47,-1.879308077629139,1.4587767867340828,0.0,0.12820512820512842,0.0,2.260305166244507,1,97.05392456054688
831.47,-1.8784746465386046,1.459802539774579,0.0,0.12820512820512842,0.0,2.260305166244507,1,97.05392456054688
831.47,-1.8784746465386046,1.459802539774579,0.0,0.12820512820512842,0.0,2.260305166244507,1,97.05392456054688
831.47,-1.8784746465386046,1.459802539774579,0.0,0.12820512820512842,0.0,2.260305166244507,1,97.05392456054688
831.57,-1.8784731717242131,1.4598040658870863,0.0,0.12820512820512842,0.0,2.260305166244507,1,97.05392456054688
831.57,-1.8784731717242131,1.4598040658870863,0.0,0.12820512820512842,0.0,2.260305166244507,1,97.04215240478516
831.57,-1.8784731717242131,1.4598040658870863,0.0,0.12820512820512842,0.0,2.260305166244507,1,97.04215240478516
831.57,-1.8784731717242131,1.4598040658870863,0.0,0.12820512820512842,0.0,2.260305166244507,1,97.04215240478516
831.57,-1.8784731717242131,1.4598040658870863,0.0,0.12820512820512842,0.0,2.260305166244507,1,97.04215240478516
831.57,-1.8784731717242131,1.4598040658870863,0.0,0.12820512820512842,0.0,2.260305166244507,1,97.04215240478516
831.57,-1.8784731717242131,1.4598040658870863,0.0,0.12820512820512842,0.0,2.260305166244507,1,97.04215240478516
831.57,-1.8784731717242131,1.4598040658870863,0.0,0.12820512820512842,0.0,2.260305166244507,1,97.04215240478516
831.57,-1.8784708879701157,1.4598059728480843,0.0,0.12820512820512842,0.0,2.260305166244507,1,97.04215240478516
831.57,-1.8784708879701157,1.4598059728480843,0.0,0.12820512820512842,0.0,2.260305166244507,1,97.04215240478516
831.57,-1.8784708879701157,1.4598059728480843,0.0,0.12820512820512842,0.0,2.260305166244507,1,97.04215240478516
831.57,-1.8784708879701157,1.4598059728480843,0.0,0.12820512820512842,0.0,2.260305166244507,1,97.04215240478516
831.57,-1.8784708879701157,1.4598059728480843,0.0,0.12820512820512842,0.0,2.260305166244507,1,97.04215240478516
831.57,-1.8784708879701157,1.4598059728480843,0.0,0.12820512820512842,0.0,2.260305166244507,1,97.04215240478516
831.57,-1.8784708879701157,1.4598059728480843,0.0,0.12820512820512842,0.0,2.260305166244507,1,97.04215240478516
831.57,-1.8784676659680248,1.4598083375860242,0.0,0.12820512820512842,0.0,2.260305166244507,1,97.04215240478516
831.57,-1.8784676659680248,1.4598083375860242,0.0,0.12820512820512842,0.0,2.260305166244507,1,97.04215240478516
831.57,-1.8784676659680248,1.4598083375860242,0.0,0.12820512820512842,0.0,2.260305166244507,1,97.04215240478516
831.57,-1.8784676659680248,1.4598083375860242,0.0,0.12820512820512842,0.0,2.260305166244507,1,97.04215240478516
831.57,-1.8784676659680248,1.4598083375860242,0.0,0.12820512820512842,0.0,2.260305166244507,1,97.04215240478516
831.57,-1.8784676659680248,1.4598083375860242,0.0,0.12820512820512842,0.0,2.260305166244507,1,97.04215240478516
831.57,-1.8784676659680248,1.4598083375860242,0.0,0.12820512820512842,0.0,2.260305166244507,1,97.04215240478516
831.57,-1.8784676659680248,1.4598083375860242,0.0,0.12820512820512842,0.0,2.260305166244507,1,97.04215240478516
831.6700000000001,-1.8784625929642118,1.4598110956097767,0.0,0.12820512820512842,0.0,2.260305166244507,1,97.04215240478516
831.6700000000001,-1.8784625929642118,1.4598110956097767,0.0,0.12820512820512842,0.0,2.260305166244507,1,97.04215240478516
831.6700000000001,-1.8784625929642118,1.4598110956097767,0.0,0.12820512820512842,0.0,2.260305166244507,1,97.04215240478516
831.6700000000001,-1.878455662188625,1.459814637125215,0.0,0.12820512820512842,0.0,2.260305166244507,1,97.04215240478516
831.6700000000001,-1.878455662188625,1.459814637125215,0.0,0.12820512820512842,0.0,2.260305166244507,1,97.04215240478516
831.6700000000001,-1.878455662188625,1.459814637125215,0.0,0.12820512820512842,0.0,2.260305166244507,1,97.04215240478516
831.6700000000001,-1.878455662188625,1.459814637125215,0.0,0.12820512820512842,0.0,2.260305166244507,1,97.04215240478516
831.6700000000001,-1.8784468909079441,1.4598189966389703,0.0,0.12820512820512842,0.0,2.260305166244507,1,97.04215240478516
831.6700000000001,-1.8784468909079441,1.4598189966389703,0.0,0.12820512820512842,0.0,2.260305166244507,1,97.04215240478516
831.6700000000001,-1.8784468909079441,1.4598189966389703,0.0,0.12820512820512842,0.0,2.260305166244507,1,97.04215240478516
831.6700000000001,-1.8784468909079441,1.4598189966389703,0.0,0.12820512820512842,0.0,2.260305166244507,1,97.04215240478516
831.7700000000001,-1.8784365288212173,1.459824028495133,0.0,0.12820512820512842,0.0,2.260305166244507,1,97.04215240478516
