time,x,y,vx,vz,eta,distance_remaining,recoveries,battery
798.6700000000001,-0.00760145967688574,0.010982625638312263,0.0,0.0,0.0,0.0,0,99.99998474121094
798.6700000000001,-0.007601388418657919,0.010982622925986023,0.0,0.0,0.0,0.0,0,99.99998474121094
798.7700000000001,-0.007601388418657919,0.010982622925986023,0.0,0.0,0.0,4.305363655090332,0,99.99998474121094
798.7700000000001,-0.007601388418657919,0.010982622925986023,0.0,0.0,0.0,4.305363655090332,0,99.99998474121094
798.7700000000001,-0.007601388418657919,0.010982622925986023,0.0,0.0,0.0,4.305363655090332,0,99.99998474121094
798.7700000000001,-0.007601388418657919,0.010982622925986023,0.0,0.0,0.0,4.305363655090332,0,99.99998474121094
798.7700000000001,-0.007601388418657919,0.010982622925986023,0.0,0.0,0.0,4.305363655090332,0,99.99998474121094
798.7700000000001,-0.007601389200123165,0.010982624116521386,0.0,0.0,0.0,4.305363655090332,0,99.99998474121094
798.7700000000001,-0.007601389200123165,0.010982624116521386,0.0,0.0,0.0,4.305363655090332,0,99.99998474121094
798.7700000000001,-0.007601389200123165,0.010982624116521386,0.0,0.0,0.0,4.305363655090332,0,99.99998474121094
798.7700000000001,-0.00760139985328566,0.010982626666993192,0.0,0.0,0.0,4.305363655090332,0,99.99998474121094
798.7700000000001,-0.00760139985328566,0.010982626666993192,0.0,0.0,0.0,4.305363655090332,0,99.99998474121094
798.7700000000001,-0.00760139985328566,0.010982626666993192,0.125,0.16,0.0,4.305363655090332,0,99.99998474121094
798.7700000000001,-0.00760139985328566,0.010982626666993192,0.125,0.16,0.0,4.305363655090332,0,99.99998474121094
798.7700000000001,-0.00760139985328566,0.010982626666993192,0.125,0.16,0.0,4.305363655090332,0,99.99998474121094
798.7700000000001,-0.007601352686756473,0.010982622578325208,0.125,0.16,0.0,4.305363655090332,0,99.99998474121094
798.87,-0.007601352686756473,0.010982622578325208,0.125,0.16,0.0,4.305363655090332,0,99.99998474121094
798.87,-0.007601352686756473,0.010982622578325208,0.20842105263157892,0.32,0.0,4.305363655090332,0,99.99998474121094
798.87,-0.007601352686756473,0.010982622578325208,0.20842105263157892,0.32,0.0,4.305363655090332,0,99.99998474121094
798.87,-0.007601352686756473,0.010982622578325208,0.20842105263157892,0.32,0.0,4.305363655090332,0,99.99998474121094
798.87,-0.007601352686756473,0.010982622578325208,0.20842105263157892,0.32,0.0,4.305363655090332,0,99.99998474121094
798.87,-0.007601352686756473,0.010982622578325208,0.20842105263157892,0.32,0.0,4.305363655090332,0,99.99998474121094
798.87,-0.0064523002063135325,0.010967179601489761,0.20842105263157892,0.48,0.0,4.305363655090332,0,99.99998474121094
798.87,-0.0064523002063135325,0.010967179601489761,0.20842105263157892,0.48,0.0,4.305363655090332,0,99.99998474121094
798.87,-0.0064523002063135325,0.010967179601489761,0.20842105263157892,0.48,0.0,4.305363655090332,0,99.99998474121094
798.87,-0.004148485439782369,0.010936209921884883,0.20842105263157892,0.48,390.408657954,4.305363655090332,0,99.99998474121094
798.87,-0.004148485439782369,0.010936209921884883,0.20842105263157892,0.48,390.408657954,4.305363655090332,0,99.99998474121094
798.87,-0.004148485439782369,0.010936209921884883,0.20842105263157892,0.5384615384615385,390.408657954,4.305363655090332,0,99.99998474121094
798.87,-0.0006876265628074259,0.010889676756756537,0.20842105263157892,0.5384615384615385,390.408657954,4.305363655090332,0,99.99998474121094
798.97,-0.0006876265628074259,0.010889676756756537,0.20842105263157892,0.5384615384615385,193.768485559,4.305363655090332,0,99.99998474121094
798.97,-0.0006876265628074259,0.010889676756756537,0.20842105263157892,0.5384615384615385,193.768485559,4.305363655090332,0,99.99998474121094
798.97,-0.0006876265628074259,0.010889676756756537,0.20842105263157892,0.5384615384615385,193.768485559,4.305363655090332,0,99.99998474121094
798.97,-0.0006876265628074259,0.010889676756756537,0.20842105263157892,0.5384615384615385,193.768485559,4.305363655090332,0,99.99998474121094
798.97,0.003928877222258334,0.010827591327807161,0.20842105263157892,0.5384615384615385,115.761783643,4.305363655090332,0,99.99998474121094
798.97,0.003928877222258334,0.010827591327807161,0.20842105263157892,0.5384615384615385,114.417393369,4.255363941192627,0,99.99998474121094
798.97,0.003928877222258334,0.010827591327807161,0.20842105263157892,0.5384615384615385,114.417393369,4.255363941192627,0,99.99998474121094
798.97,0.009620799752058245,0.01075157923450326,0.20842105263157892,0.5384615384615385,76.418305478,4.255363941192627,0,99.99998474121094
798.97,0.009620799752058245,0.01075157923450326,0.20842105263157892,0.5384615384615385,76.418305478,4.255363941192627,0,99.99998474121094
798.97,0.009620799752058245,0.01075157923450326,0.20842105263157892,0.5384615384615385,76.418305478,4.255363941192627,0,99.99998474121094
799.07,0.009620799752058245,0.01075157923450326,0.20842105263157892,0.5384615384615385,76.418305478,4.255363941192627,0,99.99998474121094
799.07,0.015879295259907403,0.010674785439492317,0.20842105263157892,0.5384615384615385,55.956545483,4.255363941192627,0,99.9827651977539
799.07,0.015879295259907403,0.010674785439492317,0.20842105263157892,0.5384615384615385,55.956545483,4.255363941192627,0,99.9827651977539
799.07,0.015879295259907403,0.010674785439492317,0.19684210526315787,0.5384615384615385,55.956545483,4.255363941192627,0,99.9827651977539
799.07,0.015879295259907403,0.010674785439492317,0.19684210526315787,0.5384615384615385,55.956545483,4.255363941192627,0,99.9827651977539
799.07,0.02267769079108406,0.010629739255548916,0.19684210526315787,0.5384615384615385,43.339021751,4.255363941192627,0,99.9827651977539
799.07,0.02267769079108406,0.010629739255548916,0.19684210526315787,0.5384615384615385,43.339021751,4.255363941192627,0,99.9827651977539
799.07,0.02267769079108406,0.010629739255548916,0.19684210526315787,0.5384615384615385,43.339021751,4.255363941192627,0,99.9827651977539
799.07,0.02267769079108406,0.010629739255548916,0.19684210526315787,0.5384615384615385,43.339021751,4.255363941192627,0,99.9827651977539
799.07,0.029331630679203257,0.010683224639988734,0.19684210526315787,0.5384615384615385,35.506948042,4.255363941192627,0,99.9827651977539
799.07,0.029331630679203257,0.010683224639988734,0.19684210526315787,0.5384615384615385,35.506948042,4.255363941192627,0,99.9827651977539
799.07,0.029331630679203257,0.010683224639988734,0.19684210526315787,0.5384615384615385,35.506948042,4.255363941192627,0,99.9827651977539
799.1700000000001,0.029331630679203257,0.010683224639988734,0.19684210526315787,0.5384615384615385,35.506948042,4.255363941192627,0,99.9827651977539
799.1700000000001,0.03597626019191488,0.010895330727721019,0.21999999999999997,0.6923076923076925,30.081773623,4.255363941192627,0,99.9827651977539
799.1700000000001,0.03597626019191488,0.010895330727721019,0.21999999999999997,0.6923076923076925,30.081773623,4.255363941192627,0,99.9827651977539
799.1700000000001,0.03597626019191488,0.010895330727721019,0.21999999999999997,0.6923076923076925,30.081773623,4.255363941192627,0,99.9827651977539
799.1700000000001,0.04337398638764847,0.011334987137281934,0.21999999999999997,0.6923076923076925,30.081773623,4.255363941192627,0,99.9827651977539
799.1700000000001,0.04337398638764847,0.011334987137281934,0.21999999999999997,0.6923076923076925,26.284494323,4.255363941192627,0,99.9827651977539
799.1700000000001,0.04337398638764847,0.011334987137281934,0.21999999999999997,0.6923076923076925,26.284494323,4.255363941192627,0,99.9827651977539
799.1700000000001,0.04337398638764847,0.011334987137281934,0.21999999999999997,0.6923076923076925,26.284494323,4.255363941192627,0,99.9827651977539
799.1700000000001,0.05077942315739835,0.01196846329170089,0.21999999999999997,0.6923076923076925,26.284494323,4.255363941192627,0,99.9827651977539
799.1700000000001,0.05077942315739835,0.01196846329170089,0.21999999999999997,0.6923076923076925,23.812441721,4.255363941192627,0,99.9827651977539
799.1700000000001,0.05077942315739835,0.01196846329170089,0.21999999999999997,0.6923076923076925,23.812441721,4.255363941192627,0,99.9827651977539
799.2700000000001,0.05077942315739835,0.01196846329170089,0.21999999999999997,0.5323076923076925,23.812441721,4.255363941192627,0,99.9827651977539
799.2700000000001,0.058171524342250445,0.012772749416737183,0.21999999999999997,0.5323076923076925,21.937385823,4.205363750457764,0,99.9827651977539
799.2700000000001,0.058171524342250445,0.012772749416737183,0.21999999999999997,0.5323076923076925,21.937385823,4.205363750457764,0,99.9827651977539
799.2700000000001,0.058171524342250445,0.012772749416737183,0.21999999999999997,0.5323076923076925,21.937385823,4.205363750457764,0,99.9827651977539
799.2700000000001,0.0655355261671795,0.013729690704623732,0.21999999999999997,0.5323076923076925,20.935555059,4.205363750457764,0,99.9827651977539
799.2700000000001,0.0655355261671795,0.013729690704623732,0.21999999999999997,0.4871794871794873,20.935555059,4.205363750457764,0,99.9827651977539
799.2700000000001,0.0655355261671795,0.013729690704623732,0.21999999999999997,0.4871794871794873,20.935555059,4.205363750457764,0,99.9827651977539
799.2700000000001,0.0655355261671795,0.013729690704623732,0.21999999999999997,0.4871794871794873,20.935555059,4.205363750457764,0,99.9827651977539
799.2700000000001,0.07289887717964172,0.014829757235613366,0.21999999999999997,0.4871794871794873,20.356705586,4.205363750457764,0,99.9827651977539
799.2700000000001,0.07289887717964172,0.014829757235613366,0.21999999999999997,0.4871794871794873,20.356705586,4.205363750457764,0,99.9827651977539
799.37,0.07289887717964172,0.014829757235613366,0.21999999999999997,0.4871794871794873,20.356705586,4.205363750457764,0,99.9827651977539
799.37,0.08024577703535399,0.016056876395558813,0.21999999999999997,0.4871794871794873,19.984144131,4.205363750457764,0,99.9827651977539
799.37,0.08024577703535399,0.016056876395558813,0.21999999999999997,0.4871794871794873,19.984144131,4.205363750457764,0,99.9827651977539
799.37,0.08024577703535399,0.016056876395558813,0.21999999999999997,0.4871794871794873,19.984144131,4.205363750457764,0,99.9827651977539
799.37,0.08024577703535399,0.016056876395558813,0.21999999999999997,0.4871794871794873,19.984144131,4.205363750457764,0,99.9827651977539
799.37,0.08757411343939465,0.01740003310595311,0.21999999999999997,0.4871794871794873,19.984144131,4.205363750457764,0,99.9827651977539
799.37,0.08757411343939465,0.01740003310595311,0.21999999999999997,0.4871794871794873,19.788540935,4.205363750457764,0,99.9827651977539
799.37,0.08757411343939465,0.01740003310595311,0.21999999999999997,0.4871794871794873,19.788540935,4.205363750457764,0,99.9827651977539
799.37,0.08757411343939465,0.01740003310595311,0.21999999999999997,0.4871794871794873,19.788540935,4.205363750457764,0,99.9827651977539
799.37,0.08757411343939465,0.01740003310595311,0.21999999999999997,0.4871794871794873,19.788540935,4.205363750457764,0,99.9827651977539
799.37,0.09488176488281633,0.01885538852940386,0.21999999999999997,0.4871794871794873,19.55259594,4.205363750457764,0,99.9827651977539
799.37,0.09488176488281633,0.01885538852940386,0.21999999999999997,0.38461538461538475,19.55259594,4.205363750457764,0,99.9827651977539
799.47,0.09488176488281633,0.01885538852940386,0.21999999999999997,0.38461538461538475,19.55259594,4.205363750457764,0,99.9827651977539
799.47,0.10216917589766626,0.020425551594533072,0.21999999999999997,0.38461538461538475,19.318392856,4.205363750457764,0,99.9827651977539
799.47,0.10216917589766626,0.020425551594533072,0.21999999999999997,0.38461538461538475,19.318392856,4.205363750457764,0,99.9827651977539
799.47,0.10216917589766626,0.020425551594533072,0.21999999999999997,0.38461538461538475,19.318392856,4.205363750457764,0,99.9827651977539
799.47,0.10216917589766626,0.020425551594533072,0.21999999999999997,0.38461538461538475,19.318392856,4.205363750457764,0,99.9827651977539
799.47,0.10943390124276513,0.022105255757384812,0.21999999999999997,0.38461538461538475,19.318392856,4.205363750457764,0,99.9827651977539
799.47,0.10943390124276513,0.022105255757384812,0.21999999999999997,0.38461538461538475,19.07862439,4.155364036560059,0,99.9827651977539
799.47,0.10943390124276513,0.022105255757384812,0.21999999999999997,0.38461538461538475,19.07862439,4.155364036560059,0,99.9827651977539
799.47,0.10943390124276513,0.022105255757384812,0.20842105263157892,0.3333333333333335,19.07862439,4.155364036560059,0,99.9827651977539
799.47,0.11667836128431004,0.023880724980216938,0.20842105263157892,0.3333333333333335,19.073648753,4.155364036560059,0,99.9827651977539
799.47,0.11667836128431004,0.023880724980216938,0.20842105263157892,0.3333333333333335,19.073648753,4.155364036560059,0,99.9827651977539
799.47,0.11667836128431004,0.023880724980216938,0.20842105263157892,0.3333333333333335,19.073648753,4.155364036560059,0,99.9827651977539
799.57,0.12350451979972513,0.025640826518343846,0.20842105263157892,0.3333333333333335,19.073648753,4.155364036560059,0,99.8749008178711
799.57,0.12350451979972513,0.025640826518343846,0.20842105263157892,0.3333333333333335,19.18639682,4.155364036560059,0,99.8749008178711
799.57,0.12350451979972513,0.025640826518343846,0.20842105263157892,0.3333333333333335,19.18639682,4.155364036560059,0,99.8749008178711
799.57,0.12350451979972513,0.025640826518343846,0.20842105263157892,0.3333333333333335,19.18639682,4.155364036560059,0,99.8749008178711
799.57,0.13032552405359968,0.027495310618920105,0.20842105263157892,0.3333333333333335,19.292414498,4.155364036560059,0,99.8749008178711
799.57,0.13032552405359968,0.027495310618920105,0.19684210526315787,0.3333333333333335,19.292414498,4.155364036560059,0,99.8749008178711
799.57,0.13032552405359968,0.027495310618920105,0.19684210526315787,0.3333333333333335,19.292414498,4.155364036560059,0,99.8749008178711
799.57,0.13032552405359968,0.027495310618920105,0.19684210526315787,0.3333333333333335,19.292414498,4.155364036560059,0,99.8749008178711
799.57,0.13711743584810213,0.02944942878726748,0.19684210526315787,0.3333333333333335,19.406461784,4.155364036560059,0,99.8749008178711
799.57,0.13711743584810213,0.02944942878726748,0.19684210526315787,0.3333333333333335,19.406461784,4.155364036560059,0,99.8749008178711
799.6700000000001,0.13711743584810213,0.02944942878726748,0.19684210526315787,0.3333333333333335,19.482522434,4.171649932861328,0,99.8749008178711
799.6700000000001,0.14351169076203554,0.031383233168323796,0.19684210526315787,0.3333333333333335,19.482522434,4.171649932861328,0,99.8749008178711
799.6700000000001,0.14351169076203554,0.031383233168323796,0.19684210526315787,0.3333333333333335,19.480616814,4.121650218963623,0,99.8749008178711
799.6700000000001,0.14351169076203554,0.031383233168323796,0.19684210526315787,0.3333333333333335,19.480616814,4.121650218963623,0,99.8749008178711
799.6700000000001,0.14351169076203554,0.031383233168323796,0.19684210526315787,0.3333333333333335,19.480616814,4.121650218963623,0,99.8749008178711
799.6700000000001,0.14351169076203554,0.031383233168323796,0.19684210526315787,0.3333333333333335,19.480616814,4.121650218963623,0,99.8749008178711
799.6700000000001,0.14351169076203554,0.031383233168323796,0.21999999999999997,0.435897435897436,19.480616814,4.121650218963623,0,99.8749008178711
799.6700000000001,0.1498839823274926,0.03338613141193982,0.21999999999999997,0.435897435897436,19.71844654,4.121650218963623,0,99.8749008178711
799.6700000000001,0.1498839823274926,0.03338613141193982,0.21999999999999997,0.435897435897436,19.71844654,4.121650218963623,0,99.8749008178711
799.6700000000001,0.1498839823274926,0.03338613141193982,0.21999999999999997,0.435897435897436,19.71844654,4.121650218963623,0,99.8749008178711
799.6700000000001,0.1569870566642014,0.035692642252568706,0.21999999999999997,0.435897435897436,19.71844654,4.121650218963623,0,99.8749008178711
799.6700000000001,0.1569870566642014,0.035692642252568706,0.21999999999999997,0.435897435897436,19.714582231,4.121650218963623,0,99.8749008178711
799.6700000000001,0.1569870566642014,0.035692642252568706,0.21999999999999997,0.435897435897436,19.714582231,4.121650218963623,0,99.8749008178711
799.7700000000001,0.1569870566642014,0.035692642252568706,0.21999999999999997,0.435897435897436,19.714582231,4.121650218963623,0,99.8749008178711
799.7700000000001,0.1569870566642014,0.035692642252568706,0.21999999999999997,0.435897435897436,19.714582231,4.121650218963623,0,99.8749008178711
799.7700000000001,0.16405698662621598,0.038079603795998895,0.21999999999999997,0.435897435897436,19.712216568,4.121650218963623,0,99.8749008178711
799.7700000000001,0.16405698662621598,0.038079603795998895,0.21999999999999997,0.275897435897436,19.712216568,4.121650218963623,0,99.8749008178711
799.7700000000001,0.16405698662621598,0.038079603795998895,0.21999999999999997,0.275897435897436,19.712216568,4.121650218963623,0,99.8749008178711
799.7700000000001,0.17108669191147702,0.04057460923622364,0.21999999999999997,0.275897435897436,19.711440925,4.121650218963623,0,99.8749008178711
799.7700000000001,0.17108669191147702,0.04057460923622364,0.21999999999999997,0.275897435897436,19.711440925,4.121650218963623,0,99.8749008178711
799.7700000000001,0.17108669191147702,0.04057460923622364,0.21999999999999997,0.275897435897436,19.711440925,4.121650218963623,0,99.8749008178711
799.7700000000001,0.17808185038785943,0.0431970388647591,0.21999999999999997,0.12820512820512842,19.711440925,4.121650218963623,0,99.8749008178711
799.7700000000001,0.17808185038785943,0.0431970388647591,0.21999999999999997,0.12820512820512842,19.710854891,4.121650218963623,0,99.8749008178711
799.7700000000001,0.17808185038785943,0.0431970388647591,0.21999999999999997,0.12820512820512842,19.710854891,4.121650218963623,0,99.8749008178711
799.87,0.17808185038785943,0.0431970388647591,0.21999999999999997,0.12820512820512842,19.710854891,4.121650218963623,0,99.8749008178711
799.87,0.17808185038785943,0.0431970388647591,0.21999999999999997,0.12820512820512842,19.710854891,4.121650218963623,0,99.8749008178711
799.87,0.18504410801251991,0.04592137162224474,0.20842105263157892,0.07692307692307715,19.710854891,4.121650218963623,0,99.8749008178711
799.87,0.18504410801251991,0.04592137162224474,0.20842105263157892,0.07692307692307715,19.586966061,4.121650218963623,0,99.8749008178711
799.87,0.18504410801251991,0.04592137162224474,0.20842105263157892,0.07692307692307715,19.586966061,4.121650218963623,0,99.8749008178711
799.87,0.18504410801251991,0.04592137162224474,0.20842105263157892,0.07692307692307715,19.586966061,4.121650218963623,0,99.8749008178711
799.87,0.19163748271834458,0.04854462311515223,0.20842105263157892,0.07692307692307715,19.595934989,4.121650218963623,0,99.8749008178711
799.87,0.19163748271834458,0.04854462311515223,0.20842105263157892,0.07692307692307715,19.595934989,4.121650218963623,0,99.8749008178711
799.87,0.19163748271834458,0.04854462311515223,0.20842105263157892,0.07692307692307715,19.595934989,4.121650218963623,0,99.8749008178711
799.87,0.19163748271834458,0.04854462311515223,0.20842105263157892,0.07692307692307715,19.358215452,4.07165002822876,0,99.8749008178711
799.87,0.19163748271834458,0.04854462311515223,0.20842105263157892,0.07692307692307715,19.358215452,4.07165002822876,0,99.8749008178711
799.87,0.19824606571955772,0.0511453541172218,0.20842105263157892,0.07692307692307715,19.358215452,4.07165002822876,0,99.8749008178711
799.87,0.19824606571955772,0.0511453541172218,0.20842105263157892,0.02564102564102587,19.329297567,4.07165002822876,0,99.8749008178711
799.97,0.19824606571955772,0.0511453541172218,0.20842105263157892,0.02564102564102587,19.329297567,4.07165002822876,0,99.8749008178711
799.97,0.19824606571955772,0.0511453541172218,0.20842105263157892,0.02564102564102587,19.329297567,4.07165002822876,0,99.8749008178711
799.97,0.19824606571955772,0.0511453541172218,0.20842105263157892,0.02564102564102587,19.329297567,4.07165002822876,0,99.8749008178711
799.97,0.2048684563909456,0.053702210598719054,0.20842105263157892,0.02564102564102587,19.189810037,4.07165002822876,0,99.8749008178711
799.97,0.2048684563909456,0.053702210598719054,0.20842105263157892,0.02564102564102587,19.189810037,4.07165002822876,0,99.8749008178711
799.97,0.2048684563909456,0.053702210598719054,0.20842105263157892,0.02564102564102587,19.189810037,4.07165002822876,0,99.8749008178711
799.97,0.2048684563909456,0.053702210598719054,0.20842105263157892,0.02564102564102587,19.189810037,4.07165002822876,0,99.8749008178711
799.97,0.2048684563909456,0.053702210598719054,0.20842105263157892,0.02564102564102587,19.189810037,4.07165002822876,0,99.8749008178711
799.97,0.2114863895664408,0.05624269274207048,0.20842105263157892,0.02564102564102587,19.055002598,4.07165002822876,0,99.8749008178711
799.97,0.2114863895664408,0.05624269274207048,0.21999999999999997,0.0,19.055002598,4.07165002822876,0,99.8749008178711
799.97,0.2114863895664408,0.05624269274207048,0.21999999999999997,0.0,19.055002598,4.07165002822876,0,99.8749008178711
799.97,0.2180862903245394,0.05881084864784153,0.21999999999999997,0.0,19.156334154,4.07165002822876,0,99.8749008178711
799.97,0.2180862903245394,0.05881084864784153,0.21999999999999997,0.0,19.156334154,4.07165002822876,0,99.8749008178711
800.07,0.2180862903245394,0.05881084864784153,0.21999999999999997,0.0,19.156334154,4.07165002822876,0,99.8749008178711
800.07,0.2180862903245394,0.05881084864784153,0.21999999999999997,0.0,19.156334154,4.07165002822876,0,99.76764678955078
800.07,0.22503430376163913,0.06156765074843837,0.21999999999999997,0.0,19.156334154,4.07165002822876,0,99.76764678955078
800.07,0.22503430376163913,0.06156765074843837,0.21999999999999997,0.0,19.141297006,4.07165002822876,0,99.76764678955078
800.07,0.22503430376163913,0.06156765074843837,0.21999999999999997,0.0,19.141297006,4.07165002822876,0,99.76764678955078
800.07,0.22503430376163913,0.06156765074843837,0.21999999999999997,0.0,19.141297006,4.07165002822876,0,99.76764678955078
800.07,0.23197294422596673,0.06434912390033344,0.21999999999999997,0.12820512820512842,19.124054397,4.07165002822876,0,99.76764678955078
800.07,0.23197294422596673,0.06434912390033344,0.21999999999999997,0.12820512820512842,19.124054397,4.07165002822876,0,99.76764678955078
800.07,0.23197294422596673,0.06434912390033344,0.21999999999999997,0.12820512820512842,19.124054397,4.07165002822876,0,99.76764678955078
800.07,0.23197294422596673,0.06434912390033344,0.21999999999999997,0.12820512820512842,19.124054397,4.07165002822876,0,99.76764678955078
800.07,0.23197294422596673,0.06434912390033344,0.21999999999999997,0.12820512820512842,19.124054397,4.07165002822876,0,99.76764678955078
800.07,0.23891196374492843,0.0671209526939743,0.21999999999999997,0.12820512820512842,18.870030364,4.021650314331055,0,99.76764678955078
800.07,0.23891196374492843,0.0671209526939743,0.21999999999999997,0.12820512820512842,18.870030364,4.021650314331055,0,99.76764678955078
800.1700000000001,0.23891196374492843,0.0671209526939743,0.21999999999999997,0.12820512820512842,18.870030364,4.021650314331055,0,99.76764678955078
800.1700000000001,0.23891196374492843,0.0671209526939743,0.21999999999999997,0.12820512820512842,18.870030364,4.021650314331055,0,99.76764678955078
800.1700000000001,0.23891196374492843,0.0671209526939743,0.21999999999999997,0.12820512820512842,18.870030364,4.021650314331055,0,99.76764678955078
800.1700000000001,0.24584733563700933,0.069871961474675,0.21999999999999997,0.12820512820512842,18.870030364,4.021650314331055,0,99.76764678955078
800.1700000000001,0.24584733563700933,0.069871961474675,0.21999999999999997,0.12820512820512842,18.862601195,4.021650314331055,0,99.76764678955078
800.1700000000001,0.24584733563700933,0.069871961474675,0.21999999999999997,0.12820512820512842,18.862601195,4.021650314331055,0,99.76764678955078
800.1700000000001,0.24584733563700933,0.069871961474675,0.21999999999999997,0.12820512820512842,18.862601195,4.021650314331055,0,99.76764678955078
800.1700000000001,0.2527758853319485,0.07264351789460477,0.21999999999999997,0.12820512820512842,18.742695931,4.021650314331055,0,99.76764678955078
800.1700000000001,0.2527758853319485,0.07264351789460477,0.21999999999999997,0.12820512820512842,18.742695931,4.021650314331055,0,99.76764678955078
800.1700000000001,0.2527758853319485,0.07264351789460477,0.21999999999999997,0.12820512820512842,18.742695931,4.021650314331055,0,99.76764678955078
800.1700000000001,0.2527758853319485,0.07264351789460477,0.21999999999999997,0.12820512820512842,18.742695931,4.021650314331055,0,99.76764678955078
800.1700000000001,0.2527758853319485,0.07264351789460477,0.21999999999999997,0.12820512820512842,18.742695931,4.021650314331055,0,99.76764678955078
800.1700000000001,0.25968195932634786,0.07546464910515017,0.21999999999999997,0.12820512820512842,18.742695931,4.021650314331055,0,99.76764678955078
800.2700000000001,0.25968195932634786,0.07546464910515017,0.21999999999999997,0.12820512820512842,18.657858783000002,4.021650314331055,0,99.76764678955078
800.2700000000001,0.25968195932634786,0.07546464910515017,0.21999999999999997,0.07692307692307715,18.657858783000002,4.021650314331055,0,99.76764678955078
800.2700000000001,0.25968195932634786,0.07546464910515017,0.21999999999999997,0.07692307692307715,18.657858783000002,4.021650314331055,0,99.76764678955078
800.2700000000001,0.26803138879597194,0.07851978365248224,0.21999999999999997,0.07692307692307715,18.568875152,4.021650314331055,0,99.76764678955078
800.2700000000001,0.26803138879597194,0.07851978365248224,0.21999999999999997,0.07692307692307715,18.568875152,4.021650314331055,0,99.76764678955078
800.2700000000001,0.26803138879597194,0.07851978365248224,0.21999999999999997,0.07692307692307715,18.568875152,4.021650314331055,0,99.76764678955078
800.2700000000001,0.26803138879597194,0.07851978365248224,0.21999999999999997,0.07692307692307715,18.568875152,4.021650314331055,0,99.76764678955078
800.2700000000001,0.26803138879597194,0.07851978365248224,0.21999999999999997,0.07692307692307715,18.568875152,4.021650314331055,0,99.76764678955078
800.2700000000001,0.2766269972066841,0.0816333157648625,0.21999999999999997,0.07692307692307715,18.476175833,4.021650314331055,0,99.76764678955078
800.2700000000001,0.2766269972066841,0.0816333157648625,0.21999999999999997,0.07692307692307715,18.476175833,4.021650314331055,0,99.76764678955078
800.2700000000001,0.2766269972066841,0.0816333157648625,0.21999999999999997,0.02564102564102587,18.476175833,4.021650314331055,0,99.76764678955078
800.2700000000001,0.2766269972066841,0.0816333157648625,0.21999999999999997,0.02564102564102587,18.476175833,4.021650314331055,0,99.76764678955078
800.37,0.2852292466210744,0.084745599679187,0.21999999999999997,0.02564102564102587,18.379464735,4.021650314331055,0,99.76764678955078
800.37,0.2852292466210744,0.084745599679187,0.21999999999999997,0.02564102564102587,18.379464735,4.021650314331055,0,99.76764678955078
800.37,0.2938444296320241,0.08783612906170708,0.21999999999999997,0.02564102564102587,18.379464735,4.021650314331055,0,99.76764678955078
800.37,0.2938444296320241,0.08783612906170708,0.21999999999999997,0.02564102564102587,18.052740578,3.9480433464050293,0,99.76764678955078
800.37,0.2938444296320241,0.08783612906170708,0.21999999999999997,0.02564102564102587,18.052740578,3.9480433464050293,0,99.76764678955078
800.37,0.2938444296320241,0.08783612906170708,0.21999999999999997,0.02564102564102587,18.052740578,3.9480433464050293,0,99.76764678955078
800.37,0.2938444296320241,0.08783612906170708,0.21999999999999997,0.02564102564102587,18.052740578,3.9480433464050293,0,99.76764678955078
800.37,0.30247080216553335,0.09089957806490882,0.21999999999999997,0.02564102564102587,18.06254919,3.9480433464050293,0,99.76764678955078
800.37,0.30247080216553335,0.09089957806490882,0.20842105263157892,0.02564102564102587,18.06254919,3.9480433464050293,0,99.76764678955078
800.37,0.30247080216553335,0.09089957806490882,0.20842105263157892,0.02564102564102587,18.06254919,3.9480433464050293,0,99.76764678955078
800.37,0.30247080216553335,0.09089957806490882,0.20842105263157892,0.02564102564102587,18.06254919,3.9480433464050293,0,99.76764678955078
800.37,0.3111035370771213,0.09394363035919459,0.20842105263157892,0.02564102564102587,18.074529564,3.9480433464050293,0,99.76764678955078
800.47,0.3111035370771213,0.09394363035919459,0.20842105263157892,0.02564102564102587,18.074529564,3.9480433464050293,0,99.76764678955078
800.47,0.3111035370771213,0.09394363035919459,0.20842105263157892,0.02564102564102587,18.074529564,3.9480433464050293,0,99.76764678955078
800.47,0.31769125985262436,0.09668684816357005,0.20842105263157892,0.02564102564102587,18.074529564,3.9480433464050293,0,99.76764678955078
800.47,0.31769125985262436,0.09668684816357005,0.20842105263157892,0.02564102564102587,18.074529564,3.9480433464050293,0,99.76764678955078
800.47,0.31769125985262436,0.09668684816357005,0.21999999999999997,0.02564102564102587,18.178222064,3.9480433464050293,0,99.76764678955078
800.47,0.31769125985262436,0.09668684816357005,0.21999999999999997,0.02564102564102587,18.178222064,3.9480433464050293,0,99.76764678955078
800.47,0.31769125985262436,0.09668684816357005,0.21999999999999997,0.02564102564102587,18.178222064,3.9480433464050293,0,99.76764678955078
800.47,0.31769125985262436,0.09668684816357005,0.21999999999999997,0.02564102564102587,18.178222064,3.9480433464050293,0,99.76764678955078
800.47,0.31769125985262436,0.09668684816357005,0.21999999999999997,0.02564102564102587,18.178222064,3.9480433464050293,0,99.76764678955078
800.47,0.3242179497341927,0.09943745758093925,0.21999999999999997,0.02564102564102587,18.27561659,3.9480433464050293,0,99.76764678955078
800.47,0.3242179497341927,0.09943745758093925,0.21999999999999997,0.02564102564102587,18.27561659,3.9480433464050293,0,99.76764678955078
800.47,0.3242179497341927,0.09943745758093925,0.21999999999999997,0.02564102564102587,18.27561659,3.9480433464050293,0,99.76764678955078
800.47,0.3242179497341927,0.09943745758093925,0.21999999999999997,0.02564102564102587,18.27561659,3.9480433464050293,0,99.76764678955078
800.57,0.33110688351989703,0.10235243344270178,0.21999999999999997,0.02564102564102587,18.265275873,3.9480433464050293,0,99.76764678955078
800.57,0.33110688351989703,0.10235243344270178,0.20842105263157892,0.0,18.265275873,3.9480433464050293,0,99.64653015136719
800.57,0.33110688351989703,0.10235243344270178,0.20842105263157892,0.0,18.265275873,3.9480433464050293,0,99.64653015136719
800.57,0.3379943838491563,0.10526916243409262,0.20842105263157892,0.0,18.255544239,3.9480433464050293,0,99.64653015136719
800.57,0.3379943838491563,0.10526916243409262,0.20842105263157892,0.0,18.255544239,3.9480433464050293,0,99.64653015136719
800.57,0.3379943838491563,0.10526916243409262,0.20842105263157892,0.0,18.255544239,3.9480433464050293,0,99.64653015136719
800.57,0.3379943838491563,0.10526916243409262,0.20842105263157892,0.0,18.255544239,3.9480433464050293,0,99.64653015136719
800.57,0.3445299010698754,0.10803360954149424,0.20842105263157892,0.0,18.352247733,3.9480433464050293,0,99.64653015136719
800.57,0.3445299010698754,0.10803360954149424,0.20842105263157892,0.0,18.352247733,3.9480433464050293,0,99.64653015136719
800.57,0.3445299010698754,0.10803360954149424,0.20842105263157892,0.0,18.352247733,3.9480433464050293,0,99.64653015136719
800.6700000000001,0.3510606435065548,0.11079189831680522,0.20842105263157892,0.0,18.219454754,3.898043394088745,0,99.64653015136719
800.6700000000001,0.3510606435065548,0.11079189831680522,0.21999999999999997,0.12820512820512842,18.219454754,3.898043394088745,0,99.64653015136719
800.6700000000001,0.3510606435065548,0.11079189831680522,0.21999999999999997,0.12820512820512842,18.219454754,3.898043394088745,0,99.64653015136719
800.6700000000001,0.35759286038817717,0.11354802771548303,0.21999999999999997,0.12820512820512842,18.219454754,3.898043394088745,0,99.64653015136719
800.6700000000001,0.35759286038817717,0.11354802771548303,0.21999999999999997,0.12820512820512842,18.321259645,3.898043394088745,0,99.64653015136719
800.6700000000001,0.35759286038817717,0.11354802771548303,0.21999999999999997,0.12820512820512842,18.321259645,3.898043394088745,0,99.64653015136719
800.6700000000001,0.35759286038817717,0.11354802771548303,0.21999999999999997,0.12820512820512842,18.321259645,3.898043394088745,0,99.64653015136719
800.6700000000001,0.35759286038817717,0.11354802771548303,0.21999999999999997,0.12820512820512842,18.321259645,3.898043394088745,0,99.64653015136719
800.6700000000001,0.35759286038817717,0.11354802771548303,0.21999999999999997,0.12820512820512842,18.321259645,3.898043394088745,0,99.64653015136719
800.6700000000001,0.36448730950281916,0.11645970354673146,0.21999999999999997,0.12820512820512842,18.315021901,3.898043394088745,0,99.64653015136719
800.6700000000001,0.36448730950281916,0.11645970354673146,0.21999999999999997,0.12820512820512842,18.315021901,3.898043394088745,0,99.64653015136719
800.6700000000001,0.36448730950281916,0.11645970354673146,0.20842105263157892,0.12820512820512842,18.315021901,3.898043394088745,0,99.64653015136719
800.6700000000001,0.36448730950281916,0.11645970354673146,0.20842105263157892,0.12820512820512842,18.315021901,3.898043394088745,0,99.64653015136719
800.7700000000001,0.3713686896719036,0.11938553844399209,0.20842105263157892,0.12820512820512842,18.311215526,3.898043394088745,0,99.64653015136719
800.7700000000001,0.3713686896719036,0.11938553844399209,0.20842105263157892,0.12820512820512842,18.311215526,3.898043394088745,0,99.64653015136719
800.7700000000001,0.3713686896719036,0.11938553844399209,0.20842105263157892,0.12820512820512842,18.311215526,3.898043394088745,0,99.64653015136719
800.7700000000001,0.3713686896719036,0.11938553844399209,0.20842105263157892,0.12820512820512842,18.311215526,3.898043394088745,0,99.64653015136719
800.7700000000001,0.3713686896719036,0.11938553844399209,0.20842105263157892,0.12820512820512842,18.311215526,3.898043394088745,0,99.64653015136719
800.7700000000001,0.3778804735739634,0.12219474820541326,0.20842105263157892,0.12820512820512842,18.306854889,3.898043394088745,0,99.64653015136719
800.7700000000001,0.3778804735739634,0.12219474820541326,0.20842105263157892,0.12820512820512842,18.306854889,3.898043394088745,0,99.64653015136719
800.7700000000001,0.3778804735739634,0.12219474820541326,0.20842105263157892,0.12820512820512842,18.306854889,3.898043394088745,0,99.64653015136719
800.7700000000001,0.3843655387487492,0.12504382236432612,0.21999999999999997,0.07692307692307715,18.303710726,3.898043394088745,0,99.64653015136719
800.7700000000001,0.3843655387487492,0.12504382236432612,0.21999999999999997,0.07692307692307715,18.303710726,3.898043394088745,0,99.64653015136719
800.7700000000001,0.3843655387487492,0.12504382236432612,0.21999999999999997,0.07692307692307715,18.303710726,3.898043394088745,0,99.64653015136719
800.87,0.3912017193141592,0.12809452715550104,0.21999999999999997,0.07692307692307715,18.303710726,3.898043394088745,0,99.64653015136719
800.87,0.3912017193141592,0.12809452715550104,0.21999999999999997,0.07692307692307715,18.299184624,3.898043394088745,0,99.64653015136719
800.87,0.3912017193141592,0.12809452715550104,0.21999999999999997,0.07692307692307715,18.299184624,3.898043394088745,0,99.64653015136719
800.87,0.3912017193141592,0.12809452715550104,0.21999999999999997,0.07692307692307715,18.299184624,3.898043394088745,0,99.64653015136719
800.87,0.39802732314974004,0.13116629585685824,0.21999999999999997,0.07692307692307715,18.062600817,3.848043441772461,0,99.64653015136719
800.87,0.39802732314974004,0.13116629585685824,0.21999999999999997,0.07692307692307715,18.062600817,3.848043441772461,0,99.64653015136719
800.87,0.39802732314974004,0.13116629585685824,0.21999999999999997,0.07692307692307715,18.062600817,3.848043441772461,0,99.64653015136719
800.87,0.39802732314974004,0.13116629585685824,0.20842105263157892,0.02564102564102587,18.062600817,3.848043441772461,0,99.64653015136719
800.87,0.4048527847891627,0.13424357378604485,0.20842105263157892,0.02564102564102587,17.947282427,3.848043441772461,0,99.64653015136719
800.87,0.4048527847891627,0.13424357378604485,0.20842105263157892,0.02564102564102587,17.947282427,3.848043441772461,0,99.64653015136719
800.87,0.4048527847891627,0.13424357378604485,0.20842105263157892,0.02564102564102587,17.947282427,3.848043441772461,0,99.64653015136719
800.87,0.4048527847891627,0.13424357378604485,0.20842105263157892,0.02564102564102587,17.947282427,3.848043441772461,0,99.64653015136719
800.97,0.4113264047923255,0.13716153612632645,0.20842105263157892,0.02564102564102587,17.940311457,3.848043441772461,0,99.64653015136719
800.97,0.4113264047923255,0.13716153612632645,0.20842105263157892,0.02564102564102587,17.940311457,3.848043441772461,0,99.64653015136719
800.97,0.4113264047923255,0.13716153612632645,0.20842105263157892,0.02564102564102587,17.940311457,3.848043441772461,0,99.64653015136719
800.97,0.4113264047923255,0.13716153612632645,0.20842105263157892,0.02564102564102587,17.940311457,3.848043441772461,0,99.64653015136719
800.97,0.41778767500610137,0.14007985814136467,0.21999999999999997,-0.02564102564102541,17.940311457,3.848043441772461,0,99.64653015136719
800.97,0.41778767500610137,0.14007985814136467,0.21999999999999997,-0.02564102564102541,17.936160394,3.848043441772461,0,99.64653015136719
800.97,0.41778767500610137,0.14007985814136467,0.21999999999999997,-0.02564102564102541,17.936160394,3.848043441772461,0,99.64653015136719
800.97,0.41778767500610137,0.14007985814136467,0.21999999999999997,-0.02564102564102541,17.936160394,3.848043441772461,0,99.64653015136719
800.97,0.424242118019135,0.14300504093141758,0.21999999999999997,-0.02564102564102541,18.038910555,3.848043441772461,0,99.64653015136719
800.97,0.424242118019135,0.14300504093141758,0.21999999999999997,-0.02564102564102541,18.038910555,3.848043441772461,0,99.64653015136719
800.97,0.424242118019135,0.14300504093141758,0.21999999999999997,-0.02564102564102541,18.038910555,3.848043441772461,0,99.64653015136719
801.07,0.424242118019135,0.14300504093141758,0.21999999999999997,-0.02564102564102541,18.038910555,3.848043441772461,0,99.64653015136719
801.07,0.43105646557945315,0.14610442919096572,0.21999999999999997,-0.02564102564102541,18.028978734,3.848043441772461,0,99.54490661621094
801.07,0.43105646557945315,0.14610442919096572,0.21999999999999997,-0.02564102564102541,18.028978734,3.848043441772461,0,99.54490661621094
801.07,0.43105646557945315,0.14610442919096572,0.21999999999999997,-0.02564102564102541,18.028978734,3.848043441772461,0,99.54490661621094
801.07,0.43105646557945315,0.14610442919096572,0.21999999999999997,0.12820512820512842,18.028978734,3.848043441772461,0,99.54490661621094
801.07,0.43786327672570685,0.14920137193589578,0.21999999999999997,0.12820512820512842,18.028978734,3.848043441772461,0,99.54490661621094
801.07,0.43786327672570685,0.14920137193589578,0.21999999999999997,0.12820512820512842,17.917457551,3.848043441772461,0,99.54490661621094
801.07,0.43786327672570685,0.14920137193589578,0.21999999999999997,0.12820512820512842,17.917457551,3.848043441772461,0,99.54490661621094
801.07,0.43786327672570685,0.14920137193589578,0.21999999999999997,0.12820512820512842,17.917457551,3.848043441772461,0,99.54490661621094
801.07,0.43786327672570685,0.14920137193589578,0.21999999999999997,0.12820512820512842,17.917457551,3.848043441772461,0,99.54490661621094
801.07,0.43786327672570685,0.14920137193589578,0.21999999999999997,0.12820512820512842,17.917457551,3.848043441772461,0,99.54490661621094
801.07,0.44467686932455036,0.15228978352491035,0.21999999999999997,0.12820512820512842,17.573541955,3.7980432510375977,0,99.54490661621094
801.07,0.44467686932455036,0.15228978352491035,0.21999999999999997,0.12820512820512842,17.573541955,3.7980432510375977,0,99.54490661621094
801.1700000000001,0.44467686932455036,0.15228978352491035,0.21999999999999997,0.12820512820512842,17.573541955,3.7980432510375977,0,99.54490661621094
801.1700000000001,0.4514773705332637,0.15537222458482622,0.21999999999999997,0.07692307692307715,17.573541955,3.7980432510375977,0,99.54490661621094
801.1700000000001,0.4514773705332637,0.15537222458482622,0.21999999999999997,0.07692307692307715,17.580081271,3.7980432510375977,0,99.54490661621094
801.1700000000001,0.4514773705332637,0.15537222458482622,0.21999999999999997,0.07692307692307715,17.580081271,3.7980432510375977,0,99.54490661621094
801.1700000000001,0.4514773705332637,0.15537222458482622,0.21999999999999997,0.07692307692307715,17.580081271,3.7980432510375977,0,99.54490661621094
801.1700000000001,0.4582625597706908,0.15848381923996793,0.21999999999999997,0.07692307692307715,17.581845932,3.7980432510375977,0,99.54490661621094
801.1700000000001,0.4582625597706908,0.15848381923996793,0.21999999999999997,0.07692307692307715,17.581845932,3.7980432510375977,0,99.54490661621094
801.1700000000001,0.4582625597706908,0.15848381923996793,0.21999999999999997,0.07692307692307715,17.581845932,3.7980432510375977,0,99.54490661621094
801.1700000000001,0.4582625597706908,0.15848381923996793,0.21999999999999997,0.07692307692307715,17.581845932,3.7980432510375977,0,99.54490661621094
801.1700000000001,0.4650273991634115,0.16164052061534423,0.21999999999999997,0.07692307692307715,17.591553822,3.7980432510375977,0,99.54490661621094
801.1700000000001,0.4650273991634115,0.16164052061534423,0.21999999999999997,0.07692307692307715,17.591553822,3.7980432510375977,0,99.54490661621094
801.2700000000001,0.4650273991634115,0.16164052061534423,0.21999999999999997,0.07692307692307715,17.591553822,3.7980432510375977,0,99.54490661621094
801.2700000000001,0.4650273991634115,0.16164052061534423,0.21999999999999997,0.07692307692307715,17.591553822,3.7980432510375977,0,99.54490661621094
801.2700000000001,0.47177824436968674,0.16483531996119233,0.21999999999999997,0.07692307692307715,17.494611921,3.7980432510375977,0,99.54490661621094
801.2700000000001,0.47177824436968674,0.16483531996119233,0.21999999999999997,0.07692307692307715,17.494611921,3.7980432510375977,0,99.54490661621094
801.2700000000001,0.47852518893241425,0.16804798327397805,0.21999999999999997,0.07692307692307715,17.494611921,3.7980432510375977,0,99.54490661621094
801.2700000000001,0.47852518893241425,0.16804798327397805,0.21999999999999997,0.07692307692307715,17.494611921,3.7980432510375977,0,99.54490661621094
801.2700000000001,0.47852518893241425,0.16804798327397805,0.21999999999999997,0.07692307692307715,17.395555955,3.7980432510375977,0,99.54490661621094
801.2700000000001,0.47852518893241425,0.16804798327397805,0.21999999999999997,0.07692307692307715,17.395555955,3.7980432510375977,0,99.54490661621094
801.2700000000001,0.47852518893241425,0.16804798327397805,0.21999999999999997,0.07692307692307715,17.395555955,3.7980432510375977,0,99.54490661621094
801.2700000000001,0.47852518893241425,0.16804798327397805,0.20842105263157892,0.17948717948717968,17.395555955,3.7980432510375977,0,99.54490661621094
801.2700000000001,0.4852733839952665,0.17126328627325252,0.20842105263157892,0.17948717948717968,17.395555955,3.7980432510375977,0,99.54490661621094
801.2700000000001,0.4852733839952665,0.17126328627325252,0.20842105263157892,0.17948717948717968,17.372021837,3.8144900798797607,0,99.54490661621094
801.37,0.4852733839952665,0.17126328627325252,0.20842105263157892,0.17948717948717968,17.372021837,3.8144900798797607,0,99.54490661621094
801.37,0.49166920333026803,0.1743170541278151,0.20842105263157892,0.17948717948717968,17.477883648,3.8144900798797607,0,99.54490661621094
801.37,0.49166920333026803,0.1743170541278151,0.20842105263157892,0.17948717948717968,17.477883648,3.8144900798797607,0,99.54490661621094
801.37,0.49166920333026803,0.1743170541278151,0.20842105263157892,0.17948717948717968,17.477883648,3.8144900798797607,0,99.54490661621094
801.37,0.49166920333026803,0.1743170541278151,0.20842105263157892,0.17948717948717968,17.477883648,3.8144900798797607,0,99.54490661621094
801.37,0.49166920333026803,0.1743170541278151,0.20842105263157892,0.01948717948717968,17.477883648,3.8144900798797607,0,99.54490661621094
801.37,0.4980386996178771,0.17739505857321985,0.20842105263157892,0.01948717948717968,17.355708455,3.7644901275634766,0,99.54490661621094
801.37,0.4980386996178771,0.17739505857321985,0.20842105263157892,0.01948717948717968,17.355708455,3.7644901275634766,0,99.54490661621094
801.37,0.5043880466734721,0.1805329038339181,0.20842105263157892,0.01948717948717968,17.355708455,3.7644901275634766,0,99.54490661621094
801.37,0.5043880466734721,0.1805329038339181,0.20842105263157892,0.01948717948717968,17.355708455,3.7644901275634766,0,99.54490661621094
801.37,0.5043880466734721,0.1805329038339181,0.20842105263157892,0.0,17.355708455,3.7644901275634766,0,99.54490661621094
801.37,0.5043880466734721,0.1805329038339181,0.20842105263157892,0.0,17.461858031,3.7644901275634766,0,99.54490661621094
801.37,0.5043880466734721,0.1805329038339181,0.20842105263157892,0.0,17.461858031,3.7644901275634766,0,99.54490661621094
801.47,0.5043880466734721,0.1805329038339181,0.20842105263157892,0.0,17.461858031,3.7644901275634766,0,99.54490661621094
801.47,0.5043880466734721,0.1805329038339181,0.20842105263157892,0.0,17.461858031,3.7644901275634766,0,99.54490661621094
801.47,0.5043880466734721,0.1805329038339181,0.21999999999999997,0.12820512820512842,17.461858031,3.7644901275634766,0,99.54490661621094
801.47,0.5107093890137185,0.18372192188878855,0.21999999999999997,0.12820512820512842,17.557930634,3.7644901275634766,0,99.54490661621094
801.47,0.5107093890137185,0.18372192188878855,0.21999999999999997,0.12820512820512842,17.557930634,3.7644901275634766,0,99.54490661621094
801.47,0.5107093890137185,0.18372192188878855,0.21999999999999997,0.12820512820512842,17.557930634,3.7644901275634766,0,99.54490661621094
801.47,0.5107093890137185,0.18372192188878855,0.21999999999999997,0.12820512820512842,17.557930634,3.7644901275634766,0,99.54490661621094
801.47,0.5107093890137185,0.18372192188878855,0.21999999999999997,0.12820512820512842,17.557930634,3.7644901275634766,0,99.54490661621094
801.47,0.5173811367071818,0.1871131972586002,0.21999999999999997,0.12820512820512842,17.557930634,3.7644901275634766,0,99.54490661621094
801.47,0.5173811367071818,0.1871131972586002,0.21999999999999997,0.12820512820512842,17.550903449,3.7644901275634766,0,99.54490661621094
801.47,0.5173811367071818,0.1871131972586002,0.21999999999999997,0.12820512820512842,17.550903449,3.7644901275634766,0,99.54490661621094
801.47,0.5173811367071818,0.1871131972586002,0.21999999999999997,0.12820512820512842,17.550903449,3.7644901275634766,0,99.54490661621094
801.47,0.5240526624326436,0.19049788046409827,0.21999999999999997,0.07692307692307715,17.54772104,3.7644901275634766,0,99.54490661621094
801.47,0.5240526624326436,0.19049788046409827,0.21999999999999997,0.07692307692307715,17.54772104,3.7644901275634766,0,99.54490661621094
801.57,0.5240526624326436,0.19049788046409827,0.21999999999999997,0.07692307692307715,17.54772104,3.7644901275634766,0,99.43437957763672
801.57,0.5307202615380008,0.1938842791229553,0.21999999999999997,0.07692307692307715,17.54772104,3.7644901275634766,0,99.43437957763672
801.57,0.5307202615380008,0.1938842791229553,0.21999999999999997,0.07692307692307715,17.54772104,3.7644901275634766,0,99.43437957763672
801.57,0.5307202615380008,0.1938842791229553,0.21999999999999997,0.07692307692307715,17.54772104,3.7644901275634766,0,99.43437957763672
801.57,0.5307202615380008,0.1938842791229553,0.21999999999999997,0.07692307692307715,17.546986948,3.7644901275634766,0,99.43437957763672
801.57,0.5307202615380008,0.1938842791229553,0.21999999999999997,0.07692307692307715,17.546986948,3.7644901275634766,0,99.43437957763672
801.57,0.5307202615380008,0.1938842791229553,0.21999999999999997,0.02564102564102587,17.546986948,3.7644901275634766,0,99.43437957763672
801.57,0.5373715727602436,0.197298622186709,0.21999999999999997,0.02564102564102587,17.546986948,3.7644901275634766,0,99.43437957763672
801.57,0.5373715727602436,0.197298622186709,0.21999999999999997,0.02564102564102587,17.546986948,3.7644901275634766,0,99.43437957763672
801.57,0.5373715727602436,0.197298622186709,0.21999999999999997,0.02564102564102587,17.546829908,3.7644901275634766,0,99.43437957763672
801.57,0.5373715727602436,0.197298622186709,0.21999999999999997,0.02564102564102587,17.546829908,3.7644901275634766,0,99.43437957763672
801.57,0.5373715727602436,0.197298622186709,0.21999999999999997,0.02564102564102587,17.546829908,3.7644901275634766,0,99.43437957763672
801.57,0.5440026286892117,0.20075620494436358,0.21999999999999997,0.02564102564102587,17.545408038,3.7644901275634766,0,99.43437957763672
801.57,0.5440026286892117,0.20075620494436358,0.21999999999999997,0.02564102564102587,17.312369722,3.7144899368286133,0,99.43437957763672
801.6700000000001,0.5440026286892117,0.20075620494436358,0.21999999999999997,0.02564102564102587,17.312369722,3.7144899368286133,0,99.43437957763672
801.6700000000001,0.5440026286892117,0.20075620494436358,0.21999999999999997,0.02564102564102587,17.312369722,3.7144899368286133,0,99.43437957763672
801.6700000000001,0.551463295908404,0.20350696523700906,0.21999999999999997,0.02564102564102587,17.209564952,3.7144899368286133,0,99.43437957763672
801.6700000000001,0.551463295908404,0.20350696523700906,0.21999999999999997,0.02564102564102587,17.209564952,3.7144899368286133,0,99.43437957763672
801.6700000000001,0.551463295908404,0.20350696523700906,0.21999999999999997,0.02564102564102587,17.209564952,3.7144899368286133,0,99.43437957763672
801.6700000000001,0.5598722425345674,0.20543088302069792,0.21999999999999997,0.17948717948717968,17.100582878,3.7144899368286133,0,99.43437957763672
801.6700000000001,0.5598722425345674,0.20543088302069792,0.21999999999999997,0.17948717948717968,17.100582878,3.7144899368286133,0,99.43437957763672
801.6700000000001,0.5598722425345674,0.20543088302069792,0.21999999999999997,0.17948717948717968,17.100582878,3.7144899368286133,0,99.43437957763672
801.6700000000001,0.5598722425345674,0.20543088302069792,0.21999999999999997,0.17948717948717968,17.100582878,3.7144899368286133,0,99.43437957763672
801.6700000000001,0.5598722425345674,0.20543088302069792,0.21999999999999997,0.17948717948717968,17.100582878,3.7144899368286133,0,99.43437957763672
801.6700000000001,0.5598722425345674,0.20543088302069792,0.21999999999999997,0.17948717948717968,17.100582878,3.7144899368286133,0,99.43437957763672
801.6700000000001,0.5682879203607138,0.20734171809121607,0.21999999999999997,0.17948717948717968,17.100582878,3.7144899368286133,0,99.43437957763672
801.6700000000001,0.5682879203607138,0.20734171809121607,0.21999999999999997,0.17948717948717968,16.998479723,3.7144899368286133,0,99.43437957763672
801.7700000000001,0.5682879203607138,0.20734171809121607,0.21999999999999997,0.17948717948717968,16.998479723,3.7144899368286133,0,99.43437957763672
801.7700000000001,0.5766816347287373,0.2092623729093301,0.20842105263157892,0.17948717948717968,16.998479723,3.7144899368286133,0,99.43437957763672
801.7700000000001,0.5766816347287373,0.2092623729093301,0.20842105263157892,0.17948717948717968,16.901204389,3.7144899368286133,0,99.43437957763672
801.7700000000001,0.5766816347287373,0.2092623729093301,0.20842105263157892,0.17948717948717968,16.901204389,3.7144899368286133,0,99.43437957763672
801.7700000000001,0.5766816347287373,0.2092623729093301,0.20842105263157892,0.17948717948717968,16.901204389,3.7144899368286133,0,99.43437957763672
801.7700000000001,0.5846886062981239,0.21106403139333346,0.20842105263157892,0.17948717948717968,17.003338378,3.7144899368286133,0,99.43437957763672
801.7700000000001,0.5846886062981239,0.21106403139333346,0.20842105263157892,0.17948717948717968,17.003338378,3.7144899368286133,0,99.43437957763672
801.7700000000001,0.5846886062981239,0.21106403139333346,0.20842105263157892,0.17948717948717968,17.003338378,3.7144899368286133,0,99.43437957763672
801.7700000000001,0.592634952187936,0.212954210096763,0.20842105263157892,0.17948717948717968,17.003338378,3.7144899368286133,0,99.43437957763672
801.7700000000001,0.592634952187936,0.212954210096763,0.20842105263157892,0.17948717948717968,16.875431422,3.664489984512329,0,99.43437957763672
801.87,0.592634952187936,0.212954210096763,0.20842105263157892,0.17948717948717968,16.875431422,3.664489984512329,0,99.43437957763672
801.87,0.592634952187936,0.212954210096763,0.19684210526315787,0.12820512820512842,16.875431422,3.664489984512329,0,99.43437957763672
801.87,0.592634952187936,0.212954210096763,0.19684210526315787,0.12820512820512842,16.875431422,3.664489984512329,0,99.43437957763672
801.87,0.5996437872626481,0.21571453080069425,0.19684210526315787,0.12820512820512842,16.974258469,3.664489984512329,0,99.43437957763672
801.87,0.5996437872626481,0.21571453080069425,0.19684210526315787,0.12820512820512842,16.974258469,3.664489984512329,0,99.43437957763672
801.87,0.5996437872626481,0.21571453080069425,0.19684210526315787,0.12820512820512842,16.974258469,3.664489984512329,0,99.43437957763672
801.87,0.60540753885178,0.21910297375308277,0.19684210526315787,0.12820512820512842,17.173689465,3.664489984512329,0,99.43437957763672
801.87,0.60540753885178,0.21910297375308277,0.19684210526315787,0.12820512820512842,17.173689465,3.664489984512329,0,99.43437957763672
801.87,0.60540753885178,0.21910297375308277,0.19684210526315787,0.12820512820512842,17.173689465,3.664489984512329,0,99.43437957763672
801.87,0.60540753885178,0.21910297375308277,0.19684210526315787,0.12820512820512842,17.173689465,3.664489984512329,0,99.43437957763672
801.87,0.611172336820061,0.22249431186463758,0.19684210526315787,0.12820512820512842,17.378378797,3.664489984512329,0,99.43437957763672
801.87,0.611172336820061,0.22249431186463758,0.21999999999999997,0.02564102564102587,17.378378797,3.664489984512329,0,99.43437957763672
801.97,0.611172336820061,0.22249431186463758,0.21999999999999997,0.02564102564102587,17.378378797,3.664489984512329,0,99.43437957763672
801.97,0.611172336820061,0.22249431186463758,0.21999999999999997,0.02564102564102587,17.378378797,3.664489984512329,0,99.43437957763672
801.97,0.6169455737998949,0.22587094921501394,0.21999999999999997,0.02564102564102587,17.59467808,3.664489984512329,0,99.43437957763672
801.97,0.6169455737998949,0.22587094921501394,0.21999999999999997,0.02564102564102587,17.59467808,3.664489984512329,0,99.43437957763672
801.97,0.6169455737998949,0.22587094921501394,0.21999999999999997,0.02564102564102587,17.59467808,3.664489984512329,0,99.43437957763672
801.97,0.6169455737998949,0.22587094921501394,0.21999999999999997,0.02564102564102587,17.59467808,3.664489984512329,0,99.43437957763672
801.97,0.6233860895298187,0.22965126331382113,0.21999999999999997,0.02564102564102587,17.59467808,3.664489984512329,0,99.43437957763672
801.97,0.6233860895298187,0.22965126331382113,0.21999999999999997,0.02564102564102587,17.59467808,3.664489984512329,0,99.43437957763672
801.97,0.6233860895298187,0.22965126331382113,0.21999999999999997,0.02564102564102587,17.601339626,3.664489984512329,0,99.43437957763672
801.97,0.6233860895298187,0.22965126331382113,0.21999999999999997,0.02564102564102587,17.601339626,3.664489984512329,0,99.43437957763672
801.97,0.6298106776648139,0.2334606276412991,0.21999999999999997,-0.02564102564102541,17.605410813,3.664489984512329,0,99.43437957763672
802.07,0.6298106776648139,0.2334606276412991,0.21999999999999997,-0.02564102564102541,17.605410813,3.664489984512329,0,99.32022857666016
802.07,0.6298106776648139,0.2334606276412991,0.21999999999999997,-0.02564102564102541,17.605410813,3.664489984512329,0,99.32022857666016
802.07,0.6298106776648139,0.2334606276412991,0.21999999999999997,-0.02564102564102541,17.605410813,3.664489984512329,0,99.32022857666016
802.07,0.6362230141879223,0.23730015621350095,0.21999999999999997,-0.02564102564102541,17.604104441,3.664489984512329,0,99.32022857666016
802.07,0.6362230141879223,0.23730015621350095,0.21999999999999997,-0.02564102564102541,17.604104441,3.664489984512329,0,99.32022857666016
802.07,0.6362230141879223,0.23730015621350095,0.21999999999999997,-0.02564102564102541,17.604104441,3.664489984512329,0,99.32022857666016
802.07,0.6362230141879223,0.23730015621350095,0.21999999999999997,-0.02564102564102541,17.604104441,3.664489984512329,0,99.32022857666016
802.07,0.6362230141879223,0.23730015621350095,0.21999999999999997,-0.02564102564102541,17.604104441,3.664489984512329,0,99.32022857666016
802.07,0.6362230141879223,0.23730015621350095,0.21999999999999997,-0.02564102564102541,17.604104441,3.664489984512329,0,99.32022857666016
802.07,0.6362230141879223,0.23730015621350095,0.21999999999999997,0.1343589743589746,17.604104441,3.664489984512329,0,99.32022857666016
802.07,0.6426377154833545,0.2411468544044825,0.21999999999999997,0.1343589743589746,17.141647705,3.590883255004883,0,99.32022857666016
802.07,0.6426377154833545,0.2411468544044825,0.21999999999999997,0.1343589743589746,17.141647705,3.590883255004883,0,99.32022857666016
802.07,0.6426377154833545,0.2411468544044825,0.21999999999999997,0.1343589743589746,17.141647705,3.590883255004883,0,99.32022857666016
802.07,0.6426377154833545,0.2411468544044825,0.21999999999999997,0.23076923076923095,17.141647705,3.590883255004883,0,99.32022857666016
802.07,0.6490612774461416,0.24497532729445512,0.21999999999999997,0.23076923076923095,17.141647705,3.590883255004883,0,99.32022857666016
802.1700000000001,0.6490612774461416,0.24497532729445512,0.21999999999999997,0.23076923076923095,17.229752373,3.6319758892059326,0,99.32022857666016
802.1700000000001,0.6490612774461416,0.24497532729445512,0.21999999999999997,0.23076923076923095,17.229752373,3.6319758892059326,0,99.32022857666016
802.1700000000001,0.6490612774461416,0.24497532729445512,0.21999999999999997,0.23076923076923095,17.229752373,3.6319758892059326,0,99.32022857666016
802.1700000000001,0.6490612774461416,0.24497532729445512,0.21999999999999997,0.07692307692307715,17.229752373,3.6319758892059326,0,99.32022857666016
802.1700000000001,0.6490612774461416,0.24497532729445512,0.21999999999999997,0.07692307692307715,17.229752373,3.6319758892059326,0,99.32022857666016
802.1700000000001,0.6554822377470907,0.24879683300038002,0.21999999999999997,0.07692307692307715,17.127777812,3.6319758892059326,0,99.32022857666016
802.1700000000001,0.6554822377470907,0.24879683300038002,0.21999999999999997,0.07692307692307715,17.127777812,3.6319758892059326,0,99.32022857666016
802.1700000000001,0.6554822377470907,0.24879683300038002,0.21999999999999997,0.07692307692307715,17.127777812,3.6319758892059326,0,99.32022857666016
802.1700000000001,0.6554822377470907,0.24879683300038002,0.21999999999999997,0.07692307692307715,17.127777812,3.6319758892059326,0,99.32022857666016
802.1700000000001,0.6618761614676026,0.2526574974568186,0.21999999999999997,0.07692307692307715,16.695319046,3.5819759368896484,0,99.32022857666016
802.1700000000001,0.6618761614676026,0.2526574974568186,0.21999999999999997,0.07692307692307715,16.695319046,3.5819759368896484,0,99.32022857666016
802.1700000000001,0.6618761614676026,0.2526574974568186,0.21999999999999997,0.07692307692307715,16.695319046,3.5819759368896484,0,99.32022857666016
802.1700000000001,0.6618761614676026,0.2526574974568186,0.21999999999999997,0.07692307692307715,16.695319046,3.5819759368896484,0,99.32022857666016
802.1700000000001,0.6618761614676026,0.2526574974568186,0.21999999999999997,0.07692307692307715,16.695319046,3.5819759368896484,0,99.32022857666016
802.2700000000001,0.6682295829898223,0.25658494966531786,0.21999999999999997,0.17948717948717968,16.695319046,3.5819759368896484,0,99.32022857666016
802.2700000000001,0.6682295829898223,0.25658494966531786,0.21999999999999997,0.17948717948717968,16.50245136,3.5819759368896484,0,99.32022857666016
802.2700000000001,0.6682295829898223,0.25658494966531786,0.21999999999999997,0.17948717948717968,16.50245136,3.5819759368896484,0,99.32022857666016
802.2700000000001,0.6745540778747142,0.26056387287201815,0.21999999999999997,0.17948717948717968,16.50245136,3.5819759368896484,0,99.32022857666016
802.2700000000001,0.6745540778747142,0.26056387287201815,0.21999999999999997,0.17948717948717968,16.308403209,3.5819759368896484,0,99.32022857666016
802.2700000000001,0.6745540778747142,0.26056387287201815,0.21999999999999997,0.17948717948717968,16.308403209,3.5819759368896484,0,99.32022857666016
802.2700000000001,0.6745540778747142,0.26056387287201815,0.21999999999999997,0.17948717948717968,16.308403209,3.5819759368896484,0,99.32022857666016
802.2700000000001,0.680868667261755,0.2645679708846967,0.21999999999999997,0.17948717948717968,16.308403209,3.5819759368896484,0,99.32022857666016
802.2700000000001,0.680868667261755,0.2645679708846967,0.21999999999999997,0.17948717948717968,16.306990937,3.5819759368896484,0,99.32022857666016
802.2700000000001,0.680868667261755,0.2645679708846967,0.19684210526315787,0.12820512820512842,16.306990937,3.5819759368896484,0,99.32022857666016
802.37,0.6871757370382651,0.26858601033483437,0.19684210526315787,0.12820512820512842,16.305719572,3.5819759368896484,0,99.32022857666016
802.37,0.6871757370382651,0.26858601033483437,0.19684210526315787,0.12820512820512842,16.305719572,3.5819759368896484,0,99.32022857666016
802.37,0.6871757370382651,0.26858601033483437,0.19684210526315787,0.12820512820512842,16.305719572,3.5819759368896484,0,99.32022857666016
802.37,0.6871757370382651,0.26858601033483437,0.19684210526315787,0.12820512820512842,16.305719572,3.5819759368896484,0,99.32022857666016
802.37,0.6928075721294359,0.27220327358342306,0.19684210526315787,0.12820512820512842,16.49744436,3.5819759368896484,0,99.32022857666016
802.37,0.6928075721294359,0.27220327358342306,0.19684210526315787,0.12820512820512842,16.49744436,3.5819759368896484,0,99.32022857666016
802.37,0.6928075721294359,0.27220327358342306,0.19684210526315787,0.12820512820512842,16.49744436,3.5819759368896484,0,99.32022857666016
802.37,0.6984097775099449,0.27585291381975724,0.19684210526315787,0.12820512820512842,16.697566367,3.5819759368896484,0,99.32022857666016
802.37,0.6984097775099449,0.27585291381975724,0.19684210526315787,0.12820512820512842,16.697566367,3.5819759368896484,0,99.32022857666016
802.37,0.6984097775099449,0.27585291381975724,0.20842105263157892,0.0,16.697566367,3.5819759368896484,0,99.32022857666016
802.37,0.6984097775099449,0.27585291381975724,0.20842105263157892,0.0,16.697566367,3.5819759368896484,0,99.32022857666016
802.47,0.7039877668402766,0.27954133963722083,0.20842105263157892,0.0,16.659163912,3.5319759845733643,0,99.32022857666016
802.47,0.7039877668402766,0.27954133963722083,0.20842105263157892,0.0,16.659163912,3.5319759845733643,0,99.32022857666016
802.47,0.7039877668402766,0.27954133963722083,0.20842105263157892,0.0,16.659163912,3.5319759845733643,0,99.32022857666016
802.47,0.7098774719347454,0.28347821811971297,0.20842105263157892,0.0,16.659163912,3.5319759845733643,0,99.32022857666016
802.47,0.7098774719347454,0.28347821811971297,0.20842105263157892,0.0,16.755236357,3.5319759845733643,0,99.32022857666016
802.47,0.7098774719347454,0.28347821811971297,0.20842105263157892,0.0,16.755236357,3.5319759845733643,0,99.32022857666016
802.47,0.7098774719347454,0.28347821811971297,0.20842105263157892,0.0,16.755236357,3.5319759845733643,0,99.32022857666016
802.47,0.7098774719347454,0.28347821811971297,0.20842105263157892,0.0,16.755236357,3.5319759845733643,0,99.32022857666016
802.47,0.7157643489544155,0.287425138147264,0.20842105263157892,0.0,16.851583896,3.5319759845733643,0,99.32022857666016
802.47,0.7157643489544155,0.287425138147264,0.20842105263157892,0.0,16.851583896,3.5319759845733643,0,99.32022857666016
802.47,0.7157643489544155,0.287425138147264,0.21999999999999997,0.07692307692307715,16.851583896,3.5319759845733643,0,99.32022857666016
802.57,0.7216638397590877,0.29135560951297645,0.21999999999999997,0.07692307692307715,16.950714578,3.5319759845733643,0,99.32022857666016
802.57,0.7216638397590877,0.29135560951297645,0.21999999999999997,0.07692307692307715,16.950714578,3.5319759845733643,0,99.21873474121094
802.57,0.7216638397590877,0.29135560951297645,0.21999999999999997,0.07692307692307715,16.950714578,3.5319759845733643,0,99.21873474121094
802.57,0.7216638397590877,0.29135560951297645,0.21999999999999997,0.07692307692307715,16.950714578,3.5319759845733643,0,99.21873474121094
802.57,0.7216638397590877,0.29135560951297645,0.21999999999999997,0.07692307692307715,16.950714578,3.5319759845733643,0,99.21873474121094
802.57,0.7216638397590877,0.29135560951297645,0.21999999999999997,0.07692307692307715,16.950714578,3.5319759845733643,0,99.21873474121094
802.57,0.7279000812465332,0.29547890740705435,0.21999999999999997,0.07692307692307715,16.948726476,3.5319759845733643,0,99.21873474121094
802.57,0.7279000812465332,0.29547890740705435,0.21999999999999997,0.07692307692307715,16.948726476,3.5319759845733643,0,99.21873474121094
802.57,0.7279000812465332,0.29547890740705435,0.21999999999999997,0.07692307692307715,16.948726476,3.5319759845733643,0,99.21873474121094
802.57,0.7341317541133288,0.29960133734094035,0.21999999999999997,0.07692307692307715,16.949670317,3.5319759845733643,0,99.21873474121094
802.57,0.7341317541133288,0.29960133734094035,0.21999999999999997,0.07692307692307715,16.949670317,3.5319759845733643,0,99.21873474121094
802.57,0.7341317541133288,0.29960133734094035,0.21999999999999997,0.07692307692307715,16.949670317,3.5319759845733643,0,99.21873474121094
802.57,0.7341317541133288,0.29960133734094035,0.21999999999999997,0.07692307692307715,16.949670317,3.5319759845733643,0,99.21873474121094
802.6700000000001,0.7403406103122468,0.3037483251135935,0.21999999999999997,0.07692307692307715,16.952000352,3.5319759845733643,0,99.21873474121094
802.6700000000001,0.7403406103122468,0.3037483251135935,0.21999999999999997,0.07692307692307715,16.952000352,3.5319759845733643,0,99.21873474121094
802.6700000000001,0.7403406103122468,0.3037483251135935,0.21999999999999997,0.07692307692307715,16.952000352,3.5319759845733643,0,99.21873474121094
802.6700000000001,0.7403406103122468,0.3037483251135935,0.21999999999999997,0.07692307692307715,16.952000352,3.5319759845733643,0,99.21873474121094
802.6700000000001,0.7403406103122468,0.3037483251135935,0.21999999999999997,0.02564102564102587,16.952000352,3.5319759845733643,0,99.21873474121094
802.6700000000001,0.7465219526842621,0.3079370288617707,0.21999999999999997,0.02564102564102587,16.510849381,3.48197603225708,0,99.21873474121094
802.6700000000001,0.7465219526842621,0.3079370288617707,0.21999999999999997,0.02564102564102587,16.510849381,3.48197603225708,0,99.21873474121094
802.6700000000001,0.7465219526842621,0.3079370288617707,0.21999999999999997,0.02564102564102587,16.510849381,3.48197603225708,0,99.21873474121094
802.6700000000001,0.7526865178039115,0.3121592724488502,0.21999999999999997,0.02564102564102587,16.510849381,3.48197603225708,0,99.21873474121094
802.6700000000001,0.7526865178039115,0.3121592724488502,0.21999999999999997,0.02564102564102587,16.309916166,3.48197603225708,0,99.21873474121094
802.6700000000001,0.7526865178039115,0.3121592724488502,0.21999999999999997,0.02564102564102587,16.309916166,3.48197603225708,0,99.21873474121094
802.6700000000001,0.7526865178039115,0.3121592724488502,0.21999999999999997,0.02564102564102587,16.309916166,3.48197603225708,0,99.21873474121094
802.7700000000001,0.7588509432220808,0.3163919858697223,0.21999999999999997,0.02564102564102587,16.309916166,3.48197603225708,0,99.21873474121094
802.7700000000001,0.7588509432220808,0.3163919858697223,0.21999999999999997,0.02564102564102587,16.11861393,3.48197603225708,0,99.21873474121094
802.7700000000001,0.7588509432220808,0.3163919858697223,0.21999999999999997,-0.07692307692307669,16.11861393,3.48197603225708,0,99.21873474121094
802.7700000000001,0.7588509432220808,0.3163919858697223,0.21999999999999997,-0.07692307692307669,16.11861393,3.48197603225708,0,99.21873474121094
802.7700000000001,0.7588509432220808,0.3163919858697223,0.21999999999999997,-0.07692307692307669,16.11861393,3.48197603225708,0,99.21873474121094
802.7700000000001,0.7650263191433574,0.32061469939644477,0.21999999999999997,-0.07692307692307669,16.024676491,3.48197603225708,0,99.21873474121094
802.7700000000001,0.7650263191433574,0.32061469939644477,0.21999999999999997,-0.07692307692307669,16.024676491,3.48197603225708,0,99.21873474121094
802.7700000000001,0.7650263191433574,0.32061469939644477,0.21999999999999997,-0.07692307692307669,16.024676491,3.48197603225708,0,99.21873474121094
802.7700000000001,0.7650263191433574,0.32061469939644477,0.21999999999999997,-0.07692307692307669,16.024676491,3.48197603225708,0,99.21873474121094
802.7700000000001,0.771213953500089,0.3248236848328821,0.21999999999999997,-0.07692307692307669,15.932165015,3.48197603225708,0,99.21873474121094
802.7700000000001,0.771213953500089,0.3248236848328821,0.21999999999999997,-0.07692307692307669,15.932165015,3.48197603225708,0,99.21873474121094
802.7700000000001,0.771213953500089,0.3248236848328821,0.21999999999999997,-0.07692307692307669,15.932165015,3.48197603225708,0,99.21873474121094
802.87,0.771213953500089,0.3248236848328821,0.20842105263157892,-0.02564102564102541,15.932165015,3.48197603225708,0,99.21873474121094
802.87,0.771213953500089,0.3248236848328821,0.20842105263157892,-0.02564102564102541,15.932165015,3.48197603225708,0,99.21873474121094
802.87,0.7774098236126936,0.3290215562935267,0.20842105263157892,-0.02564102564102541,15.840373318,3.48197603225708,0,99.21873474121094
802.87,0.7774098236126936,0.3290215562935267,0.20842105263157892,-0.02564102564102541,15.840373318,3.48197603225708,0,99.21873474121094
802.87,0.7774098236126936,0.3290215562935267,0.20842105263157892,-0.02564102564102541,15.840373318,3.48197603225708,0,99.21873474121094
802.87,0.7774098236126936,0.3290215562935267,0.20842105263157892,-0.02564102564102541,15.840373318,3.48197603225708,0,99.21873474121094
802.87,0.7832840892709115,0.332989985257594,0.20842105263157892,-0.02564102564102541,15.933256981,3.48197603225708,0,99.21873474121094
802.87,0.7832840892709115,0.332989985257594,0.20842105263157892,-0.02564102564102541,15.933256981,3.48197603225708,0,99.21873474121094
802.87,0.7832840892709115,0.332989985257594,0.20842105263157892,-0.02564102564102541,15.933256981,3.48197603225708,0,99.21873474121094
802.87,0.789153150799877,0.3369621561310723,0.20842105263157892,-0.02564102564102541,15.933256981,3.48197603225708,0,99.21873474121094
802.87,0.789153150799877,0.3369621561310723,0.20842105263157892,-0.02564102564102541,16.024280699,3.48197603225708,0,99.21873474121094
802.87,0.789153150799877,0.3369621561310723,0.19684210526315787,-0.02564102564102541,16.024280699,3.48197603225708,0,99.21873474121094
802.87,0.789153150799877,0.3369621561310723,0.19684210526315787,-0.02564102564102541,16.024280699,3.48197603225708,0,99.21873474121094
802.97,0.789153150799877,0.3369621561310723,0.19684210526315787,-0.02564102564102541,16.024280699,3.48197603225708,0,99.21873474121094
802.97,0.7950105406102402,0.3409519897900671,0.19684210526315787,-0.02564102564102541,15.774762951,3.4083690643310547,0,99.21873474121094
802.97,0.7950105406102402,0.3409519897900671,0.19684210526315787,-0.02564102564102541,15.774762951,3.4083690643310547,0,99.21873474121094
802.97,0.7950105406102402,0.3409519897900671,0.19684210526315787,-0.02564102564102541,15.774762951,3.4083690643310547,0,99.21873474121094
802.97,0.7950105406102402,0.3409519897900671,0.19684210526315787,-0.02564102564102541,15.774762951,3.4083690643310547,0,99.21873474121094
802.97,0.8005390222796475,0.3447339767036773,0.19684210526315787,-0.02564102564102541,15.956075816,3.4083690643310547,0,99.21873474121094
802.97,0.8005390222796475,0.3447339767036773,0.19684210526315787,-0.02564102564102541,15.956075816,3.4083690643310547,0,99.21873474121094
802.97,0.8005390222796475,0.3447339767036773,0.19684210526315787,-0.02564102564102541,15.956075816,3.4083690643310547,0,99.21873474121094
802.97,0.8060709072054282,0.34851218800961065,0.21999999999999997,0.0,15.948921417,3.4068408012390137,0,99.21873474121094
802.97,0.8060709072054282,0.34851218800961065,0.21999999999999997,0.0,16.138808827,3.4068408012390137,0,99.21873474121094
803.07,0.8060709072054282,0.34851218800961065,0.21999999999999997,0.0,16.138808827,3.4068408012390137,0,99.21873474121094
803.07,0.8060709072054282,0.34851218800961065,0.21999999999999997,0.0,16.138808827,3.4068408012390137,0,99.10971069335938
803.07,0.8122649300692504,0.3527121701130149,0.21999999999999997,0.0,16.137997008,3.4068408012390137,0,99.10971069335938
803.07,0.8122649300692504,0.3527121701130149,0.21999999999999997,0.0,16.137997008,3.4068408012390137,0,99.10971069335938
803.07,0.8122649300692504,0.3527121701130149,0.21999999999999997,0.0,16.137997008,3.4068408012390137,0,99.10971069335938
803.07,0.8175780435346361,0.3564346234224516,0.21999999999999997,0.0,16.137997008,3.4068408012390137,0,99.10971069335938
803.07,0.8175780435346361,0.3564346234224516,0.21999999999999997,0.0,16.136554712,3.4068408012390137,0,99.10971069335938
803.07,0.8175780435346361,0.3564346234224516,0.21999999999999997,0.0,16.136554712,3.4068408012390137,0,99.10971069335938
803.07,0.8175780435346361,0.3564346234224516,0.20842105263157892,-0.07692307692307669,16.136554712,3.4068408012390137,0,99.10971069335938
803.07,0.8227773417629798,0.36007945113204953,0.20842105263157892,-0.07692307692307669,16.136621145,3.4068408012390137,0,99.10971069335938
803.07,0.8227773417629798,0.36007945113204953,0.20842105263157892,-0.07692307692307669,16.136621145,3.4068408012390137,0,99.10971069335938
803.07,0.8227773417629798,0.36007945113204953,0.20842105263157892,-0.07692307692307669,16.136621145,3.4068408012390137,0,99.10971069335938
803.1700000000001,0.8227773417629798,0.36007945113204953,0.20842105263157892,-0.07692307692307669,16.136621145,3.4068408012390137,0,99.10971069335938
803.1700000000001,0.8276511056107875,0.36350180489253564,0.20842105263157892,-0.07692307692307669,16.234430225,3.4068408012390137,0,99.10971069335938
803.1700000000001,0.8276511056107875,0.36350180489253564,0.20842105263157892,-0.07692307692307669,16.234430225,3.4068408012390137,0,99.10971069335938
803.1700000000001,0.8276511056107875,0.36350180489253564,0.20842105263157892,-0.07692307692307669,16.234430225,3.4068408012390137,0,99.10971069335938
803.1700000000001,0.8276511056107875,0.36350180489253564,0.20842105263157892,-0.07692307692307669,16.234430225,3.4068408012390137,0,99.10971069335938
803.1700000000001,0.8325305406133203,0.3669169435473414,0.19684210526315787,-0.12820512820512797,16.233608581,3.4068408012390137,0,99.10971069335938
803.1700000000001,0.8325305406133203,0.3669169435473414,0.19684210526315787,-0.12820512820512797,16.233608581,3.4068408012390137,0,99.10971069335938
803.1700000000001,0.8325305406133203,0.3669169435473414,0.19684210526315787,-0.12820512820512797,16.233608581,3.4068408012390137,0,99.10971069335938
803.1700000000001,0.8325305406133203,0.3669169435473414,0.19684210526315787,-0.12820512820512797,16.233608581,3.4068408012390137,0,99.10971069335938
803.1700000000001,0.837429253861859,0.37030648682671075,0.19684210526315787,-0.12820512820512797,16.231435153,3.4068408012390137,0,99.10971069335938
803.1700000000001,0.837429253861859,0.37030648682671075,0.19684210526315787,-0.12820512820512797,16.231435153,3.4068408012390137,0,99.10971069335938
803.2700000000001,0.837429253861859,0.37030648682671075,0.19684210526315787,-0.12820512820512797,16.231435153,3.4068408012390137,0,99.10971069335938
803.2700000000001,0.837429253861859,0.37030648682671075,0.19684210526315787,-0.12820512820512797,16.231435153,3.4068408012390137,0,99.10971069335938
803.2700000000001,0.8420292202558454,0.3734402194162849,0.19684210526315787,-0.12820512820512797,16.331851185,3.4068408012390137,0,99.10971069335938
803.2700000000001,0.8420292202558454,0.3734402194162849,0.19684210526315787,-0.12820512820512797,16.331851185,3.4068408012390137,0,99.10971069335938
803.2700000000001,0.8420292202558454,0.3734402194162849,0.21999999999999997,-0.07692307692307669,16.331851185,3.4068408012390137,0,99.10971069335938
803.2700000000001,0.8420292202558454,0.3734402194162849,0.21999999999999997,-0.07692307692307669,16.331851185,3.4068408012390137,0,99.10971069335938
803.2700000000001,0.8420292202558454,0.3734402194162849,0.21999999999999997,-0.07692307692307669,16.331851185,3.4068408012390137,0,99.10971069335938
803.2700000000001,0.8476464445566866,0.3770899287429262,0.21999999999999997,-0.07692307692307669,16.333613994,3.4068408012390137,0,99.10971069335938
803.2700000000001,0.8476464445566866,0.3770899287429262,0.21999999999999997,-0.07692307692307669,16.333613994,3.4068408012390137,0,99.10971069335938
803.2700000000001,0.8476464445566866,0.3770899287429262,0.21999999999999997,-0.07692307692307669,16.333613994,3.4068408012390137,0,99.10971069335938
803.2700000000001,0.8476464445566866,0.3770899287429262,0.21999999999999997,-0.07692307692307669,16.333613994,3.4068408012390137,0,99.10971069335938
803.2700000000001,0.8539404377001981,0.3811311620726205,0.21999999999999997,-0.07692307692307669,15.802808032,3.336130142211914,0,99.10971069335938
803.37,0.8539404377001981,0.3811311620726205,0.21999999999999997,-0.07692307692307669,15.802808032,3.336130142211914,0,99.10971069335938
803.37,0.8539404377001981,0.3811311620726205,0.21999999999999997,-0.07692307692307669,15.802808032,3.336130142211914,0,99.10971069335938
803.37,0.8539404377001981,0.3811311620726205,0.21999999999999997,-0.07692307692307669,15.802808032,3.336130142211914,0,99.10971069335938
803.37,0.8602477409833804,0.3851535418286904,0.21999999999999997,-0.07692307692307669,15.804467035,3.336130142211914,0,99.10971069335938
803.37,0.8602477409833804,0.3851535418286904,0.21999999999999997,-0.07692307692307669,15.804467035,3.336130142211914,0,99.10971069335938
803.37,0.8602477409833804,0.3851535418286904,0.21999999999999997,-0.07692307692307669,15.804467035,3.336130142211914,0,99.10971069335938
803.37,0.8665588143105349,0.3891688972007051,0.21999999999999997,-0.07692307692307669,15.804467035,3.336130142211914,0,99.10971069335938
803.37,0.8665588143105349,0.3891688972007051,0.21999999999999997,-0.07692307692307669,15.805800973,3.336130142211914,0,99.10971069335938
803.37,0.8665588143105349,0.3891688972007051,0.21999999999999997,-0.07692307692307669,15.805800973,3.336130142211914,0,99.10971069335938
803.37,0.8665588143105349,0.3891688972007051,0.21999999999999997,-0.07692307692307669,15.805800973,3.336130142211914,0,99.10971069335938
803.37,0.8728739935980668,0.39318059351800294,0.21999999999999997,-0.07692307692307669,15.805614681,3.336130142211914,0,99.10971069335938
803.37,0.8728739935980668,0.39318059351800294,0.21999999999999997,-0.07692307692307669,15.805614681,3.336130142211914,0,99.10971069335938
803.47,0.8728739935980668,0.39318059351800294,0.20842105263157892,-0.07692307692307669,15.805614681,3.336130142211914,0,99.10971069335938
803.47,0.8791990324928624,0.3971822121654214,0.20842105263157892,-0.07692307692307669,15.805614681,3.336130142211914,0,99.10971069335938
803.47,0.8791990324928624,0.3971822121654214,0.20842105263157892,-0.07692307692307669,15.710816368,3.336130142211914,0,99.10971069335938
803.47,0.8791990324928624,0.3971822121654214,0.20842105263157892,-0.07692307692307669,15.710816368,3.336130142211914,0,99.10971069335938
803.47,0.885207388616739,0.4009557236583065,0.20842105263157892,-0.07692307692307669,15.710816368,3.336130142211914,0,99.10971069335938
803.47,0.885207388616739,0.4009557236583065,0.20842105263157892,-0.07692307692307669,15.708839042,3.336130142211914,0,99.10971069335938
803.47,0.885207388616739,0.4009557236583065,0.20842105263157892,-0.07692307692307669,15.708839042,3.336130142211914,0,99.10971069335938
803.47,0.885207388616739,0.4009557236583065,0.20842105263157892,-0.07692307692307669,15.708839042,3.336130142211914,0,99.10971069335938
803.47,0.885207388616739,0.4009557236583065,0.20842105263157892,-0.07692307692307669,15.708839042,3.336130142211914,0,99.10971069335938
803.47,0.8912300486454325,0.404705534780174,0.20842105263157892,-0.07692307692307669,15.709686628,3.336130142211914,0,99.10971069335938
803.57,0.8912300486454325,0.404705534780174,0.20842105263157892,-0.07692307692307669,15.709686628,3.336130142211914,0,99.10971069335938
803.57,0.8912300486454325,0.404705534780174,0.21999999999999997,-0.12820512820512797,15.709686628,3.336130142211914,0,99.00768280029297
803.57,0.8912300486454325,0.404705534780174,0.21999999999999997,-0.12820512820512797,15.709686628,3.336130142211914,0,99.00768280029297
803.57,0.8972644835181478,0.40843477803997913,0.21999999999999997,-0.12820512820512797,15.612479871,3.336130142211914,0,99.00768280029297
803.57,0.8972644835181478,0.40843477803997913,0.21999999999999997,-0.12820512820512797,15.612479871,3.336130142211914,0,99.00768280029297
803.57,0.8972644835181478,0.40843477803997913,0.21999999999999997,-0.12820512820512797,15.612479871,3.336130142211914,0,99.00768280029297
803.57,0.8972644835181478,0.40843477803997913,0.21999999999999997,-0.12820512820512797,15.612479871,3.336130142211914,0,99.00768280029297
803.57,0.903641762560541,0.41235373707084605,0.21999999999999997,-0.12820512820512797,15.612479871,3.336130142211914,0,99.00768280029297
803.57,0.903641762560541,0.41235373707084605,0.21999999999999997,-0.12820512820512797,15.428508575,3.336130142211914,0,99.00768280029297
803.57,0.903641762560541,0.41235373707084605,0.21999999999999997,-0.12820512820512797,15.428508575,3.336130142211914,0,99.00768280029297
803.57,0.903641762560541,0.41235373707084605,0.21999999999999997,-0.17948717948717924,15.428508575,3.336130142211914,0,99.00768280029297
803.57,0.9100318399756832,0.4162576134950153,0.21999999999999997,-0.17948717948717924,15.428508575,3.336130142211914,0,99.00768280029297
803.57,0.9100318399756832,0.4162576134950153,0.21999999999999997,-0.17948717948717924,15.428529743,3.336130142211914,0,99.00768280029297
803.6700000000001,0.9100318399756832,0.4162576134950153,0.21999999999999997,-0.17948717948717924,15.428529743,3.336130142211914,0,99.00768280029297
803.6700000000001,0.9100318399756832,0.4162576134950153,0.21999999999999997,-0.17948717948717924,15.428529743,3.336130142211914,0,99.00768280029297
803.6700000000001,0.9164399014593586,0.4201364741668671,0.21999999999999997,-0.17948717948717924,15.097180193,3.2654194831848145,0,99.00768280029297
803.6700000000001,0.9164399014593586,0.4201364741668671,0.21999999999999997,-0.17948717948717924,15.097180193,3.2654194831848145,0,99.00768280029297
803.6700000000001,0.9164399014593586,0.4201364741668671,0.21999999999999997,-0.17948717948717924,15.097180193,3.2654194831848145,0,99.00768280029297
803.6700000000001,0.9228730725564284,0.42397507139091467,0.21999999999999997,-0.17948717948717924,15.093106198,3.2654194831848145,0,99.00768280029297
803.6700000000001,0.9228730725564284,0.42397507139091467,0.21999999999999997,-0.17948717948717924,15.093106198,3.2654194831848145,0,99.00768280029297
803.6700000000001,0.9228730725564284,0.42397507139091467,0.19684210526315787,-0.12820512820512797,15.093106198,3.2654194831848145,0,99.00768280029297
803.7700000000001,0.9293357499920446,0.42776447060898837,0.19684210526315787,-0.12820512820512797,15.092340161,3.2654194831848145,0,99.00768280029297
803.7700000000001,0.9293357499920446,0.42776447060898837,0.19684210526315787,-0.12820512820512797,15.092340161,3.2654194831848145,0,99.00768280029297
803.7700000000001,0.9293357499920446,0.42776447060898837,0.19684210526315787,-0.12820512820512797,15.092340161,3.2654194831848145,0,99.00768280029297
803.7700000000001,0.9351420574686002,0.43111175839388505,0.19684210526315787,-0.12820512820512797,15.092340161,3.2654194831848145,0,99.00768280029297
803.7700000000001,0.9351420574686002,0.43111175839388505,0.19684210526315787,-0.12820512820512797,15.274801674,3.2654194831848145,0,99.00768280029297
803.7700000000001,0.9351420574686002,0.43111175839388505,0.19684210526315787,-0.12820512820512797,15.274801674,3.2654194831848145,0,99.00768280029297
803.7700000000001,0.9351420574686002,0.43111175839388505,0.19684210526315787,-0.12820512820512797,15.274801674,3.2654194831848145,0,99.00768280029297
803.7700000000001,0.9351420574686002,0.43111175839388505,0.19684210526315787,-0.12820512820512797,15.274801674,3.2654194831848145,0,99.00768280029297
803.7700000000001,0.9351420574686002,0.43111175839388505,0.19684210526315787,-0.12820512820512797,15.274801674,3.2654194831848145,0,99.00768280029297
803.7700000000001,0.9409598500132366,0.4344309356367079,0.19684210526315787,-0.12820512820512797,15.368760749,3.2654194831848145,0,99.00768280029297
803.7700000000001,0.9409598500132366,0.4344309356367079,0.21999999999999997,-0.07692307692307669,15.368760749,3.2654194831848145,0,99.00768280029297
803.7700000000001,0.9409598500132366,0.4344309356367079,0.21999999999999997,-0.07692307692307669,15.368760749,3.2654194831848145,0,99.00768280029297
803.7700000000001,0.9409598500132366,0.4344309356367079,0.21999999999999997,-0.07692307692307669,15.368760749,3.2654194831848145,0,99.00768280029297
803.7700000000001,0.9409598500132366,0.4344309356367079,0.21999999999999997,-0.07692307692307669,15.368760749,3.2654194831848145,0,99.00768280029297
803.87,0.9467800599533666,0.43773773648696507,0.21999999999999997,-0.07692307692307669,15.460188403,3.2654194831848145,0,99.00768280029297
803.87,0.9467800599533666,0.43773773648696507,0.21999999999999997,-0.07692307692307669,15.460188403,3.2654194831848145,0,99.00768280029297
803.87,0.9467800599533666,0.43773773648696507,0.21999999999999997,-0.07692307692307669,15.460188403,3.2654194831848145,0,99.00768280029297
803.87,0.9532838872781108,0.44142381294154676,0.21999999999999997,-0.07692307692307669,15.368070685,3.2654194831848145,0,99.00768280029297
803.87,0.9532838872781108,0.44142381294154676,0.21999999999999997,-0.07692307692307669,15.368070685,3.2654194831848145,0,99.00768280029297
803.87,0.9532838872781108,0.44142381294154676,0.21999999999999997,-0.07692307692307669,15.368070685,3.2654194831848145,0,99.00768280029297
803.87,0.9532838872781108,0.44142381294154676,0.21999999999999997,-0.07692307692307669,15.368070685,3.2654194831848145,0,99.00768280029297
803.87,0.9597988736901402,0.44509961763771505,0.21999999999999997,-0.07692307692307669,15.135056283,3.2154195308685303,0,99.00768280029297
803.87,0.9597988736901402,0.44509961763771505,0.21999999999999997,-0.07692307692307669,15.135056283,3.2154195308685303,0,99.00768280029297
803.87,0.9597988736901402,0.44509961763771505,0.21999999999999997,-0.07692307692307669,15.176983059,3.2243268489837646,0,99.00768280029297
803.87,0.9597988736901402,0.44509961763771505,0.21999999999999997,-0.07692307692307669,15.176983059,3.2243268489837646,0,99.00768280029297
803.97,0.9663229872644238,0.4487605756410516,0.21999999999999997,-0.07692307692307669,15.177649195,3.2243268489837646,0,99.00768280029297
803.97,0.9663229872644238,0.4487605756410516,0.21999999999999997,-0.07692307692307669,15.177649195,3.2243268489837646,0,99.00768280029297
803.97,0.9663229872644238,0.4487605756410516,0.21999999999999997,-0.07692307692307669,15.177649195,3.2243268489837646,0,99.00768280029297
803.97,0.9663229872644238,0.4487605756410516,0.21999999999999997,-0.07692307692307669,15.177649195,3.2243268489837646,0,99.00768280029297
803.97,0.9728595780575645,0.4524029696805906,0.20842105263157892,-0.07692307692307669,15.180957272,3.2243268489837646,0,99.00768280029297
803.97,0.9728595780575645,0.4524029696805906,0.20842105263157892,-0.07692307692307669,15.180957272,3.2243268489837646,0,99.00768280029297
803.97,0.9728595780575645,0.4524029696805906,0.20842105263157892,-0.07692307692307669,15.180957272,3.2243268489837646,0,99.00768280029297
803.97,0.9794083666025184,0.45602536336616617,0.20842105263157892,-0.07692307692307669,15.184384701,3.2243268489837646,0,99.00768280029297
803.97,0.9794083666025184,0.45602536336616617,0.20842105263157892,-0.07692307692307669,15.184384701,3.2243268489837646,0,99.00768280029297
803.97,0.9794083666025184,0.45602536336616617,0.20842105263157892,-0.07692307692307669,15.184384701,3.2243268489837646,0,99.00768280029297
803.97,0.9794083666025184,0.45602536336616617,0.20842105263157892,-0.07692307692307669,15.184384701,3.2243268489837646,0,99.00768280029297
804.07,0.985622692348665,0.4594407118340835,0.20842105263157892,-0.07692307692307669,15.184384701,3.2243268489837646,0,99.00768280029297
804.07,0.985622692348665,0.4594407118340835,0.20842105263157892,-0.07692307692307669,15.276338347,3.2243268489837646,0,98.89856719970703
804.07,0.985622692348665,0.4594407118340835,0.20842105263157892,-0.07692307692307669,15.276338347,3.2243268489837646,0,98.89856719970703
804.07,0.985622692348665,0.4594407118340835,0.20842105263157892,-0.07692307692307669,15.276338347,3.2243268489837646,0,98.89856719970703
804.07,0.9918424880990171,0.46284571952309894,0.19684210526315787,-0.07692307692307669,15.18236155,3.2243268489837646,0,98.89856719970703
804.07,0.9918424880990171,0.46284571952309894,0.19684210526315787,-0.07692307692307669,15.18236155,3.2243268489837646,0,98.89856719970703
804.07,0.9918424880990171,0.46284571952309894,0.19684210526315787,-0.07692307692307669,15.18236155,3.2243268489837646,0,98.89856719970703
804.07,0.9918424880990171,0.46284571952309894,0.19684210526315787,-0.07692307692307669,15.18236155,3.2243268489837646,0,98.89856719970703
804.07,0.9977201970633214,0.4660568539210256,0.19684210526315787,-0.07692307692307669,15.184020198,3.2243268489837646,0,98.89856719970703
804.07,0.9977201970633214,0.4660568539210256,0.19684210526315787,-0.07692307692307669,15.184020198,3.2243268489837646,0,98.89856719970703
804.07,0.9977201970633214,0.4660568539210256,0.19684210526315787,-0.07692307692307669,15.184020198,3.2243268489837646,0,98.89856719970703
804.07,0.9977201970633214,0.4660568539210256,0.19684210526315787,-0.07692307692307669,15.184020198,3.2243268489837646,0,98.89856719970703
804.1700000000001,1.0036007318539568,0.4692624462211452,0.19684210526315787,-0.07692307692307669,15.183129793,3.2243268489837646,0,98.89856719970703
804.1700000000001,1.0036007318539568,0.4692624462211452,0.18526315789473682,-0.07692307692307669,15.183129793,3.2243268489837646,0,98.89856719970703
804.1700000000001,1.0036007318539568,0.4692624462211452,0.18526315789473682,-0.07692307692307669,15.183129793,3.2243268489837646,0,98.89856719970703
804.1700000000001,1.0036007318539568,0.4692624462211452,0.18526315789473682,-0.07692307692307669,15.368972432,3.2243268489837646,0,98.89856719970703
804.1700000000001,1.009488380138186,0.4724606684469818,0.18526315789473682,-0.07692307692307669,15.031925185,3.153616189956665,0,98.89856719970703
804.1700000000001,1.009488380138186,0.4724606684469818,0.18526315789473682,-0.07692307692307669,15.031925185,3.153616189956665,0,98.89856719970703
804.1700000000001,1.009488380138186,0.4724606684469818,0.18526315789473682,-0.07692307692307669,15.031925185,3.153616189956665,0,98.89856719970703
804.1700000000001,1.0150367609469861,0.4754532114801047,0.18526315789473682,-0.07692307692307669,15.309718718,3.153616189956665,0,98.89856719970703
804.1700000000001,1.0150367609469861,0.4754532114801047,0.18526315789473682,-0.07692307692307669,15.309718718,3.153616189956665,0,98.89856719970703
804.1700000000001,1.0150367609469861,0.4754532114801047,0.18526315789473682,-0.07692307692307669,15.309718718,3.153616189956665,0,98.89856719970703
804.1700000000001,1.0150367609469861,0.4754532114801047,0.18526315789473682,-0.07692307692307669,15.309718718,3.153616189956665,0,98.89856719970703
804.2700000000001,1.0205957959700778,0.478431281363392,0.18526315789473682,-0.07692307692307669,15.309718718,3.153616189956665,0,98.89856719970703
804.2700000000001,1.0205957959700778,0.478431281363392,0.21999999999999997,0.0,15.596572497,3.153616189956665,0,98.89856719970703
804.2700000000001,1.0205957959700778,0.478431281363392,0.21999999999999997,0.0,15.596572497,3.153616189956665,0,98.89856719970703
804.2700000000001,1.0205957959700778,0.478431281363392,0.21999999999999997,0.0,15.596572497,3.153616189956665,0,98.89856719970703
804.2700000000001,1.0270877202753768,0.48189090537523377,0.21999999999999997,0.0,15.626695957,3.153616189956665,0,98.89856719970703
804.2700000000001,1.0270877202753768,0.48189090537523377,0.21999999999999997,0.0,15.626695957,3.153616189956665,0,98.89856719970703
804.2700000000001,1.0270877202753768,0.48189090537523377,0.21999999999999997,0.0,15.626695957,3.153616189956665,0,98.89856719970703
804.2700000000001,1.0270877202753768,0.48189090537523377,0.21999999999999997,0.0,15.626695957,3.153616189956665,0,98.89856719970703
804.2700000000001,1.0336874442693758,0.4854046465937132,0.21999999999999997,0.0,15.63043347,3.153616189956665,0,98.89856719970703
804.2700000000001,1.0336874442693758,0.4854046465937132,0.21999999999999997,0.0,15.63043347,3.153616189956665,0,98.89856719970703
804.2700000000001,1.0336874442693758,0.4854046465937132,0.21999999999999997,0.0,15.63043347,3.153616189956665,0,98.89856719970703
804.2700000000001,1.0336874442693758,0.4854046465937132,0.20842105263157892,0.0,15.63043347,3.153616189956665,0,98.89856719970703
804.37,1.0336874442693758,0.4854046465937132,0.20842105263157892,0.0,15.63043347,3.153616189956665,0,98.89856719970703
804.37,1.040282006252126,0.4889249426607974,0.20842105263157892,0.0,15.53239658,3.153616189956665,0,98.89856719970703
804.37,1.040282006252126,0.4889249426607974,0.20842105263157892,0.0,15.53239658,3.153616189956665,0,98.89856719970703
804.37,1.040282006252126,0.4889249426607974,0.20842105263157892,0.0,15.53239658,3.153616189956665,0,98.89856719970703
804.37,1.040282006252126,0.4889249426607974,0.20842105263157892,0.0,15.53239658,3.153616189956665,0,98.89856719970703
804.37,1.0464187339082676,0.4922134833843408,0.20842105263157892,0.0,15.562864934,3.153616189956665,0,98.89856719970703
804.37,1.0464187339082676,0.4922134833843408,0.20842105263157892,0.0,15.562864934,3.153616189956665,0,98.89856719970703
804.37,1.0464187339082676,0.4922134833843408,0.20842105263157892,0.0,15.562864934,3.153616189956665,0,98.89856719970703
804.37,1.0464187339082676,0.4922134833843408,0.20842105263157892,0.0,15.562864934,3.153616189956665,0,98.89856719970703
804.37,1.0526596997065578,0.4955639049884078,0.21999999999999997,-0.02564102564102541,15.463550638,3.153616189956665,0,98.89856719970703
804.37,1.0526596997065578,0.4955639049884078,0.21999999999999997,-0.02564102564102541,15.463550638,3.153616189956665,0,98.89856719970703
804.37,1.0526596997065578,0.4955639049884078,0.21999999999999997,-0.02564102564102541,15.463550638,3.153616189956665,0,98.89856719970703
804.47,1.0526596997065578,0.4955639049884078,0.21999999999999997,-0.02564102564102541,15.463550638,3.153616189956665,0,98.89856719970703
804.47,1.0591430047888994,0.49904019854742576,0.21999999999999997,-0.02564102564102541,15.063473204,3.103616237640381,0,98.89856719970703
804.47,1.0591430047888994,0.49904019854742576,0.21999999999999997,-0.02564102564102541,15.063473204,3.103616237640381,0,98.89856719970703
804.47,1.0591430047888994,0.49904019854742576,0.21999999999999997,-0.02564102564102541,15.063473204,3.103616237640381,0,98.89856719970703
804.47,1.0591430047888994,0.49904019854742576,0.21999999999999997,-0.02564102564102541,15.063473204,3.103616237640381,0,98.89856719970703
804.47,1.065739563456681,0.5025658616627254,0.21999999999999997,-0.02564102564102541,14.880021174,3.103616237640381,0,98.89856719970703
804.47,1.065739563456681,0.5025658616627254,0.21999999999999997,-0.02564102564102541,14.880021174,3.103616237640381,0,98.89856719970703
804.47,1.065739563456681,0.5025658616627254,0.20842105263157892,-0.07692307692307669,14.880021174,3.103616237640381,0,98.89856719970703
804.47,1.065739563456681,0.5025658616627254,0.20842105263157892,-0.07692307692307669,14.880021174,3.103616237640381,0,98.89856719970703
804.47,1.0723433309421573,0.5060813890542105,0.20842105263157892,-0.07692307692307669,14.614151574000001,3.103616237640381,0,98.89856719970703
804.47,1.0723433309421573,0.5060813890542105,0.20842105263157892,-0.07692307692307669,14.614151574000001,3.103616237640381,0,98.89856719970703
804.47,1.0723433309421573,0.5060813890542105,0.20842105263157892,-0.07692307692307669,14.614151574000001,3.103616237640381,0,98.89856719970703
804.57,1.0785016290916078,0.5093488245065934,0.20842105263157892,-0.07692307692307669,14.614151574000001,3.103616237640381,0,98.80009460449219
804.57,1.0785016290916078,0.5093488245065934,0.20842105263157892,-0.07692307692307669,14.468354215,3.103616237640381,0,98.80009460449219
804.57,1.0785016290916078,0.5093488245065934,0.20842105263157892,-0.07692307692307669,14.468354215,3.103616237640381,0,98.80009460449219
804.57,1.0785016290916078,0.5093488245065934,0.20842105263157892,-0.07692307692307669,14.468354215,3.103616237640381,0,98.80009460449219
804.57,1.084770428160417,0.5126627516782005,0.20842105263157892,-0.07692307692307669,14.52813762,3.103616237640381,0,98.80009460449219
804.57,1.084770428160417,0.5126627516782005,0.19684210526315787,-0.07692307692307669,14.52813762,3.103616237640381,0,98.80009460449219
804.57,1.084770428160417,0.5126627516782005,0.19684210526315787,-0.07692307692307669,14.52813762,3.103616237640381,0,98.80009460449219
804.57,1.084770428160417,0.5126627516782005,0.19684210526315787,-0.07692307692307669,14.52813762,3.103616237640381,0,98.80009460449219
804.57,1.09104891246048,0.5159627321829106,0.19684210526315787,-0.07692307692307669,14.611383421,3.103616237640381,0,98.80009460449219
804.57,1.09104891246048,0.5159627321829106,0.19684210526315787,-0.07692307692307669,14.611383421,3.103616237640381,0,98.80009460449219
804.57,1.09104891246048,0.5159627321829106,0.19684210526315787,-0.07692307692307669,14.611383421,3.103616237640381,0,98.80009460449219
804.6700000000001,1.09104891246048,0.5159627321829106,0.19684210526315787,-0.07692307692307669,14.611383421,3.103616237640381,0,98.80009460449219
804.6700000000001,1.0968846935372456,0.5190064569981655,0.19684210526315787,-0.07692307692307669,14.816295109,3.103616237640381,0,98.80009460449219
804.6700000000001,1.0968846935372456,0.5190064569981655,0.19684210526315787,-0.07692307692307669,14.816295109,3.103616237640381,0,98.80009460449219
804.6700000000001,1.0968846935372456,0.5190064569981655,0.20842105263157892,-0.07692307692307669,14.816295109,3.103616237640381,0,98.80009460449219
804.6700000000001,1.0968846935372456,0.5190064569981655,0.20842105263157892,-0.07692307692307669,14.816295109,3.103616237640381,0,98.80009460449219
804.6700000000001,1.1023742199147113,0.5200076370577851,0.20842105263157892,-0.07692307692307669,14.636858881,3.0536160469055176,0,98.80009460449219
804.6700000000001,1.1023742199147113,0.5200076370577851,0.20842105263157892,-0.07692307692307669,14.636858881,3.0536160469055176,0,98.80009460449219
804.6700000000001,1.1023742199147113,0.5200076370577851,0.20842105263157892,-0.07692307692307669,14.636858881,3.0536160469055176,0,98.80009460449219
804.6700000000001,1.107954467548585,0.5203511164017721,0.20842105263157892,-0.07692307692307669,14.636858881,3.0536160469055176,0,98.80009460449219
804.6700000000001,1.107954467548585,0.5203511164017721,0.20842105263157892,-0.07692307692307669,14.664300318,3.0536160469055176,0,98.80009460449219
804.6700000000001,1.107954467548585,0.5203511164017721,0.20842105263157892,-0.07692307692307669,14.664300318,3.0536160469055176,0,98.80009460449219
804.6700000000001,1.107954467548585,0.5203511164017721,0.20842105263157892,-0.07692307692307669,14.664300318,3.0536160469055176,0,98.80009460449219
804.7700000000001,1.107954467548585,0.5203511164017721,0.20842105263157892,-0.07692307692307669,14.664300318,3.0536160469055176,0,98.80009460449219
804.7700000000001,1.1136562725752506,0.520714172202312,0.20842105263157892,-0.07692307692307669,14.725221491,3.0536160469055176,0,98.80009460449219
804.7700000000001,1.1136562725752506,0.520714172202312,0.21999999999999997,0.0,14.725221491,3.0536160469055176,0,98.80009460449219
804.7700000000001,1.1136562725752506,0.520714172202312,0.21999999999999997,0.0,14.725221491,3.0536160469055176,0,98.80009460449219
804.7700000000001,1.1193708781212057,0.5210444776597594,0.21999999999999997,0.0,14.815145233,3.0536160469055176,0,98.80009460449219
804.7700000000001,1.1193708781212057,0.5210444776597594,0.21999999999999997,0.0,14.815145233,3.0536160469055176,0,98.80009460449219
804.7700000000001,1.1193708781212057,0.5210444776597594,0.21999999999999997,0.0,14.815145233,3.0536160469055176,0,98.80009460449219
804.7700000000001,1.1193708781212057,0.5210444776597594,0.21999999999999997,0.0,14.815145233,3.0536160469055176,0,98.80009460449219
804.7700000000001,1.1253396635562658,0.5214591264771552,0.21999999999999997,0.0,14.815145233,3.0536160469055176,0,98.80009460449219
804.7700000000001,1.1253396635562658,0.5214591264771552,0.21999999999999997,0.0,14.841243603,3.0536160469055176,0,98.80009460449219
804.7700000000001,1.1253396635562658,0.5214591264771552,0.21999999999999997,0.0,14.841243603,3.0536160469055176,0,98.80009460449219
804.87,1.1253396635562658,0.5214591264771552,0.21999999999999997,0.0,14.841243603,3.0536160469055176,0,98.80009460449219
804.87,1.1314270934525799,0.5218967645156251,0.21999999999999997,-0.12820512820512797,14.841243603,3.0536160469055176,0,98.80009460449219
804.87,1.1314270934525799,0.5218967645156251,0.21999999999999997,-0.12820512820512797,14.725353142,3.0536160469055176,0,98.80009460449219
804.87,1.1314270934525799,0.5218967645156251,0.21999999999999997,-0.12820512820512797,14.725353142,3.0536160469055176,0,98.80009460449219
804.87,1.1314270934525799,0.5218967645156251,0.21999999999999997,-0.12820512820512797,14.725353142,3.0536160469055176,0,98.80009460449219
804.87,1.1314270934525799,0.5218967645156251,0.21999999999999997,-0.12820512820512797,14.725353142,3.0536160469055176,0,98.80009460449219
804.87,1.1380479635565712,0.5247788454091238,0.21999999999999997,-0.12820512820512797,14.634215878,3.0536160469055176,0,98.80009460449219
804.87,1.1380479635565712,0.5247788454091238,0.21999999999999997,-0.12820512820512797,14.634215878,3.0536160469055176,0,98.80009460449219
804.87,1.1380479635565712,0.5247788454091238,0.21999999999999997,-0.12820512820512797,14.634215878,3.0536160469055176,0,98.80009460449219
804.87,1.1447638603328623,0.5280790671355802,0.21999999999999997,-0.12820512820512797,14.634215878,3.0536160469055176,0,98.80009460449219
804.87,1.1447638603328623,0.5280790671355802,0.21999999999999997,-0.02564102564102541,14.309490909,3.0036160945892334,0,98.80009460449219
804.97,1.1447638603328623,0.5280790671355802,0.21999999999999997,-0.02564102564102541,14.309490909,3.0036160945892334,0,98.80009460449219
804.97,1.1514966333808094,0.5313526659132476,0.21999999999999997,-0.02564102564102541,14.309490909,3.0036160945892334,0,98.80009460449219
804.97,1.1514966333808094,0.5313526659132476,0.21999999999999997,-0.02564102564102541,14.309490909,3.0036160945892334,0,98.80009460449219
804.97,1.1582489825999347,0.5345809855192175,0.21999999999999997,-0.02564102564102541,14.111068276,3.0036160945892334,0,98.80009460449219
804.97,1.1582489825999347,0.5345809855192175,0.21999999999999997,-0.02564102564102541,13.945724283,3.0036160945892334,0,98.80009460449219
805.07,1.1650162833641036,0.5377740748906793,0.20842105263157892,-0.02564102564102541,13.945724283,3.0036160945892334,0,98.80009460449219
805.07,1.1650162833641036,0.5377740748906793,0.20842105263157892,-0.02564102564102541,13.945724283,3.0036160945892334,0,98.70215606689453
805.07,1.1713185028933886,0.5407427208553538,0.20842105263157892,-0.02564102564102541,13.945724283,3.0036160945892334,0,98.70215606689453
805.07,1.1713185028933886,0.5407427208553538,0.20842105263157892,-0.02564102564102541,13.945724283,3.0036160945892334,0,98.70215606689453
805.07,1.1777181339303198,0.5437824250543789,0.19684210526315787,-0.02564102564102541,13.838271806,3.0036160945892334,0,98.70215606689453
805.07,1.1777181339303198,0.5437824250543789,0.19684210526315787,-0.02564102564102541,13.838271806,3.0036160945892334,0,98.70215606689453
805.07,1.1777181339303198,0.5437824250543789,0.19684210526315787,-0.02564102564102541,13.838271806,3.0036160945892334,0,98.70215606689453
805.07,1.1777181339303198,0.5437824250543789,0.19684210526315787,-0.02564102564102541,13.838271806,3.0036160945892334,0,98.70215606689453
805.07,1.1777181339303198,0.5437824250543789,0.19684210526315787,-0.02564102564102541,13.838271806,3.0036160945892334,0,98.70215606689453
805.07,1.1777181339303198,0.5437824250543789,0.19684210526315787,-0.02564102564102541,13.865093294,3.0036160945892334,0,98.70215606689453
805.07,1.183645769262619,0.5466227676934812,0.19684210526315787,-0.02564102564102541,13.865093294,3.0036160945892334,0,98.70215606689453
805.07,1.183645769262619,0.5466227676934812,0.19684210526315787,-0.02564102564102541,13.865093294,3.0036160945892334,0,98.70215606689453
805.07,1.183645769262619,0.5466227676934812,0.19684210526315787,-0.02564102564102541,13.865093294,3.0036160945892334,0,98.70215606689453
805.07,1.183645769262619,0.5466227676934812,0.19684210526315787,-0.02564102564102541,13.865093294,3.0036160945892334,0,98.70215606689453
805.1700000000001,1.183645769262619,0.5466227676934812,0.19684210526315787,-0.02564102564102541,13.866743045,3.0036160945892334,0,98.70215606689453
805.1700000000001,1.183645769262619,0.5466227676934812,0.19684210526315787,-0.02564102564102541,13.866743045,3.0036160945892334,0,98.70215606689453
805.1700000000001,1.183645769262619,0.5466227676934812,0.19684210526315787,-0.02564102564102541,13.866743045,3.0036160945892334,0,98.70215606689453
805.1700000000001,1.183645769262619,0.5466227676934812,0.19684210526315787,-0.02564102564102541,14.031423337,3.0036160945892334,0,98.70215606689453
805.1700000000001,1.183645769262619,0.5466227676934812,0.19684210526315787,-0.02564102564102541,14.031423337,3.0036160945892334,0,98.70215606689453
805.1700000000001,1.183645769262619,0.5466227676934812,0.19684210526315787,-0.02564102564102541,14.031423337,3.0036160945892334,0,98.70215606689453
805.1700000000001,1.183645769262619,0.5466227676934812,0.19684210526315787,-0.02564102564102541,14.031423337,3.0036160945892334,0,98.70215606689453
805.1700000000001,1.1896809058668483,0.5495233650349391,0.21999999999999997,-0.02564102564102541,14.200162722,3.0036160945892334,0,98.70215606689453
805.1700000000001,1.1896809058668483,0.5495233650349391,0.21999999999999997,-0.02564102564102541,14.200162722,3.0036160945892334,0,98.70215606689453
805.1700000000001,1.1896809058668483,0.5495233650349391,0.21999999999999997,-0.02564102564102541,14.200162722,3.0036160945892334,0,98.70215606689453
805.1700000000001,1.1963199325123661,0.5526978516354921,0.21999999999999997,-0.02564102564102541,13.935995793,2.941812753677368,0,98.70215606689453
805.1700000000001,1.1963199325123661,0.5526978516354921,0.21999999999999997,-0.02564102564102541,13.935995793,2.941812753677368,0,98.70215606689453
805.1700000000001,1.1963199325123661,0.5526978516354921,0.21999999999999997,-0.02564102564102541,13.935995793,2.941812753677368,0,98.70215606689453
805.1700000000001,1.1963199325123661,0.5526978516354921,0.21999999999999997,-0.02564102564102541,13.935995793,2.941812753677368,0,98.70215606689453
805.1700000000001,1.1963199325123661,0.5526978516354921,0.21999999999999997,-0.02564102564102541,13.935995793,2.941812753677368,0,98.70215606689453
805.1700000000001,1.2030803468525022,0.5559060932100467,0.21999999999999997,-0.02564102564102541,13.932198912,2.941812753677368,0,98.70215606689453
805.1700000000001,1.2030803468525022,0.5559060932100467,0.21999999999999997,-0.02564102564102541,13.932198912,2.941812753677368,0,98.70215606689453
805.2700000000001,1.2030803468525022,0.5559060932100467,0.21999999999999997,0.02564102564102587,13.932198912,2.941812753677368,0,98.70215606689453
805.2700000000001,1.2030803468525022,0.5559060932100467,0.21999999999999997,0.02564102564102587,13.932198912,2.941812753677368,0,98.70215606689453
805.2700000000001,1.2098455974703035,0.559101019298453,0.21999999999999997,0.02564102564102587,13.93526326,2.941812753677368,0,98.70215606689453
805.2700000000001,1.2098455974703035,0.559101019298453,0.21999999999999997,0.02564102564102587,13.93526326,2.941812753677368,0,98.70215606689453
805.2700000000001,1.2098455974703035,0.559101019298453,0.21999999999999997,0.02564102564102587,13.93526326,2.941812753677368,0,98.70215606689453
805.2700000000001,1.216607339817962,0.5622938770937798,0.21999999999999997,0.02564102564102587,13.93526326,2.941812753677368,0,98.70215606689453
805.2700000000001,1.216607339817962,0.5622938770937798,0.21999999999999997,0.02564102564102587,13.935415877,2.941812753677368,0,98.70215606689453
805.2700000000001,1.216607339817962,0.5622938770937798,0.21999999999999997,0.02564102564102587,13.935415877,2.941812753677368,0,98.70215606689453
805.2700000000001,1.216607339817962,0.5622938770937798,0.21999999999999997,0.02564102564102587,13.935415877,2.941812753677368,0,98.70215606689453
805.37,1.2233646572187997,0.5654949964691028,0.20842105263157892,0.02564102564102587,13.937426173,2.941812753677368,0,98.70215606689453
805.37,1.2233646572187997,0.5654949964691028,0.20842105263157892,0.02564102564102587,13.937426173,2.941812753677368,0,98.70215606689453
805.37,1.2233646572187997,0.5654949964691028,0.20842105263157892,0.02564102564102587,13.937426173,2.941812753677368,0,98.70215606689453
805.37,1.2233646572187997,0.5654949964691028,0.20842105263157892,0.02564102564102587,13.937426173,2.941812753677368,0,98.70215606689453
805.37,1.2301128913950234,0.5687115753333946,0.20842105263157892,0.02564102564102587,13.829258936,2.941812753677368,0,98.70215606689453
805.37,1.2301128913950234,0.5687115753333946,0.20842105263157892,0.02564102564102587,13.829258936,2.941812753677368,0,98.70215606689453
805.37,1.2301128913950234,0.5687115753333946,0.20842105263157892,0.02564102564102587,13.829258936,2.941812753677368,0,98.70215606689453
805.37,1.2301128913950234,0.5687115753333946,0.20842105263157892,0.02564102564102587,13.829258936,2.941812753677368,0,98.70215606689453
805.37,1.2301128913950234,0.5687115753333946,0.20842105263157892,0.02564102564102587,13.829258936,2.941812753677368,0,98.70215606689453
805.37,1.2363959097293948,0.5717182474995288,0.20842105263157892,0.02564102564102587,13.855559887,2.941812753677368,0,98.70215606689453
805.37,1.2363959097293948,0.5717182474995288,0.20842105263157892,0.02564102564102587,13.855559887,2.941812753677368,0,98.70215606689453
805.37,1.2363959097293948,0.5717182474995288,0.21999999999999997,-0.13435897435897415,13.855559887,2.941812753677368,0,98.70215606689453
805.37,1.2363959097293948,0.5717182474995288,0.21999999999999997,-0.13435897435897415,13.855559887,2.941812753677368,0,98.70215606689453
805.37,1.2427854747511293,0.5747793184223597,0.21999999999999997,-0.13435897435897415,13.855559887,2.941812753677368,0,98.70215606689453
805.47,1.2427854747511293,0.5747793184223597,0.21999999999999997,-0.13435897435897415,13.749236762,2.941812753677368,0,98.70215606689453
805.47,1.2427854747511293,0.5747793184223597,0.21999999999999997,-0.13435897435897415,13.749236762,2.941812753677368,0,98.70215606689453
805.47,1.2427854747511293,0.5747793184223597,0.21999999999999997,-0.17948717948717924,13.749236762,2.941812753677368,0,98.70215606689453
805.47,1.2494286389686389,0.5779535387314877,0.21999999999999997,-0.17948717948717924,13.37885424,2.891812801361084,0,98.70215606689453
805.47,1.2494286389686389,0.5779535387314877,0.21999999999999997,-0.17948717948717924,13.37885424,2.891812801361084,0,98.70215606689453
805.47,1.2494286389686389,0.5779535387314877,0.21999999999999997,-0.17948717948717924,13.37885424,2.891812801361084,0,98.70215606689453
805.47,1.2494286389686389,0.5779535387314877,0.21999999999999997,-0.17948717948717924,13.37885424,2.891812801361084,0,98.70215606689453
805.47,1.2561963524989246,0.5811588798818867,0.20842105263157892,-0.17948717948717924,13.353405171,2.891812801361084,0,98.70215606689453
805.47,1.2561963524989246,0.5811588798818867,0.20842105263157892,-0.17948717948717924,13.353405171,2.891812801361084,0,98.70215606689453
805.47,1.2561963524989246,0.5811588798818867,0.20842105263157892,-0.17948717948717924,13.353405171,2.891812801361084,0,98.70215606689453
805.47,1.2625250150888792,0.5841008941954222,0.20842105263157892,-0.17948717948717924,13.456153807,2.891812801361084,0,98.70215606689453
805.57,1.2625250150888792,0.5841008941954222,0.20842105263157892,-0.17948717948717924,13.456153807,2.891812801361084,0,98.70215606689453
805.57,1.2625250150888792,0.5841008941954222,0.20842105263157892,-0.17948717948717924,13.456153807,2.891812801361084,0,98.59420013427734
805.57,1.2625250150888792,0.5841008941954222,0.20842105263157892,-0.17948717948717924,13.456153807,2.891812801361084,0,98.59420013427734
805.57,1.2689887332318868,0.5870355309549011,0.20842105263157892,-0.17948717948717924,13.532532117,2.891812801361084,0,98.59420013427734
805.57,1.2689887332318868,0.5870355309549011,0.20842105263157892,-0.17948717948717924,13.3546769,2.853806257247925,0,98.59420013427734
805.57,1.2689887332318868,0.5870355309549011,0.20842105263157892,-0.17948717948717924,13.3546769,2.853806257247925,0,98.59420013427734
805.57,1.2689887332318868,0.5870355309549011,0.19684210526315787,-0.12820512820512797,13.3546769,2.853806257247925,0,98.59420013427734
805.57,1.2754753291927567,0.5899170573728286,0.19684210526315787,-0.12820512820512797,13.432794504,2.853806257247925,0,98.59420013427734
805.57,1.2754753291927567,0.5899170573728286,0.19684210526315787,-0.12820512820512797,13.432794504,2.853806257247925,0,98.59420013427734
805.57,1.2754753291927567,0.5899170573728286,0.19684210526315787,-0.12820512820512797,13.432794504,2.853806257247925,0,98.59420013427734
805.57,1.2754753291927567,0.5899170573728286,0.19684210526315787,-0.12820512820512797,13.432794504,2.853806257247925,0,98.59420013427734
805.6700000000001,1.2815055523033398,0.5925541948995113,0.19684210526315787,-0.12820512820512797,13.615132234,2.853806257247925,0,98.59420013427734
805.6700000000001,1.2815055523033398,0.5925541948995113,0.19684210526315787,-0.12820512820512797,13.615132234,2.853806257247925,0,98.59420013427734
805.6700000000001,1.2815055523033398,0.5925541948995113,0.19684210526315787,-0.12820512820512797,13.615132234,2.853806257247925,0,98.59420013427734
805.6700000000001,1.2815055523033398,0.5925541948995113,0.19684210526315787,-0.12820512820512797,13.615132234,2.853806257247925,0,98.59420013427734
805.6700000000001,1.2876516948796017,0.5952185791956719,0.19684210526315787,-0.12820512820512797,13.615132234,2.853806257247925,0,98.59420013427734
805.6700000000001,1.2876516948796017,0.5952185791956719,0.21999999999999997,-0.12820512820512797,13.781747148000001,2.853806257247925,0,98.59420013427734
805.6700000000001,1.2876516948796017,0.5952185791956719,0.21999999999999997,-0.12820512820512797,13.781747148000001,2.853806257247925,0,98.59420013427734
805.6700000000001,1.2876516948796017,0.5952185791956719,0.21999999999999997,-0.12820512820512797,13.781747148000001,2.853806257247925,0,98.59420013427734
805.6700000000001,1.2944110475264445,0.598133508321414,0.21999999999999997,-0.12820512820512797,13.695902405,2.853806257247925,0,98.59420013427734
805.6700000000001,1.2944110475264445,0.598133508321414,0.21999999999999997,-0.12820512820512797,13.695902405,2.853806257247925,0,98.59420013427734
805.6700000000001,1.2944110475264445,0.598133508321414,0.21999999999999997,-0.12820512820512797,13.695902405,2.853806257247925,0,98.59420013427734
805.7700000000001,1.3012926398272693,0.6010793590925476,0.21999999999999997,-0.12820512820512797,13.3717862,2.8038063049316406,0,98.59420013427734
805.7700000000001,1.3012926398272693,0.6010793590925476,0.21999999999999997,-0.12820512820512797,13.3717862,2.8038063049316406,0,98.59420013427734
805.7700000000001,1.3012926398272693,0.6010793590925476,0.21999999999999997,-0.12820512820512797,13.3717862,2.8038063049316406,0,98.59420013427734
805.7700000000001,1.3012926398272693,0.6010793590925476,0.21999999999999997,-0.12820512820512797,13.3717862,2.8038063049316406,0,98.59420013427734
805.7700000000001,1.3081879699318857,0.6039961732128177,0.20842105263157892,-0.02564102564102541,13.347485505,2.8038063049316406,0,98.59420013427734
805.7700000000001,1.3081879699318857,0.6039961732128177,0.20842105263157892,-0.02564102564102541,13.347485505,2.8038063049316406,0,98.59420013427734
805.7700000000001,1.3081879699318857,0.6039961732128177,0.20842105263157892,-0.02564102564102541,13.347485505,2.8038063049316406,0,98.59420013427734
805.7700000000001,1.3081879699318857,0.6039961732128177,0.20842105263157892,-0.02564102564102541,13.347485505,2.8038063049316406,0,98.59420013427734
805.7700000000001,1.3146234418124845,0.6066784936250698,0.20842105263157892,-0.02564102564102541,13.452566994,2.8038063049316406,0,98.59420013427734
805.7700000000001,1.3146234418124845,0.6066784936250698,0.20842105263157892,-0.02564102564102541,13.452566994,2.8038063049316406,0,98.59420013427734
805.7700000000001,1.3146234418124845,0.6066784936250698,0.20842105263157892,-0.02564102564102541,13.452566994,2.8038063049316406,0,98.59420013427734
805.7700000000001,1.3146234418124845,0.6066784936250698,0.20842105263157892,-0.02564102564102541,13.452566994,2.8038063049316406,0,98.59420013427734
805.87,1.3211762884832285,0.6093811643553272,0.20842105263157892,-0.02564102564102541,13.43002226,2.8038063049316406,0,98.59420013427734
805.87,1.3211762884832285,0.6093811643553272,0.20842105263157892,-0.02564102564102541,13.43002226,2.8038063049316406,0,98.59420013427734
805.87,1.3211762884832285,0.6093811643553272,0.19684210526315787,-0.02564102564102541,13.43002226,2.8038063049316406,0,98.59420013427734
805.87,1.3277276598326615,0.61208066788363,0.19684210526315787,-0.02564102564102541,13.432761929,2.8038063049316406,0,98.59420013427734
805.87,1.3277276598326615,0.61208066788363,0.19684210526315787,-0.02564102564102541,13.432761929,2.8038063049316406,0,98.59420013427734
805.87,1.3277276598326615,0.61208066788363,0.19684210526315787,-0.02564102564102541,13.432761929,2.8038063049316406,0,98.59420013427734
805.87,1.3277276598326615,0.61208066788363,0.19684210526315787,-0.02564102564102541,13.432761929,2.8038063049316406,0,98.59420013427734
805.87,1.3337988313148539,0.6145991789096831,0.19684210526315787,-0.02564102564102541,13.432761929,2.8038063049316406,0,98.59420013427734
805.87,1.3337988313148539,0.6145991789096831,0.19684210526315787,-0.02564102564102541,13.541931852,2.8038063049316406,0,98.59420013427734
805.87,1.3337988313148539,0.6145991789096831,0.19684210526315787,-0.02564102564102541,13.541931852,2.8038063049316406,0,98.59420013427734
805.87,1.3337988313148539,0.6145991789096831,0.19684210526315787,-0.02564102564102541,13.541931852,2.8038063049316406,0,98.59420013427734
805.87,1.3337988313148539,0.6145991789096831,0.19684210526315787,-0.02564102564102541,13.541931852,2.8038063049316406,0,98.59420013427734
805.97,1.3399764185089946,0.6171720583013011,0.21999999999999997,-0.07692307692307669,13.541931852,2.8038063049316406,0,98.59420013427734
805.97,1.3399764185089946,0.6171720583013011,0.21999999999999997,-0.07692307692307669,13.520210762,2.8038063049316406,0,98.59420013427734
805.97,1.3399764185089946,0.6171720583013011,0.21999999999999997,-0.07692307692307669,13.520210762,2.8038063049316406,0,98.59420013427734
805.97,1.3399764185089946,0.6171720583013011,0.21999999999999997,-0.07692307692307669,13.520210762,2.8038063049316406,0,98.59420013427734
805.97,1.3467706558232035,0.6199997857719705,0.21999999999999997,-0.07692307692307669,13.379796688,2.8038063049316406,0,98.59420013427734
805.97,1.3467706558232035,0.6199997857719705,0.21999999999999997,-0.07692307692307669,13.141196092,2.7538063526153564,0,98.59420013427734
805.97,1.3467706558232035,0.6199997857719705,0.21999999999999997,-0.07692307692307669,13.141196092,2.7538063526153564,0,98.59420013427734
805.97,1.3536900239726573,0.622852965202105,0.21999999999999997,-0.07692307692307669,13.141196092,2.7538063526153564,0,98.59420013427734
805.97,1.3536900239726573,0.622852965202105,0.21999999999999997,-0.07692307692307669,13.116885646,2.7538063526153564,0,98.59420013427734
805.97,1.3536900239726573,0.622852965202105,0.21999999999999997,-0.07692307692307669,13.116885646,2.7538063526153564,0,98.59420013427734
806.07,1.3536900239726573,0.622852965202105,0.20842105263157892,-0.07692307692307669,13.116885646,2.7538063526153564,0,98.59420013427734
806.07,1.360622956281607,0.6256740253981815,0.20842105263157892,-0.07692307692307669,13.116945859,2.7538063526153564,0,98.59420013427734
806.07,1.360622956281607,0.6256740253981815,0.20842105263157892,-0.07692307692307669,13.116945859,2.7538063526153564,0,98.4951400756836
806.07,1.360622956281607,0.6256740253981815,0.20842105263157892,-0.07692307692307669,13.116945859,2.7538063526153564,0,98.4951400756836
806.07,1.360622956281607,0.6256740253981815,0.20842105263157892,-0.07692307692307669,13.116945859,2.7538063526153564,0,98.4951400756836
806.07,1.360622956281607,0.6256740253981815,0.20842105263157892,-0.07692307692307669,13.116945859,2.7538063526153564,0,98.4951400756836
806.07,1.360622956281607,0.6256740253981815,0.20842105263157892,-0.07692307692307669,13.116945859,2.7538063526153564,0,98.4951400756836
806.07,1.366287938070103,0.6291860228458865,0.20842105263157892,-0.07692307692307669,13.116945859,2.7538063526153564,0,98.4951400756836
806.07,1.366287938070103,0.6291860228458865,0.19684210526315787,-0.07692307692307669,13.219852538,2.7538063526153564,0,98.4951400756836
806.07,1.366287938070103,0.6291860228458865,0.19684210526315787,-0.07692307692307669,13.219852538,2.7538063526153564,0,98.4951400756836
806.07,1.366287938070103,0.6291860228458865,0.19684210526315787,-0.07692307692307669,13.219852538,2.7538063526153564,0,98.4951400756836
806.07,1.366287938070103,0.6291860228458865,0.19684210526315787,-0.07692307692307669,13.219852538,2.7538063526153564,0,98.4951400756836
806.07,1.3705702096208214,0.6344243320225355,0.19684210526315787,-0.07692307692307669,13.19647948,2.7538063526153564,0,98.4951400756836
806.07,1.3705702096208214,0.6344243320225355,0.19684210526315787,-0.07692307692307669,13.19647948,2.7538063526153564,0,98.4951400756836
806.07,1.3705702096208214,0.6344243320225355,0.19684210526315787,-0.07692307692307669,13.19647948,2.7538063526153564,0,98.4951400756836
806.1700000000001,1.3705702096208214,0.6344243320225355,0.19684210526315787,-0.07692307692307669,13.19647948,2.7538063526153564,0,98.4951400756836
806.1700000000001,1.3743458713285557,0.63949892181066,0.19684210526315787,-0.07692307692307669,13.19647948,2.7538063526153564,0,98.4951400756836
806.1700000000001,1.3743458713285557,0.63949892181066,0.19684210526315787,-0.07692307692307669,13.306145958,2.7538063526153564,0,98.4951400756836
806.1700000000001,1.3743458713285557,0.63949892181066,0.19684210526315787,-0.07692307692307669,13.306145958,2.7538063526153564,0,98.4951400756836
806.1700000000001,1.3743458713285557,0.63949892181066,0.19684210526315787,-0.07692307692307669,13.306145958,2.7538063526153564,0,98.4951400756836
806.1700000000001,1.3782010839473342,0.6446478074213151,0.19684210526315787,-0.07692307692307669,13.386184457,2.7538063526153564,0,98.4951400756836
806.1700000000001,1.3782010839473342,0.6446478074213151,0.21999999999999997,-0.02564102564102541,13.386184457,2.7538063526153564,0,98.4951400756836
806.1700000000001,1.3782010839473342,0.6446478074213151,0.21999999999999997,-0.02564102564102541,13.386184457,2.7538063526153564,0,98.4951400756836
806.1700000000001,1.3782010839473342,0.6446478074213151,0.21999999999999997,-0.02564102564102541,13.386184457,2.7538063526153564,0,98.4951400756836
806.1700000000001,1.3820283069439532,0.6498193155121949,0.21999999999999997,-0.02564102564102541,13.363731618,2.7538063526153564,0,98.4951400756836
806.1700000000001,1.3820283069439532,0.6498193155121949,0.21999999999999997,-0.02564102564102541,13.363731618,2.7538063526153564,0,98.4951400756836
806.1700000000001,1.3820283069439532,0.6498193155121949,0.21999999999999997,-0.02564102564102541,13.363731618,2.7538063526153564,0,98.4951400756836
806.2700000000001,1.3864415392577765,0.6552591956247177,0.21999999999999997,-0.02564102564102541,12.98709363,2.703806161880493,0,98.4951400756836
806.2700000000001,1.3864415392577765,0.6552591956247177,0.21999999999999997,-0.02564102564102541,12.98709363,2.703806161880493,0,98.4951400756836
806.2700000000001,1.3864415392577765,0.6552591956247177,0.21999999999999997,-0.02564102564102541,12.98709363,2.703806161880493,0,98.4951400756836
806.2700000000001,1.3864415392577765,0.6552591956247177,0.20842105263157892,0.0,12.98709363,2.703806161880493,0,98.4951400756836
806.2700000000001,1.3920115474589747,0.6595873533624924,0.20842105263157892,0.0,12.960691294,2.703806161880493,0,98.4951400756836
806.2700000000001,1.3920115474589747,0.6595873533624924,0.20842105263157892,0.0,12.960691294,2.703806161880493,0,98.4951400756836
806.2700000000001,1.3920115474589747,0.6595873533624924,0.20842105263157892,0.0,12.960691294,2.703806161880493,0,98.4951400756836
806.2700000000001,1.3984556809637705,0.6622327394201714,0.20842105263157892,0.0,12.960691294,2.703806161880493,0,98.4951400756836
806.2700000000001,1.3984556809637705,0.6622327394201714,0.20842105263157892,0.0,12.960691294,2.703806161880493,0,98.4951400756836
806.2700000000001,1.3984556809637705,0.6622327394201714,0.20842105263157892,0.0,12.960691294,2.703806161880493,0,98.4951400756836
806.37,1.3984556809637705,0.6622327394201714,0.20842105263157892,0.0,12.960691294,2.703806161880493,0,98.4951400756836
806.37,1.3984556809637705,0.6622327394201714,0.20842105263157892,0.0,13.064309209,2.703806161880493,0,98.4951400756836
806.37,1.4050055833216881,0.6649299410079071,0.20842105263157892,0.0,13.064309209,2.703806161880493,0,98.4951400756836
806.37,1.4050055833216881,0.6649299410079071,0.20842105263157892,0.0,13.064309209,2.703806161880493,0,98.4951400756836
806.37,1.4050055833216881,0.6649299410079071,0.20842105263157892,0.0,13.148628099,2.703806161880493,0,98.4951400756836
806.37,1.4050055833216881,0.6649299410079071,0.20842105263157892,0.0,13.148628099,2.703806161880493,0,98.4951400756836
806.37,1.4050055833216881,0.6649299410079071,0.20842105263157892,0.0,13.148628099,2.703806161880493,0,98.4951400756836
806.37,1.4050055833216881,0.6649299410079071,0.20842105263157892,0.0,13.148628099,2.703806161880493,0,98.4951400756836
806.37,1.4115500405651722,0.6676417182048032,0.20842105263157892,0.0,13.148628099,2.703806161880493,0,98.4951400756836
806.37,1.4115500405651722,0.6676417182048032,0.20842105263157892,0.0,13.125964903,2.703806161880493,0,98.4951400756836
806.37,1.4115500405651722,0.6676417182048032,0.20842105263157892,0.0,13.125964903,2.703806161880493,0,98.4951400756836
806.37,1.4115500405651722,0.6676417182048032,0.20842105263157892,0.0,13.125964903,2.703806161880493,0,98.4951400756836
806.37,1.418093306827089,0.670360636695527,0.21999999999999997,-0.02564102564102541,13.126988808,2.703806161880493,0,98.4951400756836
806.37,1.418093306827089,0.670360636695527,0.21999999999999997,-0.02564102564102541,13.126988808,2.703806161880493,0,98.4951400756836
806.47,1.418093306827089,0.670360636695527,0.21999999999999997,-0.02564102564102541,13.126988808,2.703806161880493,0,98.4951400756836
806.47,1.418093306827089,0.670360636695527,0.21999999999999997,-0.02564102564102541,13.06037448,2.6900854110717773,0,98.4951400756836
806.47,1.424639495126727,0.6730765077805466,0.21999999999999997,-0.02564102564102541,12.952910424,2.6900854110717773,0,98.4951400756836
806.47,1.424639495126727,0.6730765077805466,0.21999999999999997,-0.02564102564102541,12.952910424,2.6900854110717773,0,98.4951400756836
806.47,1.424639495126727,0.6730765077805466,0.21999999999999997,-0.02564102564102541,12.952910424,2.6900854110717773,0,98.4951400756836
806.47,1.424639495126727,0.6730765077805466,0.21999999999999997,-0.02564102564102541,12.952910424,2.6900854110717773,0,98.4951400756836
806.47,1.4314398834469968,0.6758879620758422,0.21999999999999997,-0.02564102564102541,12.952910424,2.6900854110717773,0,98.4951400756836
806.47,1.4314398834469968,0.6758879620758422,0.21999999999999997,-0.02564102564102541,12.821826519,2.6900854110717773,0,98.4951400756836
806.47,1.4314398834469968,0.6758879620758422,0.21999999999999997,-0.02564102564102541,12.821826519,2.6900854110717773,0,98.4951400756836
806.47,1.4314398834469968,0.6758879620758422,0.21999999999999997,0.12820512820512842,12.821826519,2.6900854110717773,0,98.4951400756836
806.47,1.4314398834469968,0.6758879620758422,0.21999999999999997,0.12820512820512842,12.821826519,2.6900854110717773,0,98.4951400756836
806.47,1.4314398834469968,0.6758879620758422,0.21999999999999997,0.12820512820512842,12.821826519,2.6900854110717773,0,98.4951400756836
806.47,1.438356831593011,0.6787377208029459,0.21999999999999997,0.12820512820512842,12.667231267,2.6900854110717773,0,98.4951400756836
806.57,1.438356831593011,0.6787377208029459,0.21999999999999997,0.12820512820512842,12.667231267,2.6900854110717773,0,98.4951400756836
806.57,1.438356831593011,0.6787377208029459,0.21999999999999997,0.12820512820512842,12.667231267,2.6900854110717773,0,98.39369201660156
806.57,1.438356831593011,0.6787377208029459,0.21999999999999997,0.12820512820512842,12.667231267,2.6900854110717773,0,98.39369201660156
806.57,1.445157073674769,0.6815384350777639,0.21999999999999997,0.12820512820512842,12.433149496,2.640085458755493,0,98.39369201660156
806.57,1.445157073674769,0.6815384350777639,0.21999999999999997,0.12820512820512842,12.433149496,2.640085458755493,0,98.39369201660156
806.57,1.445157073674769,0.6815384350777639,0.21999999999999997,0.12820512820512842,12.433149496,2.640085458755493,0,98.39369201660156
806.57,1.4520578251798453,0.684402790116621,0.21999999999999997,0.2820512820512822,12.438024786,2.640085458755493,0,98.39369201660156
806.57,1.4520578251798453,0.684402790116621,0.21999999999999997,0.2820512820512822,12.438024786,2.640085458755493,0,98.39369201660156
806.57,1.4520578251798453,0.684402790116621,0.21999999999999997,0.2820512820512822,12.438024786,2.640085458755493,0,98.39369201660156
806.57,1.4520578251798453,0.684402790116621,0.21999999999999997,0.2820512820512822,12.438024786,2.640085458755493,0,98.39369201660156
806.57,1.4520578251798453,0.684402790116621,0.21999999999999997,0.2820512820512822,12.438024786,2.640085458755493,0,98.39369201660156
806.57,1.4588230551363783,0.6872611720045463,0.21999999999999997,0.2820512820512822,12.438024786,2.640085458755493,0,98.39369201660156
806.57,1.4588230551363783,0.6872611720045463,0.21999999999999997,0.2820512820512822,12.367514572,2.640085458755493,0,98.39369201660156
806.6700000000001,1.4588230551363783,0.6872611720045463,0.21999999999999997,0.2820512820512822,12.367514572,2.640085458755493,0,98.39369201660156
806.6700000000001,1.4588230551363783,0.6872611720045463,0.21999999999999997,0.2820512820512822,12.367514572,2.640085458755493,0,98.39369201660156
806.6700000000001,1.4588230551363783,0.6872611720045463,0.21999999999999997,0.17948717948717968,12.367514572,2.640085458755493,0,98.39369201660156
806.6700000000001,1.4588230551363783,0.6872611720045463,0.21999999999999997,0.17948717948717968,12.367514572,2.640085458755493,0,98.39369201660156
806.6700000000001,1.4656617984891103,0.6902416140924905,0.21999999999999997,0.17948717948717968,12.297065653,2.640085458755493,0,98.39369201660156
806.6700000000001,1.4656617984891103,0.6902416140924905,0.21999999999999997,0.17948717948717968,12.297065653,2.640085458755493,0,98.39369201660156
806.6700000000001,1.4656617984891103,0.6902416140924905,0.21999999999999997,0.17948717948717968,12.297065653,2.640085458755493,0,98.39369201660156
806.6700000000001,1.4724664911703214,0.6933088510640857,0.21999999999999997,0.17948717948717968,12.297065653,2.640085458755493,0,98.39369201660156
806.6700000000001,1.4724664911703214,0.6933088510640857,0.21999999999999997,0.17948717948717968,12.227037259,2.640085458755493,0,98.39369201660156
806.6700000000001,1.4724664911703214,0.6933088510640857,0.21999999999999997,0.17948717948717968,12.227037259,2.640085458755493,0,98.39369201660156
806.6700000000001,1.4724664911703214,0.6933088510640857,0.21999999999999997,0.17948717948717968,12.227037259,2.640085458755493,0,98.39369201660156
806.6700000000001,1.4724664911703214,0.6933088510640857,0.21999999999999997,0.17948717948717968,12.227037259,2.640085458755493,0,98.39369201660156
806.6700000000001,1.4792399639213798,0.6964507302023967,0.21999999999999997,0.17948717948717968,12.156578333,2.640085458755493,0,98.39369201660156
806.7700000000001,1.4792399639213798,0.6964507302023967,0.21999999999999997,0.23076923076923095,12.156578333,2.640085458755493,0,98.39369201660156
806.7700000000001,1.4792399639213798,0.6964507302023967,0.21999999999999997,0.23076923076923095,12.156578333,2.640085458755493,0,98.39369201660156
806.7700000000001,1.4860025750302301,0.6996296371717506,0.21999999999999997,0.23076923076923095,12.156578333,2.640085458755493,0,98.39369201660156
806.7700000000001,1.4860025750302301,0.6996296371717506,0.21999999999999997,0.23076923076923095,12.087231064,2.640085458755493,0,98.39369201660156
806.7700000000001,1.4860025750302301,0.6996296371717506,0.21999999999999997,0.23076923076923095,12.087231064,2.640085458755493,0,98.39369201660156
806.7700000000001,1.4860025750302301,0.6996296371717506,0.21999999999999997,0.23076923076923095,12.087231064,2.640085458755493,0,98.39369201660156
806.7700000000001,1.4927584107437604,0.7028226751423342,0.21999999999999997,0.23076923076923095,11.839526406000001,2.590085506439209,0,98.39369201660156
806.7700000000001,1.4927584107437604,0.7028226751423342,0.21999999999999997,0.23076923076923095,11.839526406000001,2.590085506439209,0,98.39369201660156
806.7700000000001,1.4927584107437604,0.7028226751423342,0.21999999999999997,0.23076923076923095,11.839526406000001,2.590085506439209,0,98.39369201660156
806.7700000000001,1.4995008775317926,0.7060370541430385,0.21999999999999997,0.23076923076923095,11.839526406000001,2.590085506439209,0,98.39369201660156
806.87,1.4995008775317926,0.7060370541430385,0.21999999999999997,0.12820512820512842,11.842004852,2.590085506439209,0,98.39369201660156
806.87,1.4995008775317926,0.7060370541430385,0.21999999999999997,0.12820512820512842,11.842004852,2.590085506439209,0,98.39369201660156
806.87,1.5062122189592027,0.7093021327330337,0.21999999999999997,0.12820512820512842,11.842004852,2.590085506439209,0,98.39369201660156
806.87,1.5062122189592027,0.7093021327330337,0.21999999999999997,0.12820512820512842,11.822585494,2.590085506439209,0,98.39369201660156
806.87,1.5062122189592027,0.7093021327330337,0.21999999999999997,0.12820512820512842,11.822585494,2.590085506439209,0,98.39369201660156
806.87,1.5062122189592027,0.7093021327330337,0.21999999999999997,0.12820512820512842,11.822585494,2.590085506439209,0,98.39369201660156
806.87,1.5062122189592027,0.7093021327330337,0.21999999999999997,0.12820512820512842,11.822585494,2.590085506439209,0,98.39369201660156
806.87,1.5128896190302037,0.7126403917780292,0.21999999999999997,0.12820512820512842,11.822649262,2.590085506439209,0,98.39369201660156
806.87,1.5128896190302037,0.7126403917780292,0.21999999999999997,0.12820512820512842,11.822649262,2.590085506439209,0,98.39369201660156
806.87,1.5128896190302037,0.7126403917780292,0.21999999999999997,0.12820512820512842,11.822649262,2.590085506439209,0,98.39369201660156
806.87,1.5128896190302037,0.7126403917780292,0.20842105263157892,0.07692307692307715,11.822649262,2.590085506439209,0,98.39369201660156
806.87,1.519537392684487,0.7160439346210281,0.20842105263157892,0.07692307692307715,11.800122567,2.590085506439209,0,98.39369201660156
806.97,1.519537392684487,0.7160439346210281,0.20842105263157892,0.07692307692307715,11.800122567,2.590085506439209,0,98.39369201660156
806.97,1.519537392684487,0.7160439346210281,0.20842105263157892,0.07692307692307715,11.800122567,2.590085506439209,0,98.39369201660156
806.97,1.5257167755973653,0.7192448905731295,0.20842105263157892,0.07692307692307715,11.800122567,2.590085506439209,0,98.39369201660156
806.97,1.5257167755973653,0.7192448905731295,0.20842105263157892,0.07692307692307715,11.888202217,2.590085506439209,0,98.39369201660156
806.97,1.5257167755973653,0.7192448905731295,0.20842105263157892,0.07692307692307715,11.888202217,2.590085506439209,0,98.39369201660156
806.97,1.5257167755973653,0.7192448905731295,0.20842105263157892,0.07692307692307715,11.888202217,2.590085506439209,0,98.39369201660156
806.97,1.5257167755973653,0.7192448905731295,0.20842105263157892,0.07692307692307715,11.888202217,2.590085506439209,0,98.39369201660156
806.97,1.5319994823277816,0.722514115087119,0.20842105263157892,0.07692307692307715,11.724646925,2.540085554122925,0,98.39369201660156
806.97,1.5319994823277816,0.722514115087119,0.20842105263157892,0.02564102564102587,11.724646925,2.540085554122925,0,98.39369201660156
806.97,1.5319994823277816,0.722514115087119,0.20842105263157892,0.02564102564102587,11.724646925,2.540085554122925,0,98.39369201660156
806.97,1.5382736892835658,0.7257980566698441,0.20842105263157892,0.02564102564102587,11.793039569,2.540085554122925,0,98.39369201660156
807.07,1.5382736892835658,0.7257980566698441,0.20842105263157892,0.02564102564102587,11.793039569,2.540085554122925,0,98.28324890136719
807.07,1.5382736892835658,0.7257980566698441,0.20842105263157892,0.02564102564102587,11.793039569,2.540085554122925,0,98.28324890136719
807.07,1.5382736892835658,0.7257980566698441,0.20842105263157892,0.02564102564102587,11.793039569,2.540085554122925,0,98.28324890136719
807.07,1.544540739132105,0.7290984300813418,0.20842105263157892,0.02564102564102587,11.86276498,2.540085554122925,0,98.28324890136719
807.07,1.544540739132105,0.7290984300813418,0.20842105263157892,0.02564102564102587,11.86276498,2.540085554122925,0,98.28324890136719
807.07,1.544540739132105,0.7290984300813418,0.20842105263157892,0.02564102564102587,11.86276498,2.540085554122925,0,98.28324890136719
807.07,1.544540739132105,0.7290984300813418,0.20842105263157892,0.02564102564102587,11.86276498,2.540085554122925,0,98.28324890136719
807.07,1.5508011837271207,0.7324129614591228,0.19684210526315787,0.0,11.86276498,2.540085554122925,0,98.28324890136719
807.07,1.5508011837271207,0.7324129614591228,0.19684210526315787,0.0,11.931245686,2.540085554122925,0,98.28324890136719
807.07,1.5508011837271207,0.7324129614591228,0.19684210526315787,0.0,11.931245686,2.540085554122925,0,98.28324890136719
807.07,1.5508011837271207,0.7324129614591228,0.19684210526315787,0.0,11.931245686,2.540085554122925,0,98.28324890136719
807.07,1.556713154065613,0.7355492215396501,0.19684210526315787,0.0,12.075396884,2.540085554122925,0,98.28324890136719
807.1700000000001,1.556713154065613,0.7355492215396501,0.19684210526315787,0.0,12.075396884,2.540085554122925,0,98.28324890136719
807.1700000000001,1.556713154065613,0.7355492215396501,0.19684210526315787,0.0,12.075396884,2.540085554122925,0,98.28324890136719
807.1700000000001,1.556713154065613,0.7355492215396501,0.19684210526315787,0.0,12.075396884,2.540085554122925,0,98.28324890136719
807.1700000000001,1.556713154065613,0.7355492215396501,0.19684210526315787,0.0,12.075396884,2.540085554122925,0,98.28324890136719
807.1700000000001,1.5626254433688198,0.7386863353873068,0.19684210526315787,0.0,12.217225216,2.540085554122925,0,98.28324890136719
807.1700000000001,1.5626254433688198,0.7386863353873068,0.21999999999999997,0.12820512820512842,12.217225216,2.540085554122925,0,98.28324890136719
807.1700000000001,1.5626254433688198,0.7386863353873068,0.21999999999999997,0.12820512820512842,12.217225216,2.540085554122925,0,98.28324890136719
807.1700000000001,1.5685366114830595,0.7418236111289858,0.21999999999999997,0.12820512820512842,12.217225216,2.540085554122925,0,98.28324890136719
807.1700000000001,1.5685366114830595,0.7418236111289858,0.21999999999999997,0.12820512820512842,12.364931078,2.540085554122925,0,98.28324890136719
807.1700000000001,1.5685366114830595,0.7418236111289858,0.21999999999999997,0.12820512820512842,12.364931078,2.540085554122925,0,98.28324890136719
807.1700000000001,1.5685366114830595,0.7418236111289858,0.21999999999999997,0.12820512820512842,12.364931078,2.540085554122925,0,98.28324890136719
807.2700000000001,1.5751349008904876,0.745326659340616,0.21999999999999997,0.12820512820512842,12.365508613,2.540085554122925,0,98.28324890136719
807.2700000000001,1.5751349008904876,0.745326659340616,0.21999999999999997,0.12820512820512842,12.365508613,2.540085554122925,0,98.28324890136719
807.2700000000001,1.5751349008904876,0.745326659340616,0.21999999999999997,0.12820512820512842,12.365508613,2.540085554122925,0,98.28324890136719
807.2700000000001,1.5817225432463782,0.7488499087336914,0.21999999999999997,0.12820512820512842,12.365508613,2.540085554122925,0,98.28324890136719
807.2700000000001,1.5817225432463782,0.7488499087336914,0.21999999999999997,0.07692307692307715,12.267581338,2.540085554122925,0,98.28324890136719
807.2700000000001,1.5817225432463782,0.7488499087336914,0.21999999999999997,0.07692307692307715,12.267581338,2.540085554122925,0,98.28324890136719
807.2700000000001,1.5817225432463782,0.7488499087336914,0.21999999999999997,0.07692307692307715,12.267581338,2.540085554122925,0,98.28324890136719
807.2700000000001,1.5817225432463782,0.7488499087336914,0.21999999999999997,0.07692307692307715,12.267581338,2.540085554122925,0,98.28324890136719
807.2700000000001,1.588285290222198,0.7524140225873587,0.21999999999999997,0.07692307692307715,11.839921655,2.4664785861968994,0,98.28324890136719
807.2700000000001,1.588285290222198,0.7524140225873587,0.21999999999999997,0.07692307692307715,12.037180445,2.5075714588165283,0,98.28324890136719
807.2700000000001,1.588285290222198,0.7524140225873587,0.21999999999999997,0.07692307692307715,12.037180445,2.5075714588165283,0,98.28324890136719
807.2700000000001,1.588285290222198,0.7524140225873587,0.21999999999999997,0.07692307692307715,12.037180445,2.5075714588165283,0,98.28324890136719
807.37,1.5948228606318215,0.756027564785518,0.21999999999999997,0.07692307692307715,11.964104626,2.5075714588165283,0,98.28324890136719
807.37,1.5948228606318215,0.756027564785518,0.21999999999999997,0.17948717948717968,11.964104626,2.5075714588165283,0,98.28324890136719
807.37,1.5948228606318215,0.756027564785518,0.21999999999999997,0.17948717948717968,11.964104626,2.5075714588165283,0,98.28324890136719
807.37,1.6013458355808952,0.7596761236050938,0.21999999999999997,0.17948717948717968,11.964104626,2.5075714588165283,0,98.28324890136719
807.37,1.6013458355808952,0.7596761236050938,0.21999999999999997,0.17948717948717968,11.65490365,2.457571506500244,0,98.28324890136719
807.37,1.6013458355808952,0.7596761236050938,0.21999999999999997,0.17948717948717968,11.65490365,2.457571506500244,0,98.28324890136719
807.37,1.60786353853887,0.7633362615774446,0.21999999999999997,0.17948717948717968,11.585686373,2.457571506500244,0,98.28324890136719
807.37,1.60786353853887,0.7633362615774446,0.21999999999999997,0.17948717948717968,11.585686373,2.457571506500244,0,98.28324890136719
807.37,1.60786353853887,0.7633362615774446,0.21999999999999997,0.17948717948717968,11.585686373,2.457571506500244,0,98.28324890136719
807.37,1.60786353853887,0.7633362615774446,0.21999999999999997,0.17948717948717968,11.585686373,2.457571506500244,0,98.28324890136719
807.47,1.6143748821862232,0.7670045139264513,0.21999999999999997,0.17948717948717968,11.447840474,2.457571506500244,0,98.28324890136719
807.47,1.6143748821862232,0.7670045139264513,0.21999999999999997,0.17948717948717968,11.447840474,2.457571506500244,0,98.28324890136719
807.47,1.6143748821862232,0.7670045139264513,0.20842105263157892,0.17948717948717968,11.447840474,2.457571506500244,0,98.28324890136719
807.47,1.6143748821862232,0.7670045139264513,0.20842105263157892,0.17948717948717968,11.447840474,2.457571506500244,0,98.28324890136719
807.47,1.620874353616951,0.7706720765153551,0.20842105263157892,0.17948717948717968,11.447840474,2.457571506500244,0,98.28324890136719
807.47,1.620874353616951,0.7706720765153551,0.20842105263157892,0.17948717948717968,11.318136619,2.457571506500244,0,98.28324890136719
807.47,1.620874353616951,0.7706720765153551,0.20842105263157892,0.17948717948717968,11.318136619,2.457571506500244,0,98.28324890136719
807.47,1.620874353616951,0.7706720765153551,0.20842105263157892,0.17948717948717968,11.318136619,2.457571506500244,0,98.28324890136719
807.47,1.620874353616951,0.7706720765153551,0.20842105263157892,0.17948717948717968,11.318136619,2.457571506500244,0,98.28324890136719
807.47,1.6272788151982902,0.773251326382232,0.20842105263157892,0.17948717948717968,11.25579925,2.457571506500244,0,98.28324890136719
807.47,1.6272788151982902,0.773251326382232,0.20842105263157892,0.17948717948717968,11.25579925,2.457571506500244,0,98.28324890136719
807.47,1.6272788151982902,0.773251326382232,0.21999999999999997,0.12820512820512842,11.25579925,2.457571506500244,0,98.28324890136719
807.57,1.633644370746748,0.7758945814185204,0.21999999999999997,0.12820512820512842,11.25579925,2.457571506500244,0,98.28324890136719
807.57,1.633644370746748,0.7758945814185204,0.21999999999999997,0.12820512820512842,11.320811578,2.457571506500244,0,98.18238830566406
807.57,1.633644370746748,0.7758945814185204,0.21999999999999997,0.12820512820512842,11.320811578,2.457571506500244,0,98.18238830566406
807.57,1.633644370746748,0.7758945814185204,0.21999999999999997,0.12820512820512842,11.320811578,2.457571506500244,0,98.18238830566406
807.57,1.6403155531296003,0.7787965975429376,0.21999999999999997,0.12820512820512842,11.320811578,2.457571506500244,0,98.18238830566406
807.57,1.6403155531296003,0.7787965975429376,0.21999999999999997,0.12820512820512842,11.320113883,2.457571506500244,0,98.18238830566406
807.57,1.6403155531296003,0.7787965975429376,0.21999999999999997,0.12820512820512842,11.320113883,2.457571506500244,0,98.18238830566406
807.57,1.6403155531296003,0.7787965975429376,0.21999999999999997,0.12820512820512842,11.320113883,2.457571506500244,0,98.18238830566406
807.57,1.6403155531296003,0.7787965975429376,0.21999999999999997,0.12820512820512842,11.320113883,2.457571506500244,0,98.18238830566406
807.57,1.6469697679203879,0.7817324634074938,0.21999999999999997,0.12820512820512842,11.090271385,2.407571315765381,0,98.18238830566406
807.57,1.6469697679203879,0.7817324634074938,0.21999999999999997,0.07692307692307715,11.090271385,2.407571315765381,0,98.18238830566406
807.57,1.6469697679203879,0.7817324634074938,0.21999999999999997,0.07692307692307715,11.090271385,2.407571315765381,0,98.18238830566406
807.6700000000001,1.653613426731067,0.7846879367929683,0.21999999999999997,0.07692307692307715,11.090271385,2.407571315765381,0,98.18238830566406
807.6700000000001,1.653613426731067,0.7846879367929683,0.21999999999999997,0.07692307692307715,11.091227258,2.407571315765381,0,98.18238830566406
807.6700000000001,1.653613426731067,0.7846879367929683,0.21999999999999997,0.07692307692307715,11.091227258,2.407571315765381,0,98.18238830566406
807.6700000000001,1.653613426731067,0.7846879367929683,0.21999999999999997,0.07692307692307715,11.091227258,2.407571315765381,0,98.18238830566406
807.6700000000001,1.6602068610695204,0.7877990727458388,0.21999999999999997,0.07692307692307715,11.089512518,2.407571315765381,0,98.18238830566406
807.6700000000001,1.6602068610695204,0.7877990727458388,0.21999999999999997,0.07692307692307715,11.089512518,2.407571315765381,0,98.18238830566406
807.6700000000001,1.6602068610695204,0.7877990727458388,0.21999999999999997,0.07692307692307715,11.089512518,2.407571315765381,0,98.18238830566406
807.6700000000001,1.6665523595431442,0.7917489642912925,0.21999999999999997,0.07692307692307715,11.09053434,2.407571315765381,0,98.18238830566406
807.6700000000001,1.6665523595431442,0.7917489642912925,0.21999999999999997,0.07692307692307715,11.09053434,2.407571315765381,0,98.18238830566406
807.6700000000001,1.6665523595431442,0.7917489642912925,0.20842105263157892,0.17948717948717968,11.09053434,2.407571315765381,0,98.18238830566406
807.6700000000001,1.6665523595431442,0.7917489642912925,0.20842105263157892,0.17948717948717968,11.09053434,2.407571315765381,0,98.18238830566406
807.6700000000001,1.6665523595431442,0.7917489642912925,0.20842105263157892,0.17948717948717968,11.09053434,2.407571315765381,0,98.18238830566406
807.7700000000001,1.6728826847368357,0.7957206258715575,0.20842105263157892,0.17948717948717968,11.090188089,2.407571315765381,0,98.18238830566406
807.7700000000001,1.6728826847368357,0.7957206258715575,0.20842105263157892,0.17948717948717968,11.090188089,2.407571315765381,0,98.18238830566406
807.7700000000001,1.6728826847368357,0.7957206258715575,0.20842105263157892,0.17948717948717968,11.090188089,2.407571315765381,0,98.18238830566406
807.7700000000001,1.6728826847368357,0.7957206258715575,0.20842105263157892,0.17948717948717968,11.090188089,2.407571315765381,0,98.18238830566406
807.7700000000001,1.6788621305657105,0.799506054910965,0.20842105263157892,0.17948717948717968,11.154186178,2.407571315765381,0,98.18238830566406
807.7700000000001,1.6788621305657105,0.799506054910965,0.21999999999999997,0.23076923076923095,11.154186178,2.407571315765381,0,98.18238830566406
807.7700000000001,1.6788621305657105,0.799506054910965,0.21999999999999997,0.23076923076923095,11.154186178,2.407571315765381,0,98.18238830566406
807.7700000000001,1.6788621305657105,0.799506054910965,0.21999999999999997,0.23076923076923095,11.154186178,2.407571315765381,0,98.18238830566406
807.7700000000001,1.6848213315998886,0.803320606600991,0.21999999999999997,0.23076923076923095,11.154186178,2.407571315765381,0,98.18238830566406
807.7700000000001,1.6848213315998886,0.803320606600991,0.21999999999999997,0.23076923076923095,11.15213502,2.407571315765381,0,98.18238830566406
807.7700000000001,1.6848213315998886,0.803320606600991,0.21999999999999997,0.23076923076923095,11.15213502,2.407571315765381,0,98.18238830566406
807.7700000000001,1.6848213315998886,0.803320606600991,0.21999999999999997,0.23076923076923095,11.15213502,2.407571315765381,0,98.18238830566406
807.87,1.6910745542923404,0.8073909469800644,0.21999999999999997,0.23076923076923095,10.920529529,2.3575713634490967,0,98.18238830566406
807.87,1.6910745542923404,0.8073909469800644,0.21999999999999997,0.23076923076923095,10.856663772000001,2.3575713634490967,0,98.18238830566406
807.87,1.6910745542923404,0.8073909469800644,0.21999999999999997,0.23076923076923095,10.856663772000001,2.3575713634490967,0,98.18238830566406
807.87,1.6910745542923404,0.8073909469800644,0.21999999999999997,0.23076923076923095,10.856663772000001,2.3575713634490967,0,98.18238830566406
807.87,1.6972895078357528,0.8115232906585047,0.20842105263157892,0.17948717948717968,10.856602379,2.3575713634490967,0,98.18238830566406
807.87,1.6972895078357528,0.8115232906585047,0.20842105263157892,0.17948717948717968,10.856602379,2.3575713634490967,0,98.18238830566406
807.87,1.6972895078357528,0.8115232906585047,0.20842105263157892,0.17948717948717968,10.856602379,2.3575713634490967,0,98.18238830566406
807.87,1.6972895078357528,0.8115232906585047,0.20842105263157892,0.17948717948717968,10.856602379,2.3575713634490967,0,98.18238830566406
807.87,1.703137290827315,0.8155002152846583,0.20842105263157892,0.17948717948717968,10.856602379,2.3575713634490967,0,98.18238830566406
807.87,1.703137290827315,0.8155002152846583,0.20842105263157892,0.17948717948717968,10.921947557,2.3575713634490967,0,98.18238830566406
807.87,1.703137290827315,0.8155002152846583,0.20842105263157892,0.17948717948717968,10.921947557,2.3575713634490967,0,98.18238830566406
807.87,1.703137290827315,0.8155002152846583,0.20842105263157892,0.17948717948717968,10.921947557,2.3575713634490967,0,98.18238830566406
807.97,1.703137290827315,0.8155002152846583,0.20842105263157892,0.17948717948717968,10.921947557,2.3575713634490967,0,98.18238830566406
807.97,1.7089520239471179,0.8195302534688496,0.20842105263157892,0.17948717948717968,10.987372151,2.3575713634490967,0,98.18238830566406
807.97,1.7089520239471179,0.8195302534688496,0.19684210526315787,0.17948717948717968,10.987372151,2.3575713634490967,0,98.18238830566406
807.97,1.7089520239471179,0.8195302534688496,0.19684210526315787,0.17948717948717968,10.987372151,2.3575713634490967,0,98.18238830566406
807.97,1.7147435498745458,0.8235976412196132,0.19684210526315787,0.17948717948717968,11.055812129,2.3575713634490967,0,98.18238830566406
807.97,1.7147435498745458,0.8235976412196132,0.19684210526315787,0.17948717948717968,11.055812129,2.3575713634490967,0,98.18238830566406
807.97,1.7147435498745458,0.8235976412196132,0.19684210526315787,0.17948717948717968,11.055812129,2.3575713634490967,0,98.18238830566406
807.97,1.7147435498745458,0.8235976412196132,0.19684210526315787,0.17948717948717968,11.055812129,2.3575713634490967,0,98.18238830566406
807.97,1.7201980184534726,0.8274616328306627,0.19684210526315787,0.17948717948717968,11.187653716,2.3575713634490967,0,98.18238830566406
807.97,1.7201980184534726,0.8274616328306627,0.19684210526315787,0.17948717948717968,11.187653716,2.3575713634490967,0,98.18238830566406
807.97,1.7201980184534726,0.8274616328306627,0.19684210526315787,0.17948717948717968,11.187653716,2.3575713634490967,0,98.18238830566406
808.07,1.7201980184534726,0.8274616328306627,0.19684210526315787,0.17948717948717968,11.187653716,2.3575713634490967,0,98.0748062133789
808.07,1.7256352993420647,0.8313499451154287,0.21999999999999997,0.12820512820512842,11.32540756,2.3575713634490967,0,98.0748062133789
808.07,1.7256352993420647,0.8313499451154287,0.21999999999999997,0.12820512820512842,11.32540756,2.3575713634490967,0,98.0748062133789
808.07,1.7256352993420647,0.8313499451154287,0.21999999999999997,0.12820512820512842,11.32540756,2.3575713634490967,0,98.0748062133789
808.07,1.731042945118547,0.8352738369002871,0.21999999999999997,0.12820512820512842,11.394002619,2.3575713634490967,0,98.0748062133789
808.07,1.731042945118547,0.8352738369002871,0.21999999999999997,0.12820512820512842,11.394002619,2.3575713634490967,0,98.0748062133789
808.07,1.731042945118547,0.8352738369002871,0.21999999999999997,0.12820512820512842,11.394002619,2.3575713634490967,0,98.0748062133789
808.07,1.7370506661454748,0.839703526329372,0.21999999999999997,0.12820512820512842,11.394002619,2.3575713634490967,0,98.0748062133789
808.07,1.7370506661454748,0.839703526329372,0.21999999999999997,0.12820512820512842,11.327181264,2.3575713634490967,0,98.0748062133789
808.07,1.7370506661454748,0.839703526329372,0.21999999999999997,0.12820512820512842,11.327181264,2.3575713634490967,0,98.0748062133789
808.1700000000001,1.7370506661454748,0.839703526329372,0.21999999999999997,0.12820512820512842,11.327181264,2.3575713634490967,0,98.0748062133789
808.1700000000001,1.7430303411034866,0.8441810697345187,0.21999999999999997,0.12820512820512842,11.326174911,2.3575713634490967,0,98.0748062133789
808.1700000000001,1.7430303411034866,0.8441810697345187,0.21999999999999997,0.12820512820512842,10.972555303,2.2839646339416504,0,98.0748062133789
808.1700000000001,1.7430303411034866,0.8441810697345187,0.21999999999999997,0.12820512820512842,10.972555303,2.2839646339416504,0,98.0748062133789
808.1700000000001,1.7430303411034866,0.8441810697345187,0.21999999999999997,0.12820512820512842,10.972555303,2.2839646339416504,0,98.0748062133789
808.1700000000001,1.7489893014003692,0.8486885388707502,0.21999999999999997,0.12820512820512842,10.973731291,2.2839646339416504,0,98.0748062133789
808.1700000000001,1.7489893014003692,0.8486885388707502,0.21999999999999997,0.12820512820512842,10.973731291,2.2839646339416504,0,98.0748062133789
808.1700000000001,1.7489893014003692,0.8486885388707502,0.21999999999999997,0.12820512820512842,10.973731291,2.2839646339416504,0,98.0748062133789
808.1700000000001,1.754936434189962,0.8532134505241861,0.21999999999999997,0.12820512820512842,11.171168887,2.3250572681427,0,98.0748062133789
808.1700000000001,1.754936434189962,0.8532134505241861,0.21999999999999997,0.12820512820512842,10.863992391,2.275057315826416,0,98.0748062133789
808.1700000000001,1.754936434189962,0.8532134505241861,0.21999999999999997,0.12820512820512842,10.863992391,2.275057315826416,0,98.0748062133789
808.2700000000001,1.754936434189962,0.8532134505241861,0.20842105263157892,0.02564102564102587,10.863992391,2.275057315826416,0,98.0748062133789
808.2700000000001,1.7608725064015884,0.8577531526268185,0.20842105263157892,0.02564102564102587,10.863992391,2.275057315826416,0,98.0748062133789
808.2700000000001,1.7608725064015884,0.8577531526268185,0.20842105263157892,0.02564102564102587,10.796199287,2.275057315826416,0,98.0748062133789
808.2700000000001,1.7608725064015884,0.8577531526268185,0.20842105263157892,0.02564102564102587,10.796199287,2.275057315826416,0,98.0748062133789
808.2700000000001,1.7664825995835323,0.8620753670341971,0.20842105263157892,0.02564102564102587,10.796199287,2.275057315826416,0,98.0748062133789
808.2700000000001,1.7664825995835323,0.8620753670341971,0.20842105263157892,0.02564102564102587,10.794970826,2.275057315826416,0,98.0748062133789
808.2700000000001,1.7664825995835323,0.8620753670341971,0.20842105263157892,0.02564102564102587,10.794970826,2.275057315826416,0,98.0748062133789
808.2700000000001,1.7664825995835323,0.8620753670341971,0.20842105263157892,0.02564102564102587,10.794970826,2.275057315826416,0,98.0748062133789
808.2700000000001,1.7664825995835323,0.8620753670341971,0.20842105263157892,0.02564102564102587,10.794970826,2.275057315826416,0,98.0748062133789
808.2700000000001,1.772077170887734,0.8664190108300558,0.20842105263157892,0.02564102564102587,10.794970826,2.275057315826416,0,98.0748062133789
808.2700000000001,1.772077170887734,0.8664190108300558,0.21999999999999997,0.12820512820512842,10.731200615,2.275057315826416,0,98.0748062133789
808.37,1.772077170887734,0.8664190108300558,0.21999999999999997,0.12820512820512842,10.731200615,2.275057315826416,0,98.0748062133789
808.37,1.772077170887734,0.8664190108300558,0.21999999999999997,0.12820512820512842,10.731200615,2.275057315826416,0,98.0748062133789
808.37,1.7776603783874985,0.8707801671482441,0.21999999999999997,0.12820512820512842,10.731200615,2.275057315826416,0,98.0748062133789
808.37,1.7776603783874985,0.8707801671482441,0.21999999999999997,0.12820512820512842,10.665413809,2.275057315826416,0,98.0748062133789
808.37,1.7776603783874985,0.8707801671482441,0.21999999999999997,0.12820512820512842,10.665413809,2.275057315826416,0,98.0748062133789
808.37,1.7776603783874985,0.8707801671482441,0.21999999999999997,0.12820512820512842,10.665413809,2.275057315826416,0,98.0748062133789
808.37,1.7776603783874985,0.8707801671482441,0.21999999999999997,0.12820512820512842,10.665413809,2.275057315826416,0,98.0748062133789
808.37,1.7835475277939306,0.8753819875392503,0.21999999999999997,0.12820512820512842,10.665413809,2.275057315826416,0,98.0748062133789
808.37,1.7835475277939306,0.8753819875392503,0.21999999999999997,0.12820512820512842,10.540659647,2.275057315826416,0,98.0748062133789
808.37,1.7835475277939306,0.8753819875392503,0.21999999999999997,0.07692307692307715,10.540659647,2.275057315826416,0,98.0748062133789
808.37,1.7835475277939306,0.8753819875392503,0.21999999999999997,0.07692307692307715,10.540659647,2.275057315826416,0,98.0748062133789
808.37,1.7894284637447058,0.8799946101456316,0.21999999999999997,0.07692307692307715,10.536467413,2.275057315826416,0,98.0748062133789
808.37,1.7894284637447058,0.8799946101456316,0.21999999999999997,0.07692307692307715,10.536467413,2.275057315826416,0,98.0748062133789
808.47,1.7894284637447058,0.8799946101456316,0.21999999999999997,0.07692307692307715,10.536467413,2.275057315826416,0,98.0748062133789
808.47,1.7894284637447058,0.8799946101456316,0.21999999999999997,0.07692307692307715,10.536467413,2.275057315826416,0,98.0748062133789
808.47,1.7952879844652871,0.8846333974049024,0.21999999999999997,0.07692307692307715,10.537916369,2.275057315826416,0,98.0748062133789
808.47,1.7952879844652871,0.8846333974049024,0.21999999999999997,0.07692307692307715,10.537916369,2.275057315826416,0,98.0748062133789
808.47,1.7952879844652871,0.8846333974049024,0.21999999999999997,0.07692307692307715,10.537916369,2.275057315826416,0,98.0748062133789
808.47,1.7952879844652871,0.8846333974049024,0.21999999999999997,0.07692307692307715,10.537916369,2.275057315826416,0,98.0748062133789
808.47,1.801119306496481,0.8893056223324868,0.21999999999999997,0.02564102564102587,10.25131183,2.213253974914551,0,98.0748062133789
808.47,1.801119306496481,0.8893056223324868,0.21999999999999997,0.02564102564102587,10.25131183,2.213253974914551,0,98.0748062133789
808.47,1.801119306496481,0.8893056223324868,0.21999999999999997,0.02564102564102587,10.25131183,2.213253974914551,0,98.0748062133789
808.47,1.8069322139581268,0.8940085119733834,0.21999999999999997,0.02564102564102587,10.249115527,2.213253974914551,0,98.0748062133789
808.57,1.8069322139581268,0.8940085119733834,0.21999999999999997,0.02564102564102587,10.249115527,2.213253974914551,0,98.0748062133789
808.57,1.8069322139581268,0.8940085119733834,0.21999999999999997,0.02564102564102587,10.249115527,2.213253974914551,0,97.96548461914062
808.57,1.8127425976839142,0.8987184303582523,0.21999999999999997,0.02564102564102587,10.250402772,2.213253974914551,0,97.96548461914062
808.57,1.8127425976839142,0.8987184303582523,0.21999999999999997,0.02564102564102587,10.250402772,2.213253974914551,0,97.96548461914062
808.57,1.8127425976839142,0.8987184303582523,0.21999999999999997,0.02564102564102587,10.250402772,2.213253974914551,0,97.96548461914062
808.57,1.8127425976839142,0.8987184303582523,0.21999999999999997,0.0,10.250402772,2.213253974914551,0,97.96548461914062
808.57,1.8185624917274235,0.9034186745816497,0.21999999999999997,0.0,10.187961676,2.213253974914551,0,97.96548461914062
808.57,1.8185624917274235,0.9034186745816497,0.21999999999999997,0.0,10.187961676,2.213253974914551,0,97.96548461914062
808.57,1.8185624917274235,0.9034186745816497,0.21999999999999997,0.0,10.187961676,2.213253974914551,0,97.96548461914062
808.57,1.8185624917274235,0.9034186745816497,0.21999999999999997,0.0,10.187961676,2.213253974914551,0,97.96548461914062
808.57,1.8243905233741988,0.908109740528151,0.21999999999999997,0.0,10.128126635,2.213253974914551,0,97.96548461914062
808.6700000000001,1.8243905233741988,0.908109740528151,0.21999999999999997,0.0,10.128126635,2.213253974914551,0,97.96548461914062
808.6700000000001,1.8243905233741988,0.908109740528151,0.21999999999999997,0.0,10.128126635,2.213253974914551,0,97.96548461914062
808.6700000000001,1.8302195434878263,0.9127957900989176,0.21999999999999997,0.0,10.068471011,2.213253974914551,0,97.96548461914062
808.6700000000001,1.8302195434878263,0.9127957900989176,0.21999999999999997,0.0,10.068471011,2.213253974914551,0,97.96548461914062
808.6700000000001,1.8302195434878263,0.9127957900989176,0.21999999999999997,0.0,10.068471011,2.213253974914551,0,97.96548461914062
808.6700000000001,1.8302195434878263,0.9127957900989176,0.20842105263157892,0.02564102564102587,10.068471011,2.213253974914551,0,97.96548461914062
808.6700000000001,1.8360416881598565,0.9174904619409279,0.20842105263157892,0.02564102564102587,10.067727928,2.213253974914551,0,97.96548461914062
808.6700000000001,1.8360416881598565,0.9174904619409279,0.20842105263157892,0.02564102564102587,10.067727928,2.213253974914551,0,97.96548461914062
808.6700000000001,1.8360416881598565,0.9174904619409279,0.20842105263157892,0.02564102564102587,10.067727928,2.213253974914551,0,97.96548461914062
808.6700000000001,1.841546388541466,0.9219432921888464,0.20842105263157892,0.02564102564102587,10.067727928,2.213253974914551,0,97.96548461914062
808.6700000000001,1.841546388541466,0.9219432921888464,0.20842105263157892,0.02564102564102587,10.067727928,2.213253974914551,0,97.96548461914062
808.7700000000001,1.841546388541466,0.9219432921888464,0.20842105263157892,0.02564102564102587,10.127638107,2.213253974914551,0,97.96548461914062
808.7700000000001,1.841546388541466,0.9219432921888464,0.20842105263157892,0.02564102564102587,10.127638107,2.213253974914551,0,97.96548461914062
808.7700000000001,1.8470342792037204,0.9264176482194115,0.20842105263157892,0.02564102564102587,10.127638107,2.213253974914551,0,97.96548461914062
808.7700000000001,1.8470342792037204,0.9264176482194115,0.19684210526315787,0.02564102564102587,10.185479253,2.213253974914551,0,97.96548461914062
808.7700000000001,1.8470342792037204,0.9264176482194115,0.19684210526315787,0.02564102564102587,10.185479253,2.213253974914551,0,97.96548461914062
808.7700000000001,1.8470342792037204,0.9264176482194115,0.19684210526315787,0.02564102564102587,10.185479253,2.213253974914551,0,97.96548461914062
808.7700000000001,1.85250215206874,0.9309178420962388,0.19684210526315787,0.02564102564102587,9.916834486,2.142543315887451,0,97.96548461914062
808.7700000000001,1.85250215206874,0.9309178420962388,0.19684210526315787,0.02564102564102587,9.916834486,2.142543315887451,0,97.96548461914062
808.7700000000001,1.85250215206874,0.9309178420962388,0.19684210526315787,0.02564102564102587,9.916834486,2.142543315887451,0,97.96548461914062
808.7700000000001,1.85250215206874,0.9309178420962388,0.19684210526315787,0.02564102564102587,9.916834486,2.142543315887451,0,97.96548461914062
808.7700000000001,1.85250215206874,0.9309178420962388,0.19684210526315787,0.02564102564102587,9.916834486,2.142543315887451,0,97.96548461914062
808.87,1.8576567272501696,0.9351858274406533,0.19684210526315787,0.02564102564102587,10.033530621,2.142543315887451,0,97.96548461914062
808.87,1.8576567272501696,0.9351858274406533,0.19684210526315787,0.02564102564102587,10.033530621,2.142543315887451,0,97.96548461914062
808.87,1.8576567272501696,0.9351858274406533,0.19684210526315787,0.02564102564102587,10.033530621,2.142543315887451,0,97.96548461914062
808.87,1.8628124746256791,0.9394544724012037,0.21999999999999997,0.0,10.155332104,2.142543315887451,0,97.96548461914062
808.87,1.8628124746256791,0.9394544724012037,0.21999999999999997,0.0,10.155332104,2.142543315887451,0,97.96548461914062
808.87,1.8628124746256791,0.9394544724012037,0.21999999999999997,0.0,10.155332104,2.142543315887451,0,97.96548461914062
808.87,1.8673178088567155,0.9447294013098265,0.21999999999999997,0.0,10.155332104,2.142543315887451,0,97.96548461914062
808.87,1.8673178088567155,0.9447294013098265,0.21999999999999997,0.0,10.155332104,2.142543315887451,0,97.96548461914062
808.87,1.8673178088567155,0.9447294013098265,0.21999999999999997,0.0,10.157827878,2.142543315887451,0,97.96548461914062
808.87,1.8673178088567155,0.9447294013098265,0.21999999999999997,0.0,10.157827878,2.142543315887451,0,97.96548461914062
808.87,1.8673178088567155,0.9447294013098265,0.21999999999999997,0.0,10.157827878,2.142543315887451,0,97.96548461914062
808.87,1.8702268186977067,0.9506551208211891,0.21999999999999997,0.0,10.156431494,2.142543315887451,0,97.96548461914062
808.97,1.8702268186977067,0.9506551208211891,0.21999999999999997,0.0,10.156431494,2.142543315887451,0,97.96548461914062
808.97,1.8702268186977067,0.9506551208211891,0.21999999999999997,0.0,10.156431494,2.142543315887451,0,97.96548461914062
808.97,1.8702268186977067,0.9506551208211891,0.21999999999999997,0.0,10.156431494,2.142543315887451,0,97.96548461914062
808.97,1.8731306541765997,0.9565847881937454,0.21999999999999997,0.0,10.157323358,2.142543315887451,0,97.96548461914062
808.97,1.8731306541765997,0.9565847881937454,0.21999999999999997,0.0,10.157323358,2.142543315887451,0,97.96548461914062
808.97,1.8731306541765997,0.9565847881937454,0.21999999999999997,0.0,10.157323358,2.142543315887451,0,97.96548461914062
808.97,1.8760252108990259,0.9625233408048022,0.21999999999999997,0.0,10.157794737,2.142543315887451,0,97.96548461914062
808.97,1.8760252108990259,0.9625233408048022,0.21999999999999997,0.0,10.157794737,2.142543315887451,0,97.96548461914062
808.97,1.8760252108990259,0.9625233408048022,0.21999999999999997,0.0,10.157794737,2.142543315887451,0,97.96548461914062
809.07,1.8789112170342173,0.9684729945092496,0.21999999999999997,0.0,10.157794737,2.142543315887451,0,97.96548461914062
809.07,1.8789112170342173,0.9684729945092496,0.20842105263157892,0.0,10.096949083,2.142543315887451,0,97.96548461914062
809.07,1.8789112170342173,0.9684729945092496,0.20842105263157892,0.0,10.096949083,2.142543315887451,0,97.96548461914062
809.07,1.8789112170342173,0.9684729945092496,0.20842105263157892,0.0,10.096949083,2.142543315887451,0,97.86192321777344
809.07,1.8789112170342173,0.9684729945092496,0.20842105263157892,0.0,10.096949083,2.142543315887451,0,97.86192321777344
809.07,1.8789112170342173,0.9684729945092496,0.20842105263157892,0.0,10.096949083,2.142543315887451,0,97.86192321777344
809.07,1.8814921398795286,0.9741796461711975,0.20842105263157892,0.0,10.095952526,2.142543315887451,0,97.86192321777344
809.07,1.8814921398795286,0.9741796461711975,0.20842105263157892,0.0,10.095952526,2.142543315887451,0,97.86192321777344
809.07,1.8814921398795286,0.9741796461711975,0.20842105263157892,0.0,10.095952526,2.142543315887451,0,97.86192321777344
809.07,1.8814921398795286,0.9741796461711975,0.20842105263157892,0.0,10.095952526,2.142543315887451,0,97.86192321777344
809.07,1.8859321696808287,0.9791219889539114,0.20842105263157892,0.0,10.095198793,2.142543315887451,0,97.86192321777344
809.07,1.8859321696808287,0.9791219889539114,0.20842105263157892,0.0,10.104703189,2.1445603370666504,0,97.86192321777344
809.07,1.8859321696808287,0.9791219889539114,0.19684210526315787,0.0,10.104703189,2.1445603370666504,0,97.86192321777344
809.07,1.8859321696808287,0.9791219889539114,0.19684210526315787,0.0,10.104703189,2.1445603370666504,0,97.86192321777344
809.1700000000001,1.8913898138030123,0.9836438225015794,0.19684210526315787,0.0,10.045998045,2.1445603370666504,0,97.86192321777344
809.1700000000001,1.8913898138030123,0.9836438225015794,0.19684210526315787,0.0,10.045998045,2.1445603370666504,0,97.86192321777344
809.1700000000001,1.8913898138030123,0.9836438225015794,0.19684210526315787,0.0,10.045998045,2.1445603370666504,0,97.86192321777344
809.1700000000001,1.8913898138030123,0.9836438225015794,0.19684210526315787,0.0,10.045998045,2.1445603370666504,0,97.86192321777344
809.1700000000001,1.8965483702383226,0.9879127285359245,0.19684210526315787,0.0,10.045998045,2.1445603370666504,0,97.86192321777344
809.1700000000001,1.8965483702383226,0.9879127285359245,0.19684210526315787,0.0,9.71135719,2.073849678039551,0,97.86192321777344
809.1700000000001,1.8965483702383226,0.9879127285359245,0.19684210526315787,0.0,9.71135719,2.073849678039551,0,97.86192321777344
809.1700000000001,1.8965483702383226,0.9879127285359245,0.19684210526315787,0.0,9.71135719,2.073849678039551,0,97.86192321777344
809.1700000000001,1.9017036993390968,0.9921818860989632,0.21999999999999997,0.0,9.829330756000001,2.073849678039551,0,97.86192321777344
809.1700000000001,1.9017036993390968,0.9921818860989632,0.21999999999999997,0.0,9.829330756000001,2.073849678039551,0,97.86192321777344
809.1700000000001,1.9017036993390968,0.9921818860989632,0.21999999999999997,0.0,9.829330756000001,2.073849678039551,0,97.86192321777344
809.1700000000001,1.9017036993390968,0.9921818860989632,0.21999999999999997,0.0,9.829330756000001,2.073849678039551,0,97.86192321777344
809.2700000000001,1.9068554097171415,0.9964534599042022,0.21999999999999997,0.0,9.950538459,2.073849678039551,0,97.86192321777344
809.2700000000001,1.9068554097171415,0.9964534599042022,0.21999999999999997,0.0,9.950538459,2.073849678039551,0,97.86192321777344
809.2700000000001,1.9068554097171415,0.9964534599042022,0.21999999999999997,0.0,9.950538459,2.073849678039551,0,97.86192321777344
809.2700000000001,1.9068554097171415,0.9964534599042022,0.21999999999999997,0.0,9.950538459,2.073849678039551,0,97.86192321777344
809.2700000000001,1.9068554097171415,0.9964534599042022,0.21999999999999997,0.0,9.950538459,2.073849678039551,0,97.86192321777344
809.2700000000001,1.912610691770365,1.0012264659036731,0.21999999999999997,0.0,9.951011024,2.073849678039551,0,97.86192321777344
809.2700000000001,1.912610691770365,1.0012264659036731,0.21999999999999997,0.0,9.951011024,2.073849678039551,0,97.86192321777344
809.2700000000001,1.912610691770365,1.0012264659036731,0.21999999999999997,0.0,9.951011024,2.073849678039551,0,97.86192321777344
809.2700000000001,1.912610691770365,1.0012264659036731,0.21999999999999997,0.0,9.951011024,2.073849678039551,0,97.86192321777344
809.2700000000001,1.912610691770365,1.0012264659036731,0.21999999999999997,0.0,9.951011024,2.073849678039551,0,97.86192321777344
809.2700000000001,1.918367607038607,1.0060016834622527,0.21999999999999997,0.0,9.948783923,2.073849678039551,0,97.86192321777344
809.2700000000001,1.918367607038607,1.0060016834622527,0.21999999999999997,0.0,9.948783923,2.073849678039551,0,97.86192321777344
809.37,1.918367607038607,1.0060016834622527,0.21999999999999997,0.0,9.948783923,2.073849678039551,0,97.86192321777344
809.37,1.9241263129831818,1.0107737872032256,0.21999999999999997,0.0,9.949149408,2.073849678039551,0,97.86192321777344
809.37,1.9241263129831818,1.0107737872032256,0.21999999999999997,0.0,9.949149408,2.073849678039551,0,97.86192321777344
809.37,1.9241263129831818,1.0107737872032256,0.21999999999999997,0.0,9.949149408,2.073849678039551,0,97.86192321777344
809.37,1.9298861064246877,1.01554472136631,0.20842105263157892,0.02564102564102587,9.889715222,2.073849678039551,0,97.86192321777344
809.37,1.9298861064246877,1.01554472136631,0.20842105263157892,0.02564102564102587,9.889715222,2.073849678039551,0,97.86192321777344
809.37,1.9298861064246877,1.01554472136631,0.20842105263157892,0.02564102564102587,9.889715222,2.073849678039551,0,97.86192321777344
809.37,1.9353434939983487,1.0200648629966458,0.20842105263157892,0.02564102564102587,9.889411032,2.073849678039551,0,97.86192321777344
809.37,1.9353434939983487,1.0200648629966458,0.20842105263157892,0.02564102564102587,9.889411032,2.073849678039551,0,97.86192321777344
809.37,1.9353434939983487,1.0200648629966458,0.20842105263157892,0.02564102564102587,9.889411032,2.073849678039551,0,97.86192321777344
809.37,1.9353434939983487,1.0200648629966458,0.20842105263157892,0.02564102564102587,9.889411032,2.073849678039551,0,97.86192321777344
809.47,1.9407959542709152,1.0245878959512051,0.20842105263157892,0.02564102564102587,9.88984991,2.073849678039551,0,97.86192321777344
809.47,1.9407959542709152,1.0245878959512051,0.20842105263157892,0.02564102564102587,9.88984991,2.073849678039551,0,97.86192321777344
809.47,1.9407959542709152,1.0245878959512051,0.20842105263157892,0.02564102564102587,9.88984991,2.073849678039551,0,97.86192321777344
809.47,1.9407959542709152,1.0245878959512051,0.19684210526315787,0.0,9.88984991,2.073849678039551,0,97.86192321777344
809.47,1.946242974990322,1.0291174490834167,0.19684210526315787,0.0,9.831895066,2.073849678039551,0,97.86192321777344
809.47,1.946242974990322,1.0291174490834167,0.19684210526315787,0.0,9.831895066,2.073849678039551,0,97.86192321777344
809.47,1.946242974990322,1.0291174490834167,0.19684210526315787,0.0,9.831895066,2.073849678039551,0,97.86192321777344
809.47,1.9513828594795442,1.0334042151317757,0.19684210526315787,0.0,9.829547778,2.073849678039551,0,97.86192321777344
809.47,1.9513828594795442,1.0334042151317757,0.19684210526315787,0.0,9.494396205,2.003139019012451,0,97.86192321777344
809.47,1.9513828594795442,1.0334042151317757,0.19684210526315787,0.0,9.494396205,2.003139019012451,0,97.86192321777344
809.57,1.9565213195198226,1.0376943116695794,0.19684210526315787,0.0,9.494396205,2.003139019012451,0,97.86192321777344
809.57,1.9565213195198226,1.0376943116695794,0.19684210526315787,0.0,9.492848995,2.003139019012451,0,97.76461791992188
809.57,1.9565213195198226,1.0376943116695794,0.19684210526315787,0.0,9.492848995,2.003139019012451,0,97.76461791992188
809.57,1.9565213195198226,1.0376943116695794,0.21999999999999997,0.02564102564102587,9.492848995,2.003139019012451,0,97.76461791992188
809.57,1.9565213195198226,1.0376943116695794,0.21999999999999997,0.02564102564102587,9.492848995,2.003139019012451,0,97.76461791992188
809.57,1.9565213195198226,1.0376943116695794,0.21999999999999997,0.02564102564102587,9.492848995,2.003139019012451,0,97.76461791992188
809.57,1.961660618238365,1.0419828715076511,0.21999999999999997,0.02564102564102587,9.609356812,2.003139019012451,0,97.76461791992188
809.57,1.961660618238365,1.0419828715076511,0.21999999999999997,0.02564102564102587,9.609356812,2.003139019012451,0,97.76461791992188
809.57,1.961660618238365,1.0419828715076511,0.21999999999999997,0.02564102564102587,9.609356812,2.003139019012451,0,97.76461791992188
809.57,1.967406036590537,1.0467677316018755,0.21999999999999997,0.02564102564102587,9.611833208,2.003139019012451,0,97.76461791992188
809.57,1.967406036590537,1.0467677316018755,0.21999999999999997,0.02564102564102587,9.611833208,2.003139019012451,0,97.76461791992188
809.57,1.967406036590537,1.0467677316018755,0.21999999999999997,0.02564102564102587,9.611833208,2.003139019012451,0,97.76461791992188
809.6700000000001,1.967406036590537,1.0467677316018755,0.21999999999999997,0.02564102564102587,9.611833208,2.003139019012451,0,97.76461791992188
809.6700000000001,1.973152831254977,1.0515527061969598,0.21999999999999997,0.02564102564102587,9.610036958,2.003139019012451,0,97.76461791992188
809.6700000000001,1.973152831254977,1.0515527061969598,0.21999999999999997,0.02564102564102587,9.610036958,2.003139019012451,0,97.76461791992188
809.6700000000001,1.973152831254977,1.0515527061969598,0.21999999999999997,0.02564102564102587,9.610036958,2.003139019012451,0,97.76461791992188
809.6700000000001,1.9788933499696715,1.0563434498330924,0.21999999999999997,0.02564102564102587,9.611006521,2.003139019012451,0,97.76461791992188
809.6700000000001,1.9788933499696715,1.0563434498330924,0.21999999999999997,0.02564102564102587,9.611006521,2.003139019012451,0,97.76461791992188
809.6700000000001,1.9788933499696715,1.0563434498330924,0.21999999999999997,0.02564102564102587,9.611006521,2.003139019012451,0,97.76461791992188
809.6700000000001,1.9788933499696715,1.0563434498330924,0.21999999999999997,0.02564102564102587,9.611006521,2.003139019012451,0,97.76461791992188
809.6700000000001,1.9846242759005708,1.0611446107657956,0.21999999999999997,0.02564102564102587,9.553783859,2.003139019012451,0,97.76461791992188
809.6700000000001,1.9846242759005708,1.0611446107657956,0.21999999999999997,0.02564102564102587,9.553783859,2.003139019012451,0,97.76461791992188
809.7700000000001,1.9846242759005708,1.0611446107657956,0.21999999999999997,0.02564102564102587,9.553783859,2.003139019012451,0,97.76461791992188
809.7700000000001,1.9903477725993652,1.0659566496628536,0.21999999999999997,0.12820512820512842,9.553783859,2.003139019012451,0,97.76461791992188
809.7700000000001,1.9903477725993652,1.0659566496628536,0.21999999999999997,0.12820512820512842,9.495177378,2.003139019012451,0,97.76461791992188
809.7700000000001,1.9903477725993652,1.0659566496628536,0.21999999999999997,0.12820512820512842,9.495177378,2.003139019012451,0,97.76461791992188
809.7700000000001,1.9903477725993652,1.0659566496628536,0.21999999999999997,0.12820512820512842,9.495177378,2.003139019012451,0,97.76461791992188
809.7700000000001,1.9960640971763168,1.0707742578236392,0.21999999999999997,0.12820512820512842,9.438692258,2.003139019012451,0,97.76461791992188
809.7700000000001,1.9960640971763168,1.0707742578236392,0.21999999999999997,0.12820512820512842,9.438692258,2.003139019012451,0,97.76461791992188
809.7700000000001,1.9960640971763168,1.0707742578236392,0.21999999999999997,0.12820512820512842,9.438692258,2.003139019012451,0,97.76461791992188
809.7700000000001,2.0017690243444872,1.0756022793438569,0.21999999999999997,0.12820512820512842,9.328892903,2.003139019012451,0,97.76461791992188
809.7700000000001,2.0017690243444872,1.0756022793438569,0.21999999999999997,0.12820512820512842,9.328892903,2.003139019012451,0,97.76461791992188
809.7700000000001,2.0017690243444872,1.0756022793438569,0.21999999999999997,0.12820512820512842,9.328892903,2.003139019012451,0,97.76461791992188
809.87,2.0017690243444872,1.0756022793438569,0.21999999999999997,0.17948717948717968,9.328892903,2.003139019012451,0,97.76461791992188
809.87,2.007450508932981,1.0804546192734399,0.21999999999999997,0.17948717948717968,8.897220718,1.9324283599853516,0,97.76461791992188
809.87,2.007450508932981,1.0804546192734399,0.21999999999999997,0.17948717948717968,8.897220718,1.9324283599853516,0,97.76461791992188
809.87,2.007450508932981,1.0804546192734399,0.21999999999999997,0.17948717948717968,8.897220718,1.9324283599853516,0,97.76461791992188
809.87,2.007450508932981,1.0804546192734399,0.21999999999999997,0.17948717948717968,8.897220718,1.9324283599853516,0,97.76461791992188
809.87,2.0130991959270803,1.0853413092397592,0.21999999999999997,0.17948717948717968,8.794589242,1.9324283599853516,0,97.76461791992188
809.87,2.0130991959270803,1.0853413092397592,0.21999999999999997,0.17948717948717968,8.794589242,1.9324283599853516,0,97.76461791992188
809.87,2.0130991959270803,1.0853413092397592,0.21999999999999997,0.17948717948717968,8.794589242,1.9324283599853516,0,97.76461791992188
809.87,2.0130991959270803,1.0853413092397592,0.21999999999999997,0.17948717948717968,8.794589242,1.9324283599853516,0,97.76461791992188
809.87,2.0187133932766734,1.090267503725102,0.21999999999999997,0.17948717948717968,8.79423484,1.9324283599853516,0,97.76461791992188
809.87,2.0187133932766734,1.090267503725102,0.20842105263157892,0.17948717948717968,8.79423484,1.9324283599853516,0,97.76461791992188
809.87,2.0187133932766734,1.090267503725102,0.20842105263157892,0.17948717948717968,8.79423484,1.9324283599853516,0,97.76461791992188
809.97,2.0187133932766734,1.090267503725102,0.20842105263157892,0.17948717948717968,8.79423484,1.9324283599853516,0,97.76461791992188
809.97,2.0187133932766734,1.090267503725102,0.20842105263157892,0.17948717948717968,8.79423484,1.9324283599853516,0,97.76461791992188
809.97,2.0242946614269433,1.095232570942604,0.20842105263157892,0.17948717948717968,8.796486775,1.9324283599853516,0,97.76461791992188
809.97,2.0242946614269433,1.095232570942604,0.20842105263157892,0.17948717948717968,8.796486775,1.9324283599853516,0,97.76461791992188
809.97,2.0242946614269433,1.095232570942604,0.20842105263157892,0.17948717948717968,8.796486775,1.9324283599853516,0,97.76461791992188
809.97,2.0242946614269433,1.095232570942604,0.20842105263157892,0.17948717948717968,8.796486775,1.9324283599853516,0,97.76461791992188
809.97,2.0242946614269433,1.095232570942604,0.20842105263157892,0.17948717948717968,8.796486775,1.9324283599853516,0,97.76461791992188
809.97,2.029560247676013,1.0999709383581828,0.20842105263157892,0.17948717948717968,8.84617875,1.9324283599853516,0,97.76461791992188
809.97,2.029560247676013,1.0999709383581828,0.21999999999999997,0.12820512820512842,8.84617875,1.9324283599853516,0,97.76461791992188
809.97,2.0348095653542395,1.1047245816273203,0.21999999999999997,0.12820512820512842,8.84617875,1.9324283599853516,0,97.76461791992188
809.97,2.0348095653542395,1.1047245816273203,0.21999999999999997,0.12820512820512842,8.907215852,1.934386968612671,0,97.76461791992188
809.97,2.0348095653542395,1.1047245816273203,0.21999999999999997,0.12820512820512842,8.907215852,1.934386968612671,0,97.76461791992188
809.97,2.0348095653542395,1.1047245816273203,0.21999999999999997,0.12820512820512842,8.907215852,1.934386968612671,0,97.76461791992188
810.07,2.0348095653542395,1.1047245816273203,0.21999999999999997,0.12820512820512842,8.907215852,1.934386968612671,0,97.76461791992188
810.07,2.0348095653542395,1.1047245816273203,0.21999999999999997,0.12820512820512842,8.907215852,1.934386968612671,0,97.65486145019531
810.07,2.0348095653542395,1.1047245816273203,0.21999999999999997,0.12820512820512842,8.907215852,1.934386968612671,0,97.65486145019531
810.07,2.0403431313492892,1.1097497054822936,0.21999999999999997,0.12820512820512842,8.909364147,1.934386968612671,0,97.65486145019531
810.07,2.0403431313492892,1.1097497054822936,0.21999999999999997,0.12820512820512842,8.909364147,1.934386968612671,0,97.65486145019531
810.07,2.0403431313492892,1.1097497054822936,0.20842105263157892,0.12820512820512842,8.909364147,1.934386968612671,0,97.65486145019531
810.07,2.045861992436382,1.1147884306875333,0.20842105263157892,0.12820512820512842,8.909364147,1.934386968612671,0,97.65486145019531
810.07,2.045861992436382,1.1147884306875333,0.20842105263157892,0.12820512820512842,8.909203736,1.934386968612671,0,97.65486145019531
810.07,2.045861992436382,1.1147884306875333,0.20842105263157892,0.12820512820512842,8.909203736,1.934386968612671,0,97.65486145019531
810.07,2.045861992436382,1.1147884306875333,0.20842105263157892,0.12820512820512842,8.909203736,1.934386968612671,0,97.65486145019531
810.07,2.045861992436382,1.1147884306875333,0.20842105263157892,0.12820512820512842,8.909203736,1.934386968612671,0,97.65486145019531
810.07,2.0510654604058325,1.1195874600025664,0.20842105263157892,0.12820512820512842,8.961038863,1.934386968612671,0,97.65486145019531
810.07,2.0510654604058325,1.1195874600025664,0.20842105263157892,0.12820512820512842,8.961038863,1.934386968612671,0,97.65486145019531
810.1700000000001,2.0510654604058325,1.1195874600025664,0.20842105263157892,0.12820512820512842,8.961038863,1.934386968612671,0,97.65486145019531
810.1700000000001,2.056236313281898,1.1244184045473862,0.21999999999999997,0.12820512820512842,8.683644763,1.8636763095855713,0,97.65486145019531
810.1700000000001,2.056236313281898,1.1244184045473862,0.21999999999999997,0.12820512820512842,8.683644763,1.8636763095855713,0,97.65486145019531
810.1700000000001,2.056236313281898,1.1244184045473862,0.21999999999999997,0.12820512820512842,8.683644763,1.8636763095855713,0,97.65486145019531
810.1700000000001,2.0613794488465973,1.12928086020737,0.21999999999999997,0.12820512820512842,8.734478685,1.8636763095855713,0,97.65486145019531
810.1700000000001,2.0613794488465973,1.12928086020737,0.21999999999999997,0.12820512820512842,8.734478685,1.8636763095855713,0,97.65486145019531
810.1700000000001,2.0613794488465973,1.12928086020737,0.21999999999999997,0.12820512820512842,8.734478685,1.8636763095855713,0,97.65486145019531
810.1700000000001,2.0613794488465973,1.12928086020737,0.21999999999999997,0.12820512820512842,8.734478685,1.8636763095855713,0,97.65486145019531
810.1700000000001,2.066784758055322,1.134437775811566,0.21999999999999997,0.12820512820512842,8.73525459,1.8636763095855713,0,97.65486145019531
810.2700000000001,2.066784758055322,1.134437775811566,0.21999999999999997,0.12820512820512842,8.73525459,1.8636763095855713,0,97.65486145019531
810.2700000000001,2.066784758055322,1.134437775811566,0.21999999999999997,0.12820512820512842,8.73525459,1.8636763095855713,0,97.65486145019531
810.2700000000001,2.066784758055322,1.134437775811566,0.21999999999999997,0.12820512820512842,8.73525459,1.8636763095855713,0,97.65486145019531
810.2700000000001,2.0721753885580427,1.1396123702155136,0.20842105263157892,0.07692307692307715,8.735071748,1.8636763095855713,0,97.65486145019531
810.2700000000001,2.0721753885580427,1.1396123702155136,0.20842105263157892,0.07692307692307715,8.735071748,1.8636763095855713,0,97.65486145019531
810.2700000000001,2.0721753885580427,1.1396123702155136,0.20842105263157892,0.07692307692307715,8.735071748,1.8636763095855713,0,97.65486145019531
810.2700000000001,2.0772689007577987,1.144533231052348,0.20842105263157892,0.07692307692307715,8.735794877,1.8636763095855713,0,97.65486145019531
810.2700000000001,2.0772689007577987,1.144533231052348,0.20842105263157892,0.07692307692307715,8.735794877,1.8636763095855713,0,97.65486145019531
810.2700000000001,2.0772689007577987,1.144533231052348,0.20842105263157892,0.07692307692307715,8.735794877,1.8636763095855713,0,97.65486145019531
810.2700000000001,2.0823463887867204,1.1494691266738477,0.20842105263157892,0.07692307692307715,8.735794877,1.8636763095855713,0,97.65486145019531
810.2700000000001,2.0823463887867204,1.1494691266738477,0.20842105263157892,0.07692307692307715,8.735794877,1.8636763095855713,0,97.65486145019531
810.37,2.0823463887867204,1.1494691266738477,0.20842105263157892,0.07692307692307715,8.734939264,1.8636763095855713,0,97.65486145019531
810.37,2.0823463887867204,1.1494691266738477,0.20842105263157892,0.07692307692307715,8.734939264,1.8636763095855713,0,97.65486145019531
810.37,2.0874085528863793,1.1544210319765322,0.21999999999999997,0.07692307692307715,8.786663266,1.8636763095855713,0,97.65486145019531
810.37,2.0874085528863793,1.1544210319765322,0.21999999999999997,0.07692307692307715,8.786663266,1.8636763095855713,0,97.65486145019531
810.37,2.0874085528863793,1.1544210319765322,0.21999999999999997,0.07692307692307715,8.786663266,1.8636763095855713,0,97.65486145019531
810.37,2.0874085528863793,1.1544210319765322,0.21999999999999997,0.07692307692307715,8.786663266,1.8636763095855713,0,97.65486145019531
810.37,2.092738833619685,1.1596602409421901,0.21999999999999997,0.07692307692307715,8.78760367,1.8636763095855713,0,97.65486145019531
810.37,2.092738833619685,1.1596602409421901,0.21999999999999997,0.07692307692307715,8.78760367,1.8636763095855713,0,97.65486145019531
810.37,2.092738833619685,1.1596602409421901,0.21999999999999997,0.07692307692307715,8.78760367,1.8636763095855713,0,97.65486145019531
810.37,2.0980581694607014,1.1649124541125941,0.21999999999999997,0.07692307692307715,8.735497556,1.8636763095855713,0,97.65486145019531
810.37,2.0980581694607014,1.1649124541125941,0.21999999999999997,0.07692307692307715,8.735497556,1.8636763095855713,0,97.65486145019531
810.47,2.0980581694607014,1.1649124541125941,0.21999999999999997,0.07692307692307715,8.735497556,1.8636763095855713,0,97.65486145019531
810.47,2.0980581694607014,1.1649124541125941,0.21999999999999997,0.12820512820512842,8.735497556,1.8636763095855713,0,97.65486145019531
810.47,2.103364923464454,1.170177586686414,0.21999999999999997,0.12820512820512842,8.735497556,1.8636763095855713,0,97.65486145019531
810.47,2.103364923464454,1.170177586686414,0.21999999999999997,0.12820512820512842,8.683972347000001,1.8636763095855713,0,97.65486145019531
810.47,2.103364923464454,1.170177586686414,0.21999999999999997,0.12820512820512842,8.683972347000001,1.8636763095855713,0,97.65486145019531
810.47,2.103364923464454,1.170177586686414,0.21999999999999997,0.12820512820512842,8.683972347000001,1.8636763095855713,0,97.65486145019531
810.47,2.103364923464454,1.170177586686414,0.21999999999999997,0.12820512820512842,8.683972347000001,1.8636763095855713,0,97.65486145019531
810.47,2.1082952400962576,1.1740158468797186,0.21999999999999997,0.12820512820512842,8.63208974,1.8636763095855713,0,97.65486145019531
810.47,2.1082952400962576,1.1740158468797186,0.21999999999999997,0.12820512820512842,8.304575284,1.7929656505584717,0,97.65486145019531
810.47,2.1082952400962576,1.1740158468797186,0.21999999999999997,0.12820512820512842,8.304575284,1.7929656505584717,0,97.65486145019531
810.47,2.1082952400962576,1.1740158468797186,0.20842105263157892,0.12820512820512842,8.304575284,1.7929656505584717,0,97.65486145019531
810.47,2.1124538022760717,1.1748574701056949,0.20842105263157892,0.12820512820512842,8.304164038,1.7929656505584717,0,97.65486145019531
810.47,2.1124538022760717,1.1748574701056949,0.20842105263157892,0.12820512820512842,8.304164038,1.7929656505584717,0,97.65486145019531
810.57,2.1124538022760717,1.1748574701056949,0.20842105263157892,0.12820512820512842,8.304164038,1.7929656505584717,0,97.55023193359375
810.57,2.1124538022760717,1.1748574701056949,0.20842105263157892,0.12820512820512842,8.304164038,1.7929656505584717,0,97.55023193359375
810.57,2.116316806338818,1.1754400502901639,0.20842105263157892,0.12820512820512842,8.35232221,1.7929656505584717,0,97.55023193359375
810.57,2.116316806338818,1.1754400502901639,0.20842105263157892,0.12820512820512842,8.35232221,1.7929656505584717,0,97.55023193359375
810.57,2.116316806338818,1.1754400502901639,0.20842105263157892,0.12820512820512842,8.35232221,1.7929656505584717,0,97.55023193359375
810.57,2.120158244563957,1.176040416877721,0.20842105263157892,0.12820512820512842,8.35285116,1.7929656505584717,0,97.55023193359375
810.57,2.120158244563957,1.176040416877721,0.20842105263157892,0.12820512820512842,8.35285116,1.7929656505584717,0,97.55023193359375
810.57,2.120158244563957,1.176040416877721,0.20842105263157892,0.12820512820512842,8.35285116,1.7929656505584717,0,97.55023193359375
810.57,2.1239858277985078,1.176655176478452,0.19684210526315787,0.12820512820512842,8.352907447,1.7929656505584717,0,97.55023193359375
810.6700000000001,2.1239858277985078,1.176655176478452,0.19684210526315787,0.12820512820512842,8.352907447,1.7929656505584717,0,97.55023193359375
810.6700000000001,2.1239858277985078,1.176655176478452,0.19684210526315787,0.12820512820512842,8.352907447,1.7929656505584717,0,97.55023193359375
810.6700000000001,2.1239858277985078,1.176655176478452,0.19684210526315787,0.12820512820512842,8.352907447,1.7929656505584717,0,97.55023193359375
810.6700000000001,2.1275272050382634,1.177001664154188,0.19684210526315787,0.12820512820512842,8.404485468,1.7929656505584717,0,97.55023193359375
810.6700000000001,2.1275272050382634,1.177001664154188,0.19684210526315787,0.12820512820512842,8.404485468,1.7929656505584717,0,97.55023193359375
810.6700000000001,2.1275272050382634,1.177001664154188,0.19684210526315787,0.12820512820512842,8.404485468,1.7929656505584717,0,97.55023193359375
810.6700000000001,2.1275272050382634,1.177001664154188,0.19684210526315787,0.12820512820512842,8.404485468,1.7929656505584717,0,97.55023193359375
810.6700000000001,2.1315748294768664,1.1794595619530663,0.19684210526315787,0.12820512820512842,8.5039374,1.7929656505584717,0,97.55023193359375
810.6700000000001,2.1315748294768664,1.1794595619530663,0.19684210526315787,0.12820512820512842,8.5039374,1.7929656505584717,0,97.55023193359375
810.6700000000001,2.1315748294768664,1.1794595619530663,0.21999999999999997,0.07692307692307715,8.5039374,1.7929656505584717,0,97.55023193359375
810.6700000000001,2.1361902367753576,1.1842971438716798,0.21999999999999997,0.07692307692307715,8.609392636,1.7929656505584717,0,97.55023193359375
810.7700000000001,2.1361902367753576,1.1842971438716798,0.21999999999999997,0.07692307692307715,8.609392636,1.7929656505584717,0,97.55023193359375
810.7700000000001,2.1361902367753576,1.1842971438716798,0.21999999999999997,0.07692307692307715,8.609392636,1.7929656505584717,0,97.55023193359375
810.7700000000001,2.1361902367753576,1.1842971438716798,0.21999999999999997,0.07692307692307715,8.609392636,1.7929656505584717,0,97.55023193359375
810.7700000000001,2.1361902367753576,1.1842971438716798,0.21999999999999997,0.07692307692307715,8.609392636,1.7929656505584717,0,97.55023193359375
810.7700000000001,2.14132626779283,1.18972361227055,0.21999999999999997,0.07692307692307715,8.609392636,1.7929656505584717,0,97.55023193359375
810.7700000000001,2.14132626779283,1.18972361227055,0.21999999999999997,0.07692307692307715,8.609945252,1.7929656505584717,0,97.55023193359375
810.7700000000001,2.14132626779283,1.18972361227055,0.21999999999999997,0.07692307692307715,8.609945252,1.7929656505584717,0,97.55023193359375
810.7700000000001,2.14132626779283,1.18972361227055,0.21999999999999997,0.07692307692307715,8.609945252,1.7929656505584717,0,97.55023193359375
810.7700000000001,2.1464443362502053,1.195170443407802,0.21999999999999997,0.02564102564102587,8.61068339,1.7929656505584717,0,97.55023193359375
810.7700000000001,2.1464443362502053,1.195170443407802,0.21999999999999997,0.02564102564102587,8.61068339,1.7929656505584717,0,97.55023193359375
810.7700000000001,2.1464443362502053,1.195170443407802,0.21999999999999997,0.02564102564102587,8.61068339,1.7929656505584717,0,97.55023193359375
810.87,2.1515532128598305,1.2006263187701014,0.21999999999999997,0.02564102564102587,8.609116359,1.7929656505584717,0,97.55023193359375
810.87,2.1515532128598305,1.2006263187701014,0.21999999999999997,0.02564102564102587,8.609116359,1.7929656505584717,0,97.55023193359375
810.87,2.1515532128598305,1.2006263187701014,0.21999999999999997,0.02564102564102587,8.609116359,1.7929656505584717,0,97.55023193359375
810.87,2.1515532128598305,1.2006263187701014,0.21999999999999997,0.02564102564102587,8.609116359,1.7929656505584717,0,97.55023193359375
810.87,2.1515532128598305,1.2006263187701014,0.21999999999999997,0.02564102564102587,8.609116359,1.7929656505584717,0,97.55023193359375
810.87,2.1566565914219367,1.2060907711612405,0.21999999999999997,0.02564102564102587,8.609116359,1.7929656505584717,0,97.55023193359375
810.87,2.1566565914219367,1.2060907711612405,0.21999999999999997,0.02564102564102587,8.557498641,1.7929656505584717,0,97.55023193359375
810.87,2.1566565914219367,1.2060907711612405,0.20842105263157892,0.0,8.557498641,1.7929656505584717,0,97.55023193359375
810.87,2.1566565914219367,1.2060907711612405,0.20842105263157892,0.0,8.557498641,1.7929656505584717,0,97.55023193359375
810.87,2.1566565914219367,1.2060907711612405,0.20842105263157892,0.0,8.557498641,1.7929656505584717,0,97.55023193359375
810.87,2.1617555856329917,1.2115595880466274,0.20842105263157892,0.0,8.505688694,1.7929656505584717,0,97.55023193359375
810.87,2.1617555856329917,1.2115595880466274,0.20842105263157892,0.0,8.505688694,1.7929656505584717,0,97.55023193359375
810.87,2.1617555856329917,1.2115595880466274,0.20842105263157892,0.0,8.504407444,1.7926955223083496,0,97.55023193359375
810.87,2.1617555856329917,1.2115595880466274,0.20842105263157892,0.0,8.504407444,1.7926955223083496,0,97.55023193359375
810.97,2.166585109076494,1.2167462153075979,0.20842105263157892,0.0,8.504407444,1.7926955223083496,0,97.55023193359375
810.97,2.166585109076494,1.2167462153075979,0.20842105263157892,0.0,8.503773527,1.7926955223083496,0,97.55023193359375
810.97,2.166585109076494,1.2167462153075979,0.20842105263157892,0.0,8.503773527,1.7926955223083496,0,97.55023193359375
810.97,2.166585109076494,1.2167462153075979,0.21999999999999997,0.0,8.503773527,1.7926955223083496,0,97.55023193359375
810.97,2.166585109076494,1.2167462153075979,0.21999999999999997,0.0,8.503773527,1.7926955223083496,0,97.55023193359375
810.97,2.166585109076494,1.2167462153075979,0.21999999999999997,0.0,8.503773527,1.7926955223083496,0,97.55023193359375
810.97,2.171412248180915,1.221934352007402,0.21999999999999997,0.0,8.449992957,1.7926955223083496,0,97.55023193359375
810.97,2.171412248180915,1.221934352007402,0.21999999999999997,0.0,8.449992957,1.7926955223083496,0,97.55023193359375
810.97,2.171412248180915,1.221934352007402,0.21999999999999997,0.0,8.449992957,1.7926955223083496,0,97.55023193359375
810.97,2.1765057949547146,1.2274103887310572,0.21999999999999997,0.0,8.350944012,1.7926955223083496,0,97.55023193359375
810.97,2.1765057949547146,1.2274103887310572,0.21999999999999997,0.0,8.350944012,1.7926955223083496,0,97.55023193359375
810.97,2.1765057949547146,1.2274103887310572,0.21999999999999997,0.0,8.350944012,1.7926955223083496,0,97.55023193359375
811.07,2.1816021642126597,1.2328861586194293,0.21999999999999997,0.0,8.350944012,1.7926955223083496,0,97.55023193359375
811.07,2.1816021642126597,1.2328861586194293,0.21999999999999997,0.12820512820512842,8.021034115,1.7426955699920654,0,97.46737670898438
811.07,2.1816021642126597,1.2328861586194293,0.21999999999999997,0.12820512820512842,8.021034115,1.7426955699920654,0,97.46737670898438
811.07,2.1816021642126597,1.2328861586194293,0.21999999999999997,0.12820512820512842,8.021034115,1.7426955699920654,0,97.46737670898438
811.07,2.1866991680009633,1.2383613393216308,0.21999999999999997,0.12820512820512842,8.021034115,1.7426955699920654,0,97.46737670898438
811.07,2.1866991680009633,1.2383613393216308,0.21999999999999997,0.12820512820512842,8.0200084,1.7426955699920654,0,97.46737670898438
811.07,2.1866991680009633,1.2383613393216308,0.21999999999999997,0.12820512820512842,8.0200084,1.7426955699920654,0,97.46737670898438
811.07,2.1866991680009633,1.2383613393216308,0.21999999999999997,0.12820512820512842,8.0200084,1.7426955699920654,0,97.46737670898438
811.07,2.1866991680009633,1.2383613393216308,0.21999999999999997,0.12820512820512842,8.0200084,1.7426955699920654,0,97.46737670898438
811.07,2.191791365113521,1.24383626363455,0.21999999999999997,0.12820512820512842,8.019104035,1.7426955699920654,0,97.46737670898438
811.07,2.191791365113521,1.24383626363455,0.21999999999999997,0.12820512820512842,8.019104035,1.7426955699920654,0,97.46737670898438
811.1700000000001,2.196867505570234,1.2493214602260438,0.20842105263157892,0.12820512820512842,8.019104035,1.7426955699920654,0,97.46737670898438
811.1700000000001,2.196867505570234,1.2493214602260438,0.20842105263157892,0.12820512820512842,8.020750733,1.7426955699920654,0,97.46737670898438
811.1700000000001,2.196867505570234,1.2493214602260438,0.20842105263157892,0.12820512820512842,8.020750733,1.7426955699920654,0,97.46737670898438
811.1700000000001,2.196867505570234,1.2493214602260438,0.20842105263157892,0.12820512820512842,8.020750733,1.7426955699920654,0,97.46737670898438
811.1700000000001,2.196867505570234,1.2493214602260438,0.20842105263157892,0.12820512820512842,8.020750733,1.7426955699920654,0,97.46737670898438
811.1700000000001,2.201646535809018,1.254544192342625,0.20842105263157892,0.12820512820512842,8.068347979,1.7426955699920654,0,97.46737670898438
811.1700000000001,2.201646535809018,1.254544192342625,0.20842105263157892,0.12820512820512842,8.068347979,1.7426955699920654,0,97.46737670898438
811.1700000000001,2.201646535809018,1.254544192342625,0.20842105263157892,0.12820512820512842,8.068347979,1.7426955699920654,0,97.46737670898438
811.1700000000001,2.206385632817875,1.2597997970104229,0.20842105263157892,0.12820512820512842,8.116571004,1.7426955699920654,0,97.46737670898438
811.1700000000001,2.206385632817875,1.2597997970104229,0.20842105263157892,0.12820512820512842,8.116571004,1.7426955699920654,0,97.46737670898438
811.1700000000001,2.206385632817875,1.2597997970104229,0.21999999999999997,0.07692307692307715,8.116571004,1.7426955699920654,0,97.46737670898438
811.2700000000001,2.206385632817875,1.2597997970104229,0.21999999999999997,0.07692307692307715,8.116571004,1.7426955699920654,0,97.46737670898438
811.2700000000001,2.211091956415635,1.2650874392702898,0.21999999999999997,0.07692307692307715,8.116571004,1.7426955699920654,0,97.46737670898438
811.2700000000001,2.211091956415635,1.2650874392702898,0.21999999999999997,0.07692307692307715,8.117184063,1.7426955699920654,0,97.46737670898438
811.2700000000001,2.211091956415635,1.2650874392702898,0.21999999999999997,0.07692307692307715,8.117184063,1.7426955699920654,0,97.46737670898438
811.2700000000001,2.211091956415635,1.2650874392702898,0.21999999999999997,0.07692307692307715,8.117184063,1.7426955699920654,0,97.46737670898438
811.2700000000001,2.211091956415635,1.2650874392702898,0.21999999999999997,0.07692307692307715,8.117184063,1.7426955699920654,0,97.46737670898438
811.2700000000001,2.2160371469845113,1.270691637072641,0.21999999999999997,0.07692307692307715,7.838790409,1.6926954984664917,0,97.46737670898438
811.2700000000001,2.2160371469845113,1.270691637072641,0.21999999999999997,0.07692307692307715,7.838790409,1.6926954984664917,0,97.46737670898438
811.2700000000001,2.2160371469845113,1.270691637072641,0.21999999999999997,0.07692307692307715,7.838790409,1.6926954984664917,0,97.46737670898438
811.2700000000001,2.2160371469845113,1.270691637072641,0.21999999999999997,0.12820512820512842,7.838790409,1.6926954984664917,0,97.46737670898438
811.2700000000001,2.220974648150106,1.2763052898209801,0.21999999999999997,0.12820512820512842,7.839279611,1.6926954984664917,0,97.46737670898438
811.2700000000001,2.220974648150106,1.2763052898209801,0.21999999999999997,0.12820512820512842,7.839279611,1.6926954984664917,0,97.46737670898438
811.2700000000001,2.220974648150106,1.2763052898209801,0.21999999999999997,0.12820512820512842,7.839279611,1.6926954984664917,0,97.46737670898438
811.37,2.2259055200436673,1.2819240642283536,0.21999999999999997,0.12820512820512842,7.839279611,1.6926954984664917,0,97.46737670898438
811.37,2.2259055200436673,1.2819240642283536,0.21999999999999997,0.12820512820512842,7.839937155,1.6926954984664917,0,97.46737670898438
811.37,2.2259055200436673,1.2819240642283536,0.21999999999999997,0.12820512820512842,7.839937155,1.6926954984664917,0,97.46737670898438
811.37,2.2259055200436673,1.2819240642283536,0.21999999999999997,0.12820512820512842,7.839937155,1.6926954984664917,0,97.46737670898438
811.37,2.2259055200436673,1.2819240642283536,0.21999999999999997,0.12820512820512842,7.839937155,1.6926954984664917,0,97.46737670898438
811.37,2.2259055200436673,1.2819240642283536,0.21999999999999997,0.12820512820512842,7.839937155,1.6926954984664917,0,97.46737670898438
811.37,2.2308221654050153,1.287551166825381,0.20842105263157892,0.12820512820512842,7.840108,1.6926954984664917,0,97.46737670898438
811.37,2.2308221654050153,1.287551166825381,0.20842105263157892,0.12820512820512842,7.840108,1.6926954984664917,0,97.46737670898438
811.37,2.2308221654050153,1.287551166825381,0.20842105263157892,0.12820512820512842,7.840108,1.6926954984664917,0,97.46737670898438
811.37,2.2357090314954045,1.293201181358711,0.20842105263157892,0.12820512820512842,7.840608365,1.6926954984664917,0,97.46737670898438
811.37,2.2357090314954045,1.293201181358711,0.20842105263157892,0.12820512820512842,7.840608365,1.6926954984664917,0,97.46737670898438
811.37,2.2357090314954045,1.293201181358711,0.20842105263157892,0.12820512820512842,7.840608365,1.6926954984664917,0,97.46737670898438
811.47,2.2357090314954045,1.293201181358711,0.20842105263157892,0.12820512820512842,7.840608365,1.6926954984664917,0,97.46737670898438
811.47,2.2403057154079793,1.2985845089824242,0.20842105263157892,0.12820512820512842,7.8862158430000004,1.6926954984664917,0,97.46737670898438
811.47,2.2403057154079793,1.2985845089824242,0.20842105263157892,0.12820512820512842,7.8862158430000004,1.6926954984664917,0,97.46737670898438
811.47,2.244873246956502,1.303992828932054,0.20842105263157892,0.12820512820512842,7.8862158430000004,1.6926954984664917,0,97.46737670898438
811.47,2.244873246956502,1.303992828932054,0.21999999999999997,0.02564102564102587,7.885784283,1.6926954984664917,0,97.46737670898438
811.47,2.244873246956502,1.303992828932054,0.21999999999999997,0.02564102564102587,7.885784283,1.6926954984664917,0,97.46737670898438
811.47,2.244873246956502,1.303992828932054,0.21999999999999997,0.02564102564102587,7.885784283,1.6926954984664917,0,97.46737670898438
811.47,2.249422165013871,1.3094190282269424,0.21999999999999997,0.02564102564102587,7.884921901,1.6926954984664917,0,97.46737670898438
811.47,2.249422165013871,1.3094190282269424,0.21999999999999997,0.02564102564102587,7.652011674,1.6426955461502075,0,97.46737670898438
811.47,2.249422165013871,1.3094190282269424,0.21999999999999997,0.02564102564102587,7.652011674,1.6426955461502075,0,97.46737670898438
811.57,2.249422165013871,1.3094190282269424,0.21999999999999997,0.02564102564102587,7.652011674,1.6426955461502075,0,97.46737670898438
811.57,2.2542136400020607,1.3151587929912942,0.21999999999999997,0.02564102564102587,7.606997146,1.6426955461502075,0,97.3576431274414
811.57,2.2542136400020607,1.3151587929912942,0.21999999999999997,0.02564102564102587,7.606997146,1.6426955461502075,0,97.3576431274414
811.57,2.2542136400020607,1.3151587929912942,0.21999999999999997,0.02564102564102587,7.606997146,1.6426955461502075,0,97.3576431274414
811.57,2.2542136400020607,1.3151587929912942,0.20842105263157892,0.02564102564102587,7.606997146,1.6426955461502075,0,97.3576431274414
811.57,2.259000977101862,1.3209056858484225,0.20842105263157892,0.02564102564102587,7.605486677,1.6426955461502075,0,97.3576431274414
811.57,2.259000977101862,1.3209056858484225,0.20842105263157892,0.02564102564102587,7.605486677,1.6426955461502075,0,97.3576431274414
811.57,2.259000977101862,1.3209056858484225,0.20842105263157892,0.02564102564102587,7.605486677,1.6426955461502075,0,97.3576431274414
811.57,2.263543055858047,1.3263499032924633,0.20842105263157892,0.02564102564102587,7.605486677,1.6426955461502075,0,97.3576431274414
811.57,2.263543055858047,1.3263499032924633,0.20842105263157892,0.02564102564102587,7.649002007,1.6426955461502075,0,97.3576431274414
811.57,2.263543055858047,1.3263499032924633,0.20842105263157892,0.02564102564102587,7.649002007,1.6426955461502075,0,97.3576431274414
811.6700000000001,2.263543055858047,1.3263499032924633,0.20842105263157892,0.02564102564102587,7.649002007,1.6426955461502075,0,97.3576431274414
811.6700000000001,2.263543055858047,1.3263499032924633,0.20842105263157892,0.02564102564102587,7.649002007,1.6426955461502075,0,97.3576431274414
811.6700000000001,2.2680905288063697,1.3317863281299929,0.20842105263157892,0.02564102564102587,7.693862759,1.6426955461502075,0,97.3576431274414
811.6700000000001,2.2680905288063697,1.3317863281299929,0.21999999999999997,0.02564102564102587,7.693862759,1.6426955461502075,0,97.3576431274414
811.6700000000001,2.272638991681534,1.337219701101063,0.21999999999999997,0.02564102564102587,7.693862759,1.6426955461502075,0,97.3576431274414
811.6700000000001,2.272638991681534,1.337219701101063,0.21999999999999997,0.02564102564102587,7.739170085,1.6426955461502075,0,97.3576431274414
811.6700000000001,2.272638991681534,1.337219701101063,0.21999999999999997,0.02564102564102587,7.739170085,1.6426955461502075,0,97.3576431274414
811.6700000000001,2.272638991681534,1.337219701101063,0.21999999999999997,0.02564102564102587,7.739170085,1.6426955461502075,0,97.3576431274414
811.6700000000001,2.2774333526938224,1.3429574884741584,0.21999999999999997,0.02564102564102587,7.739170085,1.6426955461502075,0,97.3576431274414
811.6700000000001,2.2774333526938224,1.3429574884741584,0.21999999999999997,0.02564102564102587,7.738341062,1.6426955461502075,0,97.3576431274414
811.6700000000001,2.2774333526938224,1.3429574884741584,0.21999999999999997,0.02564102564102587,7.738341062,1.6426955461502075,0,97.3576431274414
811.7700000000001,2.2774333526938224,1.3429574884741584,0.21999999999999997,0.02564102564102587,7.738341062,1.6426955461502075,0,97.3576431274414
811.7700000000001,2.2774333526938224,1.3429574884741584,0.21999999999999997,0.02564102564102587,7.738341062,1.6426955461502075,0,97.3576431274414
811.7700000000001,2.2822183107967193,1.3487039474055496,0.20842105263157892,0.0,7.738341062,1.6426955461502075,0,97.3576431274414
811.7700000000001,2.2822183107967193,1.3487039474055496,0.20842105263157892,0.0,7.692583031,1.6426955461502075,0,97.3576431274414
811.7700000000001,2.2822183107967193,1.3487039474055496,0.20842105263157892,0.0,7.692583031,1.6426955461502075,0,97.3576431274414
811.7700000000001,2.2867496241534777,1.3541549929120156,0.20842105263157892,0.0,7.6920026440000004,1.6426955461502075,0,97.3576431274414
811.7700000000001,2.2867496241534777,1.3541549929120156,0.20842105263157892,0.0,7.6920026440000004,1.6426955461502075,0,97.3576431274414
811.7700000000001,2.2867496241534777,1.3541549929120156,0.20842105263157892,0.0,7.6920026440000004,1.6426955461502075,0,97.3576431274414
811.7700000000001,2.2867496241534777,1.3541549929120156,0.20842105263157892,0.0,7.6920026440000004,1.6426955461502075,0,97.3576431274414
811.7700000000001,2.2867496241534777,1.3541549929120156,0.20842105263157892,0.0,7.6920026440000004,1.6426955461502075,0,97.3576431274414
811.7700000000001,2.2912829135075534,1.3596031988937782,0.20842105263157892,0.0,7.373280222,1.5748072862625122,0,97.3576431274414
811.7700000000001,2.2912829135075534,1.3596031988937782,0.20842105263157892,0.0,7.373280222,1.5748072862625122,0,97.3576431274414
811.87,2.2912829135075534,1.3596031988937782,0.21999999999999997,0.0,7.373280222,1.5748072862625122,0,97.3576431274414
811.87,2.2912829135075534,1.3596031988937782,0.21999999999999997,0.0,7.373280222,1.5748072862625122,0,97.3576431274414
811.87,2.2958249307428678,1.3650445642522384,0.21999999999999997,0.0,7.417031984,1.5748072862625122,0,97.3576431274414
811.87,2.2958249307428678,1.3650445642522384,0.21999999999999997,0.0,7.417031984,1.5748072862625122,0,97.3576431274414
811.87,2.2958249307428678,1.3650445642522384,0.21999999999999997,0.0,7.417031984,1.5748072862625122,0,97.3576431274414
811.87,2.2958249307428678,1.3650445642522384,0.21999999999999997,0.0,7.417031984,1.5748072862625122,0,97.3576431274414
811.87,2.300626933503968,1.370779422114566,0.21999999999999997,0.0,7.417031984,1.5748072862625122,0,97.3576431274414
811.87,2.300626933503968,1.370779422114566,0.21999999999999997,0.0,7.418241406,1.5748072862625122,0,97.3576431274414
811.87,2.300626933503968,1.370779422114566,0.21999999999999997,0.0,7.418241406,1.5748072862625122,0,97.3576431274414
811.87,2.300626933503968,1.370779422114566,0.21999999999999997,0.0,7.418241406,1.5748072862625122,0,97.3576431274414
811.87,2.300626933503968,1.370779422114566,0.20842105263157892,-0.02564102564102541,7.418241406,1.5748072862625122,0,97.3576431274414
811.87,2.3054309584986634,1.3765119618908432,0.20842105263157892,-0.02564102564102541,7.418241406,1.5748072862625122,0,97.3576431274414
811.97,2.3054309584986634,1.3765119618908432,0.20842105263157892,-0.02564102564102541,7.043048411,1.5040966272354126,0,97.3576431274414
811.97,2.3054309584986634,1.3765119618908432,0.20842105263157892,-0.02564102564102541,7.043048411,1.5040966272354126,0,97.3576431274414
811.97,2.3054309584986634,1.3765119618908432,0.20842105263157892,-0.02564102564102541,7.043048411,1.5040966272354126,0,97.3576431274414
811.97,2.3054309584986634,1.3765119618908432,0.20842105263157892,-0.02564102564102541,7.043048411,1.5040966272354126,0,97.3576431274414
811.97,2.3099842570510365,1.381945266356841,0.20842105263157892,-0.02564102564102541,7.042021704,1.5040966272354126,0,97.3576431274414
811.97,2.3099842570510365,1.381945266356841,0.20842105263157892,-0.02564102564102541,7.042021704,1.5040966272354126,0,97.3576431274414
811.97,2.3099842570510365,1.381945266356841,0.20842105263157892,-0.02564102564102541,7.042021704,1.5040966272354126,0,97.3576431274414
811.97,2.3099842570510365,1.381945266356841,0.21999999999999997,-0.07692307692307669,7.042021704,1.5040966272354126,0,97.3576431274414
811.97,2.3099842570510365,1.381945266356841,0.21999999999999997,-0.07692307692307669,7.042021704,1.5040966272354126,0,97.3576431274414
811.97,2.3145396314504394,1.3873755292709884,0.21999999999999997,-0.07692307692307669,7.041684246,1.5040966272354126,0,97.3576431274414
811.97,2.3145396314504394,1.3873755292709884,0.21999999999999997,-0.07692307692307669,7.041684246,1.5040966272354126,0,97.3576431274414
811.97,2.3145396314504394,1.3873755292709884,0.21999999999999997,-0.07692307692307669,7.041684246,1.5040966272354126,0,97.3576431274414
811.97,2.319357389314984,1.3931015269156877,0.21999999999999997,-0.07692307692307669,7.041151274,1.5040966272354126,0,97.3576431274414
811.97,2.319357389314984,1.3931015269156877,0.21999999999999997,-0.07692307692307669,7.041151274,1.5040966272354126,0,97.3576431274414
812.07,2.319357389314984,1.3931015269156877,0.21999999999999997,-0.07692307692307669,7.041151274,1.5040966272354126,0,97.3576431274414
812.07,2.319357389314984,1.3931015269156877,0.21999999999999997,-0.07692307692307669,7.041151274,1.5040966272354126,0,97.24858093261719
812.07,2.3241960390211416,1.398812611438463,0.21999999999999997,-0.07692307692307669,7.040304422,1.5040966272354126,0,97.24858093261719
812.07,2.3241960390211416,1.398812611438463,0.21999999999999997,-0.07692307692307669,7.040304422,1.5040966272354126,0,97.24858093261719
812.07,2.3241960390211416,1.398812611438463,0.20842105263157892,-0.07692307692307669,7.040304422,1.5040966272354126,0,97.24858093261719
812.07,2.3241960390211416,1.398812611438463,0.20842105263157892,-0.07692307692307669,7.040304422,1.5040966272354126,0,97.24858093261719
812.07,2.3290597094498176,1.4045027888682802,0.20842105263157892,-0.07692307692307669,6.998184113,1.5040966272354126,0,97.24858093261719
812.07,2.3290597094498176,1.4045027888682802,0.20842105263157892,-0.07692307692307669,6.998184113,1.5040966272354126,0,97.24858093261719
812.07,2.3290597094498176,1.4045027888682802,0.20842105263157892,-0.07692307692307669,6.998184113,1.5040966272354126,0,97.24858093261719
812.07,2.3336900797909665,1.4098782913249224,0.20842105263157892,-0.07692307692307669,6.998184113,1.5040966272354126,0,97.24858093261719
812.07,2.3336900797909665,1.4098782913249224,0.20842105263157892,-0.07692307692307669,6.998586256,1.5040966272354126,0,97.24858093261719
812.1700000000001,2.3336900797909665,1.4098782913249224,0.20842105263157892,-0.07692307692307669,6.998586256,1.5040966272354126,0,97.24858093261719
812.1700000000001,2.3336900797909665,1.4098782913249224,0.20842105263157892,-0.07692307692307669,6.998586256,1.5040966272354126,0,97.24858093261719
812.1700000000001,2.3336900797909665,1.4098782913249224,0.20842105263157892,-0.07692307692307669,6.998586256,1.5040966272354126,0,97.24858093261719
812.1700000000001,2.3383345502295527,1.4152368271382714,0.21999999999999997,-0.12820512820512797,6.99776828,1.5040966272354126,0,97.24858093261719
812.1700000000001,2.3383345502295527,1.4152368271382714,0.21999999999999997,-0.12820512820512797,6.99776828,1.5040966272354126,0,97.24858093261719
812.1700000000001,2.343251388412914,1.420880418876514,0.21999999999999997,-0.12820512820512797,6.9960016750000005,1.5040966272354126,0,97.24858093261719
812.1700000000001,2.343251388412914,1.420880418876514,0.21999999999999997,-0.12820512820512797,6.9960016750000005,1.5040966272354126,0,97.24858093261719
812.1700000000001,2.343251388412914,1.420880418876514,0.21999999999999997,-0.12820512820512797,6.9960016750000005,1.5040966272354126,0,97.24858093261719
812.1700000000001,2.343251388412914,1.420880418876514,0.21999999999999997,-0.12820512820512797,6.9960016750000005,1.5040966272354126,0,97.24858093261719
812.1700000000001,2.3481885044062256,1.4265090928253665,0.21999999999999997,-0.12820512820512797,6.9960016750000005,1.5040966272354126,0,97.24858093261719
812.2700000000001,2.3481885044062256,1.4265090928253665,0.21999999999999997,-0.12820512820512797,6.996139683,1.5040966272354126,0,97.24858093261719
812.2700000000001,2.3481885044062256,1.4265090928253665,0.21999999999999997,-0.12820512820512797,6.996139683,1.5040966272354126,0,97.24858093261719
812.2700000000001,2.3481885044062256,1.4265090928253665,0.21999999999999997,-0.12820512820512797,6.996139683,1.5040966272354126,0,97.24858093261719
812.2700000000001,2.3531553040178226,1.4321126072209014,0.19684210526315787,-0.12820512820512797,6.627574124,1.433385968208313,0,97.24858093261719
812.2700000000001,2.3531553040178226,1.4321126072209014,0.19684210526315787,-0.12820512820512797,6.627574124,1.433385968208313,0,97.24858093261719
812.2700000000001,2.3531553040178226,1.4321126072209014,0.19684210526315787,-0.12820512820512797,6.627574124,1.433385968208313,0,97.24858093261719
812.2700000000001,2.3531553040178226,1.4321126072209014,0.19684210526315787,-0.12820512820512797,6.627574124,1.433385968208313,0,97.24858093261719
812.2700000000001,2.357391391152179,1.4369279866906892,0.19684210526315787,-0.12820512820512797,6.588654773,1.433385968208313,0,97.24858093261719
812.2700000000001,2.357391391152179,1.4369279866906892,0.19684210526315787,-0.12820512820512797,6.588654773,1.433385968208313,0,97.24858093261719
812.2700000000001,2.357391391152179,1.4369279866906892,0.19684210526315787,-0.12820512820512797,6.588654773,1.433385968208313,0,97.24858093261719
812.2700000000001,2.357391391152179,1.4369279866906892,0.19684210526315787,-0.12820512820512797,6.588654773,1.433385968208313,0,97.24858093261719
812.2700000000001,2.3592916699449713,1.4393143670930957,0.19684210526315787,-0.12820512820512797,6.665179638,1.433385968208313,0,97.24858093261719
812.37,2.3592916699449713,1.4393143670930957,0.19684210526315787,-0.12820512820512797,6.665179638,1.433385968208313,0,97.24858093261719
812.37,2.3592916699449713,1.4393143670930957,0.20842105263157892,-0.07692307692307669,6.665179638,1.433385968208313,0,97.24858093261719
812.37,2.3592916699449713,1.4393143670930957,0.20842105263157892,-0.07692307692307669,6.665179638,1.433385968208313,0,97.24858093261719
812.37,2.3611984261677357,1.4416850505960765,0.20842105263157892,-0.07692307692307669,6.745940332,1.433385968208313,0,97.24858093261719
812.37,2.3611984261677357,1.4416850505960765,0.20842105263157892,-0.07692307692307669,6.745940332,1.433385968208313,0,97.24858093261719
812.37,2.3611984261677357,1.4416850505960765,0.20842105263157892,-0.07692307692307669,6.745940332,1.433385968208313,0,97.24858093261719
812.37,2.3611984261677357,1.4416850505960765,0.20842105263157892,-0.07692307692307669,6.745940332,1.433385968208313,0,97.24858093261719
812.37,2.3633759206680365,1.4443336085621294,0.20842105263157892,-0.07692307692307669,6.785935414,1.433385968208313,0,97.24858093261719
812.37,2.3633759206680365,1.4443336085621294,0.20842105263157892,-0.07692307692307669,6.785935414,1.433385968208313,0,97.24858093261719
812.37,2.3633759206680365,1.4443336085621294,0.20842105263157892,-0.07692307692307669,6.785935414,1.433385968208313,0,97.24858093261719
812.37,2.365557145512453,1.4469736154239192,0.20842105263157892,-0.07692307692307669,6.786141562,1.433385968208313,0,97.24858093261719
812.47,2.365557145512453,1.4469736154239192,0.20842105263157892,-0.07692307692307669,6.786141562,1.433385968208313,0,97.24858093261719
812.47,2.365557145512453,1.4469736154239192,0.20842105263157892,-0.07692307692307669,6.786141562,1.433385968208313,0,97.24858093261719
812.47,2.365557145512453,1.4469736154239192,0.20842105263157892,-0.07692307692307669,6.786141562,1.433385968208313,0,97.24858093261719
812.47,2.3677379245539463,1.4496089427323224,0.20842105263157892,-0.07692307692307669,6.786141562,1.433385968208313,0,97.24858093261719
812.47,2.3677379245539463,1.4496089427323224,0.20842105263157892,-0.07692307692307669,6.7867140930000005,1.433385968208313,0,97.24858093261719
812.47,2.3677379245539463,1.4496089427323224,0.20842105263157892,-0.07692307692307669,6.7867140930000005,1.433385968208313,0,97.24858093261719
812.47,2.370537059871965,1.4528460536103969,0.20842105263157892,-0.07692307692307669,6.7867140930000005,1.433385968208313,0,97.24858093261719
812.47,2.370537059871965,1.4528460536103969,0.20842105263157892,-0.07692307692307669,6.828717583,1.433385968208313,0,97.24858093261719
812.47,2.370537059871965,1.4528460536103969,0.20842105263157892,-0.07692307692307669,6.828717583,1.433385968208313,0,97.24858093261719
812.47,2.370537059871965,1.4528460536103969,0.20842105263157892,-0.07692307692307669,6.828717583,1.433385968208313,0,97.24858093261719
812.57,2.375362042136479,1.458040280186637,0.21999999999999997,-0.17948717948717924,6.870188246,1.433385968208313,0,97.24858093261719
812.57,2.375362042136479,1.458040280186637,0.21999999999999997,-0.17948717948717924,6.870188246,1.433385968208313,0,97.16282653808594
812.57,2.375362042136479,1.458040280186637,0.21999999999999997,-0.17948717948717924,6.870188246,1.433385968208313,0,97.16282653808594
812.57,2.3804718560308116,1.4635102569693106,0.21999999999999997,-0.17948717948717924,6.869454434,1.433385968208313,0,97.16282653808594
812.57,2.3804718560308116,1.4635102569693106,0.21999999999999997,-0.17948717948717924,6.869454434,1.433385968208313,0,97.16282653808594
812.57,2.3804718560308116,1.4635102569693106,0.21999999999999997,-0.17948717948717924,6.869454434,1.433385968208313,0,97.16282653808594
812.57,2.3804718560308116,1.4635102569693106,0.21999999999999997,-0.17948717948717924,6.869454434,1.433385968208313,0,97.16282653808594
812.57,2.3856128015008222,1.4689573093460802,0.21999999999999997,-0.17948717948717924,6.869454434,1.433385968208313,0,97.16282653808594
812.57,2.3856128015008222,1.4689573093460802,0.21999999999999997,-0.17948717948717924,6.8686711250000005,1.433385968208313,0,97.16282653808594
812.57,2.3856128015008222,1.4689573093460802,0.21999999999999997,-0.17948717948717924,6.8686711250000005,1.433385968208313,0,97.16282653808594
812.57,2.3856128015008222,1.4689573093460802,0.20842105263157892,-0.17948717948717924,6.8686711250000005,1.433385968208313,0,97.16282653808594
812.6700000000001,2.3907982918077506,1.4743646667053338,0.20842105263157892,-0.17948717948717924,6.787027708,1.433385968208313,0,97.16282653808594
812.6700000000001,2.3907982918077506,1.4743646667053338,0.20842105263157892,-0.17948717948717924,6.787027708,1.433385968208313,0,97.16282653808594
812.6700000000001,2.3907982918077506,1.4743646667053338,0.20842105263157892,-0.17948717948717924,6.787027708,1.433385968208313,0,97.16282653808594
812.6700000000001,2.395757907529868,1.479447213839269,0.20842105263157892,-0.17948717948717924,6.744071464,1.433385968208313,0,97.16282653808594
812.6700000000001,2.395757907529868,1.479447213839269,0.20842105263157892,-0.17948717948717924,6.744071464,1.433385968208313,0,97.16282653808594
812.6700000000001,2.395757907529868,1.479447213839269,0.20842105263157892,-0.17948717948717924,6.744071464,1.433385968208313,0,97.16282653808594
812.6700000000001,2.395757907529868,1.479447213839269,0.20842105263157892,-0.17948717948717924,6.744071464,1.433385968208313,0,97.16282653808594
812.6700000000001,2.4007535303826235,1.484489328993441,0.20842105263157892,-0.17948717948717924,6.411602551,1.3626753091812134,0,97.16282653808594
812.6700000000001,2.4007535303826235,1.484489328993441,0.19684210526315787,-0.12820512820512797,6.411602551,1.3626753091812134,0,97.16282653808594
812.6700000000001,2.4007535303826235,1.484489328993441,0.19684210526315787,-0.12820512820512797,6.411602551,1.3626753091812134,0,97.16282653808594
812.7700000000001,2.4057776885680893,1.489500754425738,0.19684210526315787,-0.12820512820512797,6.411602551,1.3626753091812134,0,97.16282653808594
812.7700000000001,2.4057776885680893,1.489500754425738,0.19684210526315787,-0.12820512820512797,6.410528896,1.3626753091812134,0,97.16282653808594
812.7700000000001,2.4057776885680893,1.489500754425738,0.19684210526315787,-0.12820512820512797,6.410528896,1.3626753091812134,0,97.16282653808594
812.7700000000001,2.4057776885680893,1.489500754425738,0.19684210526315787,-0.12820512820512797,6.410528896,1.3626753091812134,0,97.16282653808594
812.7700000000001,2.4057776885680893,1.489500754425738,0.19684210526315787,-0.12820512820512797,6.410528896,1.3626753091812134,0,97.16282653808594
812.7700000000001,2.41054562235965,1.4942129263773922,0.19684210526315787,-0.12820512820512797,6.449775652,1.3626753091812134,0,97.16282653808594
812.7700000000001,2.41054562235965,1.4942129263773922,0.19684210526315787,-0.12820512820512797,6.449775652,1.3626753091812134,0,97.16282653808594
812.7700000000001,2.41054562235965,1.4942129263773922,0.19684210526315787,-0.12820512820512797,6.449775652,1.3626753091812134,0,97.16282653808594
812.7700000000001,2.41054562235965,1.4942129263773922,0.19684210526315787,-0.12820512820512797,6.449775652,1.3626753091812134,0,97.16282653808594
812.7700000000001,2.4153321877362637,1.4989026565712344,0.21999999999999997,-0.07692307692307669,6.487644794,1.3626753091812134,0,97.16282653808594
812.7700000000001,2.4153321877362637,1.4989026565712344,0.21999999999999997,-0.07692307692307669,6.487644794,1.3626753091812134,0,97.16282653808594
812.87,2.4153321877362637,1.4989026565712344,0.21999999999999997,-0.07692307692307669,6.487644794,1.3626753091812134,0,97.16282653808594
812.87,2.420700142019569,1.504116403203901,0.21999999999999997,-0.07692307692307669,6.447816246,1.3626753091812134,0,97.16282653808594
812.87,2.420700142019569,1.504116403203901,0.21999999999999997,-0.07692307692307669,6.447816246,1.3626753091812134,0,97.16282653808594
812.87,2.420700142019569,1.504116403203901,0.21999999999999997,-0.07692307692307669,6.447816246,1.3626753091812134,0,97.16282653808594
812.87,2.420700142019569,1.504116403203901,0.21999999999999997,-0.07692307692307669,6.447816246,1.3626753091812134,0,97.16282653808594
812.87,2.420700142019569,1.504116403203901,0.21999999999999997,-0.07692307692307669,6.447816246,1.3626753091812134,0,97.16282653808594
812.87,2.426088587256986,1.5093105930725565,0.21999999999999997,-0.07692307692307669,6.449857201,1.3626753091812134,0,97.16282653808594
812.87,2.426088587256986,1.5093105930725565,0.21999999999999997,-0.07692307692307669,6.449857201,1.3626753091812134,0,97.16282653808594
812.87,2.426088587256986,1.5093105930725565,0.20842105263157892,-0.07692307692307669,6.449857201,1.3626753091812134,0,97.16282653808594
812.87,2.426088587256986,1.5093105930725565,0.20842105263157892,-0.07692307692307669,6.449857201,1.3626753091812134,0,97.16282653808594
812.87,2.4314910136873653,1.514488324986298,0.20842105263157892,-0.07692307692307669,6.450204075,1.3626753091812134,0,97.16282653808594
812.87,2.4314910136873653,1.514488324986298,0.20842105263157892,-0.07692307692307669,6.450204075,1.3626753091812134,0,97.16282653808594
812.87,2.4314910136873653,1.514488324986298,0.20842105263157892,-0.07692307692307669,6.450204075,1.3626753091812134,0,97.16282653808594
812.97,2.4366198133675367,1.5193848749747874,0.20842105263157892,-0.07692307692307669,6.450204075,1.3626753091812134,0,97.16282653808594
812.97,2.4366198133675367,1.5193848749747874,0.20842105263157892,-0.07692307692307669,6.489879749,1.3626753091812134,0,97.16282653808594
812.97,2.4366198133675367,1.5193848749747874,0.20842105263157892,-0.07692307692307669,6.489879749,1.3626753091812134,0,97.16282653808594
812.97,2.4366198133675367,1.5193848749747874,0.20842105263157892,-0.07692307692307669,6.489879749,1.3626753091812134,0,97.16282653808594
812.97,2.4366198133675367,1.5193848749747874,0.21999999999999997,-0.17948717948717924,6.489879749,1.3626753091812134,0,97.16282653808594
812.97,2.441757622862117,1.5242708650189434,0.21999999999999997,-0.17948717948717924,6.490797981,1.3626753091812134,0,97.16282653808594
812.97,2.441757622862117,1.5242708650189434,0.21999999999999997,-0.17948717948717924,6.490797981,1.3626753091812134,0,97.16282653808594
812.97,2.441757622862117,1.5242708650189434,0.21999999999999997,-0.17948717948717924,6.490797981,1.3626753091812134,0,97.16282653808594
812.97,2.441757622862117,1.5242708650189434,0.21999999999999997,-0.17948717948717924,6.490797981,1.3626753091812134,0,97.16282653808594
812.97,2.4471988974191206,1.5294119440009304,0.21999999999999997,-0.17948717948717924,6.4516099,1.3626753091812134,0,97.16282653808594
812.97,2.4471988974191206,1.5294119440009304,0.21999999999999997,-0.17948717948717924,6.4516099,1.3626753091812134,0,97.16282653808594
812.97,2.4471988974191206,1.5294119440009304,0.21999999999999997,-0.17948717948717924,6.4516099,1.3626753091812134,0,97.16282653808594
813.07,2.452670239008885,1.5345268354310668,0.21999999999999997,-0.17948717948717924,6.116828961,1.2919646501541138,0,97.06156158447266
813.07,2.452670239008885,1.5345268354310668,0.21999999999999997,-0.17948717948717924,6.080533392,1.2919646501541138,0,97.06156158447266
813.07,2.452670239008885,1.5345268354310668,0.21999999999999997,-0.17948717948717924,6.080533392,1.2919646501541138,0,97.06156158447266
813.07,2.452670239008885,1.5345268354310668,0.21999999999999997,-0.17948717948717924,6.080533392,1.2919646501541138,0,97.06156158447266
813.07,2.452670239008885,1.5345268354310668,0.21999999999999997,-0.17948717948717924,6.080533392,1.2919646501541138,0,97.06156158447266
813.07,2.45818368644197,1.539599716869824,0.21999999999999997,-0.17948717948717924,6.00660733,1.2919646501541138,0,97.06156158447266
813.07,2.45818368644197,1.539599716869824,0.21999999999999997,-0.17948717948717924,6.00660733,1.2919646501541138,0,97.06156158447266
813.07,2.45818368644197,1.539599716869824,0.21999999999999997,-0.17948717948717924,6.00660733,1.2919646501541138,0,97.06156158447266
813.07,2.4637400584189035,1.544625684133812,0.21999999999999997,-0.17948717948717924,6.00660733,1.2919646501541138,0,97.06156158447266
813.07,2.4637400584189035,1.544625684133812,0.21999999999999997,-0.17948717948717924,5.937127632,1.2919646501541138,0,97.06156158447266
813.07,2.4637400584189035,1.544625684133812,0.21999999999999997,-0.17948717948717924,5.937127632,1.2919646501541138,0,97.06156158447266
813.1700000000001,2.4637400584189035,1.544625684133812,0.21999999999999997,-0.17948717948717924,5.937127632,1.2919646501541138,0,97.06156158447266
813.1700000000001,2.469329676042781,1.5496110230385185,0.21999999999999997,-0.17948717948717924,5.9379661,1.2919646501541138,0,97.06156158447266
813.1700000000001,2.469329676042781,1.5496110230385185,0.20842105263157892,-0.17948717948717924,5.9379661,1.2919646501541138,0,97.06156158447266
813.1700000000001,2.469329676042781,1.5496110230385185,0.20842105263157892,-0.17948717948717924,5.9379661,1.2919646501541138,0,97.06156158447266
813.1700000000001,2.469329676042781,1.5496110230385185,0.20842105263157892,-0.17948717948717924,5.9379661,1.2919646501541138,0,97.06156158447266
813.1700000000001,2.4749443891817626,1.554566415650256,0.20842105263157892,-0.17948717948717924,5.937195822,1.2919646501541138,0,97.06156158447266
813.1700000000001,2.4749443891817626,1.554566415650256,0.20842105263157892,-0.17948717948717924,5.937195822,1.2919646501541138,0,97.06156158447266
813.1700000000001,2.4749443891817626,1.554566415650256,0.20842105263157892,-0.17948717948717924,5.937195822,1.2919646501541138,0,97.06156158447266
813.1700000000001,2.480288562211982,1.5592386287933473,0.20842105263157892,-0.17948717948717924,5.937195822,1.2919646501541138,0,97.06156158447266
813.1700000000001,2.480288562211982,1.5592386287933473,0.20842105263157892,-0.17948717948717924,5.972695077,1.2919646501541138,0,97.06156158447266
813.1700000000001,2.480288562211982,1.5592386287933473,0.20842105263157892,-0.17948717948717924,5.972695077,1.2919646501541138,0,97.06156158447266
813.2700000000001,2.480288562211982,1.5592386287933473,0.20842105263157892,-0.17948717948717924,5.972695077,1.2919646501541138,0,97.06156158447266
813.2700000000001,2.4856573991452673,1.5638808028985254,0.21999999999999997,-0.07692307692307669,5.972087214,1.2919646501541138,0,97.06156158447266
813.2700000000001,2.4856573991452673,1.5638808028985254,0.21999999999999997,-0.07692307692307669,5.972087214,1.2919646501541138,0,97.06156158447266
813.2700000000001,2.4856573991452673,1.5638808028985254,0.21999999999999997,-0.07692307692307669,5.972087214,1.2919646501541138,0,97.06156158447266
813.2700000000001,2.4913538402746123,1.5687397359992052,0.21999999999999997,-0.07692307692307669,5.936149737,1.2919646501541138,0,97.06156158447266
813.2700000000001,2.4913538402746123,1.5687397359992052,0.21999999999999997,-0.07692307692307669,5.936149737,1.2919646501541138,0,97.06156158447266
813.2700000000001,2.4913538402746123,1.5687397359992052,0.21999999999999997,-0.07692307692307669,5.936149737,1.2919646501541138,0,97.06156158447266
813.2700000000001,2.4913538402746123,1.5687397359992052,0.21999999999999997,-0.07692307692307669,5.936149737,1.2919646501541138,0,97.06156158447266
813.2700000000001,2.4913538402746123,1.5687397359992052,0.21999999999999997,-0.07692307692307669,5.936149737,1.2919646501541138,0,97.06156158447266
813.2700000000001,2.4913538402746123,1.5687397359992052,0.21999999999999997,-0.07692307692307669,5.936149737,1.2919646501541138,0,97.06156158447266
813.2700000000001,2.4970789479944617,1.5735635248825652,0.21999999999999997,-0.07692307692307669,5.936469742,1.2919646501541138,0,97.06156158447266
813.2700000000001,2.4970789479944617,1.5735635248825652,0.21999999999999997,-0.12820512820512797,5.936469742,1.2919646501541138,0,97.06156158447266
813.37,2.4970789479944617,1.5735635248825652,0.21999999999999997,-0.12820512820512797,5.936469742,1.2919646501541138,0,97.06156158447266
813.37,2.4970789479944617,1.5735635248825652,0.21999999999999997,-0.12820512820512797,5.936469742,1.2919646501541138,0,97.06156158447266
813.37,2.5028176177013655,1.5783669077113158,0.21999999999999997,-0.12820512820512797,5.611166805,1.2212539911270142,0,97.06156158447266
813.37,2.5028176177013655,1.5783669077113158,0.21999999999999997,-0.12820512820512797,5.611166805,1.2212539911270142,0,97.06156158447266
813.37,2.5028176177013655,1.5783669077113158,0.21999999999999997,-0.12820512820512797,5.611166805,1.2212539911270142,0,97.06156158447266
813.37,2.5028176177013655,1.5783669077113158,0.21999999999999997,-0.12820512820512797,5.611166805,1.2212539911270142,0,97.06156158447266
813.37,2.508558623849197,1.5831671559075302,0.21999999999999997,-0.12820512820512797,5.612840302,1.2212539911270142,0,97.06156158447266
813.37,2.508558623849197,1.5831671559075302,0.21999999999999997,-0.12820512820512797,5.612840302,1.2212539911270142,0,97.06156158447266
813.37,2.508558623849197,1.5831671559075302,0.20842105263157892,-0.07692307692307669,5.612840302,1.2212539911270142,0,97.06156158447266
813.37,2.514306175406864,1.5879620740021483,0.20842105263157892,-0.07692307692307669,5.612768379,1.2212539911270142,0,97.06156158447266
813.37,2.514306175406864,1.5879620740021483,0.20842105263157892,-0.07692307692307669,5.612768379,1.2212539911270142,0,97.06156158447266
813.47,2.514306175406864,1.5879620740021483,0.20842105263157892,-0.07692307692307669,5.612768379,1.2212539911270142,0,97.06156158447266
813.47,2.514306175406864,1.5879620740021483,0.20842105263157892,-0.07692307692307669,5.612768379,1.2212539911270142,0,97.06156158447266
813.47,2.5197700535319827,1.592485423292668,0.20842105263157892,-0.07692307692307669,5.612768379,1.2212539911270142,0,97.06156158447266
813.47,2.5197700535319827,1.592485423292668,0.20842105263157892,-0.07692307692307669,5.645292059,1.2212539911270142,0,97.06156158447266
813.47,2.5197700535319827,1.592485423292668,0.20842105263157892,-0.07692307692307669,5.645292059,1.2212539911270142,0,97.06156158447266
813.47,2.5197700535319827,1.592485423292668,0.20842105263157892,-0.07692307692307669,5.645292059,1.2212539911270142,0,97.06156158447266
813.47,2.5197700535319827,1.592485423292668,0.20842105263157892,-0.07692307692307669,5.645292059,1.2212539911270142,0,97.06156158447266
813.47,2.525257095151942,1.5969807218414909,0.20842105263157892,-0.07692307692307669,5.678591694,1.2212539911270142,0,97.06156158447266
813.47,2.525257095151942,1.5969807218414909,0.19684210526315787,-0.07692307692307669,5.678591694,1.2212539911270142,0,97.06156158447266
813.47,2.525257095151942,1.5969807218414909,0.19684210526315787,-0.07692307692307669,5.678591694,1.2212539911270142,0,97.06156158447266
813.47,2.5307630839919177,1.601449759615979,0.19684210526315787,-0.07692307692307669,5.678083534,1.2212539911270142,0,97.06156158447266
813.47,2.5307630839919177,1.601449759615979,0.19684210526315787,-0.07692307692307669,5.678083534,1.2212539911270142,0,97.06156158447266
813.57,2.5307630839919177,1.601449759615979,0.19684210526315787,-0.07692307692307669,5.678083534,1.2212539911270142,0,97.06156158447266
813.57,2.5307630839919177,1.601449759615979,0.19684210526315787,-0.07692307692307669,5.678083534,1.2212539911270142,0,96.95123291015625
813.57,2.5307630839919177,1.601449759615979,0.19684210526315787,-0.07692307692307669,5.678083534,1.2212539911270142,0,96.95123291015625
813.57,2.5307630839919177,1.601449759615979,0.19684210526315787,-0.07692307692307669,5.678083534,1.2212539911270142,0,96.95123291015625
813.57,2.5359720784256705,1.6056579334600058,0.19684210526315787,-0.07692307692307669,5.712875661,1.2212539911270142,0,96.95123291015625
813.57,2.5359720784256705,1.6056579334600058,0.19684210526315787,-0.07692307692307669,5.712875661,1.2212539911270142,0,96.95123291015625
813.57,2.5359720784256705,1.6056579334600058,0.21999999999999997,0.0,5.712875661,1.2212539911270142,0,96.95123291015625
813.57,2.541182597707272,1.6098643663053787,0.21999999999999997,0.0,5.783163341,1.2212539911270142,0,96.95123291015625
813.57,2.541182597707272,1.6098643663053787,0.21999999999999997,0.0,5.783163341,1.2212539911270142,0,96.95123291015625
813.57,2.541182597707272,1.6098643663053787,0.21999999999999997,0.0,5.783163341,1.2212539911270142,0,96.95123291015625
813.57,2.541182597707272,1.6098643663053787,0.21999999999999997,0.0,5.783163341,1.2212539911270142,0,96.95123291015625
813.57,2.547003256066246,1.614554964282195,0.21999999999999997,0.0,5.784136193,1.2212539911270142,0,96.95123291015625
813.57,2.547003256066246,1.614554964282195,0.21999999999999997,0.0,5.784136193,1.2212539911270142,0,96.95123291015625
813.6700000000001,2.547003256066246,1.614554964282195,0.21999999999999997,0.0,5.784136193,1.2212539911270142,0,96.95123291015625
813.6700000000001,2.547003256066246,1.614554964282195,0.21999999999999997,0.0,5.784136193,1.2212539911270142,0,96.95123291015625
813.6700000000001,2.547003256066246,1.614554964282195,0.21999999999999997,0.0,5.784136193,1.2212539911270142,0,96.95123291015625
813.6700000000001,2.5528280294647527,1.6192454165122738,0.21999999999999997,-0.02564102564102541,5.548790074,1.1712539196014404,0,96.95123291015625
813.6700000000001,2.5528280294647527,1.6192454165122738,0.21999999999999997,-0.02564102564102541,5.548790074,1.1712539196014404,0,96.95123291015625
813.6700000000001,2.5528280294647527,1.6192454165122738,0.21999999999999997,-0.02564102564102541,5.548790074,1.1712539196014404,0,96.95123291015625
813.6700000000001,2.5528280294647527,1.6192454165122738,0.21999999999999997,-0.02564102564102541,5.548790074,1.1712539196014404,0,96.95123291015625
813.6700000000001,2.5586561099253062,1.623934132563945,0.21999999999999997,-0.02564102564102541,5.548455194,1.1712539196014404,0,96.95123291015625
813.6700000000001,2.5586561099253062,1.623934132563945,0.21999999999999997,-0.02564102564102541,5.548455194,1.1712539196014404,0,96.95123291015625
813.6700000000001,2.5586561099253062,1.623934132563945,0.21999999999999997,-0.02564102564102541,5.548455194,1.1712539196014404,0,96.95123291015625
813.6700000000001,2.5586561099253062,1.623934132563945,0.21999999999999997,-0.02564102564102541,5.548455194,1.1712539196014404,0,96.95123291015625
813.6700000000001,2.56448384735898,1.6286230788143783,0.21999999999999997,-0.02564102564102541,5.5496528099999995,1.1712539196014404,0,96.95123291015625
813.7700000000001,2.56448384735898,1.6286230788143783,0.21999999999999997,-0.02564102564102541,5.5496528099999995,1.1712539196014404,0,96.95123291015625
813.7700000000001,2.56448384735898,1.6286230788143783,0.21999999999999997,-0.18564102564102541,5.5496528099999995,1.1712539196014404,0,96.95123291015625
813.7700000000001,2.5703150061627134,1.6333090228039324,0.21999999999999997,-0.18564102564102541,5.5496528099999995,1.1712539196014404,0,96.95123291015625
813.7700000000001,2.5703150061627134,1.6333090228039324,0.21999999999999997,-0.18564102564102541,5.517450782,1.1712539196014404,0,96.95123291015625
813.7700000000001,2.5703150061627134,1.6333090228039324,0.21999999999999997,-0.18564102564102541,5.517450782,1.1712539196014404,0,96.95123291015625
813.7700000000001,2.5703150061627134,1.6333090228039324,0.21999999999999997,-0.18564102564102541,5.517450782,1.1712539196014404,0,96.95123291015625
813.7700000000001,2.5761567963171084,1.6379890714729373,0.21999999999999997,-0.2307692307692305,5.484992314,1.1712539196014404,0,96.95123291015625
813.7700000000001,2.5761567963171084,1.6379890714729373,0.21999999999999997,-0.2307692307692305,5.484992314,1.1712539196014404,0,96.95123291015625
813.7700000000001,2.5761567963171084,1.6379890714729373,0.21999999999999997,-0.2307692307692305,5.484992314,1.1712539196014404,0,96.95123291015625
813.7700000000001,2.5761567963171084,1.6379890714729373,0.21999999999999997,-0.2307692307692305,5.484992314,1.1712539196014404,0,96.95123291015625
813.7700000000001,2.5820214019324426,1.6426506264976626,0.21999999999999997,-0.2307692307692305,5.452758986,1.1712539196014404,0,96.95123291015625
813.87,2.5820214019324426,1.6426506264976626,0.21999999999999997,-0.12820512820512797,5.452758986,1.1712539196014404,0,96.95123291015625
813.87,2.5820214019324426,1.6426506264976626,0.21999999999999997,-0.12820512820512797,5.452758986,1.1712539196014404,0,96.95123291015625
813.87,2.5820214019324426,1.6426506264976626,0.21999999999999997,-0.12820512820512797,5.452758986,1.1712539196014404,0,96.95123291015625
813.87,2.587924024158603,1.647269216510456,0.21999999999999997,-0.12820512820512797,5.388056719,1.1712539196014404,0,96.95123291015625
813.87,2.587924024158603,1.647269216510456,0.21999999999999997,-0.12820512820512797,5.388056719,1.1712539196014404,0,96.95123291015625
813.87,2.587924024158603,1.647269216510456,0.21999999999999997,-0.12820512820512797,5.388056719,1.1712539196014404,0,96.95123291015625
813.87,2.587924024158603,1.647269216510456,0.21999999999999997,-0.12820512820512797,5.388056719,1.1712539196014404,0,96.95123291015625
813.87,2.5940298191049957,1.6516875920573322,0.21999999999999997,-0.12820512820512797,5.323857289,1.1712539196014404,0,96.95123291015625
813.87,2.5940298191049957,1.6516875920573322,0.21999999999999997,-0.12820512820512797,5.323857289,1.1712539196014404,0,96.95123291015625
813.87,2.5940298191049957,1.6516875920573322,0.21999999999999997,-0.12820512820512797,5.323857289,1.1712539196014404,0,96.95123291015625
813.87,2.5940298191049957,1.6516875920573322,0.21999999999999997,-0.17948717948717924,5.323857289,1.1712539196014404,0,96.95123291015625
813.87,2.6026788163216805,1.6538291019586155,0.21999999999999997,-0.17948717948717924,5.322418115,1.1712539196014404,0,96.95123291015625
813.97,2.6026788163216805,1.6538291019586155,0.21999999999999997,-0.17948717948717924,5.322418115,1.1712539196014404,0,96.95123291015625
813.97,2.6026788163216805,1.6538291019586155,0.21999999999999997,-0.17948717948717924,5.322418115,1.1712539196014404,0,96.95123291015625
813.97,2.6026788163216805,1.6538291019586155,0.21999999999999997,-0.17948717948717924,5.322418115,1.1712539196014404,0,96.95123291015625
813.97,2.6113518476004294,1.655897454692884,0.21999999999999997,-0.17948717948717924,5.322418115,1.1712539196014404,0,96.95123291015625
813.97,2.6113518476004294,1.655897454692884,0.21999999999999997,-0.17948717948717924,5.322418115,1.1712539196014404,0,96.95123291015625
813.97,2.6113518476004294,1.655897454692884,0.21999999999999997,-0.17948717948717924,4.905557308,1.0798325538635254,0,96.95123291015625
813.97,2.6113518476004294,1.655897454692884,0.21999999999999997,-0.17948717948717924,4.905557308,1.0798325538635254,0,96.95123291015625
813.97,2.6113518476004294,1.655897454692884,0.21999999999999997,-0.17948717948717924,4.905557308,1.0798325538635254,0,96.95123291015625
813.97,2.6200358032624185,1.6579112891127654,0.21999999999999997,-0.2307692307692305,4.905666174,1.0798325538635254,0,96.95123291015625
813.97,2.6200358032624185,1.6579112891127654,0.21999999999999997,-0.2307692307692305,4.905666174,1.0798325538635254,0,96.95123291015625
813.97,2.6200358032624185,1.6579112891127654,0.21999999999999997,-0.2307692307692305,4.905666174,1.0798325538635254,0,96.95123291015625
813.97,2.6200358032624185,1.6579112891127654,0.21999999999999997,-0.2307692307692305,4.905666174,1.0798325538635254,0,96.95123291015625
813.97,2.628740406669142,1.6598650202985514,0.21999999999999997,-0.2307692307692305,4.904620388,1.0798325538635254,0,96.95123291015625
814.07,2.628740406669142,1.6598650202985514,0.21999999999999997,-0.2307692307692305,4.904620388,1.0798325538635254,0,96.95123291015625
814.07,2.628740406669142,1.6598650202985514,0.21999999999999997,-0.2307692307692305,4.904620388,1.0798325538635254,0,96.83716583251953
814.07,2.628740406669142,1.6598650202985514,0.21999999999999997,-0.2307692307692305,4.904620388,1.0798325538635254,0,96.83716583251953
814.07,2.628740406669142,1.6598650202985514,0.21999999999999997,-0.2307692307692305,4.904620388,1.0798325538635254,0,96.83716583251953
814.07,2.6374838863551524,1.661732440879726,0.21999999999999997,-0.2307692307692305,4.903638016,1.0798325538635254,0,96.83716583251953
814.07,2.6374838863551524,1.661732440879726,0.20842105263157892,-0.2307692307692305,4.903638016,1.0798325538635254,0,96.83716583251953
814.07,2.6374838863551524,1.661732440879726,0.20842105263157892,-0.2307692307692305,4.903638016,1.0798325538635254,0,96.83716583251953
814.07,2.6374838863551524,1.661732440879726,0.20842105263157892,-0.2307692307692305,4.903638016,1.0798325538635254,0,96.83716583251953
814.07,2.646202701053707,1.6635636917440146,0.20842105263157892,-0.2307692307692305,4.902708156,1.0798325538635254,0,96.83716583251953
814.07,2.646202701053707,1.6635636917440146,0.20842105263157892,-0.2307692307692305,4.902708156,1.0798325538635254,0,96.83716583251953
814.07,2.646202701053707,1.6635636917440146,0.20842105263157892,-0.2307692307692305,4.902708156,1.0798325538635254,0,96.83716583251953
814.07,2.646202701053707,1.6635636917440146,0.20842105263157892,-0.2307692307692305,4.902708156,1.0798325538635254,0,96.83716583251953
814.1700000000001,2.652103123181693,1.6675136084657953,0.20842105263157892,-0.2307692307692305,4.930968145,1.0798325538635254,0,96.83716583251953
814.1700000000001,2.652103123181693,1.6675136084657953,0.20842105263157892,-0.2307692307692305,4.930968145,1.0798325538635254,0,96.83716583251953
814.1700000000001,2.658030955439327,1.6714180676617545,0.19684210526315787,-0.17948717948717924,4.959749993,1.0798325538635254,0,96.83716583251953
814.1700000000001,2.658030955439327,1.6714180676617545,0.19684210526315787,-0.17948717948717924,4.959749993,1.0798325538635254,0,96.83716583251953
814.1700000000001,2.658030955439327,1.6714180676617545,0.19684210526315787,-0.17948717948717924,4.959749993,1.0798325538635254,0,96.83716583251953
814.1700000000001,2.66397408429871,1.6752937982574765,0.19684210526315787,-0.17948717948717924,4.990344852,1.0798325538635254,0,96.83716583251953
814.1700000000001,2.66397408429871,1.6752937982574765,0.19684210526315787,-0.17948717948717924,4.990344852,1.0798325538635254,0,96.83716583251953
814.1700000000001,2.66397408429871,1.6752937982574765,0.19684210526315787,-0.17948717948717924,4.990344852,1.0798325538635254,0,96.83716583251953
814.1700000000001,2.66397408429871,1.6752937982574765,0.19684210526315787,-0.17948717948717924,4.990344852,1.0798325538635254,0,96.83716583251953
814.2700000000001,2.669600233992149,1.6789336124214358,0.19684210526315787,-0.17948717948717924,4.815290808,1.0298326015472412,0,96.83716583251953
814.2700000000001,2.669600233992149,1.6789336124214358,0.21999999999999997,-0.17948717948717924,4.815290808,1.0298326015472412,0,96.83716583251953
814.2700000000001,2.669600233992149,1.6789336124214358,0.21999999999999997,-0.17948717948717924,4.815290808,1.0298326015472412,0,96.83716583251953
814.2700000000001,2.669600233992149,1.6789336124214358,0.21999999999999997,-0.17948717948717924,4.815290808,1.0298326015472412,0,96.83716583251953
814.2700000000001,2.669600233992149,1.6789336124214358,0.21999999999999997,-0.17948717948717924,4.815290808,1.0298326015472412,0,96.83716583251953
814.2700000000001,2.669600233992149,1.6789336124214358,0.21999999999999997,-0.17948717948717924,4.815290808,1.0298326015472412,0,96.83716583251953
814.2700000000001,2.6752455712315597,1.6825458247120193,0.21999999999999997,-0.17948717948717924,4.8746057050000005,1.0298326015472412,0,96.83716583251953
814.2700000000001,2.6752455712315597,1.6825458247120193,0.21999999999999997,-0.17948717948717924,4.8746057050000005,1.0298326015472412,0,96.83716583251953
814.2700000000001,2.6752455712315597,1.6825458247120193,0.21999999999999997,-0.17948717948717924,4.8746057050000005,1.0298326015472412,0,96.83716583251953
814.2700000000001,2.6752455712315597,1.6825458247120193,0.21999999999999997,-0.17948717948717924,4.8746057050000005,1.0298326015472412,0,96.83716583251953
814.2700000000001,2.6752455712315597,1.6825458247120193,0.21999999999999997,-0.17948717948717924,4.8746057050000005,1.0298326015472412,0,96.83716583251953
814.2700000000001,2.6815711943994156,1.6865440208768991,0.21999999999999997,-0.17948717948717924,4.874653644,1.0298326015472412,0,96.83716583251953
814.2700000000001,2.6815711943994156,1.6865440208768991,0.21999999999999997,-0.17948717948717924,4.874653644,1.0298326015472412,0,96.83716583251953
814.2700000000001,2.6815711943994156,1.6865440208768991,0.21999999999999997,-0.17948717948717924,4.874653644,1.0298326015472412,0,96.83716583251953
814.2700000000001,2.6815711943994156,1.6865440208768991,0.21999999999999997,-0.17948717948717924,4.874653644,1.0298326015472412,0,96.83716583251953
814.37,2.6879217161540025,1.690510738766257,0.21999999999999997,-0.17948717948717924,4.875078559,1.0298326015472412,0,96.83716583251953
814.37,2.6879217161540025,1.690510738766257,0.21999999999999997,-0.17948717948717924,4.875078559,1.0298326015472412,0,96.83716583251953
814.37,2.6879217161540025,1.690510738766257,0.21999999999999997,-0.17948717948717924,4.875078559,1.0298326015472412,0,96.83716583251953
814.37,2.6879217161540025,1.690510738766257,0.21999999999999997,-0.17948717948717924,4.875078559,1.0298326015472412,0,96.83716583251953
814.37,2.6879217161540025,1.690510738766257,0.21999999999999997,-0.17948717948717924,4.875078559,1.0298326015472412,0,96.83716583251953
814.37,2.6942930289302307,1.694445045245491,0.21999999999999997,-0.17948717948717924,4.874974597,1.0298326015472412,0,96.83716583251953
814.37,2.6942930289302307,1.694445045245491,0.21999999999999997,-0.17948717948717924,4.874974597,1.0298326015472412,0,96.83716583251953
814.37,2.6942930289302307,1.694445045245491,0.20842105263157892,-0.17948717948717924,4.874974597,1.0298326015472412,0,96.83716583251953
814.37,2.7006877008605508,1.6983441781706732,0.20842105263157892,-0.17948717948717924,4.874791573,1.0298326015472412,0,96.83716583251953
814.37,2.7006877008605508,1.6983441781706732,0.20842105263157892,-0.17948717948717924,4.874791573,1.0298326015472412,0,96.83716583251953
814.37,2.7006877008605508,1.6983441781706732,0.20842105263157892,-0.17948717948717924,4.874791573,1.0298326015472412,0,96.83716583251953
814.37,2.7006877008605508,1.6983441781706732,0.20842105263157892,-0.17948717948717924,4.874791573,1.0298326015472412,0,96.83716583251953
814.47,2.706768911960355,1.702001015773853,0.20842105263157892,-0.17948717948717924,4.874791573,1.0298326015472412,0,96.83716583251953
814.47,2.706768911960355,1.702001015773853,0.20842105263157892,-0.17948717948717924,4.875069857,1.0298326015472412,0,96.83716583251953
814.47,2.706768911960355,1.702001015773853,0.20842105263157892,-0.17948717948717924,4.7227089,0.9976471662521362,0,96.83716583251953
814.47,2.706768911960355,1.702001015773853,0.20842105263157892,-0.17948717948717924,4.7227089,0.9976471662521362,0,96.83716583251953
814.47,2.712870669591154,1.7056241289640843,0.20842105263157892,-0.17948717948717924,4.722772835,0.9976471662521362,0,96.83716583251953
814.47,2.712870669591154,1.7056241289640843,0.21999999999999997,-0.2307692307692305,4.722772835,0.9976471662521362,0,96.83716583251953
814.47,2.712870669591154,1.7056241289640843,0.21999999999999997,-0.2307692307692305,4.722772835,0.9976471662521362,0,96.83716583251953
814.47,2.7189895118467384,1.7092182457497407,0.21999999999999997,-0.2307692307692305,4.72224696,0.9976471662521362,0,96.83716583251953
814.47,2.7189895118467384,1.7092182457497407,0.21999999999999997,-0.2307692307692305,4.72224696,0.9976471662521362,0,96.83716583251953
814.47,2.7189895118467384,1.7092182457497407,0.21999999999999997,-0.2307692307692305,4.72224696,0.9976471662521362,0,96.83716583251953
814.47,2.7189895118467384,1.7092182457497407,0.21999999999999997,-0.2307692307692305,4.72224696,0.9976471662521362,0,96.83716583251953
814.57,2.7189895118467384,1.7092182457497407,0.21999999999999997,-0.2307692307692305,4.72224696,0.9976471662521362,0,96.83716583251953
814.57,2.7254646913122675,1.7129781007703215,0.21999999999999997,-0.2307692307692305,4.72224696,0.9976471662521362,0,96.73430633544922
814.57,2.7254646913122675,1.7129781007703215,0.21999999999999997,-0.2307692307692305,4.667067061,0.9976471662521362,0,96.73430633544922
814.57,2.7254646913122675,1.7129781007703215,0.21999999999999997,-0.2307692307692305,4.667067061,0.9976471662521362,0,96.73430633544922
814.57,2.7254646913122675,1.7129781007703215,0.20842105263157892,-0.2307692307692305,4.667067061,0.9976471662521362,0,96.73430633544922
814.57,2.7319674524530986,1.7167007861585488,0.20842105263157892,-0.2307692307692305,4.61124537,0.9976471662521362,0,96.73430633544922
814.57,2.7319674524530986,1.7167007861585488,0.20842105263157892,-0.2307692307692305,4.61124537,0.9976471662521362,0,96.73430633544922
814.57,2.7319674524530986,1.7167007861585488,0.20842105263157892,-0.2307692307692305,4.61124537,0.9976471662521362,0,96.73430633544922
814.57,2.7319674524530986,1.7167007861585488,0.20842105263157892,-0.2307692307692305,4.61124537,0.9976471662521362,0,96.73430633544922
814.57,2.738153742315908,1.7201860663024913,0.20842105263157892,-0.2307692307692305,4.61124537,0.9976471662521362,0,96.73430633544922
814.57,2.738153742315908,1.7201860663024913,0.20842105263157892,-0.2307692307692305,4.6375260130000004,0.9976471662521362,0,96.73430633544922
814.57,2.738153742315908,1.7201860663024913,0.20842105263157892,-0.2307692307692305,4.6375260130000004,0.9976471662521362,0,96.73430633544922
814.57,2.738153742315908,1.7201860663024913,0.20842105263157892,-0.2307692307692305,4.6375260130000004,0.9976471662521362,0,96.73430633544922
814.57,2.738153742315908,1.7201860663024913,0.19684210526315787,-0.2307692307692305,4.6375260130000004,0.9976471662521362,0,96.73430633544922
814.6700000000001,2.7443675470297215,1.723622344108235,0.19684210526315787,-0.2307692307692305,4.6375260130000004,0.9976471662521362,0,96.73430633544922
814.6700000000001,2.7443675470297215,1.723622344108235,0.19684210526315787,-0.2307692307692305,4.6375260130000004,0.9976471662521362,0,96.73430633544922
814.6700000000001,2.7443675470297215,1.723622344108235,0.19684210526315787,-0.2307692307692305,4.430560171,0.9476471543312073,0,96.73430633544922
814.6700000000001,2.7443675470297215,1.723622344108235,0.19684210526315787,-0.2307692307692305,4.430560171,0.9476471543312073,0,96.73430633544922
814.6700000000001,2.7502597693769046,1.7268243002766588,0.19684210526315787,-0.2307692307692305,4.430560171,0.9476471543312073,0,96.73430633544922
814.6700000000001,2.7502597693769046,1.7268243002766588,0.19684210526315787,-0.2307692307692305,4.430560171,0.9476471543312073,0,96.73430633544922
814.6700000000001,2.7502597693769046,1.7268243002766588,0.19684210526315787,-0.2307692307692305,4.483526352,0.9476471543312073,0,96.73430633544922
814.6700000000001,2.7502597693769046,1.7268243002766588,0.19684210526315787,-0.2307692307692305,4.483526352,0.9476471543312073,0,96.73430633544922
814.6700000000001,2.7502597693769046,1.7268243002766588,0.19684210526315787,-0.2307692307692305,4.483526352,0.9476471543312073,0,96.73430633544922
814.6700000000001,2.7502597693769046,1.7268243002766588,0.19684210526315787,-0.2307692307692305,4.483526352,0.9476471543312073,0,96.73430633544922
814.6700000000001,2.7502597693769046,1.7268243002766588,0.21999999999999997,-0.2307692307692305,4.483526352,0.9476471543312073,0,96.73430633544922
814.6700000000001,2.7561725425611416,1.729988817425054,0.21999999999999997,-0.2307692307692305,4.53893356,0.9476471543312073,0,96.73430633544922
814.6700000000001,2.7561725425611416,1.729988817425054,0.21999999999999997,-0.2307692307692305,4.53893356,0.9476471543312073,0,96.73430633544922
814.7700000000001,2.7561725425611416,1.729988817425054,0.21999999999999997,-0.2307692307692305,4.53893356,0.9476471543312073,0,96.73430633544922
814.7700000000001,2.7561725425611416,1.729988817425054,0.21999999999999997,-0.2307692307692305,4.53893356,0.9476471543312073,0,96.73430633544922
814.7700000000001,2.7627962833083246,1.7334781471823215,0.21999999999999997,-0.2307692307692305,4.51168927,0.9476471543312073,0,96.73430633544922
814.7700000000001,2.7627962833083246,1.7334781471823215,0.21999999999999997,-0.2307692307692305,4.51168927,0.9476471543312073,0,96.73430633544922
814.7700000000001,2.7627962833083246,1.7334781471823215,0.21999999999999997,-0.2307692307692305,4.51168927,0.9476471543312073,0,96.73430633544922
814.7700000000001,2.7694431776342565,1.7369307011256963,0.21999999999999997,-0.2307692307692305,4.483876148,0.9476471543312073,0,96.73430633544922
814.7700000000001,2.7694431776342565,1.7369307011256963,0.21999999999999997,-0.2307692307692305,4.483876148,0.9476471543312073,0,96.73430633544922
814.7700000000001,2.7694431776342565,1.7369307011256963,0.21999999999999997,-0.2307692307692305,4.483876148,0.9476471543312073,0,96.73430633544922
814.7700000000001,2.7761156465696644,1.7403371234840697,0.21999999999999997,-0.2307692307692305,4.45740713,0.9476471543312073,0,96.73430633544922
814.7700000000001,2.7761156465696644,1.7403371234840697,0.21999999999999997,-0.2307692307692305,4.45740713,0.9476471543312073,0,96.73430633544922
814.7700000000001,2.7761156465696644,1.7403371234840697,0.21999999999999997,-0.2307692307692305,4.45740713,0.9476471543312073,0,96.73430633544922
814.87,2.7761156465696644,1.7403371234840697,0.21999999999999997,-0.2307692307692305,4.45740713,0.9476471543312073,0,96.73430633544922
814.87,2.7828157315603455,1.743690285868042,0.21999999999999997,-0.2307692307692305,4.4566890390000005,0.9476471543312073,0,96.73430633544922
814.87,2.7828157315603455,1.743690285868042,0.21999999999999997,-0.2307692307692305,4.4566890390000005,0.9476471543312073,0,96.73430633544922
814.87,2.7828157315603455,1.743690285868042,0.21999999999999997,-0.2307692307692305,4.4566890390000005,0.9476471543312073,0,96.73430633544922
814.87,2.7828157315603455,1.743690285868042,0.21999999999999997,-0.2307692307692305,4.4566890390000005,0.9476471543312073,0,96.73430633544922
814.87,2.7828157315603455,1.743690285868042,0.21999999999999997,-0.2307692307692305,4.4566890390000005,0.9476471543312073,0,96.73430633544922
814.87,2.7895466871882637,1.7469834132232813,0.20842105263157892,-0.17948717948717924,4.45585043,0.9476471543312073,0,96.73430633544922
814.87,2.7895466871882637,1.7469834132232813,0.20842105263157892,-0.17948717948717924,4.45585043,0.9476471543312073,0,96.73430633544922
814.87,2.7895466871882637,1.7469834132232813,0.20842105263157892,-0.17948717948717924,4.45585043,0.9476471543312073,0,96.73430633544922
814.87,2.7895466871882637,1.7469834132232813,0.20842105263157892,-0.17948717948717924,4.45585043,0.9476471543312073,0,96.73430633544922
814.87,2.7959483459955403,1.750049005998543,0.20842105263157892,-0.17948717948717924,4.456364006,0.9476471543312073,0,96.73430633544922
814.87,2.7959483459955403,1.750049005998543,0.20842105263157892,-0.17948717948717924,4.456364006,0.9476471543312073,0,96.73430633544922
814.97,2.7959483459955403,1.750049005998543,0.20842105263157892,-0.17948717948717924,4.456364006,0.9476471543312073,0,96.73430633544922
814.97,2.7959483459955403,1.750049005998543,0.20842105263157892,-0.17948717948717924,4.456364006,0.9476471543312073,0,96.73430633544922
814.97,2.802365808913362,1.7530756050750038,0.20842105263157892,-0.17948717948717924,4.456951747,0.9476471543312073,0,96.73430633544922
814.97,2.802365808913362,1.7530756050750038,0.20842105263157892,-0.17948717948717924,4.456951747,0.9476471543312073,0,96.73430633544922
814.97,2.802365808913362,1.7530756050750038,0.21999999999999997,-0.2307692307692305,4.456951747,0.9476471543312073,0,96.73430633544922
814.97,2.802365808913362,1.7530756050750038,0.21999999999999997,-0.2307692307692305,4.456951747,0.9476471543312073,0,96.73430633544922
814.97,2.802365808913362,1.7530756050750038,0.21999999999999997,-0.2307692307692305,4.456951747,0.9476471543312073,0,96.73430633544922
814.97,2.808792605792402,1.756079582357587,0.21999999999999997,-0.2307692307692305,4.456951747,0.9476471543312073,0,96.73430633544922
814.97,2.808792605792402,1.756079582357587,0.21999999999999997,-0.2307692307692305,4.431015459,0.9476471543312073,0,96.73430633544922
814.97,2.808792605792402,1.756079582357587,0.21999999999999997,-0.2307692307692305,4.431015459,0.9476471543312073,0,96.73430633544922
814.97,2.808792605792402,1.756079582357587,0.21999999999999997,-0.2307692307692305,4.431015459,0.9476471543312073,0,96.73430633544922
814.97,2.808792605792402,1.756079582357587,0.21999999999999997,-0.2307692307692305,4.431015459,0.9476471543312073,0,96.73430633544922
814.97,2.808792605792402,1.756079582357587,0.21999999999999997,-0.2307692307692305,4.431015459,0.9476471543312073,0,96.73430633544922
814.97,2.808792605792402,1.756079582357587,0.21999999999999997,-0.12820512820512797,4.431015459,0.9476471543312073,0,96.73430633544922
814.97,2.808792605792402,1.756079582357587,0.21999999999999997,-0.12820512820512797,4.431015459,0.9476471543312073,0,96.73430633544922
814.97,2.808792605792402,1.756079582357587,0.21999999999999997,-0.12820512820512797,4.431015459,0.9476471543312073,0,96.73430633544922
814.97,2.8155858737830797,1.7592253187876503,0.21999999999999997,-0.12820512820512797,3.956632538,0.8562257885932922,0,96.73430633544922
815.07,2.8155858737830797,1.7592253187876503,0.21999999999999997,-0.12820512820512797,3.956632538,0.8562257885932922,0,96.73430633544922
815.07,2.8155858737830797,1.7592253187876503,0.21999999999999997,-0.12820512820512797,3.956632538,0.8562257885932922,0,96.73430633544922
815.07,2.8223985691946902,1.7623363497810403,0.21999999999999997,-0.12820512820512797,3.956592508,0.8562257885932922,0,96.62553405761719
815.07,2.8223985691946902,1.7623363497810403,0.21999999999999997,-0.12820512820512797,3.956592508,0.8562257885932922,0,96.62553405761719
815.07,2.8223985691946902,1.7623363497810403,0.21999999999999997,-0.12820512820512797,3.956592508,0.8562257885932922,0,96.62553405761719
815.07,2.8223985691946902,1.7623363497810403,0.21999999999999997,-0.12820512820512797,3.956592508,0.8562257885932922,0,96.62553405761719
815.07,2.829231185887431,1.7654047204292118,0.21999999999999997,-0.12820512820512797,3.9572489060000002,0.8562257885932922,0,96.62553405761719
815.07,2.829231185887431,1.7654047204292118,0.20842105263157892,-0.12820512820512797,3.9572489060000002,0.8562257885932922,0,96.62553405761719
815.07,2.829231185887431,1.7654047204292118,0.20842105263157892,-0.12820512820512797,3.9572489060000002,0.8562257885932922,0,96.62553405761719
815.07,2.829231185887431,1.7654047204292118,0.20842105263157892,-0.12820512820512797,3.9572489060000002,0.8562257885932922,0,96.62553405761719
815.07,2.8360813809974363,1.7684323520000456,0.20842105263157892,-0.12820512820512797,3.957592022,0.8562257885932922,0,96.62553405761719
815.1700000000001,2.8360813809974363,1.7684323520000456,0.20842105263157892,-0.12820512820512797,3.957592022,0.8562257885932922,0,96.62553405761719
815.1700000000001,2.8360813809974363,1.7684323520000456,0.20842105263157892,-0.12820512820512797,3.957592022,0.8562257885932922,0,96.62553405761719
815.1700000000001,2.8360813809974363,1.7684323520000456,0.20842105263157892,-0.12820512820512797,3.957592022,0.8562257885932922,0,96.62553405761719
815.1700000000001,2.8425829497950432,1.7712760111262682,0.20842105263157892,-0.12820512820512797,3.981386822,0.8562257885932922,0,96.62553405761719
815.1700000000001,2.8425829497950432,1.7712760111262682,0.20842105263157892,-0.12820512820512797,3.981386822,0.8562257885932922,0,96.62553405761719
815.1700000000001,2.8425829497950432,1.7712760111262682,0.20842105263157892,-0.12820512820512797,3.981386822,0.8562257885932922,0,96.62553405761719
815.1700000000001,2.8490944073896354,1.7740922044648473,0.19684210526315787,-0.12820512820512797,4.005927901,0.8562257885932922,0,96.62553405761719
815.1700000000001,2.8490944073896354,1.7740922044648473,0.19684210526315787,-0.12820512820512797,4.005927901,0.8562257885932922,0,96.62553405761719
815.1700000000001,2.8490944073896354,1.7740922044648473,0.19684210526315787,-0.12820512820512797,4.005927901,0.8562257885932922,0,96.62553405761719
815.1700000000001,2.8490944073896354,1.7740922044648473,0.19684210526315787,-0.12820512820512797,4.005927901,0.8562257885932922,0,96.62553405761719
815.1700000000001,2.855257546651695,1.7767308923320202,0.19684210526315787,-0.12820512820512797,4.005927901,0.8562257885932922,0,96.62553405761719
815.1700000000001,2.855257546651695,1.7767308923320202,0.19684210526315787,-0.12820512820512797,3.794784591,0.8062257766723633,0,96.62553405761719
815.2700000000001,2.855257546651695,1.7767308923320202,0.19684210526315787,-0.12820512820512797,3.794784591,0.8062257766723633,0,96.62553405761719
815.2700000000001,2.855257546651695,1.7767308923320202,0.19684210526315787,-0.12820512820512797,3.794784591,0.8062257766723633,0,96.62553405761719
815.2700000000001,2.861433565461962,1.7793332941768651,0.19684210526315787,-0.12820512820512797,3.817612064,0.8062257766723633,0,96.62553405761719
815.2700000000001,2.861433565461962,1.7793332941768651,0.19684210526315787,-0.12820512820512797,3.993361605,0.843341588973999,0,96.62553405761719
815.2700000000001,2.861433565461962,1.7793332941768651,0.21999999999999997,-0.12820512820512797,3.993361605,0.843341588973999,0,96.62553405761719
815.2700000000001,2.861433565461962,1.7793332941768651,0.21999999999999997,-0.12820512820512797,3.993361605,0.843341588973999,0,96.62553405761719
815.2700000000001,2.861433565461962,1.7793332941768651,0.21999999999999997,-0.12820512820512797,3.993361605,0.843341588973999,0,96.62553405761719
815.2700000000001,2.867623902752091,1.7819029894989766,0.21999999999999997,-0.12820512820512797,4.018402639,0.843341588973999,0,96.62553405761719
815.2700000000001,2.867623902752091,1.7819029894989766,0.21999999999999997,-0.12820512820512797,4.018402639,0.843341588973999,0,96.62553405761719
815.2700000000001,2.867623902752091,1.7819029894989766,0.21999999999999997,-0.12820512820512797,4.018402639,0.843341588973999,0,96.62553405761719
815.2700000000001,2.867623902752091,1.7819029894989766,0.21999999999999997,-0.12820512820512797,4.018402639,0.843341588973999,0,96.62553405761719
815.2700000000001,2.8745515425841814,1.7847360090536544,0.21999999999999997,-0.12820512820512797,4.018822535,0.843341588973999,0,96.62553405761719
815.37,2.8745515425841814,1.7847360090536544,0.21999999999999997,-0.12820512820512797,4.018822535,0.843341588973999,0,96.62553405761719
815.37,2.8745515425841814,1.7847360090536544,0.21999999999999997,-0.12820512820512797,4.018822535,0.843341588973999,0,96.62553405761719
815.37,2.8814930071101235,1.7875379758139776,0.19684210526315787,-0.28205128205128177,4.018822535,0.843341588973999,0,96.62553405761719
815.37,2.8814930071101235,1.7875379758139776,0.19684210526315787,-0.28205128205128177,4.018157267,0.843341588973999,0,96.62553405761719
815.37,2.8814930071101235,1.7875379758139776,0.19684210526315787,-0.28205128205128177,4.018157267,0.843341588973999,0,96.62553405761719
815.37,2.8814930071101235,1.7875379758139776,0.19684210526315787,-0.28205128205128177,4.018157267,0.843341588973999,0,96.62553405761719
815.37,2.8814930071101235,1.7875379758139776,0.19684210526315787,-0.28205128205128177,4.018157267,0.843341588973999,0,96.62553405761719
815.37,2.8877467360689906,1.7900282563573136,0.19684210526315787,-0.28205128205128177,4.064949624,0.843341588973999,0,96.62553405761719
815.37,2.8877467360689906,1.7900282563573136,0.19684210526315787,-0.28205128205128177,4.064949624,0.843341588973999,0,96.62553405761719
815.37,2.8877467360689906,1.7900282563573136,0.19684210526315787,-0.28205128205128177,4.064949624,0.843341588973999,0,96.62553405761719
815.37,2.8877467360689906,1.7900282563573136,0.19684210526315787,-0.28205128205128177,4.064949624,0.843341588973999,0,96.62553405761719
815.37,2.8939967085698064,1.7924644183659764,0.19684210526315787,-0.28205128205128177,4.064949624,0.843341588973999,0,96.62553405761719
815.37,2.8939967085698064,1.7924644183659764,0.19684210526315787,-0.28205128205128177,3.769330767,0.7726309299468994,0,96.62553405761719
815.47,2.8939967085698064,1.7924644183659764,0.21999999999999997,-0.28205128205128177,3.769330767,0.7726309299468994,0,96.62553405761719
815.47,2.8939967085698064,1.7924644183659764,0.21999999999999997,-0.28205128205128177,3.769330767,0.7726309299468994,0,96.62553405761719
815.47,2.9002770017692567,1.7948325241952165,0.21999999999999997,-0.28205128205128177,3.769330767,0.7726309299468994,0,96.62553405761719
815.47,2.9002770017692567,1.7948325241952165,0.21999999999999997,-0.28205128205128177,3.791981032,0.7726309299468994,0,96.62553405761719
815.47,2.9002770017692567,1.7948325241952165,0.21999999999999997,-0.28205128205128177,3.791981032,0.7726309299468994,0,96.62553405761719
815.47,2.9002770017692567,1.7948325241952165,0.21999999999999997,-0.28205128205128177,3.791981032,0.7726309299468994,0,96.62553405761719
815.47,2.9073459485170874,1.7973932225124596,0.21999999999999997,-0.28205128205128177,3.76702638,0.7726309299468994,0,96.62553405761719
815.47,2.9073459485170874,1.7973932225124596,0.21999999999999997,-0.28205128205128177,3.76702638,0.7726309299468994,0,96.62553405761719
815.47,2.9073459485170874,1.7973932225124596,0.21999999999999997,-0.28205128205128177,3.76702638,0.7726309299468994,0,96.62553405761719
815.47,2.914961556217264,1.7959970161318464,0.21999999999999997,-0.28205128205128177,3.720654477,0.7726309299468994,0,96.62553405761719
815.47,2.914961556217264,1.7959970161318464,0.21999999999999997,-0.28205128205128177,3.720654477,0.7726309299468994,0,96.62553405761719
815.57,2.914961556217264,1.7959970161318464,0.21999999999999997,-0.28205128205128177,3.720654477,0.7726309299468994,0,96.62553405761719
815.57,2.914961556217264,1.7959970161318464,0.21999999999999997,-0.28205128205128177,3.720654477,0.7726309299468994,0,96.51956939697266
815.57,2.914961556217264,1.7959970161318464,0.21999999999999997,-0.28205128205128177,3.720654477,0.7726309299468994,0,96.51956939697266
815.57,2.914961556217264,1.7959970161318464,0.21999999999999997,-0.28205128205128177,3.720654477,0.7726309299468994,0,96.51956939697266
815.57,2.9226602803215687,1.7939653275941148,0.21999999999999997,-0.28205128205128177,3.675639372,0.7726309299468994,0,96.51956939697266
815.57,2.9226602803215687,1.7939653275941148,0.19684210526315787,-0.2307692307692305,3.675639372,0.7726309299468994,0,96.51956939697266
815.57,2.9226602803215687,1.7939653275941148,0.19684210526315787,-0.2307692307692305,3.675639372,0.7726309299468994,0,96.51956939697266
815.57,2.930367296682991,1.791823126360505,0.19684210526315787,-0.2307692307692305,3.630168962,0.7726309299468994,0,96.51956939697266
815.57,2.930367296682991,1.791823126360505,0.19684210526315787,-0.2307692307692305,3.630168962,0.7726309299468994,0,96.51956939697266
815.57,2.930367296682991,1.791823126360505,0.19684210526315787,-0.2307692307692305,3.630168962,0.7726309299468994,0,96.51956939697266
815.57,2.930367296682991,1.791823126360505,0.19684210526315787,-0.2307692307692305,3.630168962,0.7726309299468994,0,96.51956939697266
815.57,2.937355700674435,1.7893486648706038,0.19684210526315787,-0.2307692307692305,3.6722476850000003,0.7726309299468994,0,96.51956939697266
815.6700000000001,2.937355700674435,1.7893486648706038,0.19684210526315787,-0.2307692307692305,3.6722476850000003,0.7726309299468994,0,96.51956939697266
815.6700000000001,2.937355700674435,1.7893486648706038,0.19684210526315787,-0.2307692307692305,3.6722476850000003,0.7726309299468994,0,96.51956939697266
815.6700000000001,2.937355700674435,1.7893486648706038,0.19684210526315787,-0.2307692307692305,3.6722476850000003,0.7726309299468994,0,96.51956939697266
815.6700000000001,2.944323952351451,1.7867617296428646,0.21999999999999997,-0.28205128205128177,3.717099826,0.7726309299468994,0,96.51956939697266
815.6700000000001,2.944323952351451,1.7867617296428646,0.21999999999999997,-0.28205128205128177,3.717099826,0.7726309299468994,0,96.51956939697266
815.6700000000001,2.944323952351451,1.7867617296428646,0.21999999999999997,-0.28205128205128177,3.717099826,0.7726309299468994,0,96.51956939697266
815.6700000000001,2.944323952351451,1.7867617296428646,0.21999999999999997,-0.28205128205128177,3.717099826,0.7726309299468994,0,96.51956939697266
815.6700000000001,2.952073601838353,1.7842875713218151,0.21999999999999997,-0.28205128205128177,3.43549714,0.7226309180259705,0,96.51956939697266
815.6700000000001,2.952073601838353,1.7842875713218151,0.21999999999999997,-0.28205128205128177,3.43549714,0.7226309180259705,0,96.51956939697266
815.6700000000001,2.952073601838353,1.7842875713218151,0.21999999999999997,-0.28205128205128177,3.43549714,0.7226309180259705,0,96.51956939697266
815.6700000000001,2.952073601838353,1.7842875713218151,0.21999999999999997,-0.28205128205128177,3.43549714,0.7226309180259705,0,96.51956939697266
815.6700000000001,2.952073601838353,1.7842875713218151,0.21999999999999997,-0.28205128205128177,3.43549714,0.7226309180259705,0,96.51956939697266
815.6700000000001,2.95932450301736,1.7861252414563675,0.21999999999999997,-0.28205128205128177,3.43549714,0.7226309180259705,0,96.51956939697266
815.7700000000001,2.95932450301736,1.7861252414563675,0.20842105263157892,-0.2307692307692305,3.394416546,0.7226309180259705,0,96.51956939697266
815.7700000000001,2.95932450301736,1.7861252414563675,0.20842105263157892,-0.2307692307692305,3.394416546,0.7226309180259705,0,96.51956939697266
815.7700000000001,2.95932450301736,1.7861252414563675,0.20842105263157892,-0.2307692307692305,3.394416546,0.7226309180259705,0,96.51956939697266
815.7700000000001,2.95932450301736,1.7861252414563675,0.20842105263157892,-0.2307692307692305,3.394416546,0.7226309180259705,0,96.51956939697266
815.7700000000001,2.9665778972520522,1.7880237518253619,0.20842105263157892,-0.2307692307692305,3.354430469,0.7226309180259705,0,96.51956939697266
815.7700000000001,2.9665778972520522,1.7880237518253619,0.20842105263157892,-0.2307692307692305,3.354430469,0.7226309180259705,0,96.51956939697266
815.7700000000001,2.9665778972520522,1.7880237518253619,0.20842105263157892,-0.2307692307692305,3.354430469,0.7226309180259705,0,96.51956939697266
815.7700000000001,2.9665778972520522,1.7880237518253619,0.20842105263157892,-0.2307692307692305,3.354430469,0.7226309180259705,0,96.51956939697266
815.7700000000001,2.973492485520269,1.789757347442849,0.20842105263157892,-0.2307692307692305,3.354430469,0.7226309180259705,0,96.51956939697266
815.7700000000001,2.973492485520269,1.789757347442849,0.20842105263157892,-0.2307692307692305,3.374304446,0.7226309180259705,0,96.51956939697266
815.7700000000001,2.973492485520269,1.789757347442849,0.19684210526315787,-0.2307692307692305,3.374304446,0.7226309180259705,0,96.51956939697266
815.7700000000001,2.973492485520269,1.789757347442849,0.19684210526315787,-0.2307692307692305,3.374304446,0.7226309180259705,0,96.51956939697266
815.87,2.9803960863338665,1.7914230482708418,0.19684210526315787,-0.2307692307692305,3.394252868,0.7226309180259705,0,96.51956939697266
815.87,2.9803960863338665,1.7914230482708418,0.19684210526315787,-0.2307692307692305,3.394252868,0.7226309180259705,0,96.51956939697266
815.87,2.9803960863338665,1.7914230482708418,0.19684210526315787,-0.2307692307692305,3.394252868,0.7226309180259705,0,96.51956939697266
815.87,2.9803960863338665,1.7914230482708418,0.19684210526315787,-0.2307692307692305,3.394252868,0.7226309180259705,0,96.51956939697266
815.87,2.986952154721251,1.7929487710091403,0.19684210526315787,-0.2307692307692305,3.433876388,0.7226309180259705,0,96.51956939697266
815.87,2.986952154721251,1.7929487710091403,0.19684210526315787,-0.2307692307692305,3.433876388,0.7226309180259705,0,96.51956939697266
815.87,2.986952154721251,1.7929487710091403,0.19684210526315787,-0.2307692307692305,3.433876388,0.7226309180259705,0,96.51956939697266
815.87,2.9934939695624316,1.7944275643664855,0.19684210526315787,-0.2307692307692305,3.476850301,0.7226309180259705,0,96.51956939697266
815.87,2.9934939695624316,1.7944275643664855,0.21999999999999997,-0.2307692307692305,3.476850301,0.7226309180259705,0,96.51956939697266
815.87,2.9934939695624316,1.7944275643664855,0.21999999999999997,-0.2307692307692305,3.476850301,0.7226309180259705,0,96.51956939697266
815.97,3.0000461218335057,1.79585677114782,0.21999999999999997,-0.2307692307692305,3.477424744,0.7226309180259705,0,96.51956939697266
815.97,3.0000461218335057,1.79585677114782,0.21999999999999997,-0.2307692307692305,3.477424744,0.7226309180259705,0,96.51956939697266
815.97,3.0000461218335057,1.79585677114782,0.21999999999999997,-0.2307692307692305,3.477424744,0.7226309180259705,0,96.51956939697266
815.97,3.0000461218335057,1.79585677114782,0.21999999999999997,-0.2307692307692305,3.477424744,0.7226309180259705,0,96.51956939697266
815.97,3.0074001042756655,1.7973980685145947,0.21999999999999997,-0.2307692307692305,3.477424744,0.7226309180259705,0,96.51956939697266
815.97,3.0074001042756655,1.7973980685145947,0.21999999999999997,-0.2307692307692305,3.19657716,0.6726309061050415,0,96.51956939697266
815.97,3.0074001042756655,1.7973980685145947,0.21999999999999997,-0.2307692307692305,3.19657716,0.6726309061050415,0,96.51956939697266
815.97,3.0074001042756655,1.7973980685145947,0.20842105263157892,-0.2307692307692305,3.19657716,0.6726309061050415,0,96.51956939697266
815.97,3.0074001042756655,1.7973980685145947,0.20842105263157892,-0.2307692307692305,3.19657716,0.6726309061050415,0,96.51956939697266
815.97,3.0074001042756655,1.7973980685145947,0.20842105263157892,-0.2307692307692305,3.19657716,0.6726309061050415,0,96.51956939697266
815.97,3.0147450502060287,1.7988730017732997,0.20842105263157892,-0.2307692307692305,3.1980055370000002,0.6726309061050415,0,96.51956939697266
815.97,3.0147450502060287,1.7988730017732997,0.20842105263157892,-0.2307692307692305,3.1980055370000002,0.6726309061050415,0,96.51956939697266
815.97,3.0147450502060287,1.7988730017732997,0.20842105263157892,-0.2307692307692305,3.1980055370000002,0.6726309061050415,0,96.51956939697266
815.97,3.0147450502060287,1.7988730017732997,0.20842105263157892,-0.2307692307692305,3.1980055370000002,0.6726309061050415,0,96.51956939697266
816.07,3.0217435100382697,1.8002110573351153,0.20842105263157892,-0.2307692307692305,3.216460101,0.6726309061050415,0,96.41270446777344
816.07,3.0217435100382697,1.8002110573351153,0.20842105263157892,-0.2307692307692305,3.216460101,0.6726309061050415,0,96.41270446777344
816.07,3.0217435100382697,1.8002110573351153,0.20842105263157892,-0.2307692307692305,3.216460101,0.6726309061050415,0,96.41270446777344
816.07,3.0287276720811755,1.8014860598233797,0.20842105263157892,-0.2307692307692305,3.216460101,0.6726309061050415,0,96.41270446777344
816.07,3.0287276720811755,1.8014860598233797,0.19684210526315787,-0.2307692307692305,3.236831272,0.6726309061050415,0,96.41270446777344
816.07,3.0287276720811755,1.8014860598233797,0.19684210526315787,-0.2307692307692305,3.236831272,0.6726309061050415,0,96.41270446777344
816.07,3.0287276720811755,1.8014860598233797,0.19684210526315787,-0.2307692307692305,3.237598761,0.6727904081344604,0,96.41270446777344
816.07,3.0287276720811755,1.8014860598233797,0.19684210526315787,-0.2307692307692305,3.237598761,0.6727904081344604,0,96.41270446777344
816.07,3.0357213784815364,1.8027060893772027,0.19684210526315787,-0.2307692307692305,3.238809467,0.6727904081344604,0,96.41270446777344
816.07,3.0357213784815364,1.8027060893772027,0.19684210526315787,-0.2307692307692305,3.238809467,0.6727904081344604,0,96.41270446777344
816.07,3.0357213784815364,1.8027060893772027,0.19684210526315787,-0.2307692307692305,3.238809467,0.6727904081344604,0,96.41270446777344
816.1700000000001,3.0357213784815364,1.8027060893772027,0.19684210526315787,-0.2307692307692305,3.238809467,0.6727904081344604,0,96.41270446777344
816.1700000000001,3.0423614427146606,1.8038136383192054,0.19684210526315787,-0.2307692307692305,3.257605719,0.6727904081344604,0,96.41270446777344
816.1700000000001,3.0423614427146606,1.8038136383192054,0.19684210526315787,-0.2307692307692305,3.257605719,0.6727904081344604,0,96.41270446777344
816.1700000000001,3.0423614427146606,1.8038136383192054,0.21999999999999997,-0.17948717948717924,3.257605719,0.6727904081344604,0,96.41270446777344
816.1700000000001,3.0423614427146606,1.8038136383192054,0.21999999999999997,-0.17948717948717924,3.257605719,0.6727904081344604,0,96.41270446777344
816.1700000000001,3.048986139084101,1.8048657864147393,0.21999999999999997,-0.17948717948717924,3.258609004,0.6727904081344604,0,96.41270446777344
816.1700000000001,3.048986139084101,1.8048657864147393,0.21999999999999997,-0.17948717948717924,3.258609004,0.6727904081344604,0,96.41270446777344
816.1700000000001,3.048986139084101,1.8048657864147393,0.21999999999999997,-0.17948717948717924,3.258609004,0.6727904081344604,0,96.41270446777344
816.1700000000001,3.048986139084101,1.8048657864147393,0.21999999999999997,-0.17948717948717924,3.258609004,0.6727904081344604,0,96.41270446777344
816.1700000000001,3.048986139084101,1.8048657864147393,0.21999999999999997,-0.17948717948717924,3.258609004,0.6727904081344604,0,96.41270446777344
816.1700000000001,3.0564162506878145,1.8059856381722954,0.21999999999999997,-0.17948717948717924,3.258609004,0.6727904081344604,0,96.41270446777344
816.1700000000001,3.0564162506878145,1.8059856381722954,0.21999999999999997,-0.17948717948717924,2.979012535,0.6227903962135315,0,96.41270446777344
816.1700000000001,3.0564162506878145,1.8059856381722954,0.20842105263157892,-0.17948717948717924,2.979012535,0.6227903962135315,0,96.41270446777344
816.1700000000001,3.0564162506878145,1.8059856381722954,0.20842105263157892,-0.17948717948717924,2.979012535,0.6227903962135315,0,96.41270446777344
816.2700000000001,3.0564162506878145,1.8059856381722954,0.20842105263157892,-0.17948717948717924,2.979012535,0.6227903962135315,0,96.41270446777344
816.2700000000001,3.0638340299856344,1.8070441886498891,0.20842105263157892,-0.17948717948717924,2.944318803,0.6227903962135315,0,96.41270446777344
816.2700000000001,3.0638340299856344,1.8070441886498891,0.20842105263157892,-0.17948717948717924,2.944318803,0.6227903962135315,0,96.41270446777344
816.2700000000001,3.0638340299856344,1.8070441886498891,0.20842105263157892,-0.17948717948717924,2.944318803,0.6227903962135315,0,96.41270446777344
816.2700000000001,3.070891938891728,1.8080064439401597,0.20842105263157892,-0.17948717948717924,2.962695412,0.6227903962135315,0,96.41270446777344
816.2700000000001,3.070891938891728,1.8080064439401597,0.20842105263157892,-0.17948717948717924,2.962695412,0.6227903962135315,0,96.41270446777344
816.2700000000001,3.070891938891728,1.8080064439401597,0.20842105263157892,-0.17948717948717924,2.962695412,0.6227903962135315,0,96.41270446777344
816.2700000000001,3.070891938891728,1.8080064439401597,0.20842105263157892,-0.17948717948717924,2.962695412,0.6227903962135315,0,96.41270446777344
816.2700000000001,3.070891938891728,1.8080064439401597,0.20842105263157892,-0.17948717948717924,2.962695412,0.6227903962135315,0,96.41270446777344
816.2700000000001,3.077929968648672,1.8089255036099519,0.19684210526315787,-0.17948717948717924,2.980217151,0.6227903962135315,0,96.41270446777344
816.2700000000001,3.077929968648672,1.8089255036099519,0.19684210526315787,-0.17948717948717924,2.980217151,0.6227903962135315,0,96.41270446777344
816.2700000000001,3.077929968648672,1.8089255036099519,0.19684210526315787,-0.17948717948717924,2.980217151,0.6227903962135315,0,96.41270446777344
816.37,3.077929968648672,1.8089255036099519,0.19684210526315787,-0.17948717948717924,2.980217151,0.6227903962135315,0,96.41270446777344
816.37,3.0846077575405775,1.8097624654200142,0.19684210526315787,-0.17948717948717924,2.998407432,0.6227903962135315,0,96.41270446777344
816.37,3.0846077575405775,1.8097624654200142,0.19684210526315787,-0.17948717948717924,2.998407432,0.6227903962135315,0,96.41270446777344
816.37,3.0846077575405775,1.8097624654200142,0.19684210526315787,-0.17948717948717924,2.998407432,0.6227903962135315,0,96.41270446777344
816.37,3.0912664700981662,1.8105549410426416,0.19684210526315787,-0.17948717948717924,3.01702011,0.6227903962135315,0,96.41270446777344
816.37,3.0912664700981662,1.8105549410426416,0.19684210526315787,-0.17948717948717924,3.01702011,0.6227903962135315,0,96.41270446777344
816.37,3.0912664700981662,1.8105549410426416,0.19684210526315787,-0.17948717948717924,3.01702011,0.6227903962135315,0,96.41270446777344
816.37,3.097930298925691,1.8113039717048343,0.21999999999999997,-0.17948717948717924,3.03561188,0.6227903962135315,0,96.41270446777344
816.37,3.097930298925691,1.8113039717048343,0.21999999999999997,-0.17948717948717924,3.03561188,0.6227903962135315,0,96.41270446777344
816.37,3.097930298925691,1.8113039717048343,0.21999999999999997,-0.17948717948717924,3.03561188,0.6227903962135315,0,96.41270446777344
816.47,3.097930298925691,1.8113039717048343,0.21999999999999997,-0.17948717948717924,3.03561188,0.6227903962135315,0,96.41270446777344
816.47,3.105398042893829,1.8120913130222966,0.21999999999999997,-0.17948717948717924,2.757169815,0.5727904438972473,0,96.41270446777344
816.47,3.105398042893829,1.8120913130222966,0.21999999999999997,-0.17948717948717924,2.757169815,0.5727904438972473,0,96.41270446777344
816.47,3.105398042893829,1.8120913130222966,0.21999999999999997,-0.17948717948717924,2.757169815,0.5727904438972473,0,96.41270446777344
816.47,3.105398042893829,1.8120913130222966,0.21999999999999997,-0.17948717948717924,2.757169815,0.5727904438972473,0,96.41270446777344
816.47,3.105398042893829,1.8120913130222966,0.21999999999999997,-0.17948717948717924,2.757169815,0.5727904438972473,0,96.41270446777344
816.47,3.1128384863980636,1.8128275065163966,0.21999999999999997,-0.17948717948717924,2.724435648,0.5727904438972473,0,96.41270446777344
816.47,3.1128384863980636,1.8128275065163966,0.20842105263157892,-0.17948717948717924,2.724435648,0.5727904438972473,0,96.41270446777344
816.47,3.1128384863980636,1.8128275065163966,0.20842105263157892,-0.17948717948717924,2.724435648,0.5727904438972473,0,96.41270446777344
816.47,3.120197852309314,1.8159082708405285,0.20842105263157892,-0.17948717948717924,2.725890836,0.5727904438972473,0,96.41270446777344
816.47,3.120197852309314,1.8159082708405285,0.20842105263157892,-0.17948717948717924,2.725890836,0.5727904438972473,0,96.41270446777344
816.47,3.120197852309314,1.8159082708405285,0.20842105263157892,-0.17948717948717924,2.725890836,0.5727904438972473,0,96.41270446777344
816.57,3.127088523392743,1.821617550891434,0.20842105263157892,-0.17948717948717924,2.725890836,0.5727904438972473,0,96.31300354003906
816.57,3.127088523392743,1.821617550891434,0.20842105263157892,-0.17948717948717924,2.742110538,0.5727904438972473,0,96.31300354003906
816.57,3.127088523392743,1.821617550891434,0.20842105263157892,-0.17948717948717924,2.742110538,0.5727904438972473,0,96.31300354003906
816.57,3.127088523392743,1.821617550891434,0.20842105263157892,-0.17948717948717924,2.742110538,0.5727904438972473,0,96.31300354003906
816.57,3.133922787407344,1.8273059175781075,0.20842105263157892,-0.17948717948717924,2.743132727,0.5727904438972473,0,96.31300354003906
816.57,3.133922787407344,1.8273059175781075,0.19684210526315787,-0.12820512820512797,2.743132727,0.5727904438972473,0,96.31300354003906
816.57,3.133922787407344,1.8273059175781075,0.19684210526315787,-0.12820512820512797,2.743132727,0.5727904438972473,0,96.31300354003906
816.57,3.133922787407344,1.8273059175781075,0.19684210526315787,-0.12820512820512797,2.743132727,0.5727904438972473,0,96.31300354003906
816.57,3.133922787407344,1.8273059175781075,0.19684210526315787,-0.12820512820512797,2.743132727,0.5727904438972473,0,96.31300354003906
816.57,3.140734999855736,1.8329758532070686,0.19684210526315787,-0.12820512820512797,2.7432490830000003,0.5727904438972473,0,96.31300354003906
816.6700000000001,3.140734999855736,1.8329758532070686,0.19684210526315787,-0.12820512820512797,2.7432490830000003,0.5727904438972473,0,96.31300354003906
816.6700000000001,3.140734999855736,1.8329758532070686,0.19684210526315787,-0.12820512820512797,2.7432490830000003,0.5727904438972473,0,96.31300354003906
816.6700000000001,3.14714648764952,1.8385954509165376,0.19684210526315787,-0.12820512820512797,2.743638547,0.5727904438972473,0,96.31300354003906
816.6700000000001,3.14714648764952,1.8385954509165376,0.19684210526315787,-0.12820512820512797,2.743638547,0.5727904438972473,0,96.31300354003906
816.6700000000001,3.14714648764952,1.8385954509165376,0.21999999999999997,-0.12820512820512797,2.743638547,0.5727904438972473,0,96.31300354003906
816.6700000000001,3.14714648764952,1.8385954509165376,0.21999999999999997,-0.12820512820512797,2.743638547,0.5727904438972473,0,96.31300354003906
816.6700000000001,3.14714648764952,1.8385954509165376,0.21999999999999997,-0.12820512820512797,2.743638547,0.5727904438972473,0,96.31300354003906
816.6700000000001,3.14714648764952,1.8385954509165376,0.21999999999999997,-0.12820512820512797,2.743638547,0.5727904438972473,0,96.31300354003906
816.6700000000001,3.14714648764952,1.8385954509165376,0.21999999999999997,-0.12820512820512797,2.743638547,0.5727904438972473,0,96.31300354003906
816.6700000000001,3.1534962422435266,1.844200512521589,0.21999999999999997,-0.12820512820512797,2.743861249,0.5727904438972473,0,96.31300354003906
816.6700000000001,3.1534962422435266,1.844200512521589,0.21999999999999997,-0.12820512820512797,2.50434421,0.5227904319763184,0,96.31300354003906
816.6700000000001,3.1534962422435266,1.844200512521589,0.21999999999999997,-0.12820512820512797,2.50434421,0.5227904319763184,0,96.31300354003906
816.6700000000001,3.1534962422435266,1.844200512521589,0.21999999999999997,-0.12820512820512797,2.50434421,0.5227904319763184,0,96.31300354003906
816.6700000000001,3.160834449549468,1.846868604289804,0.21999999999999997,-0.12820512820512797,2.473325181,0.5227904319763184,0,96.31300354003906
816.6700000000001,3.160834449549468,1.846868604289804,0.21999999999999997,-0.12820512820512797,2.473325181,0.5227904319763184,0,96.31300354003906
816.7700000000001,3.160834449549468,1.846868604289804,0.20842105263157892,-0.12820512820512797,2.473325181,0.5227904319763184,0,96.31300354003906
816.7700000000001,3.1682997080044535,1.8474124104199836,0.20842105263157892,-0.12820512820512797,2.473325181,0.5227904319763184,0,96.31300354003906
816.7700000000001,3.1682997080044535,1.8474124104199836,0.20842105263157892,-0.12820512820512797,2.475367181,0.5227904319763184,0,96.31300354003906
816.7700000000001,3.1682997080044535,1.8474124104199836,0.20842105263157892,-0.12820512820512797,2.475367181,0.5227904319763184,0,96.31300354003906
816.7700000000001,3.1682997080044535,1.8474124104199836,0.20842105263157892,-0.12820512820512797,2.475367181,0.5227904319763184,0,96.31300354003906
816.7700000000001,3.1754011497773984,1.8479037753129894,0.20842105263157892,-0.12820512820512797,2.475367181,0.5227904319763184,0,96.31300354003906
816.7700000000001,3.1754011497773984,1.8479037753129894,0.20842105263157892,-0.12820512820512797,2.488947661,0.5227904319763184,0,96.31300354003906
816.7700000000001,3.1754011497773984,1.8479037753129894,0.20842105263157892,-0.12820512820512797,2.488947661,0.5227904319763184,0,96.31300354003906
816.7700000000001,3.1754011497773984,1.8479037753129894,0.20842105263157892,-0.12820512820512797,2.488947661,0.5227904319763184,0,96.31300354003906
816.7700000000001,3.1754011497773984,1.8479037753129894,0.20842105263157892,-0.12820512820512797,2.488947661,0.5227904319763184,0,96.31300354003906
816.7700000000001,3.182480304635344,1.848361760168366,0.19684210526315787,-0.2307692307692305,2.503448789,0.5227904319763184,0,96.31300354003906
816.87,3.182480304635344,1.848361760168366,0.19684210526315787,-0.2307692307692305,2.503448789,0.5227904319763184,0,96.31300354003906
816.87,3.182480304635344,1.848361760168366,0.19684210526315787,-0.2307692307692305,2.503448789,0.5227904319763184,0,96.31300354003906
816.87,3.189562195926494,1.8487823564779755,0.19684210526315787,-0.2307692307692305,2.503492135,0.5227904319763184,0,96.31300354003906
816.87,3.189562195926494,1.8487823564779755,0.19684210526315787,-0.2307692307692305,2.503492135,0.5227904319763184,0,96.31300354003906
816.87,3.189562195926494,1.8487823564779755,0.19684210526315787,-0.2307692307692305,2.503492135,0.5227904319763184,0,96.31300354003906
816.87,3.1962819959544473,1.8491446387871904,0.19684210526315787,-0.2307692307692305,2.503492135,0.5227904319763184,0,96.31300354003906
816.87,3.1962819959544473,1.8491446387871904,0.19684210526315787,-0.2307692307692305,2.517595556,0.5227904319763184,0,96.31300354003906
816.87,3.1962819959544473,1.8491446387871904,0.19684210526315787,-0.2307692307692305,2.517595556,0.5227904319763184,0,96.31300354003906
816.87,3.1962819959544473,1.8491446387871904,0.19684210526315787,-0.2307692307692305,2.517595556,0.5227904319763184,0,96.31300354003906
816.87,3.2029806106871983,1.8494626788667303,0.19684210526315787,-0.2307692307692305,2.532879936,0.5227904319763184,0,96.31300354003906
816.87,3.2029806106871983,1.8494626788667303,0.21999999999999997,-0.2307692307692305,2.290633722,0.4727904200553894,0,96.31300354003906
816.97,3.2029806106871983,1.8494626788667303,0.21999999999999997,-0.2307692307692305,2.290633722,0.4727904200553894,0,96.31300354003906
816.97,3.2029806106871983,1.8494626788667303,0.21999999999999997,-0.2307692307692305,2.290633722,0.4727904200553894,0,96.31300354003906
816.97,3.2104912036303284,1.8497591228286134,0.21999999999999997,-0.2307692307692305,2.371739428,0.4955594837665558,0,96.31300354003906
816.97,3.2104912036303284,1.8497591228286134,0.21999999999999997,-0.2307692307692305,2.371739428,0.4955594837665558,0,96.31300354003906
816.97,3.2104912036303284,1.8497591228286134,0.21999999999999997,-0.2307692307692305,2.371739428,0.4955594837665558,0,96.31300354003906
816.97,3.2104912036303284,1.8497591228286134,0.21999999999999997,-0.2307692307692305,2.371739428,0.4955594837665558,0,96.31300354003906
816.97,3.2179839994983728,1.849981666649977,0.21999999999999997,-0.2307692307692305,2.342899471,0.4955594837665558,0,96.31300354003906
816.97,3.2179839994983728,1.849981666649977,0.21999999999999997,-0.2307692307692305,2.342899471,0.4955594837665558,0,96.31300354003906
816.97,3.2179839994983728,1.849981666649977,0.20842105263157892,-0.2307692307692305,2.342899471,0.4955594837665558,0,96.31300354003906
816.97,3.2179839994983728,1.849981666649977,0.20842105263157892,-0.2307692307692305,2.342899471,0.4955594837665558,0,96.31300354003906
816.97,3.2179839994983728,1.849981666649977,0.20842105263157892,-0.2307692307692305,2.342899471,0.4955594837665558,0,96.31300354003906
817.07,3.2254773121936404,1.8501343695609298,0.20842105263157892,-0.2307692307692305,2.344085008,0.4955594837665558,0,96.31300354003906
817.07,3.2254773121936404,1.8501343695609298,0.20842105263157892,-0.2307692307692305,2.344085008,0.4955594837665558,0,96.31300354003906
817.07,3.2254773121936404,1.8501343695609298,0.20842105263157892,-0.2307692307692305,2.344085008,0.4955594837665558,0,96.20230102539062
817.07,3.2254773121936404,1.8501343695609298,0.20842105263157892,-0.2307692307692305,2.344085008,0.4955594837665558,0,96.20230102539062
817.07,3.2326045505459455,1.8502206792310587,0.20842105263157892,-0.2307692307692305,2.344085008,0.4955594837665558,0,96.20230102539062
817.07,3.2326045505459455,1.8502206792310587,0.20842105263157892,-0.2307692307692305,2.356650015,0.4955594837665558,0,96.20230102539062
817.07,3.2326045505459455,1.8502206792310587,0.20842105263157892,-0.2307692307692305,2.356650015,0.4955594837665558,0,96.20230102539062
817.07,3.2326045505459455,1.8502206792310587,0.21999999999999997,-0.0769230769230767,2.356650015,0.4955594837665558,0,96.20230102539062
817.07,3.239705162423637,1.8502562070655597,0.21999999999999997,-0.0769230769230767,2.357630441,0.4955594837665558,0,96.20230102539062
817.07,3.239705162423637,1.8502562070655597,0.21999999999999997,-0.0769230769230767,2.357630441,0.4955594837665558,0,96.20230102539062
817.07,3.239705162423637,1.8502562070655597,0.21999999999999997,-0.0769230769230767,2.357630441,0.4955594837665558,0,96.20230102539062
817.07,3.239705162423637,1.8502562070655597,0.21999999999999997,-0.0769230769230767,2.357630441,0.4955594837665558,0,96.20230102539062
817.07,3.239705162423637,1.8502562070655597,0.21999999999999997,-0.0769230769230767,2.357630441,0.4955594837665558,0,96.20230102539062
817.07,3.239705162423637,1.8502562070655597,0.21999999999999997,-0.07692307692307669,2.357630441,0.4955594837665558,0,96.20230102539062
817.07,3.2472187352132007,1.8502476967656105,0.21999999999999997,-0.07692307692307669,2.3429260100000002,0.4955594837665558,0,96.20230102539062
817.1700000000001,3.2472187352132007,1.8502476967656105,0.21999999999999997,-0.07692307692307669,2.3429260100000002,0.4955594837665558,0,96.20230102539062
817.1700000000001,3.2472187352132007,1.8502476967656105,0.21999999999999997,-0.07692307692307669,2.3429260100000002,0.4955594837665558,0,96.20230102539062
817.1700000000001,3.254706349348234,1.850200478812496,0.21999999999999997,-0.07692307692307669,2.32857273,0.4955594837665558,0,96.20230102539062
817.1700000000001,3.254706349348234,1.850200478812496,0.21999999999999997,-0.07692307692307669,2.093628913,0.4455595016479492,0,96.20230102539062
817.1700000000001,3.254706349348234,1.850200478812496,0.21999999999999997,-0.07692307692307669,2.093628913,0.4455595016479492,0,96.20230102539062
817.1700000000001,3.254706349348234,1.850200478812496,0.21999999999999997,-0.07692307692307669,2.093628913,0.4455595016479492,0,96.20230102539062
817.1700000000001,3.262189517981144,1.8501394781134752,0.21999999999999997,-0.07692307692307669,2.069950957,0.4455595016479492,0,96.20230102539062
817.1700000000001,3.262189517981144,1.8501394781134752,0.21999999999999997,-0.07692307692307669,2.069950957,0.4455595016479492,0,96.20230102539062
817.1700000000001,3.262189517981144,1.8501394781134752,0.21999999999999997,-0.07692307692307669,2.069950957,0.4455595016479492,0,96.20230102539062
817.1700000000001,3.262189517981144,1.8501394781134752,0.21999999999999997,-0.07692307692307669,2.069950957,0.4455595016479492,0,96.20230102539062
817.1700000000001,3.262189517981144,1.8501394781134752,0.21999999999999997,-0.07692307692307669,2.069950957,0.4455595016479492,0,96.20230102539062
817.2700000000001,3.2696726480199687,1.850072269652946,0.21999999999999997,-0.07692307692307669,2.045841825,0.4455595016479492,0,96.20230102539062
817.2700000000001,3.2696726480199687,1.850072269652946,0.20842105263157892,-0.02564102564102541,2.045841825,0.4455595016479492,0,96.20230102539062
817.2700000000001,3.2771555166697643,1.850003377607506,0.20842105263157892,-0.02564102564102541,2.046976291,0.4455595016479492,0,96.20230102539062
817.2700000000001,3.2771555166697643,1.850003377607506,0.20842105263157892,-0.02564102564102541,2.046976291,0.4455595016479492,0,96.20230102539062
817.2700000000001,3.2771555166697643,1.850003377607506,0.20842105263157892,-0.02564102564102541,2.046976291,0.4455595016479492,0,96.20230102539062
817.2700000000001,3.2771555166697643,1.850003377607506,0.20842105263157892,-0.02564102564102541,2.046976291,0.4455595016479492,0,96.20230102539062
817.2700000000001,3.2842727373940366,1.8499191485421447,0.20842105263157892,-0.02564102564102541,2.046976291,0.4455595016479492,0,96.20230102539062
817.2700000000001,3.2842727373940366,1.8499191485421447,0.20842105263157892,-0.02564102564102541,2.058354784,0.4455595016479492,0,96.20230102539062
817.2700000000001,3.2842727373940366,1.8499191485421447,0.20842105263157892,-0.02564102564102541,2.058354784,0.4455595016479492,0,96.20230102539062
817.2700000000001,3.2842727373940366,1.8499191485421447,0.20842105263157892,-0.02564102564102541,2.058354784,0.4455595016479492,0,96.20230102539062
817.2700000000001,3.291362284479082,1.849812647546654,0.20842105263157892,-0.02564102564102541,2.058354784,0.4455595016479492,0,96.20230102539062
817.37,3.291362284479082,1.849812647546654,0.21999999999999997,-0.02564102564102541,2.070627305,0.4455595016479492,0,96.20230102539062
817.37,3.291362284479082,1.849812647546654,0.21999999999999997,-0.02564102564102541,2.070627305,0.4455595016479492,0,96.20230102539062
817.37,3.298449633777085,1.8496912068298268,0.21999999999999997,-0.02564102564102541,2.071926342,0.4455595016479492,0,96.20230102539062
817.37,3.298449633777085,1.8496912068298268,0.21999999999999997,-0.02564102564102541,2.071926342,0.4455595016479492,0,96.20230102539062
817.37,3.298449633777085,1.8496912068298268,0.21999999999999997,-0.02564102564102541,2.071926342,0.4455595016479492,0,96.20230102539062
817.37,3.298449633777085,1.8496912068298268,0.21999999999999997,-0.02564102564102541,2.071926342,0.4455595016479492,0,96.20230102539062
817.37,3.30595153073797,1.8495558528043041,0.21999999999999997,-0.02564102564102541,1.828469131,0.39555948972702026,0,96.20230102539062
817.37,3.30595153073797,1.8495558528043041,0.21999999999999997,-0.02564102564102541,1.828469131,0.39555948972702026,0,96.20230102539062
817.37,3.30595153073797,1.8495558528043041,0.21999999999999997,-0.02564102564102541,1.828469131,0.39555948972702026,0,96.20230102539062
817.37,3.30595153073797,1.8495558528043041,0.21999999999999997,-0.02564102564102541,1.828469131,0.39555948972702026,0,96.20230102539062
817.37,3.31342796365116,1.8494282734755974,0.20842105263157892,-0.02564102564102541,1.828469131,0.39555948972702026,0,96.20230102539062
817.47,3.31342796365116,1.8494282734755974,0.20842105263157892,-0.02564102564102541,1.828884787,0.39555948972702026,0,96.20230102539062
817.47,3.31342796365116,1.8494282734755974,0.20842105263157892,-0.02564102564102541,1.828884787,0.39555948972702026,0,96.20230102539062
817.47,3.31342796365116,1.8494282734755974,0.20842105263157892,-0.02564102564102541,1.828884787,0.39555948972702026,0,96.20230102539062
817.47,3.31342796365116,1.8494282734755974,0.20842105263157892,-0.02564102564102541,1.828884787,0.39555948972702026,0,96.20230102539062
817.47,3.31342796365116,1.8494282734755974,0.20842105263157892,-0.02564102564102541,1.828884787,0.39555948972702026,0,96.20230102539062
817.47,3.3205405093391005,1.8493036165027825,0.20842105263157892,-0.02564102564102541,1.828884787,0.39555948972702026,0,96.20230102539062
817.47,3.3205405093391005,1.8493036165027825,0.20842105263157892,-0.02564102564102541,1.839165868,0.39555948972702026,0,96.20230102539062
817.47,3.3205405093391005,1.8493036165027825,0.20842105263157892,-0.02564102564102541,1.839165868,0.39555948972702026,0,96.20230102539062
817.47,3.3205405093391005,1.8493036165027825,0.20842105263157892,-0.02564102564102541,1.839165868,0.39555948972702026,0,96.20230102539062
817.47,3.3205405093391005,1.8493036165027825,0.19684210526315787,-0.02564102564102541,1.839165868,0.39555948972702026,0,96.20230102539062
817.47,3.3275082961117692,1.84932653034613,0.19684210526315787,-0.02564102564102541,1.8500334710000002,0.39555948972702026,0,96.20230102539062
817.47,3.3275082961117692,1.84932653034613,0.19684210526315787,-0.02564102564102541,1.8500334710000002,0.39555948972702026,0,96.20230102539062
817.47,3.3275082961117692,1.84932653034613,0.19684210526315787,-0.02564102564102541,1.8500334710000002,0.39555948972702026,0,96.20230102539062
817.47,3.3301717788118537,1.8544448918011267,0.19684210526315787,-0.02564102564102541,1.8500334710000002,0.39555948972702026,0,96.20230102539062
817.57,3.3301717788118537,1.8544448918011267,0.19684210526315787,-0.02564102564102541,1.871778897,0.39555948972702026,0,96.20230102539062
817.57,3.3301717788118537,1.8544448918011267,0.19684210526315787,-0.02564102564102541,1.871778897,0.39555948972702026,0,96.09751892089844
817.57,3.3301717788118537,1.8544448918011267,0.19684210526315787,-0.02564102564102541,1.871778897,0.39555948972702026,0,96.09751892089844
817.57,3.3327965107132904,1.859568449197851,0.19684210526315787,-0.02564102564102541,1.871778897,0.39555948972702026,0,96.09751892089844
817.57,3.3327965107132904,1.859568449197851,0.19684210526315787,-0.02564102564102541,1.871778897,0.39555948972702026,0,96.09751892089844
817.57,3.3327965107132904,1.859568449197851,0.21999999999999997,-0.02564102564102541,1.894306904,0.39555948972702026,0,96.09751892089844
817.57,3.3327965107132904,1.859568449197851,0.21999999999999997,-0.02564102564102541,1.894306904,0.39555948972702026,0,96.09751892089844
817.57,3.3327965107132904,1.859568449197851,0.21999999999999997,-0.02564102564102541,1.894306904,0.39555948972702026,0,96.09751892089844
817.57,3.3354074610785247,1.8646998762380749,0.21999999999999997,-0.02564102564102541,1.9068534910000001,0.39555948972702026,0,96.09751892089844
817.57,3.3354074610785247,1.8646998762380749,0.21999999999999997,-0.02564102564102541,1.9068534910000001,0.39555948972702026,0,96.09751892089844
817.57,3.3354074610785247,1.8646998762380749,0.21999999999999997,-0.02564102564102541,1.9068534910000001,0.39555948972702026,0,96.09751892089844
817.57,3.3388149375343517,1.8698360962679603,0.21999999999999997,-0.02564102564102541,1.9068534910000001,0.39555948972702026,0,96.09751892089844
817.6700000000001,3.3388149375343517,1.8698360962679603,0.21999999999999997,-0.02564102564102541,1.894691941,0.39555948972702026,0,96.09751892089844
817.6700000000001,3.3388149375343517,1.8698360962679603,0.21999999999999997,-0.02564102564102541,1.894691941,0.39555948972702026,0,96.09751892089844
817.6700000000001,3.3388149375343517,1.8698360962679603,0.20842105263157892,-0.02564102564102541,1.894691941,0.39555948972702026,0,96.09751892089844
817.6700000000001,3.3421885170375902,1.8749911185746277,0.20842105263157892,-0.02564102564102541,1.882971699,0.39555948972702026,0,96.09751892089844
817.6700000000001,3.3421885170375902,1.8749911185746277,0.20842105263157892,-0.02564102564102541,1.882971699,0.39555948972702026,0,96.09751892089844
817.6700000000001,3.3421885170375902,1.8749911185746277,0.20842105263157892,-0.02564102564102541,1.882971699,0.39555948972702026,0,96.09751892089844
817.6700000000001,3.3421885170375902,1.8749911185746277,0.20842105263157892,-0.02564102564102541,1.882971699,0.39555948972702026,0,96.09751892089844
817.6700000000001,3.3460367531499506,1.8795392602818752,0.20842105263157892,-0.02564102564102541,1.883004471,0.39555948972702026,0,96.09751892089844
817.6700000000001,3.3460367531499506,1.8795392602818752,0.20842105263157892,-0.02564102564102541,1.883004471,0.39555948972702026,0,96.09751892089844
817.6700000000001,3.3460367531499506,1.8795392602818752,0.20842105263157892,-0.02564102564102541,1.883004471,0.39555948972702026,0,96.09751892089844
817.7700000000001,3.35315215168663,1.8794297353211216,0.20842105263157892,-0.02564102564102541,1.883004471,0.39555948972702026,0,96.09751892089844
817.7700000000001,3.35315215168663,1.8794297353211216,0.20842105263157892,-0.02564102564102541,1.89376049,0.39555948972702026,0,96.09751892089844
817.7700000000001,3.35315215168663,1.8794297353211216,0.20842105263157892,-0.02564102564102541,1.89376049,0.39555948972702026,0,96.09751892089844
817.7700000000001,3.35315215168663,1.8794297353211216,0.19684210526315787,-0.02564102564102541,1.89376049,0.39555948972702026,0,96.09751892089844
817.7700000000001,3.35315215168663,1.8794297353211216,0.19684210526315787,-0.02564102564102541,1.89376049,0.39555948972702026,0,96.09751892089844
817.7700000000001,3.360240848901112,1.8793116589527494,0.19684210526315787,-0.02564102564102541,1.6551639740000001,0.3455594778060913,0,96.09751892089844
817.7700000000001,3.360240848901112,1.8793116589527494,0.19684210526315787,-0.02564102564102541,1.6551639740000001,0.3455594778060913,0,96.09751892089844
817.7700000000001,3.3669623159076303,1.8791883576875932,0.19684210526315787,-0.02564102564102541,1.6551639740000001,0.3455594778060913,0,96.09751892089844
817.7700000000001,3.3669623159076303,1.8791883576875932,0.19684210526315787,-0.02564102564102541,1.6551639740000001,0.3455594778060913,0,96.09751892089844
817.7700000000001,3.3669623159076303,1.8791883576875932,0.19684210526315787,-0.02564102564102541,1.664625282,0.3455594778060913,0,96.09751892089844
817.7700000000001,3.3669623159076303,1.8791883576875932,0.19684210526315787,-0.02564102564102541,1.674342297,0.34757664799690247,0,96.09751892089844
817.87,3.3736573773312237,1.8790608265541764,0.19684210526315787,-0.02564102564102541,1.675216258,0.34757664799690247,0,96.09751892089844
817.87,3.3736573773312237,1.8790608265541764,0.19684210526315787,-0.02564102564102541,1.675216258,0.34757664799690247,0,96.09751892089844
817.87,3.3736573773312237,1.8790608265541764,0.18526315789473682,-0.02564102564102541,1.675216258,0.34757664799690247,0,96.09751892089844
817.87,3.3803502225458075,1.8789257242888313,0.18526315789473682,-0.02564102564102541,1.67518429,0.34757664799690247,0,96.09751892089844
817.87,3.3803502225458075,1.8789257242888313,0.18526315789473682,-0.02564102564102541,1.67518429,0.34757664799690247,0,96.09751892089844
817.87,3.3803502225458075,1.8789257242888313,0.18526315789473682,-0.02564102564102541,1.67518429,0.34757664799690247,0,96.09751892089844
817.87,3.3803502225458075,1.8789257242888313,0.18526315789473682,-0.02564102564102541,1.67518429,0.34757664799690247,0,96.09751892089844
817.87,3.3803502225458075,1.8789257242888313,0.18526315789473682,-0.02564102564102541,1.67518429,0.34757664799690247,0,96.09751892089844
817.87,3.3866775295016738,1.8787961039698986,0.18526315789473682,-0.02564102564102541,1.67518429,0.34757664799690247,0,96.09751892089844
817.87,3.3866775295016738,1.8787961039698986,0.18526315789473682,-0.02564102564102541,1.685173846,0.34757664799690247,0,96.09751892089844
817.87,3.3866775295016738,1.8787961039698986,0.18526315789473682,-0.02564102564102541,1.685173846,0.34757664799690247,0,96.09751892089844
817.97,3.3866775295016738,1.8787961039698986,0.18526315789473682,-0.02564102564102541,1.685173846,0.34757664799690247,0,96.09751892089844
817.97,3.3929764690893975,1.878659747411759,0.17368421052631577,-0.02564102564102541,1.7169546750000002,0.34757664799690247,0,96.09751892089844
817.97,3.3929764690893975,1.878659747411759,0.17368421052631577,-0.02564102564102541,1.7169546750000002,0.34757664799690247,0,96.09751892089844
817.97,3.3929764690893975,1.878659747411759,0.17368421052631577,-0.02564102564102541,1.7169546750000002,0.34757664799690247,0,96.09751892089844
817.97,3.3989102377735714,1.8785258793305724,0.17368421052631577,-0.02564102564102541,1.7609693480000002,0.34757664799690247,0,96.09751892089844
817.97,3.3989102377735714,1.8785258793305724,0.17368421052631577,-0.02564102564102541,1.7609693480000002,0.34757664799690247,0,96.09751892089844
817.97,3.3989102377735714,1.8785258793305724,0.17368421052631577,-0.02564102564102541,1.7609693480000002,0.34757664799690247,0,96.09751892089844
817.97,3.404813382814932,1.8783828000659526,0.17368421052631577,-0.02564102564102541,1.7609693480000002,0.34757664799690247,0,96.09751892089844
817.97,3.404813382814932,1.8783828000659526,0.17368421052631577,-0.02564102564102541,1.807982481,0.34757664799690247,0,96.09751892089844
817.97,3.404813382814932,1.8783828000659526,0.17368421052631577,-0.02564102564102541,1.807982481,0.34757664799690247,0,96.09751892089844
817.97,3.404813382814932,1.8783828000659526,0.17368421052631577,-0.02564102564102541,1.807982481,0.34757664799690247,0,96.09751892089844
818.07,3.404813382814932,1.8783828000659526,0.16210526315789472,-0.02564102564102541,1.807982481,0.34757664799690247,0,96.09751892089844
818.07,3.4107199785303592,1.8782346153226424,0.16210526315789472,-0.02564102564102541,1.579423211,0.2975766360759735,0,96.01913452148438
818.07,3.4107199785303592,1.8782346153226424,0.16210526315789472,-0.02564102564102541,1.579423211,0.2975766360759735,0,96.01913452148438
818.07,3.4107199785303592,1.8782346153226424,0.16210526315789472,-0.02564102564102541,1.579423211,0.2975766360759735,0,96.01913452148438
818.07,3.416253554540706,1.878089035678196,0.16210526315789472,-0.02564102564102541,1.622704663,0.2975766360759735,0,96.01913452148438
818.07,3.416253554540706,1.878089035678196,0.16210526315789472,-0.02564102564102541,1.622704663,0.2975766360759735,0,96.01913452148438
818.07,3.416253554540706,1.878089035678196,0.16210526315789472,-0.02564102564102541,1.622704663,0.2975766360759735,0,96.01913452148438
818.07,3.416253554540706,1.878089035678196,0.16210526315789472,-0.02564102564102541,1.622704663,0.2975766360759735,0,96.01913452148438
818.07,3.4217668703422124,1.8779417839754622,0.16210526315789472,-0.02564102564102541,1.658728117,0.2975766360759735,0,96.01913452148438
818.07,3.4217668703422124,1.8779417839754622,0.16210526315789472,-0.02564102564102541,1.658728117,0.2975766360759735,0,96.01913452148438
818.07,3.4217668703422124,1.8779417839754622,0.15052631578947367,-0.02564102564102541,1.658728117,0.2975766360759735,0,96.01913452148438
818.1700000000001,3.4217668703422124,1.8779417839754622,0.15052631578947367,-0.02564102564102541,1.658728117,0.2975766360759735,0,96.01913452148438
818.1700000000001,3.427274741290935,1.8777880593523106,0.15052631578947367,-0.02564102564102541,1.69415331,0.2975766360759735,0,96.01913452148438
818.1700000000001,3.427274741290935,1.8777880593523106,0.15052631578947367,-0.02564102564102541,1.69415331,0.2975766360759735,0,96.01913452148438
818.1700000000001,3.427274741290935,1.8777880593523106,0.15052631578947367,-0.02564102564102541,1.69415331,0.2975766360759735,0,96.01913452148438
818.1700000000001,3.427274741290935,1.8777880593523106,0.15052631578947367,-0.02564102564102541,1.69415331,0.2975766360759735,0,96.01913452148438
818.1700000000001,3.427274741290935,1.8777880593523106,0.15052631578947367,-0.02564102564102541,1.69415331,0.2975766360759735,0,96.01913452148438
818.1700000000001,3.43241867623194,1.8776409553192155,0.15052631578947367,-0.02564102564102541,1.743235965,0.2975766360759735,0,96.01913452148438
823.1700000000001,3.4551276322461075,1.8937618849144895,0.0,0.0,0.0,0.2975766360759735,0,95.95858764648438
823.2700000000001,3.4551276322461075,1.8937618849144895,0.0,0.0,0.0,0.2975766360759735,0,95.95858764648438
823.2700000000001,3.4551275418991843,1.8937615832900794,0.0,0.0,0.0,2.933713912963867,0,95.95858764648438
823.2700000000001,3.4551275418991843,1.8937615832900794,0.0,0.0,0.0,2.933713912963867,0,95.95858764648438
823.2700000000001,3.4551275418991843,1.8937615832900794,0.0,0.0,0.0,2.933713912963867,0,95.95858764648438
823.2700000000001,3.4551275418991843,1.8937615832900794,0.0,-0.16,0.0,2.933713912963867,0,95.95858764648438
823.2700000000001,3.4551274802645535,1.893761298317848,0.0,-0.16,0.0,2.933713912963867,0,95.95858764648438
823.2700000000001,3.4551274802645535,1.893761298317848,0.0,-0.16,0.0,2.933713912963867,0,95.95858764648438
823.2700000000001,3.4551274802645535,1.893761298317848,0.0,-0.16,0.0,2.933713912963867,0,95.95858764648438
823.2700000000001,3.4551274802645535,1.893761298317848,0.0,-0.16,0.0,2.933713912963867,0,95.95858764648438
823.2700000000001,3.455132245151604,1.8937602967268663,0.0,-0.32,0.0,2.933713912963867,0,95.95858764648438
823.2700000000001,3.455132245151604,1.8937602967268663,0.0,-0.32,0.0,2.933713912963867,0,95.95858764648438
823.2700000000001,3.455132245151604,1.8937602967268663,0.0,-0.32,0.0,2.933713912963867,0,95.95858764648438
823.37,3.455132245151604,1.8937602967268663,0.0,-0.32,0.0,2.933713912963867,0,95.95858764648438
823.37,3.455140594121118,1.8937587932901911,0.0,-0.48,0.0,2.933713912963867,0,95.95858764648438
823.37,3.455140594121118,1.8937587932901911,0.0,-0.48,0.0,2.933713912963867,0,95.95858764648438
823.37,3.455140594121118,1.8937587932901911,0.0,-0.48,0.0,2.933713912963867,0,95.95858764648438
823.37,3.4551575462045183,1.8937561358020756,0.0,-0.48,0.0,2.933713912963867,0,95.95858764648438
823.37,3.4551575462045183,1.8937561358020756,0.0,-0.48,0.0,2.933713912963867,0,95.95858764648438
823.37,3.4551575462045183,1.8937561358020756,0.0,-0.64,0.0,2.933713912963867,0,95.95858764648438
823.37,3.4551575462045183,1.8937561358020756,0.0,-0.64,0.0,2.933713912963867,0,95.95858764648438
823.37,3.4551575462045183,1.8937561358020756,0.0,-0.64,0.0,2.933713912963867,0,95.95858764648438
823.37,3.4551842969984925,1.8937558476678074,0.0,-0.64,0.0,2.933713912963867,0,95.95858764648438
823.37,3.4551842969984925,1.8937558476678074,0.0,-0.64,0.0,2.933713912963867,0,95.95858764648438
823.37,3.4551842969984925,1.8937558476678074,0.0,-0.8,0.0,2.933713912963867,0,95.95858764648438
823.37,3.4551842969984925,1.8937558476678074,0.0,-0.8,0.0,2.933713912963867,0,95.95858764648438
823.47,3.4551842969984925,1.8937558476678074,0.0,-0.8,0.0,2.933713912963867,0,95.95858764648438
823.47,3.4551842969984925,1.8937558476678074,0.0,-0.8,0.0,2.933713912963867,0,95.95858764648438
823.47,3.4551842969984925,1.8937558476678074,0.0,-0.8,0.0,2.933713912963867,0,95.95858764648438
823.47,3.45522107393139,1.893749893233669,0.0,-0.8,0.0,2.933713912963867,0,95.95858764648438
823.47,3.45522107393139,1.893749893233669,0.0,-0.9600000000000001,0.0,2.933713912963867,0,95.95858764648438
823.47,3.45522107393139,1.893749893233669,0.0,-0.9600000000000001,0.0,2.933713912963867,0,95.95858764648438
823.47,3.4552680897651604,1.8937438088515364,0.0,-0.9600000000000001,0.0,2.933713912963867,0,95.95858764648438
823.47,3.4552680897651604,1.8937438088515364,0.0,-0.9600000000000001,0.0,2.933713912963867,0,95.95858764648438
823.47,3.4552680897651604,1.8937438088515364,0.0,-1.0,0.0,2.933713912963867,0,95.95858764648438
823.47,3.4553247431640086,1.893738414520189,0.0,-1.0,0.0,2.933713912963867,0,95.95858764648438
823.47,3.4553247431640086,1.893738414520189,0.0,-1.0,0.0,2.933713912963867,0,95.95858764648438
823.57,3.4553247431640086,1.893738414520189,0.0,-1.0,0.0,2.933713912963867,0,95.95858764648438
823.57,3.4553247431640086,1.893738414520189,0.0,-1.0,0.0,2.933713912963867,0,95.95838928222656
823.57,3.45538495511297,1.8937277593702018,0.0,-1.0,0.0,2.933713912963867,0,95.95838928222656
823.57,3.45538495511297,1.8937277593702018,0.0,-1.0,0.0,2.933713912963867,0,95.95838928222656
823.57,3.45538495511297,1.8937277593702018,0.0,-1.0,0.0,2.933713912963867,0,95.95838928222656
823.57,3.4554470708282783,1.8937195341995041,0.0,-1.0,0.0,2.933713912963867,0,95.95838928222656
823.57,3.4554470708282783,1.8937195341995041,0.0,-1.0,0.0,2.933713912963867,0,95.95838928222656
823.57,3.4554470708282783,1.8937195341995041,0.0,-1.0,0.0,2.933713912963867,0,95.95838928222656
823.57,3.4554470708282783,1.8937195341995041,0.0,-1.0,0.0,2.933713912963867,0,95.95838928222656
823.57,3.4554470708282783,1.8937195341995041,0.0,-1.0,0.0,2.933713912963867,0,95.95838928222656
823.57,3.4554470708282783,1.8937195341995041,0.0,-1.0,0.0,2.933713912963867,0,95.95838928222656
823.57,3.455504526643712,1.893704027353902,0.0,-1.0,0.0,2.933713912963867,0,95.95838928222656
823.57,3.455504526643712,1.893704027353902,0.0,-1.0,0.0,2.933713912963867,0,95.95838928222656
823.6700000000001,3.455504526643712,1.893704027353902,0.0,-1.0,0.0,2.933713912963867,0,95.95838928222656
823.6700000000001,3.455504526643712,1.893704027353902,0.0,-1.0,0.0,2.933713912963867,0,95.95838928222656
823.6700000000001,3.4555592628411618,1.893688210806005,0.0,-1.0,0.0,2.933713912963867,0,95.95838928222656
823.6700000000001,3.4555592628411618,1.893688210806005,0.0,-1.0,0.0,2.933713912963867,0,95.95838928222656
823.6700000000001,3.4555592628411618,1.893688210806005,0.0,-1.0,0.0,2.933713912963867,0,95.95838928222656
823.6700000000001,3.4555592628411618,1.893688210806005,0.0,-1.0,0.0,2.933713912963867,0,95.95838928222656
823.6700000000001,3.4555592628411618,1.893688210806005,0.0,-1.0,0.0,2.933713912963867,0,95.95838928222656
823.6700000000001,3.455613934989089,1.8936734550150696,0.0,-1.0,0.0,2.933713912963867,0,95.95838928222656
823.6700000000001,3.455613934989089,1.8936734550150696,0.0,-1.0,0.0,2.933713912963867,0,95.95838928222656
823.6700000000001,3.455613934989089,1.8936734550150696,0.0,-1.0,0.0,2.933713912963867,0,95.95838928222656
823.6700000000001,3.455613934989089,1.8936734550150696,0.0,-1.0,0.0,2.933713912963867,0,95.95838928222656
823.6700000000001,3.455666554784916,1.8936512699061114,0.0,-1.0,0.0,2.933713912963867,0,95.95838928222656
823.6700000000001,3.455666554784916,1.8936512699061114,0.0,-1.0,0.0,2.933713912963867,0,95.95838928222656
823.7700000000001,3.455666554784916,1.8936512699061114,0.0,-1.0,0.0,2.933713912963867,0,95.95838928222656
823.7700000000001,3.455666554784916,1.8936512699061114,0.0,-1.0,0.0,2.933713912963867,0,95.95838928222656
823.7700000000001,3.455666554784916,1.8936512699061114,0.0,-1.0,0.0,2.933713912963867,0,95.95838928222656
823.7700000000001,3.455666554784916,1.8936512699061114,0.0,-1.0,0.0,2.933713912963867,0,95.95838928222656
823.7700000000001,3.4557228961455415,1.8936332575457522,0.0,-1.0,0.0,2.933713912963867,0,95.95838928222656
823.7700000000001,3.4557228961455415,1.8936332575457522,0.0,-1.0,0.0,2.933713912963867,0,95.95838928222656
823.7700000000001,3.4557228961455415,1.8936332575457522,0.0,-1.0,0.0,2.933713912963867,0,95.95838928222656
823.7700000000001,3.455775478082787,1.8936070630569481,0.0,-1.0,0.0,2.933713912963867,0,95.95838928222656
823.7700000000001,3.455775478082787,1.8936070630569481,0.0,-1.0,0.0,2.933713912963867,0,95.95838928222656
823.7700000000001,3.455775478082787,1.8936070630569481,0.0,-1.0,0.0,2.933713912963867,0,95.95838928222656
823.7700000000001,3.455775478082787,1.8936070630569481,0.0,-1.0,0.0,2.933713912963867,0,95.95838928222656
823.7700000000001,3.4558302545386503,1.893584463406721,0.0,-1.0,0.0,2.933713912963867,0,95.95838928222656
823.7700000000001,3.4558302545386503,1.893584463406721,0.0,-1.0,0.0,2.933713912963867,0,95.95838928222656
823.87,3.4558302545386503,1.893584463406721,0.0,-1.0,0.0,2.933713912963867,0,95.95838928222656
823.87,3.4558302545386503,1.893584463406721,0.0,-1.0,0.0,2.933713912963867,0,95.95838928222656
823.87,3.4558302545386503,1.893584463406721,0.0,-1.0,0.0,2.933713912963867,0,95.95838928222656
823.87,3.4558302545386503,1.893584463406721,0.0,-1.0,0.0,2.933713912963867,0,95.95838928222656
823.87,3.4558302545386503,1.893584463406721,0.0,-1.0,0.0,2.933713912963867,0,95.95838928222656
823.87,3.4558810688622112,1.893557712867235,0.0,-1.0,0.0,2.933713912963867,0,95.95838928222656
823.87,3.4558810688622112,1.893557712867235,0.0,-1.0,0.0,2.933713912963867,0,95.95838928222656
823.87,3.4558810688622112,1.893557712867235,0.0,-1.0,0.0,2.933713912963867,0,95.95838928222656
823.87,3.4558810688622112,1.893557712867235,0.0,-1.0,0.0,2.933713912963867,0,95.95838928222656
823.87,3.455931153022235,1.8935302108169054,0.0,-1.0,0.0,2.933713912963867,0,95.95838928222656
823.87,3.455931153022235,1.8935302108169054,0.0,-1.0,0.0,2.933713912963867,0,95.95838928222656
823.87,3.455931153022235,1.8935302108169054,0.0,-1.0,0.0,2.933713912963867,0,95.95838928222656
823.87,3.455980134393292,1.893500957575567,0.0,-1.0,0.0,2.933713912963867,0,95.95838928222656
823.97,3.455980134393292,1.893500957575567,0.0,-1.0,0.0,2.933713912963867,0,95.95838928222656
823.97,3.4560269656616756,1.893468695716906,0.0,-1.0,0.0,2.933713912963867,0,95.95838928222656
823.97,3.4560269656616756,1.893468695716906,0.0,-1.0,0.0,2.933713912963867,0,95.95838928222656
823.97,3.4560269656616756,1.893468695716906,0.0,-1.0,0.0,2.933713912963867,0,95.95838928222656
823.97,3.4560269656616756,1.893468695716906,0.0,-1.0,0.0,2.933713912963867,0,95.95838928222656
823.97,3.4560269656616756,1.893468695716906,0.0,-1.0,0.0,2.933713912963867,0,95.95838928222656
823.97,3.4560269656616756,1.893468695716906,0.0,-1.0,0.0,2.933713912963867,0,95.95838928222656
823.97,3.4560269656616756,1.893468695716906,0.0,-1.0,0.0,2.933713912963867,0,95.95838928222656
823.97,3.4560269656616756,1.893468695716906,0.0,-1.0,0.0,2.933713912963867,0,95.95838928222656
823.97,3.4560269656616756,1.893468695716906,0.0,-1.0,0.0,2.933713912963867,0,95.95838928222656
823.97,3.456076580644156,1.89343757563287,0.05789473684210526,-1.0,0.0,2.933713912963867,0,95.95838928222656
823.97,3.456076580644156,1.89343757563287,0.05789473684210526,-1.0,0.0,2.933713912963867,0,95.95838928222656
823.97,3.456076580644156,1.89343757563287,0.05789473684210526,-1.0,0.0,2.933713912963867,0,95.95838928222656
823.97,3.456076580644156,1.89343757563287,0.05789473684210526,-1.0,0.0,2.933713912963867,0,95.95838928222656
823.97,3.456076580644156,1.89343757563287,0.05789473684210526,-1.0,0.0,2.933713912963867,0,95.95838928222656
823.97,3.456076580644156,1.89343757563287,0.05789473684210526,-1.0,0.0,2.9120566844940186,0,95.95838928222656
823.97,3.4561215418856763,1.8934022585490367,0.05789473684210526,-1.0,0.0,2.9120566844940186,0,95.95838928222656
823.97,3.4561215418856763,1.8934022585490367,0.05789473684210526,-1.0,0.0,2.9120566844940186,0,95.95838928222656
824.07,3.4561215418856763,1.8934022585490367,0.05789473684210526,-1.0,0.0,2.9120566844940186,0,95.95751953125
824.07,3.4561215418856763,1.8934022585490367,0.05789473684210526,-1.0,0.0,2.9120566844940186,0,95.95751953125
824.07,3.457048593249179,1.8926331826964602,0.023157894736842106,-1.0,0.0,2.9120566844940186,0,95.95751953125
824.07,3.457048593249179,1.8926331826964602,0.023157894736842106,-1.0,0.0,2.9120566844940186,0,95.95751953125
824.07,3.457048593249179,1.8926331826964602,0.023157894736842106,-1.0,0.0,2.9120566844940186,0,95.95751953125
824.07,3.457048593249179,1.8926331826964602,0.023157894736842106,-1.0,0.0,2.9120566844940186,0,95.95751953125
824.07,3.4585615306547197,1.8912932317744484,0.023157894736842106,-1.0,253.395814224,2.9120566844940186,0,95.95751953125
824.07,3.4585615306547197,1.8912932317744484,0.023157894736842106,-1.0,253.395814224,2.9120566844940186,0,95.95751953125
824.07,3.4591961909187745,1.890691399493749,0.023157894736842106,-1.0,253.395814224,2.9120566844940186,0,95.95751953125
824.07,3.4591961909187745,1.890691399493749,0.023157894736842106,-1.0,253.395814224,2.9120566844940186,0,95.95751953125
824.07,3.4591961909187745,1.890691399493749,0.023157894736842106,-1.0,207.274489614,2.9120566844940186,0,95.95751953125
824.07,3.4591961909187745,1.890691399493749,0.023157894736842106,-1.0,207.274489614,2.9120566844940186,0,95.95751953125
824.1700000000001,3.4591961909187745,1.890691399493749,0.023157894736842106,-1.0,207.274489614,2.9120566844940186,0,95.95751953125
824.1700000000001,3.4591961909187745,1.890691399493749,0.023157894736842106,-1.0,207.274489614,2.9120566844940186,0,95.95751953125
824.1700000000001,3.4591961909187745,1.890691399493749,0.023157894736842106,-1.0,207.274489614,2.9120566844940186,0,95.95751953125
824.1700000000001,3.459788286777949,1.8900907138952292,0.023157894736842106,-1.0,207.274489614,2.9120566844940186,0,95.95751953125
824.1700000000001,3.459788286777949,1.8900907138952292,0.023157894736842106,-1.0,175.73993702,2.9120566844940186,0,95.95751953125
824.1700000000001,3.459788286777949,1.8900907138952292,0.023157894736842106,-1.0,175.73993702,2.9120566844940186,0,95.95751953125
824.1700000000001,3.459788286777949,1.8900907138952292,0.023157894736842106,-1.0,175.73993702,2.9120566844940186,0,95.95751953125
824.1700000000001,3.4603622527967177,1.8894698957853682,0.023157894736842106,-1.0,152.864400272,2.9120566844940186,0,95.95751953125
824.1700000000001,3.4603622527967177,1.8894698957853682,0.023157894736842106,-1.0,152.864400272,2.9120566844940186,0,95.95751953125
824.1700000000001,3.4603622527967177,1.8894698957853682,0.023157894736842106,-1.0,152.864400272,2.9120566844940186,0,95.95751953125
824.1700000000001,3.4609155286708444,1.8888293438232442,0.023157894736842106,-1.0,152.864400272,2.9120566844940186,0,95.95751953125
824.1700000000001,3.4609155286708444,1.8888293438232442,0.023157894736842106,-1.0,134.24624,2.9120566844940186,0,95.95751953125
824.2700000000001,3.4609155286708444,1.8888293438232442,0.011578947368421053,-1.0,134.24624,2.9120566844940186,0,95.95751953125
824.2700000000001,3.4609155286708444,1.8888293438232442,0.011578947368421053,-1.0,134.24624,2.9120566844940186,0,95.95751953125
824.2700000000001,3.4609155286708444,1.8888293438232442,0.011578947368421053,-1.0,134.24624,2.9120566844940186,0,95.95751953125
824.2700000000001,3.461448476187951,1.8881697833972357,0.011578947368421053,-1.0,134.24624,2.9120566844940186,0,95.95751953125
824.2700000000001,3.461448476187951,1.8881697833972357,0.011578947368421053,-1.0,120.349087475,2.9120566844940186,0,95.95751953125
824.2700000000001,3.461448476187951,1.8881697833972357,0.011578947368421053,-1.0,120.349087475,2.9120566844940186,0,95.95751953125
824.2700000000001,3.461448476187951,1.8881697833972357,0.011578947368421053,-1.0,120.349087475,2.9120566844940186,0,95.95751953125
824.2700000000001,3.4617360946585594,1.8877856554504198,0.011578947368421053,-1.0,113.86515071,2.9120566844940186,0,95.95751953125
824.2700000000001,3.4617360946585594,1.8877856554504198,0.05789473684210526,-1.0,113.86515071,2.9120566844940186,0,95.95751953125
824.2700000000001,3.4617360946585594,1.8877856554504198,0.05789473684210526,-1.0,113.86515071,2.9120566844940186,0,95.95751953125
824.2700000000001,3.4617360946585594,1.8877856554504198,0.05789473684210526,-1.0,113.86515071,2.9120566844940186,0,95.95751953125
824.2700000000001,3.4617360946585594,1.8877856554504198,0.05789473684210526,-1.0,113.86515071,2.9120566844940186,0,95.95751953125
824.37,3.4619977184767983,1.88741505420454,0.05789473684210526,-1.0,108.560263754,2.9120566844940186,0,95.95751953125
824.37,3.4619977184767983,1.88741505420454,0.05789473684210526,-1.0,108.560263754,2.9120566844940186,0,95.95751953125
824.37,3.4619977184767983,1.88741505420454,0.05789473684210526,-1.0,108.560263754,2.9120566844940186,0,95.95751953125
824.37,3.4628839088016123,1.8860488410873757,0.05789473684210526,-1.0,102.414825606,2.9120566844940186,0,95.95751953125
824.37,3.4628839088016123,1.8860488410873757,0.05789473684210526,-1.0,102.414825606,2.9120566844940186,0,95.95751953125
824.37,3.4628839088016123,1.8860488410873757,0.05789473684210526,-1.0,102.414825606,2.9120566844940186,0,95.95751953125
824.37,3.4639279877877858,1.884315472198007,0.05789473684210526,-1.0,102.414825606,2.9120566844940186,0,95.95751953125
824.37,3.4639279877877858,1.884315472198007,0.01157894736842105,-1.0,102.734557929,2.9120566844940186,0,95.95751953125
824.37,3.4639279877877858,1.884315472198007,0.01157894736842105,-1.0,102.734557929,2.9120566844940186,0,95.95751953125
824.37,3.4639279877877858,1.884315472198007,0.01157894736842105,-1.0,102.734557929,2.9120566844940186,0,95.95751953125
824.47,3.464909439638994,1.882550127583834,0.01157894736842105,-1.0,90.983561055,2.9120566844940186,0,95.95751953125
824.47,3.464909439638994,1.882550127583834,0.01157894736842105,-1.0,90.983561055,2.9120566844940186,0,95.95751953125
824.47,3.464909439638994,1.882550127583834,0.011578947368421053,-1.0,90.983561055,2.9120566844940186,0,95.95751953125
824.47,3.464909439638994,1.882550127583834,0.011578947368421053,-1.0,90.983561055,2.9120566844940186,0,95.95751953125
824.47,3.464909439638994,1.882550127583834,0.011578947368421053,-1.0,90.983561055,2.9120566844940186,0,95.95751953125
824.47,3.465310538037469,1.8817717338245765,0.011578947368421053,-1.0,90.37572024,2.9120566844940186,0,95.95751953125
824.47,3.465310538037469,1.8817717338245765,0.011578947368421053,-1.0,90.37572024,2.9120566844940186,0,95.95751953125
824.47,3.465310538037469,1.8817717338245765,0.011578947368421053,-1.0,90.37572024,2.9120566844940186,0,95.95751953125
824.47,3.4655064233458455,1.8813620529405493,0.011578947368421053,-1.0,94.106733516,2.9120566844940186,0,95.95751953125
824.47,3.4655064233458455,1.8813620529405493,0.011578947368421053,-1.0,94.106733516,2.9120566844940186,0,95.95751953125
824.47,3.4655064233458455,1.8813620529405493,0.011578947368421053,-1.0,94.106733516,2.9120566844940186,0,95.95751953125
824.47,3.4655064233458455,1.8813620529405493,0.011578947368421053,-1.0,94.106733516,2.9120566844940186,0,95.95751953125
824.57,3.4668105244213203,1.883928978013877,0.011578947368421053,-1.0,94.106733516,2.9120566844940186,0,95.95751953125
824.57,3.4668105244213203,1.883928978013877,0.011578947368421053,-1.0,94.106733516,2.9120566844940186,0,95.94225311279297
824.57,3.4668105244213203,1.883928978013877,0.011578947368421053,-1.0,98.201391574,2.9120566844940186,0,95.94225311279297
824.57,3.4668105244213203,1.883928978013877,0.011578947368421053,-1.0,98.201391574,2.9120566844940186,0,95.94225311279297
824.57,3.468629335718883,1.8879061323727528,0.06947368421052631,-1.0,98.201391574,2.9120566844940186,0,95.94225311279297
824.57,3.468629335718883,1.8879061323727528,0.06947368421052631,-1.0,102.722499155,2.9120566844940186,0,95.94225311279297
824.57,3.468629335718883,1.8879061323727528,0.06947368421052631,-1.0,102.722499155,2.9120566844940186,0,95.94225311279297
824.57,3.468629335718883,1.8879061323727528,0.06947368421052631,-1.0,102.722499155,2.9120566844940186,0,95.94225311279297
824.57,3.468629335718883,1.8879061323727528,0.06947368421052631,-1.0,102.722499155,2.9120566844940186,0,95.94225311279297
824.57,3.468629335718883,1.8879061323727528,0.06947368421052631,-1.0,102.722499155,2.9120566844940186,0,95.94225311279297
824.57,3.4708032787648304,1.8907867669184744,0.06947368421052631,-1.0,91.358480804,2.9120566844940186,0,95.94225311279297
824.57,3.4708032787648304,1.8907867669184744,0.06947368421052631,-1.0,91.358480804,2.9120566844940186,0,95.94225311279297
824.57,3.4708032787648304,1.8907867669184744,0.06947368421052631,-1.0,91.358480804,2.9120566844940186,0,95.94225311279297
824.6700000000001,3.4731666975920032,1.892864027377333,0.06947368421052631,-1.0,91.358480804,2.9120566844940186,0,95.94225311279297
824.6700000000001,3.4731666975920032,1.892864027377333,0.06947368421052631,-1.0,75.881697402,2.9120566844940186,0,95.94225311279297
824.6700000000001,3.4731666975920032,1.892864027377333,0.08105263157894736,-1.0,75.881697402,2.9120566844940186,0,95.94225311279297
824.6700000000001,3.4731666975920032,1.892864027377333,0.08105263157894736,-1.0,75.881697402,2.9120566844940186,0,95.94225311279297
824.6700000000001,3.4731666975920032,1.892864027377333,0.08105263157894736,-1.0,75.881697402,2.9120566844940186,0,95.94225311279297
824.6700000000001,3.4754475616168996,1.8949070861383006,0.08105263157894736,-1.0,71.623046043,2.9120566844940186,0,95.94225311279297
824.6700000000001,3.4754475616168996,1.8949070861383006,0.08105263157894736,-1.0,71.623046043,2.9120566844940186,0,95.94225311279297
824.6700000000001,3.4754475616168996,1.8949070861383006,0.08105263157894736,-1.0,71.623046043,2.9120566844940186,0,95.94225311279297
824.6700000000001,3.4754475616168996,1.8949070861383006,0.08105263157894736,-1.0,71.623046043,2.9120566844940186,0,95.94225311279297
824.6700000000001,3.4777392316382896,1.8965354387656062,0.08105263157894736,-1.0,67.20753249,2.9120566844940186,0,95.94225311279297
824.6700000000001,3.4777392316382896,1.8965354387656062,0.08105263157894736,-1.0,67.20753249,2.9120566844940186,0,95.94225311279297
824.6700000000001,3.4777392316382896,1.8965354387656062,0.06947368421052631,-1.0,67.20753249,2.9120566844940186,0,95.94225311279297
824.7700000000001,3.4777392316382896,1.8965354387656062,0.06947368421052631,-1.0,67.20753249,2.9120566844940186,0,95.94225311279297
824.7700000000001,3.480378296814137,1.8961833659689324,0.06947368421052631,-1.0,67.20753249,2.9120566844940186,0,95.94225311279297
824.7700000000001,3.480378296814137,1.8961833659689324,0.06947368421052631,-1.0,63.369241759,2.9120566844940186,0,95.94225311279297
824.7700000000001,3.480378296814137,1.8961833659689324,0.06947368421052631,-1.0,63.369241759,2.9120566844940186,0,95.94225311279297
824.7700000000001,3.480378296814137,1.8961833659689324,0.12736842105263158,-1.0,63.369241759,2.9120566844940186,0,95.94225311279297
824.7700000000001,3.4829925188778925,1.8955915761793571,0.12736842105263158,-1.0,57.290895998,2.9120566844940186,0,95.94225311279297
824.7700000000001,3.4829925188778925,1.8955915761793571,0.12736842105263158,-1.0,57.290895998,2.9120566844940186,0,95.94225311279297
824.7700000000001,3.4829925188778925,1.8955915761793571,0.12736842105263158,-1.0,57.290895998,2.9120566844940186,0,95.94225311279297
824.7700000000001,3.4856944551354405,1.8938436354695942,0.12736842105263158,-1.0,47.749560941,2.9120566844940186,0,95.94225311279297
824.7700000000001,3.4856944551354405,1.8938436354695942,0.12736842105263158,-1.0,47.749560941,2.9120566844940186,0,95.94225311279297
824.7700000000001,3.4856944551354405,1.8938436354695942,0.12736842105263158,-1.0,47.749560941,2.9120566844940186,0,95.94225311279297
824.87,3.4856944551354405,1.8938436354695942,0.12736842105263158,-1.0,47.749560941,2.9120566844940186,0,95.94225311279297
824.87,3.488369796702762,1.8912768998591645,0.12736842105263158,-1.0,39.519689529,2.9120566844940186,0,95.94225311279297
824.87,3.488369796702762,1.8912768998591645,0.12736842105263158,-1.0,39.519689529,2.9120566844940186,0,95.94225311279297
824.87,3.488369796702762,1.8912768998591645,0.10421052631578946,-1.0,39.519689529,2.9120566844940186,0,95.94225311279297
824.87,3.490900227836841,1.8886959848783176,0.10421052631578946,-1.0,39.519689529,2.9120566844940186,0,95.94225311279297
824.87,3.490900227836841,1.8886959848783176,0.10421052631578946,-1.0,33.667505573,2.9120566844940186,0,95.94225311279297
824.87,3.490900227836841,1.8886959848783176,0.10421052631578946,-1.0,33.667505573,2.9120566844940186,0,95.94225311279297
824.87,3.490900227836841,1.8886959848783176,0.10421052631578946,-1.0,33.814911995,2.924806594848633,0,95.94225311279297
824.87,3.490900227836841,1.8886959848783176,0.10421052631578946,-1.0,33.814911995,2.924806594848633,0,95.94225311279297
824.87,3.490900227836841,1.8886959848783176,0.10421052631578946,-1.0,33.814911995,2.924806594848633,0,95.94225311279297
824.87,3.493249189466574,1.886886406178939,0.10421052631578946,-1.0,31.425989929,2.924806594848633,0,95.94225311279297
824.87,3.493249189466574,1.886886406178939,0.10421052631578946,-1.0,31.425989929,2.924806594848633,0,95.94225311279297
824.87,3.493249189466574,1.886886406178939,0.10421052631578946,-1.0,31.425989929,2.924806594848633,0,95.94225311279297
824.97,3.493249189466574,1.886886406178939,0.10421052631578946,-1.0,31.425989929,2.924806594848633,0,95.94225311279297
824.97,3.4918805481538,1.8845602025956731,0.10421052631578946,-1.0,30.21148488,2.924806594848633,0,95.94225311279297
824.97,3.4918805481538,1.8845602025956731,0.10421052631578946,-1.0,30.21148488,2.924806594848633,0,95.94225311279297
824.97,3.4918805481538,1.8845602025956731,0.10421052631578946,-1.0,30.21148488,2.924806594848633,0,95.94225311279297
824.97,3.4918805481538,1.8845602025956731,0.10421052631578946,-1.0,30.21148488,2.924806594848633,0,95.94225311279297
824.97,3.4900372672804356,1.8821833760975901,0.10421052631578946,-1.0,29.036990344,2.924806594848633,0,95.94225311279297
824.97,3.4900372672804356,1.8821833760975901,0.16210526315789472,-1.0,29.036990344,2.924806594848633,0,95.94225311279297
824.97,3.4900372672804356,1.8821833760975901,0.16210526315789472,-1.0,29.036990344,2.924806594848633,0,95.94225311279297
824.97,3.4900372672804356,1.8821833760975901,0.16210526315789472,-1.0,29.036990344,2.924806594848633,0,95.94225311279297
824.97,3.4880674268226954,1.8798100898806966,0.16210526315789472,-1.0,28.309609284,2.924806594848633,0,95.94225311279297
824.97,3.4880674268226954,1.8798100898806966,0.16210526315789472,-1.0,28.309609284,2.924806594848633,0,95.94225311279297
824.97,3.4880674268226954,1.8798100898806966,0.16210526315789472,-1.0,28.309609284,2.924806594848633,0,95.94225311279297
825.07,3.4880674268226954,1.8798100898806966,0.16210526315789472,-1.0,28.309609284,2.924806594848633,0,95.94225311279297
825.07,3.4880674268226954,1.8798100898806966,0.16210526315789472,-1.0,28.309609284,2.924806594848633,0,95.91963958740234
825.07,3.4858658193756265,1.8762927081652805,0.16210526315789472,-1.0,26.662161743,2.924806594848633,0,95.91963958740234
825.07,3.4858658193756265,1.8762927081652805,0.16210526315789472,-1.0,26.662161743,2.924806594848633,0,95.91963958740234
825.07,3.4858658193756265,1.8762927081652805,0.15052631578947367,-1.0,26.662161743,2.924806594848633,0,95.91963958740234
825.07,3.4833960582296193,1.8719889567727013,0.15052631578947367,-1.0,24.348421627,2.924806594848633,0,95.91963958740234
825.07,3.4833960582296193,1.8719889567727013,0.15052631578947367,-1.0,24.348421627,2.924806594848633,0,95.91963958740234
825.07,3.4807938381588936,1.8680972264555782,0.15052631578947367,-1.0,23.312544257,2.924806594848633,0,95.91963958740234
825.07,3.4807938381588936,1.8680972264555782,0.15052631578947367,-1.0,23.312544257,2.924806594848633,0,95.91963958740234
825.07,3.4807938381588936,1.8680972264555782,0.15052631578947367,-1.0,23.312544257,2.924806594848633,0,95.91963958740234
825.1700000000001,3.4807938381588936,1.8680972264555782,0.12736842105263158,-1.0,23.312544257,2.924806594848633,0,95.91963958740234
825.1700000000001,3.479743466748629,1.863052580496601,0.12736842105263158,-1.0,22.857597104,2.924806594848633,0,95.91963958740234
825.1700000000001,3.479743466748629,1.863052580496601,0.12736842105263158,-1.0,22.857597104,2.924806594848633,0,95.91963958740234
825.1700000000001,3.479743466748629,1.863052580496601,0.12736842105263158,-1.0,22.857597104,2.924806594848633,0,95.91963958740234
825.1700000000001,3.479743466748629,1.863052580496601,0.12736842105263158,-1.0,22.857597104,2.924806594848633,0,95.91963958740234
825.1700000000001,3.478752460020934,1.858775622635048,0.12736842105263158,-1.0,22.841537154,2.924806594848633,0,95.91963958740234
825.1700000000001,3.478752460020934,1.858775622635048,0.12736842105263158,-1.0,22.841537154,2.924806594848633,0,95.91963958740234
825.1700000000001,3.478752460020934,1.858775622635048,0.12736842105263158,-1.0,22.841537154,2.924806594848633,0,95.91963958740234
825.1700000000001,3.47761515213848,1.854529949093707,0.12736842105263158,-1.0,22.357414824,2.924806594848633,0,95.91963958740234
825.1700000000001,3.47761515213848,1.854529949093707,0.12736842105263158,-1.0,22.357414824,2.924806594848633,0,95.91963958740234
825.2700000000001,3.47761515213848,1.854529949093707,0.17368421052631577,-1.0,22.357414824,2.924806594848633,0,95.91963958740234
825.2700000000001,3.47761515213848,1.854529949093707,0.17368421052631577,-1.0,22.357414824,2.924806594848633,0,95.91963958740234
825.2700000000001,3.4763384636166035,1.8503333676670224,0.17368421052631577,-1.0,21.949310254,2.924806594848633,0,95.91963958740234
825.2700000000001,3.4763384636166035,1.8503333676670224,0.17368421052631577,-1.0,21.949310254,2.924806594848633,0,95.91963958740234
825.2700000000001,3.4763384636166035,1.8503333676670224,0.17368421052631577,-1.0,21.949310254,2.924806594848633,0,95.91963958740234
825.2700000000001,3.4745460790364184,1.8450891274224182,0.17368421052631577,-1.0,21.949310254,2.924806594848633,0,95.91963958740234
825.2700000000001,3.4745460790364184,1.8450891274224182,0.17368421052631577,-1.0,21.949310254,2.924806594848633,0,95.91963958740234
825.2700000000001,3.4745460790364184,1.8450891274224182,0.17368421052631577,-1.0,20.918570209,2.924806594848633,0,95.91963958740234
825.2700000000001,3.4745460790364184,1.8450891274224182,0.17368421052631577,-1.0,20.918570209,2.924806594848633,0,95.91963958740234
825.2700000000001,3.4745460790364184,1.8450891274224182,0.17368421052631577,-1.0,20.918570209,2.924806594848633,0,95.91963958740234
825.2700000000001,3.4745460790364184,1.8450891274224182,0.16210526315789472,-1.0,20.918570209,2.924806594848633,0,95.91963958740234
825.2700000000001,3.472817586667215,1.8396083301132022,0.16210526315789472,-1.0,19.842969823,2.924806594848633,0,95.91963958740234
825.37,3.472817586667215,1.8396083301132022,0.16210526315789472,-1.0,19.842969823,2.924806594848633,0,95.91963958740234
825.37,3.472817586667215,1.8396083301132022,0.16210526315789472,-1.0,19.842969823,2.924806594848633,0,95.91963958740234
825.37,3.475106852241091,1.8354959985071384,0.16210526315789472,-1.0,19.842969823,2.924806594848633,0,95.91963958740234
825.37,3.475106852241091,1.8354959985071384,0.16210526315789472,-1.0,19.50256288,2.924806594848633,0,95.91963958740234
825.37,3.475106852241091,1.8354959985071384,0.16210526315789472,-1.0,19.50256288,2.924806594848633,0,95.91963958740234
825.37,3.475106852241091,1.8354959985071384,0.16210526315789472,-1.0,19.50256288,2.924806594848633,0,95.91963958740234
825.37,3.475106852241091,1.8354959985071384,0.16210526315789472,-1.0,19.50256288,2.924806594848633,0,95.91963958740234
825.37,3.477225990606914,1.831455864404179,0.16210526315789472,-1.0,19.52743583,2.924806594848633,0,95.91963958740234
825.37,3.477225990606914,1.831455864404179,0.19684210526315787,-1.0,19.52743583,2.924806594848633,0,95.91963958740234
825.37,3.477225990606914,1.831455864404179,0.19684210526315787,-1.0,19.52743583,2.924806594848633,0,95.91963958740234
825.37,3.477225990606914,1.831455864404179,0.19684210526315787,-1.0,19.52743583,2.924806594848633,0,95.91963958740234
825.37,3.479177995945012,1.8274933728883354,0.19684210526315787,-1.0,19.382352622,2.924806594848633,0,95.91963958740234
825.47,3.479177995945012,1.8274933728883354,0.19684210526315787,-1.0,19.382352622,2.924806594848633,0,95.91963958740234
825.47,3.479177995945012,1.8274933728883354,0.19684210526315787,-1.0,19.382352622,2.924806594848633,0,95.91963958740234
825.47,3.479177995945012,1.8274933728883354,0.19684210526315787,-1.0,19.382352622,2.924806594848633,0,95.91963958740234
825.47,3.4804134443041868,1.82259843486552,0.19684210526315787,-1.0,18.749105802,2.924806594848633,0,95.91963958740234
825.47,3.4804134443041868,1.82259843486552,0.19684210526315787,-1.0,18.749105802,2.924806594848633,0,95.91963958740234
825.47,3.4804134443041868,1.82259843486552,0.19684210526315787,-1.0,18.749105802,2.924806594848633,0,95.91963958740234
825.47,3.481443240964785,1.8177897666184986,0.18526315789473682,-1.0,17.880129,2.924806594848633,0,95.91963958740234
825.47,3.481443240964785,1.8177897666184986,0.18526315789473682,-1.0,17.880129,2.924806594848633,0,95.91963958740234
825.47,3.481443240964785,1.8177897666184986,0.18526315789473682,-1.0,17.880129,2.924806594848633,0,95.91963958740234
825.47,3.481338245069328,1.813909909166272,0.18526315789473682,-1.0,17.236957565,2.924806594848633,0,95.91963958740234
825.47,3.481338245069328,1.813909909166272,0.18526315789473682,-1.0,17.236957565,2.924806594848633,0,95.91963958740234
825.57,3.481338245069328,1.813909909166272,0.18526315789473682,-1.0,17.236957565,2.924806594848633,0,95.91963958740234
825.57,3.481338245069328,1.813909909166272,0.18526315789473682,-1.0,17.236957565,2.924806594848633,0,95.85340118408203
825.57,3.4772558756440546,1.81161961100245,0.18526315789473682,-1.0,17.236957565,2.924806594848633,0,95.85340118408203
825.57,3.4772558756440546,1.81161961100245,0.18526315789473682,-1.0,16.598826186,2.924806594848633,0,95.85340118408203
825.57,3.4772558756440546,1.81161961100245,0.18526315789473682,-1.0,16.598826186,2.924806594848633,0,95.85340118408203
825.57,3.47299644673616,1.8094155900509707,0.20842105263157892,-1.0,16.598826186,2.924806594848633,0,95.85340118408203
825.57,3.47299644673616,1.8094155900509707,0.20842105263157892,-1.0,16.376628161,2.924806594848633,0,95.85340118408203
825.57,3.47299644673616,1.8094155900509707,0.20842105263157892,-1.0,16.376628161,2.924806594848633,0,95.85340118408203
825.57,3.47299644673616,1.8094155900509707,0.20842105263157892,-1.0,16.376628161,2.924806594848633,0,95.85340118408203
825.57,3.47299644673616,1.8094155900509707,0.20842105263157892,-1.0,16.376628161,2.924806594848633,0,95.85340118408203
825.57,3.46809551077759,1.8066945326425687,0.20842105263157892,-1.0,16.027631587,2.924806594848633,0,95.85340118408203
825.57,3.46809551077759,1.8066945326425687,0.20842105263157892,-1.0,16.027631587,2.924806594848633,0,95.85340118408203
825.6700000000001,3.46809551077759,1.8066945326425687,0.20842105263157892,-1.0,16.027631587,2.924806594848633,0,95.85340118408203
825.6700000000001,3.46809551077759,1.8066945326425687,0.20842105263157892,-1.0,16.027631587,2.924806594848633,0,95.85340118408203
825.6700000000001,3.462995629192958,1.8040667930240666,0.20842105263157892,-1.0,15.586144605,2.924806594848633,0,95.85340118408203
825.6700000000001,3.462995629192958,1.8040667930240666,0.19684210526315787,-0.9487179487179487,15.586144605,2.924806594848633,0,95.85340118408203
825.6700000000001,3.462995629192958,1.8040667930240666,0.19684210526315787,-0.9487179487179487,15.586144605,2.924806594848633,0,95.85340118408203
825.6700000000001,3.462995629192958,1.8040667930240666,0.19684210526315787,-0.9487179487179487,15.586144605,2.924806594848633,0,95.85340118408203
825.6700000000001,3.457712706400529,1.8015522944337585,0.19684210526315787,-0.9487179487179487,14.909564799,2.8748066425323486,0,95.85340118408203
825.6700000000001,3.457712706400529,1.8015522944337585,0.19684210526315787,-0.9487179487179487,14.909564799,2.8748066425323486,0,95.85340118408203
825.6700000000001,3.457712706400529,1.8015522944337585,0.21999999999999997,-0.8974358974358974,14.909564799,2.8748066425323486,0,95.85340118408203
825.6700000000001,3.4527283145748404,1.7984371264265038,0.21999999999999997,-0.8974358974358974,14.621737151,2.8748066425323486,0,95.85340118408203
825.7700000000001,3.4527283145748404,1.7984371264265038,0.21999999999999997,-0.8974358974358974,14.621737151,2.8748066425323486,0,95.85340118408203
825.7700000000001,3.4527283145748404,1.7984371264265038,0.21999999999999997,-0.8974358974358974,14.621737151,2.8748066425323486,0,95.85340118408203
825.7700000000001,3.4527283145748404,1.7984371264265038,0.21999999999999997,-0.8974358974358974,14.621737151,2.8748066425323486,0,95.85340118408203
825.7700000000001,3.4474290537457986,1.7927287699203827,0.21999999999999997,-0.8974358974358974,14.428488252,2.8748066425323486,0,95.85340118408203
825.7700000000001,3.4474290537457986,1.7927287699203827,0.21999999999999997,-0.8974358974358974,14.681074644,2.925133228302002,0,95.85340118408203
825.7700000000001,3.4474290537457986,1.7927287699203827,0.21999999999999997,-0.8974358974358974,14.681074644,2.925133228302002,0,95.85340118408203
825.7700000000001,3.4474290537457986,1.7927287699203827,0.21999999999999997,-0.8974358974358974,14.681074644,2.925133228302002,0,95.85340118408203
825.7700000000001,3.4419698209905043,1.7871379557816403,0.21999999999999997,-0.8974358974358974,14.4956187,2.925133228302002,0,95.85340118408203
825.7700000000001,3.4419698209905043,1.7871379557816403,0.21999999999999997,-0.8974358974358974,14.4956187,2.925133228302002,0,95.85340118408203
825.7700000000001,3.4419698209905043,1.7871379557816403,0.21999999999999997,-0.8974358974358974,14.4956187,2.925133228302002,0,95.85340118408203
825.7700000000001,3.4419698209905043,1.7871379557816403,0.21999999999999997,-0.8974358974358974,14.4956187,2.925133228302002,0,95.85340118408203
825.7700000000001,3.436362310380094,1.7816549737761778,0.21999999999999997,-0.8974358974358974,14.219744978,2.925133228302002,0,95.85340118408203
825.87,3.436362310380094,1.7816549737761778,0.21999999999999997,-0.8974358974358974,14.219744978,2.925133228302002,0,95.85340118408203
825.87,3.436362310380094,1.7816549737761778,0.20842105263157892,-0.846153846153846,14.219744978,2.925133228302002,0,95.85340118408203
825.87,3.436362310380094,1.7816549737761778,0.20842105263157892,-0.846153846153846,14.219744978,2.925133228302002,0,95.85340118408203
825.87,3.436362310380094,1.7816549737761778,0.20842105263157892,-0.846153846153846,14.219744978,2.925133228302002,0,95.85340118408203
825.87,3.436362310380094,1.7816549737761778,0.20842105263157892,-0.846153846153846,14.219744978,2.925133228302002,0,95.85340118408203
825.87,3.430609665679927,1.7762801949138178,0.20842105263157892,-0.846153846153846,13.958184324,2.925133228302002,0,95.85340118408203
825.87,3.430609665679927,1.7762801949138178,0.20842105263157892,-0.846153846153846,13.958184324,2.925133228302002,0,95.85340118408203
825.87,3.430609665679927,1.7762801949138178,0.20842105263157892,-0.846153846153846,13.958184324,2.925133228302002,0,95.85340118408203
825.87,3.425012190516548,1.771269021930411,0.20842105263157892,-0.846153846153846,13.789272589,2.925133228302002,0,95.85340118408203
825.87,3.425012190516548,1.771269021930411,0.20842105263157892,-0.846153846153846,13.789272589,2.925133228302002,0,95.85340118408203
825.87,3.425012190516548,1.771269021930411,0.20842105263157892,-0.846153846153846,13.789272589,2.925133228302002,0,95.85340118408203
825.87,3.425012190516548,1.771269021930411,0.21999999999999997,-1.0,13.789272589,2.925133228302002,0,95.85340118408203
825.97,3.419312687822567,1.7666018959585594,0.21999999999999997,-1.0,13.786916978,2.925133228302002,0,95.85340118408203
825.97,3.419312687822567,1.7666018959585594,0.21999999999999997,-1.0,13.786916978,2.925133228302002,0,95.85340118408203
825.97,3.419312687822567,1.7666018959585594,0.21999999999999997,-1.0,13.786916978,2.925133228302002,0,95.85340118408203
825.97,3.419312687822567,1.7666018959585594,0.21999999999999997,-1.0,13.786916978,2.925133228302002,0,95.85340118408203
825.97,3.4132061715920763,1.7621733244924906,0.21999999999999997,-1.0,13.702168768,2.925133228302002,0,95.85340118408203
825.97,3.4132061715920763,1.7621733244924906,0.21999999999999997,-1.0,13.702168768,2.925133228302002,0,95.85340118408203
825.97,3.4132061715920763,1.7621733244924906,0.21999999999999997,-1.0,13.702168768,2.925133228302002,0,95.85340118408203
825.97,3.4132061715920763,1.7621733244924906,0.21999999999999997,-1.0,13.702168768,2.925133228302002,0,95.85340118408203
825.97,3.4069681757003796,1.757938453327792,0.21999999999999997,-1.0,13.618409623,2.925133228302002,0,95.85340118408203
825.97,3.4069681757003796,1.757938453327792,0.21999999999999997,-1.0,13.618409623,2.925133228302002,0,95.85340118408203
825.97,3.4069681757003796,1.757938453327792,0.21999999999999997,-1.0,13.618409623,2.925133228302002,0,95.85340118408203
825.97,3.4069681757003796,1.757938453327792,0.21999999999999997,-1.0,13.618409623,2.925133228302002,0,95.85340118408203
826.07,3.400586291528463,1.7539154453381904,0.21999999999999997,-1.0,13.450635623,2.925133228302002,0,95.85340118408203
826.07,3.400586291528463,1.7539154453381904,0.21999999999999997,-1.0,13.450635623,2.925133228302002,0,95.85340118408203
826.07,3.400586291528463,1.7539154453381904,0.21999999999999997,-1.0,13.450635623,2.925133228302002,0,95.75279998779297
826.07,3.400586291528463,1.7539154453381904,0.21999999999999997,-1.0,13.450635623,2.925133228302002,0,95.75279998779297
826.07,3.3940618162783522,1.7501257154074366,0.21999999999999997,-1.0,13.44721891,2.925133228302002,0,95.75279998779297
826.07,3.3940618162783522,1.7501257154074366,0.21999999999999997,-1.0,13.44721891,2.925133228302002,0,95.75279998779297
826.07,3.3940618162783522,1.7501257154074366,0.21999999999999997,-1.0,13.44721891,2.925133228302002,0,95.75279998779297
826.07,3.3940618162783522,1.7501257154074366,0.21999999999999997,-0.846153846153846,13.44721891,2.925133228302002,0,95.75279998779297
826.07,3.3874041586872146,1.746574475583299,0.21999999999999997,-0.846153846153846,13.442927721,2.925133228302002,0,95.75279998779297
826.07,3.3874041586872146,1.746574475583299,0.21999999999999997,-0.846153846153846,13.442927721,2.925133228302002,0,95.75279998779297
826.07,3.3874041586872146,1.746574475583299,0.21999999999999997,-0.846153846153846,13.442927721,2.925133228302002,0,95.75279998779297
826.07,3.3806342853126745,1.74382699660143,0.21999999999999997,-0.846153846153846,13.442927721,2.925133228302002,0,95.75279998779297
826.1700000000001,3.3806342853126745,1.74382699660143,0.21999999999999997,-0.846153846153846,12.886129969,2.804422616958618,0,95.75279998779297
826.1700000000001,3.3806342853126745,1.74382699660143,0.21999999999999997,-0.846153846153846,12.886129969,2.804422616958618,0,95.75279998779297
826.1700000000001,3.3806342853126745,1.74382699660143,0.21999999999999997,-0.846153846153846,12.886129969,2.804422616958618,0,95.75279998779297
826.1700000000001,3.373786074998648,1.7417852284764972,0.21999999999999997,-0.846153846153846,12.872017332,2.804422616958618,0,95.75279998779297
826.1700000000001,3.373786074998648,1.7417852284764972,0.21999999999999997,-0.846153846153846,12.872017332,2.804422616958618,0,95.75279998779297
826.1700000000001,3.373786074998648,1.7417852284764972,0.21999999999999997,-0.846153846153846,12.872017332,2.804422616958618,0,95.75279998779297
826.1700000000001,3.373786074998648,1.7417852284764972,0.21999999999999997,-0.846153846153846,12.872017332,2.804422616958618,0,95.75279998779297
826.1700000000001,3.373786074998648,1.7417852284764972,0.21999999999999997,-0.846153846153846,12.872017332,2.804422616958618,0,95.75279998779297
826.1700000000001,3.373786074998648,1.7417852284764972,0.21999999999999997,-0.846153846153846,12.872017332,2.804422616958618,0,95.75279998779297
826.1700000000001,3.366869822376307,1.7399020863964083,0.21999999999999997,-0.846153846153846,12.79074505,2.804422616958618,0,95.75279998779297
826.1700000000001,3.366869822376307,1.7399020863964083,0.21999999999999997,-0.846153846153846,12.79074505,2.804422616958618,0,95.75279998779297
826.1700000000001,3.366869822376307,1.7399020863964083,0.21999999999999997,-0.846153846153846,12.79074505,2.804422616958618,0,95.75279998779297
826.2700000000001,3.3598786400658125,1.7381722656615173,0.21999999999999997,-0.846153846153846,12.700391652,2.804422616958618,0,95.75279998779297
826.2700000000001,3.3598786400658125,1.7381722656615173,0.21999999999999997,-0.846153846153846,12.700391652,2.804422616958618,0,95.75279998779297
826.2700000000001,3.3598786400658125,1.7381722656615173,0.21999999999999997,-0.846153846153846,12.700391652,2.804422616958618,0,95.75279998779297
826.2700000000001,3.3598786400658125,1.7381722656615173,0.21999999999999997,-0.7948717948717947,12.700391652,2.804422616958618,0,95.75279998779297
826.2700000000001,3.3528219819062874,1.736611580456793,0.21999999999999997,-0.7948717948717947,12.690594548,2.804422616958618,0,95.75279998779297
826.2700000000001,3.3528219819062874,1.736611580456793,0.21999999999999997,-0.7948717948717947,12.690594548,2.804422616958618,0,95.75279998779297
826.2700000000001,3.3528219819062874,1.736611580456793,0.21999999999999997,-0.7948717948717947,12.690594548,2.804422616958618,0,95.75279998779297
826.2700000000001,3.3528219819062874,1.736611580456793,0.21999999999999997,-0.7948717948717947,12.690594548,2.804422616958618,0,95.75279998779297
826.2700000000001,3.3457045088119206,1.7352442220171955,0.21999999999999997,-0.7948717948717947,12.697254885,2.804422616958618,0,95.75279998779297
826.2700000000001,3.3457045088119206,1.7352442220171955,0.21999999999999997,-0.7948717948717947,12.470875753,2.754422664642334,0,95.75279998779297
826.2700000000001,3.3457045088119206,1.7352442220171955,0.21999999999999997,-0.7948717948717947,12.470875753,2.754422664642334,0,95.75279998779297
826.2700000000001,3.3457045088119206,1.7352442220171955,0.21999999999999997,-0.7948717948717947,12.470875753,2.754422664642334,0,95.75279998779297
826.37,3.338624150310866,1.7323515198589203,0.21999999999999997,-0.7948717948717947,12.481819673,2.754422664642334,0,95.75279998779297
826.37,3.338624150310866,1.7323515198589203,0.21999999999999997,-0.6923076923076921,12.481819673,2.754422664642334,0,95.75279998779297
826.37,3.338624150310866,1.7323515198589203,0.21999999999999997,-0.6923076923076921,12.481819673,2.754422664642334,0,95.75279998779297
826.37,3.331423929649971,1.728453419706001,0.21999999999999997,-0.6923076923076921,12.481819673,2.754422664642334,0,95.75279998779297
826.37,3.331423929649971,1.728453419706001,0.21999999999999997,-0.6923076923076921,12.480394272,2.754422664642334,0,95.75279998779297
826.37,3.331423929649971,1.728453419706001,0.21999999999999997,-0.6923076923076921,12.480394272,2.754422664642334,0,95.75279998779297
826.37,3.331423929649971,1.728453419706001,0.21999999999999997,-0.5897435897435894,12.480394272,2.754422664642334,0,95.75279998779297
826.37,3.3241886860866554,1.7247637207694975,0.21999999999999997,-0.5897435897435894,12.48800172,2.754422664642334,0,95.75279998779297
826.37,3.3241886860866554,1.7247637207694975,0.21999999999999997,-0.5897435897435894,12.48800172,2.754422664642334,0,95.75279998779297
826.37,3.3241886860866554,1.7247637207694975,0.21999999999999997,-0.5897435897435894,12.48800172,2.754422664642334,0,95.75279998779297
826.37,3.3241886860866554,1.7247637207694975,0.21999999999999997,-0.5897435897435894,12.48800172,2.754422664642334,0,95.75279998779297
826.47,3.3169210776269042,1.7212709198162066,0.21999999999999997,-0.5897435897435894,12.48800172,2.754422664642334,0,95.75279998779297
826.47,3.3169210776269042,1.7212709198162066,0.21999999999999997,-0.5897435897435894,12.461252851,2.754422664642334,0,95.75279998779297
826.47,3.3169210776269042,1.7212709198162066,0.21999999999999997,-0.5897435897435894,12.461252851,2.754422664642334,0,95.75279998779297
826.47,3.3169210776269042,1.7212709198162066,0.21999999999999997,-0.5897435897435894,12.461252851,2.754422664642334,0,95.75279998779297
826.47,3.3095716843733385,1.7179473008228037,0.21999999999999997,-0.5897435897435894,12.488883133,2.754422664642334,0,95.75279998779297
826.47,3.3095716843733385,1.7179473008228037,0.21999999999999997,-0.5897435897435894,12.488883133,2.754422664642334,0,95.75279998779297
826.47,3.3095716843733385,1.7179473008228037,0.21999999999999997,-0.5897435897435894,12.488883133,2.754422664642334,0,95.75279998779297
826.47,3.3095716843733385,1.7179473008228037,0.21999999999999997,-0.5897435897435894,12.488883133,2.754422664642334,0,95.75279998779297
826.47,3.3021636750656285,1.7147663425621102,0.21999999999999997,-0.5897435897435894,12.488883133,2.754422664642334,0,95.75279998779297
826.47,3.3021636750656285,1.7147663425621102,0.21999999999999997,-0.5897435897435894,12.489007767,2.754422664642334,0,95.75279998779297
826.47,3.3021636750656285,1.7147663425621102,0.20842105263157892,-0.5384615384615381,12.489007767,2.754422664642334,0,95.75279998779297
826.47,3.3021636750656285,1.7147663425621102,0.20842105263157892,-0.5384615384615381,12.489007767,2.754422664642334,0,95.75279998779297
826.57,3.2946209581323442,1.7145354707763942,0.20842105263157892,-0.5384615384615381,12.274048967,2.70442271232605,0,95.6468734741211
826.57,3.2946209581323442,1.7145354707763942,0.20842105263157892,-0.5384615384615381,12.274048967,2.70442271232605,0,95.6468734741211
826.57,3.2946209581323442,1.7145354707763942,0.20842105263157892,-0.5384615384615381,12.274048967,2.70442271232605,0,95.6468734741211
826.57,3.2946209581323442,1.7145354707763942,0.20842105263157892,-0.48717948717948684,12.274048967,2.70442271232605,0,95.6468734741211
826.57,3.287041051354011,1.7158000589315394,0.20842105263157892,-0.48717948717948684,12.298061596,2.70442271232605,0,95.6468734741211
826.57,3.287041051354011,1.7158000589315394,0.20842105263157892,-0.48717948717948684,12.298061596,2.70442271232605,0,95.6468734741211
826.57,3.287041051354011,1.7158000589315394,0.20842105263157892,-0.48717948717948684,12.298061596,2.70442271232605,0,95.6468734741211
826.57,3.280002349591947,1.7172678194962685,0.20842105263157892,-0.48717948717948684,12.298061596,2.70442271232605,0,95.6468734741211
826.57,3.280002349591947,1.7172678194962685,0.20842105263157892,-0.48717948717948684,12.387319086,2.70442271232605,0,95.6468734741211
826.57,3.280002349591947,1.7172678194962685,0.20842105263157892,-0.48717948717948684,12.387319086,2.70442271232605,0,95.6468734741211
826.6700000000001,3.280002349591947,1.7172678194962685,0.20842105263157892,-0.48717948717948684,12.387319086,2.70442271232605,0,95.6468734741211
826.6700000000001,3.280002349591947,1.7172678194962685,0.20842105263157892,-0.48717948717948684,12.387319086,2.70442271232605,0,95.6468734741211
826.6700000000001,3.272963496554543,1.7188773991214163,0.20842105263157892,-0.48717948717948684,12.387319086,2.70442271232605,0,95.6468734741211
826.6700000000001,3.272963496554543,1.7188773991214163,0.20842105263157892,-0.48717948717948684,12.458254681,2.70442271232605,0,95.6468734741211
826.6700000000001,3.272963496554543,1.7188773991214163,0.20842105263157892,-0.48717948717948684,12.762045921,2.770369291305542,0,95.6468734741211
826.6700000000001,3.272963496554543,1.7188773991214163,0.20842105263157892,-0.48717948717948684,12.762045921,2.770369291305542,0,95.6468734741211
826.6700000000001,3.2658877304313383,1.720606426751495,0.20842105263157892,-0.48717948717948684,12.847671131,2.770369291305542,0,95.6468734741211
826.6700000000001,3.2658877304313383,1.720606426751495,0.20842105263157892,-0.48717948717948684,12.847671131,2.770369291305542,0,95.6468734741211
826.6700000000001,3.2658877304313383,1.720606426751495,0.20842105263157892,-0.48717948717948684,12.847671131,2.770369291305542,0,95.6468734741211
826.6700000000001,3.2587783314660714,1.722442913278448,0.21999999999999997,-0.48717948717948684,12.922510845,2.770369291305542,0,95.6468734741211
826.6700000000001,3.2587783314660714,1.722442913278448,0.21999999999999997,-0.48717948717948684,12.922510845,2.770369291305542,0,95.6468734741211
826.6700000000001,3.2587783314660714,1.722442913278448,0.21999999999999997,-0.48717948717948684,12.922510845,2.770369291305542,0,95.6468734741211
826.7700000000001,3.2587783314660714,1.722442913278448,0.21999999999999997,-0.48717948717948684,12.922510845,2.770369291305542,0,95.6468734741211
826.7700000000001,3.2512706659748174,1.7235925538980854,0.21999999999999997,-0.48717948717948684,12.95963984,2.770369291305542,0,95.6468734741211
826.7700000000001,3.2512706659748174,1.7235925538980854,0.21999999999999997,-0.48717948717948684,12.95963984,2.770369291305542,0,95.6468734741211
826.7700000000001,3.2512706659748174,1.7235925538980854,0.21999999999999997,-0.48717948717948684,12.95963984,2.770369291305542,0,95.6468734741211
826.7700000000001,3.2512706659748174,1.7235925538980854,0.21999999999999997,-0.48717948717948684,12.95963984,2.770369291305542,0,95.6468734741211
826.7700000000001,3.243800391241981,1.7234233021699563,0.21999999999999997,-0.48717948717948684,12.95963984,2.770369291305542,0,95.6468734741211
826.7700000000001,3.243800391241981,1.7234233021699563,0.21999999999999997,-0.43589743589743557,12.955716163,2.770369291305542,0,95.6468734741211
826.7700000000001,3.243800391241981,1.7234233021699563,0.21999999999999997,-0.43589743589743557,12.955716163,2.770369291305542,0,95.6468734741211
826.7700000000001,3.2363128466958955,1.7233867155398908,0.21999999999999997,-0.43589743589743557,12.955716163,2.770369291305542,0,95.6468734741211
826.7700000000001,3.2363128466958955,1.7233867155398908,0.21999999999999997,-0.43589743589743557,12.620496106000001,2.6996586322784424,0,95.6468734741211
826.7700000000001,3.2363128466958955,1.7233867155398908,0.21999999999999997,-0.43589743589743557,12.620496106000001,2.6996586322784424,0,95.6468734741211
826.87,3.2363128466958955,1.7233867155398908,0.21999999999999997,-0.43589743589743557,12.620496106000001,2.6996586322784424,0,95.6468734741211
826.87,3.2363128466958955,1.7233867155398908,0.21999999999999997,-0.43589743589743557,12.620496106000001,2.6996586322784424,0,95.6468734741211
826.87,3.228799644422972,1.7234878797300162,0.21999999999999997,-0.43589743589743557,12.63167716,2.6996586322784424,0,95.6468734741211
826.87,3.228799644422972,1.7234878797300162,0.21999999999999997,-0.43589743589743557,12.63167716,2.6996586322784424,0,95.6468734741211
826.87,3.228799644422972,1.7234878797300162,0.21999999999999997,-0.33333333333333304,12.63167716,2.6996586322784424,0,95.6468734741211
826.87,3.2212997241674017,1.72370431055598,0.21999999999999997,-0.33333333333333304,12.63167716,2.6996586322784424,0,95.6468734741211
826.87,3.2212997241674017,1.72370431055598,0.21999999999999997,-0.33333333333333304,12.612993098,2.6996586322784424,0,95.6468734741211
826.87,3.2212997241674017,1.72370431055598,0.21999999999999997,-0.33333333333333304,12.612993098,2.6996586322784424,0,95.6468734741211
826.87,3.2212997241674017,1.72370431055598,0.21999999999999997,-0.33333333333333304,12.612993098,2.6996586322784424,0,95.6468734741211
826.87,3.2138015188193187,1.7240318935887384,0.21999999999999997,-0.33333333333333304,12.517159888,2.6996586322784424,0,95.6468734741211
826.87,3.2138015188193187,1.7240318935887384,0.21999999999999997,-0.33333333333333304,12.517159888,2.6996586322784424,0,95.6468734741211
826.97,3.2138015188193187,1.7240318935887384,0.21999999999999997,-0.33333333333333304,12.517159888,2.6996586322784424,0,95.6468734741211
826.97,3.2138015188193187,1.7240318935887384,0.21999999999999997,-0.33333333333333304,12.517159888,2.6996586322784424,0,95.6468734741211
826.97,3.2072485036901544,1.723978183109797,0.21999999999999997,-0.28205128205128177,12.4468114,2.6996586322784424,0,95.6468734741211
826.97,3.2072485036901544,1.723978183109797,0.21999999999999997,-0.28205128205128177,12.4468114,2.6996586322784424,0,95.6468734741211
826.97,3.2072485036901544,1.723978183109797,0.21999999999999997,-0.28205128205128177,12.4468114,2.6996586322784424,0,95.6468734741211
826.97,3.2072485036901544,1.723978183109797,0.21999999999999997,-0.28205128205128177,12.4468114,2.6996586322784424,0,95.6468734741211
826.97,3.201201585397271,1.723747124342769,0.21999999999999997,-0.28205128205128177,12.373596862,2.6996586322784424,0,95.6468734741211
826.97,3.201201585397271,1.723747124342769,0.20842105263157892,-0.28205128205128177,12.373596862,2.6996586322784424,0,95.6468734741211
826.97,3.201201585397271,1.723747124342769,0.20842105263157892,-0.28205128205128177,12.373596862,2.6996586322784424,0,95.6468734741211
826.97,3.1951644067702922,1.7235695299351637,0.20842105263157892,-0.28205128205128177,12.373596862,2.6996586322784424,0,95.6468734741211
826.97,3.1951644067702922,1.7235695299351637,0.20842105263157892,-0.28205128205128177,12.307778863,2.6996586322784424,0,95.6468734741211
827.07,3.1951644067702922,1.7235695299351637,0.20842105263157892,-0.28205128205128177,12.307778863,2.6996586322784424,0,95.6468734741211
827.07,3.1951644067702922,1.7235695299351637,0.20842105263157892,-0.28205128205128177,12.307778863,2.6996586322784424,0,95.53951263427734
827.07,3.1895123114379267,1.7234281146796453,0.20842105263157892,-0.28205128205128177,12.368696943,2.6996586322784424,0,95.53951263427734
827.07,3.1895123114379267,1.7234281146796453,0.20842105263157892,-0.28205128205128177,12.368696943,2.6996586322784424,0,95.53951263427734
827.07,3.1895123114379267,1.7234281146796453,0.20842105263157892,-0.28205128205128177,12.368696943,2.6996586322784424,0,95.53951263427734
827.07,3.183866423171491,1.7233766852639758,0.20842105263157892,-0.28205128205128177,12.422153482,2.6996586322784424,0,95.53951263427734
827.07,3.183866423171491,1.7233766852639758,0.20842105263157892,-0.28205128205128177,12.422153482,2.6996586322784424,0,95.53951263427734
827.07,3.183866423171491,1.7233766852639758,0.20842105263157892,-0.28205128205128177,12.422153482,2.6996586322784424,0,95.53951263427734
827.07,3.183866423171491,1.7233766852639758,0.20842105263157892,-0.28205128205128177,12.422153482,2.6996586322784424,0,95.53951263427734
827.07,3.1782327445911074,1.7234325231601961,0.20842105263157892,-0.28205128205128177,12.512309357,2.6996586322784424,0,95.53951263427734
827.1700000000001,3.1782327445911074,1.7234325231601961,0.20842105263157892,-0.28205128205128177,12.512309357,2.6996586322784424,0,95.53951263427734
827.1700000000001,3.1782327445911074,1.7234325231601961,0.21999999999999997,-0.12820512820512797,12.512309357,2.6996586322784424,0,95.53951263427734
827.1700000000001,3.1715173935117473,1.724128117319158,0.21999999999999997,-0.12820512820512797,12.588294753,2.6996586322784424,0,95.53951263427734
827.1700000000001,3.1715173935117473,1.724128117319158,0.21999999999999997,-0.12820512820512797,12.588294753,2.6996586322784424,0,95.53951263427734
827.1700000000001,3.1715173935117473,1.724128117319158,0.21999999999999997,-0.12820512820512797,12.588294753,2.6996586322784424,0,95.53951263427734
827.1700000000001,3.1715173935117473,1.724128117319158,0.21999999999999997,-0.12820512820512797,12.588294753,2.6996586322784424,0,95.53951263427734
827.1700000000001,3.164089066268488,1.725098975152816,0.21999999999999997,-0.12820512820512797,12.603666651,2.6996586322784424,0,95.53951263427734
827.1700000000001,3.164089066268488,1.725098975152816,0.21999999999999997,-0.12820512820512797,12.603666651,2.6996586322784424,0,95.53951263427734
827.1700000000001,3.164089066268488,1.725098975152816,0.21999999999999997,-0.12820512820512797,12.603666651,2.6996586322784424,0,95.53951263427734
827.1700000000001,3.164089066268488,1.725098975152816,0.21999999999999997,-0.12820512820512797,12.603666651,2.6996586322784424,0,95.53951263427734
827.1700000000001,3.156672078920295,1.7260922208673997,0.21999999999999997,-0.12820512820512797,12.61224471,2.6996586322784424,0,95.53951263427734
827.1700000000001,3.156672078920295,1.7260922208673997,0.20842105263157892,-0.12820512820512797,12.61224471,2.6996586322784424,0,95.53951263427734
827.2700000000001,3.156672078920295,1.7260922208673997,0.20842105263157892,-0.12820512820512797,12.61224471,2.6996586322784424,0,95.53951263427734
827.2700000000001,3.156672078920295,1.7260922208673997,0.20842105263157892,-0.12820512820512797,12.61224471,2.6996586322784424,0,95.53951263427734
827.2700000000001,3.1492560051348875,1.7270854295806535,0.20842105263157892,-0.12820512820512797,12.612341758,2.6996586322784424,0,95.53951263427734
827.2700000000001,3.1492560051348875,1.7270854295806535,0.20842105263157892,-0.12820512820512797,12.612341758,2.6996586322784424,0,95.53951263427734
827.2700000000001,3.1492560051348875,1.7270854295806535,0.21999999999999997,-0.07692307692307669,12.612341758,2.6996586322784424,0,95.53951263427734
827.2700000000001,3.1492560051348875,1.7270854295806535,0.21999999999999997,-0.07692307692307669,12.612341758,2.6996586322784424,0,95.53951263427734
827.2700000000001,3.1422215480364013,1.7280354980594288,0.21999999999999997,-0.07692307692307669,12.339443307,2.6289479732513428,0,95.53951263427734
827.2700000000001,3.1422215480364013,1.7280354980594288,0.21999999999999997,-0.07692307692307669,12.339443307,2.6289479732513428,0,95.53951263427734
827.2700000000001,3.1422215480364013,1.7280354980594288,0.21999999999999997,-0.07692307692307669,12.339443307,2.6289479732513428,0,95.53951263427734
827.37,3.1348018022346844,1.7290721246299363,0.21999999999999997,-0.07692307692307669,12.340897235,2.6289479732513428,0,95.53951263427734
827.37,3.1348018022346844,1.7290721246299363,0.21999999999999997,-0.07692307692307669,12.340897235,2.6289479732513428,0,95.53951263427734
827.37,3.1348018022346844,1.7290721246299363,0.21999999999999997,-0.07692307692307669,12.340897235,2.6289479732513428,0,95.53951263427734
827.37,3.1348018022346844,1.7290721246299363,0.21999999999999997,-0.07692307692307669,12.340897235,2.6289479732513428,0,95.53951263427734
827.37,3.1274248072642212,1.7291740011955663,0.21999999999999997,-0.07692307692307669,12.267987589,2.6289479732513428,0,95.53951263427734
827.37,3.1274248072642212,1.7291740011955663,0.21999999999999997,-0.07692307692307669,12.267987589,2.6289479732513428,0,95.53951263427734
827.37,3.1274248072642212,1.7291740011955663,0.21999999999999997,-0.07692307692307669,12.267987589,2.6289479732513428,0,95.53951263427734
827.37,3.1274248072642212,1.7291740011955663,0.21999999999999997,-0.07692307692307669,12.267987589,2.6289479732513428,0,95.53951263427734
827.37,3.1274248072642212,1.7291740011955663,0.21999999999999997,-0.07692307692307669,12.267987589,2.6289479732513428,0,95.53951263427734
827.37,3.1200525856354524,1.7291690922851874,0.21999999999999997,-0.07692307692307669,12.217500421,2.6289479732513428,0,95.53951263427734
827.37,3.1200525856354524,1.7291690922851874,0.20842105263157892,-0.02564102564102541,12.217500421,2.6289479732513428,0,95.53951263427734
827.37,3.1200525856354524,1.7291690922851874,0.20842105263157892,-0.02564102564102541,12.217500421,2.6289479732513428,0,95.53951263427734
827.37,3.112689556617114,1.7291928914996626,0.20842105263157892,-0.02564102564102541,12.217500421,2.6289479732513428,0,95.53951263427734
827.47,3.112689556617114,1.7291928914996626,0.20842105263157892,-0.02564102564102541,12.152790985,2.6289479732513428,0,95.53951263427734
827.47,3.112689556617114,1.7291928914996626,0.20842105263157892,-0.02564102564102541,12.152790985,2.6289479732513428,0,95.53951263427734
827.47,3.112689556617114,1.7291928914996626,0.20842105263157892,-0.02564102564102541,12.152790985,2.6289479732513428,0,95.53951263427734
827.47,3.1057018151525413,1.7291808828135984,0.20842105263157892,-0.02564102564102541,12.146191547,2.6289479732513428,0,95.53951263427734
827.47,3.1057018151525413,1.7291808828135984,0.20842105263157892,-0.02564102564102541,12.146191547,2.6289479732513428,0,95.53951263427734
827.47,3.1057018151525413,1.7291808828135984,0.20842105263157892,-0.02564102564102541,12.146191547,2.6289479732513428,0,95.53951263427734
827.47,3.098720028620989,1.7291762297151536,0.20842105263157892,-0.02564102564102541,12.220477527,2.6289479732513428,0,95.53951263427734
827.47,3.098720028620989,1.7291762297151536,0.19684210526315787,-0.07692307692307669,12.220477527,2.6289479732513428,0,95.53951263427734
827.47,3.098720028620989,1.7291762297151536,0.19684210526315787,-0.07692307692307669,12.220477527,2.6289479732513428,0,95.53951263427734
827.47,3.098720028620989,1.7291762297151536,0.19684210526315787,-0.07692307692307669,12.220477527,2.6289479732513428,0,95.53951263427734
827.47,3.091726810186647,1.7291992956839162,0.19684210526315787,-0.07692307692307669,12.220477527,2.6289479732513428,0,95.53951263427734
827.57,3.091726810186647,1.7291992956839162,0.19684210526315787,-0.07692307692307669,12.295215005,2.6289479732513428,0,95.53951263427734
827.57,3.091726810186647,1.7291992956839162,0.19684210526315787,-0.07692307692307669,12.295215005,2.6289479732513428,0,95.43592071533203
827.57,3.091726810186647,1.7291992956839162,0.19684210526315787,-0.07692307692307669,12.295215005,2.6289479732513428,0,95.43592071533203
827.57,3.091726810186647,1.7291992956839162,0.19684210526315787,-0.07692307692307669,12.295215005,2.6289479732513428,0,95.43592071533203
827.57,3.0851143976643582,1.7302905993361186,0.19684210526315787,-0.07692307692307669,12.193169181,2.5760903358459473,0,95.43592071533203
827.57,3.0851143976643582,1.7302905993361186,0.19684210526315787,-0.07692307692307669,12.193169181,2.5760903358459473,0,95.43592071533203
827.57,3.0851143976643582,1.7302905993361186,0.18526315789473682,-0.02564102564102541,12.193169181,2.5760903358459473,0,95.43592071533203
827.57,3.0851143976643582,1.7302905993361186,0.18526315789473682,-0.02564102564102541,12.193169181,2.5760903358459473,0,95.43592071533203
827.57,3.078511789428209,1.7314074524833487,0.18526315789473682,-0.02564102564102541,12.28274785,2.5760903358459473,0,95.43592071533203
827.57,3.078511789428209,1.7314074524833487,0.18526315789473682,-0.02564102564102541,12.28274785,2.5760903358459473,0,95.43592071533203
827.57,3.078511789428209,1.7314074524833487,0.18526315789473682,-0.02564102564102541,12.28274785,2.5760903358459473,0,95.43592071533203
827.57,3.07230704929723,1.7324744028022456,0.18526315789473682,-0.02564102564102541,12.28274785,2.5760903358459473,0,95.43592071533203
827.6700000000001,3.07230704929723,1.7324744028022456,0.18526315789473682,-0.02564102564102541,12.50448111,2.5760903358459473,0,95.43592071533203
827.6700000000001,3.07230704929723,1.7324744028022456,0.18526315789473682,-0.02564102564102541,12.50448111,2.5760903358459473,0,95.43592071533203
827.6700000000001,3.07230704929723,1.7324744028022456,0.18526315789473682,-0.02564102564102541,12.50448111,2.5760903358459473,0,95.43592071533203
827.6700000000001,3.07230704929723,1.7324744028022456,0.20842105263157892,-0.02564102564102541,12.50448111,2.5760903358459473,0,95.43592071533203
827.6700000000001,3.0661043026100323,1.7335683693350386,0.20842105263157892,-0.02564102564102541,12.745879121,2.5760903358459473,0,95.43592071533203
827.6700000000001,3.0661043026100323,1.7335683693350386,0.20842105263157892,-0.02564102564102541,12.745879121,2.5760903358459473,0,95.43592071533203
827.6700000000001,3.0661043026100323,1.7335683693350386,0.20842105263157892,-0.02564102564102541,12.745879121,2.5760903358459473,0,95.43592071533203
827.6700000000001,3.0591254114831368,1.7347983122097623,0.20842105263157892,-0.02564102564102541,12.822259209,2.5760903358459473,0,95.43592071533203
827.6700000000001,3.0591254114831368,1.7347983122097623,0.20842105263157892,-0.02564102564102541,12.822259209,2.5760903358459473,0,95.43592071533203
827.6700000000001,3.0591254114831368,1.7347983122097623,0.21999999999999997,0.1343589743589746,12.822259209,2.5760903358459473,0,95.43592071533203
827.6700000000001,3.0591254114831368,1.7347983122097623,0.21999999999999997,0.1343589743589746,12.822259209,2.5760903358459473,0,95.43592071533203
827.6700000000001,3.052145361886503,1.7360321481903915,0.21999999999999997,0.1343589743589746,12.544981626,2.5053796768188477,0,95.43592071533203
827.7700000000001,3.052145361886503,1.7360321481903915,0.21999999999999997,0.1343589743589746,12.544981626,2.5053796768188477,0,95.43592071533203
827.7700000000001,3.052145361886503,1.7360321481903915,0.21999999999999997,0.17948717948717968,12.544981626,2.5053796768188477,0,95.43592071533203
827.7700000000001,3.052145361886503,1.7360321481903915,0.21999999999999997,0.17948717948717968,12.544981626,2.5053796768188477,0,95.43592071533203
827.7700000000001,3.052145361886503,1.7360321481903915,0.21999999999999997,0.17948717948717968,12.544981626,2.5053796768188477,0,95.43592071533203
827.7700000000001,3.044788215310734,1.7373201112120982,0.21999999999999997,0.17948717948717968,12.470511853,2.5053796768188477,0,95.43592071533203
827.7700000000001,3.044788215310734,1.7373201112120982,0.21999999999999997,0.17948717948717968,12.470511853,2.5053796768188477,0,95.43592071533203
827.7700000000001,3.0374516705816004,1.7385918955835897,0.21999999999999997,0.17948717948717968,12.361436693,2.5053796768188477,0,95.43592071533203
827.7700000000001,3.0374516705816004,1.7385918955835897,0.21999999999999997,0.17948717948717968,12.361436693,2.5053796768188477,0,95.43592071533203
827.7700000000001,3.0374516705816004,1.7385918955835897,0.21999999999999997,0.17948717948717968,12.361436693,2.5053796768188477,0,95.43592071533203
827.7700000000001,3.0374516705816004,1.7385918955835897,0.21999999999999997,0.17948717948717968,12.361436693,2.5053796768188477,0,95.43592071533203
827.87,3.030064709168288,1.739829185931948,0.21999999999999997,0.17948717948717968,12.275153994,2.5053796768188477,0,95.43592071533203
827.87,3.030064709168288,1.739829185931948,0.18526315789473682,0.01948717948717968,12.275153994,2.5053796768188477,0,95.43592071533203
827.87,3.030064709168288,1.739829185931948,0.18526315789473682,0.01948717948717968,12.275153994,2.5053796768188477,0,95.43592071533203
827.87,3.030064709168288,1.739829185931948,0.18526315789473682,0.01948717948717968,12.275153994,2.5053796768188477,0,95.43592071533203
827.87,3.0226890940277986,1.740997300318611,0.18526315789473682,0.01948717948717968,12.275153994,2.5053796768188477,0,95.43592071533203
827.87,3.0226890940277986,1.740997300318611,0.18526315789473682,0.01948717948717968,12.12598685,2.5053796768188477,0,95.43592071533203
827.87,3.0226890940277986,1.740997300318611,0.18526315789473682,0.01948717948717968,12.12598685,2.5053796768188477,0,95.43592071533203
827.87,3.0226890940277986,1.740997300318611,0.17368421052631577,-0.02564102564102541,12.12598685,2.5053796768188477,0,95.43592071533203
827.87,3.0162285068315735,1.7419638202072527,0.17368421052631577,-0.02564102564102541,12.15108105,2.5053796768188477,0,95.43592071533203
827.87,3.0162285068315735,1.7419638202072527,0.17368421052631577,-0.02564102564102541,12.15108105,2.5053796768188477,0,95.43592071533203
827.87,3.0162285068315735,1.7419638202072527,0.17368421052631577,-0.02564102564102541,12.15108105,2.5053796768188477,0,95.43592071533203
827.87,3.0162285068315735,1.7419638202072527,0.17368421052631577,-0.02564102564102541,12.15108105,2.5053796768188477,0,95.43592071533203
827.97,3.0102774110030333,1.7430139028126874,0.17368421052631577,-0.02564102564102541,12.221319063,2.5053796768188477,0,95.43592071533203
827.97,3.0102774110030333,1.7430139028126874,0.17368421052631577,-0.02564102564102541,12.221319063,2.5053796768188477,0,95.43592071533203
827.97,3.0102774110030333,1.7430139028126874,0.17368421052631577,-0.02564102564102541,12.221319063,2.5053796768188477,0,95.43592071533203
827.97,3.0102774110030333,1.7430139028126874,0.17368421052631577,-0.02564102564102541,12.221319063,2.5053796768188477,0,95.43592071533203
827.97,3.0039863987763504,1.744722218867982,0.17368421052631577,-0.02564102564102541,12.297527882,2.5053796768188477,0,95.43592071533203
827.97,3.0039863987763504,1.744722218867982,0.17368421052631577,-0.02564102564102541,12.297527882,2.5053796768188477,0,95.43592071533203
827.97,3.0039863987763504,1.744722218867982,0.17368421052631577,-0.02564102564102541,12.297527882,2.5053796768188477,0,95.43592071533203
827.97,2.9976920665969025,1.7464855822575864,0.17368421052631577,-0.02564102564102541,12.297527882,2.5053796768188477,0,95.43592071533203
827.97,2.9976920665969025,1.7464855822575864,0.17368421052631577,-0.02564102564102541,12.524082144,2.5053796768188477,0,95.43592071533203
827.97,2.9976920665969025,1.7464855822575864,0.17368421052631577,-0.02564102564102541,12.524082144,2.5053796768188477,0,95.43592071533203
828.07,2.9976920665969025,1.7464855822575864,0.16210526315789472,-0.07692307692307669,12.524082144,2.5053796768188477,0,95.43592071533203
828.07,2.99140039196989,1.7482934233239251,0.16210526315789472,-0.07692307692307669,12.760485601,2.5053796768188477,0,95.34031677246094
828.07,2.99140039196989,1.7482934233239251,0.16210526315789472,-0.07692307692307669,12.760485601,2.5053796768188477,0,95.34031677246094
828.07,2.99140039196989,1.7482934233239251,0.16210526315789472,-0.07692307692307669,12.760485601,2.5053796768188477,0,95.34031677246094
828.07,2.99140039196989,1.7482934233239251,0.16210526315789472,-0.07692307692307669,12.760485601,2.5053796768188477,0,95.34031677246094
828.07,2.9854942750272095,1.7500619771715635,0.16210526315789472,-0.07692307692307669,13.180650655,2.5053796768188477,0,95.34031677246094
828.07,2.9854942750272095,1.7500619771715635,0.16210526315789472,-0.07692307692307669,13.180650655,2.5053796768188477,0,95.34031677246094
828.07,2.9854942750272095,1.7500619771715635,0.16210526315789472,-0.07692307692307669,13.180650655,2.5053796768188477,0,95.34031677246094
828.07,2.9854942750272095,1.7500619771715635,0.16210526315789472,-0.07692307692307669,13.180650655,2.5053796768188477,0,95.34031677246094
828.07,2.9795826990478567,1.7518336865991702,0.21999999999999997,0.08307692307692331,13.664495443,2.5053796768188477,0,95.34031677246094
828.07,2.9795826990478567,1.7518336865991702,0.21999999999999997,0.08307692307692331,13.664495443,2.5053796768188477,0,95.34031677246094
828.07,2.9795826990478567,1.7518336865991702,0.21999999999999997,0.08307692307692331,13.664495443,2.5053796768188477,0,95.34031677246094
828.1700000000001,2.9738339903376163,1.7533126952911142,0.21999999999999997,0.08307692307692331,13.664495443,2.5053796768188477,0,95.34031677246094
828.1700000000001,2.9738339903376163,1.7533126952911142,0.21999999999999997,0.08307692307692331,14.152133159,2.5053796768188477,0,95.34031677246094
828.1700000000001,2.9738339903376163,1.7533126952911142,0.21999999999999997,0.08307692307692331,14.152133159,2.5053796768188477,0,95.34031677246094
828.1700000000001,2.9738339903376163,1.7533126952911142,0.21999999999999997,0.2430769230769233,14.152133159,2.5053796768188477,0,95.34031677246094
828.1700000000001,2.967264333755527,1.7544477299938497,0.21999999999999997,0.2430769230769233,14.152133159,2.5053796768188477,0,95.34031677246094
828.1700000000001,2.967264333755527,1.7544477299938497,0.21999999999999997,0.2430769230769233,13.942088447,2.434669017791748,0,95.34031677246094
828.1700000000001,2.967264333755527,1.7544477299938497,0.21999999999999997,0.2430769230769233,13.942088447,2.434669017791748,0,95.34031677246094
828.1700000000001,2.967264333755527,1.7544477299938497,0.20842105263157892,0.2820512820512822,13.942088447,2.434669017791748,0,95.34031677246094
828.1700000000001,2.967264333755527,1.7544477299938497,0.20842105263157892,0.2820512820512822,13.942088447,2.434669017791748,0,95.34031677246094
828.1700000000001,2.967264333755527,1.7544477299938497,0.20842105263157892,0.2820512820512822,13.942088447,2.434669017791748,0,95.34031677246094
828.1700000000001,2.960160457238109,1.755708107233574,0.20842105263157892,0.2820512820512822,13.77720359,2.434669017791748,0,95.34031677246094
828.1700000000001,2.960160457238109,1.755708107233574,0.20842105263157892,0.2820512820512822,13.77720359,2.434669017791748,0,95.34031677246094
828.1700000000001,2.960160457238109,1.755708107233574,0.20842105263157892,0.2820512820512822,13.77720359,2.434669017791748,0,95.34031677246094
828.2700000000001,2.960160457238109,1.755708107233574,0.20842105263157892,0.2820512820512822,13.77720359,2.434669017791748,0,95.34031677246094
828.2700000000001,2.9531946614451905,1.7569490550408866,0.20842105263157892,0.2820512820512822,13.499235864,2.434669017791748,0,95.34031677246094
828.2700000000001,2.9531946614451905,1.7569490550408866,0.20842105263157892,0.2820512820512822,13.499235864,2.434669017791748,0,95.34031677246094
828.2700000000001,2.9462300874599645,1.7581285181883946,0.20842105263157892,0.2820512820512822,13.499235864,2.434669017791748,0,95.34031677246094
828.2700000000001,2.9462300874599645,1.7581285181883946,0.20842105263157892,0.2820512820512822,12.959587207,2.3846688270568848,0,95.34031677246094
828.2700000000001,2.9462300874599645,1.7581285181883946,0.19684210526315787,0.3333333333333335,12.959587207,2.3846688270568848,0,95.34031677246094
828.2700000000001,2.9462300874599645,1.7581285181883946,0.19684210526315787,0.3333333333333335,12.959587207,2.3846688270568848,0,95.34031677246094
828.2700000000001,2.9392512432314515,1.7591905077006054,0.19684210526315787,0.3333333333333335,12.705106229,2.3846688270568848,0,95.34031677246094
828.2700000000001,2.9392512432314515,1.7591905077006054,0.19684210526315787,0.3333333333333335,12.705106229,2.3846688270568848,0,95.34031677246094
828.2700000000001,2.9392512432314515,1.7591905077006054,0.19684210526315787,0.3333333333333335,12.705106229,2.3846688270568848,0,95.34031677246094
828.37,2.9392512432314515,1.7591905077006054,0.19684210526315787,0.3333333333333335,12.705106229,2.3846688270568848,0,95.34031677246094
828.37,2.932639258095549,1.760077357108601,0.19684210526315787,0.3333333333333335,12.539549784,2.3846688270568848,0,95.34031677246094
828.37,2.932639258095549,1.760077357108601,0.19684210526315787,0.3333333333333335,12.539549784,2.3846688270568848,0,95.34031677246094
828.37,2.932639258095549,1.760077357108601,0.19684210526315787,0.3333333333333335,12.539549784,2.3846688270568848,0,95.34031677246094
828.37,2.926013238860299,1.7608770927607438,0.19684210526315787,0.3333333333333335,12.539549784,2.3846688270568848,0,95.34031677246094
828.37,2.926013238860299,1.7608770927607438,0.21999999999999997,0.38461538461538475,12.297778303,2.3846688270568848,0,95.34031677246094
828.37,2.926013238860299,1.7608770927607438,0.21999999999999997,0.38461538461538475,12.297778303,2.3846688270568848,0,95.34031677246094
828.37,2.926013238860299,1.7608770927607438,0.21999999999999997,0.38461538461538475,12.297778303,2.3846688270568848,0,95.34031677246094
828.37,2.926013238860299,1.7608770927607438,0.21999999999999997,0.38461538461538475,12.297778303,2.3846688270568848,0,95.34031677246094
828.37,2.919375884468172,1.7616229231879224,0.21999999999999997,0.38461538461538475,12.058532058,2.3846688270568848,0,95.34031677246094
828.37,2.919375884468172,1.7616229231879224,0.21999999999999997,0.38461538461538475,12.058532058,2.3846688270568848,0,95.34031677246094
828.47,2.919375884468172,1.7616229231879224,0.21999999999999997,0.38461538461538475,12.058532058,2.3846688270568848,0,95.34031677246094
828.47,2.9119553872782,1.762402133043929,0.21999999999999997,0.38461538461538475,12.058532058,2.3846688270568848,0,95.34031677246094
828.47,2.9119553872782,1.762402133043929,0.21999999999999997,0.38461538461538475,11.692392359,2.3846688270568848,0,95.34031677246094
828.47,2.9119553872782,1.762402133043929,0.21999999999999997,0.38461538461538475,11.692392359,2.3846688270568848,0,95.34031677246094
828.47,2.9119553872782,1.762402133043929,0.21999999999999997,0.3333333333333335,11.692392359,2.3846688270568848,0,95.34031677246094
828.47,2.9119553872782,1.762402133043929,0.21999999999999997,0.3333333333333335,11.59084477,2.3639581203460693,0,95.34031677246094
828.47,2.9119553872782,1.762402133043929,0.21999999999999997,0.3333333333333335,11.59084477,2.3639581203460693,0,95.34031677246094
828.47,2.9119553872782,1.762402133043929,0.21999999999999997,0.3333333333333335,11.59084477,2.3639581203460693,0,95.34031677246094
828.47,2.9045323313023133,1.7631030081321142,0.21999999999999997,0.3333333333333335,11.446509586,2.3639581203460693,0,95.34031677246094
828.47,2.9045323313023133,1.7631030081321142,0.20842105263157892,0.3333333333333335,11.446509586,2.3639581203460693,0,95.34031677246094
828.47,2.9045323313023133,1.7631030081321142,0.20842105263157892,0.3333333333333335,11.446509586,2.3639581203460693,0,95.34031677246094
828.47,2.897101220741261,1.7636935773852165,0.20842105263157892,0.3333333333333335,11.403865737,2.3639581203460693,0,95.34031677246094
828.47,2.897101220741261,1.7636935773852165,0.20842105263157892,0.3333333333333335,11.403865737,2.3639581203460693,0,95.34031677246094
828.47,2.897101220741261,1.7636935773852165,0.20842105263157892,0.3333333333333335,11.403865737,2.3639581203460693,0,95.34031677246094
828.57,2.897101220741261,1.7636935773852165,0.20842105263157892,0.3333333333333335,11.403865737,2.3639581203460693,0,95.34031677246094
828.57,2.897101220741261,1.7636935773852165,0.20842105263157892,0.3333333333333335,11.403865737,2.3639581203460693,0,95.2382583618164
828.57,2.890050557213635,1.764137749734724,0.20842105263157892,0.3333333333333335,11.399164177,2.3639581203460693,0,95.2382583618164
828.57,2.890050557213635,1.764137749734724,0.20842105263157892,0.3333333333333335,11.399164177,2.3639581203460693,0,95.2382583618164
828.57,2.890050557213635,1.764137749734724,0.20842105263157892,0.3333333333333335,11.399164177,2.3639581203460693,0,95.2382583618164
828.57,2.890050557213635,1.764137749734724,0.20842105263157892,0.3333333333333335,11.399164177,2.3639581203460693,0,95.2382583618164
828.57,2.882996116859229,1.764478097779965,0.20842105263157892,0.3333333333333335,11.055824582,2.2932474613189697,0,95.2382583618164
828.57,2.882996116859229,1.764478097779965,0.20842105263157892,0.3333333333333335,11.055824582,2.2932474613189697,0,95.2382583618164
828.57,2.882996116859229,1.764478097779965,0.20842105263157892,0.3333333333333335,11.055824582,2.2932474613189697,0,95.2382583618164
828.57,2.875932950009181,1.764741210301461,0.20842105263157892,0.3333333333333335,11.048528208,2.2932474613189697,0,95.2382583618164
828.57,2.875932950009181,1.764741210301461,0.21999999999999997,0.2820512820512822,11.048528208,2.2932474613189697,0,95.2382583618164
828.6700000000001,2.875932950009181,1.764741210301461,0.21999999999999997,0.2820512820512822,11.048528208,2.2932474613189697,0,95.2382583618164
828.6700000000001,2.868867442399571,1.7649420752343352,0.21999999999999997,0.2820512820512822,10.981929019,2.2932474613189697,0,95.2382583618164
828.6700000000001,2.868867442399571,1.7649420752343352,0.21999999999999997,0.2820512820512822,10.981929019,2.2932474613189697,0,95.2382583618164
828.6700000000001,2.868867442399571,1.7649420752343352,0.21999999999999997,0.2820512820512822,10.981929019,2.2932474613189697,0,95.2382583618164
828.6700000000001,2.868867442399571,1.7649420752343352,0.20842105263157892,0.2820512820512822,10.981929019,2.2932474613189697,0,95.2382583618164
828.6700000000001,2.868867442399571,1.7649420752343352,0.20842105263157892,0.2820512820512822,10.981929019,2.2932474613189697,0,95.2382583618164
828.6700000000001,2.8614087709305935,1.7650873408951016,0.20842105263157892,0.2820512820512822,10.848210628,2.2932474613189697,0,95.2382583618164
828.6700000000001,2.8614087709305935,1.7650873408951016,0.20842105263157892,0.2820512820512822,10.848210628,2.2932474613189697,0,95.2382583618164
828.6700000000001,2.8614087709305935,1.7650873408951016,0.20842105263157892,0.2820512820512822,10.848210628,2.2932474613189697,0,95.2382583618164
828.6700000000001,2.8543405559415795,1.765147541592414,0.20842105263157892,0.2820512820512822,10.848210628,2.2932474613189697,0,95.2382583618164
828.6700000000001,2.8543405559415795,1.765147541592414,0.20842105263157892,0.2820512820512822,10.785313357,2.2932474613189697,0,95.2382583618164
828.7700000000001,2.8543405559415795,1.765147541592414,0.20842105263157892,0.2820512820512822,10.785313357,2.2932474613189697,0,95.2382583618164
828.7700000000001,2.8543405559415795,1.765147541592414,0.20842105263157892,0.2820512820512822,10.785313357,2.2932474613189697,0,95.2382583618164
828.7700000000001,2.847276389983961,1.765120122840599,0.20842105263157892,0.2820512820512822,10.550159645,2.2432475090026855,0,95.2382583618164
828.7700000000001,2.847276389983961,1.765120122840599,0.20842105263157892,0.2820512820512822,10.610997825,2.2432475090026855,0,95.2382583618164
828.7700000000001,2.847276389983961,1.765120122840599,0.20842105263157892,0.2820512820512822,10.610997825,2.2432475090026855,0,95.2382583618164
828.7700000000001,2.847276389983961,1.765120122840599,0.20842105263157892,0.2820512820512822,10.610997825,2.2432475090026855,0,95.2382583618164
828.7700000000001,2.840210357658489,1.765012006429682,0.20842105263157892,0.2820512820512822,10.675285565,2.2432475090026855,0,95.2382583618164
828.7700000000001,2.840210357658489,1.765012006429682,0.20842105263157892,0.2820512820512822,10.675285565,2.2432475090026855,0,95.2382583618164
828.7700000000001,2.840210357658489,1.765012006429682,0.19684210526315787,0.23076923076923095,10.675285565,2.2432475090026855,0,95.2382583618164
828.7700000000001,2.83314249936014,1.7648376251935518,0.19684210526315787,0.23076923076923095,10.735380033,2.2432475090026855,0,95.2382583618164
828.7700000000001,2.83314249936014,1.7648376251935518,0.19684210526315787,0.23076923076923095,10.735380033,2.2432475090026855,0,95.2382583618164
828.87,2.83314249936014,1.7648376251935518,0.19684210526315787,0.23076923076923095,10.735380033,2.2432475090026855,0,95.2382583618164
828.87,2.83314249936014,1.7648376251935518,0.19684210526315787,0.23076923076923095,10.735380033,2.2432475090026855,0,95.2382583618164
828.87,2.8264653270605438,1.7646215693683476,0.19684210526315787,0.23076923076923095,10.735380033,2.2432475090026855,0,95.2382583618164
828.87,2.8264653270605438,1.7646215693683476,0.19684210526315787,0.23076923076923095,10.799993857,2.2432475090026855,0,95.2382583618164
828.87,2.8264653270605438,1.7646215693683476,0.19684210526315787,0.23076923076923095,10.799993857,2.2432475090026855,0,95.2382583618164
828.87,2.8264653270605438,1.7646215693683476,0.19684210526315787,0.23076923076923095,10.799993857,2.2432475090026855,0,95.2382583618164
828.87,2.8264653270605438,1.7646215693683476,0.21999999999999997,0.17948717948717968,10.799993857,2.2432475090026855,0,95.2382583618164
828.87,2.8264653270605438,1.7646215693683476,0.21999999999999997,0.17948717948717968,10.799993857,2.2432475090026855,0,95.2382583618164
828.87,2.8197912899219113,1.7643567852543947,0.21999999999999997,0.17948717948717968,10.863621222,2.2432475090026855,0,95.2382583618164
828.87,2.8197912899219113,1.7643567852543947,0.21999999999999997,0.17948717948717968,10.863621222,2.2432475090026855,0,95.2382583618164
828.87,2.8197912899219113,1.7643567852543947,0.21999999999999997,0.17948717948717968,10.863621222,2.2432475090026855,0,95.2382583618164
828.87,2.8197912899219113,1.7643567852543947,0.21999999999999997,0.17948717948717968,10.863621222,2.2432475090026855,0,95.2382583618164
828.87,2.812335857373202,1.7640052563089395,0.20842105263157892,0.17948717948717968,10.795745791,2.2432475090026855,0,95.2382583618164
828.97,2.812335857373202,1.7640052563089395,0.20842105263157892,0.17948717948717968,10.795745791,2.2432475090026855,0,95.2382583618164
828.97,2.812335857373202,1.7640052563089395,0.20842105263157892,0.17948717948717968,10.795745791,2.2432475090026855,0,95.2382583618164
828.97,2.8052693010246483,1.7636210712264968,0.20842105263157892,0.17948717948717968,10.789501928,2.2432475090026855,0,95.2382583618164
828.97,2.8052693010246483,1.7636210712264968,0.20842105263157892,0.17948717948717968,10.789501928,2.2432475090026855,0,95.2382583618164
828.97,2.8052693010246483,1.7636210712264968,0.20842105263157892,0.17948717948717968,10.789501928,2.2432475090026855,0,95.2382583618164
828.97,2.8052693010246483,1.7636210712264968,0.20842105263157892,0.17948717948717968,10.789501928,2.2432475090026855,0,95.2382583618164
828.97,2.7982063052784714,1.7631931314781317,0.20842105263157892,0.17948717948717968,10.613721813,2.1932475566864014,0,95.2382583618164
828.97,2.7982063052784714,1.7631931314781317,0.20842105263157892,0.17948717948717968,10.613721813,2.1932475566864014,0,95.2382583618164
828.97,2.7982063052784714,1.7631931314781317,0.20842105263157892,0.17948717948717968,10.613721813,2.1932475566864014,0,95.2382583618164
828.97,2.7982063052784714,1.7631931314781317,0.21999999999999997,0.12820512820512842,10.613721813,2.1932475566864014,0,95.2382583618164
828.97,2.7911454631992894,1.7627279161824756,0.21999999999999997,0.12820512820512842,10.613437379,2.1932475566864014,0,95.2382583618164
829.07,2.7911454631992894,1.7627279161824756,0.21999999999999997,0.12820512820512842,10.613437379,2.1932475566864014,0,95.2382583618164
829.07,2.7911454631992894,1.7627279161824756,0.21999999999999997,0.12820512820512842,10.613437379,2.1932475566864014,0,95.2382583618164
829.07,2.7911454631992894,1.7627279161824756,0.21999999999999997,0.12820512820512842,10.613437379,2.1932475566864014,0,95.1323013305664
829.07,2.783694713813788,1.7621976160139843,0.21999999999999997,0.12820512820512842,10.542205893,2.1932475566864014,0,95.1323013305664
829.07,2.783694713813788,1.7621976160139843,0.21999999999999997,0.12820512820512842,10.542205893,2.1932475566864014,0,95.1323013305664
829.07,2.783694713813788,1.7621976160139843,0.21999999999999997,0.12820512820512842,10.542205893,2.1932475566864014,0,95.1323013305664
829.07,2.7762435906022787,1.7616289651415167,0.21999999999999997,0.12820512820512842,10.542205893,2.1932475566864014,0,95.1323013305664
829.07,2.7762435906022787,1.7616289651415167,0.21999999999999997,0.12820512820512842,10.542205893,2.1932475566864014,0,95.1323013305664
829.07,2.7762435906022787,1.7616289651415167,0.21999999999999997,0.12820512820512842,10.479300664,2.1932475566864014,0,95.1323013305664
829.07,2.7762435906022787,1.7616289651415167,0.21999999999999997,0.12820512820512842,10.479300664,2.1932475566864014,0,95.1323013305664
829.07,2.7762435906022787,1.7616289651415167,0.21999999999999997,0.12820512820512842,10.479300664,2.1932475566864014,0,95.1323013305664
829.07,2.768795986235744,1.7610306677643999,0.21999999999999997,0.12820512820512842,10.415445555,2.1932475566864014,0,95.1323013305664
829.1700000000001,2.768795986235744,1.7610306677643999,0.20842105263157892,0.12820512820512842,10.178002096,2.143247604370117,0,95.1323013305664
829.1700000000001,2.768795986235744,1.7610306677643999,0.20842105263157892,0.12820512820512842,10.178002096,2.143247604370117,0,95.1323013305664
829.1700000000001,2.768795986235744,1.7610306677643999,0.20842105263157892,0.12820512820512842,10.178002096,2.143247604370117,0,95.1323013305664
829.1700000000001,2.768795986235744,1.7610306677643999,0.20842105263157892,0.12820512820512842,10.178002096,2.143247604370117,0,95.1323013305664
829.1700000000001,2.768795986235744,1.7610306677643999,0.20842105263157892,0.12820512820512842,10.178002096,2.143247604370117,0,95.1323013305664
829.1700000000001,2.761349628983824,1.7604026774675363,0.20842105263157892,0.12820512820512842,10.178002096,2.143247604370117,0,95.1323013305664
829.1700000000001,2.761349628983824,1.7604026774675363,0.20842105263157892,0.12820512820512842,10.052314753,2.143247604370117,0,95.1323013305664
829.1700000000001,2.761349628983824,1.7604026774675363,0.20842105263157892,0.12820512820512842,10.052314753,2.143247604370117,0,95.1323013305664
829.1700000000001,2.761349628983824,1.7604026774675363,0.20842105263157892,0.12820512820512842,10.052314753,2.143247604370117,0,95.1323013305664
829.1700000000001,2.761349628983824,1.7604026774675363,0.20842105263157892,0.12820512820512842,10.052314753,2.143247604370117,0,95.1323013305664
829.1700000000001,2.75429505822063,1.7597796741057783,0.20842105263157892,0.12820512820512842,10.052314753,2.143247604370117,0,95.1323013305664
829.1700000000001,2.75429505822063,1.7597796741057783,0.20842105263157892,0.07692307692307715,10.052314753,2.143247604370117,0,95.1323013305664
829.1700000000001,2.75429505822063,1.7597796741057783,0.20842105263157892,0.07692307692307715,9.991887195,2.143247604370117,0,95.1323013305664
829.1700000000001,2.75429505822063,1.7597796741057783,0.20842105263157892,0.07692307692307715,9.991887195,2.143247604370117,0,95.1323013305664
829.1700000000001,2.7472447427564797,1.7591283412037262,0.20842105263157892,0.07692307692307715,10.052225772,2.143247604370117,0,95.1323013305664
829.2700000000001,2.7472447427564797,1.7591283412037262,0.20842105263157892,0.07692307692307715,10.052225772,2.143247604370117,0,95.1323013305664
829.2700000000001,2.7472447427564797,1.7591283412037262,0.20842105263157892,0.07692307692307715,10.052225772,2.143247604370117,0,95.1323013305664
829.2700000000001,2.7472447427564797,1.7591283412037262,0.20842105263157892,0.07692307692307715,10.052225772,2.143247604370117,0,95.1323013305664
829.2700000000001,2.7401955077418085,1.7584480627875985,0.20842105263157892,0.07692307692307715,10.053364713,2.143247604370117,0,95.1323013305664
829.2700000000001,2.7401955077418085,1.7584480627875985,0.20842105263157892,0.07692307692307715,10.053364713,2.143247604370117,0,95.1323013305664
829.2700000000001,2.7401955077418085,1.7584480627875985,0.20842105263157892,0.07692307692307715,10.053364713,2.143247604370117,0,95.1323013305664
829.2700000000001,2.7331476246873727,1.7577534876439205,0.21999999999999997,0.07692307692307715,10.051104555,2.143247604370117,0,95.1323013305664
829.2700000000001,2.7331476246873727,1.7577534876439205,0.21999999999999997,0.07692307692307715,10.051104555,2.143247604370117,0,95.1323013305664
829.2700000000001,2.7331476246873727,1.7577534876439205,0.21999999999999997,0.07692307692307715,10.051104555,2.143247604370117,0,95.1323013305664
829.2700000000001,2.7331476246873727,1.7577534876439205,0.21999999999999997,0.07692307692307715,10.051104555,2.143247604370117,0,95.1323013305664
829.2700000000001,2.7331476246873727,1.7577534876439205,0.21999999999999997,0.07692307692307715,10.078644873,2.1491200923919678,0,95.1323013305664
829.2700000000001,2.7331476246873727,1.7577534876439205,0.21999999999999997,0.07692307692307715,10.078644873,2.1491200923919678,0,95.1323013305664
829.37,2.725710833779352,1.7570035800587076,0.21999999999999997,0.07692307692307715,10.01872775,2.1491200923919678,0,95.1323013305664
829.37,2.725710833779352,1.7570035800587076,0.21999999999999997,0.07692307692307715,10.01872775,2.1491200923919678,0,95.1323013305664
829.37,2.725710833779352,1.7570035800587076,0.21999999999999997,0.07692307692307715,10.01872775,2.1491200923919678,0,95.1323013305664
829.37,2.721452557781313,1.756055288325903,0.21999999999999997,0.07692307692307715,10.01872775,2.1491200923919678,0,95.1323013305664
829.37,2.721452557781313,1.756055288325903,0.20842105263157892,0.07692307692307715,10.01896011,2.1491200923919678,0,95.1323013305664
829.37,2.721452557781313,1.756055288325903,0.20842105263157892,0.07692307692307715,10.01896011,2.1491200923919678,0,95.1323013305664
829.37,2.721452557781313,1.756055288325903,0.20842105263157892,0.07692307692307715,10.01896011,2.1491200923919678,0,95.1323013305664
829.37,2.721452557781313,1.756055288325903,0.20842105263157892,0.07692307692307715,10.01896011,2.1491200923919678,0,95.1323013305664
829.37,2.7176791581599438,1.7550734957670209,0.20842105263157892,0.07692307692307715,10.01896011,2.1491200923919678,0,95.1323013305664
829.37,2.7176791581599438,1.7550734957670209,0.20842105263157892,0.07692307692307715,10.018554243,2.1491200923919678,0,95.1323013305664
829.37,2.7176791581599438,1.7550734957670209,0.20842105263157892,0.07692307692307715,10.018554243,2.1491200923919678,0,95.1323013305664
829.37,2.7176791581599438,1.7550734957670209,0.20842105263157892,0.07692307692307715,10.018554243,2.1491200923919678,0,95.1323013305664
829.37,2.7176791581599438,1.7550734957670209,0.20842105263157892,0.07692307692307715,10.018554243,2.1491200923919678,0,95.1323013305664
829.47,2.714230165870493,1.7541329807711001,0.20842105263157892,0.07692307692307715,10.076375974,2.1491200923919678,0,95.1323013305664
829.47,2.714230165870493,1.7541329807711001,0.19684210526315787,-0.08307692307692285,10.076375974,2.1491200923919678,0,95.1323013305664
829.47,2.714230165870493,1.7541329807711001,0.19684210526315787,-0.08307692307692285,10.076375974,2.1491200923919678,0,95.1323013305664
829.47,2.7107153493095417,1.7531928324868096,0.19684210526315787,-0.08307692307692285,10.139434168,2.1491200923919678,0,95.1323013305664
829.47,2.7107153493095417,1.7531928324868096,0.19684210526315787,-0.08307692307692285,10.139434168,2.1491200923919678,0,95.1323013305664
829.47,2.7107153493095417,1.7531928324868096,0.19684210526315787,-0.08307692307692285,10.139434168,2.1491200923919678,0,95.1323013305664
829.47,2.707518178126678,1.752292499900437,0.21999999999999997,-0.12820512820512797,10.198214717,2.1491200923919678,0,95.1323013305664
829.47,2.707518178126678,1.752292499900437,0.21999999999999997,-0.12820512820512797,10.198214717,2.1491200923919678,0,95.1323013305664
829.47,2.707518178126678,1.752292499900437,0.21999999999999997,-0.12820512820512797,10.198214717,2.1491200923919678,0,95.1323013305664
829.47,2.707518178126678,1.752292499900437,0.21999999999999997,-0.12820512820512797,10.198214717,2.1491200923919678,0,95.1323013305664
829.57,2.703468328198884,1.7513474320104145,0.21999999999999997,-0.12820512820512797,10.136777745,2.1491200923919678,0,95.1323013305664
829.57,2.703468328198884,1.7513474320104145,0.21999999999999997,-0.12820512820512797,10.136777745,2.1491200923919678,0,95.1323013305664
829.57,2.703468328198884,1.7513474320104145,0.21999999999999997,-0.12820512820512797,10.136777745,2.1491200923919678,0,95.04389190673828
829.57,2.6962040970915035,1.7507054062332608,0.21999999999999997,-0.12820512820512797,9.838202049,2.0991201400756836,0,95.04389190673828
829.57,2.6962040970915035,1.7507054062332608,0.21999999999999997,-0.12820512820512797,9.838202049,2.0991201400756836,0,95.04389190673828
829.57,2.6962040970915035,1.7507054062332608,0.21999999999999997,-0.12820512820512797,9.838202049,2.0991201400756836,0,95.04389190673828
829.57,2.6962040970915035,1.7507054062332608,0.21999999999999997,-0.12820512820512797,9.838202049,2.0991201400756836,0,95.04389190673828
829.57,2.688734072018144,1.75013781732215,0.21999999999999997,-0.12820512820512797,9.838202049,2.0991201400756836,0,95.04389190673828
829.57,2.688734072018144,1.75013781732215,0.21999999999999997,-0.12820512820512797,9.77610619,2.0991201400756836,0,95.04389190673828
829.57,2.688734072018144,1.75013781732215,0.21999999999999997,-0.12820512820512797,9.77610619,2.0991201400756836,0,95.04389190673828
829.57,2.688734072018144,1.75013781732215,0.20842105263157892,-0.12820512820512797,9.77610619,2.0991201400756836,0,95.04389190673828
829.6700000000001,2.681261072153367,1.749628795853983,0.20842105263157892,-0.12820512820512797,9.77610619,2.0991201400756836,0,95.04389190673828
829.6700000000001,2.681261072153367,1.749628795853983,0.20842105263157892,-0.12820512820512797,9.773108362,2.0991201400756836,0,95.04389190673828
829.6700000000001,2.681261072153367,1.749628795853983,0.20842105263157892,-0.12820512820512797,9.773108362,2.0991201400756836,0,95.04389190673828
829.6700000000001,2.681261072153367,1.749628795853983,0.20842105263157892,-0.12820512820512797,9.773108362,2.0991201400756836,0,95.04389190673828
829.6700000000001,2.67417985315423,1.749183690285093,0.20842105263157892,-0.12820512820512797,9.831125310000001,2.0991201400756836,0,95.04389190673828
829.6700000000001,2.67417985315423,1.749183690285093,0.19684210526315787,-0.12820512820512797,9.831125310000001,2.0991201400756836,0,95.04389190673828
829.6700000000001,2.67417985315423,1.749183690285093,0.19684210526315787,-0.12820512820512797,9.831125310000001,2.0991201400756836,0,95.04389190673828
829.6700000000001,2.67417985315423,1.749183690285093,0.19684210526315787,-0.12820512820512797,9.831125310000001,2.0991201400756836,0,95.04389190673828
829.6700000000001,2.667101248863165,1.7487553764836694,0.19684210526315787,-0.12820512820512797,9.88749217,2.0991201400756836,0,95.04389190673828
829.6700000000001,2.667101248863165,1.7487553764836694,0.19684210526315787,-0.12820512820512797,9.88749217,2.0991201400756836,0,95.04389190673828
829.6700000000001,2.667101248863165,1.7487553764836694,0.19684210526315787,-0.12820512820512797,9.88749217,2.0991201400756836,0,95.04389190673828
829.6700000000001,2.667101248863165,1.7487553764836694,0.19684210526315787,-0.12820512820512797,9.88749217,2.0991201400756836,0,95.04389190673828
829.7700000000001,2.667101248863165,1.7487553764836694,0.19684210526315787,-0.12820512820512797,9.88749217,2.0991201400756836,0,95.04389190673828
829.7700000000001,2.66041148409374,1.7483620235144115,0.19684210526315787,-0.12820512820512797,9.945442744,2.0991201400756836,0,95.04389190673828
829.7700000000001,2.66041148409374,1.7483620235144115,0.19684210526315787,-0.12820512820512797,9.945442744,2.0991201400756836,0,95.04389190673828
829.7700000000001,2.66041148409374,1.7483620235144115,0.21999999999999997,-0.12820512820512797,9.945442744,2.0991201400756836,0,95.04389190673828
829.7700000000001,2.66041148409374,1.7483620235144115,0.21999999999999997,-0.12820512820512797,9.945442744,2.0991201400756836,0,95.04389190673828
829.7700000000001,2.6537199623920964,1.7479915285583272,0.21999999999999997,-0.12820512820512797,10.00178092,2.0991201400756836,0,95.04389190673828
829.7700000000001,2.6537199623920964,1.7479915285583272,0.21999999999999997,-0.12820512820512797,10.00178092,2.0991201400756836,0,95.04389190673828
829.7700000000001,2.6537199623920964,1.7479915285583272,0.21999999999999997,-0.12820512820512797,10.00178092,2.0991201400756836,0,95.04389190673828
829.7700000000001,2.6537199623920964,1.7479915285583272,0.21999999999999997,-0.12820512820512797,10.00178092,2.0991201400756836,0,95.04389190673828
829.7700000000001,2.6462423951993017,1.7476176973744777,0.21999999999999997,-0.12820512820512797,9.646688493,2.0491201877593994,0,95.04389190673828
829.7700000000001,2.6462423951993017,1.7476176973744777,0.21999999999999997,-0.12820512820512797,9.646688493,2.0491201877593994,0,95.04389190673828
829.87,2.6462423951993017,1.7476176973744777,0.21999999999999997,-0.12820512820512797,9.646688493,2.0491201877593994,0,95.04389190673828
829.87,2.638760357124573,1.747291779137442,0.21999999999999997,-0.12820512820512797,9.643527942,2.0491201877593994,0,95.04389190673828
829.87,2.638760357124573,1.747291779137442,0.21999999999999997,-0.12820512820512797,9.643527942,2.0491201877593994,0,95.04389190673828
829.87,2.638760357124573,1.747291779137442,0.21999999999999997,-0.12820512820512797,9.643527942,2.0491201877593994,0,95.04389190673828
829.87,2.631277971861806,1.7470072504135044,0.21999999999999997,-0.12820512820512797,9.643527942,2.0491201877593994,0,95.04389190673828
829.87,2.631277971861806,1.7470072504135044,0.21999999999999997,-0.12820512820512797,9.645894599,2.0491201877593994,0,95.04389190673828
829.87,2.631277971861806,1.7470072504135044,0.21999999999999997,-0.12820512820512797,9.645894599,2.0491201877593994,0,95.04389190673828
829.87,2.631277971861806,1.7470072504135044,0.20842105263157892,-0.12820512820512797,9.645894599,2.0491201877593994,0,95.04389190673828
829.87,2.6237972607303988,1.7467542317768967,0.20842105263157892,-0.12820512820512797,9.647785876,2.0491201877593994,0,95.04389190673828
829.87,2.6237972607303988,1.7467542317768967,0.20842105263157892,-0.12820512820512797,9.647785876,2.0491201877593994,0,95.04389190673828
829.87,2.6237972607303988,1.7467542317768967,0.20842105263157892,-0.12820512820512797,9.647785876,2.0491201877593994,0,95.04389190673828
829.97,2.6237972607303988,1.7467542317768967,0.20842105263157892,-0.12820512820512797,9.647785876,2.0491201877593994,0,95.04389190673828
829.97,2.616706050838584,1.7465355139202732,0.20842105263157892,-0.12820512820512797,9.704759868,2.0491201877593994,0,95.04389190673828
829.97,2.616706050838584,1.7465355139202732,0.20842105263157892,-0.12820512820512797,9.704759868,2.0491201877593994,0,95.04389190673828
829.97,2.616706050838584,1.7465355139202732,0.20842105263157892,-0.12820512820512797,9.704759868,2.0491201877593994,0,95.04389190673828
829.97,2.6096155212155976,1.7463424009969415,0.20842105263157892,-0.12820512820512797,9.704759868,2.0491201877593994,0,95.04389190673828
829.97,2.6096155212155976,1.7463424009969415,0.21999999999999997,-0.07692307692307669,9.704106692,2.0491201877593994,0,95.04389190673828
829.97,2.6096155212155976,1.7463424009969415,0.21999999999999997,-0.07692307692307669,9.704106692,2.0491201877593994,0,95.04389190673828
829.97,2.6096155212155976,1.7463424009969415,0.21999999999999997,-0.07692307692307669,9.704106692,2.0491201877593994,0,95.04389190673828
829.97,2.6025232368283584,1.7461801434275488,0.21999999999999997,-0.07692307692307669,9.70350466,2.0491201877593994,0,95.04389190673828
829.97,2.6025232368283584,1.7461801434275488,0.21999999999999997,-0.07692307692307669,9.70350466,2.0491201877593994,0,95.04389190673828
830.07,2.6025232368283584,1.7461801434275488,0.21999999999999997,-0.07692307692307669,9.70350466,2.0491201877593994,0,95.04389190673828
830.07,2.5950393418557707,1.7460474889396524,0.21999999999999997,-0.07692307692307669,9.354046574,1.9991201162338257,0,94.94281005859375
830.07,2.5950393418557707,1.7460474889396524,0.21999999999999997,-0.07692307692307669,9.354046574,1.9991201162338257,0,94.94281005859375
830.07,2.5950393418557707,1.7460474889396524,0.21999999999999997,-0.07692307692307669,9.354046574,1.9991201162338257,0,94.94281005859375
830.07,2.5950393418557707,1.7460474889396524,0.21999999999999997,-0.07692307692307669,9.354046574,1.9991201162338257,0,94.94281005859375
830.07,2.58755570829113,1.7459469963487717,0.21999999999999997,-0.07692307692307669,9.244675222,1.9991201162338257,0,94.94281005859375
830.07,2.58755570829113,1.7459469963487717,0.20842105263157892,-0.07692307692307669,9.244675222,1.9991201162338257,0,94.94281005859375
830.07,2.58755570829113,1.7459469963487717,0.20842105263157892,-0.07692307692307669,9.244675222,1.9991201162338257,0,94.94281005859375
830.07,2.5800726504748916,1.7458654542079286,0.20842105263157892,-0.07692307692307669,9.244675222,1.9991201162338257,0,94.94281005859375
830.07,2.5800726504748916,1.7458654542079286,0.20842105263157892,-0.07692307692307669,9.244425635,1.9991201162338257,0,94.94281005859375
830.07,2.5800726504748916,1.7458654542079286,0.20842105263157892,-0.07692307692307669,9.244425635,1.9991201162338257,0,94.94281005859375
830.07,2.5800726504748916,1.7458654542079286,0.20842105263157892,-0.07692307692307669,9.244425635,1.9991201162338257,0,94.94281005859375
830.1700000000001,2.5800726504748916,1.7458654542079286,0.20842105263157892,-0.07692307692307669,9.244425635,1.9991201162338257,0,94.94281005859375
830.1700000000001,2.572981714928896,1.7457972118851854,0.20842105263157892,-0.07692307692307669,9.301138847,1.9991201162338257,0,94.94281005859375
830.1700000000001,2.572981714928896,1.7457972118851854,0.20842105263157892,-0.07692307692307669,9.301138847,1.9991201162338257,0,94.94281005859375
830.1700000000001,2.572981714928896,1.7457972118851854,0.20842105263157892,-0.07692307692307669,9.301138847,1.9991201162338257,0,94.94281005859375
830.1700000000001,2.5658915780594302,1.7457389925298004,0.19684210526315787,-0.07692307692307669,9.355918731,1.9991201162338257,0,94.94281005859375
830.1700000000001,2.5658915780594302,1.7457389925298004,0.19684210526315787,-0.07692307692307669,9.355918731,1.9991201162338257,0,94.94281005859375
830.1700000000001,2.5658915780594302,1.7457389925298004,0.19684210526315787,-0.07692307692307669,9.355918731,1.9991201162338257,0,94.94281005859375
830.1700000000001,2.5658915780594302,1.7457389925298004,0.19684210526315787,-0.07692307692307669,9.355918731,1.9991201162338257,0,94.94281005859375
830.1700000000001,2.5658915780594302,1.7457389925298004,0.19684210526315787,-0.07692307692307669,9.355918731,1.9991201162338257,0,94.94281005859375
830.1700000000001,2.559190798596477,1.7457009622819346,0.19684210526315787,-0.07692307692307669,9.467351793,1.9991201162338257,0,94.94281005859375
830.1700000000001,2.559190798596477,1.7457009622819346,0.19684210526315787,-0.07692307692307669,9.467351793,1.9991201162338257,0,94.94281005859375
830.2700000000001,2.559190798596477,1.7457009622819346,0.19684210526315787,-0.07692307692307669,9.468828201,1.999431848526001,0,94.94281005859375
830.2700000000001,2.559190798596477,1.7457009622819346,0.19684210526315787,-0.07692307692307669,9.468828201,1.999431848526001,0,94.94281005859375
830.2700000000001,2.552491093825349,1.7456871373619092,0.19684210526315787,-0.07692307692307669,9.52779614,1.999431848526001,0,94.94281005859375
830.2700000000001,2.552491093825349,1.7456871373619092,0.21999999999999997,-0.07692307692307669,9.52779614,1.999431848526001,0,94.94281005859375
830.2700000000001,2.552491093825349,1.7456871373619092,0.21999999999999997,-0.07692307692307669,9.52779614,1.999431848526001,0,94.94281005859375
830.2700000000001,2.5457926176389676,1.745698717155212,0.21999999999999997,-0.07692307692307669,9.345463464,1.9494318962097168,0,94.94281005859375
830.2700000000001,2.5457926176389676,1.745698717155212,0.21999999999999997,-0.07692307692307669,9.345463464,1.9494318962097168,0,94.94281005859375
830.2700000000001,2.5457926176389676,1.745698717155212,0.21999999999999997,-0.07692307692307669,9.345463464,1.9494318962097168,0,94.94281005859375
830.2700000000001,2.538310509496581,1.7457347708870168,0.21999999999999997,-0.07692307692307669,9.28916166,1.9494318962097168,0,94.94281005859375
830.2700000000001,2.538310509496581,1.7457347708870168,0.21999999999999997,-0.07692307692307669,9.28916166,1.9494318962097168,0,94.94281005859375
830.37,2.538310509496581,1.7457347708870168,0.21999999999999997,-0.07692307692307669,9.28916166,1.9494318962097168,0,94.94281005859375
830.37,2.538310509496581,1.7457347708870168,0.21999999999999997,-0.07692307692307669,9.28916166,1.9494318962097168,0,94.94281005859375
830.37,2.538310509496581,1.7457347708870168,0.21999999999999997,-0.07692307692307669,9.28916166,1.9494318962097168,0,94.94281005859375
830.37,2.5308284064707562,1.7457874398856033,0.20842105263157892,-0.07692307692307669,9.289667529,1.9494318962097168,0,94.94281005859375
830.37,2.5308284064707562,1.7457874398856033,0.20842105263157892,-0.07692307692307669,9.289667529,1.9494318962097168,0,94.94281005859375
830.37,2.5233458147511794,1.745855149125725,0.20842105263157892,-0.07692307692307669,9.289667529,1.9494318962097168,0,94.94281005859375
830.37,2.5233458147511794,1.745855149125725,0.20842105263157892,-0.07692307692307669,9.289275135,1.9494318962097168,0,94.94281005859375
830.37,2.5233458147511794,1.745855149125725,0.20842105263157892,-0.07692307692307669,9.289275135,1.9494318962097168,0,94.94281005859375
830.37,2.5233458147511794,1.745855149125725,0.20842105263157892,-0.07692307692307669,9.289275135,1.9494318962097168,0,94.94281005859375
830.37,2.5233458147511794,1.745855149125725,0.20842105263157892,-0.07692307692307669,9.289275135,1.9494318962097168,0,94.94281005859375
830.37,2.5162542363916294,1.7459354499351232,0.20842105263157892,-0.07692307692307669,9.345247785,1.9494318962097168,0,94.94281005859375
830.37,2.5162542363916294,1.7459354499351232,0.20842105263157892,-0.07692307692307669,9.345247785,1.9494318962097168,0,94.94281005859375
830.37,2.5162542363916294,1.7459354499351232,0.20842105263157892,-0.07692307692307669,9.345247785,1.9494318962097168,0,94.94281005859375
830.47,2.5162542363916294,1.7459354499351232,0.21999999999999997,0.07692307692307716,9.345247785,1.9494318962097168,0,94.94281005859375
830.47,2.5162542363916294,1.7459354499351232,0.21999999999999997,0.07692307692307716,9.345247785,1.9494318962097168,0,94.94281005859375
830.47,2.5091639744739305,1.7460363484183956,0.21999999999999997,0.07692307692307716,9.345162117,1.9494318962097168,0,94.94281005859375
830.47,2.5091639744739305,1.7460363484183956,0.21999999999999997,0.07692307692307716,9.345162117,1.9494318962097168,0,94.94281005859375
830.47,2.5091639744739305,1.7460363484183956,0.21999999999999997,0.07692307692307715,9.345162117,1.9494318962097168,0,94.94281005859375
830.47,2.5091639744739305,1.7460363484183956,0.21999999999999997,0.07692307692307715,9.345162117,1.9494318962097168,0,94.94281005859375
830.47,2.501687010832263,1.746164327410521,0.21999999999999997,0.07692307692307715,9.288746359,1.9494318962097168,0,94.94281005859375
830.47,2.501687010832263,1.746164327410521,0.21999999999999997,0.07692307692307715,9.288746359,1.9494318962097168,0,94.94281005859375
830.47,2.501687010832263,1.746164327410521,0.21999999999999997,0.07692307692307715,9.288746359,1.9494318962097168,0,94.94281005859375
830.47,2.501687010832263,1.746164327410521,0.21999999999999997,0.07692307692307715,9.288746359,1.9494318962097168,0,94.94281005859375
830.47,2.49421168474089,1.7462963096686288,0.20842105263157892,0.07692307692307715,8.943692037,1.899431824684143,0,94.94281005859375
830.47,2.49421168474089,1.7462963096686288,0.20842105263157892,0.07692307692307715,8.943692037,1.899431824684143,0,94.94281005859375
830.57,2.49421168474089,1.7462963096686288,0.20842105263157892,0.07692307692307715,8.943692037,1.899431824684143,0,94.83450317382812
830.57,2.489334212483694,1.7462415622187337,0.20842105263157892,0.07692307692307715,8.943692037,1.899431824684143,0,94.83450317382812
830.57,2.489334212483694,1.7462415622187337,0.20842105263157892,0.07692307692307715,8.890729618,1.899431824684143,0,94.83450317382812
830.57,2.489334212483694,1.7462415622187337,0.20842105263157892,0.07692307692307715,8.890729618,1.899431824684143,0,94.83450317382812
830.57,2.489334212483694,1.7462415622187337,0.20842105263157892,0.07692307692307715,8.890729618,1.899431824684143,0,94.83450317382812
830.57,2.4869360799327134,1.7459644401334542,0.20842105263157892,0.07692307692307715,8.840528425,1.899431824684143,0,94.83450317382812
830.57,2.4869360799327134,1.7459644401334542,0.20842105263157892,0.07692307692307715,8.840528425,1.899431824684143,0,94.83450317382812
830.57,2.4869360799327134,1.7459644401334542,0.20842105263157892,0.07692307692307715,8.840528425,1.899431824684143,0,94.83450317382812
830.57,2.4869360799327134,1.7459644401334542,0.20842105263157892,0.07692307692307715,8.840528425,1.899431824684143,0,94.83450317382812
830.57,2.4845351101282636,1.7456436415598071,0.20842105263157892,0.07692307692307715,8.894728635,1.899431824684143,0,94.83450317382812
830.57,2.4845351101282636,1.7456436415598071,0.20842105263157892,0.07692307692307715,8.894728635,1.899431824684143,0,94.83450317382812
830.6700000000001,2.4845351101282636,1.7456436415598071,0.20842105263157892,0.07692307692307715,8.894728635,1.899431824684143,0,94.83450317382812
830.6700000000001,2.4845351101282636,1.7456436415598071,0.20842105263157892,0.07692307692307715,8.894728635,1.899431824684143,0,94.83450317382812
830.6700000000001,2.4845351101282636,1.7456436415598071,0.20842105263157892,0.07692307692307715,8.894728635,1.899431824684143,0,94.83450317382812
830.6700000000001,2.482130577919088,1.7452959358845581,0.20842105263157892,0.07692307692307715,8.947554643,1.899431824684143,0,94.83450317382812
830.6700000000001,2.482130577919088,1.7452959358845581,0.20842105263157892,0.07692307692307715,8.947554643,1.899431824684143,0,94.83450317382812
830.6700000000001,2.482130577919088,1.7452959358845581,0.20842105263157892,0.07692307692307715,8.947554643,1.899431824684143,0,94.83450317382812
830.6700000000001,2.4797241789006463,1.7449360158078249,0.20842105263157892,0.07692307692307715,9.003699949,1.899431824684143,0,94.83450317382812
830.6700000000001,2.4797241789006463,1.7449360158078249,0.21999999999999997,0.07692307692307715,9.003699949,1.899431824684143,0,94.83450317382812
830.6700000000001,2.4797241789006463,1.7449360158078249,0.21999999999999997,0.07692307692307715,9.003699949,1.899431824684143,0,94.83450317382812
830.6700000000001,2.4773182083300713,1.7445651371273563,0.21999999999999997,0.07692307692307715,9.004842404,1.899431824684143,0,94.83450317382812
830.6700000000001,2.4773182083300713,1.7445651371273563,0.21999999999999997,0.07692307692307715,9.004842404,1.899431824684143,0,94.83450317382812
830.7700000000001,2.4773182083300713,1.7445651371273563,0.21999999999999997,0.07692307692307715,9.004842404,1.899431824684143,0,94.83450317382812
830.7700000000001,2.4773182083300713,1.7445651371273563,0.21999999999999997,0.07692307692307715,9.004842404,1.899431824684143,0,94.83450317382812
830.7700000000001,2.471633621798101,1.7443867985775252,0.21999999999999997,0.07692307692307715,8.951221134,1.899431824684143,0,94.83450317382812
830.7700000000001,2.471633621798101,1.7443867985775252,0.21999999999999997,0.07692307692307715,8.951221134,1.899431824684143,0,94.83450317382812
830.7700000000001,2.471633621798101,1.7443867985775252,0.21999999999999997,0.07692307692307715,8.951221134,1.899431824684143,0,94.83450317382812
830.7700000000001,2.471633621798101,1.7443867985775252,0.21999999999999997,0.07692307692307715,8.951221134,1.899431824684143,0,94.83450317382812
830.7700000000001,2.4641608775914103,1.7443129180028911,0.20842105263157892,0.07692307692307715,8.951221134,1.899431824684143,0,94.83450317382812
830.7700000000001,2.4641608775914103,1.7443129180028911,0.20842105263157892,0.07692307692307715,8.95315882,1.899431824684143,0,94.83450317382812
830.7700000000001,2.4641608775914103,1.7443129180028911,0.20842105263157892,0.07692307692307715,8.95315882,1.899431824684143,0,94.83450317382812
830.7700000000001,2.4570800108608672,1.7442118146038224,0.20842105263157892,0.07692307692307715,8.95315882,1.899431824684143,0,94.83450317382812
830.7700000000001,2.4570800108608672,1.7442118146038224,0.20842105263157892,0.07692307692307715,9.008775943,1.899431824684143,0,94.83450317382812
830.87,2.4570800108608672,1.7442118146038224,0.20842105263157892,0.07692307692307715,9.008775943,1.899431824684143,0,94.83450317382812
830.87,2.4570800108608672,1.7442118146038224,0.20842105263157892,0.07692307692307715,9.008775943,1.899431824684143,0,94.83450317382812
830.87,2.4570800108608672,1.7442118146038224,0.20842105263157892,0.07692307692307715,9.008775943,1.899431824684143,0,94.83450317382812
830.87,2.449999778410788,1.7440855790609573,0.20842105263157892,0.07692307692307715,8.771087243,1.8494318723678589,0,94.83450317382812
830.87,2.449999778410788,1.7440855790609573,0.19684210526315787,0.07692307692307715,8.771087243,1.8494318723678589,0,94.83450317382812
830.87,2.449999778410788,1.7440855790609573,0.19684210526315787,0.07692307692307715,8.771087243,1.8494318723678589,0,94.83450317382812
830.87,2.449999778410788,1.7440855790609573,0.19684210526315787,0.07692307692307715,8.771087243,1.8494318723678589,0,94.83450317382812
830.87,2.4429188112586564,1.7439427288481615,0.19684210526315787,0.07692307692307715,8.770980251,1.8494318723678589,0,94.83450317382812
830.87,2.4429188112586564,1.7439427288481615,0.19684210526315787,0.07692307692307715,8.770980251,1.8494318723678589,0,94.83450317382812
830.87,2.4429188112586564,1.7439427288481615,0.19684210526315787,0.07692307692307715,8.770980251,1.8494318723678589,0,94.83450317382812
830.87,2.4362293691127483,1.7437969016113957,0.19684210526315787,0.07692307692307715,8.822516811,1.8494318723678589,0,94.83450317382812
830.97,2.4362293691127483,1.7437969016113957,0.19684210526315787,0.07692307692307715,8.822516811,1.8494318723678589,0,94.83450317382812
830.97,2.4362293691127483,1.7437969016113957,0.19684210526315787,0.07692307692307715,8.822516811,1.8494318723678589,0,94.83450317382812
830.97,2.4362293691127483,1.7437969016113957,0.19684210526315787,0.07692307692307715,8.822516811,1.8494318723678589,0,94.83450317382812
830.97,2.4295425771112873,1.7436381830984249,0.19684210526315787,0.07692307692307715,8.878597791,1.8494318723678589,0,94.83450317382812
830.97,2.4295425771112873,1.7436381830984249,0.21999999999999997,0.07692307692307715,8.878597791,1.8494318723678589,0,94.83450317382812
830.97,2.4295425771112873,1.7436381830984249,0.21999999999999997,0.07692307692307715,8.878597791,1.8494318723678589,0,94.83450317382812
830.97,2.422857004653716,1.743460613621566,0.21999999999999997,0.07692307692307715,8.932460035,1.8494318723678589,0,94.83450317382812
830.97,2.422857004653716,1.743460613621566,0.21999999999999997,0.07692307692307715,8.932460035,1.8494318723678589,0,94.83450317382812
830.97,2.422857004653716,1.743460613621566,0.21999999999999997,0.07692307692307715,8.932460035,1.8494318723678589,0,94.83450317382812
830.97,2.422857004653716,1.743460613621566,0.20842105263157892,0.07692307692307715,8.932460035,1.8494318723678589,0,94.83450317382812
831.07,2.415389817082839,1.7432373839884505,0.20842105263157892,0.07692307692307715,8.932460035,1.8494318723678589,0,94.83450317382812
831.07,2.415389817082839,1.7432373839884505,0.20842105263157892,0.07692307692307715,8.878192579,1.8494318723678589,0,94.755615234375
831.07,2.415389817082839,1.7432373839884505,0.20842105263157892,0.07692307692307715,8.878192579,1.8494318723678589,0,94.755615234375
831.07,2.415389817082839,1.7432373839884505,0.20842105263157892,0.07692307692307715,8.878192579,1.8494318723678589,0,94.755615234375
831.07,2.408312108192858,1.743002106945231,0.20842105263157892,0.07692307692307715,8.933813816,1.8494318723678589,0,94.755615234375
831.07,2.408312108192858,1.743002106945231,0.20842105263157892,0.07692307692307715,8.933813816,1.8494318723678589,0,94.755615234375
831.07,2.408312108192858,1.743002106945231,0.20842105263157892,0.07692307692307715,8.933813816,1.8494318723678589,0,94.755615234375
831.07,2.4012356022057073,1.7427468424853612,0.20842105263157892,0.07692307692307715,8.987885105,1.8494318723678589,0,94.755615234375
831.07,2.4012356022057073,1.7427468424853612,0.20842105263157892,0.07692307692307715,8.987885105,1.8494318723678589,0,94.755615234375
831.07,2.4012356022057073,1.7427468424853612,0.20842105263157892,0.07692307692307715,8.987885105,1.8494318723678589,0,94.755615234375
831.07,2.4012356022057073,1.7427468424853612,0.20842105263157892,0.07692307692307715,8.987885105,1.8494318723678589,0,94.755615234375
831.07,2.3941591140929726,1.7424750391281827,0.20842105263157892,0.07692307692307715,8.744592281,1.7994319200515747,0,94.755615234375
831.1700000000001,2.3941591140929726,1.7424750391281827,0.20842105263157892,0.07692307692307715,8.744592281,1.7994319200515747,0,94.755615234375
831.1700000000001,2.3941591140929726,1.7424750391281827,0.19684210526315787,0.07692307692307715,8.744592281,1.7994319200515747,0,94.755615234375
831.1700000000001,2.3941591140929726,1.7424750391281827,0.19684210526315787,0.07692307692307715,8.747113229,1.7999505996704102,0,94.755615234375
831.1700000000001,2.3870829548929713,1.7421883855212281,0.19684210526315787,0.07692307692307715,8.747392871,1.7999505996704102,0,94.755615234375
831.1700000000001,2.3870829548929713,1.7421883855212281,0.19684210526315787,0.07692307692307715,8.747392871,1.7999505996704102,0,94.755615234375
831.1700000000001,2.3870829548929713,1.7421883855212281,0.19684210526315787,0.07692307692307715,8.747392871,1.7999505996704102,0,94.755615234375
831.1700000000001,2.3870829548929713,1.7421883855212281,0.19684210526315787,0.07692307692307715,8.747392871,1.7999505996704102,0,94.755615234375
831.1700000000001,2.3870829548929713,1.7421883855212281,0.19684210526315787,0.07692307692307715,8.747392871,1.7999505996704102,0,94.755615234375
831.1700000000001,2.380398651565514,1.7419017727582,0.19684210526315787,0.07692307692307715,8.802761807,1.7999505996704102,0,94.755615234375
831.1700000000001,2.380398651565514,1.7419017727582,0.19684210526315787,0.07692307692307715,8.802761807,1.7999505996704102,0,94.755615234375
831.1700000000001,2.380398651565514,1.7419017727582,0.19684210526315787,0.07692307692307715,8.802761807,1.7999505996704102,0,94.755615234375
831.2700000000001,2.3737171981775442,1.741596886287041,0.20842105263157892,0.02564102564102587,8.802761807,1.7999505996704102,0,94.755615234375
831.2700000000001,2.3737171981775442,1.741596886287041,0.20842105263157892,0.02564102564102587,8.802761807,1.7999505996704102,0,94.755615234375
831.2700000000001,2.3737171981775442,1.741596886287041,0.20842105263157892,0.02564102564102587,8.803380092,1.7999505996704102,0,94.755615234375
831.2700000000001,2.3737171981775442,1.741596886287041,0.20842105263157892,0.02564102564102587,8.803380092,1.7999505996704102,0,94.755615234375
831.2700000000001,2.3737171981775442,1.741596886287041,0.20842105263157892,0.02564102564102587,8.803380092,1.7999505996704102,0,94.755615234375
831.2700000000001,2.3737171981775442,1.741596886287041,0.20842105263157892,0.02564102564102587,8.803380092,1.7999505996704102,0,94.755615234375
831.2700000000001,2.3666442319820558,1.741254017075571,0.20842105263157892,0.02564102564102587,8.747223776,1.7999505996704102,0,94.755615234375
831.2700000000001,2.3666442319820558,1.741254017075571,0.20842105263157892,0.02564102564102587,8.747223776,1.7999505996704102,0,94.755615234375
831.2700000000001,2.3666442319820558,1.741254017075571,0.20842105263157892,0.02564102564102587,8.747223776,1.7999505996704102,0,94.755615234375
831.2700000000001,2.3666442319820558,1.741254017075571,0.20842105263157892,0.02564102564102587,8.747223776,1.7999505996704102,0,94.755615234375
831.2700000000001,2.3595687421585754,1.7408971256517345,0.20842105263157892,0.02564102564102587,8.747223776,1.7999505996704102,0,94.755615234375
831.2700000000001,2.3595687421585754,1.7408971256517345,0.20842105263157892,0.0,8.694113103,1.7999505996704102,0,94.755615234375
831.2700000000001,2.3595687421585754,1.7408971256517345,0.20842105263157892,0.0,8.694113103,1.7999505996704102,0,94.755615234375
831.2700000000001,2.3595687421585754,1.7408971256517345,0.20842105263157892,0.0,8.694113103,1.7999505996704102,0,94.755615234375
831.37,2.3524913543968897,1.7405371016037472,0.20842105263157892,0.0,8.747354806,1.7999505996704102,0,94.755615234375
831.37,2.3524913543968897,1.7405371016037472,0.20842105263157892,0.0,8.747354806,1.7999505996704102,0,94.755615234375
831.37,2.3524913543968897,1.7405371016037472,0.20842105263157892,0.0,8.747354806,1.7999505996704102,0,94.755615234375
831.37,2.3524913543968897,1.7405371016037472,0.20842105263157892,0.0,8.747354806,1.7999505996704102,0,94.755615234375
831.37,2.3454129380625557,1.7401831444694515,0.20842105263157892,0.0,8.503590417,1.749950647354126,0,94.755615234375
831.37,2.3454129380625557,1.7401831444694515,0.20842105263157892,0.0,8.503590417,1.749950647354126,0,94.755615234375
831.37,2.3454129380625557,1.7401831444694515,0.20842105263157892,0.0,8.503590417,1.749950647354126,0,94.755615234375
831.37,2.3454129380625557,1.7401831444694515,0.21999999999999997,0.0,8.503590417,1.749950647354126,0,94.755615234375
831.37,2.3383343584217986,1.7398361270839002,0.21999999999999997,0.0,8.502947186,1.749950647354126,0,94.755615234375
831.37,2.3383343584217986,1.7398361270839002,0.21999999999999997,0.0,8.502947186,1.749950647354126,0,94.755615234375
831.37,2.3383343584217986,1.7398361270839002,0.21999999999999997,0.0,8.502947186,1.749950647354126,0,94.755615234375
831.37,2.3383343584217986,1.7398361270839002,0.21999999999999997,0.0,8.502947186,1.749950647354126,0,94.755615234375
831.47,2.3308666687253043,1.7394741048383005,0.21999999999999997,0.0,8.502947186,1.749950647354126,0,94.755615234375
831.47,2.3308666687253043,1.7394741048383005,0.21999999999999997,0.0,8.451173332,1.749950647354126,0,94.755615234375
831.47,2.3308666687253043,1.7394741048383005,0.21999999999999997,0.0,8.451173332,1.749950647354126,0,94.755615234375
831.47,2.3308666687253043,1.7394741048383005,0.21999999999999997,0.0,8.451173332,1.749950647354126,0,94.755615234375
831.47,2.323397877902887,1.7391057220285004,0.21999999999999997,0.0,8.400020251,1.749950647354126,0,94.755615234375
831.47,2.323397877902887,1.7391057220285004,0.20842105263157892,0.0,8.400020251,1.749950647354126,0,94.755615234375
831.47,2.323397877902887,1.7391057220285004,0.20842105263157892,0.0,8.400020251,1.749950647354126,0,94.755615234375
831.47,2.3159287526055863,1.7387262526594292,0.20842105263157892,0.0,8.297109006,1.749950647354126,0,94.755615234375
831.47,2.3159287526055863,1.7387262526594292,0.20842105263157892,0.0,8.297109006,1.749950647354126,0,94.755615234375
831.47,2.3159287526055863,1.7387262526594292,0.20842105263157892,0.0,8.297109006,1.749950647354126,0,94.755615234375
831.57,2.3088516894821667,1.7383605536761326,0.20842105263157892,0.12820512820512842,8.297109006,1.749950647354126,0,94.65605926513672
831.57,2.3088516894821667,1.7383605536761326,0.20842105263157892,0.12820512820512842,8.247732045,1.749950647354126,0,94.65605926513672
831.57,2.3088516894821667,1.7383605536761326,0.20842105263157892,0.12820512820512842,8.247732045,1.749950647354126,0,94.65605926513672
831.57,2.3088516894821667,1.7383605536761326,0.20842105263157892,0.12820512820512842,8.247732045,1.749950647354126,0,94.65605926513672
831.57,2.3017789959667123,1.7379916761738619,0.20842105263157892,0.12820512820512842,8.247380572,1.749950647354126,0,94.65605926513672
831.57,2.3017789959667123,1.7379916761738619,0.20842105263157892,0.12820512820512842,8.247380572,1.749950647354126,0,94.65605926513672
831.57,2.3017789959667123,1.7379916761738619,0.20842105263157892,0.12820512820512842,8.247380572,1.749950647354126,0,94.65605926513672
831.57,2.2947090020626595,1.7376091444256554,0.20842105263157892,0.12820512820512842,8.247554615,1.749950647354126,0,94.65605926513672
831.57,2.2947090020626595,1.7376091444256554,0.20842105263157892,0.12820512820512842,8.011903545,1.6999505758285522,0,94.65605926513672
831.57,2.2947090020626595,1.7376091444256554,0.20842105263157892,0.12820512820512842,8.011903545,1.6999505758285522,0,94.65605926513672
831.57,2.2947090020626595,1.7376091444256554,0.20842105263157892,0.12820512820512842,8.011903545,1.6999505758285522,0,94.65605926513672
831.6700000000001,2.287643521227362,1.7371921078359143,0.20842105263157892,0.12820512820512842,8.012959444,1.6999505758285522,0,94.65605926513672
831.6700000000001,2.287643521227362,1.7371921078359143,0.20842105263157892,0.12820512820512842,8.012959444,1.6999505758285522,0,94.65605926513672
831.6700000000001,2.287643521227362,1.7371921078359143,0.20842105263157892,0.12820512820512842,8.012959444,1.6999505758285522,0,94.65605926513672
831.6700000000001,2.287643521227362,1.7371921078359143,0.21999999999999997,-0.02564102564102541,8.012959444,1.6999505758285522,0,94.65605926513672
831.6700000000001,2.287643521227362,1.7371921078359143,0.21999999999999997,-0.02564102564102541,8.012959444,1.6999505758285522,0,94.65605926513672
831.6700000000001,2.28058180528342,1.7367276224245813,0.21999999999999997,-0.02564102564102541,8.014392807,1.6999505758285522,0,94.65605926513672
831.6700000000001,2.28058180528342,1.7367276224245813,0.21999999999999997,-0.02564102564102541,8.014392807,1.6999505758285522,0,94.65605926513672
831.6700000000001,2.28058180528342,1.7367276224245813,0.21999999999999997,-0.02564102564102541,8.014392807,1.6999505758285522,0,94.65605926513672
831.6700000000001,2.28058180528342,1.7367276224245813,0.21999999999999997,-0.02564102564102541,8.014392807,1.6999505758285522,0,94.65605926513672
831.6700000000001,2.2731227055831775,1.7361940823945985,0.21999999999999997,-0.02564102564102541,7.967488259,1.6999505758285522,0,94.65605926513672
831.6700000000001,2.2731227055831775,1.7361940823945985,0.21999999999999997,-0.02564102564102541,7.967488259,1.6999505758285522,0,94.65605926513672
831.7700000000001,2.2665165171001704,1.7363840076478116,0.21999999999999997,-0.02564102564102541,7.967488259,1.6999505758285522,0,94.65605926513672
831.7700000000001,2.2665165171001704,1.7363840076478116,0.21999999999999997,-0.02564102564102541,7.966774831,1.6999505758285522,0,94.65605926513672
831.7700000000001,2.2665165171001704,1.7363840076478116,0.21999999999999997,0.07692307692307715,7.966774831,1.6999505758285522,0,94.65605926513672
831.7700000000001,2.2665165171001704,1.7363840076478116,0.21999999999999997,0.07692307692307715,7.966774831,1.6999505758285522,0,94.65605926513672
831.7700000000001,2.264853582747631,1.7408503187638873,0.21999999999999997,0.07692307692307715,7.965481388,1.6999505758285522,0,94.65605926513672
831.7700000000001,2.264853582747631,1.7408503187638873,0.21999999999999997,0.07692307692307715,7.965481388,1.6999505758285522,0,94.65605926513672
831.7700000000001,2.264853582747631,1.7408503187638873,0.21999999999999997,0.07692307692307715,7.965481388,1.6999505758285522,0,94.65605926513672
831.7700000000001,2.264853582747631,1.7408503187638873,0.21999999999999997,0.07692307692307715,7.965481388,1.6999505758285522,0,94.65605926513672
831.7700000000001,2.263145316745273,1.7453971732088038,0.19684210526315787,0.12820512820512842,7.964976245,1.6999505758285522,0,94.65605926513672
831.7700000000001,2.263145316745273,1.7453971732088038,0.19684210526315787,0.12820512820512842,7.964976245,1.6999505758285522,0,94.65605926513672
831.87,2.263145316745273,1.7453971732088038,0.19684210526315787,0.12820512820512842,7.964976245,1.6999505758285522,0,94.65605926513672
831.87,2.262173316118279,1.75002072629003,0.19684210526315787,0.12820512820512842,7.964976245,1.6999505758285522,0,94.65605926513672
831.87,2.262173316118279,1.75002072629003,0.19684210526315787,0.12820512820512842,8.012548702,1.6999505758285522,0,94.65605926513672
831.87,2.262173316118279,1.75002072629003,0.19684210526315787,0.12820512820512842,8.012548702,1.6999505758285522,0,94.65605926513672
831.87,2.262173316118279,1.75002072629003,0.19684210526315787,0.12820512820512842,8.012548702,1.6999505758285522,0,94.65605926513672
831.87,2.2611675928718604,1.7546432522351543,0.19684210526315787,0.12820512820512842,8.060498683,1.6999505758285522,0,94.65605926513672
831.87,2.2611675928718604,1.7546432522351543,0.19684210526315787,0.12820512820512842,8.060498683,1.6999505758285522,0,94.65605926513672
831.87,2.2611675928718604,1.7546432522351543,0.19684210526315787,0.12820512820512842,8.060498683,1.6999505758285522,0,94.65605926513672
831.87,2.2601200212191817,1.7592477362014431,0.21999999999999997,0.17948717948717968,8.10993068,1.6999505758285522,0,94.65605926513672
831.87,2.2601200212191817,1.7592477362014431,0.21999999999999997,0.17948717948717968,8.10993068,1.6999505758285522,0,94.65605926513672
831.87,2.2601200212191817,1.7592477362014431,0.21999999999999997,0.17948717948717968,8.10993068,1.6999505758285522,0,94.65605926513672
831.87,2.2601200212191817,1.7592477362014431,0.21999999999999997,0.17948717948717968,8.10993068,1.6999505758285522,0,94.65605926513672
831.97,2.2601200212191817,1.7592477362014431,0.21999999999999997,0.17948717948717968,8.10993068,1.6999505758285522,0,94.65605926513672
831.97,2.256937376866973,1.762633321650163,0.21999999999999997,0.17948717948717968,8.10993068,1.6999505758285522,0,94.65605926513672
831.97,2.256937376866973,1.762633321650163,0.21999999999999997,0.17948717948717968,8.060394147,1.6999505758285522,0,94.65605926513672
831.97,2.256937376866973,1.762633321650163,0.21999999999999997,0.17948717948717968,8.060394147,1.6999505758285522,0,94.65605926513672
831.97,2.256937376866973,1.762633321650163,0.21999999999999997,0.17948717948717968,8.060394147,1.6999505758285522,0,94.65605926513672
831.97,2.249479815311598,1.7622195915830212,0.21999999999999997,0.17948717948717968,8.012887007,1.6999505758285522,0,94.65605926513672
831.97,2.249479815311598,1.7622195915830212,0.21999999999999997,0.17948717948717968,8.012887007,1.6999505758285522,0,94.65605926513672
831.97,2.249479815311598,1.7622195915830212,0.21999999999999997,0.17948717948717968,8.012887007,1.6999505758285522,0,94.65605926513672
831.97,2.249479815311598,1.7622195915830212,0.21999999999999997,0.17948717948717968,8.012887007,1.6999505758285522,0,94.65605926513672
831.97,2.242024821592257,1.7617655435894306,0.21999999999999997,0.17948717948717968,7.778261945,1.649950623512268,0,94.65605926513672
831.97,2.242024821592257,1.7617655435894306,0.21999999999999997,0.17948717948717968,7.778261945,1.649950623512268,0,94.65605926513672
832.07,2.242024821592257,1.7617655435894306,0.20842105263157892,0.17948717948717968,7.778261945,1.649950623512268,0,94.65605926513672
832.07,2.242024821592257,1.7617655435894306,0.20842105263157892,0.17948717948717968,7.778261945,1.649950623512268,0,94.57864379882812
832.07,2.23457244399882,1.7612714089081585,0.20842105263157892,0.17948717948717968,7.782028423,1.6506401300430298,0,94.57864379882812
832.07,2.23457244399882,1.7612714089081585,0.20842105263157892,0.17948717948717968,7.782028423,1.6506401300430298,0,94.57864379882812
832.07,2.23457244399882,1.7612714089081585,0.20842105263157892,0.17948717948717968,7.782028423,1.6506401300430298,0,94.57864379882812
832.07,2.2275138632830784,1.76076142978049,0.20842105263157892,0.17948717948717968,7.782028423,1.6506401300430298,0,94.57864379882812
832.07,2.2275138632830784,1.76076142978049,0.20842105263157892,0.17948717948717968,7.830628379,1.6506401300430298,0,94.57864379882812
832.07,2.2275138632830784,1.76076142978049,0.20842105263157892,0.17948717948717968,7.830628379,1.6506401300430298,0,94.57864379882812
832.07,2.2275138632830784,1.76076142978049,0.20842105263157892,0.17948717948717968,7.830628379,1.6506401300430298,0,94.57864379882812
832.07,2.2275138632830784,1.76076142978049,0.20842105263157892,0.17948717948717968,7.830628379,1.6506401300430298,0,94.57864379882812
832.07,2.2204602643011047,1.7602051443928848,0.21999999999999997,0.025641025641025883,7.830628379,1.6506401300430298,0,94.57864379882812
832.07,2.2204602643011047,1.7602051443928848,0.21999999999999997,0.025641025641025883,7.879882094,1.6506401300430298,0,94.57864379882812
832.1700000000001,2.2204602643011047,1.7602051443928848,0.21999999999999997,0.025641025641025883,7.879882094,1.6506401300430298,0,94.57864379882812
832.1700000000001,2.2204602643011047,1.7602051443928848,0.21999999999999997,0.025641025641025883,7.879882094,1.6506401300430298,0,94.57864379882812
832.1700000000001,2.21301566358867,1.7595696794398166,0.21999999999999997,0.025641025641025883,7.786368563,1.6506401300430298,0,94.57864379882812
832.1700000000001,2.21301566358867,1.7595696794398166,0.21999999999999997,0.02564102564102587,7.786368563,1.6506401300430298,0,94.57864379882812
832.1700000000001,2.21301566358867,1.7595696794398166,0.21999999999999997,0.02564102564102587,7.786368563,1.6506401300430298,0,94.57864379882812
832.1700000000001,2.21301566358867,1.7595696794398166,0.21999999999999997,0.02564102564102587,7.786368563,1.6506401300430298,0,94.57864379882812
832.1700000000001,2.2055674678597184,1.7589042241438206,0.21999999999999997,0.02564102564102587,7.695032784,1.6506401300430298,0,94.57864379882812
832.1700000000001,2.2055674678597184,1.7589042241438206,0.21999999999999997,0.02564102564102587,7.695032784,1.6506401300430298,0,94.57864379882812
832.1700000000001,2.2055674678597184,1.7589042241438206,0.21999999999999997,0.07692307692307715,7.695032784,1.6506401300430298,0,94.57864379882812
832.1700000000001,2.1981163683393548,1.758242202932125,0.21999999999999997,0.07692307692307715,7.695032784,1.6506401300430298,0,94.57864379882812
832.1700000000001,2.1981163683393548,1.758242202932125,0.21999999999999997,0.07692307692307715,7.37408941,1.6006401777267456,0,94.57864379882812
832.2700000000001,2.1981163683393548,1.758242202932125,0.21999999999999997,0.07692307692307715,7.37408941,1.6006401777267456,0,94.57864379882812
832.2700000000001,2.1981163683393548,1.758242202932125,0.21999999999999997,0.07692307692307715,7.37408941,1.6006401777267456,0,94.57864379882812
832.2700000000001,2.1906645170100036,1.7575979640487103,0.19684210526315787,0.02564102564102587,7.372899704,1.6006401777267456,0,94.57864379882812
832.2700000000001,2.1906645170100036,1.7575979640487103,0.19684210526315787,0.02564102564102587,7.372899704,1.6006401777267456,0,94.57864379882812
832.2700000000001,2.1906645170100036,1.7575979640487103,0.19684210526315787,0.02564102564102587,7.372899704,1.6006401777267456,0,94.57864379882812
832.2700000000001,2.1839926067519437,1.7570260188648787,0.19684210526315787,0.02564102564102587,7.458281093,1.6006401777267456,0,94.57864379882812
832.2700000000001,2.1839926067519437,1.7570260188648787,0.19684210526315787,0.02564102564102587,7.458281093,1.6006401777267456,0,94.57864379882812
832.2700000000001,2.1839926067519437,1.7570260188648787,0.19684210526315787,0.02564102564102587,7.458281093,1.6006401777267456,0,94.57864379882812
832.2700000000001,2.1839926067519437,1.7570260188648787,0.19684210526315787,0.02564102564102587,7.458281093,1.6006401777267456,0,94.57864379882812
832.2700000000001,2.177325996362188,1.756444858941194,0.19684210526315787,0.02564102564102587,7.5449009,1.6006401777267456,0,94.57864379882812
832.37,2.177325996362188,1.756444858941194,0.19684210526315787,0.02564102564102587,7.5449009,1.6006401777267456,0,94.57864379882812
832.37,2.177325996362188,1.756444858941194,0.19684210526315787,0.02564102564102587,7.5449009,1.6006401777267456,0,94.57864379882812
832.37,2.177325996362188,1.756444858941194,0.19684210526315787,0.02564102564102587,7.5449009,1.6006401777267456,0,94.57864379882812
832.37,2.1706630948714243,1.7558440902463068,0.19684210526315787,0.02564102564102587,7.637437767,1.6006401777267456,0,94.57864379882812
832.37,2.1706630948714243,1.7558440902463068,0.19684210526315787,0.02564102564102587,7.637437767,1.6006401777267456,0,94.57864379882812
832.37,2.1706630948714243,1.7558440902463068,0.19684210526315787,0.02564102564102587,7.637437767,1.6006401777267456,0,94.57864379882812
832.37,2.1706630948714243,1.7558440902463068,0.19684210526315787,0.02564102564102587,7.637437767,1.6006401777267456,0,94.57864379882812
832.37,2.163999587580558,1.7552294356036946,0.21999999999999997,-0.12820512820512797,7.681914637,1.6006401777267456,0,94.57864379882812
832.37,2.163999587580558,1.7552294356036946,0.21999999999999997,-0.12820512820512797,7.681914637,1.6006401777267456,0,94.57864379882812
832.37,2.163999587580558,1.7552294356036946,0.21999999999999997,-0.12820512820512797,7.681914637,1.6006401777267456,0,94.57864379882812
832.37,2.163999587580558,1.7552294356036946,0.21999999999999997,-0.12820512820512797,7.681914637,1.6006401777267456,0,94.57864379882812
832.37,2.1565827472342334,1.7545431380676293,0.21999999999999997,-0.12820512820512797,7.637182667,1.6006401777267456,0,94.57864379882812
832.37,2.1565827472342334,1.7545431380676293,0.21999999999999997,-0.12820512820512797,7.637182667,1.6006401777267456,0,94.57864379882812
832.47,2.1565827472342334,1.7545431380676293,0.21999999999999997,-0.12820512820512797,7.637182667,1.6006401777267456,0,94.57864379882812
832.47,2.1565827472342334,1.7545431380676293,0.21999999999999997,-0.12820512820512797,7.637182667,1.6006401777267456,0,94.57864379882812
832.47,2.1565827472342334,1.7545431380676293,0.21999999999999997,-0.12820512820512797,7.637182667,1.6006401777267456,0,94.57864379882812
832.47,2.1491255921608645,1.7538777010639706,0.21999999999999997,-0.12820512820512797,7.397783205,1.5506401062011719,0,94.57864379882812
832.47,2.1491255921608645,1.7538777010639706,0.20842105263157892,-0.12820512820512797,7.397783205,1.5506401062011719,0,94.57864379882812
832.47,2.1491255921608645,1.7538777010639706,0.20842105263157892,-0.12820512820512797,7.397783205,1.5506401062011719,0,94.57864379882812
832.47,2.1416623216071558,1.7532677776024266,0.20842105263157892,-0.12820512820512797,7.397783205,1.5506401062011719,0,94.57864379882812
832.47,2.1416623216071558,1.7532677776024266,0.20842105263157892,-0.12820512820512797,7.395442591,1.5506401062011719,0,94.57864379882812
832.47,2.1416623216071558,1.7532677776024266,0.20842105263157892,-0.12820512820512797,7.395442591,1.5506401062011719,0,94.57864379882812
832.47,2.1416623216071558,1.7532677776024266,0.19684210526315787,-0.12820512820512797,7.395442591,1.5506401062011719,0,94.57864379882812
832.47,2.134616794568212,1.752745314159144,0.19684210526315787,-0.12820512820512797,7.442785809,1.5506401062011719,0,94.57864379882812
832.57,2.134616794568212,1.752745314159144,0.19684210526315787,-0.12820512820512797,7.442785809,1.5506401062011719,0,94.47085571289062
832.57,2.134616794568212,1.752745314159144,0.19684210526315787,-0.12820512820512797,7.442785809,1.5506401062011719,0,94.47085571289062
832.57,2.134616794568212,1.752745314159144,0.19684210526315787,-0.12820512820512797,7.442785809,1.5506401062011719,0,94.47085571289062
832.57,2.1279313370618365,1.752290665650594,0.19684210526315787,-0.12820512820512797,7.534740907,1.5506401062011719,0,94.47085571289062
832.57,2.1279313370618365,1.752290665650594,0.19684210526315787,-0.12820512820512797,7.534740907,1.5506401062011719,0,94.47085571289062
832.57,2.1279313370618365,1.752290665650594,0.19684210526315787,-0.12820512820512797,7.534740907,1.5506401062011719,0,94.47085571289062
832.57,2.1212466818761833,1.7518593461204184,0.19684210526315787,-0.12820512820512797,7.533364902,1.5506401062011719,0,94.47085571289062
832.57,2.1212466818761833,1.7518593461204184,0.19684210526315787,-0.12820512820512797,7.533364902,1.5506401062011719,0,94.47085571289062
832.57,2.1212466818761833,1.7518593461204184,0.21999999999999997,-0.17948717948717924,7.533364902,1.5506401062011719,0,94.47085571289062
832.57,2.1212466818761833,1.7518593461204184,0.21999999999999997,-0.17948717948717924,7.533364902,1.5506401062011719,0,94.47085571289062
832.57,2.1212466818761833,1.7518593461204184,0.21999999999999997,-0.17948717948717924,7.533364902,1.5506401062011719,0,94.47085571289062
832.57,2.114561292033389,1.7514413740817965,0.21999999999999997,-0.17948717948717924,7.533014875,1.5506401062011719,0,94.47085571289062
832.6700000000001,2.114561292033389,1.7514413740817965,0.21999999999999997,-0.17948717948717924,7.533014875,1.5506401062011719,0,94.47085571289062
832.6700000000001,2.114561292033389,1.7514413740817965,0.21999999999999997,-0.17948717948717924,7.533014875,1.5506401062011719,0,94.47085571289062
832.6700000000001,2.114561292033389,1.7514413740817965,0.21999999999999997,-0.17948717948717924,7.533014875,1.5506401062011719,0,94.47085571289062
832.6700000000001,2.107090683784468,1.7509960759287742,0.21999999999999997,-0.17948717948717924,7.439433809,1.5506401062011719,0,94.47085571289062
832.6700000000001,2.107090683784468,1.7509960759287742,0.21999999999999997,-0.17948717948717924,7.439433809,1.5506401062011719,0,94.47085571289062
832.6700000000001,2.107090683784468,1.7509960759287742,0.21999999999999997,-0.17948717948717924,7.439433809,1.5506401062011719,0,94.47085571289062
832.6700000000001,2.107090683784468,1.7509960759287742,0.20842105263157892,-0.17948717948717924,7.439433809,1.5506401062011719,0,94.47085571289062
832.6700000000001,2.0996118506759656,1.7505908240724775,0.20842105263157892,-0.17948717948717924,7.112236322,1.5006401538848877,0,94.47085571289062
832.6700000000001,2.0996118506759656,1.7505908240724775,0.20842105263157892,-0.17948717948717924,7.112236322,1.5006401538848877,0,94.47085571289062
832.6700000000001,2.0996118506759656,1.7505908240724775,0.20842105263157892,-0.17948717948717924,7.112236322,1.5006401538848877,0,94.47085571289062
832.6700000000001,2.092519022239129,1.7502611540265927,0.20842105263157892,-0.17948717948717924,7.151226031,1.5006401538848877,0,94.47085571289062
832.7700000000001,2.092519022239129,1.7502611540265927,0.20842105263157892,-0.17948717948717924,7.151226031,1.5006401538848877,0,94.47085571289062
832.7700000000001,2.092519022239129,1.7502611540265927,0.20842105263157892,-0.17948717948717924,7.151226031,1.5006401538848877,0,94.47085571289062
832.7700000000001,2.092519022239129,1.7502611540265927,0.20842105263157892,-0.17948717948717924,7.151226031,1.5006401538848877,0,94.47085571289062
832.7700000000001,2.085425359520117,1.7499918895802027,0.20842105263157892,-0.17948717948717924,7.151226031,1.5006401538848877,0,94.47085571289062
832.7700000000001,2.085425359520117,1.7499918895802027,0.20842105263157892,-0.17948717948717924,7.193104685,1.5006401538848877,0,94.47085571289062
832.7700000000001,2.085425359520117,1.7499918895802027,0.20842105263157892,-0.17948717948717924,7.193104685,1.5006401538848877,0,94.47085571289062
832.7700000000001,2.085425359520117,1.7499918895802027,0.20842105263157892,-0.17948717948717924,7.193104685,1.5006401538848877,0,94.47085571289062
832.7700000000001,2.078331359495097,1.7497734129393177,0.20842105263157892,-0.17948717948717924,7.237334129,1.5006401538848877,0,94.47085571289062
832.7700000000001,2.078331359495097,1.7497734129393177,0.20842105263157892,-0.17948717948717924,7.237334129,1.5006401538848877,0,94.47085571289062
832.7700000000001,2.078331359495097,1.7497734129393177,0.20842105263157892,-0.17948717948717924,7.237334129,1.5006401538848877,0,94.47085571289062
832.7700000000001,2.078331359495097,1.7497734129393177,0.21999999999999997,-0.12820512820512797,7.237334129,1.5006401538848877,0,94.47085571289062
832.87,2.071237515575031,1.7495926236789427,0.21999999999999997,-0.12820512820512797,7.23378245,1.5006401538848877,0,94.47085571289062
832.87,2.071237515575031,1.7495926236789427,0.21999999999999997,-0.12820512820512797,7.23378245,1.5006401538848877,0,94.47085571289062
832.87,2.071237515575031,1.7495926236789427,0.21999999999999997,-0.12820512820512797,7.23378245,1.5006401538848877,0,94.47085571289062
832.87,2.071237515575031,1.7495926236789427,0.21999999999999997,-0.12820512820512797,7.23378245,1.5006401538848877,0,94.47085571289062
832.87,2.063753053676637,1.7494351630896268,0.21999999999999997,-0.12820512820512797,7.145858092,1.5006401538848877,0,94.47085571289062
832.87,2.063753053676637,1.7494351630896268,0.21999999999999997,-0.12820512820512797,7.145858092,1.5006401538848877,0,94.47085571289062
832.87,2.063753053676637,1.7494351630896268,0.21999999999999997,-0.12820512820512797,7.145858092,1.5006401538848877,0,94.47085571289062
832.87,2.063753053676637,1.7494351630896268,0.21999999999999997,-0.12820512820512797,7.145858092,1.5006401538848877,0,94.47085571289062
832.87,2.0562675312844876,1.749309686045629,0.21999999999999997,-0.12820512820512797,7.060215646,1.5006401538848877,0,94.47085571289062
832.87,2.0562675312844876,1.749309686045629,0.21999999999999997,-0.12820512820512797,7.060215646,1.5006401538848877,0,94.47085571289062
832.87,2.0562675312844876,1.749309686045629,0.21999999999999997,-0.12820512820512797,7.060215646,1.5006401538848877,0,94.47085571289062
832.97,2.0487807801477227,1.7492162301173335,0.21999999999999997,-0.12820512820512797,6.745339649,1.4506402015686035,0,94.47085571289062
832.97,2.0487807801477227,1.7492162301173335,0.21999999999999997,-0.12820512820512797,6.745339649,1.4506402015686035,0,94.47085571289062
832.97,2.0487807801477227,1.7492162301173335,0.21999999999999997,-0.12820512820512797,6.755484436,1.4528218507766724,0,94.47085571289062
832.97,2.0487807801477227,1.7492162301173335,0.21999999999999997,-0.12820512820512797,6.755484436,1.4528218507766724,0,94.47085571289062
832.97,2.0420835968523527,1.7475545060133673,0.21999999999999997,-0.12820512820512797,6.755484436,1.4528218507766724,0,94.47085571289062
832.97,2.0420835968523527,1.7475545060133673,0.21999999999999997,-0.12820512820512797,6.753950284,1.4528218507766724,0,94.47085571289062
832.97,2.0420835968523527,1.7475545060133673,0.21999999999999997,-0.12820512820512797,6.753950284,1.4528218507766724,0,94.47085571289062
832.97,2.0420835968523527,1.7475545060133673,0.21999999999999997,-0.12820512820512797,6.753950284,1.4528218507766724,0,94.47085571289062
832.97,2.035663151953045,1.7453177214490194,0.19684210526315787,-0.12820512820512797,6.7549631990000005,1.4528218507766724,0,94.47085571289062
832.97,2.035663151953045,1.7453177214490194,0.19684210526315787,-0.12820512820512797,6.7549631990000005,1.4528218507766724,0,94.47085571289062
832.97,2.035663151953045,1.7453177214490194,0.19684210526315787,-0.12820512820512797,6.7549631990000005,1.4528218507766724,0,94.47085571289062
832.97,2.035663151953045,1.7453177214490194,0.19684210526315787,-0.12820512820512797,6.7549631990000005,1.4528218507766724,0,94.47085571289062
832.97,2.035663151953045,1.7453177214490194,0.19684210526315787,-0.12820512820512797,6.7549631990000005,1.4528218507766724,0,94.47085571289062
833.07,2.0300180414213496,1.743081022169946,0.19684210526315787,-0.12820512820512797,6.795638916,1.4528218507766724,0,94.36581420898438
833.07,2.0300180414213496,1.743081022169946,0.19684210526315787,-0.12820512820512797,6.795638916,1.4528218507766724,0,94.36581420898438
833.07,2.0300180414213496,1.743081022169946,0.19684210526315787,-0.12820512820512797,6.795638916,1.4528218507766724,0,94.36581420898438
833.07,2.0243692285135033,1.7408408135446232,0.19684210526315787,-0.12820512820512797,6.836086513,1.4528218507766724,0,94.36581420898438
833.07,2.0243692285135033,1.7408408135446232,0.19684210526315787,-0.12820512820512797,6.836086513,1.4528218507766724,0,94.36581420898438
833.07,2.0243692285135033,1.7408408135446232,0.20842105263157892,-0.288205128205128,6.836086513,1.4528218507766724,0,94.36581420898438
833.07,2.018711497418569,1.738596295853527,0.20842105263157892,-0.288205128205128,6.878788341,1.4528218507766724,0,94.36581420898438
833.07,2.018711497418569,1.738596295853527,0.20842105263157892,-0.288205128205128,6.878788341,1.4528218507766724,0,94.36581420898438
833.07,2.018711497418569,1.738596295853527,0.20842105263157892,-0.288205128205128,6.878788341,1.4528218507766724,0,94.36581420898438
833.1700000000001,2.018711497418569,1.738596295853527,0.20842105263157892,-0.288205128205128,6.878788341,1.4528218507766724,0,94.36581420898438
833.1700000000001,2.0126497376168846,1.7363514860299776,0.20842105263157892,-0.43589743589743557,6.878717168,1.4528218507766724,0,94.36581420898438
833.1700000000001,2.0126497376168846,1.7363514860299776,0.20842105263157892,-0.43589743589743557,6.878717168,1.4528218507766724,0,94.36581420898438
833.1700000000001,2.0126497376168846,1.7363514860299776,0.20842105263157892,-0.43589743589743557,6.878717168,1.4528218507766724,0,94.36581420898438
833.1700000000001,2.0126497376168846,1.7363514860299776,0.20842105263157892,-0.43589743589743557,6.878717168,1.4528218507766724,0,94.36581420898438
833.1700000000001,2.0056699228094885,1.7361519097732478,0.20842105263157892,-0.43589743589743557,6.920176931,1.4528218507766724,0,94.36581420898438
833.1700000000001,2.0056699228094885,1.7361519097732478,0.21999999999999997,-0.48717948717948684,6.920176931,1.4528218507766724,0,94.36581420898438
833.1700000000001,2.0056699228094885,1.7361519097732478,0.21999999999999997,-0.48717948717948684,6.920176931,1.4528218507766724,0,94.36581420898438
833.1700000000001,2.0056699228094885,1.7361519097732478,0.21999999999999997,-0.48717948717948684,6.920176931,1.4528218507766724,0,94.36581420898438
833.1700000000001,1.9985616712651704,1.7363018152749365,0.21999999999999997,-0.48717948717948684,6.961710609,1.4528218507766724,0,94.36581420898438
833.1700000000001,1.9985616712651704,1.7363018152749365,0.21999999999999997,-0.48717948717948684,6.961710609,1.4528218507766724,0,94.36581420898438
833.1700000000001,1.9985616712651704,1.7363018152749365,0.21999999999999997,-0.48717948717948684,6.961710609,1.4528218507766724,0,94.36581420898438
833.1700000000001,1.9985616712651704,1.7363018152749365,0.21999999999999997,-0.48717948717948684,6.961710609,1.4528218507766724,0,94.36581420898438
833.2700000000001,1.9910605184518033,1.7365820364180553,0.21999999999999997,-0.48717948717948684,6.961710609,1.4528218507766724,0,94.36581420898438
833.2700000000001,1.9910605184518033,1.7365820364180553,0.21999999999999997,-0.48717948717948684,6.720200561,1.4028218984603882,0,94.36581420898438
833.2700000000001,1.9910605184518033,1.7365820364180553,0.21999999999999997,-0.48717948717948684,6.720200561,1.4028218984603882,0,94.36581420898438
833.2700000000001,1.9910605184518033,1.7365820364180553,0.21999999999999997,-0.3846153846153843,6.720200561,1.4028218984603882,0,94.36581420898438
833.2700000000001,1.9910605184518033,1.7365820364180553,0.21999999999999997,-0.3846153846153843,6.720200561,1.4028218984603882,0,94.36581420898438
833.2700000000001,1.9835627697312719,1.7370092605092065,0.21999999999999997,-0.3846153846153843,6.720200561,1.4028218984603882,0,94.36581420898438
833.2700000000001,1.9835627697312719,1.7370092605092065,0.21999999999999997,-0.3846153846153843,6.71716794,1.4028218984603882,0,94.36581420898438
833.2700000000001,1.9835627697312719,1.7370092605092065,0.21999999999999997,-0.3846153846153843,6.71716794,1.4028218984603882,0,94.36581420898438
833.2700000000001,1.9835627697312719,1.7370092605092065,0.21999999999999997,-0.3846153846153843,6.71716794,1.4028218984603882,0,94.36581420898438
833.2700000000001,1.9760790297120512,1.7375865991596615,0.21999999999999997,-0.3846153846153843,6.713679088,1.4028218984603882,0,94.36581420898438
833.2700000000001,1.9760790297120512,1.7375865991596615,0.21999999999999997,-0.3846153846153843,6.713679088,1.4028218984603882,0,94.36581420898438
833.2700000000001,1.9760790297120512,1.7375865991596615,0.21999999999999997,-0.3846153846153843,6.713679088,1.4028218984603882,0,94.36581420898438
833.37,1.9686101346310396,1.738283810773918,0.21999999999999997,-0.3846153846153843,6.6314659030000005,1.4028218984603882,0,94.36581420898438
833.37,1.9686101346310396,1.738283810773918,0.19684210526315787,-0.28205128205128177,6.6314659030000005,1.4028218984603882,0,94.36581420898438
833.37,1.9686101346310396,1.738283810773918,0.19684210526315787,-0.28205128205128177,6.6314659030000005,1.4028218984603882,0,94.36581420898438
833.37,1.961152261511241,1.7390608100169824,0.19684210526315787,-0.28205128205128177,6.6314659030000005,1.4028218984603882,0,94.36581420898438
833.37,1.961152261511241,1.7390608100169824,0.19684210526315787,-0.28205128205128177,6.552925683,1.4028218984603882,0,94.36581420898438
833.37,1.961152261511241,1.7390608100169824,0.19684210526315787,-0.28205128205128177,6.552925683,1.4028218984603882,0,94.36581420898438
833.37,1.961152261511241,1.7390608100169824,0.19684210526315787,-0.28205128205128177,6.552925683,1.4028218984603882,0,94.36581420898438
833.37,1.954478323847458,1.7398129591002789,0.19684210526315787,-0.28205128205128177,6.550470114,1.4028218984603882,0,94.36581420898438
833.37,1.954478323847458,1.7398129591002789,0.19684210526315787,-0.28205128205128177,6.550470114,1.4028218984603882,0,94.36581420898438
833.37,1.954478323847458,1.7398129591002789,0.19684210526315787,-0.28205128205128177,6.550470114,1.4028218984603882,0,94.36581420898438
833.47,1.954478323847458,1.7398129591002789,0.19684210526315787,-0.28205128205128177,6.550470114,1.4028218984603882,0,94.36581420898438
833.47,1.94781674416479,1.740633256871247,0.21999999999999997,-0.43589743589743557,6.589712381,1.4028218984603882,0,94.36581420898438
833.47,1.94781674416479,1.740633256871247,0.21999999999999997,-0.43589743589743557,6.589712381,1.4028218984603882,0,94.36581420898438
833.47,1.94781674416479,1.740633256871247,0.21999999999999997,-0.43589743589743557,6.589712381,1.4028218984603882,0,94.36581420898438
833.47,1.9411648242934871,1.7415357684206663,0.21999999999999997,-0.43589743589743557,6.391544443,1.3528218269348145,0,94.36581420898438
833.47,1.9411648242934871,1.7415357684206663,0.21999999999999997,-0.43589743589743557,6.391544443,1.3528218269348145,0,94.36581420898438
833.47,1.9411648242934871,1.7415357684206663,0.20842105263157892,-0.3846153846153843,6.391544443,1.3528218269348145,0,94.36581420898438
833.47,1.9337582582425994,1.7426347925501238,0.20842105263157892,-0.3846153846153843,6.353957221,1.3528218269348145,0,94.36581420898438
833.47,1.9337582582425994,1.7426347925501238,0.20842105263157892,-0.3846153846153843,6.353957221,1.3528218269348145,0,94.36581420898438
833.57,1.9337582582425994,1.7426347925501238,0.20842105263157892,-0.3846153846153843,6.353957221,1.3528218269348145,0,94.36581420898438
833.57,1.926737592936015,1.7437787946276775,0.20842105263157892,-0.3846153846153843,6.391979544,1.3528218269348145,0,94.2695541381836
833.57,1.926737592936015,1.7437787946276775,0.20842105263157892,-0.3846153846153843,6.391979544,1.3528218269348145,0,94.2695541381836
833.57,1.926737592936015,1.7437787946276775,0.20842105263157892,-0.3846153846153843,6.391979544,1.3528218269348145,0,94.2695541381836
833.57,1.926737592936015,1.7437787946276775,0.20842105263157892,-0.3846153846153843,6.391979544,1.3528218269348145,0,94.2695541381836
833.57,1.9197379026612524,1.7450345067052497,0.20842105263157892,-0.3846153846153843,6.432611003,1.3528218269348145,0,94.2695541381836
833.57,1.9197379026612524,1.7450345067052497,0.20842105263157892,-0.3846153846153843,6.432611003,1.3528218269348145,0,94.2695541381836
833.57,1.9197379026612524,1.7450345067052497,0.20842105263157892,-0.3846153846153843,6.432611003,1.3528218269348145,0,94.2695541381836
833.57,1.9197379026612524,1.7450345067052497,0.20842105263157892,-0.3846153846153843,6.432611003,1.3528218269348145,0,94.2695541381836
833.57,1.912760251869419,1.7464014208650136,0.20842105263157892,-0.3846153846153843,6.472465342,1.3528218269348145,0,94.2695541381836
833.57,1.912760251869419,1.7464014208650136,0.20842105263157892,-0.3846153846153843,6.472465342,1.3528218269348145,0,94.2695541381836
833.6700000000001,1.912760251869419,1.7464014208650136,0.20842105263157892,-0.3846153846153843,6.472465342,1.3528218269348145,0,94.2695541381836
833.6700000000001,1.9058037987391114,1.7478583750835948,0.19684210526315787,-0.3846153846153843,6.512663175,1.3528218269348145,0,94.2695541381836
833.6700000000001,1.9058037987391114,1.7478583750835948,0.19684210526315787,-0.3846153846153843,6.512663175,1.3528218269348145,0,94.2695541381836
833.6700000000001,1.9058037987391114,1.7478583750835948,0.19684210526315787,-0.3846153846153843,6.512663175,1.3528218269348145,0,94.2695541381836
833.6700000000001,1.9058037987391114,1.7478583750835948,0.19684210526315787,-0.3846153846153843,6.512663175,1.3528218269348145,0,94.2695541381836
833.6700000000001,1.8992479072284516,1.7493108223979275,0.19684210526315787,-0.3846153846153843,6.593213888,1.3528218269348145,0,94.2695541381836
833.6700000000001,1.8992479072284516,1.7493108223979275,0.19684210526315787,-0.3846153846153843,6.593213888,1.3528218269348145,0,94.2695541381836
833.6700000000001,1.8992479072284516,1.7493108223979275,0.19684210526315787,-0.3846153846153843,6.593213888,1.3528218269348145,0,94.2695541381836
833.6700000000001,1.8992479072284516,1.7493108223979275,0.19684210526315787,-0.3846153846153843,6.593213888,1.3528218269348145,0,94.2695541381836
833.6700000000001,1.8992479072284516,1.7493108223979275,0.19684210526315787,-0.3846153846153843,6.593213888,1.3528218269348145,0,94.2695541381836
833.6700000000001,1.8927093691306915,1.7508348361772985,0.19684210526315787,-0.3846153846153843,6.35061167,1.3028218746185303,0,94.2695541381836
833.6700000000001,1.8927093691306915,1.7508348361772985,0.20842105263157892,-0.3846153846153843,6.35061167,1.3028218746185303,0,94.2695541381836
833.7700000000001,1.8927093691306915,1.7508348361772985,0.20842105263157892,-0.3846153846153843,6.35061167,1.3028218746185303,0,94.2695541381836
833.7700000000001,1.886190294924273,1.7524434602078842,0.20842105263157892,-0.3846153846153843,6.35061167,1.3028218746185303,0,94.2695541381836
833.7700000000001,1.886190294924273,1.7524434602078842,0.20842105263157892,-0.3846153846153843,6.349195258,1.3028218746185303,0,94.2695541381836
833.7700000000001,1.886190294924273,1.7524434602078842,0.20842105263157892,-0.3846153846153843,6.349195258,1.3028218746185303,0,94.2695541381836
833.7700000000001,1.886190294924273,1.7524434602078842,0.20842105263157892,-0.3846153846153843,6.349195258,1.3028218746185303,0,94.2695541381836
833.7700000000001,1.886190294924273,1.7524434602078842,0.20842105263157892,-0.3846153846153843,6.349195258,1.3028218746185303,0,94.2695541381836
833.7700000000001,1.8793138857248268,1.7542420882334917,0.20842105263157892,-0.3846153846153843,6.311131648,1.3028218746185303,0,94.2695541381836
833.7700000000001,1.8793138857248268,1.7542420882334917,0.20842105263157892,-0.3846153846153843,6.311131648,1.3028218746185303,0,94.2695541381836
833.7700000000001,1.8724638096997637,1.7561444265611448,0.21999999999999997,-0.43589743589743557,6.311131648,1.3028218746185303,0,94.2695541381836
833.7700000000001,1.8724638096997637,1.7561444265611448,0.21999999999999997,-0.43589743589743557,6.311131648,1.3028218746185303,0,94.2695541381836
833.7700000000001,1.8724638096997637,1.7561444265611448,0.21999999999999997,-0.43589743589743557,6.349419642,1.3028218746185303,0,94.2695541381836
833.87,1.8724638096997637,1.7561444265611448,0.21999999999999997,-0.43589743589743557,6.349419642,1.3028218746185303,0,94.2695541381836
833.87,1.8724638096997637,1.7561444265611448,0.21999999999999997,-0.43589743589743557,6.349419642,1.3028218746185303,0,94.2695541381836
833.87,1.8724638096997637,1.7561444265611448,0.21999999999999997,-0.43589743589743557,6.349419642,1.3028218746185303,0,94.2695541381836
833.87,1.865264376185164,1.7582513986046333,0.21999999999999997,-0.43589743589743557,6.311405737,1.3028218746185303,0,94.2695541381836
833.87,1.865264376185164,1.7582513986046333,0.21999999999999997,-0.43589743589743557,6.311405737,1.3028218746185303,0,94.2695541381836
833.87,1.865264376185164,1.7582513986046333,0.21999999999999997,-0.43589743589743557,6.100789054,1.2593456506729126,0,94.2695541381836
833.87,1.8580932665070202,1.7604586371244402,0.21999999999999997,-0.43589743589743557,6.064548895,1.2593456506729126,0,94.2695541381836
833.87,1.8580932665070202,1.7604586371244402,0.21999999999999997,-0.43589743589743557,6.064548895,1.2593456506729126,0,94.2695541381836
833.87,1.8580932665070202,1.7604586371244402,0.20842105263157892,-0.43589743589743557,6.064548895,1.2593456506729126,0,94.2695541381836
833.87,1.8580932665070202,1.7604586371244402,0.20842105263157892,-0.43589743589743557,6.064548895,1.2593456506729126,0,94.2695541381836
833.87,1.8580932665070202,1.7604586371244402,0.20842105263157892,-0.43589743589743557,6.064548895,1.2593456506729126,0,94.2695541381836
833.87,1.850953823814975,1.7627679969736565,0.20842105263157892,-0.43589743589743557,6.02759397,1.2593456506729126,0,94.2695541381836
833.97,1.850953823814975,1.7627679969736565,0.20842105263157892,-0.43589743589743557,6.02759397,1.2593456506729126,0,94.2695541381836
833.97,1.850953823814975,1.7627679969736565,0.20842105263157892,-0.43589743589743557,6.02759397,1.2593456506729126,0,94.2695541381836
833.97,1.8442181552119665,1.7650620687124108,0.20842105263157892,-0.43589743589743557,6.02759397,1.2593456506729126,0,94.2695541381836
833.97,1.8442181552119665,1.7650620687124108,0.20842105263157892,-0.43589743589743557,5.7878387280000005,1.2093456983566284,0,94.2695541381836
833.97,1.8442181552119665,1.7650620687124108,0.20842105263157892,-0.43589743589743557,5.7878387280000005,1.2093456983566284,0,94.2695541381836
833.97,1.8442181552119665,1.7650620687124108,0.20842105263157892,-0.43589743589743557,5.7878387280000005,1.2093456983566284,0,94.2695541381836
833.97,1.8375210502012906,1.7674606810863318,0.21999999999999997,-0.3846153846153843,5.7525191,1.2093456983566284,0,94.2695541381836
833.97,1.8375210502012906,1.7674606810863318,0.21999999999999997,-0.3846153846153843,5.7525191,1.2093456983566284,0,94.2695541381836
833.97,1.8375210502012906,1.7674606810863318,0.21999999999999997,-0.3846153846153843,5.7525191,1.2093456983566284,0,94.2695541381836
833.97,1.8375210502012906,1.7674606810863318,0.21999999999999997,-0.3846153846153843,5.7525191,1.2093456983566284,0,94.2695541381836
833.97,1.830495868571654,1.7700990903973293,0.21999999999999997,-0.3846153846153843,5.7525191,1.2093456983566284,0,94.2695541381836
833.97,1.830495868571654,1.7700990903973293,0.21999999999999997,-0.3846153846153843,5.682463755,1.2093456983566284,0,94.2695541381836
833.97,1.830495868571654,1.7700990903973293,0.21999999999999997,-0.3846153846153843,5.682463755,1.2093456983566284,0,94.2695541381836
834.07,1.830495868571654,1.7700990903973293,0.21999999999999997,-0.3846153846153843,5.682463755,1.2093456983566284,0,94.2695541381836
834.07,1.830495868571654,1.7700990903973293,0.21999999999999997,-0.3846153846153843,5.682463755,1.2093456983566284,0,94.1626968383789
834.07,1.8235087382391761,1.772838470032592,0.20842105263157892,-0.33333333333333304,5.682463755,1.2093456983566284,0,94.1626968383789
834.07,1.8235087382391761,1.772838470032592,0.20842105263157892,-0.33333333333333304,5.615196743,1.2093456983566284,0,94.1626968383789
834.07,1.8235087382391761,1.772838470032592,0.20842105263157892,-0.33333333333333304,5.615196743,1.2093456983566284,0,94.1626968383789
834.07,1.8235087382391761,1.772838470032592,0.20842105263157892,-0.33333333333333304,5.615196743,1.2093456983566284,0,94.1626968383789
834.07,1.8169206040734625,1.7755130224234128,0.20842105263157892,-0.33333333333333304,5.615585162,1.2093456983566284,0,94.1626968383789
834.07,1.8169206040734625,1.7755130224234128,0.20842105263157892,-0.33333333333333304,5.615585162,1.2093456983566284,0,94.1626968383789
834.07,1.8169206040734625,1.7755130224234128,0.20842105263157892,-0.33333333333333304,5.615585162,1.2093456983566284,0,94.1626968383789
834.07,1.8169206040734625,1.7755130224234128,0.20842105263157892,-0.33333333333333304,5.615585162,1.2093456983566284,0,94.1626968383789
834.07,1.8103646598591137,1.7782539070206935,0.20842105263157892,-0.33333333333333304,5.615585162,1.2093456983566284,0,94.1626968383789
834.07,1.8103646598591137,1.7782539070206935,0.20842105263157892,-0.33333333333333304,5.615673169,1.2093456983566284,0,94.1626968383789
834.1700000000001,1.8103646598591137,1.7782539070206935,0.21999999999999997,-0.3846153846153843,5.615673169,1.2093456983566284,0,94.1626968383789
834.1700000000001,1.8103646598591137,1.7782539070206935,0.21999999999999997,-0.3846153846153843,5.615673169,1.2093456983566284,0,94.1626968383789
834.1700000000001,1.8103646598591137,1.7782539070206935,0.21999999999999997,-0.3846153846153843,5.615673169,1.2093456983566284,0,94.1626968383789
834.1700000000001,1.8103646598591137,1.7782539070206935,0.21999999999999997,-0.3846153846153843,5.615673169,1.2093456983566284,0,94.1626968383789
834.1700000000001,1.802699417255178,1.7794160477773846,0.21999999999999997,-0.3846153846153843,5.648510805,1.2093456983566284,0,94.1626968383789
834.1700000000001,1.802699417255178,1.7794160477773846,0.21999999999999997,-0.3846153846153843,5.648510805,1.2093456983566284,0,94.1626968383789
834.1700000000001,1.802699417255178,1.7794160477773846,0.21999999999999997,-0.3846153846153843,5.648510805,1.2093456983566284,0,94.1626968383789
834.1700000000001,1.7925542235448362,1.777682708833359,0.21999999999999997,-0.3846153846153843,5.360183237,1.1475422382354736,0,94.1626968383789
834.1700000000001,1.7925542235448362,1.777682708833359,0.21999999999999997,-0.3846153846153843,5.360183237,1.1475422382354736,0,94.1626968383789
834.1700000000001,1.7925542235448362,1.777682708833359,0.21999999999999997,-0.3846153846153843,5.360183237,1.1475422382354736,0,94.1626968383789
834.1700000000001,1.7925542235448362,1.777682708833359,0.21999999999999997,-0.3846153846153843,5.360183237,1.1475422382354736,0,94.1626968383789
834.1700000000001,1.782356501321338,1.7759084283727595,0.21999999999999997,-0.28205128205128177,5.359145091,1.1475422382354736,0,94.1626968383789
834.2700000000001,1.782356501321338,1.7759084283727595,0.21999999999999997,-0.28205128205128177,5.359145091,1.1475422382354736,0,94.1626968383789
834.2700000000001,1.782356501321338,1.7759084283727595,0.21999999999999997,-0.28205128205128177,5.359145091,1.1475422382354736,0,94.1626968383789
834.2700000000001,1.782356501321338,1.7759084283727595,0.21999999999999997,-0.28205128205128177,5.359145091,1.1475422382354736,0,94.1626968383789
834.2700000000001,1.782356501321338,1.7759084283727595,0.21999999999999997,-0.28205128205128177,5.359145091,1.1475422382354736,0,94.1626968383789
834.2700000000001,1.7721153224869681,1.7740946264499313,0.21999999999999997,-0.28205128205128177,5.3294011470000004,1.1475422382354736,0,94.1626968383789
834.2700000000001,1.7721153224869681,1.7740946264499313,0.21999999999999997,-0.28205128205128177,5.3294011470000004,1.1475422382354736,0,94.1626968383789
834.2700000000001,1.7721153224869681,1.7740946264499313,0.21999999999999997,-0.28205128205128177,5.3294011470000004,1.1475422382354736,0,94.1626968383789
834.2700000000001,1.761828918892447,1.7722314561859343,0.21999999999999997,-0.28205128205128177,5.297936452,1.1475422382354736,0,94.1626968383789
834.2700000000001,1.761828918892447,1.7722314561859343,0.21999999999999997,-0.28205128205128177,5.297936452,1.1475422382354736,0,94.1626968383789
834.2700000000001,1.7514876702294953,1.7703029053258823,0.21999999999999997,-0.28205128205128177,5.297936452,1.1475422382354736,0,94.1626968383789
834.2700000000001,1.7514876702294953,1.7703029053258823,0.21999999999999997,-0.28205128205128177,5.300530947,1.1475422382354736,0,94.1626968383789
834.2700000000001,1.7514876702294953,1.7703029053258823,0.21999999999999997,-0.28205128205128177,5.300530947,1.1475422382354736,0,94.1626968383789
834.37,1.7514876702294953,1.7703029053258823,0.21999999999999997,-0.28205128205128177,5.300530947,1.1475422382354736,0,94.1626968383789
834.37,1.7514876702294953,1.7703029053258823,0.21999999999999997,-0.28205128205128177,5.300530947,1.1475422382354736,0,94.1626968383789
834.37,1.7514876702294953,1.7703029053258823,0.19684210526315787,-0.2307692307692305,5.300530947,1.1475422382354736,0,94.1626968383789
834.37,1.7427999587224174,1.7707540053012991,0.19684210526315787,-0.2307692307692305,5.3001291550000005,1.1475422382354736,0,94.1626968383789
834.37,1.7427999587224174,1.7707540053012991,0.19684210526315787,-0.2307692307692305,5.3001291550000005,1.1475422382354736,0,94.1626968383789
834.37,1.7427999587224174,1.7707540053012991,0.19684210526315787,-0.2307692307692305,5.3001291550000005,1.1475422382354736,0,94.1626968383789
834.37,1.7367477071949446,1.7736605697462178,0.19684210526315787,-0.2307692307692305,5.330837823,1.1475422382354736,0,94.1626968383789
834.37,1.7367477071949446,1.7736605697462178,0.19684210526315787,-0.2307692307692305,5.330837823,1.1475422382354736,0,94.1626968383789
834.37,1.7367477071949446,1.7736605697462178,0.19684210526315787,-0.2307692307692305,5.330837823,1.1475422382354736,0,94.1626968383789
834.37,1.7307251087797544,1.776619873024735,0.19684210526315787,-0.2307692307692305,5.129277073,1.0975422859191895,0,94.1626968383789
834.47,1.7307251087797544,1.776619873024735,0.19684210526315787,-0.2307692307692305,5.129277073,1.0975422859191895,0,94.1626968383789
834.47,1.7307251087797544,1.776619873024735,0.19684210526315787,-0.2307692307692305,5.129277073,1.0975422859191895,0,94.1626968383789
834.47,1.7307251087797544,1.776619873024735,0.19684210526315787,-0.2307692307692305,5.129277073,1.0975422859191895,0,94.1626968383789
834.47,1.7307251087797544,1.776619873024735,0.19684210526315787,-0.2307692307692305,5.129277073,1.0975422859191895,0,94.1626968383789
834.47,1.7247370869403058,1.7796494587991958,0.19684210526315787,-0.2307692307692305,5.16038066,1.0975422859191895,0,94.1626968383789
834.47,1.7247370869403058,1.7796494587991958,0.19684210526315787,-0.2307692307692305,5.16038066,1.0975422859191895,0,94.1626968383789
834.47,1.7247370869403058,1.7796494587991958,0.19684210526315787,-0.2307692307692305,5.16038066,1.0975422859191895,0,94.1626968383789
834.47,1.7247370869403058,1.7796494587991958,0.21999999999999997,-0.33333333333333304,5.16038066,1.0975422859191895,0,94.1626968383789
834.47,1.7247370869403058,1.7796494587991958,0.21999999999999997,-0.33333333333333304,5.16038066,1.0975422859191895,0,94.1626968383789
834.47,1.7187844129923062,1.7827424280793414,0.21999999999999997,-0.33333333333333304,5.222814868,1.0975422859191895,0,94.1626968383789
834.47,1.7187844129923062,1.7827424280793414,0.21999999999999997,-0.33333333333333304,5.222814868,1.0975422859191895,0,94.1626968383789
834.47,1.7187844129923062,1.7827424280793414,0.21999999999999997,-0.33333333333333304,5.222814868,1.0975422859191895,0,94.1626968383789
834.47,1.7187844129923062,1.7827424280793414,0.21999999999999997,-0.33333333333333304,5.222814868,1.0975422859191895,0,94.1626968383789
834.47,1.7187844129923062,1.7827424280793414,0.21999999999999997,-0.33333333333333304,5.222814868,1.0975422859191895,0,94.1626968383789
834.47,1.7121584864466286,1.7862450300079515,0.21999999999999997,-0.33333333333333304,5.222814868,1.0975422859191895,0,94.1626968383789
834.57,1.7121584864466286,1.7862450300079515,0.21999999999999997,-0.33333333333333304,5.22547149,1.0975422859191895,0,94.1626968383789
834.57,1.7121584864466286,1.7862450300079515,0.21999999999999997,-0.2307692307692305,5.22547149,1.0975422859191895,0,94.04326629638672
834.57,1.7121584864466286,1.7862450300079515,0.21999999999999997,-0.2307692307692305,5.22547149,1.0975422859191895,0,94.04326629638672
834.57,1.7121584864466286,1.7862450300079515,0.21999999999999997,-0.2307692307692305,5.22547149,1.0975422859191895,0,94.04326629638672
834.57,1.7121584864466286,1.7862450300079515,0.21999999999999997,-0.2307692307692305,5.22547149,1.0975422859191895,0,94.04326629638672
834.57,1.7055623697997808,1.7898129521650312,0.21999999999999997,-0.2307692307692305,5.223111858,1.0975422859191895,0,94.04326629638672
834.57,1.7055623697997808,1.7898129521650312,0.21999999999999997,-0.2307692307692305,5.223111858,1.0975422859191895,0,94.04326629638672
834.57,1.7055623697997808,1.7898129521650312,0.21999999999999997,-0.17948717948717924,5.223111858,1.0975422859191895,0,94.04326629638672
834.57,1.6990102103151297,1.793460007124223,0.21999999999999997,-0.17948717948717924,5.224320006,1.0975422859191895,0,94.04326629638672
834.57,1.6990102103151297,1.793460007124223,0.21999999999999997,-0.17948717948717924,5.224320006,1.0975422859191895,0,94.04326629638672
834.57,1.6990102103151297,1.793460007124223,0.21999999999999997,-0.17948717948717924,5.224320006,1.0975422859191895,0,94.04326629638672
834.6700000000001,1.692506747513696,1.7971881545134738,0.21999999999999997,-0.17948717948717924,5.224264078,1.0975422859191895,0,94.04326629638672
834.6700000000001,1.692506747513696,1.7971881545134738,0.21999999999999997,-0.17948717948717924,5.224264078,1.0975422859191895,0,94.04326629638672
834.6700000000001,1.692506747513696,1.7971881545134738,0.21999999999999997,-0.17948717948717924,5.224264078,1.0975422859191895,0,94.04326629638672
834.6700000000001,1.692506747513696,1.7971881545134738,0.21999999999999997,-0.17948717948717924,5.224264078,1.0975422859191895,0,94.04326629638672
834.6700000000001,1.6860398831171108,1.800967546768264,0.21999999999999997,-0.17948717948717924,5.227394442,1.0975422859191895,0,94.04326629638672
834.6700000000001,1.6860398831171108,1.800967546768264,0.21999999999999997,-0.17948717948717924,5.227394442,1.0975422859191895,0,94.04326629638672
834.6700000000001,1.6860398831171108,1.800967546768264,0.21999999999999997,-0.17948717948717924,5.227394442,1.0975422859191895,0,94.04326629638672
834.6700000000001,1.6860398831171108,1.800967546768264,0.21999999999999997,-0.17948717948717924,5.227394442,1.0975422859191895,0,94.04326629638672
834.6700000000001,1.679589949444494,1.8047689594833751,0.21999999999999997,-0.17948717948717924,4.873948895,1.0357388257980347,0,94.04326629638672
834.6700000000001,1.679589949444494,1.8047689594833751,0.21999999999999997,-0.17948717948717924,4.873948895,1.0357388257980347,0,94.04326629638672
834.6700000000001,1.679589949444494,1.8047689594833751,0.20842105263157892,-0.17948717948717924,4.873948895,1.0357388257980347,0,94.04326629638672
834.7700000000001,1.6731460916693535,1.8085824142576654,0.20842105263157892,-0.17948717948717924,4.954046573,1.0527600049972534,0,94.04326629638672
834.7700000000001,1.6731460916693535,1.8085824142576654,0.20842105263157892,-0.17948717948717924,4.954046573,1.0527600049972534,0,94.04326629638672
834.7700000000001,1.6731460916693535,1.8085824142576654,0.20842105263157892,-0.17948717948717924,4.896688837,1.0527600049972534,0,94.04326629638672
834.7700000000001,1.6731460916693535,1.8085824142576654,0.20842105263157892,-0.17948717948717924,4.896688837,1.0527600049972534,0,94.04326629638672
834.7700000000001,1.6731460916693535,1.8085824142576654,0.20842105263157892,-0.17948717948717924,4.896688837,1.0527600049972534,0,94.04326629638672
834.7700000000001,1.6659633572982095,1.8106982741498423,0.20842105263157892,-0.17948717948717924,4.867017564,1.0527600049972534,0,94.04326629638672
834.7700000000001,1.6659633572982095,1.8106982741498423,0.20842105263157892,-0.17948717948717924,4.867017564,1.0527600049972534,0,94.04326629638672
834.7700000000001,1.6659633572982095,1.8106982741498423,0.20842105263157892,-0.17948717948717924,4.867017564,1.0527600049972534,0,94.04326629638672
834.7700000000001,1.6659633572982095,1.8106982741498423,0.20842105263157892,-0.17948717948717924,4.867017564,1.0527600049972534,0,94.04326629638672
834.7700000000001,1.6659633572982095,1.8106982741498423,0.20842105263157892,-0.17948717948717924,4.867017564,1.0527600049972534,0,94.04326629638672
834.7700000000001,1.658480974769664,1.8124005934239793,0.21999999999999997,-0.02564102564102541,4.837279409,1.0527600049972534,0,94.04326629638672
834.7700000000001,1.658480974769664,1.8124005934239793,0.21999999999999997,-0.02564102564102541,4.837279409,1.0527600049972534,0,94.04326629638672
834.7700000000001,1.658480974769664,1.8124005934239793,0.21999999999999997,-0.02564102564102541,4.837279409,1.0527600049972534,0,94.04326629638672
834.7700000000001,1.658480974769664,1.8124005934239793,0.21999999999999997,-0.02564102564102541,4.837279409,1.0527600049972534,0,94.04326629638672
834.87,1.6507163450995275,1.8143859555499833,0.21999999999999997,-0.02564102564102541,4.837279409,1.0527600049972534,0,94.04326629638672
834.87,1.6507163450995275,1.8143859555499833,0.21999999999999997,-0.02564102564102541,4.840274367,1.0527600049972534,0,94.04326629638672
834.87,1.6507163450995275,1.8143859555499833,0.21999999999999997,-0.02564102564102541,4.840274367,1.0527600049972534,0,94.04326629638672
834.87,1.6507163450995275,1.8143859555499833,0.21999999999999997,-0.02564102564102541,4.840274367,1.0527600049972534,0,94.04326629638672
834.87,1.6430092717592455,1.816410435959189,0.21999999999999997,-0.02564102564102541,4.844654881,1.0527600049972534,0,94.04326629638672
834.87,1.6430092717592455,1.816410435959189,0.21999999999999997,-0.02564102564102541,4.844654881,1.0527600049972534,0,94.04326629638672
834.87,1.6430092717592455,1.816410435959189,0.19684210526315787,-0.07692307692307669,4.844654881,1.0527600049972534,0,94.04326629638672
834.87,1.6352851009562943,1.8184051673148194,0.19684210526315787,-0.07692307692307669,4.519254188,0.9820493459701538,0,94.04326629638672
834.87,1.6352851009562943,1.8184051673148194,0.19684210526315787,-0.07692307692307669,4.5135976840000005,0.9820493459701538,0,94.04326629638672
834.87,1.6352851009562943,1.8184051673148194,0.19684210526315787,-0.07692307692307669,4.5135976840000005,0.9820493459701538,0,94.04326629638672
834.87,1.6352851009562943,1.8184051673148194,0.19684210526315787,-0.07692307692307669,4.5135976840000005,0.9820493459701538,0,94.04326629638672
834.87,1.6352851009562943,1.8184051673148194,0.19684210526315787,-0.07692307692307669,4.5135976840000005,0.9820493459701538,0,94.04326629638672
834.97,1.6281087940374348,1.8199432981478854,0.19684210526315787,-0.07692307692307669,4.5135976840000005,0.9820493459701538,0,94.04326629638672
834.97,1.6281087940374348,1.8199432981478854,0.19684210526315787,-0.07692307692307669,4.578052195,0.9820493459701538,0,94.04326629638672
834.97,1.6281087940374348,1.8199432981478854,0.19684210526315787,-0.07692307692307669,4.578052195,0.9820493459701538,0,94.04326629638672
834.97,1.6281087940374348,1.8199432981478854,0.19684210526315787,-0.07692307692307669,4.578052195,0.9820493459701538,0,94.04326629638672
834.97,1.6221756815242578,1.823166523665986,0.19684210526315787,-0.07692307692307669,4.646254251,0.9820493459701538,0,94.04326629638672
834.97,1.6221756815242578,1.823166523665986,0.21999999999999997,-0.17948717948717924,4.646254251,0.9820493459701538,0,94.04326629638672
834.97,1.6221756815242578,1.823166523665986,0.21999999999999997,-0.17948717948717924,4.646254251,0.9820493459701538,0,94.04326629638672
834.97,1.6221756815242578,1.823166523665986,0.21999999999999997,-0.17948717948717924,4.646254251,0.9820493459701538,0,94.04326629638672
834.97,1.6164762181769587,1.8267010179200251,0.21999999999999997,-0.17948717948717924,4.708777879,0.9820493459701538,0,94.04326629638672
834.97,1.6164762181769587,1.8267010179200251,0.21999999999999997,-0.17948717948717924,4.708777879,0.9820493459701538,0,94.04326629638672
834.97,1.6164762181769587,1.8267010179200251,0.21999999999999997,-0.17948717948717924,4.708777879,0.9820493459701538,0,94.04326629638672
835.07,1.6101729255821977,1.8306926136116985,0.21999999999999997,-0.17948717948717924,4.7107150650000005,0.9820493459701538,0,93.93938446044922
835.07,1.6101729255821977,1.8306926136116985,0.21999999999999997,-0.17948717948717924,4.7107150650000005,0.9820493459701538,0,93.93938446044922
835.07,1.6101729255821977,1.8306926136116985,0.21999999999999997,-0.17948717948717924,4.7107150650000005,0.9820493459701538,0,93.93938446044922
835.07,1.6101729255821977,1.8306926136116985,0.21999999999999997,-0.07692307692307669,4.7107150650000005,0.9820493459701538,0,93.93938446044922
835.07,1.6039470813639314,1.834730918524048,0.21999999999999997,-0.07692307692307669,4.678617595,0.9820493459701538,0,93.93938446044922
835.07,1.6039470813639314,1.834730918524048,0.21999999999999997,-0.07692307692307669,4.678617595,0.9820493459701538,0,93.93938446044922
835.07,1.6039470813639314,1.834730918524048,0.21999999999999997,-0.07692307692307669,4.678617595,0.9820493459701538,0,93.93938446044922
835.07,1.6039470813639314,1.834730918524048,0.21999999999999997,-0.07692307692307669,4.678617595,0.9820493459701538,0,93.93938446044922
835.07,1.5977661113909285,1.838832757794352,0.21999999999999997,-0.02564102564102541,4.40023582,0.9320493340492249,0,93.93938446044922
835.07,1.5977661113909285,1.838832757794352,0.21999999999999997,-0.02564102564102541,4.40023582,0.9320493340492249,0,93.93938446044922
835.07,1.5977661113909285,1.838832757794352,0.21999999999999997,-0.02564102564102541,4.40023582,0.9320493340492249,0,93.93938446044922
835.1700000000001,1.5977661113909285,1.838832757794352,0.21999999999999997,-0.02564102564102541,4.40023582,0.9320493340492249,0,93.93938446044922
835.1700000000001,1.591576271319768,1.8429649386854738,0.21999999999999997,-0.02564102564102541,4.387177458,0.9320493340492249,0,93.93938446044922
835.1700000000001,1.591576271319768,1.8429649386854738,0.21999999999999997,-0.02564102564102541,4.387177458,0.9320493340492249,0,93.93938446044922
835.1700000000001,1.591576271319768,1.8429649386854738,0.21999999999999997,-0.02564102564102541,4.387177458,0.9320493340492249,0,93.93938446044922
835.1700000000001,1.5853316376252968,1.8471188243233798,0.21999999999999997,-0.02564102564102541,4.382185676,0.9320493340492249,0,93.93938446044922
835.1700000000001,1.5853316376252968,1.8471188243233798,0.21999999999999997,-0.02564102564102541,4.382185676,0.9320493340492249,0,93.93938446044922
835.1700000000001,1.5853316376252968,1.8471188243233798,0.21999999999999997,-0.02564102564102541,4.382185676,0.9320493340492249,0,93.93938446044922
835.1700000000001,1.5853316376252968,1.8471188243233798,0.21999999999999997,-0.02564102564102541,4.382185676,0.9320493340492249,0,93.93938446044922
835.1700000000001,1.5790802964704242,1.851256163214652,0.21999999999999997,-0.02564102564102541,4.390350722,0.9320493340492249,0,93.93938446044922
835.1700000000001,1.5790802964704242,1.851256163214652,0.21999999999999997,-0.02564102564102541,4.390350722,0.9320493340492249,0,93.93938446044922
835.2700000000001,1.5790802964704242,1.851256163214652,0.21999999999999997,-0.02564102564102541,4.390350722,0.9320493340492249,0,93.93938446044922
835.2700000000001,1.5728370102723657,1.8553639739116328,0.21999999999999997,-0.02564102564102541,4.32692069,0.9320493340492249,0,93.93938446044922
835.2700000000001,1.5728370102723657,1.8553639739116328,0.21999999999999997,-0.02564102564102541,4.32692069,0.9320493340492249,0,93.93938446044922
835.2700000000001,1.5728370102723657,1.8553639739116328,0.21999999999999997,-0.02564102564102541,4.32692069,0.9320493340492249,0,93.93938446044922
835.2700000000001,1.5665914527394214,1.8594888126920652,0.21999999999999997,-0.02564102564102541,4.32692069,0.9320493340492249,0,93.93938446044922
835.2700000000001,1.5665914527394214,1.8594888126920652,0.21999999999999997,-0.02564102564102541,4.263872475,0.9320493340492249,0,93.93938446044922
835.2700000000001,1.5665914527394214,1.8594888126920652,0.21999999999999997,-0.02564102564102541,4.263872475,0.9320493340492249,0,93.93938446044922
835.2700000000001,1.5603588362841756,1.8636306640467053,0.21999999999999997,-0.02564102564102541,4.211441856,0.9320493340492249,0,93.93938446044922
835.2700000000001,1.5603588362841756,1.8636306640467053,0.21999999999999997,-0.02564102564102541,4.211441856,0.9320493340492249,0,93.93938446044922
835.2700000000001,1.5603588362841756,1.8636306640467053,0.21999999999999997,-0.02564102564102541,4.211441856,0.9320493340492249,0,93.93938446044922
835.2700000000001,1.5603588362841756,1.8636306640467053,0.21999999999999997,-0.02564102564102541,4.211441856,0.9320493340492249,0,93.93938446044922
835.37,1.5603588362841756,1.8636306640467053,0.21999999999999997,-0.02564102564102541,4.211441856,0.9320493340492249,0,93.93938446044922
835.37,1.5603588362841756,1.8636306640467053,0.19684210526315787,0.02564102564102587,4.211441856,0.9320493340492249,0,93.93938446044922
835.37,1.5541419532367913,1.8677952136958544,0.19684210526315787,0.02564102564102587,4.20922466,0.9320493340492249,0,93.93938446044922
835.37,1.5541419532367913,1.8677952136958544,0.19684210526315787,0.02564102564102587,4.20922466,0.9320493340492249,0,93.93938446044922
835.37,1.5541419532367913,1.8677952136958544,0.19684210526315787,0.02564102564102587,4.20922466,0.9320493340492249,0,93.93938446044922
835.37,1.548580303055363,1.8715307018335687,0.19684210526315787,0.02564102564102587,4.261990724,0.9320493340492249,0,93.93938446044922
835.37,1.548580303055363,1.8715307018335687,0.19684210526315787,0.02564102564102587,4.261990724,0.9320493340492249,0,93.93938446044922
835.37,1.548580303055363,1.8715307018335687,0.19684210526315787,0.02564102564102587,4.261990724,0.9320493340492249,0,93.93938446044922
835.37,1.548580303055363,1.8715307018335687,0.19684210526315787,0.02564102564102587,4.261990724,0.9320493340492249,0,93.93938446044922
835.37,1.5430290802612128,1.8752692341921284,0.19684210526315787,0.02564102564102587,3.9983163680000002,0.8613386750221252,0,93.93938446044922
835.37,1.5430290802612128,1.8752692341921284,0.19684210526315787,0.02564102564102587,3.9983163680000002,0.8613386750221252,0,93.93938446044922
835.47,1.5430290802612128,1.8752692341921284,0.21999999999999997,0.07692307692307715,3.9983163680000002,0.8613386750221252,0,93.93938446044922
835.47,1.5430290802612128,1.8752692341921284,0.21999999999999997,0.07692307692307715,3.9983163680000002,0.8613386750221252,0,93.93938446044922
835.47,1.5374770980916799,1.8790080839127978,0.21999999999999997,0.07692307692307715,4.056606838,0.8613386750221252,0,93.93938446044922
835.47,1.5374770980916799,1.8790080839127978,0.21999999999999997,0.07692307692307715,4.056606838,0.8613386750221252,0,93.93938446044922
835.47,1.5374770980916799,1.8790080839127978,0.21999999999999997,0.07692307692307715,4.056606838,0.8613386750221252,0,93.93938446044922
835.47,1.5312783268636385,1.8831818417042883,0.21999999999999997,0.0,4.059818464,0.8613386750221252,0,93.93938446044922
835.47,1.5312783268636385,1.8831818417042883,0.21999999999999997,0.0,4.059818464,0.8613386750221252,0,93.93938446044922
835.47,1.5312783268636385,1.8831818417042883,0.21999999999999997,0.0,4.059818464,0.8613386750221252,0,93.93938446044922
835.47,1.5312783268636385,1.8831818417042883,0.21999999999999997,0.0,4.059818464,0.8613386750221252,0,93.93938446044922
835.47,1.5250654908965073,1.8873377833488987,0.21999999999999997,0.0,4.058587105,0.8613386750221252,0,93.93938446044922
835.47,1.5250654908965073,1.8873377833488987,0.21999999999999997,0.0,4.058587105,0.8613386750221252,0,93.93938446044922
835.47,1.5250654908965073,1.8873377833488987,0.21999999999999997,0.0,4.058587105,0.8613386750221252,0,93.93938446044922
835.47,1.5250654908965073,1.8873377833488987,0.21999999999999997,0.0,4.058587105,0.8613386750221252,0,93.93938446044922
835.57,1.5250654908965073,1.8873377833488987,0.21999999999999997,0.0,4.058587105,0.8613386750221252,0,93.93938446044922
835.57,1.5250654908965073,1.8873377833488987,0.21999999999999997,0.0,4.058587105,0.8613386750221252,0,93.8296890258789
835.57,1.5250654908965073,1.8873377833488987,0.21999999999999997,0.0,4.058587105,0.8613386750221252,0,93.8296890258789
835.57,1.5184236811946157,1.8913573385165428,0.21999999999999997,0.0,4.058527308,0.8613386750221252,0,93.8296890258789
835.57,1.5184236811946157,1.8913573385165428,0.21999999999999997,0.0,4.058527308,0.8613386750221252,0,93.8296890258789
835.57,1.5184236811946157,1.8913573385165428,0.21999999999999997,0.0,4.058527308,0.8613386750221252,0,93.8296890258789
835.57,1.5184236811946157,1.8913573385165428,0.21999999999999997,0.0,4.058527308,0.8613386750221252,0,93.8296890258789
835.57,1.5098294672642611,1.8948015639471019,0.20842105263157892,0.0,4.058965998,0.8613386750221252,0,93.8296890258789
835.57,1.5098294672642611,1.8948015639471019,0.20842105263157892,0.0,4.058965998,0.8613386750221252,0,93.8296890258789
835.57,1.5098294672642611,1.8948015639471019,0.20842105263157892,0.0,4.058965998,0.8613386750221252,0,93.8296890258789
835.57,1.501243062721898,1.8982612042008447,0.20842105263157892,0.0,4.058965998,0.8613386750221252,0,93.8296890258789
835.57,1.501243062721898,1.8982612042008447,0.20842105263157892,0.0,4.058824377,0.8613386750221252,0,93.8296890258789
835.57,1.501243062721898,1.8982612042008447,0.20842105263157892,0.0,4.058824377,0.8613386750221252,0,93.8296890258789
835.6700000000001,1.501243062721898,1.8982612042008447,0.20842105263157892,0.0,4.058824377,0.8613386750221252,0,93.8296890258789
835.6700000000001,1.501243062721898,1.8982612042008447,0.20842105263157892,0.0,4.058824377,0.8613386750221252,0,93.8296890258789
835.6700000000001,1.4929951190564754,1.9015196863116512,0.20842105263157892,0.0,3.846908396,0.8113386631011963,0,93.8296890258789
835.6700000000001,1.4929951190564754,1.9015196863116512,0.20842105263157892,0.0,3.846908396,0.8113386631011963,0,93.8296890258789
835.6700000000001,1.4929951190564754,1.9015196863116512,0.21999999999999997,0.07692307692307715,3.846908396,0.8113386631011963,0,93.8296890258789
835.6700000000001,1.4929951190564754,1.9015196863116512,0.21999999999999997,0.07692307692307715,3.846908396,0.8113386631011963,0,93.8296890258789
835.6700000000001,1.4847529227521878,1.9047820686570351,0.21999999999999997,0.07692307692307715,3.824719837,0.8113386631011963,0,93.8296890258789
835.6700000000001,1.4847529227521878,1.9047820686570351,0.21999999999999997,0.07692307692307715,3.824719837,0.8113386631011963,0,93.8296890258789
835.6700000000001,1.4847529227521878,1.9047820686570351,0.21999999999999997,0.07692307692307715,3.824719837,0.8113386631011963,0,93.8296890258789
835.6700000000001,1.4761843566847987,1.9082503903592374,0.21999999999999997,0.07692307692307715,3.780558848,0.8113386631011963,0,93.8296890258789
835.6700000000001,1.4761843566847987,1.9082503903592374,0.21999999999999997,0.07692307692307715,3.780558848,0.8113386631011963,0,93.8296890258789
835.7700000000001,1.4761843566847987,1.9082503903592374,0.21999999999999997,0.07692307692307715,3.780558848,0.8113386631011963,0,93.8296890258789
835.7700000000001,1.4761843566847987,1.9082503903592374,0.21999999999999997,0.07692307692307715,3.780558848,0.8113386631011963,0,93.8296890258789
835.7700000000001,1.4683604797468552,1.9119150243169956,0.21999999999999997,0.07692307692307715,3.735845845,0.8113386631011963,0,93.8296890258789
835.7700000000001,1.4683604797468552,1.9119150243169956,0.21999999999999997,0.12820512820512842,3.735845845,0.8113386631011963,0,93.8296890258789
835.7700000000001,1.4683604797468552,1.9119150243169956,0.21999999999999997,0.12820512820512842,3.735845845,0.8113386631011963,0,93.8296890258789
835.7700000000001,1.4683604797468552,1.9119150243169956,0.21999999999999997,0.12820512820512842,3.735845845,0.8113386631011963,0,93.8296890258789
835.7700000000001,1.4621087848631678,1.9160101489984025,0.21999999999999997,0.12820512820512842,3.7357187400000003,0.8113386631011963,0,93.8296890258789
835.7700000000001,1.4621087848631678,1.9160101489984025,0.21999999999999997,0.12820512820512842,3.7357187400000003,0.8113386631011963,0,93.8296890258789
835.7700000000001,1.4621087848631678,1.9160101489984025,0.21999999999999997,0.12820512820512842,3.7357187400000003,0.8113386631011963,0,93.8296890258789
835.7700000000001,1.4621087848631678,1.9160101489984025,0.21999999999999997,0.12820512820512842,3.7357187400000003,0.8113386631011963,0,93.8296890258789
835.7700000000001,1.4621087848631678,1.9160101489984025,0.21999999999999997,0.12820512820512842,3.7357187400000003,0.8113386631011963,0,93.8296890258789
835.7700000000001,1.455839264972741,1.9200773191084035,0.21999999999999997,0.12820512820512842,3.735041084,0.8113386631011963,0,93.8296890258789
835.87,1.455839264972741,1.9200773191084035,0.21999999999999997,0.12820512820512842,3.735041084,0.8113386631011963,0,93.8296890258789
835.87,1.455839264972741,1.9200773191084035,0.20842105263157892,0.12820512820512842,3.735041084,0.8113386631011963,0,93.8296890258789
835.87,1.4495590480770997,1.9241308249638107,0.20842105263157892,0.12820512820512842,3.7362862039999998,0.8113386631011963,0,93.8296890258789
835.87,1.4495590480770997,1.9241308249638107,0.20842105263157892,0.12820512820512842,3.7362862039999998,0.8113386631011963,0,93.8296890258789
835.87,1.4495590480770997,1.9241308249638107,0.20842105263157892,0.12820512820512842,3.7362862039999998,0.8113386631011963,0,93.8296890258789
835.87,1.4495590480770997,1.9241308249638107,0.20842105263157892,0.12820512820512842,3.7362862039999998,0.8113386631011963,0,93.8296890258789
835.87,1.4495590480770997,1.9241308249638107,0.20842105263157892,0.12820512820512842,3.7362862039999998,0.8113386631011963,0,93.8296890258789
835.87,1.443599388322654,1.9279537956677697,0.20842105263157892,0.12820512820512842,3.431122509,0.7406279444694519,0,93.8296890258789
835.87,1.443599388322654,1.9279537956677697,0.20842105263157892,0.12820512820512842,3.431122509,0.7406279444694519,0,93.8296890258789
835.87,1.443599388322654,1.9279537956677697,0.20842105263157892,0.12820512820512842,3.431122509,0.7406279444694519,0,93.8296890258789
835.87,1.4376233666795792,1.9317460229752486,0.20842105263157892,0.12820512820512842,3.431122509,0.7406279444694519,0,93.8296890258789
835.97,1.4376233666795792,1.9317460229752486,0.21999999999999997,0.12820512820512842,3.4515731880000002,0.7406279444694519,0,93.8296890258789
835.97,1.4376233666795792,1.9317460229752486,0.21999999999999997,0.12820512820512842,3.4515731880000002,0.7406279444694519,0,93.8296890258789
835.97,1.4376233666795792,1.9317460229752486,0.21999999999999997,0.12820512820512842,3.4515731880000002,0.7406279444694519,0,93.8296890258789
835.97,1.4376233666795792,1.9317460229752486,0.21999999999999997,0.12820512820512842,3.4515731880000002,0.7406279444694519,0,93.8296890258789
835.97,1.4316254479106452,1.9355007352216924,0.21999999999999997,0.12820512820512842,3.452050203,0.7406279444694519,0,93.8296890258789
835.97,1.4316254479106452,1.9355007352216924,0.21999999999999997,0.12820512820512842,3.452050203,0.7406279444694519,0,93.8296890258789
835.97,1.4316254479106452,1.9355007352216924,0.21999999999999997,0.12820512820512842,3.452050203,0.7406279444694519,0,93.8296890258789
835.97,1.4252714363129118,1.9394246461329974,0.21999999999999997,0.12820512820512842,3.432227713,0.7406279444694519,0,93.8296890258789
835.97,1.4252714363129118,1.9394246461329974,0.21999999999999997,0.12820512820512842,3.432227713,0.7406279444694519,0,93.8296890258789
835.97,1.4252714363129118,1.9394246461329974,0.21999999999999997,0.12820512820512842,3.432227713,0.7406279444694519,0,93.8296890258789
835.97,1.4252714363129118,1.9394246461329974,0.20842105263157892,0.12820512820512842,3.432227713,0.7406279444694519,0,93.8296890258789
836.07,1.418895384755819,1.9433180659700167,0.20842105263157892,0.12820512820512842,3.431550141,0.7406279444694519,0,93.8296890258789
836.07,1.418895384755819,1.9433180659700167,0.20842105263157892,0.12820512820512842,3.431550141,0.7406279444694519,0,93.70966339111328
836.07,1.418895384755819,1.9433180659700167,0.20842105263157892,0.12820512820512842,3.431550141,0.7406279444694519,0,93.70966339111328
836.07,1.418895384755819,1.9433180659700167,0.20842105263157892,0.12820512820512842,3.431550141,0.7406279444694519,0,93.70966339111328
836.07,1.4128381001279486,1.9469819595716504,0.20842105263157892,0.12820512820512842,3.431550141,0.7406279444694519,0,93.70966339111328
836.07,1.4128381001279486,1.9469819595716504,0.20842105263157892,0.12820512820512842,3.452070513,0.7406279444694519,0,93.70966339111328
836.07,1.4128381001279486,1.9469819595716504,0.20842105263157892,0.12820512820512842,3.452070513,0.7406279444694519,0,93.70966339111328
836.07,1.4128381001279486,1.9469819595716504,0.20842105263157892,0.12820512820512842,3.452070513,0.7406279444694519,0,93.70966339111328
836.07,1.406767759768242,1.9506217636691232,0.20842105263157892,0.12820512820512842,3.4727956730000002,0.7406279444694519,0,93.70966339111328
836.07,1.406767759768242,1.9506217636691232,0.21999999999999997,0.17948717948717968,3.4727956730000002,0.7406279444694519,0,93.70966339111328
836.07,1.406767759768242,1.9506217636691232,0.21999999999999997,0.17948717948717968,3.4727956730000002,0.7406279444694519,0,93.70966339111328
836.07,1.400681492099366,1.95423401391456,0.21999999999999997,0.17948717948717968,3.4727956730000002,0.7406279444694519,0,93.70966339111328
836.1700000000001,1.400681492099366,1.95423401391456,0.21999999999999997,0.17948717948717968,3.493948911,0.7406279444694519,0,93.70966339111328
836.1700000000001,1.400681492099366,1.95423401391456,0.21999999999999997,0.17948717948717968,3.493948911,0.7406279444694519,0,93.70966339111328
836.1700000000001,1.400681492099366,1.95423401391456,0.21999999999999997,0.17948717948717968,3.493948911,0.7406279444694519,0,93.70966339111328
836.1700000000001,1.400681492099366,1.95423401391456,0.21999999999999997,0.17948717948717968,3.493948911,0.7406279444694519,0,93.70966339111328
836.1700000000001,1.3942414940578456,1.9580126126470934,0.21999999999999997,0.17948717948717968,3.494148645,0.7406279444694519,0,93.70966339111328
836.1700000000001,1.3942414940578456,1.9580126126470934,0.21999999999999997,0.17948717948717968,3.494148645,0.7406279444694519,0,93.70966339111328
836.1700000000001,1.3942414940578456,1.9580126126470934,0.21999999999999997,0.17948717948717968,3.494148645,0.7406279444694519,0,93.70966339111328
836.1700000000001,1.3877781744343618,1.9617531513683104,0.21999999999999997,0.12820512820512842,3.472899061,0.7406279444694519,0,93.70966339111328
836.1700000000001,1.3877781744343618,1.9617531513683104,0.21999999999999997,0.12820512820512842,3.472899061,0.7406279444694519,0,93.70966339111328
836.1700000000001,1.3877781744343618,1.9617531513683104,0.21999999999999997,0.12820512820512842,3.472899061,0.7406279444694519,0,93.70966339111328
836.1700000000001,1.3812877674257364,1.9654486662295236,0.21999999999999997,0.12820512820512842,3.122688255,0.6699172854423523,0,93.70966339111328
836.2700000000001,1.3812877674257364,1.9654486662295236,0.21999999999999997,0.12820512820512842,3.122688255,0.6699172854423523,0,93.70966339111328
836.2700000000001,1.3812877674257364,1.9654486662295236,0.21999999999999997,0.12820512820512842,3.122688255,0.6699172854423523,0,93.70966339111328
836.2700000000001,1.3812877674257364,1.9654486662295236,0.21999999999999997,0.12820512820512842,3.122688255,0.6699172854423523,0,93.70966339111328
836.2700000000001,1.374772384038027,1.9691033508425833,0.21999999999999997,0.12820512820512842,3.104112459,0.6699172854423523,0,93.70966339111328
836.2700000000001,1.374772384038027,1.9691033508425833,0.21999999999999997,0.12820512820512842,3.104112459,0.6699172854423523,0,93.70966339111328
836.2700000000001,1.374772384038027,1.9691033508425833,0.21999999999999997,0.12820512820512842,3.104112459,0.6699172854423523,0,93.70966339111328
836.2700000000001,1.374772384038027,1.9691033508425833,0.20842105263157892,0.07692307692307715,3.104112459,0.6699172854423523,0,93.70966339111328
836.2700000000001,1.3682388264659608,1.9727315086037647,0.20842105263157892,0.07692307692307715,3.103655221,0.6699172854423523,0,93.70966339111328
836.2700000000001,1.3682388264659608,1.9727315086037647,0.20842105263157892,0.07692307692307715,3.103655221,0.6699172854423523,0,93.70966339111328
836.2700000000001,1.3682388264659608,1.9727315086037647,0.20842105263157892,0.07692307692307715,3.103655221,0.6699172854423523,0,93.70966339111328
836.37,1.362037458861209,1.9761523110463333,0.21999999999999997,0.12820512820512842,3.121942519,0.6699172854423523,0,93.70966339111328
836.37,1.362037458861209,1.9761523110463333,0.21999999999999997,0.12820512820512842,3.121942519,0.6699172854423523,0,93.70966339111328
836.37,1.362037458861209,1.9761523110463333,0.21999999999999997,0.12820512820512842,3.121942519,0.6699172854423523,0,93.70966339111328
836.37,1.362037458861209,1.9761523110463333,0.21999999999999997,0.12820512820512842,3.121942519,0.6699172854423523,0,93.70966339111328
836.37,1.3558261630241066,1.979553853751163,0.21999999999999997,0.12820512820512842,3.121974816,0.6699172854423523,0,93.70966339111328
836.37,1.3558261630241066,1.979553853751163,0.21999999999999997,0.12820512820512842,3.121974816,0.6699172854423523,0,93.70966339111328
836.37,1.3558261630241066,1.979553853751163,0.21999999999999997,0.12820512820512842,3.121974816,0.6699172854423523,0,93.70966339111328
836.37,1.3558261630241066,1.979553853751163,0.21999999999999997,0.12820512820512842,3.121974816,0.6699172854423523,0,93.70966339111328
836.37,1.349260099773759,1.9831147151455715,0.21999999999999997,0.12820512820512842,3.103463942,0.6699172854423523,0,93.70966339111328
836.37,1.349260099773759,1.9831147151455715,0.21999999999999997,0.12820512820512842,3.103463942,0.6699172854423523,0,93.70966339111328
836.37,1.349260099773759,1.9831147151455715,0.21999999999999997,0.12820512820512842,3.103463942,0.6699172854423523,0,93.70966339111328
836.37,1.349260099773759,1.9831147151455715,0.21999999999999997,0.12820512820512842,3.103463942,0.6699172854423523,0,93.70966339111328
836.47,1.3426738205997684,1.9866394446565059,0.21999999999999997,0.12820512820512842,3.085623728,0.6699172854423523,0,93.70966339111328
836.47,1.3426738205997684,1.9866394446565059,0.21999999999999997,0.12820512820512842,3.085623728,0.6699172854423523,0,93.70966339111328
836.47,1.3426738205997684,1.9866394446565059,0.21999999999999997,0.12820512820512842,3.085623728,0.6699172854423523,0,93.70966339111328
836.47,1.3426738205997684,1.9866394446565059,0.21999999999999997,0.12820512820512842,3.085623728,0.6699172854423523,0,93.70966339111328
836.47,1.3426738205997684,1.9866394446565059,0.20842105263157892,0.17948717948717968,3.085623728,0.6699172854423523,0,93.70966339111328
836.47,1.33606467752625,1.9901209427325763,0.20842105263157892,0.17948717948717968,2.854716705,0.6199172735214233,0,93.70966339111328
836.47,1.33606467752625,1.9901209427325763,0.20842105263157892,0.17948717948717968,2.854716705,0.6199172735214233,0,93.70966339111328
836.47,1.3297841983490415,1.9933817973558206,0.20842105263157892,0.17948717948717968,2.854716705,0.6199172735214233,0,93.70966339111328
836.47,1.3297841983490415,1.9933817973558206,0.20842105263157892,0.17948717948717968,2.871645426,0.6199172735214233,0,93.70966339111328
836.47,1.3297841983490415,1.9933817973558206,0.20842105263157892,0.17948717948717968,2.871645426,0.6199172735214233,0,93.70966339111328
836.47,1.3297841983490415,1.9933817973558206,0.20842105263157892,0.17948717948717968,2.9299976130000003,0.6325140595436096,0,93.70966339111328
836.57,1.3234852172543392,1.9966042810706888,0.20842105263157892,0.17948717948717968,2.947770121,0.6325140595436096,0,93.70966339111328
836.57,1.3234852172543392,1.9966042810706888,0.20842105263157892,0.17948717948717968,2.947770121,0.6325140595436096,0,93.60745239257812
836.57,1.3234852172543392,1.9966042810706888,0.19684210526315787,0.12820512820512842,2.947770121,0.6325140595436096,0,93.60745239257812
836.57,1.3234852172543392,1.9966042810706888,0.19684210526315787,0.12820512820512842,2.947770121,0.6325140595436096,0,93.60745239257812
836.57,1.3171652727341863,1.9997832136434852,0.19684210526315787,0.12820512820512842,2.9653145910000003,0.6325140595436096,0,93.60745239257812
836.57,1.3171652727341863,1.9997832136434852,0.19684210526315787,0.12820512820512842,2.9653145910000003,0.6325140595436096,0,93.60745239257812
836.57,1.3171652727341863,1.9997832136434852,0.19684210526315787,0.12820512820512842,2.9653145910000003,0.6325140595436096,0,93.60745239257812
836.57,1.3111757037850977,2.0027436914971095,0.19684210526315787,0.12820512820512842,3.00199613,0.6325140595436096,0,93.60745239257812
836.57,1.3111757037850977,2.0027436914971095,0.21999999999999997,0.23076923076923095,3.00199613,0.6325140595436096,0,93.60745239257812
836.57,1.3111757037850977,2.0027436914971095,0.21999999999999997,0.23076923076923095,3.00199613,0.6325140595436096,0,93.60745239257812
836.6700000000001,1.3051651692014865,2.0056661818437163,0.21999999999999997,0.23076923076923095,3.01991567,0.6325140595436096,0,93.60745239257812
836.6700000000001,1.3051651692014865,2.0056661818437163,0.21999999999999997,0.23076923076923095,3.01991567,0.6325140595436096,0,93.60745239257812
836.6700000000001,1.3051651692014865,2.0056661818437163,0.21999999999999997,0.23076923076923095,3.01991567,0.6325140595436096,0,93.60745239257812
836.6700000000001,1.3051651692014865,2.0056661818437163,0.21999999999999997,0.23076923076923095,3.01991567,0.6325140595436096,0,93.60745239257812
836.6700000000001,1.3051651692014865,2.0056661818437163,0.21999999999999997,0.23076923076923095,3.01991567,0.6325140595436096,0,93.60745239257812
836.6700000000001,1.2984352850397787,2.0088905313574648,0.21999999999999997,0.23076923076923095,2.764546822,0.5825141072273254,0,93.60745239257812
836.6700000000001,1.2984352850397787,2.0088905313574648,0.21999999999999997,0.23076923076923095,2.764546822,0.5825141072273254,0,93.60745239257812
836.6700000000001,1.2984352850397787,2.0088905313574648,0.21999999999999997,0.23076923076923095,2.764546822,0.5825141072273254,0,93.60745239257812
836.6700000000001,1.2916828345092883,2.012072078582616,0.20842105263157892,0.23076923076923095,2.765054917,0.5825141072273254,0,93.60745239257812
836.6700000000001,1.2916828345092883,2.012072078582616,0.20842105263157892,0.23076923076923095,2.765054917,0.5825141072273254,0,93.60745239257812
836.6700000000001,1.2916828345092883,2.012072078582616,0.20842105263157892,0.23076923076923095,2.765054917,0.5825141072273254,0,93.60745239257812
836.7700000000001,1.2916828345092883,2.012072078582616,0.20842105263157892,0.23076923076923095,2.765054917,0.5825141072273254,0,93.60745239257812
836.7700000000001,1.2852621133114592,2.0150282818175933,0.20842105263157892,0.23076923076923095,2.7822672930000003,0.5825141072273254,0,93.60745239257812
836.7700000000001,1.2852621133114592,2.0150282818175933,0.20842105263157892,0.23076923076923095,2.7822672930000003,0.5825141072273254,0,93.60745239257812
836.7700000000001,1.2852621133114592,2.0150282818175933,0.20842105263157892,0.23076923076923095,2.7822672930000003,0.5825141072273254,0,93.60745239257812
836.7700000000001,1.2852621133114592,2.0150282818175933,0.20842105263157892,0.23076923076923095,2.7822672930000003,0.5825141072273254,0,93.60745239257812
836.7700000000001,1.2788104257555832,2.017914113938181,0.20842105263157892,0.23076923076923095,2.799887149,0.5825141072273254,0,93.60745239257812
836.7700000000001,1.2788104257555832,2.017914113938181,0.20842105263157892,0.23076923076923095,2.799887149,0.5825141072273254,0,93.60745239257812
836.7700000000001,1.2788104257555832,2.017914113938181,0.21999999999999997,0.23076923076923095,2.799887149,0.5825141072273254,0,93.60745239257812
836.7700000000001,1.2788104257555832,2.017914113938181,0.21999999999999997,0.23076923076923095,2.799887149,0.5825141072273254,0,93.60745239257812
836.7700000000001,1.2723263112173337,2.020730331707317,0.21999999999999997,0.23076923076923095,2.800062211,0.5825141072273254,0,93.60745239257812
836.7700000000001,1.2723263112173337,2.020730331707317,0.21999999999999997,0.23076923076923095,2.800062211,0.5825141072273254,0,93.60745239257812
836.7700000000001,1.2723263112173337,2.020730331707317,0.21999999999999997,0.23076923076923095,2.800062211,0.5825141072273254,0,93.60745239257812
836.7700000000001,1.2723263112173337,2.020730331707317,0.21999999999999997,0.23076923076923095,2.800062211,0.5825141072273254,0,93.60745239257812
836.87,1.2723263112173337,2.020730331707317,0.21999999999999997,0.23076923076923095,2.800062211,0.5825141072273254,0,93.60745239257812
836.87,1.265456425949529,2.0236429930803377,0.21999999999999997,0.23076923076923095,2.783226136,0.5825141072273254,0,93.60745239257812
836.87,1.265456425949529,2.0236429930803377,0.21999999999999997,0.23076923076923095,2.783226136,0.5825141072273254,0,93.60745239257812
836.87,1.2585617701918448,2.0265080645015767,0.21999999999999997,0.23076923076923095,2.783226136,0.5825141072273254,0,93.60745239257812
836.87,1.2585617701918448,2.0265080645015767,0.21999999999999997,0.23076923076923095,2.783226136,0.5825141072273254,0,93.60745239257812
836.87,1.2585617701918448,2.0265080645015767,0.21999999999999997,0.23076923076923095,2.766806009,0.5825141072273254,0,93.60745239257812
836.87,1.2585617701918448,2.0265080645015767,0.21999999999999997,0.23076923076923095,2.766806009,0.5825141072273254,0,93.60745239257812
836.87,1.2585617701918448,2.0265080645015767,0.21999999999999997,0.23076923076923095,2.766806009,0.5825141072273254,0,93.60745239257812
836.87,1.2516466411292198,2.0293238474518027,0.21999999999999997,0.23076923076923095,2.766806009,0.5825141072273254,0,93.60745239257812
836.87,1.2516466411292198,2.0293238474518027,0.20842105263157892,0.17948717948717968,2.73323424,0.5825141072273254,0,93.60745239257812
836.87,1.2516466411292198,2.0293238474518027,0.20842105263157892,0.17948717948717968,2.73323424,0.5825141072273254,0,93.60745239257812
836.97,1.2516466411292198,2.0293238474518027,0.20842105263157892,0.17948717948717968,2.73323424,0.5825141072273254,0,93.60745239257812
836.97,1.2447094239157817,2.0320856533369205,0.20842105263157892,0.17948717948717968,2.373665631,0.511803388595581,0,93.60745239257812
836.97,1.2447094239157817,2.0320856533369205,0.20842105263157892,0.17948717948717968,2.373665631,0.511803388595581,0,93.60745239257812
836.97,1.2447094239157817,2.0320856533369205,0.19684210526315787,0.07692307692307715,2.373665631,0.511803388595581,0,93.60745239257812
836.97,1.2381163015893775,2.034648559207663,0.19684210526315787,0.07692307692307715,2.387904536,0.511803388595581,0,93.60745239257812
836.97,1.2381163015893775,2.034648559207663,0.19684210526315787,0.07692307692307715,2.387904536,0.511803388595581,0,93.60745239257812
836.97,1.2381163015893775,2.034648559207663,0.19684210526315787,0.07692307692307715,2.387904536,0.511803388595581,0,93.60745239257812
836.97,1.2381163015893775,2.034648559207663,0.19684210526315787,0.07692307692307715,2.387904536,0.511803388595581,0,93.60745239257812
836.97,1.2318653000407198,2.037020713182279,0.19684210526315787,0.07692307692307715,2.4163050520000002,0.511803388595581,0,93.60745239257812
836.97,1.2318653000407198,2.037020713182279,0.19684210526315787,0.07692307692307715,2.4163050520000002,0.511803388595581,0,93.60745239257812
836.97,1.2318653000407198,2.037020713182279,0.19684210526315787,0.07692307692307715,2.4163050520000002,0.511803388595581,0,93.60745239257812
837.07,1.2255987049372083,2.039355924996203,0.19684210526315787,0.07692307692307715,2.42988195,0.511803388595581,0,93.50025177001953
837.07,1.2255987049372083,2.039355924996203,0.19684210526315787,0.07692307692307715,2.42988195,0.511803388595581,0,93.50025177001953
837.07,1.2255987049372083,2.039355924996203,0.21999999999999997,0.12820512820512842,2.42988195,0.511803388595581,0,93.50025177001953
837.07,1.2255987049372083,2.039355924996203,0.21999999999999997,0.12820512820512842,2.42988195,0.511803388595581,0,93.50025177001953
837.07,1.219325018807854,2.0416883221407924,0.21999999999999997,0.12820512820512842,2.42988195,0.511803388595581,0,93.50025177001953
837.07,1.219325018807854,2.0416883221407924,0.21999999999999997,0.12820512820512842,2.444275825,0.511803388595581,0,93.50025177001953
837.07,1.219325018807854,2.0416883221407924,0.21999999999999997,0.12820512820512842,2.444275825,0.511803388595581,0,93.50025177001953
837.07,1.21231942917306,2.044294513675681,0.21999999999999997,0.12820512820512842,2.429628241,0.511803388595581,0,93.50025177001953
837.07,1.21231942917306,2.044294513675681,0.21999999999999997,0.12820512820512842,2.429628241,0.511803388595581,0,93.50025177001953
837.07,1.21231942917306,2.044294513675681,0.21999999999999997,0.12820512820512842,2.429628241,0.511803388595581,0,93.50025177001953
837.1700000000001,1.21231942917306,2.044294513675681,0.21999999999999997,0.12820512820512842,2.429628241,0.511803388595581,0,93.50025177001953
837.1700000000001,1.205052363126292,2.0469036367798275,0.21999999999999997,0.12820512820512842,2.429628241,0.511803388595581,0,93.50025177001953
837.1700000000001,1.205052363126292,2.0469036367798275,0.20842105263157892,0.12820512820512842,2.429312208,0.511803388595581,0,93.50025177001953
837.1700000000001,1.205052363126292,2.0469036367798275,0.20842105263157892,0.12820512820512842,2.429312208,0.511803388595581,0,93.50025177001953
837.1700000000001,1.205052363126292,2.0469036367798275,0.20842105263157892,0.12820512820512842,2.429312208,0.511803388595581,0,93.50025177001953
837.1700000000001,1.205052363126292,2.0469036367798275,0.20842105263157892,0.12820512820512842,2.429312208,0.511803388595581,0,93.50025177001953
837.1700000000001,1.1936158737186822,2.0496299368360233,0.20842105263157892,0.12820512820512842,2.191653535,0.4618034064769745,0,93.50025177001953
837.1700000000001,1.1936158737186822,2.0496299368360233,0.20842105263157892,0.12820512820512842,2.191653535,0.4618034064769745,0,93.50025177001953
837.1700000000001,1.1936158737186822,2.0496299368360233,0.20842105263157892,0.12820512820512842,2.191653535,0.4618034064769745,0,93.50025177001953
837.1700000000001,1.1825290872777678,2.052169165405398,0.20842105263157892,0.12820512820512842,2.204900267,0.4618034064769745,0,93.50025177001953
837.1700000000001,1.1825290872777678,2.052169165405398,0.20842105263157892,0.12820512820512842,2.204900267,0.4618034064769745,0,93.50025177001953
837.2700000000001,1.1825290872777678,2.052169165405398,0.20842105263157892,0.12820512820512842,2.204900267,0.4618034064769745,0,93.50025177001953
837.2700000000001,1.1714251171457533,2.0546605613658966,0.21999999999999997,0.23076923076923095,2.204900267,0.4618034064769745,0,93.50025177001953
837.2700000000001,1.1714251171457533,2.0546605613658966,0.21999999999999997,0.23076923076923095,2.218252892,0.4618034064769745,0,93.50025177001953
837.2700000000001,1.1714251171457533,2.0546605613658966,0.21999999999999997,0.23076923076923095,2.218252892,0.4618034064769745,0,93.50025177001953
837.2700000000001,1.1714251171457533,2.0546605613658966,0.21999999999999997,0.23076923076923095,2.218252892,0.4618034064769745,0,93.50025177001953
837.2700000000001,1.1714251171457533,2.0546605613658966,0.21999999999999997,0.23076923076923095,2.218252892,0.4618034064769745,0,93.50025177001953
837.2700000000001,1.1599378164837095,2.0572422335944296,0.21999999999999997,0.23076923076923095,2.204920074,0.4618034064769745,0,93.50025177001953
837.2700000000001,1.1599378164837095,2.0572422335944296,0.21999999999999997,0.23076923076923095,2.204920074,0.4618034064769745,0,93.50025177001953
837.2700000000001,1.1599378164837095,2.0572422335944296,0.21999999999999997,0.23076923076923095,2.204920074,0.4618034064769745,0,93.50025177001953
837.2700000000001,1.1599378164837095,2.0572422335944296,0.21999999999999997,0.23076923076923095,2.204920074,0.4618034064769745,0,93.50025177001953
837.2700000000001,1.1484398494570047,2.0597935139479193,0.21999999999999997,0.23076923076923095,2.204920074,0.4618034064769745,0,93.50025177001953
837.2700000000001,1.1484398494570047,2.0597935139479193,0.21999999999999997,0.12820512820512842,2.178670538,0.4618034064769745,0,93.50025177001953
837.37,1.1484398494570047,2.0597935139479193,0.21999999999999997,0.12820512820512842,2.178670538,0.4618034064769745,0,93.50025177001953
837.37,1.1484398494570047,2.0597935139479193,0.21999999999999997,0.12820512820512842,2.178670538,0.4618034064769745,0,93.50025177001953
837.37,1.1378403877139374,2.062264576394821,0.21999999999999997,0.12820512820512842,2.178670538,0.4618034064769745,0,93.50025177001953
837.37,1.1378403877139374,2.062264576394821,0.21999999999999997,0.12820512820512842,1.8652696350000002,0.4000000059604645,0,93.50025177001953
837.37,1.1378403877139374,2.062264576394821,0.21999999999999997,0.12820512820512842,1.8652696350000002,0.4000000059604645,0,93.50025177001953
837.37,1.1378403877139374,2.062264576394821,0.21999999999999997,0.12820512820512842,1.8652696350000002,0.4000000059604645,0,93.50025177001953
837.37,1.1307307859529638,2.0645489788770113,0.21999999999999997,0.12820512820512842,1.8652696350000002,0.4000000059604645,0,93.50025177001953
837.37,1.1307307859529638,2.0645489788770113,0.21999999999999997,0.12820512820512842,1.843343415,0.4000000059604645,0,93.50025177001953
837.37,1.1307307859529638,2.0645489788770113,0.21999999999999997,0.12820512820512842,1.843343415,0.4000000059604645,0,93.50025177001953
837.37,1.1307307859529638,2.0645489788770113,0.21999999999999997,0.12820512820512842,1.843343415,0.4000000059604645,0,93.50025177001953
837.37,1.1307307859529638,2.0645489788770113,0.21999999999999997,0.12820512820512842,1.843343415,0.4000000059604645,0,93.50025177001953
837.37,1.1236010818353648,2.0667748528472454,0.21999999999999997,0.12820512820512842,1.842975811,0.4000000059604645,0,93.50025177001953
837.47,1.1236010818353648,2.0667748528472454,0.21999999999999997,0.12820512820512842,1.842975811,0.4000000059604645,0,93.50025177001953
837.47,1.1236010818353648,2.0667748528472454,0.21999999999999997,0.12820512820512842,1.9383990080000002,0.4207106828689575,0,93.50025177001953
837.47,1.1164553147352594,2.0689650828384556,0.19684210526315787,0.12820512820512842,1.938130109,0.4207106828689575,0,93.50025177001953
837.47,1.1164553147352594,2.0689650828384556,0.19684210526315787,0.12820512820512842,1.938130109,0.4207106828689575,0,93.50025177001953
837.47,1.1164553147352594,2.0689650828384556,0.19684210526315787,0.12820512820512842,1.938130109,0.4207106828689575,0,93.50025177001953
837.47,1.1164553147352594,2.0689650828384556,0.19684210526315787,0.12820512820512842,1.938130109,0.4207106828689575,0,93.50025177001953
837.47,1.1100547531899145,2.070913630981611,0.19684210526315787,0.12820512820512842,1.938130109,0.4207106828689575,0,93.50025177001953
837.47,1.1100547531899145,2.070913630981611,0.19684210526315787,0.12820512820512842,1.960829264,0.4207106828689575,0,93.50025177001953
837.47,1.1100547531899145,2.070913630981611,0.19684210526315787,0.12820512820512842,1.960829264,0.4207106828689575,0,93.50025177001953
837.47,1.1036518706303822,2.0728419209226105,0.19684210526315787,0.12820512820512842,1.960829264,0.4207106828689575,0,93.50025177001953
837.47,1.1036518706303822,2.0728419209226105,0.19684210526315787,0.12820512820512842,1.9728550560000002,0.4207106828689575,0,93.50025177001953
837.57,1.1036518706303822,2.0728419209226105,0.19684210526315787,0.12820512820512842,1.9728550560000002,0.4207106828689575,0,93.36712646484375
837.57,1.1036518706303822,2.0728419209226105,0.21999999999999997,0.17948717948717968,1.9728550560000002,0.4207106828689575,0,93.36712646484375
837.57,1.1036518706303822,2.0728419209226105,0.21999999999999997,0.17948717948717968,1.9728550560000002,0.4207106828689575,0,93.36712646484375
837.57,1.0972408077892843,2.074737111343414,0.21999999999999997,0.17948717948717968,1.984936114,0.4207106828689575,0,93.36712646484375
837.57,1.0972408077892843,2.074737111343414,0.21999999999999997,0.17948717948717968,1.984936114,0.4207106828689575,0,93.36712646484375
837.57,1.0972408077892843,2.074737111343414,0.21999999999999997,0.17948717948717968,1.984936114,0.4207106828689575,0,93.36712646484375
837.57,1.0900686942679183,2.076801474228576,0.21999999999999997,0.17948717948717968,1.651484385,0.3499999940395355,0,93.36712646484375
837.57,1.0900686942679183,2.076801474228576,0.20842105263157892,0.12820512820512842,1.651484385,0.3499999940395355,0,93.36712646484375
837.57,1.0900686942679183,2.076801474228576,0.20842105263157892,0.12820512820512842,1.651484385,0.3499999940395355,0,93.36712646484375
837.57,1.0828779524864964,2.0788096085550944,0.20842105263157892,0.12820512820512842,1.651484385,0.3499999940395355,0,93.36712646484375
837.6700000000001,1.0828779524864964,2.0788096085550944,0.20842105263157892,0.12820512820512842,1.651315571,0.3499999940395355,0,93.36712646484375
837.6700000000001,1.0828779524864964,2.0788096085550944,0.20842105263157892,0.12820512820512842,1.651315571,0.3499999940395355,0,93.36712646484375
837.6700000000001,1.0828779524864964,2.0788096085550944,0.20842105263157892,0.12820512820512842,1.651315571,0.3499999940395355,0,93.36712646484375
837.6700000000001,1.0828779524864964,2.0788096085550944,0.20842105263157892,0.12820512820512842,1.651315571,0.3499999940395355,0,93.36712646484375
837.6700000000001,1.0760477777506388,2.0806532074236355,0.20842105263157892,0.12820512820512842,1.6612645320000001,0.3499999940395355,0,93.36712646484375
837.6700000000001,1.0760477777506388,2.0806532074236355,0.20842105263157892,0.12820512820512842,1.6612645320000001,0.3499999940395355,0,93.36712646484375
837.6700000000001,1.0760477777506388,2.0806532074236355,0.20842105263157892,0.12820512820512842,1.6612645320000001,0.3499999940395355,0,93.36712646484375
837.6700000000001,1.0760477777506388,2.0806532074236355,0.20842105263157892,0.12820512820512842,1.6612645320000001,0.3499999940395355,0,93.36712646484375
837.6700000000001,1.0760477777506388,2.0806532074236355,0.20842105263157892,0.12820512820512842,1.6612645320000001,0.3499999940395355,0,93.36712646484375
837.6700000000001,1.0692031801082456,2.082450601142338,0.20842105263157892,0.12820512820512842,1.671576136,0.3499999940395355,0,93.36712646484375
837.6700000000001,1.0692031801082456,2.082450601142338,0.20842105263157892,0.12820512820512842,1.671576136,0.3499999940395355,0,93.36712646484375
837.6700000000001,1.062347456392214,2.084212122502411,0.19684210526315787,0.2820512820512822,1.671576136,0.3499999940395355,0,93.36712646484375
837.6700000000001,1.062347456392214,2.084212122502411,0.19684210526315787,0.2820512820512822,1.682009276,0.3499999940395355,0,93.36712646484375
837.7700000000001,1.062347456392214,2.084212122502411,0.19684210526315787,0.2820512820512822,1.682009276,0.3499999940395355,0,93.36712646484375
837.7700000000001,1.062347456392214,2.084212122502411,0.19684210526315787,0.2820512820512822,1.682009276,0.3499999940395355,0,93.36712646484375
837.7700000000001,1.0558722788200243,2.085851924529568,0.19684210526315787,0.2820512820512822,1.7028368249999999,0.3499999940395355,0,93.36712646484375
837.7700000000001,1.0558722788200243,2.085851924529568,0.19684210526315787,0.2820512820512822,1.7028368249999999,0.3499999940395355,0,93.36712646484375
837.7700000000001,1.0558722788200243,2.085851924529568,0.19684210526315787,0.2820512820512822,1.7028368249999999,0.3499999940395355,0,93.36712646484375
837.7700000000001,1.0558722788200243,2.085851924529568,0.19684210526315787,0.2820512820512822,1.7028368249999999,0.3499999940395355,0,93.36712646484375
837.7700000000001,1.04938998074011,2.0874521443619627,0.19684210526315787,0.2820512820512822,1.460126607,0.30000001192092896,0,93.36712646484375
837.7700000000001,1.04938998074011,2.0874521443619627,0.19684210526315787,0.2820512820512822,1.460126607,0.30000001192092896,0,93.36712646484375
837.7700000000001,1.04938998074011,2.0874521443619627,0.21999999999999997,0.2820512820512822,1.460126607,0.30000001192092896,0,93.36712646484375
837.7700000000001,1.0428938093682742,2.0889742195184593,0.21999999999999997,0.2820512820512822,1.460126607,0.30000001192092896,0,93.36712646484375
837.87,1.0428938093682742,2.0889742195184593,0.21999999999999997,0.2820512820512822,1.460019106,0.30000001192092896,0,93.36712646484375
837.87,1.0428938093682742,2.0889742195184593,0.21999999999999997,0.2820512820512822,1.460019106,0.30000001192092896,0,93.36712646484375
837.87,1.0428938093682742,2.0889742195184593,0.21999999999999997,0.2820512820512822,1.460019106,0.30000001192092896,0,93.36712646484375
837.87,1.0428938093682742,2.0889742195184593,0.21999999999999997,0.2820512820512822,1.460019106,0.30000001192092896,0,93.36712646484375
837.87,1.0356147379836482,2.0905687336263017,0.21999999999999997,0.2820512820512822,1.4423532460000001,0.30000001192092896,0,93.36712646484375
837.87,1.0356147379836482,2.0905687336263017,0.21999999999999997,0.2820512820512822,1.4423532460000001,0.30000001192092896,0,93.36712646484375
837.87,1.0356147379836482,2.0905687336263017,0.21999999999999997,0.2820512820512822,1.4423532460000001,0.30000001192092896,0,93.36712646484375
837.87,1.0356147379836482,2.0905687336263017,0.21999999999999997,0.2820512820512822,1.4423532460000001,0.30000001192092896,0,93.36712646484375
837.87,1.0283062433304493,2.0920626442377515,0.20842105263157892,0.2820512820512822,1.4424293110000002,0.30000001192092896,0,93.36712646484375
837.87,1.0283062433304493,2.0920626442377515,0.20842105263157892,0.2820512820512822,1.4424293110000002,0.30000001192092896,0,93.36712646484375
837.87,1.0209791421010466,2.093477592686895,0.20842105263157892,0.2820512820512822,1.44261376,0.30000001192092896,0,93.36712646484375
837.87,1.0209791421010466,2.093477592686895,0.20842105263157892,0.2820512820512822,1.44261376,0.30000001192092896,0,93.36712646484375
837.97,1.0209791421010466,2.093477592686895,0.20842105263157892,0.2820512820512822,1.44261376,0.30000001192092896,0,93.36712646484375
837.97,1.0209791421010466,2.093477592686895,0.20842105263157892,0.2820512820512822,1.44261376,0.30000001192092896,0,93.36712646484375
837.97,1.0209791421010466,2.093477592686895,0.20842105263157892,0.2820512820512822,1.44261376,0.30000001192092896,0,93.36712646484375
837.97,1.0209791421010466,2.093477592686895,0.20842105263157892,0.2820512820512822,1.44261376,0.30000001192092896,0,93.36712646484375
837.97,1.0209791421010466,2.093477592686895,0.20842105263157892,0.2820512820512822,1.44261376,0.30000001192092896,0,93.36712646484375
837.97,1.0140260182600858,2.0947644658857802,0.20842105263157892,0.2820512820512822,1.44261376,0.30000001192092896,0,93.36712646484375
837.97,1.0140260182600858,2.0947644658857802,0.19684210526315787,0.23076923076923095,1.442621393,0.30000001192092896,0,93.36712646484375
837.97,1.0140260182600858,2.0947644658857802,0.19684210526315787,0.23076923076923095,1.442621393,0.30000001192092896,0,93.36712646484375
837.97,1.0140260182600858,2.0947644658857802,0.19684210526315787,0.23076923076923095,1.442621393,0.30000001192092896,0,93.36712646484375
837.97,1.0140260182600858,2.0947644658857802,0.19684210526315787,0.23076923076923095,1.442621393,0.30000001192092896,0,93.36712646484375
837.97,1.0070630311535003,2.095997508329529,0.19684210526315787,0.23076923076923095,1.442621393,0.30000001192092896,0,93.36712646484375
837.97,1.0070630311535003,2.095997508329529,0.19684210526315787,0.23076923076923095,1.442685327,0.30000001192092896,0,93.36712646484375
837.97,1.0070630311535003,2.095997508329529,0.19684210526315787,0.23076923076923095,1.442685327,0.30000001192092896,0,93.36712646484375
837.97,1.0004766763905841,2.0970975636573184,0.19684210526315787,0.23076923076923095,1.451631601,0.30000001192092896,0,93.36712646484375
838.07,1.0004766763905841,2.0970975636573184,0.19684210526315787,0.23076923076923095,1.451631601,0.30000001192092896,0,93.36712646484375
838.07,1.0004766763905841,2.0970975636573184,0.19684210526315787,0.23076923076923095,1.451631601,0.30000001192092896,0,93.26113891601562
838.07,1.0004766763905841,2.0970975636573184,0.18526315789473682,0.23076923076923095,1.451631601,0.30000001192092896,0,93.26113891601562
838.07,1.0004766763905841,2.0970975636573184,0.18526315789473682,0.23076923076923095,1.451631601,0.30000001192092896,0,93.26113891601562
838.07,0.993878032398789,2.0981214846254783,0.18526315789473682,0.23076923076923095,1.210184838,0.25,0,93.26113891601562
838.07,0.993878032398789,2.0981214846254783,0.18526315789473682,0.23076923076923095,1.210184838,0.25,0,93.26113891601562
838.07,0.993878032398789,2.0981214846254783,0.18526315789473682,0.23076923076923095,1.210184838,0.25,0,93.26113891601562
838.07,0.9876571779944523,2.0990164001532197,0.17368421052631577,0.23076923076923095,1.217387378,0.25,0,93.26113891601562
838.07,0.9876571779944523,2.0990164001532197,0.17368421052631577,0.23076923076923095,1.217387378,0.25,0,93.26113891601562
838.07,0.9876571779944523,2.0990164001532197,0.17368421052631577,0.23076923076923095,1.217387378,0.25,0,93.26113891601562
838.1700000000001,0.9818156547328067,2.099802248381145,0.17368421052631577,0.23076923076923095,1.233148869,0.25,0,93.26113891601562
838.1700000000001,0.9818156547328067,2.099802248381145,0.17368421052631577,0.23076923076923095,1.233148869,0.25,0,93.26113891601562
838.1700000000001,0.9818156547328067,2.099802248381145,0.17368421052631577,0.23076923076923095,1.233148869,0.25,0,93.26113891601562
838.1700000000001,0.9818156547328067,2.099802248381145,0.17368421052631577,0.23076923076923095,1.233148869,0.25,0,93.26113891601562
838.1700000000001,0.9759676072628791,2.100546783205174,0.17368421052631577,0.23076923076923095,1.233148869,0.25,0,93.26113891601562
838.1700000000001,0.9759676072628791,2.100546783205174,0.17368421052631577,0.23076923076923095,1.264189344,0.25,0,93.26113891601562
838.1700000000001,0.9759676072628791,2.100546783205174,0.17368421052631577,0.23076923076923095,1.264189344,0.25,0,93.26113891601562
838.1700000000001,0.9759676072628791,2.100546783205174,0.17368421052631577,0.23076923076923095,1.264189344,0.25,0,93.26113891601562
838.1700000000001,0.9759676072628791,2.100546783205174,0.17368421052631577,0.23076923076923095,1.264189344,0.25,0,93.26113891601562
838.1700000000001,0.9701155090876397,2.101254501622121,0.17368421052631577,0.23076923076923095,1.297734575,0.25,0,93.26113891601562
838.1700000000001,0.9701155090876397,2.101254501622121,0.17368421052631577,0.23076923076923095,1.297734575,0.25,0,93.26113891601562
838.1700000000001,0.9701155090876397,2.101254501622121,0.17368421052631577,0.23076923076923095,1.297734575,0.25,0,93.26113891601562
838.2700000000001,0.9701155090876397,2.101254501622121,0.16210526315789472,0.17948717948717968,1.297734575,0.25,0,93.26113891601562
838.2700000000001,0.9642615825211684,2.101920769885553,0.16210526315789472,0.17948717948717968,1.332365347,0.25,0,93.26113891601562
838.2700000000001,0.9642615825211684,2.101920769885553,0.16210526315789472,0.17948717948717968,1.332365347,0.25,0,93.26113891601562
838.2700000000001,0.9642615825211684,2.101920769885553,0.16210526315789472,0.17948717948717968,1.332365347,0.25,0,93.26113891601562
838.2700000000001,0.958791848199978,2.102502776249485,0.16210526315789472,0.17948717948717968,1.332365347,0.25,0,93.26113891601562
838.2700000000001,0.958791848199978,2.102502776249485,0.16210526315789472,0.17948717948717968,1.370137763,0.25,0,93.26113891601562
838.2700000000001,0.958791848199978,2.102502776249485,0.16210526315789472,0.17948717948717968,1.370137763,0.25,0,93.26113891601562
838.2700000000001,0.958791848199978,2.102502776249485,0.16210526315789472,0.17948717948717968,1.370137763,0.25,0,93.26113891601562
838.2700000000001,0.958791848199978,2.102502776249485,0.16210526315789472,0.17948717948717968,1.370137763,0.25,0,93.26113891601562
838.2700000000001,0.953319804346382,2.103039377919635,0.15052631578947367,0.17948717948717968,1.408820639,0.25,0,93.26113891601562
838.2700000000001,0.953319804346382,2.103039377919635,0.15052631578947367,0.17948717948717968,1.408820639,0.25,0,93.26113891601562
838.2700000000001,0.953319804346382,2.103039377919635,0.15052631578947367,0.17948717948717968,1.408820639,0.25,0,93.26113891601562
838.37,0.9478437368391153,2.1035398299007437,0.15052631578947367,0.17948717948717968,1.151959093,0.20000000298023224,0,93.26113891601562
838.37,0.9478437368391153,2.1035398299007437,0.15052631578947367,0.17948717948717968,1.151959093,0.20000000298023224,0,93.26113891601562
838.37,0.9478437368391153,2.1035398299007437,0.15052631578947367,0.17948717948717968,1.151959093,0.20000000298023224,0,93.26113891601562
838.37,0.9478437368391153,2.1035398299007437,0.15052631578947367,0.17948717948717968,1.151959093,0.20000000298023224,0,93.26113891601562
838.37,0.9405244531907043,2.1054075314983263,0.15052631578947367,0.17948717948717968,1.186578248,0.20000000298023224,0,93.26113891601562
838.37,0.9405244531907043,2.1054075314983263,0.15052631578947367,0.17948717948717968,1.186578248,0.20000000298023224,0,93.26113891601562
838.37,0.9405244531907043,2.1054075314983263,0.15052631578947367,0.17948717948717968,1.186578248,0.20000000298023224,0,93.26113891601562
838.37,0.9326285188539346,2.1076248153667176,0.15052631578947367,0.17948717948717968,1.186578248,0.20000000298023224,0,93.26113891601562
838.37,0.9326285188539346,2.1076248153667176,0.13894736842105262,0.17948717948717968,1.215294615,0.20000000298023224,0,93.26113891601562
838.37,0.9326285188539346,2.1076248153667176,0.13894736842105262,0.17948717948717968,1.215294615,0.20000000298023224,0,93.26113891601562
838.37,0.9326285188539346,2.1076248153667176,0.13894736842105262,0.17948717948717968,1.215294615,0.20000000298023224,0,93.26113891601562
838.47,0.9251175264504624,2.109797675991069,0.13894736842105262,0.17948717948717968,1.215294615,0.20000000298023224,0,93.26113891601562
838.47,0.9251175264504624,2.109797675991069,0.13894736842105262,0.17948717948717968,1.242864004,0.20000000298023224,0,93.26113891601562
838.47,0.9251175264504624,2.109797675991069,0.13894736842105262,0.17948717948717968,1.242864004,0.20000000298023224,0,93.26113891601562
838.47,0.9176058689212785,2.1119475884636087,0.13894736842105262,0.17948717948717968,1.2732795430000001,0.20000000298023224,0,93.26113891601562
838.47,0.9176058689212785,2.1119475884636087,0.13894736842105262,0.17948717948717968,1.2732795430000001,0.20000000298023224,0,93.26113891601562
838.47,0.9176058689212785,2.1119475884636087,0.13894736842105262,0.17948717948717968,1.2732795430000001,0.20000000298023224,0,93.26113891601562
838.47,0.9100856742676386,2.114078099519103,0.13894736842105262,0.17948717948717968,1.303967073,0.20000000298023224,0,93.26113891601562
838.47,0.9100856742676386,2.114078099519103,0.13894736842105262,0.17948717948717968,1.303967073,0.20000000298023224,0,93.26113891601562
838.47,0.9100856742676386,2.114078099519103,0.13894736842105262,0.17948717948717968,1.303967073,0.20000000298023224,0,93.26113891601562
838.47,0.9100856742676386,2.114078099519103,0.13894736842105262,0.17948717948717968,1.303967073,0.20000000298023224,0,93.26113891601562
838.57,0.9100856742676386,2.114078099519103,0.13894736842105262,0.17948717948717968,1.303967073,0.20000000298023224,0,93.1691665649414
838.57,0.9100856742676386,2.114078099519103,0.13894736842105262,0.17948717948717968,1.303967073,0.20000000298023224,0,93.1691665649414
838.57,0.9025627632040566,2.1161849629316185,0.13894736842105262,0.17948717948717968,1.3390903440000002,0.20000000298023224,0,93.1691665649414
838.57,0.9025627632040566,2.1161849629316185,0.13894736842105262,0.17948717948717968,1.3390903440000002,0.20000000298023224,0,93.1691665649414
838.57,0.9025627632040566,2.1161849629316185,0.13894736842105262,0.17948717948717968,1.3390903440000002,0.20000000298023224,0,93.1691665649414
838.57,0.8975256888026617,2.1166856286151123,0.13894736842105262,0.17948717948717968,1.3390903440000002,0.20000000298023224,0,93.1691665649414
838.57,0.8975256888026617,2.1166856286151123,0.13894736842105262,0.17948717948717968,1.020727961,0.15000000596046448,0,93.1691665649414
838.57,0.8975256888026617,2.1166856286151123,0.12736842105263158,0.12820512820512842,1.020727961,0.15000000596046448,0,93.1691665649414
838.57,0.8975256888026617,2.1166856286151123,0.12736842105263158,0.12820512820512842,1.020727961,0.15000000596046448,0,93.1691665649414
838.57,0.8928165031943692,2.1169507532859173,0.12736842105263158,0.12820512820512842,1.039010178,0.15000000596046448,0,93.1691665649414
838.57,0.8928165031943692,2.1169507532859173,0.12736842105263158,0.12820512820512842,1.039010178,0.15000000596046448,0,93.1691665649414
838.57,0.8928165031943692,2.1169507532859173,0.12736842105263158,0.12820512820512842,1.039010178,0.15000000596046448,0,93.1691665649414
838.57,0.8928165031943692,2.1169507532859173,0.12736842105263158,0.12820512820512842,1.039010178,0.15000000596046448,0,93.1691665649414
838.6700000000001,0.8928165031943692,2.1169507532859173,0.12736842105263158,0.12820512820512842,1.039010178,0.15000000596046448,0,93.1691665649414
838.6700000000001,0.8885014749808237,2.1171671099885447,0.12736842105263158,0.12820512820512842,1.039010178,0.15000000596046448,0,93.1691665649414
838.6700000000001,0.8885014749808237,2.1171671099885447,0.12736842105263158,0.12820512820512842,1.068463141,0.15000000596046448,0,93.1691665649414
838.6700000000001,0.8885014749808237,2.1171671099885447,0.12736842105263158,0.12820512820512842,1.068463141,0.15000000596046448,0,93.1691665649414
838.6700000000001,0.8885014749808237,2.1171671099885447,0.08105263157894736,0.12820512820512842,1.068463141,0.15000000596046448,0,93.1691665649414
838.6700000000001,0.8841801573145681,2.1173646204406453,0.08105263157894736,0.12820512820512842,1.087388087,0.15000000596046448,0,93.1691665649414
838.6700000000001,0.8841801573145681,2.1173646204406453,0.08105263157894736,0.12820512820512842,1.087388087,0.15000000596046448,0,93.1691665649414
838.6700000000001,0.8841801573145681,2.1173646204406453,0.08105263157894736,0.12820512820512842,1.087388087,0.15000000596046448,0,93.1691665649414
838.6700000000001,0.881014612411098,2.1174937308533273,0.08105263157894736,0.12820512820512842,1.139907789,0.15000000596046448,0,93.1691665649414
838.7700000000001,0.881014612411098,2.1174937308533273,0.08105263157894736,0.12820512820512842,1.139907789,0.15000000596046448,0,93.1691665649414
838.7700000000001,0.881014612411098,2.1174937308533273,0.08105263157894736,0.12820512820512842,1.139907789,0.15000000596046448,0,93.1691665649414
838.7700000000001,0.8782644790524039,2.117597118196331,0.08105263157894736,0.12820512820512842,1.197376392,0.15000000596046448,0,93.1691665649414
838.7700000000001,0.8782644790524039,2.117597118196331,0.08105263157894736,0.12820512820512842,1.197376392,0.15000000596046448,0,93.1691665649414
838.7700000000001,0.8782644790524039,2.117597118196331,0.08105263157894736,0.12820512820512842,1.197376392,0.15000000596046448,0,93.1691665649414
838.7700000000001,0.8755139441292128,2.1176912468304994,0.08105263157894736,0.12820512820512842,1.2603292480000001,0.15000000596046448,0,93.1691665649414
838.7700000000001,0.8755139441292128,2.1176912468304994,0.08105263157894736,0.12820512820512842,1.2603292480000001,0.15000000596046448,0,93.1691665649414
838.7700000000001,0.8755139441292128,2.1176912468304994,0.08105263157894736,0.12820512820512842,1.2603292480000001,0.15000000596046448,0,93.1691665649414
838.7700000000001,0.8755139441292128,2.1176912468304994,0.08105263157894736,0.12820512820512842,1.2603292480000001,0.15000000596046448,0,93.1691665649414
838.7700000000001,0.8727681210598278,2.1177718012718625,0.08105263157894736,0.12820512820512842,1.330945212,0.15000000596046448,0,93.1691665649414
838.7700000000001,0.8727681210598278,2.1177718012718625,0.08105263157894736,0.12820512820512842,1.330945212,0.15000000596046448,0,93.1691665649414
838.87,0.8727681210598278,2.1177718012718625,0.08105263157894736,0.12820512820512842,1.330945212,0.15000000596046448,0,93.1691665649414
838.87,0.8727681210598278,2.1177718012718625,0.08105263157894736,0.12820512820512842,1.330945212,0.15000000596046448,0,93.1691665649414
838.87,0.8727681210598278,2.1177718012718625,0.08105263157894736,0.12820512820512842,1.330945212,0.15000000596046448,0,93.1691665649414
838.87,0.8700177241941115,2.117842479094434,0.08105263157894736,0.12820512820512842,1.4067584,0.15000000596046448,0,93.1691665649414
838.87,0.8700177241941115,2.117842479094434,0.06947368421052631,0.23076923076923095,1.4067584,0.15000000596046448,0,93.1691665649414
838.87,0.8700177241941115,2.117842479094434,0.06947368421052631,0.23076923076923095,1.4067584,0.15000000596046448,0,93.1691665649414
838.87,0.8700177241941115,2.117842479094434,0.06947368421052631,0.23076923076923095,1.4067584,0.15000000596046448,0,93.1691665649414
838.87,0.8672713984593312,2.1178978758989504,0.06947368421052631,0.23076923076923095,1.500099823,0.15000000596046448,0,93.1691665649414
838.87,0.8672713984593312,2.1178978758989504,0.06947368421052631,0.23076923076923095,1.500099823,0.15000000596046448,0,93.1691665649414
838.87,0.8672713984593312,2.1178978758989504,0.06947368421052631,0.23076923076923095,1.500099823,0.15000000596046448,0,93.1691665649414
838.87,0.8649232318889344,2.1179328871280743,0.06947368421052631,0.23076923076923095,1.500099823,0.15000000596046448,0,93.1691665649414
838.87,0.8649232318889344,2.1179328871280743,0.06947368421052631,0.23076923076923095,1.62342114,0.15000000596046448,0,93.1691665649414
838.97,0.8649232318889344,2.1179328871280743,0.06947368421052631,0.23076923076923095,1.62342114,0.15000000596046448,0,93.1691665649414
838.97,0.8649232318889344,2.1179328871280743,0.06947368421052631,0.23076923076923095,1.62342114,0.15000000596046448,0,93.1691665649414
838.97,0.8625720998300991,2.1179564829775357,0.06947368421052631,0.07692307692307715,1.74495847,0.15000000596046448,0,93.1691665649414
838.97,0.8625720998300991,2.1179564829775357,0.06947368421052631,0.07692307692307715,1.74495847,0.15000000596046448,0,93.1691665649414
838.97,0.8625720998300991,2.1179564829775357,0.06947368421052631,0.07692307692307715,1.74495847,0.15000000596046448,0,93.1691665649414
838.97,0.8602273553981757,2.117958776954615,0.06947368421052631,0.07692307692307715,1.885298036,0.15000000596046448,0,93.1691665649414
838.97,0.8602273553981757,2.117958776954615,0.06947368421052631,0.07692307692307715,1.885298036,0.15000000596046448,0,93.1691665649414
838.97,0.8602273553981757,2.117958776954615,0.05789473684210526,0.12820512820512842,1.885298036,0.15000000596046448,0,93.1691665649414
838.97,0.8602273553981757,2.117958776954615,0.05789473684210526,0.12820512820512842,1.885298036,0.15000000596046448,0,93.1691665649414
838.97,0.8578769247142358,2.1179412246909313,0.05789473684210526,0.12820512820512842,1.944112142,0.15000000596046448,0,93.1691665649414
838.97,0.8578769247142358,2.1179412246909313,0.05789473684210526,0.12820512820512842,1.944112142,0.15000000596046448,0,93.1691665649414
839.07,0.8578769247142358,2.1179412246909313,0.05789473684210526,0.12820512820512842,1.944112142,0.15000000596046448,0,93.1691665649414
839.07,0.8578769247142358,2.1179412246909313,0.05789473684210526,0.12820512820512842,1.944112142,0.15000000596046448,0,93.11681365966797
839.07,0.855917582932708,2.117913194932632,0.05789473684210526,0.12820512820512842,2.013839546,0.15000000596046448,0,93.11681365966797
839.07,0.855917582932708,2.117913194932632,0.05789473684210526,0.12820512820512842,2.013839546,0.15000000596046448,0,93.11681365966797
839.07,0.855917582932708,2.117913194932632,0.05789473684210526,0.12820512820512842,2.013839546,0.15000000596046448,0,93.11681365966797
839.07,0.855917582932708,2.117913194932632,0.05789473684210526,0.12820512820512842,2.013839546,0.15000000596046448,0,93.11681365966797
839.07,0.8539518655518369,2.117879935392144,0.05789473684210526,0.12820512820512842,2.089581263,0.15000000596046448,0,93.11681365966797
839.07,0.8539518655518369,2.117879935392144,0.05789473684210526,0.12820512820512842,2.089581263,0.15000000596046448,0,93.11681365966797
839.07,0.8539518655518369,2.117879935392144,0.05789473684210526,0.12820512820512842,2.089581263,0.15000000596046448,0,93.11681365966797
839.07,0.8539518655518369,2.117879935392144,0.05789473684210526,0.12820512820512842,2.089581263,0.15000000596046448,0,93.11681365966797
839.1700000000001,0.8519889033404837,2.117842900012628,0.05789473684210526,0.12820512820512842,2.173567478,0.15000000596046448,0,93.11681365966797
839.1700000000001,0.8519889033404837,2.117842900012628,0.05789473684210526,0.02564102564102587,2.173567478,0.15000000596046448,0,93.11681365966797
839.1700000000001,0.8519889033404837,2.117842900012628,0.05789473684210526,0.02564102564102587,2.173567478,0.15000000596046448,0,93.11681365966797
839.1700000000001,0.8500245795524056,2.117805034232443,0.05789473684210526,0.02564102564102587,2.260437336,0.15000000596046448,0,93.11681365966797
839.1700000000001,0.8500245795524056,2.117805034232443,0.05789473684210526,0.02564102564102587,2.260437336,0.15000000596046448,0,93.11681365966797
839.1700000000001,0.8500245795524056,2.117805034232443,0.05789473684210526,0.02564102564102587,2.260437336,0.15000000596046448,0,93.11681365966797
839.1700000000001,0.8480594707068694,2.1177587160394933,0.05789473684210526,0.02564102564102587,1.567788269,0.10000000149011612,0,93.11681365966797
839.1700000000001,0.8480594707068694,2.1177587160394933,0.05789473684210526,0.02564102564102587,1.567788269,0.10000000149011612,0,93.11681365966797
839.1700000000001,0.8480594707068694,2.1177587160394933,0.05789473684210526,0.02564102564102587,1.567788269,0.10000000149011612,0,93.11681365966797
839.1700000000001,0.8480594707068694,2.1177587160394933,0.05789473684210526,0.02564102564102587,1.567788269,0.10000000149011612,0,93.11681365966797
839.2700000000001,0.846094116661779,2.117702365690419,0.05789473684210526,0.02564102564102587,1.599849774,0.10000000149011612,0,93.11681365966797
839.2700000000001,0.846094116661779,2.117702365690419,0.05789473684210526,0.02564102564102587,1.599849774,0.10000000149011612,0,93.11681365966797
839.2700000000001,0.846094116661779,2.117702365690419,0.05789473684210526,0.02564102564102587,1.599849774,0.10000000149011612,0,93.11681365966797
839.2700000000001,0.846094116661779,2.117702365690419,0.05789473684210526,0.02564102564102587,1.599849774,0.10000000149011612,0,93.11681365966797
839.2700000000001,0.8441286166366108,2.1176393050311213,0.05789473684210526,0.02564102564102587,1.632574486,0.10000000149011612,0,93.11681365966797
839.2700000000001,0.8441286166366108,2.1176393050311213,0.05789473684210526,0.02564102564102587,1.632574486,0.10000000149011612,0,93.11681365966797
839.2700000000001,0.8441286166366108,2.1176393050311213,0.04631578947368421,0.07692307692307715,1.632574486,0.10000000149011612,0,93.11681365966797
839.2700000000001,0.8441286166366108,2.1176393050311213,0.04631578947368421,0.07692307692307715,1.632574486,0.10000000149011612,0,93.11681365966797
839.2700000000001,0.8421551252258476,2.1175808269802667,0.04631578947368421,0.07692307692307715,1.6739093820000002,0.10000000149011612,0,93.11681365966797
839.2700000000001,0.8421551252258476,2.1175808269802667,0.04631578947368421,0.07692307692307715,1.6739093820000002,0.10000000149011612,0,93.11681365966797
839.2700000000001,0.8421551252258476,2.1175808269802667,0.04631578947368421,0.07692307692307715,1.6739093820000002,0.10000000149011612,0,93.11681365966797
839.2700000000001,0.8405857618648838,2.1175341587571372,0.04631578947368421,0.07692307692307715,1.746205297,0.10000000149011612,0,93.11681365966797
839.37,0.8405857618648838,2.1175341587571372,0.04631578947368421,0.07692307692307715,1.746205297,0.10000000149011612,0,93.11681365966797
839.37,0.8405857618648838,2.1175341587571372,0.04631578947368421,0.07692307692307715,1.746205297,0.10000000149011612,0,93.11681365966797
839.37,0.8405857618648838,2.1175341587571372,0.04631578947368421,0.07692307692307715,1.746205297,0.10000000149011612,0,93.11681365966797
839.37,0.8405857618648838,2.1175341587571372,0.04631578947368421,0.07692307692307715,1.746205297,0.10000000149011612,0,93.11681365966797
839.37,0.8405857618648838,2.1175341587571372,0.04631578947368421,0.07692307692307715,1.746205297,0.10000000149011612,0,93.11681365966797
839.37,0.8405857618648838,2.1175341587571372,0.04631578947368421,0.07692307692307715,1.746205297,0.10000000149011612,0,93.11681365966797
839.37,0.8405857618648838,2.1175341587571372,0.04631578947368421,0.07692307692307715,1.746205297,0.10000000149011612,0,93.11681365966797
839.37,0.8405857618648838,2.1175341587571372,0.04631578947368421,0.07692307692307715,1.746205297,0.10000000149011612,0,93.11681365966797
839.37,0.8376904443940267,2.1181592396974,0.04631578947368421,0.07692307692307715,1.794696906,0.10000000149011612,0,93.11681365966797
839.37,0.8376904443940267,2.1181592396974,0.04631578947368421,0.0,1.794696906,0.10000000149011612,0,93.11681365966797
839.37,0.8376904443940267,2.1181592396974,0.04631578947368421,0.0,1.794696906,0.10000000149011612,0,93.11681365966797
839.37,0.8376904443940267,2.1181592396974,0.04631578947368421,0.0,1.794696906,0.10000000149011612,0,93.11681365966797
839.37,0.8323668828127656,2.120009036652528,0.04631578947368421,0.0,1.794696906,0.10000000149011612,0,93.11681365966797
839.37,0.8323668828127656,2.120009036652528,0.04631578947368421,0.0,1.794696906,0.10000000149011612,0,93.11681365966797
839.37,0.8323668828127656,2.120009036652528,0.04631578947368421,0.0,1.834379599,0.10000000149011612,0,93.11681365966797
839.37,0.8323668828127656,2.120009036652528,0.04631578947368421,0.0,1.834379599,0.10000000149011612,0,93.11681365966797
839.47,0.8270374579543375,2.1218496045408397,0.04631578947368421,0.0,1.834379599,0.10000000149011612,0,93.11681365966797
839.47,0.8270374579543375,2.1218496045408397,0.04631578947368421,0.0,1.834379599,0.10000000149011612,0,93.11681365966797
839.47,0.8270374579543375,2.1218496045408397,0.04631578947368421,0.0,1.8829578580000002,0.10000000149011612,0,93.11681365966797
839.47,0.8217039204861952,2.1236852153068,0.04631578947368421,0.0,1.8829578580000002,0.10000000149011612,0,93.11681365966797
839.47,0.8217039204861952,2.1236852153068,0.04631578947368421,0.0,1.8829578580000002,0.10000000149011612,0,93.11681365966797
839.47,0.8163611225145875,2.125525530006915,0.04631578947368421,-0.02564102564102541,1.8829578580000002,0.10000000149011612,0,93.11681365966797
839.47,0.8163611225145875,2.125525530006915,0.04631578947368421,-0.02564102564102541,1.8829578580000002,0.10000000149011612,0,93.11681365966797
839.47,0.8163611225145875,2.125525530006915,0.04631578947368421,-0.02564102564102541,1.926164896,0.10000000149011612,0,93.11681365966797
839.47,0.8163611225145875,2.125525530006915,0.04631578947368421,-0.02564102564102541,1.926164896,0.10000000149011612,0,93.11681365966797
839.47,0.8110214819034118,2.127368945193662,0.04631578947368421,-0.02564102564102541,1.926164896,0.10000000149011612,0,93.11681365966797
839.57,0.8110214819034118,2.127368945193662,0.04631578947368421,-0.02564102564102541,1.926164896,0.10000000149011612,0,93.11681365966797
839.57,0.8110214819034118,2.127368945193662,0.04631578947368421,-0.02564102564102541,1.926164896,0.10000000149011612,0,93.11681365966797
839.57,0.8110214819034118,2.127368945193662,0.04631578947368421,-0.02564102564102541,1.971521585,0.10000000149011612,0,93.11681365966797
839.57,0.8110214819034118,2.127368945193662,0.04631578947368421,-0.02564102564102541,1.971521585,0.10000000149011612,0,93.06902313232422
839.57,0.8074486311857356,2.1283287625410607,0.04631578947368421,-0.02564102564102541,1.971521585,0.10000000149011612,0,93.06902313232422
839.57,0.8074486311857356,2.1283287625410607,0.04631578947368421,-0.02564102564102541,1.971521585,0.10000000149011612,0,93.06902313232422
839.57,0.8074486311857356,2.1283287625410607,0.04631578947368421,-0.02564102564102541,1.971521585,0.10000000149011612,0,93.06902313232422
839.57,0.8058782651271352,2.128283076909741,0.04631578947368421,-0.02564102564102541,2.023457392,0.10000000149011612,0,93.06902313232422
839.57,0.8058782651271352,2.128283076909741,0.04631578947368421,0.1343589743589746,2.023457392,0.10000000149011612,0,93.06902313232422
839.57,0.8058782651271352,2.128283076909741,0.04631578947368421,0.1343589743589746,2.023457392,0.10000000149011612,0,93.06902313232422
839.57,0.8058782651271352,2.128283076909741,0.04631578947368421,0.1343589743589746,2.023457392,0.10000000149011612,0,93.06902313232422
839.57,0.8058782651271352,2.128283076909741,0.04631578947368421,0.1343589743589746,2.075980898,0.10000000149011612,0,93.06902313232422
839.57,0.8058782651271352,2.128283076909741,0.04631578947368421,0.1343589743589746,2.075980898,0.10000000149011612,0,93.06902313232422
839.57,0.8058782651271352,2.128283076909741,0.04631578947368421,0.1343589743589746,2.075980898,0.10000000149011612,0,93.06902313232422
839.57,0.804305442625613,2.128237268701343,0.04631578947368421,0.1343589743589746,2.075980898,0.10000000149011612,0,93.06902313232422
839.6700000000001,0.804305442625613,2.128237268701343,0.04631578947368421,0.1343589743589746,2.075980898,0.10000000149011612,0,93.06902313232422
839.6700000000001,0.804305442625613,2.128237268701343,0.04631578947368421,0.1343589743589746,2.123926212,0.10000000149011612,0,93.06902313232422
839.6700000000001,0.804305442625613,2.128237268701343,0.04631578947368421,0.2820512820512822,2.123926212,0.10000000149011612,0,93.06902313232422
839.6700000000001,0.804305442625613,2.128237268701343,0.04631578947368421,0.2820512820512822,2.123926212,0.10000000149011612,0,93.06902313232422
839.6700000000001,0.804305442625613,2.128237268701343,0.04631578947368421,0.2820512820512822,2.123926212,0.10000000149011612,0,93.06902313232422
839.6700000000001,0.8026944025944168,2.1281867550938296,0.04631578947368421,0.2820512820512822,2.123926212,0.10000000149011612,0,93.06902313232422
839.6700000000001,0.8026944025944168,2.1281867550938296,0.04631578947368421,0.2820512820512822,2.125838321,0.10000000149011612,0,93.06902313232422
839.6700000000001,0.8026944025944168,2.1281867550938296,0.04631578947368421,0.2820512820512822,2.125838321,0.10000000149011612,0,93.06902313232422
839.6700000000001,0.8026944025944168,2.1281867550938296,0.04631578947368421,0.2820512820512822,2.153528408,0.10000000149011612,0,93.06902313232422
839.6700000000001,0.801151598543458,2.128126979167061,0.04631578947368421,0.2820512820512822,2.153528408,0.10000000149011612,0,93.06902313232422
839.6700000000001,0.801151598543458,2.128126979167061,0.04631578947368421,0.2820512820512822,2.153528408,0.10000000149011612,0,93.06902313232422
839.6700000000001,0.801151598543458,2.128126979167061,0.04631578947368421,0.2820512820512822,2.153528408,0.10000000149011612,0,93.06902313232422
839.6700000000001,0.801151598543458,2.128126979167061,0.04631578947368421,0.2820512820512822,2.153528408,0.10000000149011612,0,93.06902313232422
839.6700000000001,0.799607502499113,2.1280508232036293,0.04631578947368421,0.2820512820512822,2.180909021,0.10000000149011612,0,93.06902313232422
839.7700000000001,0.799607502499113,2.1280508232036293,0.04631578947368421,0.2820512820512822,2.180909021,0.10000000149011612,0,93.06902313232422
839.7700000000001,0.799607502499113,2.1280508232036293,0.04631578947368421,0.2820512820512822,2.180909021,0.10000000149011612,0,93.06902313232422
839.7700000000001,0.799607502499113,2.1280508232036293,0.04631578947368421,0.2820512820512822,2.180909021,0.10000000149011612,0,93.06902313232422
839.7700000000001,0.7980565104946026,2.1279533172766887,0.04631578947368421,0.23076923076923095,2.180909021,0.10000000149011612,0,93.06902313232422
839.7700000000001,0.7980565104946026,2.1279533172766887,0.04631578947368421,0.23076923076923095,0.0,0.05000000074505806,0,93.06902313232422
839.7700000000001,0.7980565104946026,2.1279533172766887,0.04631578947368421,0.23076923076923095,0.0,0.05000000074505806,0,93.06902313232422
839.7700000000001,0.7980565104946026,2.1279533172766887,0.04631578947368421,0.23076923076923095,0.0,0.05000000074505806,0,93.06902313232422
839.7700000000001,0.7980565104946026,2.1279533172766887,0.04631578947368421,0.23076923076923095,0.0,0.05000000074505806,0,93.06902313232422
839.7700000000001,0.7980565104946026,2.1279533172766887,0.04631578947368421,0.23076923076923095,0.0,0.05000000074505806,0,93.06902313232422
839.7700000000001,0.7980565104946026,2.1279533172766887,0.04631578947368421,0.23076923076923095,0.0,0.05000000074505806,0,93.06902313232422
839.7700000000001,0.7980565104946026,2.1279533172766887,0.04631578947368421,0.23076923076923095,0.0,0.05000000074505806,0,93.06902313232422
839.7700000000001,0.7980565104946026,2.1279533172766887,0.04631578947368421,0.23076923076923095,0.0,0.05000000074505806,0,93.06902313232422
839.7700000000001,0.796502462525015,2.1278354585703845,0.04631578947368421,0.23076923076923095,0.0,0.05000000074505806,0,93.06902313232422
839.7700000000001,0.796502462525015,2.1278354585703845,0.04631578947368421,0.23076923076923095,0.0,0.05000000074505806,0,93.06902313232422
839.7700000000001,0.796502462525015,2.1278354585703845,0.04631578947368421,0.23076923076923095,0.0,0.05000000074505806,0,93.06902313232422
839.7700000000001,0.796502462525015,2.1278354585703845,0.04631578947368421,0.23076923076923095,0.0,0.05000000074505806,0,93.06902313232422
839.7700000000001,0.796502462525015,2.1278354585703845,0.04631578947368421,0.23076923076923095,0.0,0.05000000074505806,0,93.06902313232422
839.7700000000001,0.796502462525015,2.1278354585703845,0.04631578947368421,0.23076923076923095,0.0,0.05000000074505806,0,93.06902313232422
839.87,0.79494320335049,2.1277025650787205,0.04631578947368421,0.23076923076923095,0.0,0.05000000074505806,0,93.06902313232422
839.87,0.79494320335049,2.1277025650787205,0.04631578947368421,0.23076923076923095,0.0,0.05000000074505806,0,93.06902313232422
839.87,0.79494320335049,2.1277025650787205,0.04631578947368421,0.23076923076923095,0.0,0.05000000074505806,0,93.06902313232422
839.87,0.79494320335049,2.1277025650787205,0.04631578947368421,0.23076923076923095,0.0,0.05000000074505806,0,93.06902313232422
839.87,0.79494320335049,2.1277025650787205,0.04631578947368421,0.23076923076923095,0.0,0.05000000074505806,0,93.06902313232422
839.87,0.7933796977477812,2.127562811369011,0.04631578947368421,0.23076923076923095,0.0,0.05000000074505806,0,93.06902313232422
839.87,0.7933796977477812,2.127562811369011,0.04631578947368421,0.23076923076923095,0.0,0.05000000074505806,0,93.06902313232422
839.87,0.7933796977477812,2.127562811369011,0.04631578947368421,0.23076923076923095,0.0,0.05000000074505806,0,93.06902313232422
839.87,0.7918229403214464,2.1274154180279914,0.04631578947368421,0.23076923076923095,0.0,0.05000000074505806,0,93.06902313232422
839.87,0.7918229403214464,2.1274154180279914,0.04631578947368421,0.23076923076923095,0.0,0.05000000074505806,0,93.06902313232422
839.87,0.7918229403214464,2.1274154180279914,0.03473684210526316,0.23076923076923095,0.0,0.05000000074505806,0,93.06902313232422
839.87,0.7918229403214464,2.1274154180279914,0.03473684210526316,0.23076923076923095,0.0,0.05000000074505806,0,93.06902313232422
839.87,0.7918229403214464,2.1274154180279914,0.03473684210526316,0.23076923076923095,0.0,0.05000000074505806,0,93.06902313232422
839.97,0.7902666243657197,2.1272597934904534,0.03473684210526316,0.23076923076923095,0.0,0.05000000074505806,0,93.06902313232422
839.97,0.7902666243657197,2.1272597934904534,0.03473684210526316,0.23076923076923095,0.0,0.05000000074505806,0,93.06902313232422
839.97,0.7902666243657197,2.1272597934904534,0.03473684210526316,0.23076923076923095,0.0,0.05000000074505806,0,93.06902313232422
839.97,0.7891148947214752,2.127132788911201,0.03473684210526316,0.23076923076923095,0.0,0.05000000074505806,0,93.06902313232422
839.97,0.7891148947214752,2.127132788911201,0.03473684210526316,0.23076923076923095,0.0,0.05000000074505806,0,93.06902313232422
839.97,0.7891148947214752,2.127132788911201,0.03473684210526316,0.23076923076923095,0.0,0.05000000074505806,0,93.06902313232422
839.97,0.7891148947214752,2.127132788911201,0.03473684210526316,0.23076923076923095,0.0,0.05000000074505806,0,93.06902313232422
839.97,0.7879597945136213,2.126992170529259,0.03473684210526316,0.23076923076923095,0.0,0.05000000074505806,0,93.06902313232422
839.97,0.7879597945136213,2.126992170529259,0.03473684210526316,0.23076923076923095,0.0,0.05000000074505806,0,93.06902313232422
839.97,0.7879597945136213,2.126992170529259,0.03473684210526316,0.23076923076923095,0.0,0.05000000074505806,0,93.06902313232422
840.07,0.7868049548064522,2.126838081967043,0.03473684210526316,0.23076923076923095,0.0,0.05000000074505806,0,93.06902313232422
840.07,0.7868049548064522,2.126838081967043,0.03473684210526316,0.23076923076923095,0.0,0.05000000074505806,0,93.04595947265625
840.07,0.7868049548064522,2.126838081967043,0.03473684210526316,0.23076923076923095,0.0,0.05000000074505806,0,93.04595947265625
840.07,0.7868049548064522,2.126838081967043,0.03473684210526316,0.23076923076923095,0.0,0.05000000074505806,0,93.04595947265625
840.07,0.7868049548064522,2.126838081967043,0.03473684210526316,0.23076923076923095,0.0,0.05000000074505806,0,93.04595947265625
840.07,0.7868049548064522,2.126838081967043,0.03473684210526316,0.23076923076923095,0.0,0.05000000074505806,0,93.04595947265625
840.07,0.7856449232902998,2.126673954552614,0.03473684210526316,0.23076923076923095,0.0,0.05000000074505806,0,93.04595947265625
840.07,0.7856449232902998,2.126673954552614,0.03473684210526316,0.17948717948717968,0.0,0.05000000074505806,0,93.04595947265625
840.07,0.7856449232902998,2.126673954552614,0.03473684210526316,0.17948717948717968,0.0,0.05000000074505806,0,93.04595947265625
840.07,0.7856449232902998,2.126673954552614,0.03473684210526316,0.17948717948717968,0.0,0.05000000074505806,0,93.04595947265625
840.07,0.7844888107254919,2.1265017010177028,0.03473684210526316,0.17948717948717968,0.0,0.05000000074505806,0,93.04595947265625
840.07,0.7844888107254919,2.1265017010177028,0.03473684210526316,0.17948717948717968,0.0,0.05000000074505806,0,93.04595947265625
840.1700000000001,0.7844888107254919,2.1265017010177028,0.03473684210526316,0.17948717948717968,0.0,0.05000000074505806,0,93.04595947265625
840.1700000000001,0.7844888107254919,2.1265017010177028,0.03473684210526316,0.17948717948717968,0.0,0.05000000074505806,0,93.04595947265625
840.1700000000001,0.7833299226989623,2.126324345468051,0.03473684210526316,0.17948717948717968,0.0,0.05000000074505806,0,93.04595947265625
840.1700000000001,0.7833299226989623,2.126324345468051,0.03473684210526316,0.17948717948717968,0.0,0.05000000074505806,0,93.04595947265625
840.1700000000001,0.7833299226989623,2.126324345468051,0.03473684210526316,0.17948717948717968,0.0,0.05000000074505806,0,93.04595947265625
840.1700000000001,0.7833299226989623,2.126324345468051,0.03473684210526316,0.17948717948717968,0.0,0.05000000074505806,0,93.04595947265625
840.1700000000001,0.7821759373114007,2.126139842918867,0.03473684210526316,0.17948717948717968,0.0,0.05000000074505806,0,93.04595947265625
840.1700000000001,0.7821759373114007,2.126139842918867,0.03473684210526316,0.17948717948717968,0.0,0.05000000074505806,0,93.04595947265625
840.1700000000001,0.7821759373114007,2.126139842918867,0.03473684210526316,0.17948717948717968,0.0,0.05000000074505806,0,93.04595947265625
840.1700000000001,0.7810201870803876,2.125948209983303,0.03473684210526316,0.17948717948717968,0.0,0.05000000074505806,0,93.04595947265625
840.1700000000001,0.7810201870803876,2.125948209983303,0.03473684210526316,0.17948717948717968,0.0,0.05000000074505806,0,93.04595947265625
840.2700000000001,0.7810201870803876,2.125948209983303,0.03473684210526316,0.17948717948717968,0.0,0.05000000074505806,0,93.04595947265625
840.2700000000001,0.7810201870803876,2.125948209983303,0.03473684210526316,0.17948717948717968,0.0,0.05000000074505806,0,93.04595947265625
840.2700000000001,0.7798689674838325,2.1257479745993546,0.03473684210526316,0.17948717948717968,0.0,0.05000000074505806,0,93.04595947265625
840.2700000000001,0.7798689674838325,2.1257479745993546,0.03473684210526316,0.17948717948717968,0.0,0.05000000074505806,0,93.04595947265625
840.2700000000001,0.7798689674838325,2.1257479745993546,0.023157894736842106,0.01948717948717968,0.0,0.05000000074505806,0,93.04595947265625
840.2700000000001,0.778715421021134,2.1255406935119034,0.023157894736842106,0.01948717948717968,0.0,0.05000000074505806,0,93.04595947265625
840.2700000000001,0.778715421021134,2.1255406935119034,0.023157894736842106,0.01948717948717968,0.0,0.05000000074505806,0,93.04595947265625
840.2700000000001,0.778715421021134,2.1255406935119034,0.023157894736842106,0.01948717948717968,0.0,0.05000000074505806,0,93.04595947265625
840.2700000000001,0.778715421021134,2.1255406935119034,0.023157894736842106,0.01948717948717968,0.0,0.05000000074505806,0,93.04595947265625
840.2700000000001,0.7779509989719987,2.125398972882455,0.023157894736842106,-0.12820512820512797,0.0,0.05000000074505806,0,93.04595947265625
840.2700000000001,0.7779509989719987,2.125398972882455,0.023157894736842106,-0.12820512820512797,0.0,0.05000000074505806,0,93.04595947265625
840.37,0.7779509989719987,2.125398972882455,0.023157894736842106,-0.12820512820512797,0.0,0.05000000074505806,0,93.04595947265625
840.37,0.7771839429838222,2.1252519114366817,0.023157894736842106,-0.12820512820512797,0.0,0.05000000074505806,0,93.04595947265625
840.37,0.7771839429838222,2.1252519114366817,0.023157894736842106,-0.12820512820512797,0.0,0.05000000074505806,0,93.04595947265625
840.37,0.7771839429838222,2.1252519114366817,0.023157894736842106,-0.12820512820512797,0.0,0.05000000074505806,0,93.04595947265625
840.37,0.7771839429838222,2.1252519114366817,0.023157894736842106,-0.12820512820512797,0.0,0.05000000074505806,0,93.04595947265625
840.37,0.7771839429838222,2.1252519114366817,0.023157894736842106,-0.12820512820512797,0.0,0.05000000074505806,0,93.04595947265625
840.37,0.7764049483427446,2.125103150114057,0.023157894736842106,-0.12820512820512797,0.0,0.05000000074505806,0,93.04595947265625
840.37,0.7764049483427446,2.125103150114057,0.023157894736842106,-0.12820512820512797,0.0,0.05000000074505806,0,93.04595947265625
840.37,0.7756230945534185,2.1249524271342892,0.023157894736842106,-0.12820512820512797,0.0,0.05000000074505806,0,93.04595947265625
840.37,0.7756230945534185,2.1249524271342892,0.023157894736842106,-0.12820512820512797,0.0,0.05000000074505806,0,93.04595947265625
840.37,0.7756230945534185,2.1249524271342892,0.023157894736842106,-0.12820512820512797,0.0,0.05000000074505806,0,93.04595947265625
840.47,0.7756230945534185,2.1249524271342892,0.023157894736842106,-0.12820512820512797,0.0,0.05000000074505806,0,93.04595947265625
840.47,0.7748333555654366,2.1248103103342175,0.023157894736842106,-0.12820512820512797,0.0,0.05000000074505806,0,93.04595947265625
840.47,0.7748333555654366,2.1248103103342175,0.023157894736842106,-0.12820512820512797,0.0,0.05000000074505806,0,93.04595947265625
840.47,0.7748333555654366,2.1248103103342175,0.023157894736842106,-0.12820512820512797,0.0,0.05000000074505806,0,93.04595947265625
840.47,0.7748333555654366,2.1248103103342175,0.023157894736842106,-0.12820512820512797,0.0,0.05000000074505806,0,93.04595947265625
840.47,0.7740477339448253,2.1246723655149595,0.023157894736842106,-0.12820512820512797,0.0,0.05000000074505806,0,93.04595947265625
840.47,0.7740477339448253,2.1246723655149595,0.023157894736842106,-0.12820512820512797,0.0,0.05000000074505806,0,93.04595947265625
840.47,0.7740477339448253,2.1246723655149595,0.023157894736842106,-0.12820512820512797,0.0,0.05000000074505806,0,93.04595947265625
840.47,0.7740477339448253,2.1246723655149595,0.023157894736842106,-0.12820512820512797,0.0,0.05000000074505806,0,93.04595947265625
840.47,0.7732619329319966,2.1245437318883678,0.023157894736842106,-0.12820512820512797,0.0,0.05000000074505806,0,93.04595947265625
840.47,0.7732619329319966,2.1245437318883678,0.023157894736842106,-0.12820512820512797,0.0,0.05000000074505806,0,93.04595947265625
840.57,0.7732619329319966,2.1245437318883678,0.023157894736842106,-0.12820512820512797,0.0,0.05000000074505806,0,93.04595947265625
840.57,0.7732619329319966,2.1245437318883678,0.023157894736842106,-0.12820512820512797,0.0,0.05000000074505806,0,93.03105163574219
840.57,0.7724839257242248,2.1244152446343385,0.023157894736842106,-0.12820512820512797,0.0,0.05000000074505806,0,93.03105163574219
840.57,0.7724839257242248,2.1244152446343385,0.023157894736842106,-0.12820512820512797,0.0,0.05000000074505806,0,93.03105163574219
840.57,0.7724839257242248,2.1244152446343385,0.023157894736842106,-0.12820512820512797,0.0,0.05000000074505806,0,93.03105163574219
840.57,0.7717016970689216,2.1242902598287023,0.023157894736842106,-0.12820512820512797,0.0,0.05000000074505806,0,93.03105163574219
840.57,0.7717016970689216,2.1242902598287023,0.023157894736842106,-0.12820512820512797,0.0,0.05000000074505806,0,93.03105163574219
840.57,0.7717016970689216,2.1242902598287023,0.023157894736842106,-0.12820512820512797,0.0,0.05000000074505806,0,93.03105163574219
840.57,0.7709199591515008,2.124165174734925,0.023157894736842106,-0.12820512820512797,0.0,0.05000000074505806,0,93.03105163574219
840.57,0.7709199591515008,2.124165174734925,0.023157894736842106,-0.12820512820512797,0.0,0.05000000074505806,0,93.03105163574219
840.57,0.7709199591515008,2.124165174734925,0.023157894736842106,-0.12820512820512797,0.0,0.05000000074505806,0,93.03105163574219
840.6700000000001,0.7709199591515008,2.124165174734925,0.011578947368421053,-0.12820512820512797,0.0,0.05000000074505806,0,93.03105163574219
840.6700000000001,0.7701329526035975,2.1240450747401285,0.011578947368421053,-0.12820512820512797,0.0,0.05000000074505806,0,93.03105163574219
840.6700000000001,0.7701329526035975,2.1240450747401285,0.011578947368421053,-0.12820512820512797,0.0,0.05000000074505806,0,93.03105163574219
840.6700000000001,0.7701329526035975,2.1240450747401285,0.011578947368421053,-0.12820512820512797,0.0,0.05000000074505806,0,93.03105163574219
840.6700000000001,0.7697357780635457,2.12398363205217,0.011578947368421053,-0.12820512820512797,0.0,0.05000000074505806,0,93.03105163574219
840.6700000000001,0.7697357780635457,2.12398363205217,0.011578947368421053,-0.12820512820512797,0.0,0.05000000074505806,0,93.03105163574219
840.6700000000001,0.7697357780635457,2.12398363205217,0.011578947368421053,-0.12820512820512797,0.0,0.05000000074505806,0,93.03105163574219
840.6700000000001,0.7697357780635457,2.12398363205217,0.011578947368421053,-0.12820512820512797,0.0,0.05000000074505806,0,93.03105163574219
840.6700000000001,0.7693361047183975,2.123927630437931,0.011578947368421053,-0.12820512820512797,0.0,0.05000000074505806,0,93.03105163574219
840.6700000000001,0.7693361047183975,2.123927630437931,0.011578947368421053,-0.12820512820512797,0.0,0.05000000074505806,0,93.03105163574219
840.6700000000001,0.7693361047183975,2.123927630437931,0.011578947368421053,-0.12820512820512797,0.0,0.05000000074505806,0,93.03105163574219
840.7700000000001,0.7693361047183975,2.123927630437931,0.011578947368421053,-0.12820512820512797,0.0,0.05000000074505806,0,93.03105163574219
840.7700000000001,0.7693361047183975,2.123927630437931,0.011578947368421053,-0.12820512820512797,0.0,0.05000000074505806,0,93.03105163574219
840.7700000000001,0.7689395826829102,2.1238727488951774,0.011578947368421053,-0.12820512820512797,0.0,0.05000000074505806,0,93.03105163574219
840.7700000000001,0.7689395826829102,2.1238727488951774,0.011578947368421053,-0.12820512820512797,0.0,0.05000000074505806,0,93.03105163574219
840.7700000000001,0.7689395826829102,2.1238727488951774,0.011578947368421053,-0.07692307692307669,0.0,0.05000000074505806,0,93.03105163574219
840.7700000000001,0.7685440744658372,2.1238195013205705,0.011578947368421053,-0.07692307692307669,0.0,0.05000000074505806,0,93.03105163574219
840.7700000000001,0.7685440744658372,2.1238195013205705,0.011578947368421053,-0.07692307692307669,0.0,0.05000000074505806,0,93.03105163574219
840.7700000000001,0.7685440744658372,2.1238195013205705,0.011578947368421053,-0.07692307692307669,0.0,0.05000000074505806,0,93.03105163574219
840.7700000000001,0.7685440744658372,2.1238195013205705,0.011578947368421053,-0.07692307692307669,0.0,0.05000000074505806,0,93.03105163574219
840.7700000000001,0.7685440744658372,2.1238195013205705,0.011578947368421053,-0.07692307692307669,0.0,0.05000000074505806,0,93.03105163574219
840.7700000000001,0.7681477337312492,2.1237680179294283,0.011578947368421053,-0.07692307692307669,0.0,0.05000000074505806,0,93.03105163574219
840.87,0.7681477337312492,2.1237680179294283,0.011578947368421053,-0.07692307692307669,0.0,0.05000000074505806,0,93.03105163574219
840.87,0.7681477337312492,2.1237680179294283,0.011578947368421053,-0.07692307692307669,0.0,0.05000000074505806,0,93.03105163574219
840.87,0.7677530580908997,2.123716998563542,0.011578947368421053,-0.07692307692307669,0.0,0.05000000074505806,0,93.03105163574219
840.87,0.7677530580908997,2.123716998563542,0.011578947368421053,-0.07692307692307669,0.0,0.05000000074505806,0,93.03105163574219
840.87,0.7677530580908997,2.123716998563542,0.011578947368421053,-0.07692307692307669,0.0,0.05000000074505806,0,93.03105163574219
840.87,0.7673563998040073,2.123667736006954,0.011578947368421053,-0.07692307692307669,0.0,0.05000000074505806,0,93.03105163574219
840.87,0.7673563998040073,2.123667736006954,0.011578947368421053,-0.07692307692307669,0.0,0.05000000074505806,0,93.03105163574219
840.87,0.7673563998040073,2.123667736006954,0.011578947368421053,-0.07692307692307669,0.0,0.05000000074505806,0,93.03105163574219
840.87,0.7673563998040073,2.123667736006954,0.0,-0.23692307692307668,0.0,0.05000000074505806,0,93.03105163574219
840.87,0.7669625071666085,2.1236187794608825,0.0,-0.23692307692307668,0.0,0.05000000074505806,0,93.03105163574219
840.87,0.7669625071666085,2.1236187794608825,0.0,-0.23692307692307668,0.0,0.05000000074505806,0,93.03105163574219
840.97,0.7669625071666085,2.1236187794608825,0.0,-0.23692307692307668,0.0,0.05000000074505806,0,93.03105163574219
840.97,0.7669625071666085,2.1236187794608825,0.0,-0.23692307692307668,0.0,0.05000000074505806,0,93.03105163574219
840.97,0.7669625071666085,2.1236187794608825,0.0,-0.3969230769230767,0.0,0.05000000074505806,0,93.03105163574219
840.97,0.7671707635892097,2.123351963452694,0.0,-0.3969230769230767,0.0,0.05000000074505806,0,93.03105163574219
840.97,0.7671707635892097,2.123351963452694,0.0,-0.3969230769230767,0.0,0.05000000074505806,0,93.03105163574219
840.97,0.7671707635892097,2.123351963452694,0.0,-0.2369230769230767,0.0,0.05000000074505806,0,93.03105163574219
840.97,0.7671707635892097,2.123351963452694,0.0,-0.2369230769230767,0.0,0.05000000074505806,0,93.03105163574219
840.97,0.7671707635892097,2.123351963452694,0.0,-0.2369230769230767,0.0,0.05000000074505806,0,93.03105163574219
840.97,0.7671707635892097,2.123351963452694,0.0,-0.2369230769230767,0.0,0.05000000074505806,0,93.03105163574219
840.97,0.7679865211418467,2.122344494852138,0.0,-0.2369230769230767,0.0,0.05000000074505806,0,93.03105163574219
840.97,0.7679865211418467,2.122344494852138,0.0,-0.2369230769230767,0.0,0.05000000074505806,0,93.03105163574219
840.97,0.7679865211418467,2.122344494852138,0.0,-0.2369230769230767,0.0,0.05000000074505806,0,93.03105163574219
840.97,0.7679865211418467,2.122344494852138,0.0,-0.0769230769230767,0.0,0.05000000074505806,0,93.03105163574219
840.97,0.7688033818092278,2.121332291561347,0.0,-0.0769230769230767,0.0,0.05000000074505806,0,93.03105163574219
841.07,0.7688033818092278,2.121332291561347,0.0,-0.0769230769230767,0.0,0.05000000074505806,0,93.03105163574219
841.07,0.7688033818092278,2.121332291561347,0.0,-0.0769230769230767,0.0,0.05000000074505806,0,93.02555847167969
841.07,0.7688033818092278,2.121332291561347,0.0,-0.0769230769230767,0.0,0.05000000074505806,0,93.02555847167969
841.07,0.7688033818092278,2.121332291561347,0.0,-0.2369230769230767,0.0,0.05000000074505806,0,93.02555847167969
841.07,0.7696227973739387,2.1203184291852915,0.0,-0.2369230769230767,0.0,0.05000000074505806,0,93.02555847167969
841.07,0.7696227973739387,2.1203184291852915,0.0,-0.2369230769230767,0.0,0.05000000074505806,0,93.02555847167969
841.07,0.7696227973739387,2.1203184291852915,0.0,-0.2369230769230767,0.0,0.05000000074505806,0,93.02555847167969
841.07,0.7696227973739387,2.1203184291852915,0.0,-0.2369230769230767,0.0,0.05000000074505806,0,93.02555847167969
841.07,0.7696227973739387,2.1203184291852915,0.0,-0.3969230769230767,0.0,0.05000000074505806,0,93.02555847167969
841.07,0.7696227973739387,2.1203184291852915,0.0,-0.3969230769230767,0.0,0.05000000074505806,0,93.02555847167969
841.07,0.7696227973739387,2.1203184291852915,0.0,-0.3969230769230767,0.0,0.05000000074505806,0,93.02555847167969
841.07,0.7704461381012121,2.1193036842212774,0.0,-0.3969230769230767,0.0,0.05000000074505806,0,93.02555847167969
841.07,0.7704461381012121,2.1193036842212774,0.0,-0.3969230769230767,0.0,0.05000000074505806,0,93.02555847167969
841.07,0.7704461381012121,2.1193036842212774,0.0,-0.5569230769230767,0.0,0.05000000074505806,0,93.02555847167969
841.07,0.7704461381012121,2.1193036842212774,0.0,-0.5569230769230767,0.0,0.05000000074505806,0,93.02555847167969
841.07,0.7712731462905414,2.1182885206679916,0.0,-0.5569230769230767,0.0,0.05000000074505806,0,93.02555847167969
841.1700000000001,0.7712731462905414,2.1182885206679916,0.0,-0.5569230769230767,0.0,0.05000000074505806,0,93.02555847167969
841.1700000000001,0.7712731462905414,2.1182885206679916,0.0,-0.5569230769230767,0.0,0.05000000074505806,0,93.02555847167969
841.1700000000001,0.7717189699233252,2.117720737206255,0.0,-0.7169230769230768,0.0,0.05000000074505806,0,93.02555847167969
841.1700000000001,0.7717189699233252,2.117720737206255,0.0,-0.7169230769230768,0.0,0.05000000074505806,0,93.02555847167969
841.1700000000001,0.7716809745573376,2.117718390209334,0.0,-0.7169230769230768,0.0,0.05000000074505806,0,93.02555847167969
841.1700000000001,0.7716809745573376,2.117718390209334,0.0,-0.7169230769230768,0.0,0.05000000074505806,0,93.02555847167969
841.1700000000001,0.7716809745573376,2.117718390209334,0.0,-0.8769230769230768,0.0,0.05000000074505806,0,93.02555847167969
841.1700000000001,0.7716301419842895,2.1177135708486095,0.0,-0.8769230769230768,0.0,0.05000000074505806,0,93.02555847167969
841.2700000000001,0.7716301419842895,2.1177135708486095,0.0,-0.8769230769230768,0.0,0.05000000074505806,0,93.02555847167969
841.2700000000001,0.7716301419842895,2.1177135708486095,0.0,-0.8769230769230768,0.0,0.05000000074505806,0,93.02555847167969
841.2700000000001,0.7716301419842895,2.1177135708486095,0.0,-1.0,0.0,0.05000000074505806,0,93.02555847167969
841.2700000000001,0.7715704558051879,2.1177109454571945,0.0,-1.0,0.0,0.05000000074505806,0,93.02555847167969
841.2700000000001,0.7715704558051879,2.1177109454571945,0.0,-1.0,0.0,0.05000000074505806,0,93.02555847167969
841.2700000000001,0.7715704558051879,2.1177109454571945,0.0,-1.0,0.0,0.05000000074505806,0,93.02555847167969
841.2700000000001,0.7715704558051879,2.1177109454571945,0.0,-1.0,0.0,0.05000000074505806,0,93.02555847167969
841.2700000000001,0.7715137810490226,2.1177074233299487,0.0,-1.0,0.0,0.05000000074505806,0,93.02555847167969
841.2700000000001,0.7715137810490226,2.1177074233299487,0.0,-1.0,0.0,0.05000000074505806,0,93.02555847167969
841.2700000000001,0.7715137810490226,2.1177074233299487,0.0,-1.0,0.0,0.05000000074505806,0,93.02555847167969
841.2700000000001,0.7715137810490226,2.1177074233299487,0.0,-1.0,0.0,0.05000000074505806,0,93.02555847167969
841.2700000000001,0.7715137810490226,2.1177074233299487,0.0,-1.0,0.0,0.05000000074505806,0,93.02555847167969
841.2700000000001,0.7715137810490226,2.1177074233299487,0.0,-1.0,0.0,0.05000000074505806,0,93.02555847167969
841.37,0.771460464978636,2.1177104165922938,0.0,-1.0,0.0,0.05000000074505806,0,93.02555847167969
841.37,0.771460464978636,2.1177104165922938,0.0,-1.0,0.0,0.05000000074505806,0,93.02555847167969
841.37,0.771460464978636,2.1177104165922938,0.0,-1.0,0.0,0.05000000074505806,0,93.02555847167969
841.37,0.771460464978636,2.1177104165922938,0.0,-1.0,0.0,0.05000000074505806,0,93.02555847167969
841.37,0.771460464978636,2.1177104165922938,0.0,-1.0,0.0,0.05000000074505806,0,93.02555847167969
841.37,0.7714092883951358,2.1177150657901747,0.0,-1.0,0.0,0.05000000074505806,0,93.02555847167969
841.37,0.7714092883951358,2.1177150657901747,0.0,-1.0,0.0,0.05000000074505806,0,93.02555847167969
841.37,0.7714092883951358,2.1177150657901747,0.0,-1.0,0.0,0.05000000074505806,0,93.02555847167969
841.37,0.7713572839864448,2.117717421461001,0.0,-1.0,0.0,0.05000000074505806,0,93.02555847167969
841.37,0.7713572839864448,2.117717421461001,0.0,-1.0,0.0,0.05000000074505806,0,93.02555847167969
841.37,0.7713572839864448,2.117717421461001,0.0,-1.0,0.0,0.05000000074505806,0,93.02555847167969
841.37,0.7713572839864448,2.117717421461001,0.0,-1.0,0.0,0.05000000074505806,0,93.02555847167969
841.37,0.7713572839864448,2.117717421461001,0.0,-1.0,0.0,0.05000000074505806,0,93.02555847167969
841.47,0.7713017439013898,2.1177286085291165,0.0,-1.0,0.0,0.05000000074505806,0,93.02555847167969
841.47,0.7713017439013898,2.1177286085291165,0.0,-1.0,0.0,0.05000000074505806,0,93.02555847167969
841.47,0.7713017439013898,2.1177286085291165,0.0,-1.0,0.0,0.05000000074505806,0,93.02555847167969
841.47,0.7713017439013898,2.1177286085291165,0.0,-1.0,0.0,0.05000000074505806,0,93.02555847167969
841.47,0.7713017439013898,2.1177286085291165,0.0,-1.0,0.0,0.05000000074505806,0,93.02555847167969
841.47,0.7712450720547281,2.117733533653651,0.0,-1.0,0.0,0.05000000074505806,0,93.02555847167969
841.47,0.7712450720547281,2.117733533653651,0.0,-1.0,0.0,0.05000000074505806,0,93.02555847167969
841.47,0.7711893770907279,2.117748343362139,0.0,-1.0,0.0,0.05000000074505806,0,93.02555847167969
841.47,0.7711893770907279,2.117748343362139,0.0,-1.0,0.0,0.05000000074505806,0,93.02555847167969
841.47,0.7711893770907279,2.117748343362139,0.0,-1.0,0.0,0.05000000074505806,0,93.02555847167969
841.47,0.7711893770907279,2.117748343362139,0.0,-1.0,0.0,0.05000000074505806,0,93.02555847167969
841.47,0.7711893770907279,2.117748343362139,0.0,-1.0,0.0,0.05000000074505806,0,93.02555847167969
841.47,0.7711893770907279,2.117748343362139,0.0,-1.0,0.0,0.05000000074505806,0,93.02555847167969
841.47,0.7711893770907279,2.117748343362139,0.0,-1.0,0.0,0.05000000074505806,0,93.02555847167969
841.57,0.7711356421842076,2.1177587618321954,0.0,-1.0,0.0,0.05000000074505806,0,93.02555847167969
841.57,0.7711356421842076,2.1177587618321954,0.0,-1.0,0.0,0.05000000074505806,0,93.02129364013672
841.57,0.7711356421842076,2.1177587618321954,0.0,-1.0,0.0,0.05000000074505806,0,93.02129364013672
841.57,0.7710837759943084,2.117772183994253,0.0,-1.0,0.0,0.05000000074505806,0,93.02129364013672
841.57,0.7710837759943084,2.117772183994253,0.0,-1.0,0.0,0.05000000074505806,0,93.02129364013672
841.57,0.7710837759943084,2.117772183994253,0.0,-1.0,0.0,0.05000000074505806,0,93.02129364013672
841.57,0.7710837759943084,2.117772183994253,0.0,-1.0,0.0,0.05000000074505806,0,93.02129364013672
841.57,0.7710323725354163,2.1177893917892434,0.0,-1.0,0.0,0.05000000074505806,0,93.02129364013672
841.57,0.7710323725354163,2.1177893917892434,0.0,-1.0,0.0,0.05000000074505806,0,93.02129364013672
841.57,0.7710323725354163,2.1177893917892434,0.0,-1.0,0.0,0.05000000074505806,0,93.02129364013672
841.57,0.7710323725354163,2.1177893917892434,0.0,-1.0,0.0,0.05000000074505806,0,93.02129364013672
841.57,0.7710323725354163,2.1177893917892434,0.0,-1.0,0.0,0.05000000074505806,0,93.02129364013672
841.6700000000001,0.7709804650617366,2.1178090895249047,0.0,-1.0,0.0,0.05000000074505806,0,93.02129364013672
841.6700000000001,0.7709804650617366,2.1178090895249047,0.0,-1.0,0.0,0.05000000074505806,0,93.02129364013672
841.6700000000001,0.7709804650617366,2.1178090895249047,0.0,-1.0,0.0,0.05000000074505806,0,93.02129364013672
841.6700000000001,0.7709804650617366,2.1178090895249047,0.0,-1.0,0.0,0.05000000074505806,0,93.02129364013672
841.6700000000001,0.7709268256674109,2.1178271854338635,0.0,-1.0,0.0,0.05000000074505806,0,93.02129364013672
841.6700000000001,0.7709268256674109,2.1178271854338635,0.0,-1.0,0.0,0.05000000074505806,0,93.02129364013672
841.6700000000001,0.7709268256674109,2.1178271854338635,0.0,-1.0,0.0,0.05000000074505806,0,93.02129364013672
841.6700000000001,0.77087538349208,2.117851861708576,0.0,-1.0,0.0,0.05000000074505806,0,93.02129364013672
841.6700000000001,0.77087538349208,2.117851861708576,0.0,-1.0,0.0,0.05000000074505806,0,93.02129364013672
841.6700000000001,0.77087538349208,2.117851861708576,0.0,-1.0,0.0,0.05000000074505806,0,93.02129364013672
841.7700000000001,0.7708235907202177,2.1178741140722885,0.0,-1.0,0.0,0.05000000074505806,0,93.02129364013672
841.7700000000001,0.7708235907202177,2.1178741140722885,0.0,-1.0,0.0,0.05000000074505806,0,93.02129364013672
841.7700000000001,0.7708235907202177,2.1178741140722885,0.0,-1.0,0.0,0.05000000074505806,0,93.02129364013672
841.7700000000001,0.7708235907202177,2.1178741140722885,0.0,-1.0,0.0,0.05000000074505806,0,93.02129364013672
841.7700000000001,0.7707753535766839,2.117901054074925,0.0,-1.0,0.0,0.05000000074505806,0,93.02129364013672
841.7700000000001,0.7707753535766839,2.117901054074925,0.04631578947368421,-0.84,0.0,0.05000000074505806,0,93.02129364013672
841.7700000000001,0.7707753535766839,2.117901054074925,0.04631578947368421,-0.84,0.0,0.05000000074505806,0,93.02129364013672
841.7700000000001,0.7707753535766839,2.117901054074925,0.04631578947368421,-0.84,0.0,0.05000000074505806,0,93.02129364013672
841.7700000000001,0.7697551394097474,2.1185211279982488,0.04631578947368421,-0.84,0.0,0.05000000074505806,0,93.02129364013672
841.7700000000001,0.7697551394097474,2.1185211279982488,0.04631578947368421,-0.84,0.0,0.05000000074505806,0,93.02129364013672
841.7700000000001,0.7697551394097474,2.1185211279982488,0.04631578947368421,-0.6799999999999999,0.0,0.05000000074505806,0,93.02129364013672
841.7700000000001,0.7697551394097474,2.1185211279982488,0.04631578947368421,-0.6799999999999999,0.0,0.05000000074505806,0,93.02129364013672
841.87,0.7684001362164733,2.119407890645735,0.04631578947368421,-0.6799999999999999,0.0,0.05000000074505806,0,93.02129364013672
841.87,0.7684001362164733,2.119407890645735,0.04631578947368421,-0.6799999999999999,0.0,0.05000000074505806,0,93.02129364013672
841.87,0.7684001362164733,2.119407890645735,0.04631578947368421,-0.6799999999999999,0.0,0.05000000074505806,0,93.02129364013672
841.87,0.7684001362164733,2.119407890645735,0.05789473684210526,-0.5199999999999999,0.0,0.05000000074505806,0,93.02129364013672
841.87,0.7670776252106809,2.1203290110734834,0.05789473684210526,-0.5199999999999999,0.0,0.05000000074505806,0,93.02129364013672
841.87,0.7670776252106809,2.1203290110734834,0.05789473684210526,-0.5199999999999999,0.0,0.05000000074505806,0,93.02129364013672
841.87,0.7670776252106809,2.1203290110734834,0.05789473684210526,-0.5199999999999999,0.0,0.05000000074505806,0,93.02129364013672
841.87,0.7654668410540312,2.1215065721784194,0.05789473684210526,-0.5199999999999999,0.0,0.05000000074505806,0,93.02129364013672
841.87,0.7654668410540312,2.1215065721784194,0.05789473684210526,-0.3599999999999999,0.0,0.05000000074505806,0,93.02129364013672
841.87,0.7654668410540312,2.1215065721784194,0.05789473684210526,-0.3599999999999999,0.0,0.05000000074505806,0,93.02129364013672
841.97,0.7654668410540312,2.1215065721784194,0.05789473684210526,-0.3599999999999999,0.0,0.05000000074505806,0,93.02129364013672
841.97,0.7654668410540312,2.1215065721784194,0.05789473684210526,-0.3599999999999999,0.0,0.05000000074505806,0,93.02129364013672
841.97,0.7638802305439655,2.122707252735866,0.05789473684210526,-0.3599999999999999,0.0,0.05000000074505806,0,93.02129364013672
841.97,0.7638802305439655,2.122707252735866,0.04631578947368421,-0.19999999999999987,0.0,0.05000000074505806,0,93.02129364013672
841.97,0.7638802305439655,2.122707252735866,0.04631578947368421,-0.19999999999999987,0.0,0.05000000074505806,0,93.02129364013672
841.97,0.7638802305439655,2.122707252735866,0.04631578947368421,-0.19999999999999987,0.0,0.05000000074505806,0,93.02129364013672
841.97,0.762310665685668,2.123923956688451,0.04631578947368421,-0.19999999999999987,0.0,0.05000000074505806,0,93.02129364013672
841.97,0.762310665685668,2.123923956688451,0.04631578947368421,-0.19999999999999987,0.0,0.05000000074505806,0,93.02129364013672
841.97,0.762310665685668,2.123923956688451,0.04631578947368421,-0.03999999999999987,0.0,0.05000000074505806,0,93.02129364013672
841.97,0.762310665685668,2.123923956688451,0.04631578947368421,-0.03999999999999987,0.0,0.05000000074505806,0,93.02129364013672
841.97,0.7610628020431869,2.1249090612820356,0.04631578947368421,-0.03999999999999987,0.0,0.05000000074505806,0,93.02129364013672
841.97,0.7610628020431869,2.1249090612820356,0.04631578947368421,-0.03999999999999987,0.0,0.05000000074505806,0,93.02129364013672
842.07,0.7610628020431869,2.1249090612820356,0.04631578947368421,-0.03999999999999987,0.0,0.05000000074505806,0,93.02129364013672
842.07,0.7598278213741634,2.1258968280535724,0.04631578947368421,0.12000000000000013,0.0,0.05000000074505806,0,93.00894165039062
842.07,0.7598278213741634,2.1258968280535724,0.04631578947368421,0.12000000000000013,0.0,0.05000000074505806,0,93.00894165039062
842.07,0.7598278213741634,2.1258968280535724,0.04631578947368421,0.12000000000000013,0.0,0.05000000074505806,0,93.00894165039062
842.07,0.7598278213741634,2.1258968280535724,0.04631578947368421,0.12000000000000013,0.0,0.05000000074505806,0,93.00894165039062
842.07,0.758602042394762,2.126880851508176,0.04631578947368421,0.12000000000000013,0.0,0.05000000074505806,0,93.00894165039062
842.07,0.758602042394762,2.126880851508176,0.04631578947368421,0.12000000000000013,0.0,0.05000000074505806,0,93.00894165039062
842.07,0.758602042394762,2.126880851508176,0.04631578947368421,0.28000000000000014,0.0,0.05000000074505806,0,93.00894165039062
842.07,0.758602042394762,2.126880851508176,0.04631578947368421,0.28000000000000014,0.0,0.05000000074505806,0,93.00894165039062
842.07,0.758602042394762,2.126880851508176,0.04631578947368421,0.28000000000000014,0.0,0.05000000074505806,0,93.00894165039062
842.07,0.7573775846024405,2.1278562000735173,0.04631578947368421,0.28000000000000014,0.0,0.05000000074505806,0,93.00894165039062
842.07,0.7573775846024405,2.1278562000735173,0.04631578947368421,0.44000000000000017,0.0,0.05000000074505806,0,93.00894165039062
842.07,0.7573775846024405,2.1278562000735173,0.04631578947368421,0.44000000000000017,0.0,0.05000000074505806,0,93.00894165039062
842.1700000000001,0.7573775846024405,2.1278562000735173,0.04631578947368421,0.44000000000000017,0.0,0.05000000074505806,0,93.00894165039062
842.1700000000001,0.7573775846024405,2.1278562000735173,0.04631578947368421,0.44000000000000017,0.0,0.05000000074505806,0,93.00894165039062
842.1700000000001,0.7573775846024405,2.1278562000735173,0.04631578947368421,0.44000000000000017,0.0,0.05000000074505806,0,93.00894165039062
842.1700000000001,0.7573775846024405,2.1278562000735173,0.04631578947368421,0.6000000000000002,0.0,0.05000000074505806,0,93.00894165039062
842.1700000000001,0.7561484183095926,2.128814897488458,0.04631578947368421,0.6000000000000002,0.0,0.05000000074505806,0,93.00894165039062
842.1700000000001,0.7561484183095926,2.128814897488458,0.04631578947368421,0.6000000000000002,0.0,0.05000000074505806,0,93.00894165039062
842.1700000000001,0.7561484183095926,2.128814897488458,0.04631578947368421,0.6000000000000002,0.0,0.05000000074505806,0,93.00894165039062
842.1700000000001,0.7561484183095926,2.128814897488458,0.04631578947368421,0.6000000000000002,0.0,0.05000000074505806,0,93.00894165039062
842.1700000000001,0.7561484183095926,2.128814897488458,0.04631578947368421,0.6410256410256412,0.0,0.05000000074505806,0,93.00894165039062
842.1700000000001,0.7576777203335064,2.1286942631208245,0.04631578947368421,0.6410256410256412,0.0,0.05000000074505806,0,93.00894165039062
842.1700000000001,0.7576777203335064,2.1286942631208245,0.04631578947368421,0.6410256410256412,0.0,0.05000000074505806,0,93.00894165039062
842.1700000000001,0.7576777203335064,2.1286942631208245,0.04631578947368421,0.6410256410256412,0.0,0.05000000074505806,0,93.00894165039062
842.1700000000001,0.7596730996027866,2.128365691866158,0.04631578947368421,0.6410256410256412,0.0,0.05000000074505806,0,93.00894165039062
842.1700000000001,0.7596730996027866,2.128365691866158,0.04631578947368421,0.6410256410256412,0.0,0.05000000074505806,0,93.00894165039062
842.2700000000001,0.7596730996027866,2.128365691866158,0.04631578947368421,0.6410256410256412,0.0,0.05000000074505806,0,93.00894165039062
842.2700000000001,0.7596730996027866,2.128365691866158,0.04631578947368421,0.6410256410256412,0.0,0.05000000074505806,0,93.00894165039062
842.2700000000001,0.7616537799528138,2.128007337916795,0.04631578947368421,0.6410256410256412,0.0,0.05000000074505806,0,93.00894165039062
842.2700000000001,0.7616537799528138,2.128007337916795,0.04631578947368421,0.6410256410256412,0.0,0.05000000074505806,0,93.00894165039062
842.2700000000001,0.7616537799528138,2.128007337916795,0.09263157894736841,0.8010256410256412,0.0,0.05000000074505806,0,93.00894165039062
842.2700000000001,0.7636112591832585,2.1276136715320892,0.09263157894736841,0.8010256410256412,0.0,0.05000000074505806,0,93.00894165039062
842.2700000000001,0.7636112591832585,2.1276136715320892,0.09263157894736841,0.8010256410256412,0.0,0.05000000074505806,0,93.00894165039062
842.2700000000001,0.7636112591832585,2.1276136715320892,0.09263157894736841,0.8010256410256412,0.0,0.05000000074505806,0,93.00894165039062
842.2700000000001,0.7636112591832585,2.1276136715320892,0.09263157894736841,0.8010256410256412,0.0,0.05000000074505806,0,93.00894165039062
842.2700000000001,0.7636112591832585,2.1276136715320892,0.09263157894736841,0.9610256410256413,0.0,0.05000000074505806,0,93.00894165039062
842.2700000000001,0.7636112591832585,2.1276136715320892,0.09263157894736841,0.9610256410256413,0.0,0.05000000074505806,0,93.00894165039062
842.2700000000001,0.7645684917135006,2.1278011599100277,0.09263157894736841,0.9610256410256413,0.0,0.05000000074505806,0,93.00894165039062
842.2700000000001,0.7645684917135006,2.1278011599100277,0.09263157894736841,0.9610256410256413,0.0,0.05000000074505806,0,93.00894165039062
842.37,0.7645684917135006,2.1278011599100277,0.09263157894736841,0.9610256410256413,0.0,0.05000000074505806,0,93.00894165039062
842.37,0.7652182157776685,2.128102664873214,0.05789473684210526,1.0000000000000004,0.0,0.05000000074505806,0,93.00894165039062
842.37,0.7652182157776685,2.128102664873214,0.05789473684210526,1.0000000000000004,0.0,0.05000000074505806,0,93.00894165039062
842.37,0.7652182157776685,2.128102664873214,0.05789473684210526,1.0000000000000004,0.0,0.05000000074505806,0,93.00894165039062
842.37,0.7652182157776685,2.128102664873214,0.05789473684210526,1.0000000000000004,0.0,0.05000000074505806,0,93.00894165039062
842.37,0.7652182157776685,2.128102664873214,0.05789473684210526,1.0000000000000004,0.0,0.05000000074505806,0,93.00894165039062
842.37,0.7652182157776685,2.128102664873214,0.05789473684210526,1.0000000000000004,0.0,0.05000000074505806,0,93.00894165039062
842.37,0.7652182157776685,2.128102664873214,0.05789473684210526,1.0000000000000004,0.0,0.05000000074505806,0,93.00894165039062
842.37,0.7648994516714802,2.1316883045052304,0.05789473684210526,1.0000000000000004,0.0,0.05000000074505806,0,93.00894165039062
842.37,0.7648994516714802,2.1316883045052304,0.05789473684210526,1.0000000000000004,0.0,0.05000000074505806,0,93.00894165039062
842.37,0.7648994516714802,2.1316883045052304,0.05789473684210526,1.0000000000000004,0.0,0.05000000074505806,0,93.00894165039062
842.37,0.7648994516714802,2.1316883045052304,0.05789473684210526,1.0000000000000004,0.0,0.05000000074505806,0,93.00894165039062
842.37,0.7646688898633053,2.135154702330426,0.05789473684210526,1.0000000000000004,0.0,0.05000000074505806,0,93.00894165039062
842.37,0.7646688898633053,2.135154702330426,0.05789473684210526,1.0000000000000004,0.0,0.05000000074505806,0,93.00894165039062
842.37,0.7646688898633053,2.135154702330426,0.05789473684210526,1.0000000000000004,0.0,0.05000000074505806,0,93.00894165039062
842.47,0.7646688898633053,2.135154702330426,0.05789473684210526,1.0000000000000004,0.0,0.05000000074505806,0,93.00894165039062
842.47,0.7644104675367773,2.1385509081954464,0.05789473684210526,1.0000000000000004,0.0,0.05000000074505806,0,93.00894165039062
842.47,0.7644104675367773,2.1385509081954464,0.05789473684210526,1.0000000000000004,0.0,0.05000000074505806,0,93.00894165039062
842.47,0.7641206909388639,2.141874588706149,0.05789473684210526,1.0000000000000004,0.0,0.05000000074505806,0,93.00894165039062
842.47,0.7641206909388639,2.141874588706149,0.05789473684210526,1.0000000000000004,0.0,0.05000000074505806,0,93.00894165039062
842.47,0.7641206909388639,2.141874588706149,0.05789473684210526,1.0000000000000004,0.0,0.05000000074505806,0,93.00894165039062
842.47,0.7641206909388639,2.141874588706149,0.05789473684210526,0.8974358974358978,0.0,0.05000000074505806,0,93.00894165039062
842.47,0.7637986423939879,2.145133587282213,0.05789473684210526,0.8974358974358978,0.0,0.05000000074505806,0,93.00894165039062
842.47,0.7637986423939879,2.145133587282213,0.05789473684210526,0.8974358974358978,0.0,0.05000000074505806,0,93.00894165039062
842.57,0.7637986423939879,2.145133587282213,0.05789473684210526,0.8974358974358978,0.0,0.05000000074505806,0,92.98853302001953
842.57,0.7633621318765579,2.148184985628306,0.05789473684210526,0.8974358974358978,0.0,0.05000000074505806,0,92.98853302001953
842.57,0.7633621318765579,2.148184985628306,0.03473684210526316,1.0000000000000004,0.0,0.0707106813788414,0,92.98853302001953
842.57,0.7633621318765579,2.148184985628306,0.03473684210526316,1.0000000000000004,0.0,0.0707106813788414,0,92.98853302001953
842.57,0.7633621318765579,2.148184985628306,0.03473684210526316,1.0000000000000004,0.0,0.0707106813788414,0,92.98853302001953
842.57,0.7615380052892384,2.1487843374454214,0.03473684210526316,1.0000000000000004,0.0,0.0707106813788414,0,92.98853302001953
842.57,0.7615380052892384,2.1487843374454214,0.03473684210526316,1.0000000000000004,0.0,0.0707106813788414,0,92.98853302001953
842.57,0.7615380052892384,2.1487843374454214,0.03473684210526316,1.0000000000000004,0.0,0.0707106813788414,0,92.98853302001953
842.57,0.7615380052892384,2.1487843374454214,0.03473684210526316,1.0000000000000004,0.0,0.0707106813788414,0,92.98853302001953
842.57,0.7615380052892384,2.1487843374454214,0.03473684210526316,1.0000000000000004,0.0,0.0707106813788414,0,92.98853302001953
842.57,0.7603429008016135,2.1491397799050618,0.03473684210526316,1.0000000000000004,0.0,0.0707106813788414,0,92.98853302001953
842.6700000000001,0.7603429008016135,2.1491397799050618,0.03473684210526316,1.0000000000000004,0.0,0.0707106813788414,0,92.98853302001953
842.6700000000001,0.7603429008016135,2.1491397799050618,0.03473684210526316,1.0000000000000004,0.0,0.0707106813788414,0,92.98853302001953
842.6700000000001,0.7603429008016135,2.1491397799050618,0.03473684210526316,1.0000000000000004,0.0,0.0707106813788414,0,92.98853302001953
842.6700000000001,0.7592574180308693,2.1494237015629705,0.03473684210526316,1.0000000000000004,0.0,0.0707106813788414,0,92.98853302001953
842.6700000000001,0.7592574180308693,2.1494237015629705,0.03473684210526316,1.0000000000000004,0.0,0.0707106813788414,0,92.98853302001953
842.6700000000001,0.7592574180308693,2.1494237015629705,0.03473684210526316,1.0000000000000004,0.0,0.0707106813788414,0,92.98853302001953
842.6700000000001,0.7592574180308693,2.1494237015629705,0.0,1.0000000000000004,0.0,0.0707106813788414,0,92.98853302001953
842.6700000000001,0.7581662862482167,2.1496712016249484,0.0,1.0000000000000004,0.0,0.0707106813788414,0,92.98853302001953
842.6700000000001,0.7581662862482167,2.1496712016249484,0.0,1.0000000000000004,0.0,0.0707106813788414,0,92.98853302001953
842.6700000000001,0.7581662862482167,2.1496712016249484,0.0,1.0000000000000004,0.0,0.0707106813788414,0,92.98853302001953
842.6700000000001,0.7580820758152954,2.149684109670033,0.0,1.0000000000000004,0.0,0.0707106813788414,0,92.98853302001953
842.6700000000001,0.7580820758152954,2.149684109670033,0.0,1.0000000000000004,0.0,0.0707106813788414,0,92.98853302001953
842.6700000000001,0.7580820758152954,2.149684109670033,0.0,1.0000000000000004,0.0,0.0707106813788414,0,92.98853302001953
842.7700000000001,0.7580820758152954,2.149684109670033,0.0,1.0000000000000004,0.0,0.0707106813788414,0,92.98853302001953
842.7700000000001,0.7580820758152954,2.149684109670033,0.0,1.0000000000000004,0.0,0.0707106813788414,0,92.98853302001953
842.7700000000001,0.7580820758152954,2.149684109670033,0.0,1.0000000000000004,0.0,0.0707106813788414,0,92.98853302001953
842.7700000000001,0.7580820758152954,2.149684109670033,0.0,1.0000000000000004,0.0,0.0707106813788414,0,92.98853302001953
842.7700000000001,0.7580820758152954,2.149684109670033,0.0,1.0000000000000004,0.0,0.0707106813788414,0,92.98853302001953
842.7700000000001,0.7582568399610904,2.149412241207303,0.0,1.0000000000000004,0.0,0.0707106813788414,0,92.98853302001953
842.7700000000001,0.7582568399610904,2.149412241207303,0.0,1.0000000000000004,0.0,0.0707106813788414,0,92.98853302001953
842.7700000000001,0.7582568399610904,2.149412241207303,0.0,1.0000000000000004,0.0,0.0707106813788414,0,92.98853302001953
842.7700000000001,0.7582568399610904,2.149412241207303,0.0,1.0000000000000004,0.0,0.0707106813788414,0,92.98853302001953
842.7700000000001,0.7582568399610904,2.149412241207303,0.0,1.0000000000000004,0.0,0.0707106813788414,0,92.98853302001953
842.7700000000001,0.7589446793989358,2.1478372191778,0.0,1.0000000000000004,0.0,0.0707106813788414,0,92.98853302001953
842.7700000000001,0.7589446793989358,2.1478372191778,0.0,1.0000000000000004,0.0,0.0707106813788414,0,92.98853302001953
842.7700000000001,0.7589446793989358,2.1478372191778,0.0,1.0000000000000004,0.0,0.0707106813788414,0,92.98853302001953
842.7700000000001,0.7589446793989358,2.1478372191778,0.0,1.0000000000000004,0.0,0.0707106813788414,0,92.98853302001953
842.7700000000001,0.7589446793989358,2.1478372191778,0.0,1.0000000000000004,0.0,0.0707106813788414,0,92.98853302001953
842.7700000000001,0.7589446793989358,2.1478372191778,0.0,1.0000000000000004,0.0,0.0707106813788414,0,92.98853302001953
842.7700000000001,0.7596039558033201,2.1461754844281917,0.0,1.0000000000000004,0.0,0.0707106813788414,0,92.98853302001953
842.87,0.7596039558033201,2.1461754844281917,0.0,1.0000000000000004,0.0,0.0707106813788414,0,92.98853302001953
842.87,0.7596039558033201,2.1461754844281917,0.0,1.0000000000000004,0.0,0.0707106813788414,0,92.98853302001953
842.87,0.7602306818751301,2.1444203791062724,0.0,1.0000000000000004,0.0,0.0707106813788414,0,92.98853302001953
842.87,0.7602306818751301,2.1444203791062724,0.0,1.0000000000000004,0.0,0.0707106813788414,0,92.98853302001953
842.87,0.7602306818751301,2.1444203791062724,0.0,1.0000000000000004,0.0,0.0707106813788414,0,92.98853302001953
842.87,0.7602306818751301,2.1444203791062724,0.0,1.0000000000000004,0.0,0.0707106813788414,0,92.98853302001953
842.87,0.7608316521360896,2.142577361105214,0.0,1.0000000000000004,0.0,0.0707106813788414,0,92.98853302001953
842.87,0.7608316521360896,2.142577361105214,0.0,1.0000000000000004,0.0,0.0707106813788414,0,92.98853302001953
842.87,0.7608316521360896,2.142577361105214,0.0,1.0000000000000004,0.0,0.0707106813788414,0,92.98853302001953
842.87,0.7614027765082104,2.140641302719784,0.0,1.0000000000000004,0.0,0.0707106813788414,0,92.98853302001953
842.87,0.7614027765082104,2.140641302719784,0.0,1.0000000000000004,0.0,0.0707106813788414,0,92.98853302001953
842.97,0.7614027765082104,2.140641302719784,0.0,1.0000000000000004,0.0,0.0707106813788414,0,92.98853302001953
842.97,0.7614027765082104,2.140641302719784,0.0,1.0000000000000004,0.0,0.0707106813788414,0,92.98853302001953
842.97,0.7614027765082104,2.140641302719784,0.0,1.0000000000000004,0.0,0.0707106813788414,0,92.98853302001953
842.97,0.7618907590717657,2.138863430265609,0.0,1.0000000000000004,0.0,0.0707106813788414,0,92.98853302001953
842.97,0.7618907590717657,2.138863430265609,0.0,1.0000000000000004,0.0,0.0707106813788414,0,92.98853302001953
842.97,0.7618907590717657,2.138863430265609,0.0,1.0000000000000004,0.0,0.0707106813788414,0,92.98853302001953
842.97,0.7618907590717657,2.138863430265609,0.0,1.0000000000000004,0.0,0.0707106813788414,0,92.98853302001953
842.97,0.7618907590717657,2.138863430265609,0.0,1.0000000000000004,0.0,0.0707106813788414,0,92.98853302001953
842.97,0.7619494526012537,2.1388718937596343,0.0,1.0000000000000004,0.0,0.0707106813788414,0,92.98853302001953
842.97,0.7619494526012537,2.1388718937596343,0.0,1.0000000000000004,0.0,0.0707106813788414,0,92.98853302001953
842.97,0.7619494526012537,2.1388718937596343,0.0,1.0000000000000004,0.0,0.0707106813788414,0,92.98853302001953
842.97,0.7619494526012537,2.1388718937596343,0.0,1.0000000000000004,0.0,0.0707106813788414,0,92.98853302001953
842.97,0.7619494526012537,2.1388718937596343,0.0,1.0000000000000004,0.0,0.0707106813788414,0,92.98853302001953
843.07,0.7620067116473369,2.138880514452007,0.0,1.0000000000000004,0.0,0.0707106813788414,0,92.98853302001953
843.07,0.7620067116473369,2.138880514452007,0.0,1.0000000000000004,0.0,0.0707106813788414,0,92.98853302001953
843.07,0.7620638931856891,2.138891926575701,0.0,1.0000000000000004,0.0,0.0707106813788414,0,92.98202514648438
843.07,0.7620638931856891,2.138891926575701,0.0,1.0000000000000004,0.0,0.0707106813788414,0,92.98202514648438
843.07,0.7620638931856891,2.138891926575701,0.0,1.0000000000000004,0.0,0.0707106813788414,0,92.98202514648438
843.07,0.7620638931856891,2.138891926575701,0.0,1.0000000000000004,0.0,0.0707106813788414,0,92.98202514648438
843.07,0.7620638931856891,2.138891926575701,0.0,1.0000000000000004,0.0,0.0707106813788414,0,92.98202514648438
843.07,0.7621210480826158,2.138907426739079,0.0,1.0000000000000004,0.0,0.0707106813788414,0,92.98202514648438
843.07,0.7621210480826158,2.138907426739079,0.0,1.0000000000000004,0.0,0.0707106813788414,0,92.98202514648438
843.07,0.7621210480826158,2.138907426739079,0.0,1.0000000000000004,0.0,0.0707106813788414,0,92.98202514648438
843.1700000000001,0.7621782255811562,2.1389235932843587,0.0,1.0000000000000004,0.0,0.0707106813788414,0,92.98202514648438
843.1700000000001,0.7621782255811562,2.1389235932843587,0.0,1.0000000000000004,0.0,0.0707106813788414,0,92.98202514648438
843.1700000000001,0.7621782255811562,2.1389235932843587,0.0,1.0000000000000004,0.0,0.0707106813788414,0,92.98202514648438
843.1700000000001,0.7621782255811562,2.1389235932843587,0.0,1.0000000000000004,0.0,0.0707106813788414,0,92.98202514648438
843.1700000000001,0.7621782255811562,2.1389235932843587,0.0,1.0000000000000004,0.0,0.0707106813788414,0,92.98202514648438
843.1700000000001,0.7621782255811562,2.1389235932843587,0.0,1.0000000000000004,0.0,0.0707106813788414,0,92.98202514648438
843.1700000000001,0.762234211720786,2.138942018187093,0.0,1.0000000000000004,0.0,0.0707106813788414,0,92.98202514648438
843.1700000000001,0.762234211720786,2.138942018187093,0.0,1.0000000000000004,0.0,0.0707106813788414,0,92.98202514648438
843.1700000000001,0.762234211720786,2.138942018187093,0.0,1.0000000000000004,0.0,0.0707106813788414,0,92.98202514648438
843.1700000000001,0.762234211720786,2.138942018187093,0.0,1.0000000000000004,0.0,0.0707106813788414,0,92.98202514648438
843.1700000000001,0.762289190453892,2.138961563909268,0.0,1.0000000000000004,0.0,0.0707106813788414,0,92.98202514648438
843.1700000000001,0.762289190453892,2.138961563909268,0.0,1.0000000000000004,0.0,0.0707106813788414,0,92.98202514648438
843.1700000000001,0.762289190453892,2.138961563909268,0.0,1.0000000000000004,0.0,0.0707106813788414,0,92.98202514648438
843.2700000000001,0.7623428656041112,2.1389832731834724,0.0,1.0000000000000004,0.0,0.0707106813788414,0,92.98202514648438
843.2700000000001,0.7623428656041112,2.1389832731834724,0.0,1.0000000000000004,0.0,0.0707106813788414,0,92.98202514648438
843.2700000000001,0.7623428656041112,2.1389832731834724,0.0,1.0000000000000004,0.0,0.0707106813788414,0,92.98202514648438
843.2700000000001,0.7623428656041112,2.1389832731834724,0.0,1.0000000000000004,0.0,0.0707106813788414,0,92.98202514648438
843.2700000000001,0.7623947946629961,2.139008015722691,0.0,1.0000000000000004,0.0,0.0707106813788414,0,92.98202514648438
843.2700000000001,0.7623947946629961,2.139008015722691,0.0,1.0000000000000004,0.0,0.0707106813788414,0,92.98202514648438
843.2700000000001,0.7623947946629961,2.139008015722691,0.0,1.0000000000000004,0.0,0.0707106813788414,0,92.98202514648438
843.2700000000001,0.7623947946629961,2.139008015722691,0.0,1.0000000000000004,0.0,0.0707106813788414,0,92.98202514648438
843.2700000000001,0.76244707609477,2.139032834082416,0.0,1.0000000000000004,0.0,0.0707106813788414,0,92.98202514648438
843.2700000000001,0.76244707609477,2.139032834082416,0.0,1.0000000000000004,0.0,0.0707106813788414,0,92.98202514648438
843.2700000000001,0.76244707609477,2.139032834082416,0.0,1.0000000000000004,0.0,0.0707106813788414,0,92.98202514648438
843.37,0.7624971089888346,2.139061583740696,0.0,1.0000000000000004,0.0,0.0707106813788414,0,92.98202514648438
843.37,0.7624971089888346,2.139061583740696,0.0,1.0000000000000004,0.0,0.0707106813788414,0,92.98202514648438
843.37,0.7624971089888346,2.139061583740696,0.0,1.0000000000000004,0.0,0.0707106813788414,0,92.98202514648438
843.37,0.7624971089888346,2.139061583740696,0.0,1.0000000000000004,0.0,0.0707106813788414,0,92.98202514648438
843.37,0.7624874367976262,2.1387177261305084,0.0,1.0000000000000004,0.0,0.0707106813788414,0,92.98202514648438
843.37,0.7624874367976262,2.1387177261305084,0.0,1.0000000000000004,0.0,0.0707106813788414,0,92.98202514648438
843.37,0.7624874367976262,2.1387177261305084,0.0,1.0000000000000004,0.0,0.0707106813788414,0,92.98202514648438
843.37,0.7624874367976262,2.1387177261305084,0.0,1.0000000000000004,0.0,0.0707106813788414,0,92.98202514648438
843.37,0.7623265803132495,2.1374821382879396,0.0,1.0000000000000004,0.0,0.0707106813788414,0,92.98202514648438
843.37,0.7623265803132495,2.1374821382879396,0.0,1.0000000000000004,0.0,0.0707106813788414,0,92.98202514648438
843.37,0.7623265803132495,2.1374821382879396,0.0,1.0000000000000004,0.0,0.0707106813788414,0,92.98202514648438
843.47,0.7621661034995189,2.136245811043347,0.0,1.0000000000000004,0.0,0.0707106813788414,0,92.98202514648438
843.47,0.7621661034995189,2.136245811043347,0.0,1.0000000000000004,0.0,0.0707106813788414,0,92.98202514648438
843.47,0.7621661034995189,2.136245811043347,0.0,1.0000000000000004,0.0,0.0707106813788414,0,92.98202514648438
843.47,0.7621661034995189,2.136245811043347,0.0,1.0000000000000004,0.0,0.0707106813788414,0,92.98202514648438
843.47,0.7620008953945752,2.13501091795296,0.0,1.0000000000000004,0.0,0.0707106813788414,0,92.98202514648438
843.47,0.7620008953945752,2.13501091795296,0.0,1.0000000000000004,0.0,0.0707106813788414,0,92.98202514648438
843.47,0.7620008953945752,2.13501091795296,0.0,1.0000000000000004,0.0,0.0707106813788414,0,92.98202514648438
843.47,0.7618369388289031,2.133775793243324,0.0,1.0000000000000004,0.0,0.0707106813788414,0,92.98202514648438
843.47,0.7618369388289031,2.133775793243324,0.0,1.0000000000000004,0.0,0.0707106813788414,0,92.98202514648438
843.47,0.7618369388289031,2.133775793243324,0.0,1.0000000000000004,0.0,0.0707106813788414,0,92.98202514648438
843.57,0.7618369388289031,2.133775793243324,0.0,1.0000000000000004,0.0,0.0707106813788414,0,92.97692108154297
843.57,0.7618369388289031,2.133775793243324,0.0,1.0000000000000004,0.0,0.0707106813788414,0,92.97692108154297
843.57,0.7616676879089537,2.132541655400379,0.0,1.0000000000000004,0.0,0.0707106813788414,0,92.97692108154297
843.57,0.7616676879089537,2.132541655400379,0.0,1.0000000000000004,0.0,0.0707106813788414,0,92.97692108154297
843.57,0.7616676879089537,2.132541655400379,0.0,1.0000000000000004,0.0,0.0707106813788414,0,92.97692108154297
843.57,0.7631736190895781,2.130833530983522,0.0,1.0000000000000004,0.0,0.0707106813788414,0,92.97692108154297
843.57,0.7631736190895781,2.130833530983522,0.0,1.0000000000000004,0.0,0.0707106813788414,0,92.97692108154297
843.57,0.7631736190895781,2.130833530983522,0.0,1.0000000000000004,0.0,0.0707106813788414,0,92.97692108154297
843.57,0.7631736190895781,2.130833530983522,0.0,1.0000000000000004,0.0,0.0707106813788414,0,92.97692108154297
843.57,0.7631736190895781,2.130833530983522,0.0,1.0000000000000004,0.0,0.0707106813788414,0,92.97692108154297
843.57,0.7631736190895781,2.130833530983522,0.0,1.0000000000000004,0.0,0.0707106813788414,0,92.97692108154297
843.57,0.766796366131156,2.1285251126848697,0.0,1.0000000000000004,0.0,0.0707106813788414,0,92.97692108154297
843.57,0.766796366131156,2.1285251126848697,0.0,1.0000000000000004,0.0,0.0707106813788414,0,92.97692108154297
843.57,0.766796366131156,2.1285251126848697,0.0,1.0000000000000004,0.0,0.0707106813788414,0,92.97692108154297
843.6700000000001,0.766796366131156,2.1285251126848697,0.0,1.0000000000000004,0.0,0.0707106813788414,0,92.97692108154297
843.6700000000001,0.7704181774870995,2.126216911117185,0.0,1.0000000000000004,0.0,0.0707106813788414,0,92.97692108154297
843.6700000000001,0.7704181774870995,2.126216911117185,0.0,1.0000000000000004,0.0,0.0707106813788414,0,92.97692108154297
843.6700000000001,0.7704181774870995,2.126216911117185,0.0,1.0000000000000004,0.0,0.0707106813788414,0,92.97692108154297
843.6700000000001,0.7740385261973262,2.1239086262992055,0.0,1.0000000000000004,0.0,0.0707106813788414,0,92.97692108154297
843.6700000000001,0.7740385261973262,2.1239086262992055,0.0,1.0000000000000004,0.0,0.0707106813788414,0,92.97692108154297
843.6700000000001,0.7740385261973262,2.1239086262992055,0.0,1.0000000000000004,0.0,0.0707106813788414,0,92.97692108154297
843.6700000000001,0.7776563556378874,2.121600281025846,0.0,1.0000000000000004,0.0,0.0707106813788414,0,92.97692108154297
843.6700000000001,0.7776563556378874,2.121600281025846,0.0,1.0000000000000004,0.0,0.0707106813788414,0,92.97692108154297
843.6700000000001,0.7776563556378874,2.121600281025846,0.0,1.0000000000000004,0.0,0.0707106813788414,0,92.97692108154297
843.7700000000001,0.7776563556378874,2.121600281025846,0.0,1.0000000000000004,0.0,0.0707106813788414,0,92.97692108154297
843.7700000000001,0.7812721382748653,2.1192915400423242,0.0,1.0000000000000004,0.0,0.0707106813788414,0,92.97692108154297
843.7700000000001,0.7812721382748653,2.1192915400423242,0.0,1.0000000000000004,0.0,0.0707106813788414,0,92.97692108154297
843.7700000000001,0.7812721382748653,2.1192915400423242,0.0,1.0000000000000004,0.0,0.0707106813788414,0,92.97692108154297
843.7700000000001,0.7812721382748653,2.1192915400423242,0.0,1.0000000000000004,0.0,0.0707106813788414,0,92.97692108154297
843.7700000000001,0.7832008398561564,2.1180917085988895,0.0,1.0000000000000004,0.0,0.0707106813788414,0,92.97692108154297
843.7700000000001,0.7832008398561564,2.1180917085988895,0.0,1.0000000000000004,0.0,0.0707106813788414,0,92.97692108154297
843.7700000000001,0.7832008398561564,2.1180917085988895,0.0,1.0000000000000004,0.0,0.0707106813788414,0,92.97692108154297
843.7700000000001,0.7832008398561564,2.1180917085988895,0.0,1.0000000000000004,0.0,0.0707106813788414,0,92.97692108154297
843.7700000000001,0.7832008398561564,2.1180917085988895,0.0,1.0000000000000004,0.0,0.0707106813788414,0,92.97692108154297
843.7700000000001,0.7832339478994381,2.1181405277787224,0.0,1.0000000000000004,0.0,0.0707106813788414,0,92.97692108154297
843.7700000000001,0.7832339478994381,2.1181405277787224,0.0,1.0000000000000004,0.0,0.0707106813788414,0,92.97692108154297
843.87,0.7832339478994381,2.1181405277787224,0.0,1.0000000000000004,0.0,0.0707106813788414,0,92.97692108154297
843.87,0.7832339478994381,2.1181405277787224,0.0,1.0000000000000004,0.0,0.0707106813788414,0,92.97692108154297
843.87,0.7832669528024521,2.1181909761506987,0.0,1.0000000000000004,0.0,0.0707106813788414,0,92.97692108154297
843.87,0.7832669528024521,2.1181909761506987,0.0,1.0000000000000004,0.0,0.0707106813788414,0,92.97692108154297
843.87,0.7832669528024521,2.1181909761506987,0.0,1.0000000000000004,0.0,0.0707106813788414,0,92.97692108154297
843.87,0.7832669528024521,2.1181909761506987,0.0,1.0000000000000004,0.0,0.0707106813788414,0,92.97692108154297
843.87,0.783296182236779,2.1182418748106504,0.0,1.0000000000000004,0.0,0.0707106813788414,0,92.97692108154297
843.87,0.783296182236779,2.1182418748106504,0.0,1.0000000000000004,0.0,0.0707106813788414,0,92.97692108154297
843.87,0.783296182236779,2.1182418748106504,0.0,1.0000000000000004,0.0,0.0707106813788414,0,92.97692108154297
843.87,0.783296182236779,2.1182418748106504,0.0,1.0000000000000004,0.0,0.0707106813788414,0,92.97692108154297
843.87,0.7833225782496224,2.1182932096791602,0.0,1.0000000000000004,0.0,0.0707106813788414,0,92.97692108154297
843.87,0.7833225782496224,2.1182932096791602,0.0,1.0000000000000004,0.0,0.0707106813788414,0,92.97692108154297
843.97,0.7833225782496224,2.1182932096791602,0.0,1.0000000000000004,0.0,0.0707106813788414,0,92.97692108154297
843.97,0.7833225782496224,2.1182932096791602,0.0,1.0000000000000004,0.0,0.0707106813788414,0,92.97692108154297
843.97,0.783350680053898,2.118347230327381,0.0,1.0000000000000004,0.0,0.0707106813788414,0,92.97692108154297
843.97,0.783350680053898,2.118347230327381,0.0,1.0000000000000004,0.0,0.0707106813788414,0,92.97692108154297
843.97,0.783350680053898,2.118347230327381,0.0,1.0000000000000004,0.0,0.0707106813788414,0,92.97692108154297
843.97,0.781914460363199,2.116982896732533,0.0,1.0000000000000004,0.0,0.0707106813788414,0,92.97692108154297
843.97,0.781914460363199,2.116982896732533,0.0,1.0000000000000004,0.0,0.0707106813788414,0,92.97692108154297
843.97,0.781914460363199,2.116982896732533,0.0,1.0000000000000004,0.0,0.0707106813788414,0,92.97692108154297
843.97,0.781914460363199,2.116982896732533,0.0,1.0000000000000004,0.0,0.0707106813788414,0,92.97692108154297
843.97,0.7795729356144842,2.114733444029586,0.0,1.0000000000000004,0.0,0.0707106813788414,0,92.97692108154297
843.97,0.7795729356144842,2.114733444029586,0.0,1.0000000000000004,0.0,0.0707106813788414,0,92.97692108154297
844.07,0.7795729356144842,2.114733444029586,0.0,1.0000000000000004,0.0,0.0707106813788414,0,92.95089721679688
844.07,0.7772240381039146,2.1124707502540576,0.0,1.0000000000000004,0.0,0.0707106813788414,0,92.95089721679688
844.07,0.7772240381039146,2.1124707502540576,0.0,1.0000000000000004,0.0,0.0707106813788414,0,92.95089721679688
844.07,0.7772240381039146,2.1124707502540576,0.0,1.0000000000000004,0.0,0.0707106813788414,0,92.95089721679688
844.07,0.7772240381039146,2.1124707502540576,0.0,1.0000000000000004,0.0,0.0707106813788414,0,92.95089721679688
844.07,0.7748702590146817,2.1101964617002236,0.0,1.0000000000000004,0.0,0.0707106813788414,0,92.95089721679688
844.07,0.7748702590146817,2.1101964617002236,0.0,1.0000000000000004,0.0,0.0707106813788414,0,92.95089721679688
844.07,0.7748702590146817,2.1101964617002236,0.0,1.0000000000000004,0.0,0.0707106813788414,0,92.95089721679688
844.07,0.7725084796535473,2.107907781638621,0.0,1.0000000000000004,0.0,0.0707106813788414,0,92.95089721679688
844.07,0.7725084796535473,2.107907781638621,0.0,1.0000000000000004,0.0,0.0707106813788414,0,92.95089721679688
844.1700000000001,0.7725084796535473,2.107907781638621,0.0,1.0000000000000004,0.0,0.0707106813788414,0,92.95089721679688
844.1700000000001,0.770142122827335,2.1056076416223095,0.0,1.0000000000000004,0.0,0.0707106813788414,0,92.95089721679688
844.1700000000001,0.770142122827335,2.1056076416223095,0.0,1.0000000000000004,0.0,0.0,0,92.95089721679688
844.1700000000001,0.770142122827335,2.1056076416223095,0.0,1.0000000000000004,0.0,0.0,0,92.95089721679688
844.1700000000001,0.770142122827335,2.1056076416223095,0.0,1.0000000000000004,0.0,0.0,0,92.95089721679688
844.1700000000001,0.7693148782965091,2.1048328037115276,0.0,1.0000000000000004,0.0,0.0,0,92.95089721679688
844.1700000000001,0.7693148782965091,2.1048328037115276,0.0,1.0000000000000004,0.0,0.0,0,92.95089721679688
844.1700000000001,0.7693148782965091,2.1048328037115276,0.0,1.0000000000000004,0.0,0.0,0,92.95089721679688
844.1700000000001,0.7693148782965091,2.1048328037115276,0.0,1.0000000000000004,0.0,0.0,0,92.95089721679688
844.1700000000001,0.7693148782965091,2.1048328037115276,0.0,1.0000000000000004,0.0,0.0,0,92.95089721679688
844.1700000000001,0.7693148782965091,2.1048328037115276,0.0,1.0000000000000004,0.0,0.0,0,92.95089721679688
844.1700000000001,0.7693235615467269,2.104890526403195,0.0,1.0000000000000004,0.0,0.0,0,92.95089721679688
844.1700000000001,0.7693235615467269,2.104890526403195,0.0,1.0000000000000004,0.0,0.0,0,92.95089721679688
844.1700000000001,0.7693235615467269,2.104890526403195,0.0,1.0000000000000004,0.0,0.0,0,92.95089721679688
844.2700000000001,0.7693235615467269,2.104890526403195,0.0,1.0000000000000004,0.0,0.0,0,92.95089721679688
844.2700000000001,0.7693235615467269,2.104890526403195,0.0,1.0000000000000004,0.0,0.0,0,92.95089721679688
844.2700000000001,0.7693235615467269,2.104890526403195,0.0,1.0000000000000004,0.0,0.0,0,92.95089721679688
844.2700000000001,0.7693327660959632,2.104951528838202,0.0,1.0000000000000004,0.0,0.05000000074505806,0,92.95089721679688
844.2700000000001,0.7693327660959632,2.104951528838202,0.0,1.0000000000000004,0.0,0.05000000074505806,0,92.95089721679688
844.2700000000001,0.7693327660959632,2.104951528838202,0.0,1.0000000000000004,0.0,0.05000000074505806,0,92.95089721679688
844.2700000000001,0.7693327660959632,2.104951528838202,0.0,1.0000000000000004,0.0,0.05000000074505806,0,92.95089721679688
844.2700000000001,0.7693327660959632,2.104951528838202,0.0,1.0000000000000004,0.0,0.05000000074505806,0,92.95089721679688
844.2700000000001,0.7693327660959632,2.104951528838202,0.0,1.0000000000000004,0.0,0.05000000074505806,0,92.95089721679688
844.2700000000001,0.7693392405887781,2.1050119825806335,0.0,1.0000000000000004,0.0,0.05000000074505806,0,92.95089721679688
844.2700000000001,0.7693392405887781,2.1050119825806335,0.0,1.0000000000000004,0.0,0.05000000074505806,0,92.95089721679688
844.2700000000001,0.7693392405887781,2.1050119825806335,0.0,1.0000000000000004,0.0,0.05000000074505806,0,92.95089721679688
844.2700000000001,0.7693392405887781,2.1050119825806335,0.0,1.0000000000000004,0.0,0.05000000074505806,0,92.95089721679688
844.2700000000001,0.7693392405887781,2.1050119825806335,0.0,1.0000000000000004,0.0,0.05000000074505806,0,92.95089721679688
844.2700000000001,0.7693421045468245,2.1050704193317324,0.0,0.8400000000000004,0.0,0.05000000074505806,0,92.95089721679688
844.37,0.7693421045468245,2.1050704193317324,0.0,0.8400000000000004,0.0,0.05000000074505806,0,92.95089721679688
844.37,0.7693421045468245,2.1050704193317324,0.0,0.8400000000000004,0.0,0.05000000074505806,0,92.95089721679688
844.37,0.7693429099670772,2.1051251124005925,0.0,0.8400000000000004,0.0,0.05000000074505806,0,92.95089721679688
844.37,0.7693429099670772,2.1051251124005925,0.0,0.8400000000000004,0.0,0.05000000074505806,0,92.95089721679688
844.37,0.7693429099670772,2.1051251124005925,0.0,0.6800000000000004,0.0,0.05000000074505806,0,92.95089721679688
844.37,0.770066274577494,2.1057286561917126,0.0,0.6800000000000004,0.0,0.05000000074505806,0,92.95089721679688
844.37,0.770066274577494,2.1057286561917126,0.0,0.6800000000000004,0.0,0.05000000074505806,0,92.95089721679688
844.37,0.770066274577494,2.1057286561917126,0.0,0.6800000000000004,0.0,0.05000000074505806,0,92.95089721679688
844.37,0.770066274577494,2.1057286561917126,0.0,0.6800000000000004,0.0,0.05000000074505806,0,92.95089721679688
844.37,0.770066274577494,2.1057286561917126,0.0,0.5200000000000004,0.0,0.05000000074505806,0,92.95089721679688
844.37,0.770972901742518,2.1064557099202665,0.0,0.5200000000000004,0.0,0.05000000074505806,0,92.95089721679688
844.47,0.770972901742518,2.1064557099202665,0.0,0.5200000000000004,0.0,0.05000000074505806,0,92.95089721679688
844.47,0.770972901742518,2.1064557099202665,0.0,0.5200000000000004,0.0,0.05000000074505806,0,92.95089721679688
844.47,0.770972901742518,2.1064557099202665,0.0,0.5200000000000004,0.0,0.05000000074505806,0,92.95089721679688
844.47,0.771877068301479,2.107159189051068,0.0,0.3600000000000003,0.0,0.05000000074505806,0,92.95089721679688
844.47,0.771877068301479,2.107159189051068,0.0,0.3600000000000003,0.0,0.05000000074505806,0,92.95089721679688
844.47,0.771877068301479,2.107159189051068,0.0,0.3600000000000003,0.0,0.05000000074505806,0,92.95089721679688
844.47,0.7727779136133568,2.107849985391636,0.0,0.3600000000000003,0.0,0.05000000074505806,0,92.95089721679688
844.47,0.7727779136133568,2.107849985391636,0.0,0.3600000000000003,0.0,0.05000000074505806,0,92.95089721679688
844.47,0.7727779136133568,2.107849985391636,0.0,0.20000000000000032,0.0,0.05000000074505806,0,92.95089721679688
844.47,0.7736757095328695,2.1085224142111207,0.0,0.20000000000000032,0.0,0.05000000074505806,0,92.95089721679688
844.47,0.7736757095328695,2.1085224142111207,0.0,0.20000000000000032,0.0,0.05000000074505806,0,92.95089721679688
844.57,0.7736757095328695,2.1085224142111207,0.0,0.20000000000000032,0.0,0.05000000074505806,0,92.95089721679688
844.57,0.7736757095328695,2.1085224142111207,0.0,0.20000000000000032,0.0,0.05000000074505806,0,92.94232940673828
844.57,0.7745709912259666,2.109177970105646,0.0,0.04000000000000031,0.0,0.05000000074505806,0,92.94232940673828
844.57,0.7745709912259666,2.109177970105646,0.0,0.04000000000000031,0.0,0.05000000074505806,0,92.94232940673828
844.57,0.7745709912259666,2.109177970105646,0.0,0.04000000000000031,0.0,0.05000000074505806,0,92.94232940673828
844.57,0.7745709912259666,2.109177970105646,0.0,0.04000000000000031,0.0,0.05000000074505806,0,92.94232940673828
844.57,0.7760381971492467,2.107976054175519,0.0,0.04000000000000031,0.0,0.05000000074505806,0,92.94232940673828
844.57,0.7760381971492467,2.107976054175519,0.0,-0.11999999999999969,0.0,0.05000000074505806,0,92.94232940673828
844.57,0.7760381971492467,2.107976054175519,0.0,-0.11999999999999969,0.0,0.05000000074505806,0,92.94232940673828
844.57,0.7775376736647026,2.106655936698347,0.0,-0.11999999999999969,0.0,0.05000000074505806,0,92.94232940673828
844.6700000000001,0.7775376736647026,2.106655936698347,0.0,-0.11999999999999969,0.0,0.05000000074505806,0,92.94232940673828
844.6700000000001,0.7775376736647026,2.106655936698347,0.0,-0.11999999999999969,0.0,0.05000000074505806,0,92.94232940673828
844.6700000000001,0.7775376736647026,2.106655936698347,0.0,-0.2799999999999997,0.0,0.05000000074505806,0,92.94232940673828
844.6700000000001,0.7790409036183539,2.1053247047941404,0.0,-0.2799999999999997,0.0,0.05000000074505806,0,92.94232940673828
844.6700000000001,0.7790409036183539,2.1053247047941404,0.0,-0.2799999999999997,0.0,0.05000000074505806,0,92.94232940673828
844.6700000000001,0.7790409036183539,2.1053247047941404,0.0,-0.2799999999999997,0.0,0.05000000074505806,0,92.94232940673828
844.6700000000001,0.7805454317226724,2.103987067405446,0.0,-0.2799999999999997,0.0,0.05000000074505806,0,92.94232940673828
844.6700000000001,0.7805454317226724,2.103987067405446,0.0,-0.4399999999999997,0.0,0.05000000074505806,0,92.94232940673828
844.6700000000001,0.7805454317226724,2.103987067405446,0.0,-0.4399999999999997,0.0,0.05000000074505806,0,92.94232940673828
844.6700000000001,0.7805454317226724,2.103987067405446,0.0,-0.4399999999999997,0.0,0.05000000074505806,0,92.94232940673828
844.6700000000001,0.7820469198061395,2.1026472732032118,0.0,-0.4399999999999997,0.0,0.05000000074505806,0,92.94232940673828
844.7700000000001,0.7820469198061395,2.1026472732032118,0.0,-0.4399999999999997,0.0,0.05000000074505806,0,92.94232940673828
844.7700000000001,0.7820469198061395,2.1026472732032118,0.0,-0.4399999999999997,0.0,0.05000000074505806,0,92.94232940673828
844.7700000000001,0.7820469198061395,2.1026472732032118,0.0,-0.5999999999999998,0.0,0.05000000074505806,0,92.94232940673828
844.7700000000001,0.7835094578489805,2.1013371416599154,0.0,-0.5999999999999998,0.0,0.05000000074505806,0,92.94232940673828
844.7700000000001,0.7835094578489805,2.1013371416599154,0.0,-0.5999999999999998,0.0,0.05000000074505806,0,92.94232940673828
844.7700000000001,0.7835094578489805,2.1013371416599154,0.0,-0.5999999999999998,0.0,0.05000000074505806,0,92.94232940673828
844.7700000000001,0.7835054491463473,2.1013063180783367,0.0,-0.7599999999999998,0.0,0.05000000074505806,0,92.94232940673828
844.7700000000001,0.7835054491463473,2.1013063180783367,0.0,-0.7599999999999998,0.0,0.05000000074505806,0,92.94232940673828
844.7700000000001,0.7835054491463473,2.1013063180783367,0.0,-0.7599999999999998,0.0,0.05000000074505806,0,92.94232940673828
844.7700000000001,0.7835054491463473,2.1013063180783367,0.0,-0.7599999999999998,0.0,0.05000000074505806,0,92.94232940673828
844.7700000000001,0.7835054491463473,2.1013063180783367,0.0,-0.7599999999999998,0.0,0.05000000074505806,0,92.94232940673828
844.87,0.7835057626735744,2.1012627224491136,0.0,-0.9199999999999998,0.0,0.05000000074505806,0,92.94232940673828
844.87,0.7835057626735744,2.1012627224491136,0.0,-0.9199999999999998,0.0,0.05000000074505806,0,92.94232940673828
844.87,0.7835057626735744,2.1012627224491136,0.0,-0.9199999999999998,0.0,0.05000000074505806,0,92.94232940673828
844.87,0.7835057626735744,2.1012627224491136,0.0,-0.9199999999999998,0.0,0.05000000074505806,0,92.94232940673828
844.87,0.7835057626735744,2.1012627224491136,0.0,-0.9199999999999998,0.0,0.05000000074505806,0,92.94232940673828
844.87,0.7835048238352611,2.101207911838597,0.0,-1.0,0.0,0.05000000074505806,0,92.94232940673828
844.87,0.7835048238352611,2.101207911838597,0.0,-1.0,0.0,0.05000000074505806,0,92.94232940673828
844.87,0.7835048238352611,2.101207911838597,0.0,-1.0,0.0,0.05000000074505806,0,92.94232940673828
844.87,0.7835000459037178,2.1011492032312202,0.0,-1.0,0.0,0.05000000074505806,0,92.94232940673828
844.87,0.7835000459037178,2.1011492032312202,0.0,-1.0,0.0,0.05000000074505806,0,92.94232940673828
844.87,0.7835000459037178,2.1011492032312202,0.0,-1.0,0.0,0.05000000074505806,0,92.94232940673828
844.97,0.7834886270213743,2.101089976944006,0.0,-1.0,0.0,0.05000000074505806,0,92.94232940673828
844.97,0.7834886270213743,2.101089976944006,0.0,-1.0,0.0,0.05000000074505806,0,92.94232940673828
844.97,0.7834886270213743,2.101089976944006,0.0,-1.0,0.0,0.05000000074505806,0,92.94232940673828
844.97,0.7834886270213743,2.101089976944006,0.0,-1.0,0.0,0.05000000074505806,0,92.94232940673828
844.97,0.7834886270213743,2.101089976944006,0.0,-1.0,0.0,0.05000000074505806,0,92.94232940673828
844.97,0.7834886270213743,2.101089976944006,0.0,-1.0,0.0,0.05000000074505806,0,92.94232940673828
844.97,0.78325139921646,2.100589523690504,0.0,-1.0,0.0,0.05000000074505806,0,92.94232940673828
844.97,0.78325139921646,2.100589523690504,0.0,-1.0,0.0,0.05000000074505806,0,92.94232940673828
844.97,0.78325139921646,2.100589523690504,0.0,-1.0,0.0,0.05000000074505806,0,92.94232940673828
844.97,0.7816700452238639,2.0975321167067595,0.0,-1.0,0.0,0.05000000074505806,0,92.94232940673828
844.97,0.7816700452238639,2.0975321167067595,0.0,-1.0,0.0,0.05000000074505806,0,92.94232940673828
844.97,0.7816700452238639,2.0975321167067595,0.0,-1.0,0.0,0.05000000074505806,0,92.94232940673828
844.97,0.7816700452238639,2.0975321167067595,0.0,-1.0,0.0,0.05000000074505806,0,92.94232940673828
845.07,0.7800847822714304,2.094446113597494,0.0,-1.0,0.0,0.05000000074505806,0,92.92874145507812
845.07,0.7800847822714304,2.094446113597494,0.0,-1.0,0.0,0.05000000074505806,0,92.92874145507812
845.07,0.7800847822714304,2.094446113597494,0.0,-1.0,0.0,0.05000000074505806,0,92.92874145507812
845.07,0.7800847822714304,2.094446113597494,0.0,-1.0,0.0,0.05000000074505806,0,92.92874145507812
845.07,0.7784857977528251,2.0913363862014243,0.0,-1.0,0.0,0.05000000074505806,0,92.92874145507812
845.07,0.7784857977528251,2.0913363862014243,0.0,-1.0,0.0,0.05000000074505806,0,92.92874145507812
845.07,0.7768795759284195,2.0881993400138885,0.0,-1.0,0.0,0.05000000074505806,0,92.92874145507812
845.07,0.7768795759284195,2.0881993400138885,0.0,-1.0,0.0,0.05000000074505806,0,92.92874145507812
845.07,0.7768795759284195,2.0881993400138885,0.0,-1.0,0.0,0.05000000074505806,0,92.92874145507812
845.1700000000001,0.7768795759284195,2.0881993400138885,0.0,-1.0,0.0,0.05000000074505806,0,92.92874145507812
845.1700000000001,0.7752627332886414,2.085037056706037,0.0,-1.0,0.0,0.05000000074505806,0,92.92874145507812
845.1700000000001,0.7752627332886414,2.085037056706037,0.023157894736842106,-1.0,0.0,0.05000000074505806,0,92.92874145507812
845.1700000000001,0.7752627332886414,2.085037056706037,0.023157894736842106,-1.0,0.0,0.05000000074505806,0,92.92874145507812
845.1700000000001,0.7752627332886414,2.085037056706037,0.023157894736842106,-1.0,0.0,0.05000000074505806,0,92.92874145507812
845.1700000000001,0.774066474113241,2.082678986184857,0.023157894736842106,-1.0,0.0,0.05000000074505806,0,92.92874145507812
845.1700000000001,0.774066474113241,2.082678986184857,0.023157894736842106,-1.0,0.0,0.05000000074505806,0,92.92874145507812
845.1700000000001,0.774066474113241,2.082678986184857,0.023157894736842106,-1.0,0.0,0.05000000074505806,0,92.92874145507812
845.1700000000001,0.7737543732566126,2.0819007456939507,0.023157894736842106,-1.0,0.0,0.05000000074505806,0,92.92874145507812
845.1700000000001,0.7737543732566126,2.0819007456939507,0.023157894736842106,-1.0,0.0,0.05000000074505806,0,92.92874145507812
845.1700000000001,0.7737543732566126,2.0819007456939507,0.023157894736842106,-1.0,0.0,0.05000000074505806,0,92.92874145507812
845.2700000000001,0.7737543732566126,2.0819007456939507,0.023157894736842106,-1.0,0.0,0.05000000074505806,0,92.92874145507812
845.2700000000001,0.7734194375514948,2.0811285700296205,0.023157894736842106,-1.0,0.0,0.05000000074505806,0,92.92874145507812
845.2700000000001,0.7734194375514948,2.0811285700296205,0.023157894736842106,-1.0,0.0,0.05000000074505806,0,92.92874145507812
845.2700000000001,0.7734194375514948,2.0811285700296205,0.023157894736842106,-1.0,0.0,0.05000000074505806,0,92.92874145507812
845.2700000000001,0.7734194375514948,2.0811285700296205,0.023157894736842106,-1.0,0.0,0.05000000074505806,0,92.92874145507812
845.2700000000001,0.7730620110921816,2.080364602648338,0.023157894736842106,-1.0,0.0,0.05000000074505806,0,92.92874145507812
845.2700000000001,0.7730620110921816,2.080364602648338,0.023157894736842106,-1.0,0.0,0.05000000074505806,0,92.92874145507812
845.2700000000001,0.7730620110921816,2.080364602648338,0.023157894736842106,-1.0,0.0,0.05000000074505806,0,92.92874145507812
845.2700000000001,0.7730620110921816,2.080364602648338,0.023157894736842106,-1.0,0.0,0.05000000074505806,0,92.92874145507812
845.2700000000001,0.7726763443242641,2.079614990965157,0.023157894736842106,-1.0,0.0,0.05000000074505806,0,92.92874145507812
845.2700000000001,0.7726763443242641,2.079614990965157,0.023157894736842106,-1.0,0.0,0.05000000074505806,0,92.92874145507812
845.2700000000001,0.7726763443242641,2.079614990965157,0.023157894736842106,-1.0,0.0,0.05000000074505806,0,92.92874145507812
845.37,0.7726763443242641,2.079614990965157,0.023157894736842106,-1.0,0.0,0.05000000074505806,0,92.92874145507812
845.37,0.7726763443242641,2.079614990965157,0.023157894736842106,-1.0,0.0,0.05000000074505806,0,92.92874145507812
845.37,0.7722666963119538,2.078875958976075,0.023157894736842106,-1.0,0.0,0.05000000074505806,0,92.92874145507812
845.37,0.7722666963119538,2.078875958976075,0.023157894736842106,-1.0,0.0,0.05000000074505806,0,92.92874145507812
845.37,0.7722666963119538,2.078875958976075,0.023157894736842106,-1.0,0.0,0.05000000074505806,0,92.92874145507812
845.37,0.7722666963119538,2.078875958976075,0.023157894736842106,-1.0,0.0,0.05000000074505806,0,92.92874145507812
845.37,0.7716842467876945,2.077240872374204,0.023157894736842106,-1.0,0.0,0.05000000074505806,0,92.92874145507812
845.37,0.7716842467876945,2.077240872374204,0.023157894736842106,-1.0,0.0,0.05000000074505806,0,92.92874145507812
845.37,0.7716842467876945,2.077240872374204,0.023157894736842106,-1.0,0.0,0.05000000074505806,0,92.92874145507812
845.37,0.7716842467876945,2.077240872374204,0.023157894736842106,-1.0,0.0,0.05000000074505806,0,92.92874145507812
845.37,0.770769222111907,2.0737179864311615,0.023157894736842106,-1.0,0.0,0.05000000074505806,0,92.92874145507812
845.37,0.770769222111907,2.0737179864311615,0.023157894736842106,-1.0,0.0,0.05000000074505806,0,92.92874145507812
845.47,0.770769222111907,2.0737179864311615,0.023157894736842106,-1.0,0.0,0.05000000074505806,0,92.92874145507812
845.47,0.770769222111907,2.0737179864311615,0.023157894736842106,-1.0,0.0,0.05000000074505806,0,92.92874145507812
845.47,0.7698332450070312,2.0702070028991524,0.023157894736842106,-0.9487179487179487,0.0,0.05000000074505806,0,92.92874145507812
845.47,0.7698332450070312,2.0702070028991524,0.023157894736842106,-0.9487179487179487,0.0,0.05000000074505806,0,92.92874145507812
845.47,0.7698332450070312,2.0702070028991524,0.023157894736842106,-0.9487179487179487,0.0,0.05000000074505806,0,92.92874145507812
845.47,0.7698332450070312,2.0702070028991524,0.023157894736842106,-0.9487179487179487,0.0,0.05000000074505806,0,92.92874145507812
845.47,0.7698332450070312,2.0702070028991524,0.023157894736842106,-0.9487179487179487,0.0,0.05000000074505806,0,92.92874145507812
845.47,0.7698332450070312,2.0702070028991524,0.023157894736842106,-0.9487179487179487,0.0,0.05000000074505806,0,92.92874145507812
845.47,0.7688721573839,2.0667161954747924,0.023157894736842106,-0.9487179487179487,0.0,0.05000000074505806,0,92.92874145507812
845.47,0.7688721573839,2.0667161954747924,0.023157894736842106,-0.9487179487179487,0.0,0.05000000074505806,0,92.92874145507812
845.47,0.7688721573839,2.0667161954747924,0.023157894736842106,-0.9487179487179487,0.0,0.05000000074505806,0,92.92874145507812
845.47,0.7678926405485347,2.0632400970193085,0.023157894736842106,-0.9487179487179487,0.0,0.05000000074505806,0,92.92874145507812
845.47,0.7678926405485347,2.0632400970193085,0.023157894736842106,-0.9487179487179487,0.0,0.05000000074505806,0,92.92874145507812
845.47,0.7678926405485347,2.0632400970193085,0.023157894736842106,-0.9487179487179487,0.0,0.05000000074505806,0,92.92874145507812
845.57,0.7678926405485347,2.0632400970193085,0.023157894736842106,-0.9487179487179487,0.0,0.05000000074505806,0,92.92874145507812
845.57,0.7678926405485347,2.0632400970193085,0.023157894736842106,-0.9487179487179487,0.0,0.05000000074505806,0,92.89178466796875
845.57,0.7668919620499985,2.0597816606229045,0.023157894736842106,-0.9487179487179487,0.0,0.05000000074505806,0,92.89178466796875
845.57,0.7668919620499985,2.0597816606229045,0.023157894736842106,-0.8974358974358974,0.0,0.05000000074505806,0,92.89178466796875
845.57,0.7668919620499985,2.0597816606229045,0.023157894736842106,-0.8974358974358974,0.0,0.05000000074505806,0,92.89178466796875
845.57,0.7660721740431824,2.0575838459734985,0.023157894736842106,-0.8974358974358974,0.0,0.05000000074505806,0,92.89178466796875
845.57,0.7660721740431824,2.0575838459734985,0.023157894736842106,-0.8974358974358974,0.0,0.05000000074505806,0,92.89178466796875
845.57,0.7660721740431824,2.0575838459734985,0.023157894736842106,-0.8974358974358974,0.0,0.05000000074505806,0,92.89178466796875
845.57,0.7654889619035197,2.0569787759794433,0.023157894736842106,-0.846153846153846,0.0,0.05000000074505806,0,92.89178466796875
845.57,0.7654889619035197,2.0569787759794433,0.023157894736842106,-0.846153846153846,0.0,0.05000000074505806,0,92.89178466796875
845.57,0.7654889619035197,2.0569787759794433,0.023157894736842106,-0.846153846153846,0.0,0.05000000074505806,0,92.89178466796875
845.6700000000001,0.7654889619035197,2.0569787759794433,0.023157894736842106,-0.846153846153846,0.0,0.05000000074505806,0,92.89178466796875
845.6700000000001,0.7654889619035197,2.0569787759794433,0.023157894736842106,-0.846153846153846,0.0,0.05000000074505806,0,92.89178466796875
845.6700000000001,0.7648887233961719,2.0563987066646137,0.023157894736842106,-0.846153846153846,0.0,0.05000000074505806,0,92.89178466796875
845.6700000000001,0.7648887233961719,2.0563987066646137,0.023157894736842106,-0.846153846153846,0.0,0.05000000074505806,0,92.89178466796875
845.6700000000001,0.7648887233961719,2.0563987066646137,0.023157894736842106,-0.846153846153846,0.0,0.05000000074505806,0,92.89178466796875
845.6700000000001,0.7642742684165823,2.0558326256751807,0.023157894736842106,-0.846153846153846,0.0,0.05000000074505806,0,92.89178466796875
845.6700000000001,0.7642742684165823,2.0558326256751807,0.023157894736842106,-0.846153846153846,0.0,0.05000000074505806,0,92.89178466796875
845.6700000000001,0.7642742684165823,2.0558326256751807,0.023157894736842106,-0.846153846153846,0.0,0.05000000074505806,0,92.89178466796875
845.6700000000001,0.7642742684165823,2.0558326256751807,0.023157894736842106,-0.846153846153846,0.0,0.05000000074505806,0,92.89178466796875
845.6700000000001,0.7642742684165823,2.0558326256751807,0.023157894736842106,-0.846153846153846,0.0,0.05000000074505806,0,92.89178466796875
845.6700000000001,0.7636449445042611,2.055287132143074,0.023157894736842106,-0.846153846153846,0.0,0.05000000074505806,0,92.89178466796875
845.6700000000001,0.7636449445042611,2.055287132143074,0.023157894736842106,-0.846153846153846,0.0,0.05000000074505806,0,92.89178466796875
845.6700000000001,0.7636449445042611,2.055287132143074,0.023157894736842106,-0.846153846153846,0.0,0.05000000074505806,0,92.89178466796875
845.7700000000001,0.7636449445042611,2.055287132143074,0.023157894736842106,-0.846153846153846,0.0,0.05000000074505806,0,92.89178466796875
845.7700000000001,0.7630006899585958,2.0547580921502027,0.023157894736842106,-0.846153846153846,0.0,0.05000000074505806,0,92.89178466796875
845.7700000000001,0.7630006899585958,2.0547580921502027,0.023157894736842106,-0.846153846153846,0.0,0.05000000074505806,0,92.89178466796875
845.7700000000001,0.7630006899585958,2.0547580921502027,0.023157894736842106,-0.846153846153846,0.0,0.05000000074505806,0,92.89178466796875
845.7700000000001,0.7630006899585958,2.0547580921502027,0.023157894736842106,-0.846153846153846,0.0,0.05000000074505806,0,92.89178466796875
845.7700000000001,0.7630006899585958,2.0547580921502027,0.023157894736842106,-0.846153846153846,0.0,0.05000000074505806,0,92.89178466796875
845.7700000000001,0.7630006899585958,2.0547580921502027,0.023157894736842106,-0.846153846153846,0.0,0.05000000074505806,0,92.89178466796875
845.7700000000001,0.763047961068404,2.053529992978356,0.023157894736842106,-0.846153846153846,0.0,0.05000000074505806,0,92.89178466796875
845.7700000000001,0.763047961068404,2.053529992978356,0.023157894736842106,-0.846153846153846,0.0,0.05000000074505806,0,92.89178466796875
845.7700000000001,0.763047961068404,2.053529992978356,0.023157894736842106,-0.846153846153846,0.0,0.05000000074505806,0,92.89178466796875
845.7700000000001,0.763047961068404,2.053529992978356,0.023157894736842106,-0.846153846153846,0.0,0.05000000074505806,0,92.89178466796875
845.7700000000001,0.7635748739888044,2.051812747037591,0.023157894736842106,-0.846153846153846,0.0,0.05000000074505806,0,92.89178466796875
845.7700000000001,0.7635748739888044,2.051812747037591,0.023157894736842106,-0.846153846153846,0.0,0.05000000074505806,0,92.89178466796875
845.87,0.7635748739888044,2.051812747037591,0.023157894736842106,-0.846153846153846,0.0,0.05000000074505806,0,92.89178466796875
845.87,0.7635748739888044,2.051812747037591,0.023157894736842106,-0.846153846153846,0.0,0.05000000074505806,0,92.89178466796875
845.87,0.7640877663835617,2.0501170496830703,0.023157894736842106,-0.846153846153846,0.0,0.05000000074505806,0,92.89178466796875
845.87,0.7640877663835617,2.0501170496830703,0.023157894736842106,-0.846153846153846,0.0,0.05000000074505806,0,92.89178466796875
845.87,0.7640877663835617,2.0501170496830703,0.023157894736842106,-0.846153846153846,0.0,0.05000000074505806,0,92.89178466796875
845.87,0.7640877663835617,2.0501170496830703,0.023157894736842106,-0.846153846153846,0.0,0.05000000074505806,0,92.89178466796875
845.87,0.7640877663835617,2.0501170496830703,0.011578947368421053,-1.0,0.0,0.05000000074505806,0,92.89178466796875
845.87,0.7645878605722605,2.0484389859120804,0.011578947368421053,-1.0,0.0,0.05000000074505806,0,92.89178466796875
845.87,0.7645878605722605,2.0484389859120804,0.011578947368421053,-1.0,0.0,0.05000000074505806,0,92.89178466796875
845.87,0.7645878605722605,2.0484389859120804,0.011578947368421053,-1.0,0.0,0.05000000074505806,0,92.89178466796875
845.87,0.7654029736622014,2.0469772838095275,0.011578947368421053,-1.0,0.0,0.05000000074505806,0,92.89178466796875
845.97,0.7654029736622014,2.0469772838095275,0.03473684210526316,-1.0,0.0,0.05000000074505806,0,92.89178466796875
845.97,0.7654029736622014,2.0469772838095275,0.03473684210526316,-1.0,0.0,0.05000000074505806,0,92.89178466796875
845.97,0.7654029736622014,2.0469772838095275,0.03473684210526316,-1.0,0.0,0.05000000074505806,0,92.89178466796875
845.97,0.766210306468891,2.0455290100130608,0.03473684210526316,-1.0,0.0,0.05000000074505806,0,92.89178466796875
845.97,0.766210306468891,2.0455290100130608,0.03473684210526316,-1.0,0.0,0.05000000074505806,0,92.89178466796875
845.97,0.766210306468891,2.0455290100130608,0.03473684210526316,-1.0,0.0,0.05000000074505806,0,92.89178466796875
845.97,0.7668506893026731,2.0450736488833483,0.03473684210526316,-1.0,0.0,0.05000000074505806,0,92.89178466796875
845.97,0.7668506893026731,2.0450736488833483,0.03473684210526316,-1.0,0.0,0.05000000074505806,0,92.89178466796875
845.97,0.7668506893026731,2.0450736488833483,0.03473684210526316,-1.0,0.0,0.05000000074505806,0,92.89178466796875
845.97,0.7668506893026731,2.0450736488833483,0.03473684210526316,-1.0,0.0,0.05000000074505806,0,92.89178466796875
845.97,0.7676940230360085,2.045219456111266,0.03473684210526316,-1.0,0.0,0.0707106813788414,0,92.89178466796875
846.07,0.7676940230360085,2.045219456111266,0.03473684210526316,-1.0,0.0,0.0707106813788414,0,92.87376403808594
846.07,0.7676940230360085,2.045219456111266,0.03473684210526316,-1.0,0.0,0.0707106813788414,0,92.87376403808594
846.07,0.7685215181304563,2.0454157124965695,0.03473684210526316,-1.0,0.0,0.0707106813788414,0,92.87376403808594
846.07,0.7685215181304563,2.0454157124965695,0.03473684210526316,-1.0,0.0,0.0707106813788414,0,92.87376403808594
846.07,0.7685215181304563,2.0454157124965695,0.011578947368421053,-1.0,0.0,0.0707106813788414,0,92.87376403808594
846.07,0.7685215181304563,2.0454157124965695,0.011578947368421053,-1.0,0.0,0.0707106813788414,0,92.87376403808594
846.07,0.7685215181304563,2.0454157124965695,0.011578947368421053,-1.0,0.0,0.0707106813788414,0,92.87376403808594
846.07,0.7693360989787064,2.0456522253065526,0.011578947368421053,-1.0,0.0,0.0707106813788414,0,92.87376403808594
846.07,0.7693360989787064,2.0456522253065526,0.011578947368421053,-1.0,0.0,0.0707106813788414,0,92.87376403808594
846.07,0.7693360989787064,2.0456522253065526,0.011578947368421053,-1.0,0.0,0.0707106813788414,0,92.87376403808594
846.07,0.7693360989787064,2.0456522253065526,0.011578947368421053,-1.0,0.0,0.0707106813788414,0,92.87376403808594
846.07,0.7708749446928351,2.0461782281091327,0.011578947368421053,-1.0,0.0,0.0707106813788414,0,92.87376403808594
846.1700000000001,0.7708749446928351,2.0461782281091327,0.011578947368421053,-1.0,0.0,0.0707106813788414,0,92.87376403808594
846.1700000000001,0.7708749446928351,2.0461782281091327,0.011578947368421053,-1.0,0.0,0.0707106813788414,0,92.87376403808594
846.1700000000001,0.772412053144609,2.0467169931732947,0.011578947368421053,-1.0,0.0,0.0707106813788414,0,92.87376403808594
846.1700000000001,0.772412053144609,2.0467169931732947,0.011578947368421053,-1.0,0.0,0.0707106813788414,0,92.87376403808594
846.1700000000001,0.772412053144609,2.0467169931732947,0.011578947368421053,-1.0,0.0,0.0707106813788414,0,92.87376403808594
846.1700000000001,0.772412053144609,2.0467169931732947,0.011578947368421053,-1.0,0.0,0.0707106813788414,0,92.87376403808594
846.1700000000001,0.772412053144609,2.0467169931732947,0.011578947368421053,-1.0,0.0,0.0707106813788414,0,92.87376403808594
846.1700000000001,0.772412053144609,2.0467169931732947,0.011578947368421053,-1.0,0.0,0.0707106813788414,0,92.87376403808594
846.1700000000001,0.7728429535824188,2.046895181504661,0.011578947368421053,-1.0,0.0,0.0707106813788414,0,92.87376403808594
846.1700000000001,0.7728429535824188,2.046895181504661,0.011578947368421053,-1.0,0.0,0.0707106813788414,0,92.87376403808594
846.1700000000001,0.7728429535824188,2.046895181504661,0.011578947368421053,-1.0,0.0,0.0707106813788414,0,92.87376403808594
846.1700000000001,0.7728429535824188,2.046895181504661,0.011578947368421053,-1.0,0.0,0.0707106813788414,0,92.87376403808594
846.1700000000001,0.7728429535824188,2.046895181504661,0.0,-1.0,0.0,0.0707106813788414,0,92.87376403808594
846.1700000000001,0.7724013370547451,2.0467900205269505,0.0,-1.0,0.0,0.0707106813788414,0,92.87376403808594
846.1700000000001,0.7724013370547451,2.0467900205269505,0.0,-1.0,0.0,0.0707106813788414,0,92.87376403808594
846.2700000000001,0.7724013370547451,2.0467900205269505,0.0,-1.0,0.0,0.0707106813788414,0,92.87376403808594
846.2700000000001,0.7724013370547451,2.0467900205269505,0.0,-1.0,0.0,0.0707106813788414,0,92.87376403808594
846.2700000000001,0.7724013370547451,2.0467900205269505,0.0,-1.0,0.0,0.0707106813788414,0,92.87376403808594
846.2700000000001,0.7723395628921029,2.0467754542336123,0.0,-1.0,0.0,0.0707106813788414,0,92.87376403808594
846.2700000000001,0.7723395628921029,2.0467754542336123,0.0,-1.0,0.0,0.0707106813788414,0,92.87376403808594
846.2700000000001,0.7723395628921029,2.0467754542336123,0.0,-1.0,0.0,0.0707106813788414,0,92.87376403808594
846.2700000000001,0.7723395628921029,2.0467754542336123,0.0,-1.0,0.0,0.0707106813788414,0,92.87376403808594
846.2700000000001,0.7723395628921029,2.0467754542336123,0.0,-1.0,0.0,0.0707106813788414,0,92.87376403808594
846.2700000000001,0.7723395628921029,2.0467754542336123,0.0,-1.0,0.0,0.0707106813788414,0,92.87376403808594
846.2700000000001,0.7722836082215584,2.046764236478544,0.0,-1.0,0.0,0.0707106813788414,0,92.87376403808594
846.2700000000001,0.7722836082215584,2.046764236478544,0.0,-1.0,0.0,0.0707106813788414,0,92.87376403808594
846.2700000000001,0.7722836082215584,2.046764236478544,0.0,-1.0,0.0,0.0707106813788414,0,92.87376403808594
846.2700000000001,0.7722836082215584,2.046764236478544,0.0,-1.0,0.0,0.0707106813788414,0,92.87376403808594
846.37,0.7722278895574154,2.046753988140761,0.0,-1.0,0.0,0.0707106813788414,0,92.87376403808594
846.37,0.7722278895574154,2.046753988140761,0.0,-1.0,0.0,0.0707106813788414,0,92.87376403808594
846.37,0.7722278895574154,2.046753988140761,0.0,-1.0,0.0,0.0707106813788414,0,92.87376403808594
846.37,0.7722278895574154,2.046753988140761,0.0,-1.0,0.0,0.0707106813788414,0,92.87376403808594
846.37,0.7721737990618264,2.046747651704826,0.0,-1.0,0.0,0.0707106813788414,0,92.87376403808594
846.37,0.7721737990618264,2.046747651704826,0.0,-1.0,0.0,0.0707106813788414,0,92.87376403808594
846.37,0.7721737990618264,2.046747651704826,0.0,-1.0,0.0,0.0707106813788414,0,92.87376403808594
846.37,0.7724469971451867,2.0444483096424055,0.0,-1.0,0.0,0.0707106813788414,0,92.87376403808594
846.37,0.7724469971451867,2.0444483096424055,0.0,-1.0,0.0,0.0707106813788414,0,92.87376403808594
846.37,0.7724469971451867,2.0444483096424055,0.0,-1.0,0.0,0.0707106813788414,0,92.87376403808594
846.37,0.7724469971451867,2.0444483096424055,0.0,-1.0,0.0,0.0707106813788414,0,92.87376403808594
846.37,0.7724469971451867,2.0444483096424055,0.0,-1.0,0.0,0.0707106813788414,0,92.87376403808594
846.37,0.7724469971451867,2.0444483096424055,0.0,-1.0,0.0,0.0707106813788414,0,92.87376403808594
846.47,0.7728749755505744,2.041042465825473,0.0,-1.0,0.0,0.0707106813788414,0,92.87376403808594
846.47,0.7728749755505744,2.041042465825473,0.0,-1.0,0.0,0.0707106813788414,0,92.87376403808594
846.47,0.7728749755505744,2.041042465825473,0.0,-1.0,0.0,0.0707106813788414,0,92.87376403808594
846.47,0.7732980694707604,2.0376224323904246,0.0,-1.0,0.0,0.0707106813788414,0,92.87376403808594
846.47,0.7732980694707604,2.0376224323904246,0.0,-1.0,0.0,0.0707106813788414,0,92.87376403808594
846.47,0.7732980694707604,2.0376224323904246,0.0,-1.0,0.0,0.0707106813788414,0,92.87376403808594
846.47,0.7732980694707604,2.0376224323904246,0.0,-0.9487179487179487,0.0,0.0707106813788414,0,92.87376403808594
846.47,0.773718792092651,2.0341902463839014,0.0,-0.9487179487179487,0.0,0.0707106813788414,0,92.87376403808594
846.47,0.773718792092651,2.0341902463839014,0.0,-0.9487179487179487,0.0,0.0707106813788414,0,92.87376403808594
846.47,0.773718792092651,2.0341902463839014,0.0,-0.9487179487179487,0.0,0.0707106813788414,0,92.87376403808594
846.57,0.7741370524840614,2.0307436887682035,0.0,-0.9487179487179487,0.0,0.0707106813788414,0,92.87376403808594
846.57,0.7741370524840614,2.0307436887682035,0.0,-0.9487179487179487,0.0,0.0707106813788414,0,92.85791778564453
846.57,0.7741370524840614,2.0307436887682035,0.0,-0.9487179487179487,0.0,0.0707106813788414,0,92.85791778564453
846.57,0.7745519380996304,2.027283222807216,0.0,-0.9487179487179487,0.0,0.0707106813788414,0,92.85791778564453
846.57,0.7745519380996304,2.027283222807216,0.0,-0.9487179487179487,0.0,0.0707106813788414,0,92.85791778564453
846.57,0.7745519380996304,2.027283222807216,0.0,-0.9487179487179487,0.0,0.0707106813788414,0,92.85791778564453
846.57,0.7745519380996304,2.027283222807216,0.0,-0.8974358974358974,0.0,0.0707106813788414,0,92.85791778564453
846.57,0.7745813495650702,2.026674942376669,0.0,-0.8974358974358974,0.0,0.0707106813788414,0,92.85791778564453
846.57,0.7745813495650702,2.026674942376669,0.0,-0.8974358974358974,0.0,0.0707106813788414,0,92.85791778564453
846.57,0.7745813495650702,2.026674942376669,0.0,-0.8974358974358974,0.0,0.0707106813788414,0,92.85791778564453
846.57,0.7745813495650702,2.026674942376669,0.0,-0.8974358974358974,0.0,0.0707106813788414,0,92.85791778564453
846.57,0.7745813495650702,2.026674942376669,0.0,-0.8974358974358974,0.0,0.0707106813788414,0,92.85791778564453
846.6700000000001,0.7745307640989632,2.026680768109179,0.0,-0.8974358974358974,0.0,0.0707106813788414,0,92.85791778564453
846.6700000000001,0.7745307640989632,2.026680768109179,0.0,-0.8974358974358974,0.0,0.0707106813788414,0,92.85791778564453
846.6700000000001,0.7745307640989632,2.026680768109179,0.0,-0.8974358974358974,0.0,0.0707106813788414,0,92.85791778564453
846.6700000000001,0.7745307640989632,2.026680768109179,0.0,-0.8974358974358974,0.0,0.0707106813788414,0,92.85791778564453
846.6700000000001,0.7745307640989632,2.026680768109179,0.0,-0.8974358974358974,0.0,0.0707106813788414,0,92.85791778564453
846.6700000000001,0.7744808853473748,2.026688094283069,0.0,-0.8974358974358974,0.0,0.0707106813788414,0,92.85791778564453
846.6700000000001,0.7744808853473748,2.026688094283069,0.0,-0.8974358974358974,0.0,0.0707106813788414,0,92.85791778564453
846.6700000000001,0.7744808853473748,2.026688094283069,0.0,-0.8974358974358974,0.0,0.0707106813788414,0,92.85791778564453
846.6700000000001,0.7744305831053382,2.0266968701367616,0.0,-0.8974358974358974,0.0,0.0707106813788414,0,92.85791778564453
846.6700000000001,0.7744305831053382,2.0266968701367616,0.0,-0.846153846153846,0.0,0.0707106813788414,0,92.85791778564453
846.6700000000001,0.7744305831053382,2.0266968701367616,0.0,-0.846153846153846,0.0,0.0707106813788414,0,92.85791778564453
846.6700000000001,0.7744305831053382,2.0266968701367616,0.0,-0.846153846153846,0.0,0.0707106813788414,0,92.85791778564453
846.6700000000001,0.7744305831053382,2.0266968701367616,0.0,-0.846153846153846,0.0,0.0707106813788414,0,92.85791778564453
846.7700000000001,0.7743783300696789,2.0267070041501642,0.0,-0.846153846153846,0.0,0.0707106813788414,0,92.85791778564453
846.7700000000001,0.7743783300696789,2.0267070041501642,0.0,-0.7948717948717947,0.0,0.0707106813788414,0,92.85791778564453
846.7700000000001,0.7743783300696789,2.0267070041501642,0.0,-0.7948717948717947,0.0,0.0707106813788414,0,92.85791778564453
846.7700000000001,0.7743311333315408,2.0267179417874206,0.0,-0.7948717948717947,0.0,0.0707106813788414,0,92.85791778564453
846.7700000000001,0.7743311333315408,2.0267179417874206,0.0,-0.7948717948717947,0.0,0.0707106813788414,0,92.85791778564453
846.7700000000001,0.7743311333315408,2.0267179417874206,0.0,-0.7948717948717947,0.0,0.0707106813788414,0,92.85791778564453
846.7700000000001,0.7724571858036469,2.023877181199555,0.0,-0.7948717948717947,0.0,0.0707106813788414,0,92.85791778564453
846.7700000000001,0.7724571858036469,2.023877181199555,0.0,-0.7948717948717947,0.0,0.0707106813788414,0,92.85791778564453
846.7700000000001,0.7724571858036469,2.023877181199555,0.0,-0.7948717948717947,0.0,0.0707106813788414,0,92.85791778564453
846.7700000000001,0.7724571858036469,2.023877181199555,0.0,-0.7948717948717947,0.0,0.0707106813788414,0,92.85791778564453
846.87,0.7704682243731329,2.0208385530829696,0.0,-0.7948717948717947,0.0,0.0707106813788414,0,92.85791778564453
846.87,0.7704682243731329,2.0208385530829696,0.0,-0.7948717948717947,0.0,0.0707106813788414,0,92.85791778564453
846.87,0.7704682243731329,2.0208385530829696,0.0,-0.7948717948717947,0.0,0.0707106813788414,0,92.85791778564453
846.87,0.7704682243731329,2.0208385530829696,0.0,-0.7948717948717947,0.0,0.12071067839860916,0,92.85791778564453
846.87,0.7684738906703895,2.017781237989004,0.0,-0.7948717948717947,0.0,0.12071067839860916,0,92.85791778564453
846.87,0.7684738906703895,2.017781237989004,0.0,-0.7948717948717947,0.0,0.12071067839860916,0,92.85791778564453
846.87,0.7684738906703895,2.017781237989004,0.0,-0.7435897435897434,0.0,0.12071067839860916,0,92.85791778564453
846.87,0.7684738906703895,2.017781237989004,0.0,-0.7435897435897434,0.0,0.12071067839860916,0,92.85791778564453
846.87,0.7684738906703895,2.017781237989004,0.0,-0.7435897435897434,0.0,0.12071067839860916,0,92.85791778564453
846.87,0.7664763872714881,2.0147036836219776,0.0,-0.7435897435897434,0.0,0.12071067839860916,0,92.85791778564453
846.87,0.7664763872714881,2.0147036836219776,0.0,-0.7435897435897434,0.0,0.12071067839860916,0,92.85791778564453
846.87,0.7664763872714881,2.0147036836219776,0.0,-0.7435897435897434,0.0,0.12071067839860916,0,92.85791778564453
846.97,0.7644729407022648,2.011606234943374,0.0,-0.7435897435897434,0.0,0.12071067839860916,0,92.85791778564453
846.97,0.7644729407022648,2.011606234943374,0.0,-0.7435897435897434,0.0,0.12071067839860916,0,92.85791778564453
846.97,0.7644729407022648,2.011606234943374,0.0,-0.7435897435897434,0.0,0.12071067839860916,0,92.85791778564453
846.97,0.7644729407022648,2.011606234943374,0.0,-0.7435897435897434,0.0,0.12071067839860916,0,92.85791778564453
846.97,0.7644729407022648,2.011606234943374,0.0,-0.6923076923076921,0.0,0.12071067839860916,0,92.85791778564453
846.97,0.7644729407022648,2.011606234943374,0.0,-0.6923076923076921,0.0,0.12071067839860916,0,92.85791778564453
846.97,0.7624799347613573,2.0085970826477837,0.0,-0.6923076923076921,0.0,0.12071067839860916,0,92.85791778564453
846.97,0.7624799347613573,2.0085970826477837,0.0,-0.6923076923076921,0.0,0.12071067839860916,0,92.85791778564453
846.97,0.7624799347613573,2.0085970826477837,0.0,-0.6923076923076921,0.0,0.12071067839860916,0,92.85791778564453
846.97,0.760895088799934,2.009182012030693,0.0,-0.6410256410256407,0.0,0.12071067839860916,0,92.85791778564453
846.97,0.760895088799934,2.009182012030693,0.0,-0.6410256410256407,0.0,0.12071067839860916,0,92.85791778564453
847.07,0.760895088799934,2.009182012030693,0.0,-0.6410256410256407,0.0,0.12071067839860916,0,92.8326187133789
847.07,0.760895088799934,2.009182012030693,0.0,-0.6410256410256407,0.0,0.12071067839860916,0,92.8326187133789
847.07,0.7593136339930266,2.0097661167492347,0.0,-0.6410256410256407,0.0,0.12071067839860916,0,92.8326187133789
847.07,0.7593136339930266,2.0097661167492347,0.0,-0.6410256410256407,0.0,0.12071067839860916,0,92.8326187133789
847.07,0.7593136339930266,2.0097661167492347,0.0,-0.6410256410256407,0.0,0.12071067839860916,0,92.8326187133789
847.07,0.7593136339930266,2.0097661167492347,0.0,-0.6410256410256407,0.0,0.12071067839860916,0,92.8326187133789
847.07,0.7577346160329372,2.0103497132810864,0.0,-0.6410256410256407,0.0,0.12071067839860916,0,92.8326187133789
847.07,0.7577346160329372,2.0103497132810864,0.0,-0.6410256410256407,0.0,0.12071067839860916,0,92.8326187133789
847.07,0.7577346160329372,2.0103497132810864,0.0,-0.6410256410256407,0.0,0.12071067839860916,0,92.8326187133789
847.07,0.7561549435652235,2.0109353171699267,0.0,-0.6410256410256407,0.0,0.12071067839860916,0,92.8326187133789
847.07,0.7561549435652235,2.0109353171699267,0.0,-0.6410256410256407,0.0,0.12071067839860916,0,92.8326187133789
847.07,0.7561549435652235,2.0109353171699267,0.0,-0.6410256410256407,0.0,0.12071067839860916,0,92.8326187133789
847.07,0.7561549435652235,2.0109353171699267,0.0,-0.6410256410256407,0.0,0.12071067839860916,0,92.8326187133789
847.1700000000001,0.7561549435652235,2.0109353171699267,0.0,-0.6410256410256407,0.0,0.12071067839860916,0,92.8326187133789
847.1700000000001,0.7545763453035821,2.0115205291302374,0.0,-0.6410256410256407,0.0,0.12071067839860916,0,92.8326187133789
847.1700000000001,0.7545763453035821,2.0115205291302374,0.0,-0.6410256410256407,0.0,0.12071067839860916,0,92.8326187133789
847.1700000000001,0.7545763453035821,2.0115205291302374,0.0,-0.6410256410256407,0.0,0.12071067839860916,0,92.8326187133789
847.1700000000001,0.7545763453035821,2.0115205291302374,0.0,-0.6410256410256407,0.0,0.12071067839860916,0,92.8326187133789
847.1700000000001,0.7530436505790351,2.0121666676756944,0.0,-0.6410256410256407,0.0,0.12071067839860916,0,92.8326187133789
847.1700000000001,0.7530436505790351,2.0121666676756944,0.0,-0.6410256410256407,0.0,0.12071067839860916,0,92.8326187133789
847.1700000000001,0.7530436505790351,2.0121666676756944,0.0,-0.6410256410256407,0.0,0.12071067839860916,0,92.8326187133789
847.1700000000001,0.7530436505790351,2.0121666676756944,0.0,-0.6410256410256407,0.0,0.12071067839860916,0,92.8326187133789
847.1700000000001,0.7517753357378645,2.0131532778247494,0.0,-0.5897435897435894,0.0,0.12071067839860916,0,92.8326187133789
847.1700000000001,0.7517753357378645,2.0131532778247494,0.0,-0.5897435897435894,0.0,0.12071067839860916,0,92.8326187133789
847.2700000000001,0.7517753357378645,2.0131532778247494,0.0,-0.5897435897435894,0.0,0.12071067839860916,0,92.8326187133789
847.2700000000001,0.7517753357378645,2.0131532778247494,0.0,-0.5897435897435894,0.0,0.12071067839860916,0,92.8326187133789
847.2700000000001,0.7505040088738658,2.014121332710278,0.0,-0.5897435897435894,0.0,0.12071067839860916,0,92.8326187133789
847.2700000000001,0.7505040088738658,2.014121332710278,0.0,-0.5897435897435894,0.0,0.12071067839860916,0,92.8326187133789
847.2700000000001,0.7505040088738658,2.014121332710278,0.0,-0.5897435897435894,0.0,0.12071067839860916,0,92.8326187133789
847.2700000000001,0.7492289231649495,2.0150714787392436,0.0,-0.5897435897435894,0.0,0.12071067839860916,0,92.8326187133789
847.2700000000001,0.7492289231649495,2.0150714787392436,0.0,-0.5897435897435894,0.0,0.12071067839860916,0,92.8326187133789
847.2700000000001,0.7492289231649495,2.0150714787392436,0.0,-0.5384615384615381,0.0,0.12071067839860916,0,92.8326187133789
847.2700000000001,0.7492289231649495,2.0150714787392436,0.0,-0.5384615384615381,0.0,0.12071067839860916,0,92.8326187133789
847.2700000000001,0.7479499664818056,2.016004017319252,0.0,-0.5384615384615381,0.0,0.12071067839860916,0,92.8326187133789
847.2700000000001,0.7479499664818056,2.016004017319252,0.0,-0.5384615384615381,0.0,0.12071067839860916,0,92.8326187133789
847.37,0.7479499664818056,2.016004017319252,0.0,-0.5384615384615381,0.0,0.12071067839860916,0,92.8326187133789
847.37,0.7466670282368537,2.0169198049839863,0.0,-0.5384615384615381,0.0,0.12071067839860916,0,92.8326187133789
847.37,0.7466670282368537,2.0169198049839863,0.0,-0.5384615384615381,0.0,0.12071067839860916,0,92.8326187133789
847.37,0.7466670282368537,2.0169198049839863,0.0,-0.5384615384615381,0.0,0.12071067839860916,0,92.8326187133789
847.37,0.7457525584205511,2.0175594468882383,0.0,-0.5384615384615381,0.0,0.12071067839860916,0,92.8326187133789
847.37,0.7457525584205511,2.0175594468882383,0.0,-0.5384615384615381,0.0,0.12071067839860916,0,92.8326187133789
847.37,0.7457525584205511,2.0175594468882383,0.0,-0.5384615384615381,0.0,0.12071067839860916,0,92.8326187133789
847.37,0.7457525584205511,2.0175594468882383,0.0,-0.5384615384615381,0.0,0.12071067839860916,0,92.8326187133789
847.37,0.7457271207040311,2.0175806343237808,0.0,-0.5384615384615381,0.0,0.12071067839860916,0,92.8326187133789
847.37,0.7457271207040311,2.0175806343237808,0.0,-0.5384615384615381,0.0,0.12071067839860916,0,92.8326187133789
847.47,0.7457271207040311,2.0175806343237808,0.0,-0.5384615384615381,0.0,0.12071067839860916,0,92.8326187133789
847.47,0.7457271207040311,2.0175806343237808,0.0,-0.5384615384615381,0.0,0.12071067839860916,0,92.8326187133789
847.47,0.745703770032895,2.0175993259464,0.0,-0.5384615384615381,0.0,0.12071067839860916,0,92.8326187133789
847.47,0.745703770032895,2.0175993259464,0.0,-0.5384615384615381,0.0,0.12071067839860916,0,92.8326187133789
847.47,0.745703770032895,2.0175993259464,0.0,-0.5384615384615381,0.0,0.12071067839860916,0,92.8326187133789
847.47,0.7456792106560095,2.017620847615601,0.0,-0.5384615384615381,0.0,0.12071067839860916,0,92.8326187133789
847.47,0.7456792106560095,2.017620847615601,0.0,-0.5384615384615381,0.0,0.12071067839860916,0,92.8326187133789
847.47,0.7456792106560095,2.017620847615601,0.0,-0.48717948717948684,0.0,0.12071067839860916,0,92.8326187133789
847.47,0.7456792106560095,2.017620847615601,0.0,-0.48717948717948684,0.0,0.12071067839860916,0,92.8326187133789
847.47,0.7456792106560095,2.017620847615601,0.0,-0.48717948717948684,0.0,0.12071067839860916,0,92.8326187133789
847.47,0.7456792106560095,2.017620847615601,0.0,-0.48717948717948684,0.0,0.12071067839860916,0,92.8326187133789
847.47,0.7456565717374919,2.0176405189681312,0.0,-0.48717948717948684,0.0,0.12071067839860916,0,92.8326187133789
847.47,0.7456565717374919,2.0176405189681312,0.0,-0.48717948717948684,0.0,0.12071067839860916,0,92.8326187133789
847.57,0.7456565717374919,2.0176405189681312,0.0,-0.48717948717948684,0.0,0.12071067839860916,0,92.8326187133789
847.57,0.7456565717374919,2.0176405189681312,0.0,-0.48717948717948684,0.0,0.12071067839860916,0,92.815185546875
847.57,0.745634738959219,2.01766040053482,0.0,-0.48717948717948684,0.0,0.12071067839860916,0,92.815185546875
847.57,0.745634738959219,2.01766040053482,0.0,-0.43589743589743557,0.0,0.12071067839860916,0,92.815185546875
847.57,0.745634738959219,2.01766040053482,0.0,-0.43589743589743557,0.0,0.12071067839860916,0,92.815185546875
847.57,0.745634738959219,2.01766040053482,0.0,-0.43589743589743557,0.0,0.12071067839860916,0,92.815185546875
847.57,0.7450381201253176,2.0177531140700062,0.0,-0.43589743589743557,0.0,0.12071067839860916,0,92.815185546875
847.57,0.7450381201253176,2.0177531140700062,0.0,-0.43589743589743557,0.0,0.12071067839860916,0,92.815185546875
847.57,0.7450381201253176,2.0177531140700062,0.0,-0.43589743589743557,0.0,0.12071067839860916,0,92.815185546875
847.57,0.7450381201253176,2.0177531140700062,0.0,-0.43589743589743557,0.0,0.12071067839860916,0,92.815185546875
847.57,0.7435102891557559,2.0179615368896546,0.0,-0.43589743589743557,0.0,0.12071067839860916,0,92.815185546875
847.6700000000001,0.7435102891557559,2.0179615368896546,0.0,-0.43589743589743557,0.0,0.12071067839860916,0,92.815185546875
847.6700000000001,0.7435102891557559,2.0179615368896546,0.0,-0.43589743589743557,0.0,0.12071067839860916,0,92.815185546875
847.6700000000001,0.7419816787972904,2.0181611879657533,0.0,-0.43589743589743557,0.0,0.12071067839860916,0,92.815185546875
847.6700000000001,0.7419816787972904,2.0181611879657533,0.0,-0.43589743589743557,0.0,0.12071067839860916,0,92.815185546875
847.6700000000001,0.7419816787972904,2.0181611879657533,0.0,-0.43589743589743557,0.0,0.12071067839860916,0,92.815185546875
847.6700000000001,0.7404517263041851,2.0183535670703923,0.0,-0.43589743589743557,0.0,0.12071067839860916,0,92.815185546875
847.6700000000001,0.7404517263041851,2.0183535670703923,0.0,-0.43589743589743557,0.0,0.12071067839860916,0,92.815185546875
847.6700000000001,0.7404517263041851,2.0183535670703923,0.0,-0.43589743589743557,0.0,0.12071067839860916,0,92.815185546875
847.6700000000001,0.7404517263041851,2.0183535670703923,0.0,-0.43589743589743557,0.0,0.12071067839860916,0,92.815185546875
847.6700000000001,0.7404517263041851,2.0183535670703923,0.0,-0.43589743589743557,0.0,0.12071067839860916,0,92.815185546875
847.6700000000001,0.738919211784896,2.018541477646077,0.0,-0.43589743589743557,0.0,0.12071067839860916,0,92.815185546875
847.7700000000001,0.738919211784896,2.018541477646077,0.0,-0.43589743589743557,0.0,0.12071067839860916,0,92.815185546875
847.7700000000001,0.738919211784896,2.018541477646077,0.0,-0.43589743589743557,0.0,0.0,1,92.815185546875
847.7700000000001,0.7373841972261327,2.01872238860313,0.0,-0.3846153846153843,0.0,0.0,1,92.815185546875
847.7700000000001,0.7373841972261327,2.01872238860313,0.0,-0.3846153846153843,0.0,0.0,1,92.815185546875
847.7700000000001,0.7373841972261327,2.01872238860313,0.0,-0.3846153846153843,0.0,0.0,1,92.815185546875
847.7700000000001,0.7373841972261327,2.01872238860313,0.0,-0.3846153846153843,0.0,0.0,1,92.815185546875
847.7700000000001,0.7373841972261327,2.01872238860313,0.0,-0.2246153846153843,0.0,0.0,2,92.815185546875
847.7700000000001,0.7366084959418816,2.018817594147833,0.0,-0.2246153846153843,0.0,0.0,2,92.815185546875
847.7700000000001,0.7366084959418816,2.018817594147833,0.0,-0.0646153846153843,0.0,0.0,4,92.815185546875
847.7700000000001,0.7366084959418816,2.018817594147833,0.0,-0.0646153846153843,0.0,0.0,4,92.815185546875
847.87,0.7365841177616693,2.018854036986124,0.0,-0.0646153846153843,0.0,0.0,4,92.815185546875
847.87,0.7365841177616693,2.018854036986124,0.0,0.0,0.0,0.0,4,92.815185546875
847.87,0.7365841177616693,2.018854036986124,0.0,0.0,0.0,0.0,4,92.815185546875
847.87,0.7365841177616693,2.018854036986124,0.0,0.0,0.0,0.0,4,92.815185546875
847.87,0.7365604981310108,2.0188854644385303,0.0,0.0,0.0,0.0,4,92.815185546875
847.87,0.7365604981310108,2.0188854644385303,0.0,0.0,0.0,0.0,4,92.815185546875
847.87,0.7365604981310108,2.0188854644385303,0.0,0.0,0.0,0.0,4,92.815185546875
847.87,0.7365604981310108,2.0188854644385303,0.0,0.0,0.0,0.0,4,92.815185546875
847.87,0.7365425890862008,2.018901462778124,0.0,0.0,0.0,0.0,4,92.815185546875
847.87,0.7365425890862008,2.018901462778124,0.0,0.0,0.0,0.0,5,92.815185546875
847.87,0.7365425890862008,2.018901462778124,0.0,0.0,0.0,0.0,5,92.815185546875
847.87,0.7365425890862008,2.018901462778124,0.0,0.0,0.0,0.0,5,92.815185546875
847.87,0.7365425890862008,2.018901462778124,0.0,0.0,0.0,0.0,5,92.815185546875
847.97,0.7365346755117567,2.0189025291822658,0.0,0.0,0.0,0.0,5,92.815185546875
847.97,0.7365346755117567,2.0189025291822658,0.0,0.0,0.0,0.0,5,92.815185546875
847.97,0.7365346755117567,2.0189025291822658,0.0,0.0,0.0,0.0,5,92.815185546875
847.97,0.7365364905949495,2.018892632317818,0.0,0.0,0.0,0.0,5,92.815185546875
847.97,0.7365364905949495,2.018892632317818,0.0,0.0,0.0,0.0,5,92.815185546875
847.97,0.7365364905949495,2.018892632317818,0.0,0.0,0.0,0.0,5,92.815185546875
847.97,0.7365364905949495,2.018892632317818,0.0,0.0,0.0,0.0,5,92.815185546875
847.97,0.7355875609291362,2.0189681441395835,0.0,0.0,0.0,0.0,5,92.815185546875
847.97,0.7355875609291362,2.0189681441395835,0.0,0.0,0.0,0.0,5,92.815185546875
847.97,0.7355875609291362,2.0189681441395835,0.0,0.0,0.0,0.0,5,92.815185546875
847.97,0.7355875609291362,2.0189681441395835,0.0,0.0,0.0,0.0,5,92.815185546875
847.97,0.7340462597231656,2.0191062350244473,0.0,0.0,0.0,0.0,5,92.815185546875
848.07,0.7340462597231656,2.0191062350244473,0.0,0.0,0.0,0.0,5,92.80348205566406
848.07,0.7340462597231656,2.0191062350244473,0.0,0.0,0.0,0.0,5,92.80348205566406
848.07,0.7324928667896499,2.0192486603960322,0.0,0.0,0.0,0.0,5,92.80348205566406
848.07,0.7324928667896499,2.0192486603960322,0.0,0.0,0.0,0.0,5,92.80348205566406
848.07,0.7324928667896499,2.0192486603960322,0.0,0.0,0.0,0.0,5,92.80348205566406
848.07,0.7324928667896499,2.0192486603960322,0.0,0.0,0.0,0.0,5,92.80348205566406
848.07,0.7309341703820009,2.0193958426868543,0.0,0.0,0.0,0.0,5,92.80348205566406
848.07,0.7309341703820009,2.0193958426868543,0.0,0.0,0.0,0.0,5,92.80348205566406
848.07,0.7309341703820009,2.0193958426868543,0.0,0.0,0.0,0.0,5,92.80348205566406
848.07,0.7309341703820009,2.0193958426868543,0.0,0.0,0.0,0.0,5,92.80348205566406
848.1700000000001,0.7293765867380891,2.019539556909337,0.0,0.0,0.0,0.0,5,92.80348205566406
848.1700000000001,0.7293765867380891,2.019539556909337,0.0,0.0,0.0,0.0,5,92.80348205566406
848.1700000000001,0.7293765867380891,2.019539556909337,0.0,0.0,0.0,0.0,5,92.80348205566406
848.1700000000001,0.7278230088798684,2.01967594428877,0.0,0.0,0.0,0.0,5,92.80348205566406
848.1700000000001,0.7278230088798684,2.01967594428877,0.0,0.0,0.0,0.0,5,92.80348205566406
848.1700000000001,0.7278230088798684,2.01967594428877,0.0,0.0,0.0,0.0,5,92.80348205566406
848.1700000000001,0.7278230088798684,2.01967594428877,0.0,0.0,0.0,0.0,5,92.80348205566406
848.1700000000001,0.7274156403998552,2.0197076113516745,0.0,0.0,0.0,0.0,5,92.80348205566406
848.1700000000001,0.7274156403998552,2.0197076113516745,0.0,0.0,0.0,0.0,5,92.80348205566406
848.1700000000001,0.7274156403998552,2.0197076113516745,0.0,0.0,0.0,0.0,5,92.80348205566406
848.2700000000001,0.7274211521545322,2.019703588866598,0.0,0.0,0.0,0.0,5,92.80348205566406
848.2700000000001,0.7274211521545322,2.019703588866598,0.0,0.0,0.0,0.0,5,92.80348205566406
848.2700000000001,0.7274211521545322,2.019703588866598,0.0,0.0,0.0,0.0,5,92.80348205566406
848.2700000000001,0.7274211521545322,2.019703588866598,0.0,0.0,0.0,0.0,5,92.80348205566406
848.2700000000001,0.7274217262449891,2.0197025595910763,0.0,0.0,0.0,0.0,5,92.80348205566406
848.2700000000001,0.7274217262449891,2.0197025595910763,0.0,0.0,0.0,0.0,5,92.80348205566406
848.2700000000001,0.7274217262449891,2.0197025595910763,0.0,0.0,0.0,0.0,5,92.80348205566406
848.2700000000001,0.727418082558511,2.0197046742999976,0.0,0.0,0.0,0.0,5,92.80348205566406
848.2700000000001,0.727418082558511,2.0197046742999976,0.0,0.0,0.0,0.0,5,92.80348205566406
848.37,0.7274142775698876,2.019707325349796,0.0,0.0,0.0,0.0,5,92.80348205566406
848.37,0.7274142775698876,2.019707325349796,0.0,0.0,0.0,0.0,5,92.80348205566406
848.37,0.7274142775698876,2.019707325349796,0.0,0.0,0.0,0.0,5,92.80348205566406
848.37,0.7274142775698876,2.019707325349796,0.0,0.0,0.0,0.0,5,92.80348205566406
848.37,0.7274142775698876,2.019707325349796,0.0,0.0,0.0,0.0,5,92.80348205566406
848.37,0.7274142775698876,2.019707325349796,0.0,0.0,0.0,0.0,5,92.80348205566406
848.37,0.7274114165080379,2.0197064654940866,0.0,0.0,0.0,0.0,5,92.80348205566406
848.37,0.7274114165080379,2.0197064654940866,0.0,0.0,0.0,0.0,5,92.80348205566406
848.37,0.7274114165080379,2.0197064654940866,0.0,0.0,0.0,0.0,5,92.80348205566406
848.37,0.7277343600097833,2.0208737223553266,0.0,0.0,0.0,0.0,5,92.80348205566406
848.37,0.7277343600097833,2.0208737223553266,0.0,0.0,0.0,0.0,5,92.80348205566406
848.37,0.7277343600097833,2.0208737223553266,0.0,0.0,0.0,0.0,5,92.80348205566406
848.37,0.7277343600097833,2.0208737223553266,0.0,0.0,0.0,0.0,5,92.80348205566406
848.37,0.7277343600097833,2.0208737223553266,0.0,0.0,0.0,0.0,5,92.80348205566406
848.37,0.7277343600097833,2.0208737223553266,0.0,0.0,0.0,0.0,5,92.80348205566406
848.47,0.7281130234337406,2.022240500728356,0.0,0.0,0.0,0.0,5,92.80348205566406
848.47,0.7281130234337406,2.022240500728356,0.0,0.0,0.0,0.0,5,92.80348205566406
848.47,0.7281130234337406,2.022240500728356,0.0,0.0,0.0,0.0,5,92.80348205566406
848.47,0.7281130234337406,2.022240500728356,0.0,0.0,0.0,0.0,5,92.80348205566406
848.47,0.7281130234337406,2.022240500728356,0.0,0.0,0.0,0.0,5,92.80348205566406
848.47,0.7284927287984768,2.0236099693706056,0.0,0.0,0.0,0.0,5,92.80348205566406
848.47,0.7284927287984768,2.0236099693706056,0.0,0.0,0.0,0.0,5,92.80348205566406
848.47,0.7284927287984768,2.0236099693706056,0.0,0.0,0.0,0.0,5,92.80348205566406
848.47,0.7284927287984768,2.0236099693706056,0.0,0.0,0.0,0.0,5,92.80348205566406
848.47,0.7284927287984768,2.0236099693706056,0.0,0.0,0.0,0.0,5,92.80348205566406
848.47,0.7288694895172417,2.0249794415123983,0.0,0.0,0.0,0.0,5,92.80348205566406
848.47,0.7288694895172417,2.0249794415123983,0.0,0.0,0.0,0.0,5,92.80348205566406
848.47,0.7288694895172417,2.0249794415123983,0.0,0.0,0.0,0.0,5,92.80348205566406
848.57,0.7292452105249502,2.0263496264815806,0.0,0.0,0.0,0.0,5,92.80348205566406
848.57,0.7292452105249502,2.0263496264815806,0.0,0.0,0.0,0.0,5,92.80348205566406
848.57,0.7292452105249502,2.0263496264815806,0.0,0.0,0.0,0.0,5,92.79479217529297
848.57,0.7292452105249502,2.0263496264815806,0.0,0.0,0.0,0.0,5,92.79479217529297
848.57,0.7292452105249502,2.0263496264815806,0.0,0.0,0.0,0.0,5,92.79479217529297
848.57,0.7296214446272288,2.027718644379187,0.0,0.0,0.0,0.0,5,92.79479217529297
848.57,0.7296214446272288,2.027718644379187,0.0,0.0,0.0,0.0,5,92.79479217529297
848.57,0.7296214446272288,2.027718644379187,0.0,0.0,0.0,0.0,5,92.79479217529297
848.57,0.7296214446272288,2.027718644379187,0.0,0.0,0.0,0.0,5,92.79479217529297
848.57,0.7296313912006843,2.027757942717147,0.0,0.0,0.0,0.0,5,92.79479217529297
848.57,0.7296313912006843,2.027757942717147,0.0,0.0,0.0,0.0,5,92.79479217529297
848.57,0.7296313912006843,2.027757942717147,0.0,0.0,0.0,0.0,5,92.79479217529297
848.57,0.7296313912006843,2.027757942717147,0.0,0.0,0.0,0.0,5,92.79479217529297
848.6700000000001,0.7296317772078951,2.027757950643183,0.0,0.0,0.0,0.0,5,92.79479217529297
848.6700000000001,0.7296317772078951,2.027757950643183,0.0,0.0,0.0,0.0,5,92.79479217529297
848.6700000000001,0.7296317772078951,2.027757950643183,0.0,0.0,0.0,0.0,5,92.79479217529297
848.6700000000001,0.7296317772078951,2.027757950643183,0.0,0.0,0.0,0.0,5,92.79479217529297
848.6700000000001,0.7296315336787405,2.0277563833227954,0.0,0.0,0.0,0.0,5,92.79479217529297
848.6700000000001,0.7296315336787405,2.0277563833227954,0.0,0.0,0.0,0.0,5,92.79479217529297
848.6700000000001,0.7296315336787405,2.0277563833227954,0.0,0.0,0.0,0.0,5,92.79479217529297
848.6700000000001,0.7296315336787405,2.0277563833227954,0.0,0.0,0.0,0.0,5,92.79479217529297
848.6700000000001,0.7296318379245541,2.027756265347563,0.0,0.0,0.0,0.0,5,92.79479217529297
848.6700000000001,0.7296318379245541,2.027756265347563,0.0,0.0,0.0,0.0,5,92.79479217529297
848.6700000000001,0.7296318379245541,2.027756265347563,0.0,0.0,0.0,0.0,5,92.79479217529297
848.6700000000001,0.7296318379245541,2.027756265347563,0.0,0.0,0.0,0.0,5,92.79479217529297
848.6700000000001,0.7296318379245541,2.027756265347563,0.0,0.0,0.0,0.0,5,92.79479217529297
848.7700000000001,0.7296318379245541,2.027756265347563,0.0,0.0,0.0,0.0,5,92.79479217529297
848.7700000000001,0.729631392890058,2.027756455286143,0.0,0.0,0.0,0.0,5,92.79479217529297
848.7700000000001,0.729631392890058,2.027756455286143,0.0,0.0,0.0,0.0,5,92.79479217529297
848.7700000000001,0.729631392890058,2.027756455286143,0.0,0.0,0.0,0.0,5,92.79479217529297
848.7700000000001,0.729631392890058,2.027756455286143,0.0,0.0,0.0,0.0,5,92.79479217529297
848.7700000000001,0.7296301576934466,2.0277561394342634,0.0,0.0,0.0,0.0,5,92.79479217529297
848.7700000000001,0.7296301576934466,2.0277561394342634,0.0,0.0,0.0,0.0,5,92.79479217529297
848.7700000000001,0.7296301576934466,2.0277561394342634,0.0,0.0,0.0,0.0,5,92.79479217529297
848.7700000000001,0.7296301576934466,2.0277561394342634,0.0,-0.16,0.0,0.0,5,92.79479217529297
848.7700000000001,0.7296301576934466,2.0277561394342634,0.0,-0.16,0.0,0.0,5,92.79479217529297
848.7700000000001,0.7296294267843698,2.0277557615774002,0.0,-0.16,0.0,0.0,5,92.79479217529297
848.7700000000001,0.7296294267843698,2.0277557615774002,0.0,-0.16,0.0,0.0,5,92.79479217529297
848.87,0.7296294267843698,2.0277557615774002,0.0,-0.16,0.0,0.0,5,92.79479217529297
848.87,0.7296279664755906,2.0277595632097265,0.0,-0.32,0.0,0.0,5,92.79479217529297
848.87,0.7296279664755906,2.0277595632097265,0.0,-0.32,0.0,0.0,5,92.79479217529297
848.87,0.7296279664755906,2.0277595632097265,0.0,-0.32,0.0,0.0,5,92.79479217529297
848.87,0.7296279664755906,2.0277595632097265,0.0,-0.32,0.0,0.0,5,92.79479217529297
848.87,0.7296279664755906,2.0277595632097265,0.0,-0.32,0.0,0.0,5,92.79479217529297
848.87,0.7296238082092802,2.0277683778436555,0.0,-0.48,0.0,0.0,5,92.79479217529297
848.87,0.7296238082092802,2.0277683778436555,0.0,-0.48,0.0,0.0,5,92.79479217529297
848.87,0.7296238082092802,2.0277683778436555,0.0,-0.48,0.0,0.0,5,92.79479217529297
848.87,0.7296238082092802,2.0277683778436555,0.0,-0.48,0.0,0.0,5,92.79479217529297
848.87,0.7296238082092802,2.0277683778436555,0.0,-0.5,0.0,0.0,5,92.79479217529297
848.87,0.7296115597070602,2.027789347638378,0.0,-0.5,0.0,0.0,5,92.79479217529297
848.87,0.7296115597070602,2.027789347638378,0.0,-0.5,0.0,0.0,5,92.79479217529297
848.97,0.7296115597070602,2.027789347638378,0.0,-0.5,0.0,0.0,5,92.79479217529297
848.97,0.7296115597070602,2.027789347638378,0.0,-0.5,0.0,0.0,5,92.79479217529297
848.97,0.7295951068213695,2.0278194224776347,0.0,-0.5,0.0,0.0,5,92.79479217529297
848.97,0.7295951068213695,2.0278194224776347,0.0,-0.5,0.0,0.0,5,92.79479217529297
848.97,0.7295951068213695,2.0278194224776347,0.0,-0.5,0.0,0.0,5,92.79479217529297
848.97,0.7295951068213695,2.0278194224776347,0.0,-0.5,0.0,0.0,5,92.79479217529297
848.97,0.7295722697402014,2.027850468285005,0.0,-0.5,0.0,0.0,5,92.79479217529297
848.97,0.7295722697402014,2.027850468285005,0.0,-0.5,0.0,0.0,5,92.79479217529297
848.97,0.7295722697402014,2.027850468285005,0.0,-0.5,0.0,0.0,5,92.79479217529297
848.97,0.7295533235326043,2.0278791399780047,0.0,-0.5,0.0,0.0,5,92.79479217529297
848.97,0.7295533235326043,2.0278791399780047,0.0,-0.5,0.0,0.0,5,92.79479217529297
849.07,0.7295533235326043,2.0278791399780047,0.0,-0.5,0.0,0.0,5,92.7932357788086
849.07,0.7295395528615574,2.027903047907647,0.0,-0.5,0.0,0.0,5,92.7932357788086
849.07,0.7295395528615574,2.027903047907647,0.0,-0.5,0.0,0.0,5,92.7932357788086
849.07,0.7295395528615574,2.027903047907647,0.0,-0.5,0.0,0.0,5,92.7932357788086
849.07,0.7295395528615574,2.027903047907647,0.0,-0.5,0.0,0.0,5,92.7932357788086
849.07,0.7295281511889715,2.027924931700019,0.0,-0.5,0.0,0.0,5,92.7932357788086
849.07,0.7295281511889715,2.027924931700019,0.0,-0.5,0.0,0.0,5,92.7932357788086
849.07,0.7295281511889715,2.027924931700019,0.0,-0.5,0.0,0.0,5,92.7932357788086
849.07,0.7295281511889715,2.027924931700019,0.0,-0.5,0.0,0.0,5,92.7932357788086
849.07,0.7295168904763295,2.027948674929342,0.0,-0.5,0.0,0.0,5,92.7932357788086
849.07,0.7295168904763295,2.027948674929342,0.0,-0.5,0.0,0.0,5,92.7932357788086
849.1700000000001,0.7295168904763295,2.027948674929342,0.0,-0.5,0.0,0.0,5,92.7932357788086
849.1700000000001,0.7295168904763295,2.027948674929342,0.0,-0.5,0.0,0.0,5,92.7932357788086
849.1700000000001,0.7295028259622128,2.027976827107424,0.0,-0.5,0.0,0.0,5,92.7932357788086
849.1700000000001,0.7295028259622128,2.027976827107424,0.0,-0.5,0.0,0.0,5,92.7932357788086
849.1700000000001,0.7295028259622128,2.027976827107424,0.0,-0.5,0.0,0.0,5,92.7932357788086
849.1700000000001,0.7295028259622128,2.027976827107424,0.0,-0.5,0.0,0.0,5,92.7932357788086
849.1700000000001,0.7294905172638213,2.02800579126466,0.0,-0.5,0.0,0.0,5,92.7932357788086
849.1700000000001,0.7294905172638213,2.02800579126466,0.0,-0.5,0.0,0.0,5,92.7932357788086
849.1700000000001,0.7294905172638213,2.02800579126466,0.0,-0.5,0.0,0.0,5,92.7932357788086
849.1700000000001,0.7294751949199999,2.0280341734507004,0.0,-0.5,0.0,0.0,5,92.7932357788086
849.1700000000001,0.7294751949199999,2.0280341734507004,0.0,-0.5,0.0,0.0,5,92.7932357788086
849.2700000000001,0.7294751949199999,2.0280341734507004,0.0,-0.5,0.0,0.0,5,92.7932357788086
849.2700000000001,0.7294751949199999,2.0280341734507004,0.0,-0.5,0.0,0.0,5,92.7932357788086
849.2700000000001,0.7294643768913498,2.028061696954561,0.0,-0.5,0.0,0.0,5,92.7932357788086
849.2700000000001,0.7294643768913498,2.028061696954561,0.0,-0.5,0.0,0.0,5,92.7932357788086
849.2700000000001,0.7294643768913498,2.028061696954561,0.0,-0.5,0.0,0.0,5,92.7932357788086
849.2700000000001,0.7294530827261825,2.0280878050188753,0.0,-0.5,0.0,0.0,5,92.7932357788086
849.2700000000001,0.7294530827261825,2.0280878050188753,0.0,-0.5,0.0,0.0,5,92.7932357788086
849.2700000000001,0.7294530827261825,2.0280878050188753,0.0,-0.5,0.0,0.0,5,92.7932357788086
849.2700000000001,0.7294530827261825,2.0280878050188753,0.0,-0.5,0.0,0.0,5,92.7932357788086
849.2700000000001,0.7294530827261825,2.0280878050188753,0.0,-0.5,0.0,0.0,5,92.7932357788086
849.2700000000001,0.7294444432863256,2.0281141121946087,0.0,-0.5,0.0,0.0,5,92.7932357788086
849.37,0.7294444432863256,2.0281141121946087,0.0,-0.5,0.0,0.0,5,92.7932357788086
849.37,0.7294444432863256,2.0281141121946087,0.0,-0.5,0.0,0.0,5,92.7932357788086
849.37,0.7294357892715622,2.0281410224837404,0.0,-0.5,0.0,0.0,5,92.7932357788086
849.37,0.7294357892715622,2.0281410224837404,0.0,-0.5,0.0,0.0,5,92.7932357788086
849.37,0.7294357892715622,2.0281410224837404,0.0,-0.5,0.0,0.0,5,92.7932357788086
849.37,0.7294357892715622,2.0281410224837404,0.0,-0.5,0.0,0.0,5,92.7932357788086
849.37,0.729425396317224,2.028169102669136,0.0,-0.5,0.0,0.0,5,92.7932357788086
849.37,0.729425396317224,2.028169102669136,0.0,-0.5,0.0,0.0,5,92.7932357788086
849.37,0.729425396317224,2.028169102669136,0.0,-0.5,0.0,0.0,5,92.7932357788086
849.37,0.7294159516882762,2.0281976020153194,0.0,-0.5,0.0,0.0,5,92.7932357788086
849.47,0.7294159516882762,2.0281976020153194,0.0,-0.5,0.0,0.0,5,92.7932357788086
849.47,0.7294159516882762,2.0281976020153194,0.0,-0.5,0.0,0.0,5,92.7932357788086
849.47,0.7294159516882762,2.0281976020153194,0.0,-0.5,0.0,0.0,5,92.7932357788086
849.47,0.7294077581910182,2.0282258866929546,0.0,-0.5,0.0,0.0,5,92.7932357788086
849.47,0.7294077581910182,2.0282258866929546,0.0,-0.5,0.0,0.0,5,92.7932357788086
849.47,0.7294077581910182,2.0282258866929546,0.0,-0.5,0.0,0.0,5,92.7932357788086
849.47,0.7294000909556136,2.028253440326193,0.0,-0.5,0.0,0.0,5,92.7932357788086
849.47,0.7294000909556136,2.028253440326193,0.0,-0.5,0.0,0.0,5,92.7932357788086
849.47,0.7294000909556136,2.028253440326193,0.0,-0.5,0.0,0.0,5,92.7932357788086
849.47,0.7294000909556136,2.028253440326193,0.0,-0.5,0.0,0.0,5,92.7932357788086
849.47,0.729392921684998,2.028280938360074,0.0,-0.5,0.0,0.0,5,92.7932357788086
849.57,0.729392921684998,2.028280938360074,0.0,-0.5,0.0,0.0,5,92.7932357788086
849.57,0.729392921684998,2.028280938360074,0.0,-0.5,0.0,0.0,5,92.79280090332031
849.57,0.7293857512933739,2.0283089596944177,0.0,-0.5,0.0,0.0,5,92.79280090332031
849.57,0.7293857512933739,2.0283089596944177,0.0,-0.5,0.0,0.0,5,92.79280090332031
849.57,0.7293857512933739,2.0283089596944177,0.0,-0.5,0.0,0.0,5,92.79280090332031
849.57,0.7293801044470156,2.028337314682475,0.0,-0.5,0.0,0.0,5,92.79280090332031
849.57,0.7293801044470156,2.028337314682475,0.0,-0.5,0.0,0.0,5,92.79280090332031
849.57,0.7293801044470156,2.028337314682475,0.0,-0.5,0.0,0.0,5,92.79280090332031
849.57,0.7293801044470156,2.028337314682475,0.0,-0.5,0.0,0.0,5,92.79280090332031
849.6700000000001,0.7293740038922295,2.028366355141136,0.0,-0.5,0.0,0.0,5,92.79280090332031
849.6700000000001,0.7293740038922295,2.028366355141136,0.0,-0.5,0.0,0.0,5,92.79280090332031
849.6700000000001,0.7293740038922295,2.028366355141136,0.0,-0.5,0.0,0.0,5,92.79280090332031
849.6700000000001,0.7293740038922295,2.028366355141136,0.0,-0.5,0.0,0.0,5,92.79280090332031
849.6700000000001,0.7293675918758533,2.0283957745312198,0.0,-0.5,0.0,0.0,5,92.79280090332031
849.6700000000001,0.7293675918758533,2.0283957745312198,0.0,-0.5,0.0,0.0,5,92.79280090332031
849.6700000000001,0.7293675918758533,2.0283957745312198,0.0,-0.5,0.0,0.0,5,92.79280090332031
849.6700000000001,0.7293675918758533,2.0283957745312198,0.0,-0.5,0.0,0.0,5,92.79280090332031
849.6700000000001,0.7293627928225637,2.0284246407875446,0.0,-0.5,0.0,0.0,5,92.79280090332031
849.6700000000001,0.7293627928225637,2.0284246407875446,0.0,-0.5,0.0,0.0,5,92.79280090332031
849.6700000000001,0.7293627928225637,2.0284246407875446,0.0,-0.5,0.0,0.0,5,92.79280090332031
849.6700000000001,0.7293627928225637,2.0284246407875446,0.0,-0.5,0.0,0.0,5,92.79280090332031
849.6700000000001,0.7293578242829231,2.0284537287447084,0.0,-0.5,0.0,0.0,5,92.79280090332031
849.6700000000001,0.7293578242829231,2.0284537287447084,0.0,-0.5,0.0,0.0,5,92.79280090332031
849.7700000000001,0.7293578242829231,2.0284537287447084,0.0,-0.5,0.0,0.0,5,92.79280090332031
849.7700000000001,0.7293578242829231,2.0284537287447084,0.0,-0.5,0.0,0.0,5,92.79280090332031
849.7700000000001,0.7293578242829231,2.0284537287447084,0.0,-0.5,0.0,0.0,5,92.79280090332031
849.7700000000001,0.7293539074552795,2.0284824340028518,0.0,-0.5,0.0,0.0,5,92.79280090332031
849.7700000000001,0.7293539074552795,2.0284824340028518,0.0,-0.5,0.0,0.0,5,92.79280090332031
849.7700000000001,0.7293539074552795,2.0284824340028518,0.0,-0.5,0.0,0.0,5,92.79280090332031
849.7700000000001,0.7291734677783941,2.0296702142053675,0.0,-0.5,0.0,0.0,5,92.79280090332031
849.7700000000001,0.7291734677783941,2.0296702142053675,0.0,-0.5,0.0,0.0,5,92.79280090332031
849.7700000000001,0.7291734677783941,2.0296702142053675,0.0,-0.5,0.0,0.0,5,92.79280090332031
849.7700000000001,0.7291734677783941,2.0296702142053675,0.0,-0.5,0.0,0.0,5,92.79280090332031
849.7700000000001,0.7288934897789074,2.0314830953947096,0.0,-0.5,0.0,0.0,5,92.79280090332031
849.87,0.7288934897789074,2.0314830953947096,0.0,-0.5,0.0,0.0,5,92.79280090332031
849.87,0.7288934897789074,2.0314830953947096,0.0,-0.5,0.0,0.0,5,92.79280090332031
849.87,0.7288934897789074,2.0314830953947096,0.0,-0.5,0.0,0.0,5,92.79280090332031
849.87,0.7286118008502368,2.0332855975303796,0.0,-0.5,0.0,0.0,5,92.79280090332031
849.87,0.7286118008502368,2.0332855975303796,0.0,-0.5,0.0,0.0,5,92.79280090332031
849.87,0.7286118008502368,2.0332855975303796,0.0,-0.5,0.0,0.0,5,92.79280090332031
849.87,0.7283266391687604,2.0350792198344636,0.0,-0.5,0.0,0.0,5,92.79280090332031
849.87,0.7283266391687604,2.0350792198344636,0.0,-0.5,0.0,0.0,5,92.79280090332031
849.87,0.7283266391687604,2.0350792198344636,0.0,-0.5,0.0,0.0,5,92.79280090332031
849.87,0.7283266391687604,2.0350792198344636,0.0,-0.5,0.0,0.0,5,92.79280090332031
849.97,0.7280399655729294,2.036862198835495,0.0,-0.5,0.0,0.025692502036690712,5,92.79280090332031
849.97,0.7280399655729294,2.036862198835495,0.0,-0.5,0.0,0.025692502036690712,5,92.79280090332031
849.97,0.7280399655729294,2.036862198835495,0.0,-0.5,0.0,0.025692502036690712,5,92.79280090332031
849.97,0.7280399655729294,2.036862198835495,0.0,-0.5,0.0,0.025692502036690712,5,92.79280090332031
849.97,0.7280399655729294,2.036862198835495,0.0,-0.5,0.0,0.025692502036690712,5,92.79280090332031
849.97,0.7277503288428354,2.038635916197897,0.0,-0.5,0.0,0.025692502036690712,5,92.79280090332031
849.97,0.7277503288428354,2.038635916197897,0.0,-0.5,0.0,0.025692502036690712,5,92.79280090332031
849.97,0.7277503288428354,2.038635916197897,0.0,-0.5,0.0,0.025692502036690712,5,92.79280090332031
849.97,0.7276895483959062,2.0390226375863696,0.0,-0.5,0.0,0.025692502036690712,5,92.79280090332031
849.97,0.7276895483959062,2.0390226375863696,0.0,-0.5,0.0,0.025692502036690712,5,92.79280090332031
849.97,0.7276895483959062,2.0390226375863696,0.0,-0.5,0.0,0.025692502036690712,5,92.79280090332031
849.97,0.7276895483959062,2.0390226375863696,0.0,-0.5,0.0,0.025692502036690712,5,92.79280090332031
849.97,0.7276895483959062,2.0390226375863696,0.0,-0.5,0.0,0.025692502036690712,5,92.79280090332031
850.07,0.7276890157248259,2.039051177198775,0.0,-0.5,0.0,0.025692502036690712,5,92.79280090332031
850.07,0.7276890157248259,2.039051177198775,0.0,-0.5,0.0,0.025692502036690712,5,92.78189849853516
850.07,0.7276884311043585,2.039080385618606,0.0,-0.5,0.0,0.025692502036690712,5,92.78189849853516
850.07,0.7276884311043585,2.039080385618606,0.0,-0.5,0.0,0.025692502036690712,5,92.78189849853516
850.07,0.7276884311043585,2.039080385618606,0.0,-0.5,0.0,0.025692502036690712,5,92.78189849853516
850.07,0.7276884311043585,2.039080385618606,0.0,-0.5,0.0,0.025692502036690712,5,92.78189849853516
850.07,0.7276884688436487,2.039109451227665,0.0,-0.5,0.0,0.025692502036690712,5,92.78189849853516
850.07,0.7276884688436487,2.039109451227665,0.0,-0.5,0.0,0.025692502036690712,5,92.78189849853516
850.07,0.7276884688436487,2.039109451227665,0.0,-0.5,0.0,0.025692502036690712,5,92.78189849853516
850.07,0.7276884688436487,2.039109451227665,0.0,-0.5,0.0,0.025692502036690712,5,92.78189849853516
850.1700000000001,0.7276891576425134,2.039138191558904,0.0,-0.5,0.0,0.025692502036690712,5,92.78189849853516
850.1700000000001,0.7276891576425134,2.039138191558904,0.0,-0.5,0.0,0.025692502036690712,5,92.78189849853516
850.1700000000001,0.7276891576425134,2.039138191558904,0.0,-0.5,0.0,0.025692502036690712,5,92.78189849853516
850.1700000000001,0.7276891576425134,2.039138191558904,0.0,-0.5,0.0,0.025692502036690712,5,92.78189849853516
850.1700000000001,0.7276902788846451,2.039166950147588,0.0,-0.5,0.0,0.025692502036690712,5,92.78189849853516
850.1700000000001,0.7276902788846451,2.039166950147588,0.0,-0.5,0.0,0.025692502036690712,5,92.78189849853516
850.1700000000001,0.7276902788846451,2.039166950147588,0.0,-0.5,0.0,0.025692502036690712,5,92.78189849853516
850.1700000000001,0.7276902788846451,2.039166950147588,0.0,-0.5,0.0,0.025692502036690712,5,92.78189849853516
850.1700000000001,0.7264769980628809,2.0384338212585402,0.0,-0.5,0.0,0.025692502036690712,5,92.78189849853516
850.1700000000001,0.7264769980628809,2.0384338212585402,0.0,-0.5,0.0,0.025692502036690712,5,92.78189849853516
850.1700000000001,0.7264769980628809,2.0384338212585402,0.0,-0.5,0.0,0.025692502036690712,5,92.78189849853516
850.1700000000001,0.7264769980628809,2.0384338212585402,0.0,-0.5,0.0,0.025692502036690712,5,92.78189849853516
850.2700000000001,0.7250448654623468,2.0375360481695206,0.0,-0.5,0.0,0.025692502036690712,5,92.78189849853516
850.2700000000001,0.7250448654623468,2.0375360481695206,0.0,-0.5,0.0,0.0,5,92.78189849853516
850.2700000000001,0.7250448654623468,2.0375360481695206,0.0,-0.5,0.0,0.0,5,92.78189849853516
850.2700000000001,0.7250448654623468,2.0375360481695206,0.0,-0.5,0.0,0.0,5,92.78189849853516
850.2700000000001,0.7236026062802323,2.036602561472119,0.0,-0.5,0.0,0.0,5,92.78189849853516
850.2700000000001,0.7236026062802323,2.036602561472119,0.0,-0.5,0.0,0.0,5,92.78189849853516
850.2700000000001,0.7236026062802323,2.036602561472119,0.0,-0.5,0.0,0.0,5,92.78189849853516
850.2700000000001,0.7236026062802323,2.036602561472119,0.0,-0.5,0.0,0.0,5,92.78189849853516
850.2700000000001,0.7236026062802323,2.036602561472119,0.0,-0.5,0.0,0.0,5,92.78189849853516
850.2700000000001,0.7221508901656919,2.0356319599344754,0.0,-0.5,0.0,0.0,5,92.78189849853516
850.2700000000001,0.7221508901656919,2.0356319599344754,0.0,-0.5,0.0,0.0,5,92.78189849853516
850.2700000000001,0.7221508901656919,2.0356319599344754,0.0,-0.5,0.0,0.0,5,92.78189849853516
850.37,0.7206890233870603,2.034626215513773,0.0,-0.5,0.0,0.0,5,92.78189849853516
850.37,0.7206890233870603,2.034626215513773,0.0,-0.5,0.0,0.0,5,92.78189849853516
850.37,0.7206890233870603,2.034626215513773,0.0,-0.5,0.0,0.0,5,92.78189849853516
850.37,0.7206890233870603,2.034626215513773,0.0,-0.5,0.0,0.0,5,92.78189849853516
850.37,0.7192180511999777,2.0335831670619475,0.0,-0.5,0.0,0.0,5,92.78189849853516
850.37,0.7192180511999777,2.0335831670619475,0.0,-0.5,0.0,0.0,5,92.78189849853516
850.37,0.7192180511999777,2.0335831670619475,0.0,-0.5,0.0,0.0,5,92.78189849853516
850.37,0.7192180511999777,2.0335831670619475,0.0,-0.5,0.0,0.0,5,92.78189849853516
850.37,0.7189604314508489,2.0334190672845898,0.0,-0.5,0.0,0.0,5,92.78189849853516
850.37,0.7189604314508489,2.0334190672845898,0.0,-0.5,0.0,0.0,5,92.78189849853516
850.47,0.7189604314508489,2.0334190672845898,0.0,-0.5,0.0,0.0,5,92.78189849853516
850.47,0.7189643290621,2.033448183546944,0.0,-0.5,0.0,0.0,5,92.78189849853516
850.47,0.7189643290621,2.033448183546944,0.0,-0.5,0.0,0.0,5,92.78189849853516
850.47,0.7189643290621,2.033448183546944,0.0,-0.5,0.0,0.0,5,92.78189849853516
850.47,0.7189643290621,2.033448183546944,0.0,-0.5,0.0,0.0,5,92.78189849853516
850.47,0.7189688862451075,2.0334761502760457,0.0,-0.5,0.0,0.0,5,92.78189849853516
850.47,0.7189688862451075,2.0334761502760457,0.0,-0.5,0.0,0.0,5,92.78189849853516
850.47,0.7189688862451075,2.0334761502760457,0.0,-0.5,0.0,0.0,5,92.78189849853516
850.47,0.7189688862451075,2.0334761502760457,0.0,-0.5,0.0,0.0,5,92.78189849853516
850.47,0.7189735381871347,2.0335054217006228,0.0,-0.5,0.0,0.0,5,92.78189849853516
850.47,0.7189735381871347,2.0335054217006228,0.0,-0.5,0.0,0.0,5,92.78189849853516
850.47,0.7189735381871347,2.0335054217006228,0.0,-0.5,0.0,0.0,5,92.78189849853516
850.57,0.7189789818954488,2.0335331860551955,0.0,-0.5,0.0,0.0,5,92.77156829833984
850.57,0.7189789818954488,2.0335331860551955,0.0,-0.5,0.0,0.0,5,92.77156829833984
850.57,0.7189789818954488,2.0335331860551955,0.0,-0.5,0.0,0.0,5,92.77156829833984
850.57,0.7189789818954488,2.0335331860551955,0.0,-0.5,0.0,0.0,5,92.77156829833984
850.57,0.7189847096919192,2.0335616536072036,0.0,-0.5,0.0,0.0,5,92.77156829833984
850.57,0.7189847096919192,2.0335616536072036,0.0,-0.5,0.0,0.0,5,92.77156829833984
850.57,0.7189847096919192,2.0335616536072036,0.0,-0.5,0.0,0.0,5,92.77156829833984
850.57,0.7189847096919192,2.0335616536072036,0.0,-0.5,0.0,0.0,5,92.77156829833984
850.57,0.7177089365010421,2.033094143502462,0.0,-0.5,0.0,0.03441324457526207,5,92.77156829833984
850.57,0.7177089365010421,2.033094143502462,0.0,-0.5,0.0,0.03441324457526207,5,92.77156829833984
850.6700000000001,0.7177089365010421,2.033094143502462,0.0,-0.5,0.0,0.03441324457526207,5,92.77156829833984
850.6700000000001,0.7163943411182855,2.032611495077458,0.0,-0.5,0.0,0.03441324457526207,5,92.77156829833984
850.6700000000001,0.7163943411182855,2.032611495077458,0.0,-0.5,0.0,0.03441324457526207,5,92.77156829833984
850.6700000000001,0.7163943411182855,2.032611495077458,0.0,-0.5,0.0,0.03441324457526207,5,92.77156829833984
850.6700000000001,0.7150800361257182,2.0321266534929174,0.0,-0.5,0.0,0.03441324457526207,5,92.77156829833984
850.6700000000001,0.7150800361257182,2.0321266534929174,0.0,-0.5,0.0,0.03441324457526207,5,92.77156829833984
850.6700000000001,0.7150800361257182,2.0321266534929174,0.0,-0.5,0.0,0.03441324457526207,5,92.77156829833984
850.6700000000001,0.7150800361257182,2.0321266534929174,0.0,-0.5,0.0,0.03441324457526207,5,92.77156829833984
850.6700000000001,0.7150800361257182,2.0321266534929174,0.0,-0.5,0.0,0.03441324457526207,5,92.77156829833984
850.6700000000001,0.713765754863998,2.0316415709265088,0.0,-0.5,0.0,0.03441324457526207,5,92.77156829833984
850.6700000000001,0.713765754863998,2.0316415709265088,0.0,-0.5,0.0,0.03441324457526207,5,92.77156829833984
850.7700000000001,0.713765754863998,2.0316415709265088,0.0,-0.5,0.0,0.03441324457526207,5,92.77156829833984
850.7700000000001,0.7124515740086057,2.03115599393436,0.0,-0.5,0.0,0.03441324457526207,5,92.77156829833984
850.7700000000001,0.7124515740086057,2.03115599393436,0.0,-0.5,0.0,0.03441324457526207,5,92.77156829833984
850.7700000000001,0.7124515740086057,2.03115599393436,0.0,-0.5,0.0,0.03441324457526207,5,92.77156829833984
850.7700000000001,0.7124515740086057,2.03115599393436,0.0,-0.5,0.0,0.03441324457526207,5,92.77156829833984
850.7700000000001,0.7124515740086057,2.03115599393436,0.0,-0.5,0.0,0.03441324457526207,5,92.77156829833984
850.7700000000001,0.7111764967845775,2.030683649412997,0.0,-0.5,0.0,0.03441324457526207,5,92.77156829833984
850.7700000000001,0.7111764967845775,2.030683649412997,0.0,-0.5,0.0,0.03441324457526207,5,92.77156829833984
850.7700000000001,0.7111764967845775,2.030683649412997,0.0,-0.5,0.0,0.03441324457526207,5,92.77156829833984
850.7700000000001,0.7111854213362012,2.030711106166032,0.0,-0.5,0.0,0.03441324457526207,5,92.77156829833984
850.7700000000001,0.7111854213362012,2.030711106166032,0.0,-0.5,0.0,0.03441324457526207,5,92.77156829833984
850.87,0.7111854213362012,2.030711106166032,0.0,-0.5,0.0,0.03441324457526207,5,92.77156829833984
850.87,0.7111854213362012,2.030711106166032,0.0,-0.5,0.0,0.03441324457526207,5,92.77156829833984
850.87,0.7111947751890424,2.030739057672031,0.0,-0.5,0.0,0.03441324457526207,5,92.77156829833984
850.87,0.7111947751890424,2.030739057672031,0.0,-0.5,0.0,0.03441324457526207,5,92.77156829833984
850.87,0.7111947751890424,2.030739057672031,0.0,-0.5,0.0,0.03441324457526207,5,92.77156829833984
850.87,0.7111947751890424,2.030739057672031,0.0,-0.5,0.0,0.03441324457526207,5,92.77156829833984
850.87,0.7111947751890424,2.030739057672031,0.0,-0.5,0.0,0.03441324457526207,5,92.77156829833984
850.87,0.7111947751890424,2.030739057672031,0.0,-0.5,0.0,0.03441324457526207,5,92.77156829833984
850.87,0.7112046606264115,2.0307658344744723,0.0,-0.5,0.0,0.03441324457526207,5,92.77156829833984
850.87,0.7112046606264115,2.0307658344744723,0.0,-0.5,0.0,0.03441324457526207,5,92.77156829833984
850.87,0.7112046606264115,2.0307658344744723,0.0,-0.5,0.0,0.03441324457526207,5,92.77156829833984
850.87,0.7112149741235765,2.030793753539389,0.0,-0.5,0.0,0.03441324457526207,5,92.77156829833984
850.97,0.7112149741235765,2.030793753539389,0.0,-0.5,0.0,0.03441324457526207,5,92.77156829833984
850.97,0.7112149741235765,2.030793753539389,0.0,-0.5,0.0,0.03441324457526207,5,92.77156829833984
850.97,0.7112149741235765,2.030793753539389,0.0,-0.5,0.0,0.03441324457526207,5,92.77156829833984
850.97,0.7112256754991353,2.0308203671339387,0.0,-0.5,0.0,0.03441324457526207,5,92.77156829833984
850.97,0.7112256754991353,2.0308203671339387,0.0,-0.5,0.0,0.03441324457526207,5,92.77156829833984
850.97,0.7112256754991353,2.0308203671339387,0.0,-0.5,0.0,0.03441324457526207,5,92.77156829833984
850.97,0.7112369027579384,2.030846650679145,0.0,-0.5,0.0,0.03441324457526207,5,92.77156829833984
850.97,0.7112369027579384,2.030846650679145,0.0,-0.5,0.0,0.03441324457526207,5,92.77156829833984
850.97,0.7112369027579384,2.030846650679145,0.0,-0.5,0.0,0.03441324457526207,5,92.77156829833984
850.97,0.7112369027579384,2.030846650679145,0.0,-0.5,0.0,0.03441324457526207,5,92.77156829833984
850.97,0.711248600510231,2.0308733279070776,0.0,-0.5,0.0,0.03441324457526207,5,92.77156829833984
850.97,0.711248600510231,2.0308733279070776,0.0,-0.5,0.0,0.03441324457526207,5,92.77156829833984
851.07,0.711248600510231,2.0308733279070776,0.0,-0.5,0.0,0.03441324457526207,5,92.77156829833984
851.07,0.711248600510231,2.0308733279070776,0.0,-0.5,0.0,0.03441324457526207,5,92.7634048461914
851.07,0.7112606979780758,2.030900278502075,0.0,-0.5,0.0,0.03441324457526207,5,92.7634048461914
851.07,0.7112606979780758,2.030900278502075,0.0,-0.5,0.0,0.03441324457526207,5,92.7634048461914
851.07,0.7112606979780758,2.030900278502075,0.0,-0.5,0.0,0.03441324457526207,5,92.7634048461914
851.07,0.7112606979780758,2.030900278502075,0.0,-0.5,0.0,0.03441324457526207,5,92.7634048461914
851.07,0.7112606979780758,2.030900278502075,0.0,-0.5,0.0,0.03441324457526207,5,92.7634048461914
851.07,0.7112732023452553,2.030925669458279,0.0,-0.5,0.0,0.03441324457526207,5,92.7634048461914
851.07,0.7112732023452553,2.030925669458279,0.0,-0.5,0.0,0.03441324457526207,5,92.7634048461914
851.07,0.7112732023452553,2.030925669458279,0.0,-0.5,0.0,0.03441324457526207,5,92.7634048461914
851.07,0.7112732023452553,2.030925669458279,0.0,-0.5,0.0,0.03441324457526207,5,92.7634048461914
851.07,0.7112862192617877,2.0309517656476106,0.0,-0.5,0.0,0.03441324457526207,5,92.7634048461914
851.1700000000001,0.7112862192617877,2.0309517656476106,0.0,-0.5,0.0,0.03441324457526207,5,92.7634048461914
851.1700000000001,0.7112862192617877,2.0309517656476106,0.0,-0.5,0.0,0.03441324457526207,5,92.7634048461914
851.1700000000001,0.7112996532457627,2.0309776548949188,0.0,-0.5,0.0,0.03441324457526207,5,92.7634048461914
851.1700000000001,0.7112996532457627,2.0309776548949188,0.0,-0.5,0.0,0.03441324457526207,5,92.7634048461914
851.1700000000001,0.7112996532457627,2.0309776548949188,0.0,-0.5,0.0,0.03441324457526207,5,92.7634048461914
851.1700000000001,0.7119295828240969,2.029656954832843,0.0,-0.5,0.0,0.03441324457526207,5,92.7634048461914
851.1700000000001,0.7119295828240969,2.029656954832843,0.0,-0.5,0.0,0.03441324457526207,5,92.7634048461914
851.1700000000001,0.7119295828240969,2.029656954832843,0.0,-0.5,0.0,0.03441324457526207,5,92.7634048461914
851.1700000000001,0.7119295828240969,2.029656954832843,0.0,-0.5,0.0,0.03441324457526207,5,92.7634048461914
851.1700000000001,0.7119295828240969,2.029656954832843,0.0,-0.5,0.0,0.03441324457526207,5,92.7634048461914
851.1700000000001,0.7119295828240969,2.029656954832843,0.0,-0.5,0.0,0.03441324457526207,5,92.7634048461914
851.1700000000001,0.7119295828240969,2.029656954832843,0.0,-0.5,0.0,0.03441324457526207,5,92.7634048461914
851.1700000000001,0.7119295828240969,2.029656954832843,0.0,-0.5,0.0,0.03441324457526207,5,92.7634048461914
851.1700000000001,0.714038143489548,2.0251033959180593,0.0,-0.5,0.0,0.03441324457526207,5,92.7634048461914
851.2700000000001,0.714038143489548,2.0251033959180593,0.0,-0.5,0.0,0.03441324457526207,5,92.7634048461914
851.2700000000001,0.714038143489548,2.0251033959180593,0.0,-0.5,0.0,0.03441324457526207,5,92.7634048461914
851.2700000000001,0.714038143489548,2.0251033959180593,0.0,-0.5,0.0,0.03441324457526207,5,92.7634048461914
851.2700000000001,0.714038143489548,2.0251033959180593,0.0,-0.5,0.0,0.03441324457526207,5,92.7634048461914
851.2700000000001,0.7161464848089681,2.02054750029821,0.0,-0.5,0.0,0.0,5,92.7634048461914
851.2700000000001,0.7161464848089681,2.02054750029821,0.0,-0.5,0.0,0.0,5,92.7634048461914
851.2700000000001,0.7161464848089681,2.02054750029821,0.0,-0.5,0.0,0.0,5,92.7634048461914
851.2700000000001,0.7161464848089681,2.02054750029821,0.0,-0.5,0.0,0.0,5,92.7634048461914
851.2700000000001,0.7161464848089681,2.02054750029821,0.0,-0.5,0.0,0.0,5,92.7634048461914
851.2700000000001,0.7161464848089681,2.02054750029821,0.0,-0.5,0.0,0.0,5,92.7634048461914
851.2700000000001,0.7182549037875205,2.015990465679471,0.0,-0.5,0.0,0.0,5,92.7634048461914
851.2700000000001,0.7182549037875205,2.015990465679471,0.0,-0.5,0.0,0.0,5,92.7634048461914
851.2700000000001,0.7182549037875205,2.015990465679471,0.0,-0.5,0.0,0.0,5,92.7634048461914
851.2700000000001,0.7182549037875205,2.015990465679471,0.0,-0.5,0.0,0.0,5,92.7634048461914
851.2700000000001,0.7182549037875205,2.015990465679471,0.0,-0.5,0.0,0.0,5,92.7634048461914
851.2700000000001,0.7203630521053925,2.0114301111608968,0.0,-0.5,0.0,0.0,5,92.7634048461914
851.2700000000001,0.7203630521053925,2.0114301111608968,0.0,-0.5,0.0,0.0,5,92.7634048461914
851.37,0.7203630521053925,2.0114301111608968,0.0,-0.5,0.0,0.0,5,92.7634048461914
851.37,0.7203630521053925,2.0114301111608968,0.0,-0.5,0.0,0.0,5,92.7634048461914
851.37,0.7203630521053925,2.0114301111608968,0.0,-0.5,0.0,0.0,5,92.7634048461914
851.37,0.7203630521053925,2.0114301111608968,0.0,-0.5,0.0,0.0,5,92.7634048461914
851.37,0.7203630521053925,2.0114301111608968,0.0,-0.5,0.0,0.0,5,92.7634048461914
851.37,0.722471084033344,2.0068677174897407,0.0,-0.5,0.0,0.0,5,92.7634048461914
851.37,0.722471084033344,2.0068677174897407,0.0,-0.5,0.0,0.0,5,92.7634048461914
851.37,0.722471084033344,2.0068677174897407,0.0,-0.5,0.0,0.0,5,92.7634048461914
851.37,0.722471084033344,2.0068677174897407,0.0,-0.5,0.0,0.0,5,92.7634048461914
851.37,0.722471084033344,2.0068677174897407,0.0,-0.5,0.0,0.0,5,92.7634048461914
851.37,0.722471084033344,2.0068677174897407,0.0,-0.5,0.0,0.0,5,92.7634048461914
851.37,0.723841141588458,2.0039236726580425,0.0,-0.5,0.0,0.0,5,92.7634048461914
851.37,0.7238579321581258,2.0039467687777037,0.0,-0.5,0.0,0.0,5,92.7634048461914
851.47,0.7238579321581258,2.0039467687777037,0.0,-0.5,0.0,0.0,5,92.7634048461914
851.47,0.7238579321581258,2.0039467687777037,0.0,-0.5,0.0,0.0,5,92.7634048461914
851.47,0.7238579321581258,2.0039467687777037,0.0,-0.5,0.0,0.0,5,92.7634048461914
851.47,0.7238579321581258,2.0039467687777037,0.0,-0.5,0.0,0.0,5,92.7634048461914
851.47,0.723875363110706,2.0039702303405944,0.0,-0.5,0.0,0.0,5,92.7634048461914
851.47,0.723875363110706,2.0039702303405944,0.0,-0.5,0.0,0.0,5,92.7634048461914
851.47,0.7238931065268741,2.0039933349712653,0.0,-0.5,0.0,0.0,5,92.7634048461914
851.47,0.7238931065268741,2.0039933349712653,0.0,-0.5,0.0,0.0,5,92.7634048461914
851.47,0.7238931065268741,2.0039933349712653,0.0,-0.5,0.0,0.0,5,92.7634048461914
851.47,0.7238931065268741,2.0039933349712653,0.0,-0.5,0.0,0.0,5,92.7634048461914
851.47,0.7238931065268741,2.0039933349712653,0.0,-0.5,0.0,0.0,5,92.7634048461914
851.57,0.7239110752092495,2.0040154583165544,0.0,-0.5,0.0,0.0,5,92.7634048461914
851.57,0.7239110752092495,2.0040154583165544,0.0,-0.5,0.0,0.0,5,92.7634048461914
851.57,0.7239110752092495,2.0040154583165544,0.0,-0.5,0.0,0.0,5,92.73371124267578
851.57,0.7239110752092495,2.0040154583165544,0.0,-0.5,0.0,0.0,5,92.73371124267578
851.57,0.723929909419111,2.0040385959931815,0.0,-0.5,0.0,0.0,5,92.73371124267578
851.57,0.723929909419111,2.0040385959931815,0.0,-0.5,0.0,0.0,5,92.73371124267578
851.57,0.723929909419111,2.0040385959931815,0.0,-0.5,0.0,0.0,5,92.73371124267578
851.57,0.723929909419111,2.0040385959931815,0.0,-0.5,0.0,0.0,5,92.73371124267578
851.57,0.723929909419111,2.0040385959931815,0.0,-0.5,0.0,0.0,5,92.73371124267578
851.57,0.7239485370229186,2.0040599241656,0.0,-0.5,0.0,0.0,5,92.73371124267578
851.57,0.7239485370229186,2.0040599241656,0.0,-0.5,0.0,0.0,5,92.73371124267578
851.57,0.7239485370229186,2.0040599241656,0.0,-0.5,0.0,0.0,5,92.73371124267578
851.6700000000001,0.723968015561298,2.004082050301877,0.0,-0.5,0.0,0.0,5,92.73371124267578
851.6700000000001,0.723968015561298,2.004082050301877,0.0,-0.5,0.0,0.0,5,92.73371124267578
851.6700000000001,0.723968015561298,2.004082050301877,0.0,-0.5,0.0,0.0,5,92.73371124267578
851.6700000000001,0.723968015561298,2.004082050301877,0.0,-0.5,0.0,0.0,5,92.73371124267578
851.6700000000001,0.7239877515664286,2.004103750712135,0.0,-0.5,0.0,0.0,5,92.73371124267578
851.6700000000001,0.7239877515664286,2.004103750712135,0.0,-0.5,0.0,0.0,5,92.73371124267578
851.6700000000001,0.7239877515664286,2.004103750712135,0.0,-0.5,0.0,0.0,5,92.73371124267578
851.6700000000001,0.7239877515664286,2.004103750712135,0.0,-0.5,0.0,0.0,5,92.73371124267578
851.6700000000001,0.7240075435822793,2.0041243589535718,0.0,-0.5,0.0,0.0,5,92.73371124267578
851.6700000000001,0.7240075435822793,2.0041243589535718,0.0,-0.5,0.0,0.0,5,92.73371124267578
851.6700000000001,0.7240075435822793,2.0041243589535718,0.0,-0.5,0.0,0.0,5,92.73371124267578
851.7700000000001,0.7240277221755822,2.004144749687778,0.0,-0.5,0.0,0.0,5,92.73371124267578
851.7700000000001,0.7240277221755822,2.004144749687778,0.0,-0.5,0.0,0.0,5,92.73371124267578
851.7700000000001,0.7240277221755822,2.004144749687778,0.0,-0.5,0.0,0.0,5,92.73371124267578
851.7700000000001,0.7240277221755822,2.004144749687778,0.0,-0.5,0.0,0.0,5,92.73371124267578
851.7700000000001,0.724048765504459,2.0041657748625035,0.0,-0.5,0.0,0.0,5,92.73371124267578
851.7700000000001,0.724048765504459,2.0041657748625035,0.0,-0.5,0.0,0.0,5,92.73371124267578
851.7700000000001,0.724048765504459,2.0041657748625035,0.0,-0.47435897435897434,0.0,0.0,5,92.73371124267578
851.7700000000001,0.724048765504459,2.0041657748625035,0.0,-0.47435897435897434,0.0,0.0,5,92.73371124267578
851.7700000000001,0.724048765504459,2.0041657748625035,0.0,-0.47435897435897434,0.0,0.0,5,92.73371124267578
851.7700000000001,0.7242555254799383,2.0031852129986905,0.0,-0.47435897435897434,0.0,0.0,5,92.73371124267578
851.7700000000001,0.7242555254799383,2.0031852129986905,0.0,-0.47435897435897434,0.0,0.0,5,92.73371124267578
851.7700000000001,0.7242555254799383,2.0031852129986905,0.0,-0.47435897435897434,0.0,0.0,5,92.73371124267578
851.87,0.7245625775011495,2.001655675554492,0.0,-0.47435897435897434,0.0,0.0,5,92.73371124267578
851.87,0.7245625775011495,2.001655675554492,0.0,-0.47435897435897434,0.0,0.0,5,92.73371124267578
851.87,0.7245625775011495,2.001655675554492,0.0,-0.47435897435897434,0.0,0.0,5,92.73371124267578
851.87,0.7245625775011495,2.001655675554492,0.0,-0.47435897435897434,0.0,0.0,5,92.73371124267578
851.87,0.724869586930059,2.000124023835863,0.0,-0.4487179487179487,0.0,0.0,5,92.73371124267578
851.87,0.724869586930059,2.000124023835863,0.0,-0.4487179487179487,0.0,0.0,5,92.73371124267578
851.87,0.724869586930059,2.000124023835863,0.0,-0.4487179487179487,0.0,0.0,5,92.73371124267578
851.87,0.7251753792033776,1.99858873252981,0.0,-0.4487179487179487,0.0,0.0,5,92.73371124267578
851.87,0.7251753792033776,1.99858873252981,0.0,-0.4487179487179487,0.0,0.0,5,92.73371124267578
851.87,0.7251753792033776,1.99858873252981,0.0,-0.4487179487179487,0.0,0.0,5,92.73371124267578
851.97,0.7254811249350187,1.9970509967865158,0.0,-0.4487179487179487,0.0,0.0,5,92.73371124267578
851.97,0.7254811249350187,1.9970509967865158,0.0,-0.4487179487179487,0.0,0.0,5,92.73371124267578
851.97,0.7254811249350187,1.9970509967865158,0.0,-0.4487179487179487,0.0,0.0,5,92.73371124267578
851.97,0.7254811249350187,1.9970509967865158,0.0,-0.4487179487179487,0.0,0.0,5,92.73371124267578
851.97,0.7254811249350187,1.9970509967865158,0.0,-0.4487179487179487,0.0,0.0,5,92.73371124267578
851.97,0.7257853844201685,1.9955097376957218,0.0,-0.4487179487179487,0.0,0.0,5,92.73371124267578
851.97,0.7257853844201685,1.9955097376957218,0.0,-0.4487179487179487,0.0,0.0,5,92.73371124267578
851.97,0.7257853844201685,1.9955097376957218,0.0,-0.4487179487179487,0.0,0.0,5,92.73371124267578
851.97,0.7257853844201685,1.9955097376957218,0.0,-0.4487179487179487,0.0,0.0,5,92.73371124267578
851.97,0.7258814626094514,1.9951133668240582,0.0,-0.423076923076923,0.0,0.0,5,92.73371124267578
851.97,0.7258814626094514,1.9951133668240582,0.0,-0.423076923076923,0.0,0.0,5,92.73371124267578
851.97,0.7258814626094514,1.9951133668240582,0.0,-0.423076923076923,0.0,0.0,5,92.73371124267578
851.97,0.7258814626094514,1.9951133668240582,0.0,-0.423076923076923,0.0,0.0,5,92.73371124267578
852.07,0.7259018954302427,1.995128804710824,0.0,-0.423076923076923,0.0,0.0,5,92.72459411621094
852.07,0.7259018954302427,1.995128804710824,0.0,-0.39743589743589736,0.0,0.0,5,92.72459411621094
852.07,0.7259018954302427,1.995128804710824,0.0,-0.39743589743589736,0.0,0.0,5,92.72459411621094
852.07,0.7259018954302427,1.995128804710824,0.0,-0.39743589743589736,0.0,0.0,5,92.72459411621094
852.07,0.7259217326778926,1.9951434350963146,0.0,-0.39743589743589736,0.0,0.0,5,92.72459411621094
852.07,0.7259217326778926,1.9951434350963146,0.0,-0.39743589743589736,0.0,0.0,5,92.72459411621094
852.07,0.7259411218227285,1.9951574943740762,0.0,-0.39743589743589736,0.0,0.0,5,92.72459411621094
852.07,0.7259411218227285,1.9951574943740762,0.0,-0.39743589743589736,0.0,0.0,5,92.72459411621094
852.07,0.7259411218227285,1.9951574943740762,0.0,-0.39743589743589736,0.0,0.0,5,92.72459411621094
852.07,0.7259411218227285,1.9951574943740762,0.0,-0.39743589743589736,0.0,0.0,5,92.72459411621094
852.1700000000001,0.7259411218227285,1.9951574943740762,0.0,-0.39743589743589736,0.0,0.0,5,92.72459411621094
852.1700000000001,0.7259598941448374,1.9951707960351195,0.0,-0.23743589743589735,0.0,0.0,5,92.72459411621094
852.1700000000001,0.7259598941448374,1.9951707960351195,0.0,-0.23743589743589735,0.0,0.0,5,92.72459411621094
856.7700000000001,0.7342990071595592,1.9962817961069388,0.0,0.0,0.0,0.0,0,92.7158203125
856.7700000000001,0.7342990071595592,1.9962817961069388,0.0,0.0,0.0,0.0,0,92.7158203125
856.7700000000001,0.7342990071595592,1.9962817961069388,0.0,0.0,0.0,5.678369522094727,0,92.7158203125
856.87,0.7342990284453177,1.9962817174279848,0.0,0.0,0.0,5.678369522094727,0,92.7158203125
856.87,0.7342990284453177,1.9962817174279848,0.0,0.0,0.0,5.678369522094727,0,92.7158203125
856.87,0.7342990284453177,1.9962817174279848,0.0,0.0,0.0,5.678369522094727,0,92.7158203125
856.87,0.7342990803555057,1.9962816598817987,0.0,0.0,0.0,5.678369522094727,0,92.7158203125
856.87,0.7342990803555057,1.9962816598817987,0.0,-0.16,0.0,5.678369522094727,0,92.7158203125
856.87,0.7342990803555057,1.9962816598817987,0.0,-0.16,0.0,5.678369522094727,0,92.7158203125
856.87,0.7342990803555057,1.9962816598817987,0.0,-0.16,0.0,5.678369522094727,0,92.7158203125
856.87,0.734299144696258,1.9962816072635228,0.0,-0.16,0.0,5.678369522094727,0,92.7158203125
856.87,0.734299144696258,1.9962816072635228,0.0,-0.16,0.0,5.678369522094727,0,92.7158203125
856.87,0.734299144696258,1.9962816072635228,0.0,-0.16,0.0,5.678369522094727,0,92.7158203125
856.87,0.734299144696258,1.9962816072635228,0.0,-0.16,0.0,5.678369522094727,0,92.7158203125
856.87,0.734299144696258,1.9962816072635228,0.0,-0.17948717948717924,0.0,5.678369522094727,0,92.7158203125
856.97,0.7343048385093567,1.996283825500238,0.0,-0.17948717948717924,0.0,5.678369522094727,0,92.7158203125
856.97,0.7343048385093567,1.996283825500238,0.0,-0.17948717948717924,0.0,5.678369522094727,0,92.7158203125
856.97,0.7343048385093567,1.996283825500238,0.0,-0.17948717948717924,0.0,5.678369522094727,0,92.7158203125
856.97,0.7343048385093567,1.996283825500238,0.0,-0.17948717948717924,0.0,5.678369522094727,0,92.7158203125
856.97,0.7343048385093567,1.996283825500238,0.0,-0.17948717948717924,0.0,5.678369522094727,0,92.7158203125
856.97,0.7343129497891692,1.9962880841145032,0.0,-0.17948717948717924,0.0,5.678369522094727,0,92.7158203125
856.97,0.7343129497891692,1.9962880841145032,0.0,-0.17948717948717924,0.0,5.678369522094727,0,92.7158203125
856.97,0.7343129497891692,1.9962880841145032,0.0,-0.17948717948717924,0.0,5.678369522094727,0,92.7158203125
856.97,0.7343238160829474,1.9962935795239627,0.0,-0.17948717948717924,0.0,5.678369522094727,0,92.7158203125
856.97,0.7343238160829474,1.9962935795239627,0.0,-0.17948717948717924,0.0,5.678369522094727,0,92.7158203125
856.97,0.7343238160829474,1.9962935795239627,0.0,-0.17948717948717924,0.0,5.678369522094727,0,92.7158203125
856.97,0.7343238160829474,1.9962935795239627,0.0,-0.17948717948717924,0.0,5.678369522094727,0,92.7158203125
857.07,0.7343353278640977,1.9962993758055325,0.0,-0.17948717948717924,0.0,5.678369522094727,0,92.7158203125
857.07,0.7343353278640977,1.9962993758055325,0.0,-0.17948717948717924,0.0,5.678369522094727,0,92.71578979492188
857.07,0.7343353278640977,1.9962993758055325,0.0,-0.17948717948717924,0.0,5.678369522094727,0,92.71578979492188
857.07,0.7343353278640977,1.9962993758055325,0.0,-0.17948717948717924,0.0,5.678369522094727,0,92.71578979492188
857.07,0.7343451991852129,1.996306683317413,0.0,-0.17948717948717924,0.0,5.678369522094727,0,92.71578979492188
857.07,0.7343451991852129,1.996306683317413,0.0,-0.17948717948717924,0.0,5.678369522094727,0,92.71578979492188
857.07,0.7343451991852129,1.996306683317413,0.0,-0.17948717948717924,0.0,5.678369522094727,0,92.71578979492188
857.07,0.7343537348049989,1.9963113402150854,0.0,-0.17948717948717924,0.0,5.678369522094727,0,92.71578979492188
857.07,0.7343537348049989,1.9963113402150854,0.0,-0.17948717948717924,0.0,5.678369522094727,0,92.71578979492188
857.07,0.7343537348049989,1.9963113402150854,0.0,-0.12820512820512797,0.0,5.678369522094727,0,92.71578979492188
857.07,0.7343537348049989,1.9963113402150854,0.0,-0.12820512820512797,0.0,5.678369522094727,0,92.71578979492188
857.07,0.7343537348049989,1.9963113402150854,0.0,-0.12820512820512797,0.0,5.678369522094727,0,92.71578979492188
857.07,0.7343537348049989,1.9963113402150854,0.0,-0.12820512820512797,0.0,5.678369522094727,0,92.71578979492188
857.1700000000001,0.7343613367021049,1.9963155283393461,0.0,-0.12820512820512797,0.0,5.678369522094727,0,92.71578979492188
857.1700000000001,0.7343613367021049,1.9963155283393461,0.0,-0.12820512820512797,0.0,5.678369522094727,0,92.71578979492188
857.1700000000001,0.7343613367021049,1.9963155283393461,0.0,-0.12820512820512797,0.0,5.678369522094727,0,92.71578979492188
857.1700000000001,0.7343613367021049,1.9963155283393461,0.0,-0.12820512820512797,0.0,5.678369522094727,0,92.71578979492188
857.1700000000001,0.7343613367021049,1.9963155283393461,0.0,-0.12820512820512797,0.0,5.678369522094727,0,92.71578979492188
857.1700000000001,0.7343613367021049,1.9963155283393461,0.0,-0.12820512820512797,0.0,5.678369522094727,0,92.71578979492188
857.1700000000001,0.7343613367021049,1.9963155283393461,0.0,-0.12820512820512797,0.0,5.678369522094727,0,92.71578979492188
857.1700000000001,0.7343680229367963,1.996318709555637,0.0,-0.12820512820512797,0.0,5.678369522094727,0,92.71578979492188
857.1700000000001,0.7343680229367963,1.996318709555637,0.0,-0.12820512820512797,0.0,5.678369522094727,0,92.71578979492188
857.1700000000001,0.7343680229367963,1.996318709555637,0.0,-0.12820512820512797,0.0,5.678369522094727,0,92.71578979492188
857.1700000000001,0.7343680229367963,1.996318709555637,0.0,-0.12820512820512797,0.0,5.678369522094727,0,92.71578979492188
857.1700000000001,0.7343748313264027,1.996322281987697,0.0,-0.12820512820512797,0.0,5.678369522094727,0,92.71578979492188
857.1700000000001,0.7343748313264027,1.996322281987697,0.0,-0.12820512820512797,0.0,5.678369522094727,0,92.71578979492188
857.1700000000001,0.7343748313264027,1.996322281987697,0.0,-0.12820512820512797,0.0,5.678369522094727,0,92.71578979492188
857.2700000000001,0.7343748313264027,1.996322281987697,0.0,-0.12820512820512797,0.0,5.678369522094727,0,92.71578979492188
857.2700000000001,0.7343818339546796,1.996325888453637,0.0,-0.12820512820512797,0.0,5.678369522094727,0,92.71578979492188
857.2700000000001,0.7343818339546796,1.996325888453637,0.0,-0.12820512820512797,0.0,5.678369522094727,0,92.71578979492188
857.2700000000001,0.7343818339546796,1.996325888453637,0.0,-0.12820512820512797,0.0,5.678369522094727,0,92.71578979492188
857.2700000000001,0.7343887144871841,1.9963292676737705,0.0,-0.12820512820512797,0.0,5.678369522094727,0,92.71578979492188
857.2700000000001,0.7343887144871841,1.9963292676737705,0.0,-0.12820512820512797,0.0,5.678369522094727,0,92.71578979492188
857.2700000000001,0.7343887144871841,1.9963292676737705,0.0,-0.12820512820512797,0.0,5.678369522094727,0,92.71578979492188
857.2700000000001,0.7343953094818695,1.9963326647162214,0.0,-0.12820512820512797,0.0,5.678369522094727,0,92.71578979492188
857.2700000000001,0.7343953094818695,1.9963326647162214,0.0,-0.12820512820512797,0.0,5.678369522094727,0,92.71578979492188
857.2700000000001,0.7343953094818695,1.9963326647162214,0.0,-0.12820512820512797,0.0,5.678369522094727,0,92.71578979492188
857.2700000000001,0.7343953094818695,1.9963326647162214,0.0,-0.12820512820512797,0.0,5.678369522094727,0,92.71578979492188
857.37,0.7343953094818695,1.9963326647162214,0.0,-0.12820512820512797,0.0,5.678369522094727,0,92.71578979492188
857.37,0.73440180419109,1.9963357075632855,0.0,-0.12820512820512797,0.0,5.678369522094727,0,92.71578979492188
857.37,0.73440180419109,1.9963357075632855,0.0,-0.12820512820512797,0.0,5.678369522094727,0,92.71578979492188
857.37,0.73440180419109,1.9963357075632855,0.0,-0.12820512820512797,0.0,5.678369522094727,0,92.71578979492188
857.37,0.73440180419109,1.9963357075632855,0.0,-0.12820512820512797,0.0,5.678369522094727,0,92.71578979492188
857.37,0.73440180419109,1.9963357075632855,0.0,-0.12820512820512797,0.0,5.678369522094727,0,92.71578979492188
857.37,0.73440180419109,1.9963357075632855,0.0,-0.12820512820512797,0.0,5.678369522094727,0,92.71578979492188
857.37,0.73440180419109,1.9963357075632855,0.0,-0.12820512820512797,0.0,5.678369522094727,0,92.71578979492188
857.37,0.7344083997339099,1.996339103129079,0.0,-0.12820512820512797,0.0,5.678369522094727,0,92.71578979492188
857.37,0.7344083997339099,1.996339103129079,0.0,-0.12820512820512797,0.0,5.678369522094727,0,92.71578979492188
857.37,0.7344083997339099,1.996339103129079,0.0,-0.12820512820512797,0.0,5.678369522094727,0,92.71578979492188
857.37,0.7344083997339099,1.996339103129079,0.0,-0.12820512820512797,0.0,5.678369522094727,0,92.71578979492188
857.37,0.7344083997339099,1.996339103129079,0.0,-0.12820512820512797,0.0,5.678369522094727,0,92.71578979492188
857.37,0.7344083997339099,1.996339103129079,0.0,-0.12820512820512797,0.0,5.678369522094727,0,92.71578979492188
857.37,0.7344152334173282,1.9963421903533694,0.0,-0.12820512820512797,0.0,5.678369522094727,0,92.71578979492188
857.47,0.7344152334173282,1.9963421903533694,0.0,-0.12820512820512797,0.0,5.678369522094727,0,92.71578979492188
857.47,0.7344152334173282,1.9963421903533694,0.0,-0.12820512820512797,0.0,5.678369522094727,0,92.71578979492188
857.47,0.7344152334173282,1.9963421903533694,0.0,-0.12820512820512797,0.0,5.678369522094727,0,92.71578979492188
857.47,0.7344152334173282,1.9963421903533694,0.0,-0.12820512820512797,0.0,5.678369522094727,0,92.71578979492188
857.47,0.7344152334173282,1.9963421903533694,0.0,-0.12820512820512797,0.0,5.678369522094727,0,92.71578979492188
857.47,0.7344220616804136,1.9963453249976442,0.0,-0.12820512820512797,0.0,5.678369522094727,0,92.71578979492188
857.47,0.7344220616804136,1.9963453249976442,0.0,-0.12820512820512797,0.0,5.678369522094727,0,92.71578979492188
857.47,0.7344220616804136,1.9963453249976442,0.0,-0.12820512820512797,0.0,5.678369522094727,0,92.71578979492188
857.47,0.7344288369288937,1.9963488820788764,0.0,-0.12820512820512797,0.0,5.678369522094727,0,92.71578979492188
857.47,0.7344288369288937,1.9963488820788764,0.0,-0.12820512820512797,0.0,5.678369522094727,0,92.71578979492188
857.47,0.7344288369288937,1.9963488820788764,0.0,-0.12820512820512797,0.0,5.678369522094727,0,92.71578979492188
857.47,0.7344288369288937,1.9963488820788764,0.0,-0.12820512820512797,0.0,5.678369522094727,0,92.71578979492188
857.47,0.7344288369288937,1.9963488820788764,0.0,-0.12820512820512797,0.0,5.678369522094727,0,92.71578979492188
857.47,0.7344288369288937,1.9963488820788764,0.0,-0.12820512820512797,0.0,5.678369522094727,0,92.71578979492188
857.47,0.7344288369288937,1.9963488820788764,0.0,-0.12820512820512797,0.0,5.678369522094727,0,92.71578979492188
857.47,0.7344355943652326,1.9963519648202412,0.0,-0.12820512820512797,0.0,5.678369522094727,0,92.71578979492188
857.57,0.7344355943652326,1.9963519648202412,0.0,-0.12820512820512797,0.0,5.678369522094727,0,92.71578979492188
857.57,0.7344421729928634,1.996354996585636,0.0,-0.12820512820512797,0.0,5.678369522094727,0,92.71566772460938
857.57,0.7344421729928634,1.996354996585636,0.0,-0.12820512820512797,0.0,5.678369522094727,0,92.71566772460938
857.57,0.7344421729928634,1.996354996585636,0.0,-0.12820512820512797,0.0,5.678369522094727,0,92.71566772460938
857.57,0.7344488764884216,1.9963581092827742,0.0,-0.12820512820512797,0.0,5.678369522094727,0,92.71566772460938
857.57,0.7344488764884216,1.9963581092827742,0.0,-0.07692307692307669,0.0,5.658016204833984,0,92.71566772460938
857.57,0.734453901812237,1.9963605330527447,0.0,-0.07692307692307669,0.0,5.658016204833984,0,92.71566772460938
857.57,0.734453901812237,1.9963605330527447,0.0,-0.07692307692307669,0.0,5.658016204833984,0,92.71566772460938
857.57,0.734453901812237,1.9963605330527447,0.0,-0.07692307692307669,0.0,5.658016204833984,0,92.71566772460938
857.57,0.734453901812237,1.9963605330527447,0.0,-0.07692307692307669,0.0,5.658016204833984,0,92.71566772460938
857.6700000000001,0.734453901812237,1.9963605330527447,0.0,-0.07692307692307669,0.0,5.658016204833984,0,92.71566772460938
857.6700000000001,0.734453901812237,1.9963605330527447,0.0,-0.07692307692307669,0.0,5.658016204833984,0,92.71566772460938
857.6700000000001,0.7344581383398893,1.9963628516049927,0.0,-0.07692307692307669,0.0,5.658016204833984,0,92.71566772460938
857.6700000000001,0.7344581383398893,1.9963628516049927,0.0,-0.07692307692307669,0.0,5.658016204833984,0,92.71566772460938
857.6700000000001,0.7344581383398893,1.9963628516049927,0.0,-0.07692307692307669,0.0,5.658016204833984,0,92.71566772460938
857.6700000000001,0.7344581383398893,1.9963628516049927,0.0,-0.07692307692307669,0.0,5.658016204833984,0,92.71566772460938
857.6700000000001,0.7344581383398893,1.9963628516049927,0.0,-0.07692307692307669,0.0,5.658016204833984,0,92.71566772460938
857.6700000000001,0.7344581383398893,1.9963628516049927,0.0,-0.07692307692307669,0.0,5.658016204833984,0,92.71566772460938
857.6700000000001,0.7344581383398893,1.9963628516049927,0.0,-0.07692307692307669,0.0,5.658016204833984,0,92.71566772460938
857.6700000000001,0.7344616521187989,1.9963646234161359,0.0,-0.07692307692307669,0.0,5.658016204833984,0,92.71566772460938
857.6700000000001,0.7344616521187989,1.9963646234161359,0.0,-0.07692307692307669,0.0,5.658016204833984,0,92.71566772460938
857.6700000000001,0.7344616521187989,1.9963646234161359,0.0,-0.07692307692307669,0.0,5.658016204833984,0,92.71566772460938
857.6700000000001,0.734465167917049,1.996366229550436,0.0,-0.07692307692307669,0.0,5.658016204833984,0,92.71566772460938
857.6700000000001,0.734465167917049,1.996366229550436,0.0,-0.07692307692307669,0.0,5.658016204833984,0,92.71566772460938
857.7700000000001,0.734465167917049,1.996366229550436,0.0,-0.07692307692307669,0.0,5.658016204833984,0,92.71566772460938
857.7700000000001,0.734465167917049,1.996366229550436,0.0,-0.07692307692307669,0.0,5.658016204833984,0,92.71566772460938
857.7700000000001,0.734465167917049,1.996366229550436,0.0,-0.07692307692307669,0.0,5.658016204833984,0,92.71566772460938
857.7700000000001,0.734469200936616,1.9963677519886298,0.0,-0.07692307692307669,0.0,5.658016204833984,0,92.71566772460938
857.7700000000001,0.734469200936616,1.9963677519886298,0.0,-0.07692307692307669,0.0,5.658016204833984,0,92.71566772460938
857.7700000000001,0.734469200936616,1.9963677519886298,0.0,-0.07692307692307669,0.0,5.658016204833984,0,92.71566772460938
857.7700000000001,0.7344734726736885,1.9963695494549638,0.0,-0.07692307692307669,0.0,5.658016204833984,0,92.71566772460938
857.7700000000001,0.7344734726736885,1.9963695494549638,0.0,-0.07692307692307669,0.0,5.658016204833984,0,92.71566772460938
857.7700000000001,0.7344734726736885,1.9963695494549638,0.0,-0.07692307692307669,0.0,5.658016204833984,0,92.71566772460938
857.7700000000001,0.7344778280349425,1.9963715480636628,0.0,-0.07692307692307669,0.0,5.658016204833984,0,92.71566772460938
857.7700000000001,0.7344778280349425,1.9963715480636628,0.0,-0.07692307692307669,0.0,5.658016204833984,0,92.71566772460938
857.7700000000001,0.7344778280349425,1.9963715480636628,0.03473684210526316,-0.23692307692307668,0.0,5.658016204833984,0,92.71566772460938
857.7700000000001,0.7344778280349425,1.9963715480636628,0.03473684210526316,-0.23692307692307668,0.0,5.658016204833984,0,92.71566772460938
857.87,0.7344778280349425,1.9963715480636628,0.03473684210526316,-0.23692307692307668,0.0,5.658016204833984,0,92.71566772460938
857.87,0.7344778280349425,1.9963715480636628,0.03473684210526316,-0.23692307692307668,0.0,5.658016204833984,0,92.71566772460938
857.87,0.7344778280349425,1.9963715480636628,0.03473684210526316,-0.23692307692307668,0.0,5.658016204833984,0,92.71566772460938
857.87,0.7344778280349425,1.9963715480636628,0.03473684210526316,-0.23692307692307668,0.0,5.658016204833984,0,92.71566772460938
857.87,0.7344778280349425,1.9963715480636628,0.03473684210526316,-0.23692307692307668,0.0,5.658016204833984,0,92.71566772460938
857.87,0.7344778280349425,1.9963715480636628,0.03473684210526316,-0.23692307692307668,0.0,5.658016204833984,0,92.71566772460938
857.87,0.7344821713071576,1.9963736713779192,0.03473684210526316,-0.23692307692307668,0.0,5.658016204833984,0,92.71566772460938
857.87,0.7344821713071576,1.9963736713779192,0.03473684210526316,-0.3969230769230767,0.0,5.658016204833984,0,92.71566772460938
857.87,0.7344821713071576,1.9963736713779192,0.03473684210526316,-0.3969230769230767,0.0,5.658016204833984,0,92.71566772460938
857.87,0.7344821713071576,1.9963736713779192,0.03473684210526316,-0.3969230769230767,0.0,5.658016204833984,0,92.71566772460938
857.87,0.7353697299187121,1.996737209002088,0.03473684210526316,-0.3969230769230767,0.0,5.658016204833984,0,92.71566772460938
857.87,0.7353697299187121,1.996737209002088,0.03473684210526316,-0.3969230769230767,0.0,5.658016204833984,0,92.71566772460938
857.87,0.7353697299187121,1.996737209002088,0.03473684210526316,-0.5569230769230767,0.0,5.658016204833984,0,92.71566772460938
857.87,0.7353697299187121,1.996737209002088,0.03473684210526316,-0.5569230769230767,0.0,5.658016204833984,0,92.71566772460938
857.87,0.7353697299187121,1.996737209002088,0.03473684210526316,-0.5569230769230767,0.0,5.658016204833984,0,92.71566772460938
857.97,0.7364804327572736,1.9971844832783514,0.03473684210526316,-0.5569230769230767,0.0,5.658016204833984,0,92.71566772460938
857.97,0.7364804327572736,1.9971844832783514,0.03473684210526316,-0.5569230769230767,0.0,5.658016204833984,0,92.71566772460938
857.97,0.7364804327572736,1.9971844832783514,0.03473684210526316,-0.5569230769230767,0.0,5.658016204833984,0,92.71566772460938
857.97,0.7376095960653544,1.9976237168579027,0.03473684210526316,-0.7169230769230768,523.527504701,5.658016204833984,0,92.71566772460938
857.97,0.7376095960653544,1.9976237168579027,0.03473684210526316,-0.7169230769230768,523.527504701,5.658016204833984,0,92.71566772460938
857.97,0.7376095960653544,1.9976237168579027,0.03473684210526316,-0.7169230769230768,523.527504701,5.658016204833984,0,92.71566772460938
857.97,0.7376095960653544,1.9976237168579027,0.03473684210526316,-0.7169230769230768,523.527504701,5.658016204833984,0,92.71566772460938
857.97,0.7376095960653544,1.9976237168579027,0.03473684210526316,-0.8769230769230768,523.527504701,5.658016204833984,0,92.71566772460938
857.97,0.7376095960653544,1.9976237168579027,0.03473684210526316,-0.8769230769230768,523.527504701,5.658016204833984,0,92.71566772460938
857.97,0.7387594392785629,1.9980408697472165,0.03473684210526316,-0.8769230769230768,384.049347661,5.658016204833984,0,92.71566772460938
857.97,0.7387594392785629,1.9980408697472165,0.03473684210526316,-0.8769230769230768,384.049347661,5.658016204833984,0,92.71566772460938
857.97,0.7387594392785629,1.9980408697472165,0.03473684210526316,-0.8769230769230768,384.049347661,5.658016204833984,0,92.71566772460938
857.97,0.73993260424166,1.9984313160231766,0.023157894736842106,-1.0,384.049347661,5.658016204833984,0,92.71566772460938
857.97,0.73993260424166,1.9984313160231766,0.023157894736842106,-1.0,384.049347661,5.658016204833984,0,92.71566772460938
858.07,0.73993260424166,1.9984313160231766,0.023157894736842106,-1.0,302.613080905,5.658016204833984,0,92.71566772460938
858.07,0.7407491008690332,1.9986713888499463,0.023157894736842106,-1.0,302.613080905,5.658016204833984,0,92.70979309082031
858.07,0.7407491008690332,1.9986713888499463,0.023157894736842106,-1.0,302.613080905,5.658016204833984,0,92.70979309082031
858.07,0.7407491008690332,1.9986713888499463,0.023157894736842106,-1.0,302.613080905,5.658016204833984,0,92.70979309082031
858.07,0.7407491008690332,1.9986713888499463,0.023157894736842106,-1.0,264.275042183,5.658016204833984,0,92.70979309082031
858.07,0.7407491008690332,1.9986713888499463,0.023157894736842106,-1.0,264.275042183,5.658016204833984,0,92.70979309082031
858.07,0.7415720493042987,1.9988796738174188,0.023157894736842106,-1.0,264.275042183,5.658016204833984,0,92.70979309082031
858.07,0.7415720493042987,1.9988796738174188,0.023157894736842106,-1.0,264.275042183,5.658016204833984,0,92.70979309082031
858.07,0.7415720493042987,1.9988796738174188,0.023157894736842106,-1.0,234.551547266,5.658016204833984,0,92.70979309082031
858.07,0.7415720493042987,1.9988796738174188,0.023157894736842106,-1.0,234.551547266,5.658016204833984,0,92.70979309082031
858.07,0.7415720493042987,1.9988796738174188,0.023157894736842106,-1.0,234.551547266,5.658016204833984,0,92.70979309082031
858.07,0.7415720493042987,1.9988796738174188,0.023157894736842106,-1.0,234.551547266,5.658016204833984,0,92.70979309082031
858.07,0.7424004671377137,1.9990558973542,0.023157894736842106,-1.0,234.551547266,5.658016204833984,0,92.70979309082031
858.07,0.7424004671377137,1.9990558973542,0.023157894736842106,-0.9487179487179487,210.597763404,5.658016204833984,0,92.70979309082031
858.1700000000001,0.7424004671377137,1.9990558973542,0.023157894736842106,-0.9487179487179487,210.597763404,5.658016204833984,0,92.70979309082031
858.1700000000001,0.7424004671377137,1.9990558973542,0.023157894736842106,-0.9487179487179487,210.597763404,5.658016204833984,0,92.70979309082031
858.1700000000001,0.7424004671377137,1.9990558973542,0.023157894736842106,-0.9487179487179487,210.597763404,5.658016204833984,0,92.70979309082031
858.1700000000001,0.7432324902819121,1.9992096554319052,0.023157894736842106,-0.9487179487179487,210.597763404,5.658016204833984,0,92.70979309082031
858.1700000000001,0.7432324902819121,1.9992096554319052,0.023157894736842106,-0.9487179487179487,191.503573555,5.658016204833984,0,92.70979309082031
858.1700000000001,0.7432324902819121,1.9992096554319052,0.023157894736842106,-0.9487179487179487,191.503573555,5.658016204833984,0,92.70979309082031
858.1700000000001,0.7440661228865657,1.9993324753125812,0.023157894736842106,-0.9487179487179487,193.305913613,5.658016204833984,0,92.70979309082031
858.1700000000001,0.7440661228865657,1.9993324753125812,0.023157894736842106,-0.9487179487179487,193.305913613,5.658016204833984,0,92.70979309082031
858.1700000000001,0.7440661228865657,1.9993324753125812,0.023157894736842106,-0.8974358974358974,193.305913613,5.658016204833984,0,92.70979309082031
858.1700000000001,0.7440661228865657,1.9993324753125812,0.023157894736842106,-0.8974358974358974,193.305913613,5.658016204833984,0,92.70979309082031
858.1700000000001,0.7440661228865657,1.9993324753125812,0.023157894736842106,-0.8974358974358974,193.305913613,5.658016204833984,0,92.70979309082031
858.1700000000001,0.7440661228865657,1.9993324753125812,0.023157894736842106,-0.8974358974358974,193.305913613,5.658016204833984,0,92.70979309082031
858.1700000000001,0.7440661228865657,1.9993324753125812,0.023157894736842106,-0.8974358974358974,193.305913613,5.658016204833984,0,92.70979309082031
858.1700000000001,0.7449030180864918,1.9994300003367131,0.023157894736842106,-0.8974358974358974,193.305913613,5.658016204833984,0,92.70979309082031
858.1700000000001,0.7449030180864918,1.9994300003367131,0.023157894736842106,-0.8974358974358974,201.017446579,5.658016204833984,0,92.70979309082031
858.2700000000001,0.7449030180864918,1.9994300003367131,0.023157894736842106,-0.8974358974358974,201.017446579,5.658016204833984,0,92.70979309082031
858.2700000000001,0.7449030180864918,1.9994300003367131,0.023157894736842106,-0.8974358974358974,201.017446579,5.658016204833984,0,92.70979309082031
858.2700000000001,0.7449030180864918,1.9994300003367131,0.023157894736842106,-0.8974358974358974,201.017446579,5.658016204833984,0,92.70979309082031
858.2700000000001,0.7457405178840788,1.9995019868448098,0.023157894736842106,-0.8974358974358974,209.830575528,5.658016204833984,0,92.70979309082031
858.2700000000001,0.7457405178840788,1.9995019868448098,0.023157894736842106,-0.846153846153846,209.830575528,5.658016204833984,0,92.70979309082031
858.2700000000001,0.7457405178840788,1.9995019868448098,0.023157894736842106,-0.846153846153846,209.830575528,5.658016204833984,0,92.70979309082031
858.2700000000001,0.7465788730861268,1.9995466648528364,0.023157894736842106,-0.846153846153846,219.754475872,5.658016204833984,0,92.70979309082031
858.2700000000001,0.7465788730861268,1.9995466648528364,0.023157894736842106,-0.846153846153846,219.754475872,5.658016204833984,0,92.70979309082031
858.2700000000001,0.7465788730861268,1.9995466648528364,0.023157894736842106,-0.846153846153846,219.754475872,5.658016204833984,0,92.70979309082031
858.2700000000001,0.7465788730861268,1.9995466648528364,0.023157894736842106,-0.846153846153846,220.544993147,5.678369522094727,0,92.70979309082031
858.2700000000001,0.7465788730861268,1.9995466648528364,0.023157894736842106,-0.846153846153846,220.544993147,5.678369522094727,0,92.70979309082031
858.37,0.7474140260382887,1.999563513627169,0.023157894736842106,-0.846153846153846,232.443940896,5.678369522094727,0,92.70979309082031
858.37,0.7474140260382887,1.999563513627169,0.023157894736842106,-0.846153846153846,232.443940896,5.678369522094727,0,92.70979309082031
858.37,0.7474140260382887,1.999563513627169,0.023157894736842106,-0.846153846153846,232.443940896,5.678369522094727,0,92.70979309082031
858.37,0.7474140260382887,1.999563513627169,0.023157894736842106,-1.0,232.443940896,5.678369522094727,0,92.70979309082031
858.37,0.7482491637992531,1.9995586243616574,0.023157894736842106,-1.0,232.913901168,5.678369522094727,0,92.70979309082031
858.37,0.7482491637992531,1.9995586243616574,0.023157894736842106,-1.0,232.913901168,5.678369522094727,0,92.70979309082031
858.37,0.7482491637992531,1.9995586243616574,0.023157894736842106,-1.0,232.913901168,5.678369522094727,0,92.70979309082031
858.37,0.7490938119034886,1.999524947412986,0.023157894736842106,-1.0,232.913901168,5.678369522094727,0,92.70979309082031
858.37,0.7490938119034886,1.999524947412986,0.023157894736842106,-1.0,232.809095517,5.678369522094727,0,92.70979309082031
858.37,0.7490938119034886,1.999524947412986,0.023157894736842106,-1.0,232.809095517,5.678369522094727,0,92.70979309082031
858.37,0.7490938119034886,1.999524947412986,0.023157894736842106,-1.0,232.809095517,5.678369522094727,0,92.70979309082031
858.47,0.749938521379871,1.9994676972504504,0.023157894736842106,-1.0,232.336565314,5.678369522094727,0,92.70979309082031
858.47,0.749938521379871,1.9994676972504504,0.023157894736842106,-1.0,232.336565314,5.678369522094727,0,92.70979309082031
858.47,0.749938521379871,1.9994676972504504,0.023157894736842106,-1.0,232.336565314,5.678369522094727,0,92.70979309082031
858.47,0.749938521379871,1.9994676972504504,0.023157894736842106,-1.0,232.336565314,5.678369522094727,0,92.70979309082031
858.47,0.7507819880458911,1.9993787173608522,0.023157894736842106,-1.0,232.214397296,5.678369522094727,0,92.70979309082031
858.47,0.7507819880458911,1.9993787173608522,0.023157894736842106,-1.0,232.214397296,5.678369522094727,0,92.70979309082031
858.47,0.7507819880458911,1.9993787173608522,0.023157894736842106,-1.0,232.214397296,5.678369522094727,0,92.70979309082031
858.47,0.7507819880458911,1.9993787173608522,0.023157894736842106,-1.0,232.214397296,5.678369522094727,0,92.70979309082031
858.47,0.7507819880458911,1.9993787173608522,0.023157894736842106,-1.0,232.214397296,5.678369522094727,0,92.70979309082031
858.47,0.7516202225160464,1.9992553775113167,0.023157894736842106,-1.0,232.909512589,5.678369522094727,0,92.70979309082031
858.47,0.7516202225160464,1.9992553775113167,0.023157894736842106,-1.0,232.909512589,5.678369522094727,0,92.70979309082031
858.47,0.7516202225160464,1.9992553775113167,0.023157894736842106,-1.0,232.909512589,5.678369522094727,0,92.70979309082031
858.47,0.7516202225160464,1.9992553775113167,0.023157894736842106,-1.0,232.909512589,5.678369522094727,0,92.70979309082031
858.57,0.7524503188227283,1.9991017039503665,0.023157894736842106,-1.0,232.909512589,5.678369522094727,0,92.70979309082031
858.57,0.7524503188227283,1.9991017039503665,0.011578947368421053,-0.846153846153846,232.606272911,5.678369522094727,0,92.69807434082031
858.57,0.7524503188227283,1.9991017039503665,0.011578947368421053,-0.846153846153846,232.606272911,5.678369522094727,0,92.69807434082031
858.57,0.7524503188227283,1.9991017039503665,0.011578947368421053,-0.846153846153846,232.606272911,5.678369522094727,0,92.69807434082031
858.57,0.7524503188227283,1.9991017039503665,0.011578947368421053,-0.846153846153846,232.606272911,5.678369522094727,0,92.69807434082031
858.57,0.7528855139948429,1.9990077154424237,0.011578947368421053,-0.846153846153846,245.38830061,5.678369522094727,0,92.69807434082031
858.57,0.7528855139948429,1.9990077154424237,0.011578947368421053,-0.846153846153846,245.38830061,5.678369522094727,0,92.69807434082031
858.57,0.7528855139948429,1.9990077154424237,0.011578947368421053,-0.846153846153846,245.38830061,5.678369522094727,0,92.69807434082031
858.57,0.7535846122712673,2.0004499172585852,0.011578947368421053,-0.846153846153846,245.38830061,5.678369522094727,0,92.69807434082031
858.57,0.7535846122712673,2.0004499172585852,0.011578947368421053,-0.846153846153846,260.159405129,5.678369522094727,0,92.69807434082031
858.57,0.7535846122712673,2.0004499172585852,0.011578947368421053,-1.0,260.159405129,5.678369522094727,0,92.69807434082031
858.57,0.7535846122712673,2.0004499172585852,0.011578947368421053,-1.0,260.159405129,5.678369522094727,0,92.69807434082031
858.57,0.7535846122712673,2.0004499172585852,0.011578947368421053,-1.0,260.159405129,5.678369522094727,0,92.69807434082031
858.6700000000001,0.7546687622008847,2.004091485380263,0.011578947368421053,-1.0,275.26475535,5.678369522094727,0,92.69807434082031
858.6700000000001,0.7546687622008847,2.004091485380263,0.011578947368421053,-1.0,275.26475535,5.678369522094727,0,92.69807434082031
858.6700000000001,0.7546687622008847,2.004091485380263,0.011578947368421053,-1.0,275.26475535,5.678369522094727,0,92.69807434082031
858.6700000000001,0.7546687622008847,2.004091485380263,0.011578947368421053,-1.0,275.26475535,5.678369522094727,0,92.69807434082031
858.6700000000001,0.7557577425102765,2.0077186281773445,0.011578947368421053,-1.0,293.097012977,5.678369522094727,0,92.69807434082031
858.6700000000001,0.7557577425102765,2.0077186281773445,0.011578947368421053,-1.0,293.097012977,5.678369522094727,0,92.69807434082031
858.6700000000001,0.7557577425102765,2.0077186281773445,0.011578947368421053,-1.0,293.097012977,5.678369522094727,0,92.69807434082031
858.6700000000001,0.7557577425102765,2.0077186281773445,0.011578947368421053,-1.0,293.097012977,5.678369522094727,0,92.69807434082031
858.6700000000001,0.7568439840352916,2.0113305931277914,0.011578947368421053,-1.0,314.367345435,5.678369522094727,0,92.69807434082031
858.6700000000001,0.7568439840352916,2.0113305931277914,0.011578947368421053,-1.0,314.367345435,5.678369522094727,0,92.69807434082031
858.6700000000001,0.7568439840352916,2.0113305931277914,0.011578947368421053,-1.0,314.367345435,5.678369522094727,0,92.69807434082031
858.7700000000001,0.7568439840352916,2.0113305931277914,0.011578947368421053,-1.0,314.367345435,5.678369522094727,0,92.69807434082031
858.7700000000001,0.7579304079982798,2.0149302767924544,0.011578947368421053,-1.0,338.784847699,5.678369522094727,0,92.69807434082031
858.7700000000001,0.7579304079982798,2.0149302767924544,0.011578947368421053,-1.0,338.784847699,5.678369522094727,0,92.69807434082031
858.7700000000001,0.7579304079982798,2.0149302767924544,0.011578947368421053,-1.0,338.784847699,5.678369522094727,0,92.69807434082031
858.7700000000001,0.7579304079982798,2.0149302767924544,0.011578947368421053,-1.0,338.784847699,5.678369522094727,0,92.69807434082031
858.7700000000001,0.7590060503741494,2.0185115861224685,0.011578947368421053,-1.0,365.544034957,5.678369522094727,0,92.69807434082031
858.7700000000001,0.7590060503741494,2.0185115861224685,0.011578947368421053,-1.0,365.544034957,5.678369522094727,0,92.69807434082031
858.7700000000001,0.7590060503741494,2.0185115861224685,0.011578947368421053,-1.0,365.544034957,5.678369522094727,0,92.69807434082031
858.7700000000001,0.7597263734140365,2.020090713910019,0.011578947368421053,-1.0,399.305176371,5.678369522094727,0,92.69807434082031
858.7700000000001,0.7597263734140365,2.020090713910019,0.011578947368421053,-1.0,399.305176371,5.678369522094727,0,92.69807434082031
858.87,0.7597263734140365,2.020090713910019,0.011578947368421053,-1.0,399.305176371,5.678369522094727,0,92.69807434082031
858.87,0.7601276309299343,2.019887925398682,0.011578947368421053,-1.0,436.667372361,5.678369522094727,0,92.69807434082031
858.87,0.7601276309299343,2.019887925398682,0.011578947368421053,-1.0,436.667372361,5.678369522094727,0,92.69807434082031
858.87,0.7601276309299343,2.019887925398682,0.011578947368421053,-1.0,436.667372361,5.678369522094727,0,92.69807434082031
858.87,0.7601276309299343,2.019887925398682,0.011578947368421053,-1.0,436.667372361,5.678369522094727,0,92.69807434082031
858.87,0.7605208581140921,2.019672788075029,0.011578947368421053,-1.0,437.755858191,5.678369522094727,0,92.69807434082031
858.87,0.7605208581140921,2.019672788075029,0.011578947368421053,-1.0,437.755858191,5.678369522094727,0,92.69807434082031
858.87,0.7605208581140921,2.019672788075029,0.011578947368421053,-1.0,437.755858191,5.678369522094727,0,92.69807434082031
858.87,0.7605208581140921,2.019672788075029,0.011578947368421053,-1.0,437.755858191,5.678369522094727,0,92.69807434082031
858.87,0.7609074998012497,2.0194449768984413,0.011578947368421053,-1.0,434.572808622,5.678369522094727,0,92.69807434082031
858.87,0.7609074998012497,2.0194449768984413,0.011578947368421053,-1.0,434.572808622,5.678369522094727,0,92.69807434082031
858.87,0.7609074998012497,2.0194449768984413,0.011578947368421053,-1.0,434.572808622,5.678369522094727,0,92.69807434082031
858.97,0.7609074998012497,2.0194449768984413,0.011578947368421053,-1.0,434.572808622,5.678369522094727,0,92.69807434082031
858.97,0.7609074998012497,2.0194449768984413,0.011578947368421053,-1.0,434.572808622,5.678369522094727,0,92.69807434082031
858.97,0.7612900177952859,2.019204246567479,0.011578947368421053,-1.0,436.879819787,5.678369522094727,0,92.69807434082031
858.97,0.7612900177952859,2.019204246567479,0.011578947368421053,-1.0,436.879819787,5.678369522094727,0,92.69807434082031
858.97,0.7612900177952859,2.019204246567479,0.011578947368421053,-1.0,436.879819787,5.678369522094727,0,92.69807434082031
858.97,0.7616610102378079,2.0189496281231283,0.011578947368421053,-1.0,437.89571251,5.678369522094727,0,92.69807434082031
858.97,0.7616610102378079,2.0189496281231283,0.011578947368421053,-1.0,437.89571251,5.678369522094727,0,92.69807434082031
858.97,0.7616610102378079,2.0189496281231283,0.011578947368421053,-1.0,437.89571251,5.678369522094727,0,92.69807434082031
858.97,0.7624784273219856,2.0203274743609474,0.011578947368421053,-1.0,436.779248583,5.678369522094727,0,92.69807434082031
858.97,0.7624784273219856,2.0203274743609474,0.011578947368421053,-1.0,436.779248583,5.678369522094727,0,92.69807434082031
859.07,0.7624784273219856,2.0203274743609474,0.011578947368421053,-1.0,436.779248583,5.678369522094727,0,92.69807434082031
859.07,0.7624784273219856,2.0203274743609474,0.011578947368421053,-1.0,436.779248583,5.678369522094727,0,92.67436981201172
859.07,0.7635296015949457,2.0225865756256924,0.011578947368421053,-1.0,441.001222157,5.678369522094727,0,92.67436981201172
859.07,0.7635296015949457,2.0225865756256924,0.011578947368421053,-1.0,441.001222157,5.678369522094727,0,92.67436981201172
859.07,0.7635296015949457,2.0225865756256924,0.011578947368421053,-1.0,441.001222157,5.678369522094727,0,92.67436981201172
859.07,0.7635296015949457,2.0225865756256924,0.011578947368421053,-1.0,441.001222157,5.678369522094727,0,92.67436981201172
859.07,0.7645695929015376,2.024829386715975,0.011578947368421053,-1.0,441.001222157,5.678369522094727,0,92.67436981201172
859.07,0.7645695929015376,2.024829386715975,0.011578947368421053,-1.0,443.997850071,5.678369522094727,0,92.67436981201172
859.07,0.7645695929015376,2.024829386715975,0.011578947368421053,-1.0,443.997850071,5.678369522094727,0,92.67436981201172
859.07,0.7645695929015376,2.024829386715975,0.011578947368421053,-1.0,443.997850071,5.678369522094727,0,92.67436981201172
859.07,0.7655973358969774,2.027056336948571,0.011578947368421053,-1.0,444.196757887,5.678369522094727,0,92.67436981201172
859.07,0.7655973358969774,2.027056336948571,0.011578947368421053,-1.0,444.196757887,5.678369522094727,0,92.67436981201172
859.1700000000001,0.7655973358969774,2.027056336948571,0.011578947368421053,-1.0,444.196757887,5.678369522094727,0,92.67436981201172
859.1700000000001,0.7655973358969774,2.027056336948571,0.011578947368421053,-1.0,444.196757887,5.678369522094727,0,92.67436981201172
859.1700000000001,0.766614213965047,2.0292671601290286,0.011578947368421053,-1.0,448.271671124,5.678369522094727,0,92.67436981201172
859.1700000000001,0.766614213965047,2.0292671601290286,0.011578947368421053,-1.0,448.271671124,5.678369522094727,0,92.67436981201172
859.1700000000001,0.766614213965047,2.0292671601290286,0.011578947368421053,-1.0,448.271671124,5.678369522094727,0,92.67436981201172
859.1700000000001,0.766614213965047,2.0292671601290286,0.011578947368421053,-1.0,448.271671124,5.678369522094727,0,92.67436981201172
859.1700000000001,0.7676190234361016,2.0314622017002093,0.011578947368421053,-1.0,447.678445055,5.678369522094727,0,92.67436981201172
859.1700000000001,0.7676190234361016,2.0314622017002093,0.011578947368421053,-1.0,447.678445055,5.678369522094727,0,92.67436981201172
859.1700000000001,0.7676190234361016,2.0314622017002093,0.011578947368421053,-1.0,447.678445055,5.678369522094727,0,92.67436981201172
859.1700000000001,0.7676190234361016,2.0314622017002093,0.011578947368421053,-1.0,447.678445055,5.678369522094727,0,92.67436981201172
859.1700000000001,0.7680621366864894,2.031642951553098,0.011578947368421053,-1.0,448.497443755,5.689764976501465,0,92.67436981201172
859.1700000000001,0.7680621366864894,2.031642951553098,0.011578947368421053,-1.0,448.497443755,5.689764976501465,0,92.67436981201172
859.2700000000001,0.7680621366864894,2.031642951553098,0.011578947368421053,-1.0,448.497443755,5.689764976501465,0,92.67436981201172
859.2700000000001,0.7680621366864894,2.031642951553098,0.011578947368421053,-1.0,448.497443755,5.689764976501465,0,92.67436981201172
859.2700000000001,0.7683519388529814,2.031294507908947,0.011578947368421053,-1.0,449.078689892,5.689764976501465,0,92.67436981201172
859.2700000000001,0.7683519388529814,2.031294507908947,0.011578947368421053,-1.0,449.078689892,5.689764976501465,0,92.67436981201172
859.2700000000001,0.7683519388529814,2.031294507908947,0.011578947368421053,-1.0,449.078689892,5.689764976501465,0,92.67436981201172
859.2700000000001,0.7683519388529814,2.031294507908947,0.011578947368421053,-1.0,449.078689892,5.689764976501465,0,92.67436981201172
859.2700000000001,0.7686265210311082,2.0309380350354056,0.011578947368421053,-1.0,447.096634782,5.689764976501465,0,92.67436981201172
859.2700000000001,0.7686265210311082,2.0309380350354056,0.011578947368421053,-1.0,447.096634782,5.689764976501465,0,92.67436981201172
859.2700000000001,0.7686265210311082,2.0309380350354056,0.011578947368421053,-1.0,447.096634782,5.689764976501465,0,92.67436981201172
859.2700000000001,0.7686265210311082,2.0309380350354056,0.011578947368421053,-1.0,447.096634782,5.689764976501465,0,92.67436981201172
859.2700000000001,0.7688926564555703,2.0305705862416934,0.011578947368421053,-1.0,447.096634782,5.689764976501465,0,92.67436981201172
859.2700000000001,0.7688926564555703,2.0305705862416934,0.011578947368421053,-1.0,449.086472465,5.689764976501465,0,92.67436981201172
859.37,0.7688926564555703,2.0305705862416934,0.011578947368421053,-1.0,449.086472465,5.689764976501465,0,92.67436981201172
859.37,0.7688926564555703,2.0305705862416934,0.023157894736842106,-1.0,449.086472465,5.689764976501465,0,92.67436981201172
859.37,0.7688926564555703,2.0305705862416934,0.023157894736842106,-1.0,449.086472465,5.689764976501465,0,92.67436981201172
859.37,0.7691421959420461,2.0301969834956144,0.023157894736842106,-1.0,449.086472465,5.689764976501465,0,92.67436981201172
859.37,0.7691421959420461,2.0301969834956144,0.023157894736842106,-1.0,447.069134609,5.689764976501465,0,92.67436981201172
859.37,0.7691421959420461,2.0301969834956144,0.023157894736842106,-1.0,447.069134609,5.689764976501465,0,92.67436981201172
859.37,0.7691421959420461,2.0301969834956144,0.023157894736842106,-1.0,447.069134609,5.689764976501465,0,92.67436981201172
859.37,0.7691421959420461,2.0301969834956144,0.011578947368421053,-1.0,447.069134609,5.689764976501465,0,92.67436981201172
859.37,0.7695893048670317,2.0294764904108216,0.011578947368421053,-1.0,406.340451361,5.689764976501465,0,92.67436981201172
859.37,0.7695893048670317,2.0294764904108216,0.011578947368421053,-1.0,406.340451361,5.689764976501465,0,92.67436981201172
859.37,0.7695893048670317,2.0294764904108216,0.011578947368421053,-1.0,406.340451361,5.689764976501465,0,92.67436981201172
859.37,0.7720334318542225,2.0307077373073827,0.011578947368421053,-1.0,406.727843148,5.689764976501465,0,92.67436981201172
859.37,0.7720334318542225,2.0307077373073827,0.011578947368421053,-1.0,406.727843148,5.689764976501465,0,92.67436981201172
859.47,0.7720334318542225,2.0307077373073827,0.011578947368421053,-1.0,406.727843148,5.689764976501465,0,92.67436981201172
859.47,0.7746769117396299,2.0320777796160696,0.011578947368421053,-1.0,406.727843148,5.689764976501465,0,92.67436981201172
859.47,0.7746769117396299,2.0320777796160696,0.011578947368421053,-1.0,407.00617482,5.689764976501465,0,92.67436981201172
859.47,0.7746769117396299,2.0320777796160696,0.011578947368421053,-1.0,407.00617482,5.689764976501465,0,92.67436981201172
859.47,0.7746769117396299,2.0320777796160696,0.08105263157894736,-1.0,407.00617482,5.689764976501465,0,92.67436981201172
859.47,0.7746769117396299,2.0320777796160696,0.08105263157894736,-1.0,407.00617482,5.689764976501465,0,92.67436981201172
859.47,0.7772993342807033,2.0334321805120803,0.08105263157894736,-1.0,402.933087685,5.689764976501465,0,92.67436981201172
859.47,0.7772993342807033,2.0334321805120803,0.08105263157894736,-1.0,402.933087685,5.689764976501465,0,92.67436981201172
859.47,0.7772993342807033,2.0334321805120803,0.08105263157894736,-1.0,402.933087685,5.689764976501465,0,92.67436981201172
859.47,0.7803573729884945,2.033711080116308,0.08105263157894736,-1.0,321.861600752,5.689764976501465,0,92.67436981201172
859.57,0.7803573729884945,2.033711080116308,0.08105263157894736,-1.0,321.861600752,5.689764976501465,0,92.67436981201172
859.57,0.7803573729884945,2.033711080116308,0.08105263157894736,-1.0,321.861600752,5.689764976501465,0,92.65203857421875
859.57,0.78377004941699,2.0328822625398284,0.08105263157894736,-1.0,321.861600752,5.689764976501465,0,92.65203857421875
859.57,0.78377004941699,2.0328822625398284,0.08105263157894736,-1.0,321.861600752,5.689764976501465,0,92.65203857421875
859.57,0.78377004941699,2.0328822625398284,0.08105263157894736,-1.0,321.861600752,5.689764976501465,0,92.65203857421875
859.57,0.78377004941699,2.0328822625398284,0.08105263157894736,-1.0,321.861600752,5.689764976501465,0,92.65203857421875
859.57,0.78377004941699,2.0328822625398284,0.08105263157894736,-1.0,226.123691955,5.689764976501465,0,92.65203857421875
859.57,0.78377004941699,2.0328822625398284,0.08105263157894736,-1.0,226.123691955,5.689764976501465,0,92.65203857421875
859.57,0.78377004941699,2.0328822625398284,0.08105263157894736,-1.0,173.79067596,5.689764976501465,0,92.65203857421875
859.57,0.7871026746756493,2.0319564729516895,0.06947368421052631,-1.0,173.79067596,5.689764976501465,0,92.65203857421875
859.57,0.7871026746756493,2.0319564729516895,0.06947368421052631,-1.0,173.79067596,5.689764976501465,0,92.65203857421875
859.57,0.7871026746756493,2.0319564729516895,0.06947368421052631,-1.0,173.79067596,5.689764976501465,0,92.65203857421875
859.57,0.7882874787385852,2.029525108753313,0.06947368421052631,-1.0,140.937366436,5.689764976501465,0,92.65203857421875
859.6700000000001,0.7882874787385852,2.029525108753313,0.06947368421052631,-1.0,140.937366436,5.689764976501465,0,92.65203857421875
859.6700000000001,0.7882874787385852,2.029525108753313,0.06947368421052631,-1.0,140.937366436,5.689764976501465,0,92.65203857421875
859.6700000000001,0.7889115188088665,2.027237993401274,0.06947368421052631,-1.0,122.295073652,5.689764976501465,0,92.65203857421875
859.6700000000001,0.7889115188088665,2.027237993401274,0.06947368421052631,-1.0,122.295073652,5.689764976501465,0,92.65203857421875
859.6700000000001,0.7889115188088665,2.027237993401274,0.06947368421052631,-1.0,122.295073652,5.689764976501465,0,92.65203857421875
859.6700000000001,0.7889115188088665,2.027237993401274,0.06947368421052631,-1.0,122.295073652,5.689764976501465,0,92.65203857421875
859.6700000000001,0.7894672384747743,2.024884241389966,0.06947368421052631,-1.0,110.24498921,5.689764976501465,0,92.65203857421875
859.6700000000001,0.7894672384747743,2.024884241389966,0.06947368421052631,-1.0,110.24498921,5.689764976501465,0,92.65203857421875
859.6700000000001,0.7894672384747743,2.024884241389966,0.06947368421052631,-1.0,110.24498921,5.689764976501465,0,92.65203857421875
859.6700000000001,0.7899428183085484,2.0225124232253124,0.06947368421052631,-1.0,98.102730062,5.689764976501465,0,92.65203857421875
859.6700000000001,0.7899428183085484,2.0225124232253124,0.06947368421052631,-1.0,98.102730062,5.689764976501465,0,92.65203857421875
859.7700000000001,0.7899428183085484,2.0225124232253124,0.06947368421052631,-1.0,98.102730062,5.689764976501465,0,92.65203857421875
859.7700000000001,0.7899428183085484,2.0225124232253124,0.12736842105263158,-1.0,98.102730062,5.689764976501465,0,92.65203857421875
859.7700000000001,0.7899428183085484,2.0225124232253124,0.12736842105263158,-1.0,98.102730062,5.689764976501465,0,92.65203857421875
859.7700000000001,0.7903383418458723,2.0201253328736715,0.12736842105263158,-1.0,88.370073882,5.689764976501465,0,92.65203857421875
859.7700000000001,0.7903383418458723,2.0201253328736715,0.12736842105263158,-1.0,88.370073882,5.689764976501465,0,92.65203857421875
859.7700000000001,0.7903383418458723,2.0201253328736715,0.12736842105263158,-1.0,88.370073882,5.689764976501465,0,92.65203857421875
859.7700000000001,0.7907959967592466,2.0166282184500983,0.12736842105263158,-1.0,76.637514863,5.689764976501465,0,92.65203857421875
859.7700000000001,0.7907959967592466,2.0166282184500983,0.12736842105263158,-1.0,76.637514863,5.689764976501465,0,92.65203857421875
859.7700000000001,0.7907959967592466,2.0166282184500983,0.12736842105263158,-1.0,76.637514863,5.689764976501465,0,92.65203857421875
859.87,0.7933947253068495,2.0140065998106262,0.12736842105263158,-1.0,68.227309395,5.689764976501465,0,92.65203857421875
859.87,0.7933947253068495,2.0140065998106262,0.11578947368421051,-1.0,68.227309395,5.689764976501465,0,92.65203857421875
859.87,0.7933947253068495,2.0140065998106262,0.11578947368421051,-1.0,68.227309395,5.689764976501465,0,92.65203857421875
859.87,0.7933947253068495,2.0140065998106262,0.11578947368421051,-1.0,68.227309395,5.689764976501465,0,92.65203857421875
859.87,0.7958521094270792,2.0113717783801253,0.11578947368421051,-1.0,64.1156915,5.689764976501465,0,92.65203857421875
859.87,0.7958521094270792,2.0113717783801253,0.11578947368421051,-1.0,64.1156915,5.689764976501465,0,92.65203857421875
859.87,0.7958521094270792,2.0113717783801253,0.11578947368421051,-1.0,64.1156915,5.689764976501465,0,92.65203857421875
859.87,0.7958521094270792,2.0113717783801253,0.11578947368421051,-1.0,64.1156915,5.689764976501465,0,92.65203857421875
859.87,0.7981557470448309,2.0091170285237374,0.11578947368421051,-1.0,64.1156915,5.689764976501465,0,92.65203857421875
859.87,0.7981557470448309,2.0091170285237374,0.11578947368421051,-1.0,61.41405822,5.689764976501465,0,92.65203857421875
859.87,0.7981557470448309,2.0091170285237374,0.11578947368421051,-1.0,61.41405822,5.689764976501465,0,92.65203857421875
859.87,0.7981557470448309,2.0091170285237374,0.16210526315789472,-1.0,61.41405822,5.689764976501465,0,92.65203857421875
859.87,0.8003303931257887,2.006860841238887,0.16210526315789472,-1.0,58.939844206000004,5.689764976501465,0,92.65203857421875
859.97,0.8003303931257887,2.006860841238887,0.16210526315789472,-1.0,58.939844206000004,5.689764976501465,0,92.65203857421875
859.97,0.8003303931257887,2.006860841238887,0.16210526315789472,-1.0,58.939844206000004,5.689764976501465,0,92.65203857421875
859.97,0.8003303931257887,2.006860841238887,0.16210526315789472,-1.0,58.939844206000004,5.689764976501465,0,92.65203857421875
859.97,0.8023357026508855,2.0034483835577723,0.16210526315789472,-1.0,53.854869375,5.689764976501465,0,92.65203857421875
859.97,0.8023357026508855,2.0034483835577723,0.16210526315789472,-1.0,53.854869375,5.689764976501465,0,92.65203857421875
859.97,0.8023357026508855,2.0034483835577723,0.16210526315789472,-1.0,53.854869375,5.689764976501465,0,92.65203857421875
859.97,0.8023357026508855,2.0034483835577723,0.16210526315789472,-1.0,53.854869375,5.689764976501465,0,92.65203857421875
859.97,0.803953826875135,1.9994727217310688,0.16210526315789472,-1.0,49.06285566,5.689764976501465,0,92.65203857421875
859.97,0.803953826875135,1.9994727217310688,0.19684210526315787,-1.0,49.06285566,5.689764976501465,0,92.65203857421875
859.97,0.803953826875135,1.9994727217310688,0.19684210526315787,-1.0,49.06285566,5.689764976501465,0,92.65203857421875
860.07,0.8033871147463029,1.9939301872696176,0.19684210526315787,-1.0,45.02077749,5.689764976501465,0,92.60607147216797
860.07,0.8033871147463029,1.9939301872696176,0.19684210526315787,-1.0,45.02077749,5.689764976501465,0,92.60607147216797
860.07,0.8033871147463029,1.9939301872696176,0.19684210526315787,-1.0,45.02077749,5.689764976501465,0,92.60607147216797
860.07,0.8024761522133512,1.9872663678397438,0.19684210526315787,-1.0,40.506169995,5.689764976501465,0,92.60607147216797
860.07,0.8024761522133512,1.9872663678397438,0.19684210526315787,-1.0,40.506169995,5.689764976501465,0,92.60607147216797
860.07,0.8024761522133512,1.9872663678397438,0.19684210526315787,-1.0,40.506169995,5.689764976501465,0,92.60607147216797
860.07,0.8024761522133512,1.9872663678397438,0.19684210526315787,-1.0,40.506169995,5.689764976501465,0,92.60607147216797
860.07,0.8013352110598772,1.9806150540548526,0.19684210526315787,-1.0,37.68525435,5.689764976501465,0,92.60607147216797
860.07,0.8013352110598772,1.9806150540548526,0.19684210526315787,-1.0,37.68525435,5.689764976501465,0,92.60607147216797
860.07,0.8013352110598772,1.9806150540548526,0.21999999999999997,-1.0,37.98825622,5.735512733459473,0,92.60607147216797
860.07,0.8013352110598772,1.9806150540548526,0.21999999999999997,-1.0,37.98825622,5.735512733459473,0,92.60607147216797
860.1700000000001,0.799967476092378,1.9740035480462461,0.21999999999999997,-1.0,35.838546764,5.685512542724609,0,92.60607147216797
860.1700000000001,0.799967476092378,1.9740035480462461,0.21999999999999997,-1.0,35.838546764,5.685512542724609,0,92.60607147216797
860.1700000000001,0.799967476092378,1.9740035480462461,0.21999999999999997,-1.0,35.838546764,5.685512542724609,0,92.60607147216797
860.1700000000001,0.7981954781803683,1.9666993334207519,0.21999999999999997,-1.0,33.647307101,5.685512542724609,0,92.60607147216797
860.1700000000001,0.7981954781803683,1.9666993334207519,0.21999999999999997,-1.0,33.647307101,5.685512542724609,0,92.60607147216797
860.1700000000001,0.7981954781803683,1.9666993334207519,0.21999999999999997,-1.0,33.647307101,5.685512542724609,0,92.60607147216797
860.1700000000001,0.7966296090333452,1.95911466428988,0.21999999999999997,-1.0,33.647307101,5.685512542724609,0,92.60607147216797
860.1700000000001,0.7966296090333452,1.95911466428988,0.20842105263157892,-1.0,33.647307101,5.685512542724609,0,92.60607147216797
860.1700000000001,0.7966296090333452,1.95911466428988,0.20842105263157892,-1.0,31.497931029,5.685512542724609,0,92.60607147216797
860.1700000000001,0.7966296090333452,1.95911466428988,0.20842105263157892,-1.0,31.497931029,5.685512542724609,0,92.60607147216797
860.1700000000001,0.7966296090333452,1.95911466428988,0.20842105263157892,-1.0,31.497931029,5.685512542724609,0,92.60607147216797
860.2700000000001,0.7963169198929115,1.9505191591098996,0.20842105263157892,-1.0,29.613344043,5.685512542724609,0,92.60607147216797
860.2700000000001,0.7963169198929115,1.9505191591098996,0.20842105263157892,-1.0,29.613344043,5.685512542724609,0,92.60607147216797
860.2700000000001,0.7963169198929115,1.9505191591098996,0.20842105263157892,-1.0,29.613344043,5.685512542724609,0,92.60607147216797
860.2700000000001,0.7963169198929115,1.9505191591098996,0.20842105263157892,-1.0,29.613344043,5.685512542724609,0,92.60607147216797
860.2700000000001,0.7959319264421763,1.9423637223002275,0.20842105263157892,-1.0,28.666212164,5.685512542724609,0,92.60607147216797
860.2700000000001,0.7959319264421763,1.9423637223002275,0.20842105263157892,-1.0,28.666212164,5.685512542724609,0,92.60607147216797
860.2700000000001,0.7959319264421763,1.9423637223002275,0.19684210526315787,-1.0,28.666212164,5.685512542724609,0,92.60607147216797
860.2700000000001,0.7959319264421763,1.9423637223002275,0.19684210526315787,-1.0,28.666212164,5.685512542724609,0,92.60607147216797
860.2700000000001,0.7953456514115829,1.9342420240037483,0.19684210526315787,-1.0,27.957178458,5.685512542724609,0,92.60607147216797
860.2700000000001,0.7953456514115829,1.9342420240037483,0.19684210526315787,-1.0,27.957178458,5.685512542724609,0,92.60607147216797
860.2700000000001,0.7953456514115829,1.9342420240037483,0.19684210526315787,-1.0,27.957178458,5.685512542724609,0,92.60607147216797
860.2700000000001,0.7953456514115829,1.9342420240037483,0.19684210526315787,-1.0,27.957178458,5.685512542724609,0,92.60607147216797
860.37,0.7947267710989777,1.9265605821283889,0.19684210526315787,-1.0,27.473303092,5.685512542724609,0,92.60607147216797
860.37,0.7947267710989777,1.9265605821283889,0.19684210526315787,-1.0,27.473303092,5.685512542724609,0,92.60607147216797
860.37,0.7947267710989777,1.9265605821283889,0.19684210526315787,-1.0,27.473303092,5.685512542724609,0,92.60607147216797
860.37,0.7947267710989777,1.9265605821283889,0.19684210526315787,-1.0,27.473303092,5.685512542724609,0,92.60607147216797
860.37,0.793917496535522,1.918918851717313,0.21999999999999997,-1.0,27.425418103,5.685512542724609,0,92.60607147216797
860.37,0.793917496535522,1.918918851717313,0.21999999999999997,-1.0,27.425418103,5.685512542724609,0,92.60607147216797
860.37,0.793917496535522,1.918918851717313,0.21999999999999997,-1.0,27.425418103,5.685512542724609,0,92.60607147216797
860.37,0.7919423913554631,1.9111529071901485,0.21999999999999997,-1.0,27.111156376,5.685512542724609,0,92.60607147216797
860.37,0.7919423913554631,1.9111529071901485,0.21999999999999997,-1.0,27.111156376,5.685512542724609,0,92.60607147216797
860.37,0.7919423913554631,1.9111529071901485,0.21999999999999997,-1.0,27.111156376,5.685512542724609,0,92.60607147216797
860.37,0.7919423913554631,1.9111529071901485,0.21999999999999997,-1.0,27.111156376,5.685512542724609,0,92.60607147216797
860.47,0.7883807555846154,1.9045132369807092,0.21999999999999997,-1.0,26.785553692,5.685512542724609,0,92.60607147216797
860.47,0.7883807555846154,1.9045132369807092,0.21999999999999997,-1.0,26.785553692,5.685512542724609,0,92.60607147216797
860.47,0.7883807555846154,1.9045132369807092,0.21999999999999997,-1.0,26.785553692,5.685512542724609,0,92.60607147216797
860.47,0.7883807555846154,1.9045132369807092,0.20842105263157892,-1.0,26.785553692,5.685512542724609,0,92.60607147216797
860.47,0.7845926309861941,1.8979952121902206,0.20842105263157892,-1.0,26.756220835,5.685512542724609,0,92.60607147216797
860.47,0.7845926309861941,1.8979952121902206,0.20842105263157892,-1.0,26.756220835,5.685512542724609,0,92.60607147216797
860.47,0.7845926309861941,1.8979952121902206,0.20842105263157892,-1.0,26.756220835,5.685512542724609,0,92.60607147216797
860.47,0.7808057916906397,1.8919588913360228,0.20842105263157892,-1.0,26.893024999,5.685512542724609,0,92.60607147216797
860.47,0.7808057916906397,1.8919588913360228,0.20842105263157892,-1.0,26.893024999,5.685512542724609,0,92.60607147216797
860.47,0.7808057916906397,1.8919588913360228,0.20842105263157892,-1.0,26.893024999,5.685512542724609,0,92.60607147216797
860.57,0.7808057916906397,1.8919588913360228,0.20842105263157892,-1.0,26.893024999,5.685512542724609,0,92.60607147216797
860.57,0.7808057916906397,1.8919588913360228,0.20842105263157892,-1.0,26.893024999,5.685512542724609,0,92.60607147216797
860.57,0.7768059249327126,1.8860395729320014,0.20842105263157892,-1.0,27.053251391,5.685512542724609,0,92.50162506103516
860.57,0.7768059249327126,1.8860395729320014,0.19684210526315787,-1.0,27.053251391,5.685512542724609,0,92.50162506103516
860.57,0.7768059249327126,1.8860395729320014,0.19684210526315787,-1.0,27.053251391,5.685512542724609,0,92.50162506103516
860.57,0.7726054122794845,1.8802572433641889,0.19684210526315787,-1.0,27.044030809,5.685512542724609,0,92.50162506103516
860.57,0.7726054122794845,1.8802572433641889,0.19684210526315787,-1.0,27.044030809,5.685512542724609,0,92.50162506103516
860.57,0.7666685812911341,1.8751658035421277,0.19684210526315787,-1.0,27.044030809,5.685512542724609,0,92.50162506103516
860.57,0.7666685812911341,1.8751658035421277,0.19684210526315787,-1.0,27.208799119,5.685512542724609,0,92.50162506103516
860.57,0.7666685812911341,1.8751658035421277,0.19684210526315787,-1.0,27.208799119,5.685512542724609,0,92.50162506103516
860.57,0.7666685812911341,1.8751658035421277,0.19684210526315787,-1.0,27.208799119,5.685512542724609,0,92.50162506103516
860.57,0.7666685812911341,1.8751658035421277,0.19684210526315787,-1.0,27.208799119,5.685512542724609,0,92.50162506103516
860.6700000000001,0.7666685812911341,1.8751658035421277,0.19684210526315787,-1.0,27.208799119,5.685512542724609,0,92.50162506103516
860.6700000000001,0.7585022844697175,1.8704588541731169,0.21999999999999997,-1.0,27.193223223,5.685512542724609,0,92.50162506103516
860.6700000000001,0.7585022844697175,1.8704588541731169,0.21999999999999997,-1.0,27.193223223,5.685512542724609,0,92.50162506103516
860.6700000000001,0.7585022844697175,1.8704588541731169,0.21999999999999997,-1.0,27.193223223,5.685512542724609,0,92.50162506103516
860.6700000000001,0.7501369654974794,1.8659105898054533,0.21999999999999997,-1.0,27.24446585,5.685512542724609,0,92.50162506103516
860.6700000000001,0.7501369654974794,1.8659105898054533,0.21999999999999997,-1.0,27.24446585,5.685512542724609,0,92.50162506103516
860.6700000000001,0.7501369654974794,1.8659105898054533,0.21999999999999997,-1.0,27.24446585,5.685512542724609,0,92.50162506103516
860.6700000000001,0.7410430086608027,1.8609780449577078,0.21999999999999997,-1.0,26.95635948,5.635512351989746,0,92.50162506103516
860.6700000000001,0.7410430086608027,1.8609780449577078,0.21999999999999997,-1.0,26.95635948,5.635512351989746,0,92.50162506103516
860.6700000000001,0.7410430086608027,1.8609780449577078,0.21999999999999997,-1.0,26.95635948,5.635512351989746,0,92.50162506103516
860.7700000000001,0.7410430086608027,1.8609780449577078,0.21999999999999997,-1.0,26.95635948,5.635512351989746,0,92.50162506103516
860.7700000000001,0.7317325496551941,1.8562305954668497,0.21999999999999997,-1.0,26.95635948,5.635512351989746,0,92.50162506103516
860.7700000000001,0.7317325496551941,1.8562305954668497,0.21999999999999997,-1.0,26.951823998000002,5.635512351989746,0,92.50162506103516
860.7700000000001,0.7317325496551941,1.8562305954668497,0.21999999999999997,-1.0,26.951823998000002,5.635512351989746,0,92.50162506103516
860.7700000000001,0.7317325496551941,1.8562305954668497,0.21999999999999997,-1.0,26.951823998000002,5.635512351989746,0,92.50162506103516
860.7700000000001,0.7317325496551941,1.8562305954668497,0.21999999999999997,-1.0,26.951823998000002,5.635512351989746,0,92.50162506103516
860.7700000000001,0.7317325496551941,1.8562305954668497,0.21999999999999997,-1.0,26.951823998000002,5.635512351989746,0,92.50162506103516
860.7700000000001,0.7222223746313576,1.8516849661470836,0.21999999999999997,-1.0,26.992539442,5.635512351989746,0,92.50162506103516
860.7700000000001,0.7222223746313576,1.8516849661470836,0.21999999999999997,-1.0,26.992539442,5.635512351989746,0,92.50162506103516
860.7700000000001,0.714471990386146,1.847109050264822,0.21999999999999997,-1.0,26.992539442,5.635512351989746,0,92.50162506103516
860.7700000000001,0.714471990386146,1.847109050264822,0.21999999999999997,-1.0,26.85425049,5.635512351989746,0,92.50162506103516
860.7700000000001,0.714471990386146,1.847109050264822,0.21999999999999997,-1.0,26.85425049,5.635512351989746,0,92.50162506103516
860.7700000000001,0.714471990386146,1.847109050264822,0.21999999999999997,-1.0,26.85425049,5.635512351989746,0,92.50162506103516
860.87,0.714471990386146,1.847109050264822,0.21999999999999997,-1.0,26.85425049,5.635512351989746,0,92.50162506103516
860.87,0.7085063683849261,1.842497404834641,0.21999999999999997,-1.0,26.85425049,5.635512351989746,0,92.50162506103516
860.87,0.7085063683849261,1.842497404834641,0.21999999999999997,-1.0,26.688688113,5.635512351989746,0,92.50162506103516
860.87,0.7085063683849261,1.842497404834641,0.21999999999999997,-1.0,26.688688113,5.635512351989746,0,92.50162506103516
860.87,0.7085063683849261,1.842497404834641,0.21999999999999997,-1.0,26.688688113,5.635512351989746,0,92.50162506103516
860.87,0.7023861821632923,1.8380881623982464,0.21999999999999997,-1.0,26.524538974,5.635512351989746,0,92.50162506103516
860.87,0.7023861821632923,1.8380881623982464,0.21999999999999997,-1.0,26.524538974,5.635512351989746,0,92.50162506103516
860.87,0.7023861821632923,1.8380881623982464,0.21999999999999997,-1.0,26.524538974,5.635512351989746,0,92.50162506103516
860.87,0.6961264848140093,1.8338905011588211,0.09499999999999997,-0.84,26.197766063,5.635512351989746,0,92.50162506103516
860.87,0.6961264848140093,1.8338905011588211,0.09499999999999997,-0.84,25.965331424,5.585512638092041,0,92.50162506103516
860.97,0.6961264848140093,1.8338905011588211,0.09499999999999997,-0.84,25.965331424,5.585512638092041,0,92.50162506103516
860.97,0.6908137656886489,1.8305558513225024,0.09499999999999997,-0.84,26.12579393,5.585512638092041,0,92.50162506103516
860.97,0.6908137656886489,1.8305558513225024,0.09499999999999997,-0.84,26.12579393,5.585512638092041,0,92.50162506103516
860.97,0.6908137656886489,1.8305558513225024,0.0,-0.6799999999999999,26.12579393,5.585512638092041,0,92.50162506103516
860.97,0.6908137656886489,1.8305558513225024,0.0,-0.6799999999999999,26.12579393,5.585512638092041,0,92.50162506103516
860.97,0.6863298275704707,1.8279714592901288,0.0,-0.6799999999999999,26.728327974,5.585512638092041,0,92.50162506103516
860.97,0.6863298275704707,1.8279714592901288,0.0,-0.6799999999999999,26.728327974,5.585512638092041,0,92.50162506103516
860.97,0.6863298275704707,1.8279714592901288,0.0,-0.6799999999999999,26.728327974,5.585512638092041,0,92.50162506103516
860.97,0.6818485502139026,1.8260879069969342,0.0,-0.5199999999999999,26.728327974,5.585512638092041,0,92.50162506103516
860.97,0.6818485502139026,1.8260879069969342,0.0,-0.5199999999999999,28.268228685,5.585512638092041,0,92.50162506103516
861.07,0.6818485502139026,1.8260879069969342,0.0,-0.5199999999999999,28.268228685,5.585512638092041,0,92.50162506103516
861.07,0.6818485502139026,1.8260879069969342,0.0,-0.5199999999999999,28.268228685,5.585512638092041,0,92.38275146484375
861.07,0.6777925324514529,1.8248472640837359,0.0,-0.3599999999999999,0.0,0.0,1,92.38275146484375
861.07,0.6777925324514529,1.8248472640837359,0.0,-0.3599999999999999,0.0,0.0,1,92.38275146484375
861.07,0.6777925324514529,1.8248472640837359,0.0,-0.3599999999999999,0.0,0.0,1,92.38275146484375
861.07,0.6777925324514529,1.8248472640837359,0.0,-0.3599999999999999,0.0,0.0,1,92.38275146484375
861.07,0.6777925324514529,1.8248472640837359,0.0,-0.3599999999999999,0.0,0.0,1,92.38275146484375
861.07,0.6777925324514529,1.8248472640837359,0.0,-0.3599999999999999,0.0,0.0,1,92.38275146484375
861.07,0.6747227272082236,1.8241523725742328,0.0,-0.3599999999999999,0.0,0.0,1,92.38275146484375
861.07,0.6747227272082236,1.8241523725742328,0.125,-0.43589743589743557,0.0,0.0,1,92.38275146484375
861.07,0.6747227272082236,1.8241523725742328,0.125,-0.43589743589743557,0.0,0.0,1,92.38275146484375
861.07,0.6747227272082236,1.8241523725742328,0.125,-0.43589743589743557,0.0,0.0,1,92.38275146484375
861.07,0.672174268914858,1.8237314482369,0.125,-0.43589743589743557,0.0,0.0,1,92.38275146484375
861.07,0.672174268914858,1.8237314482369,0.21999999999999997,-0.43589743589743557,0.0,0.0,1,92.38275146484375
861.1700000000001,0.672174268914858,1.8237314482369,0.21999999999999997,-0.43589743589743557,0.0,0.0,1,92.38275146484375
861.1700000000001,0.672174268914858,1.8237314482369,0.21999999999999997,-0.43589743589743557,0.0,0.0,1,92.38275146484375
861.1700000000001,0.6685443892784206,1.8229486501571168,0.21999999999999997,-0.43589743589743557,0.0,0.0,1,92.38275146484375
861.1700000000001,0.6685443892784206,1.8229486501571168,0.21999999999999997,-0.43589743589743557,0.0,0.0,1,92.38275146484375
861.1700000000001,0.6685443892784206,1.8229486501571168,0.21999999999999997,-0.43589743589743557,0.0,0.0,1,92.38275146484375
861.1700000000001,0.6638000052726185,1.8218506029055705,0.21999999999999997,-0.43589743589743557,0.0,0.0,1,92.38275146484375
861.1700000000001,0.6638000052726185,1.8218506029055705,0.21999999999999997,-0.43589743589743557,0.0,0.0,1,92.38275146484375
861.1700000000001,0.6638000052726185,1.8218506029055705,0.21999999999999997,-0.43589743589743557,0.0,0.0,1,92.38275146484375
861.1700000000001,0.6638000052726185,1.8218506029055705,0.21999999999999997,-0.43589743589743557,0.0,0.0,1,92.38275146484375
861.1700000000001,0.6585864555812606,1.8204635377937906,0.21999999999999997,-0.43589743589743557,0.0,0.0,1,92.38275146484375
861.1700000000001,0.6585864555812606,1.8204635377937906,0.21999999999999997,-0.43589743589743557,0.0,0.0,1,92.38275146484375
861.2700000000001,0.6585864555812606,1.8204635377937906,0.21999999999999997,-0.43589743589743557,0.0,0.0,1,92.38275146484375
861.2700000000001,0.6585864555812606,1.8204635377937906,0.21999999999999997,-0.43589743589743557,0.0,0.0,1,92.38275146484375
861.2700000000001,0.6530867254662612,1.818874086248347,0.21999999999999997,-0.43589743589743557,0.0,0.0,1,92.38275146484375
861.2700000000001,0.6530867254662612,1.818874086248347,0.21999999999999997,-0.5384615384615381,0.0,0.0,1,92.38275146484375
861.2700000000001,0.6530867254662612,1.818874086248347,0.21999999999999997,-0.5384615384615381,0.0,0.0,1,92.38275146484375
861.2700000000001,0.6530867254662612,1.818874086248347,0.21999999999999997,-0.5384615384615381,0.0,0.0,1,92.38275146484375
861.2700000000001,0.6466531029016155,1.8171959725235582,0.21999999999999997,-0.5384615384615381,0.0,0.0,1,92.38275146484375
861.2700000000001,0.6466531029016155,1.8171959725235582,0.21999999999999997,-0.5384615384615381,0.0,0.0,1,92.38275146484375
861.2700000000001,0.6466531029016155,1.8171959725235582,0.21999999999999997,-0.5384615384615381,0.0,0.0,1,92.38275146484375
861.2700000000001,0.6398143449956363,1.8155596901997113,0.21999999999999997,-0.5384615384615381,0.0,0.0,1,92.38275146484375
861.2700000000001,0.6398143449956363,1.8155596901997113,0.21999999999999997,-0.5384615384615381,0.0,0.0,1,92.38275146484375
861.37,0.6398143449956363,1.8155596901997113,0.21999999999999997,-0.5384615384615381,0.0,0.0,1,92.38275146484375
861.37,0.6327081480856405,1.8141213719861093,0.20842105263157892,-0.43589743589743557,0.0,0.0,1,92.38275146484375
861.37,0.6327081480856405,1.8141213719861093,0.20842105263157892,-0.43589743589743557,0.0,0.0,1,92.38275146484375
861.37,0.6327081480856405,1.8141213719861093,0.20842105263157892,-0.43589743589743557,0.0,0.0,1,92.38275146484375
861.37,0.625870334670455,1.8128911774540009,0.20842105263157892,-0.43589743589743557,0.0,0.0,1,92.38275146484375
861.37,0.625870334670455,1.8128911774540009,0.20842105263157892,-0.43589743589743557,0.0,0.0,1,92.38275146484375
861.37,0.625870334670455,1.8128911774540009,0.20842105263157892,-0.43589743589743557,0.0,0.0,1,92.38275146484375
861.37,0.625870334670455,1.8128911774540009,0.20842105263157892,-0.43589743589743557,0.0,0.0,1,92.38275146484375
861.37,0.6186374292814435,1.8105766861162609,0.20842105263157892,-0.43589743589743557,0.0,0.0,1,92.38275146484375
861.47,0.6186374292814435,1.8105766861162609,0.20842105263157892,-0.43589743589743557,0.0,0.0,1,92.38275146484375
861.47,0.6186374292814435,1.8105766861162609,0.21999999999999997,-0.3846153846153843,0.0,0.0,1,92.38275146484375
861.47,0.6186374292814435,1.8105766861162609,0.21999999999999997,-0.3846153846153843,0.0,0.0,1,92.38275146484375
861.47,0.6111474821644219,1.8074511987991144,0.21999999999999997,-0.3846153846153843,0.0,0.0,1,92.38275146484375
861.47,0.6111474821644219,1.8074511987991144,0.21999999999999997,-0.3846153846153843,0.0,0.0,1,92.38275146484375
861.47,0.6111474821644219,1.8074511987991144,0.21999999999999997,-0.3846153846153843,0.0,0.0,1,92.38275146484375
861.47,0.6111474821644219,1.8074511987991144,0.21999999999999997,-0.3846153846153843,0.0,0.0,1,92.38275146484375
861.47,0.6032952138269863,1.8042760587798492,0.21999999999999997,-0.3846153846153843,0.0,0.0,1,92.38275146484375
861.47,0.6032952138269863,1.8042760587798492,0.21999999999999997,-0.3846153846153843,0.0,0.0,1,92.38275146484375
861.47,0.6032952138269863,1.8042760587798492,0.21999999999999997,-0.3846153846153843,0.0,0.0,1,92.38275146484375
861.47,0.6032952138269863,1.8042760587798492,0.21999999999999997,-0.3846153846153843,0.0,0.0,1,92.38275146484375
861.47,0.595400980703988,1.8011211939992866,0.21999999999999997,-0.3846153846153843,0.0,0.0,1,92.38275146484375
861.57,0.595400980703988,1.8011211939992866,0.21999999999999997,-0.43589743589743557,0.0,0.0,1,92.38275146484375
861.57,0.595400980703988,1.8011211939992866,0.21999999999999997,-0.43589743589743557,0.0,0.0,1,92.29277038574219
861.57,0.595400980703988,1.8011211939992866,0.21999999999999997,-0.43589743589743557,0.0,0.0,1,92.29277038574219
861.57,0.595400980703988,1.8011211939992866,0.21999999999999997,-0.43589743589743557,0.0,0.0,1,92.29277038574219
861.57,0.5874870614294834,1.7980021953822987,0.21999999999999997,-0.43589743589743557,0.0,0.0,1,92.29277038574219
861.57,0.5874870614294834,1.7980021953822987,0.21999999999999997,-0.43589743589743557,0.0,0.0,1,92.29277038574219
861.57,0.5874870614294834,1.7980021953822987,0.21999999999999997,-0.43589743589743557,0.0,0.0,1,92.29277038574219
861.57,0.5874870614294834,1.7980021953822987,0.21999999999999997,-0.43589743589743557,0.0,0.0,1,92.29277038574219
861.57,0.5874870614294834,1.7980021953822987,0.21999999999999997,-0.48717948717948684,0.0,0.0,1,92.29277038574219
861.57,0.5874870614294834,1.7980021953822987,0.21999999999999997,-0.48717948717948684,0.0,0.0,1,92.29277038574219
861.57,0.5795603628716545,1.7949184691069036,0.21999999999999997,-0.48717948717948684,0.0,0.0,1,92.29277038574219
861.57,0.5795603628716545,1.7949184691069036,0.21999999999999997,-0.48717948717948684,0.0,0.0,1,92.29277038574219
861.6700000000001,0.5719561433902239,1.793488507759862,0.21999999999999997,-0.48717948717948684,0.0,0.0,2,92.29277038574219
861.6700000000001,0.5719561433902239,1.793488507759862,0.21999999999999997,-0.48717948717948684,0.0,0.0,2,92.29277038574219
861.6700000000001,0.5719561433902239,1.793488507759862,0.0,1.0,0.0,0.0,2,92.29277038574219
861.6700000000001,0.5719561433902239,1.793488507759862,0.0,1.0,0.0,0.0,2,92.29277038574219
861.6700000000001,0.5644790907566012,1.7928350301507638,0.0,1.0,0.0,0.0,2,92.29277038574219
861.6700000000001,0.5644790907566012,1.7928350301507638,0.0,1.0,0.0,0.0,2,92.29277038574219
861.6700000000001,0.5644790907566012,1.7928350301507638,0.09499999999999997,-0.32717948717948686,0.0,0.0,2,92.29277038574219
861.6700000000001,0.5644790907566012,1.7928350301507638,0.09499999999999997,-0.32717948717948686,0.0,0.0,2,92.29277038574219
861.6700000000001,0.5644790907566012,1.7928350301507638,0.09499999999999997,-0.32717948717948686,0.0,0.0,2,92.29277038574219
861.6700000000001,0.5581648086917297,1.7923869729979132,0.09499999999999997,-0.32717948717948686,0.0,0.0,2,92.29277038574219
861.6700000000001,0.5581648086917297,1.7923869729979132,0.0,-0.16717948717948686,0.0,0.0,2,92.29277038574219
861.6700000000001,0.5581648086917297,1.7923869729979132,0.0,1.0,0.0,0.0,2,92.29277038574219
861.6700000000001,0.5581648086917297,1.7923869729979132,0.0,1.0,0.0,0.0,2,92.29277038574219
861.7700000000001,0.5529983504681254,1.792102642806658,0.0,1.0,0.0,0.0,2,92.29277038574219
861.7700000000001,0.5529983504681254,1.792102642806658,0.0,1.0,0.0,0.0,2,92.29277038574219
861.7700000000001,0.5529983504681254,1.792102642806658,0.0,-0.007179487179486854,0.0,0.0,2,92.29277038574219
861.7700000000001,0.5489788283935704,1.791935523099763,0.0,-0.007179487179486854,0.0,0.0,2,92.29277038574219
861.7700000000001,0.5489788283935704,1.791935523099763,0.0,-0.007179487179486854,0.0,0.0,2,92.29277038574219
861.7700000000001,0.5489788283935704,1.791935523099763,0.0,-0.007179487179486854,0.0,0.0,2,92.29277038574219
861.7700000000001,0.5461113064928529,1.7918483922533788,0.0,-0.007179487179486854,0.0,0.0,2,92.29277038574219
861.7700000000001,0.5461113064928529,1.7918483922533788,0.0,0.0,0.0,0.0,2,92.29277038574219
861.7700000000001,0.5461113064928529,1.7918483922533788,0.0,1.0,0.0,0.0,2,92.29277038574219
861.7700000000001,0.5461113064928529,1.7918483922533788,0.0,1.0,0.0,0.0,2,92.29277038574219
861.7700000000001,0.5450499273848729,1.7903191780546392,0.0,1.0,0.0,0.0,2,92.29277038574219
861.87,0.5450499273848729,1.7903191780546392,0.0,1.0,0.0,0.0,2,92.29277038574219
861.87,0.5450499273848729,1.7903191780546392,0.0,0.0,0.0,0.0,2,92.29277038574219
861.87,0.5450499273848729,1.7903191780546392,0.0,0.0,0.0,0.0,2,92.29277038574219
861.87,0.5441423970396936,1.7884866856381558,0.0,0.0,0.0,0.0,2,92.29277038574219
861.87,0.5441423970396936,1.7884866856381558,0.0,0.0,0.0,0.0,2,92.29277038574219
861.87,0.5441423970396936,1.7884866856381558,0.0,0.0,0.0,0.0,2,92.29277038574219
861.87,0.5441423970396936,1.7884866856381558,0.0,0.0,0.0,0.0,2,92.29277038574219
861.87,0.5443933392312049,1.786667847013531,0.0,1.0,0.0,0.0,2,92.29277038574219
861.87,0.5443933392312049,1.786667847013531,0.0,1.0,0.0,0.0,2,92.29277038574219
861.87,0.5443933392312049,1.786667847013531,0.0,1.0,0.0,0.0,2,92.29277038574219
861.97,0.5446685894349619,1.7848481686630349,0.0,1.0,0.0,0.0,2,92.29277038574219
861.97,0.5446685894349619,1.7848481686630349,0.0,0.0,0.0,0.0,2,92.29277038574219
861.97,0.5446685894349619,1.7848481686630349,0.0,0.0,0.0,0.0,2,92.29277038574219
861.97,0.5446685894349619,1.7848481686630349,0.0,0.0,0.0,0.0,2,92.29277038574219
861.97,0.5450281521522087,1.7830288803431913,0.0,0.0,0.0,0.0,2,92.29277038574219
861.97,0.5450281521522087,1.7830288803431913,0.0,0.0,0.0,0.0,2,92.29277038574219
861.97,0.5450281521522087,1.7830288803431913,0.0,0.0,0.0,0.0,2,92.29277038574219
861.97,0.5450281521522087,1.7830288803431913,0.0,1.0,0.0,0.0,2,92.29277038574219
861.97,0.5453835988534325,1.7811919800620744,0.0,1.0,0.0,0.0,2,92.29277038574219
861.97,0.5453835988534325,1.7811919800620744,0.0,1.0,0.0,0.0,2,92.29277038574219
861.97,0.5453835988534325,1.7811919800620744,0.0,1.0,0.0,0.0,2,92.29277038574219
861.97,0.5453835988534325,1.7811919800620744,0.0,0.0,0.0,0.0,2,92.29277038574219
862.07,0.5451243210065282,1.7810057295236779,0.0,0.0,0.0,0.0,2,92.29277038574219
862.07,0.5451243210065282,1.7810057295236779,0.0,0.0,0.0,0.0,2,92.23892974853516
862.07,0.5451243210065282,1.7810057295236779,0.0,0.0,0.0,0.0,2,92.23892974853516
862.07,0.5447776701161038,1.7809687303420234,0.0,0.0,0.0,0.0,2,92.23892974853516
862.07,0.5447776701161038,1.7809687303420234,0.0,0.0,0.0,0.0,2,92.23892974853516
862.07,0.5447776701161038,1.7809687303420234,0.0,1.0,0.0,0.0,2,92.23892974853516
862.07,0.5447776701161038,1.7809687303420234,0.0,1.0,0.0,0.0,2,92.23892974853516
862.07,0.5447776701161038,1.7809687303420234,0.0,1.0,0.0,0.0,2,92.23892974853516
862.07,0.5445402239309145,1.7809393495428854,0.0,1.0,0.0,0.0,2,92.23892974853516
862.07,0.5445402239309145,1.7809393495428854,0.0,0.0,0.0,0.0,2,92.23892974853516
862.07,0.5445402239309145,1.7809393495428854,0.0,0.0,0.0,0.0,2,92.23892974853516
862.1700000000001,0.54430244425267,1.7809062026256468,0.0,0.0,0.0,0.0,2,92.23892974853516
862.1700000000001,0.54430244425267,1.7809062026256468,0.0,0.0,0.0,0.0,2,92.23892974853516
862.1700000000001,0.54430244425267,1.7809062026256468,0.0,0.0,0.0,0.0,2,92.23892974853516
862.1700000000001,0.54430244425267,1.7809062026256468,0.0,1.0,0.0,0.0,2,92.23892974853516
862.1700000000001,0.5441581100150608,1.7808884348901843,0.0,1.0,0.0,0.0,2,92.23892974853516
862.1700000000001,0.5441581100150608,1.7808884348901843,0.0,1.0,0.0,0.0,2,92.23892974853516
862.1700000000001,0.5441581100150608,1.7808884348901843,0.0,1.0,0.0,0.0,2,92.23892974853516
862.1700000000001,0.5440376381227218,1.7808741519638276,0.0,1.0,0.0,0.0,2,92.23892974853516
862.1700000000001,0.5440376381227218,1.7808741519638276,0.0,0.0,0.0,0.0,2,92.23892974853516
862.1700000000001,0.5440376381227218,1.7808741519638276,0.0,0.0,0.0,0.0,2,92.23892974853516
862.2700000000001,0.5440376381227218,1.7808741519638276,0.0,0.0,0.0,0.0,2,92.23892974853516
862.2700000000001,0.5430396964665327,1.7806722864119773,0.0,0.0,0.0,0.0,2,92.23892974853516
862.2700000000001,0.5430396964665327,1.7806722864119773,0.0,0.0,0.0,0.0,2,92.23892974853516
862.2700000000001,0.5430396964665327,1.7806722864119773,0.0,0.0,0.0,0.0,2,92.23892974853516
862.2700000000001,0.5430396964665327,1.7806722864119773,0.0,1.0,0.0,0.0,2,92.23892974853516
862.2700000000001,0.5420188112118632,1.7804644731385624,0.0,1.0,0.0,0.0,2,92.23892974853516
862.2700000000001,0.5420188112118632,1.7804644731385624,0.0,1.0,0.0,0.0,2,92.23892974853516
862.2700000000001,0.5420188112118632,1.7804644731385624,0.0,1.0,0.0,0.0,2,92.23892974853516
862.2700000000001,0.5420188112118632,1.7804644731385624,0.0,0.0,0.0,0.0,2,92.23892974853516
862.2700000000001,0.5410114231266028,1.7802533236082514,0.0,0.0,0.0,0.0,2,92.23892974853516
862.2700000000001,0.5410114231266028,1.7802533236082514,0.0,0.0,0.0,0.0,2,92.23892974853516
862.2700000000001,0.5410114231266028,1.7802533236082514,0.0,0.0,0.0,0.0,2,92.23892974853516
862.37,0.5399870770639603,1.7800330193364524,0.0,0.0,0.0,0.0,2,92.23892974853516
862.37,0.5399870770639603,1.7800330193364524,0.0,0.0,0.0,0.0,2,92.23892974853516
862.37,0.5399870770639603,1.7800330193364524,0.0,1.0,0.0,0.0,2,92.23892974853516
862.37,0.5399870770639603,1.7800330193364524,0.0,1.0,0.0,0.0,2,92.23892974853516
862.37,0.5399870770639603,1.7800330193364524,0.0,1.0,0.0,0.0,2,92.23892974853516
862.37,0.5389391648027578,1.779800280143351,0.0,1.0,0.0,0.0,2,92.23892974853516
862.37,0.5389391648027578,1.779800280143351,0.0,0.0,0.0,0.0,2,92.23892974853516
862.37,0.5389391648027578,1.779800280143351,0.0,0.0,0.0,0.0,2,92.23892974853516
862.37,0.5389391648027578,1.779800280143351,0.0,0.0,0.0,0.0,2,92.23892974853516
862.37,0.5380624933332714,1.77960663821644,0.0,0.0,0.0,0.0,2,92.23892974853516
862.37,0.5380624933332714,1.77960663821644,0.0,0.0,0.0,0.0,2,92.23892974853516
862.37,0.5380624933332714,1.77960663821644,0.0,0.0,0.0,0.0,2,92.23892974853516
862.47,0.5380624933332714,1.77960663821644,0.0,1.0,0.0,0.0,2,92.23892974853516
862.47,0.5380583443444398,1.779603189647068,0.0,1.0,0.0,0.0,2,92.23892974853516
862.47,0.5380583443444398,1.779603189647068,0.0,1.0,0.0,0.0,2,92.23892974853516
862.47,0.5380583443444398,1.779603189647068,0.0,1.0,0.0,0.0,2,92.23892974853516
862.47,0.5380583443444398,1.779603189647068,0.0,0.0,0.0,0.0,2,92.23892974853516
862.47,0.5380759484826582,1.7796072245452526,0.0,0.0,0.0,0.0,2,92.23892974853516
862.47,0.5380759484826582,1.7796072245452526,0.0,0.0,0.0,0.0,2,92.23892974853516
862.47,0.5380759484826582,1.7796072245452526,0.0,0.0,0.0,0.0,2,92.23892974853516
862.47,0.5380759484826582,1.7796072245452526,0.0,0.0,0.0,0.0,2,92.23892974853516
862.47,0.5381003391393104,1.779614579426264,0.0,1.0,0.0,0.0,2,92.23892974853516
862.47,0.5381003391393104,1.779614579426264,0.0,1.0,0.0,0.0,2,92.23892974853516
862.47,0.5381003391393104,1.779614579426264,0.0,1.0,0.0,0.0,2,92.23892974853516
862.57,0.5381003391393104,1.779614579426264,0.0,1.0,0.0,0.0,2,92.23147583007812
862.57,0.5381317286661194,1.7796228838816999,0.0,1.0,0.0,0.0,2,92.23147583007812
862.57,0.5381317286661194,1.7796228838816999,0.0,1.0,0.0,0.0,2,92.23147583007812
862.57,0.5381317286661194,1.7796228838816999,0.0,1.0,0.0,0.0,2,92.23147583007812
862.57,0.5381317286661194,1.7796228838816999,0.0,1.0,0.0,0.0,2,92.23147583007812
862.57,0.5381733525067787,1.7796355316814196,0.0,1.0,0.0,0.0,2,92.23147583007812
862.57,0.5381733525067787,1.7796355316814196,0.0,1.0,0.0,0.0,2,92.23147583007812
862.57,0.5381733525067787,1.7796355316814196,0.0,1.0,0.0,0.0,2,92.23147583007812
862.57,0.5382215704838953,1.7796500884571678,0.0,1.0,0.0,0.0,2,92.23147583007812
862.57,0.5382215704838953,1.7796500884571678,0.0,1.0,0.0,0.0,2,92.23147583007812
862.57,0.5382215704838953,1.7796500884571678,0.0,1.0,0.0,0.0,2,92.23147583007812
862.6700000000001,0.5382215704838953,1.7796500884571678,0.0,1.0,0.0,0.0,2,92.23147583007812
862.6700000000001,0.5382215704838953,1.7796500884571678,0.0,1.0,0.0,0.0,2,92.23147583007812
862.6700000000001,0.5382215704838953,1.7796500884571678,0.0,1.0,0.0,0.0,2,92.23147583007812
862.6700000000001,0.5382841230838336,1.7796708520867746,0.0,1.0,0.0,0.0,2,92.23147583007812
862.6700000000001,0.5382841230838336,1.7796708520867746,0.0,1.0,0.0,0.0,2,92.23147583007812
862.6700000000001,0.5382841230838336,1.7796708520867746,0.0,1.0,0.0,0.0,2,92.23147583007812
862.6700000000001,0.5382841230838336,1.7796708520867746,0.0,1.0,0.0,0.0,2,92.23147583007812
862.6700000000001,0.5383585344916515,1.7796980004483278,0.0,1.0,0.0,0.0,2,92.23147583007812
862.6700000000001,0.5383585344916515,1.7796980004483278,0.0,1.0,0.0,0.0,2,92.23147583007812
862.6700000000001,0.5383585344916515,1.7796980004483278,0.0,1.0,0.0,0.0,2,92.23147583007812
862.6700000000001,0.5383585344916515,1.7796980004483278,0.0,1.0,0.0,0.0,2,92.23147583007812
862.6700000000001,0.5384353568909932,1.779729344760074,0.0,1.0,0.0,0.0,2,92.23147583007812
862.6700000000001,0.5384353568909932,1.779729344760074,0.0,1.0,0.0,0.0,2,92.23147583007812
862.7700000000001,0.5384353568909932,1.779729344760074,0.0,1.0,0.0,0.0,2,92.23147583007812
862.7700000000001,0.5384353568909932,1.779729344760074,0.0,1.0,0.0,0.0,2,92.23147583007812
862.7700000000001,0.5384353568909932,1.779729344760074,0.0,1.0,0.0,0.0,2,92.23147583007812
862.7700000000001,0.5385051700435941,1.7797614765032606,0.0,1.0,0.0,0.0,2,92.23147583007812
862.7700000000001,0.5385051700435941,1.7797614765032606,0.0,1.0,0.0,0.0,2,92.23147583007812
862.7700000000001,0.5385051700435941,1.7797614765032606,0.0,1.0,0.0,0.0,2,92.23147583007812
862.7700000000001,0.5385051700435941,1.7797614765032606,0.0,1.0,0.0,0.0,2,92.23147583007812
862.7700000000001,0.5385626223969802,1.77978940760753,0.0,1.0,0.0,0.0,2,92.23147583007812
862.7700000000001,0.5385626223969802,1.77978940760753,0.0,1.0,0.0,0.0,2,92.23147583007812
862.7700000000001,0.5385626223969802,1.77978940760753,0.0,1.0,0.0,0.0,2,92.23147583007812
862.7700000000001,0.5385626223969802,1.77978940760753,0.0,1.0,0.0,0.0,2,92.23147583007812
862.7700000000001,0.53861339881941,1.7798151341612867,0.0,1.0,0.0,0.0,2,92.23147583007812
862.7700000000001,0.53861339881941,1.7798151341612867,0.0,1.0,0.0,0.0,2,92.23147583007812
862.87,0.53861339881941,1.7798151341612867,0.0,1.0,0.0,0.0,2,92.23147583007812
862.87,0.5386645013477502,1.7798426204173647,0.0,1.0,0.0,0.0,2,92.23147583007812
862.87,0.5386645013477502,1.7798426204173647,0.0,1.0,0.0,0.0,2,92.23147583007812
862.87,0.5386645013477502,1.7798426204173647,0.0,1.0,0.0,0.0,2,92.23147583007812
862.87,0.5386645013477502,1.7798426204173647,0.0,1.0,0.0,0.0,2,92.23147583007812
862.87,0.5386645013477502,1.7798426204173647,0.0,1.0,0.0,0.0,2,92.23147583007812
862.87,0.5387199993792315,1.7798747417386898,0.0,1.0,0.0,0.0,2,92.23147583007812
862.87,0.5387199993792315,1.7798747417386898,0.0,1.0,0.0,0.0,2,92.23147583007812
862.87,0.5387199993792315,1.7798747417386898,0.0,1.0,0.0,0.0,2,92.23147583007812
862.87,0.5387774817324505,1.7799105490885376,0.0,1.0,0.0,0.0,2,92.23147583007812
862.87,0.5387774817324505,1.7799105490885376,0.0,1.0,0.0,0.0,2,92.23147583007812
862.97,0.5387774817324505,1.7799105490885376,0.0,1.0,0.0,0.0,2,92.23147583007812
862.97,0.5387774817324505,1.7799105490885376,0.0,1.0,0.0,0.0,2,92.23147583007812
862.97,0.5388312881212642,1.7799480218942063,0.0,1.0,0.0,0.0,2,92.23147583007812
862.97,0.5388312881212642,1.7799480218942063,0.0,1.0,0.0,0.0,2,92.23147583007812
862.97,0.5388312881212642,1.7799480218942063,0.0,1.0,0.0,0.0,2,92.23147583007812
862.97,0.5388312881212642,1.7799480218942063,0.0,1.0,0.0,0.0,2,92.23147583007812
862.97,0.5388795357369308,1.7799842520495943,0.0,1.0,0.0,0.0,2,92.23147583007812
862.97,0.5388795357369308,1.7799842520495943,0.0,1.0,0.0,0.0,2,92.23147583007812
862.97,0.5388795357369308,1.7799842520495943,0.0,1.0,0.0,0.0,2,92.23147583007812
862.97,0.538921659517423,1.780019551127705,0.0,1.0,0.0,0.0,2,92.23147583007812
863.07,0.538921659517423,1.780019551127705,0.0,1.0,0.0,0.0,2,92.23147583007812
863.07,0.538921659517423,1.780019551127705,0.0,1.0,0.0,0.0,2,92.23056030273438
863.07,0.538921659517423,1.780019551127705,0.0,1.0,0.0,0.0,2,92.23056030273438
863.07,0.5389622112739963,1.7800549500948948,0.0,1.0,0.0,0.0,2,92.23056030273438
863.07,0.5389622112739963,1.7800549500948948,0.0,1.0,0.0,0.0,2,92.23056030273438
863.07,0.5389622112739963,1.7800549500948948,0.0,1.0,0.0,0.0,2,92.23056030273438
863.07,0.5389622112739963,1.7800549500948948,0.0,1.0,0.0,0.0,2,92.23056030273438
863.07,0.5390068989612504,1.7800948260176688,0.0,1.0,0.0,0.0,2,92.23056030273438
863.07,0.5390068989612504,1.7800948260176688,0.0,1.0,0.0,0.0,2,92.23056030273438
863.07,0.5390068989612504,1.7800948260176688,0.0,1.0,0.0,0.0,2,92.23056030273438
863.07,0.5390068989612504,1.7800948260176688,0.0,1.0,0.0,0.0,2,92.23056030273438
863.07,0.5390438439322562,1.7801329403606247,0.0,1.0,0.0,0.0,2,92.23056030273438
863.1700000000001,0.5390438439322562,1.7801329403606247,0.0,1.0,0.0,0.0,2,92.23056030273438
863.1700000000001,0.5390438439322562,1.7801329403606247,0.0,1.0,0.0,0.0,2,92.23056030273438
863.1700000000001,0.5390438439322562,1.7801329403606247,0.0,1.0,0.0,0.0,2,92.23056030273438
863.1700000000001,0.5390438439322562,1.7801329403606247,0.0,1.0,0.0,0.0,2,92.23056030273438
863.1700000000001,0.5390764429670234,1.7801719631497106,0.0,1.0,0.0,0.0,2,92.23056030273438
863.1700000000001,0.5390764429670234,1.7801719631497106,0.0,1.0,0.0,0.0,2,92.23056030273438
863.1700000000001,0.5390764429670234,1.7801719631497106,0.0,1.0,0.0,0.0,2,92.23056030273438
863.1700000000001,0.5390764429670234,1.7801719631497106,0.0,1.0,0.0,0.0,2,92.23056030273438
863.1700000000001,0.5391092861250407,1.7802193157470263,0.0,1.0,0.0,0.0,2,92.23056030273438
863.1700000000001,0.5391092861250407,1.7802193157470263,0.0,1.0,0.0,0.0,2,92.23056030273438
863.1700000000001,0.5391092861250407,1.7802193157470263,0.0,1.0,0.0,0.0,2,92.23056030273438
863.1700000000001,0.5391375632796764,1.780262032292186,0.0,1.0,0.0,0.0,2,92.23056030273438
863.2700000000001,0.5391375632796764,1.780262032292186,0.0,1.0,0.0,0.0,2,92.23056030273438
863.2700000000001,0.5391375632796764,1.780262032292186,0.0,1.0,0.0,0.0,2,92.23056030273438
863.2700000000001,0.5391375632796764,1.780262032292186,0.0,1.0,0.0,0.0,2,92.23056030273438
863.2700000000001,0.5391628472028147,1.7803038845586536,0.0,1.0,0.0,0.0,2,92.23056030273438
863.2700000000001,0.5391628472028147,1.7803038845586536,0.0,1.0,0.0,0.0,2,92.23056030273438
863.2700000000001,0.5391628472028147,1.7803038845586536,0.0,1.0,0.0,0.0,2,92.23056030273438
863.2700000000001,0.5391628472028147,1.7803038845586536,0.0,1.0,0.0,0.0,2,92.23056030273438
863.2700000000001,0.5391628472028147,1.7803038845586536,0.0,1.0,0.0,0.0,2,92.23056030273438
863.2700000000001,0.5391860327391221,1.7803453841170127,0.0,1.0,0.0,0.0,2,92.23056030273438
863.2700000000001,0.5391860327391221,1.7803453841170127,0.0,1.0,0.0,0.0,2,92.23056030273438
863.2700000000001,0.5391860327391221,1.7803453841170127,0.0,1.0,0.0,0.0,2,92.23056030273438
863.2700000000001,0.5391860327391221,1.7803453841170127,0.0,1.0,0.0,0.0,2,92.23056030273438
863.37,0.5392077543121956,1.7803891020145028,0.0,1.0,0.0,0.0,2,92.23056030273438
863.37,0.5392077543121956,1.7803891020145028,0.0,1.0,0.0,0.0,2,92.23056030273438
863.37,0.5392077543121956,1.7803891020145028,0.0,1.0,0.0,0.0,2,92.23056030273438
863.37,0.5392077543121956,1.7803891020145028,0.0,1.0,0.0,0.0,2,92.23056030273438
863.37,0.5392259065098964,1.7804361262857507,0.0,1.0,0.0,0.0,2,92.23056030273438
863.37,0.5392259065098964,1.7804361262857507,0.0,1.0,0.0,0.0,2,92.23056030273438
863.37,0.5392259065098964,1.7804361262857507,0.0,1.0,0.0,0.0,2,92.23056030273438
863.37,0.5392259065098964,1.7804361262857507,0.0,1.0,0.0,0.0,2,92.23056030273438
863.37,0.5392448260455158,1.780484568229127,0.0,1.0,0.0,0.0,2,92.23056030273438
863.37,0.5392448260455158,1.780484568229127,0.0,1.0,0.0,0.0,2,92.23056030273438
863.37,0.5392448260455158,1.780484568229127,0.0,1.0,0.0,0.0,2,92.23056030273438
863.37,0.5392624337762209,1.78053536257602,0.0,1.0,0.0,0.0,2,92.23056030273438
863.47,0.5392624337762209,1.78053536257602,0.0,1.0,0.0,0.0,2,92.23056030273438
863.47,0.5392624337762209,1.78053536257602,0.0,1.0,0.0,0.0,2,92.23056030273438
863.47,0.5392624337762209,1.78053536257602,0.0,1.0,0.0,0.0,2,92.23056030273438
863.47,0.5392787480084806,1.780588112425157,0.0,1.0,0.0,0.0,2,92.23056030273438
863.47,0.5392787480084806,1.780588112425157,0.0,1.0,0.0,0.0,2,92.23056030273438
863.47,0.5392787480084806,1.780588112425157,0.0,1.0,0.0,0.0,2,92.23056030273438
863.47,0.5392787480084806,1.780588112425157,0.0,1.0,0.0,0.0,2,92.23056030273438
863.47,0.5392939727429693,1.7806432711416247,0.0,1.0,0.0,0.0,2,92.23056030273438
863.47,0.5392939727429693,1.7806432711416247,0.0,1.0,0.0,0.0,2,92.23056030273438
863.47,0.5392939727429693,1.7806432711416247,0.0,1.0,0.0,0.0,2,92.23056030273438
863.47,0.5392939727429693,1.7806432711416247,0.0,1.0,0.0,0.0,2,92.23056030273438
863.57,0.5393082199513409,1.7807015711436633,0.0,1.0,0.0,0.0,2,92.22977447509766
863.57,0.5393082199513409,1.7807015711436633,0.0,1.0,0.0,0.0,2,92.22977447509766
863.57,0.5393214423598329,1.7807628984848713,0.0,1.0,0.0,0.0,2,92.22977447509766
863.57,0.5393214423598329,1.7807628984848713,0.0,1.0,0.0,0.0,2,92.22977447509766
863.57,0.5393214423598329,1.7807628984848713,0.0,1.0,0.0,0.0,2,92.22977447509766
863.57,0.5393214423598329,1.7807628984848713,0.0,1.0,0.0,0.0,2,92.22977447509766
863.57,0.5393214423598329,1.7807628984848713,0.0,1.0,0.0,0.0,2,92.22977447509766
863.57,0.5393214423598329,1.7807628984848713,0.0,1.0,0.0,0.0,2,92.22977447509766
863.57,0.5393334886631518,1.7808270158125639,0.0,1.0,0.0,0.0,2,92.22977447509766
863.57,0.5393334886631518,1.7808270158125639,0.0,1.0,0.0,0.0,2,92.22977447509766
863.57,0.5393334886631518,1.7808270158125639,0.0,1.0,0.0,0.0,2,92.22977447509766
863.6700000000001,0.5415633976281421,1.7811114611190138,0.0,1.0,0.0,0.0,2,92.22977447509766
863.6700000000001,0.5415633976281421,1.7811114611190138,0.0,1.0,0.0,0.0,2,92.22977447509766
863.6700000000001,0.5415633976281421,1.7811114611190138,0.0,1.0,0.0,0.0,2,92.22977447509766
863.6700000000001,0.5415633976281421,1.7811114611190138,0.0,1.0,0.0,0.0,2,92.22977447509766
863.6700000000001,0.5462878165397882,1.7816402877559254,0.0,1.0,0.0,0.0,2,92.22977447509766
863.6700000000001,0.5462878165397882,1.7816402877559254,0.0,1.0,0.0,0.0,2,92.22977447509766
863.6700000000001,0.5462878165397882,1.7816402877559254,0.0,1.0,0.0,0.0,2,92.22977447509766
863.6700000000001,0.5510110121981863,1.7821681074580722,0.0,1.0,0.0,0.0,2,92.22977447509766
863.6700000000001,0.5510110121981863,1.7821681074580722,0.0,1.0,0.0,0.0,2,92.22977447509766
863.6700000000001,0.5510110121981863,1.7821681074580722,0.0,1.0,0.0,0.0,2,92.22977447509766
863.6700000000001,0.5510110121981863,1.7821681074580722,0.0,1.0,0.0,0.0,2,92.22977447509766
863.7700000000001,0.5510110121981863,1.7821681074580722,0.0,1.0,0.0,0.0,2,92.22977447509766
863.7700000000001,0.5557320555789018,1.7826938322059278,0.0,1.0,0.0,0.0,2,92.22977447509766
863.7700000000001,0.5557320555789018,1.7826938322059278,0.0,1.0,0.0,0.0,2,92.22977447509766
863.7700000000001,0.5557320555789018,1.7826938322059278,0.0,1.0,0.0,0.0,2,92.22977447509766
863.7700000000001,0.5604498451405736,1.7832153064038527,0.0,1.0,0.0,0.0,2,92.22977447509766
863.7700000000001,0.5604498451405736,1.7832153064038527,0.0,1.0,0.0,0.0,2,92.22977447509766
863.7700000000001,0.5604498451405736,1.7832153064038527,0.0,1.0,0.0,0.0,2,92.22977447509766
863.7700000000001,0.5651636603435422,1.7837312969429118,0.0,1.0,0.0,0.0,2,92.22977447509766
863.7700000000001,0.5651636603435422,1.7837312969429118,0.0,1.0,0.0,0.0,2,92.22977447509766
863.7700000000001,0.5651636603435422,1.7837312969429118,0.0,1.0,0.0,0.0,2,92.22977447509766
863.87,0.5651636603435422,1.7837312969429118,0.0,1.0,0.0,0.0,2,92.22977447509766
863.87,0.5665660695252853,1.7847789516349362,0.0,1.0,0.0,0.0,2,92.22977447509766
863.87,0.5665660695252853,1.7847789516349362,0.0,1.0,0.0,0.0,2,92.22977447509766
863.87,0.5665660695252853,1.7847789516349362,0.0,1.0,0.0,0.0,2,92.22977447509766
863.87,0.5656481795399053,1.7861882638895907,0.0,1.0,0.0,0.0,2,92.22977447509766
863.87,0.5656481795399053,1.7861882638895907,0.0,1.0,0.0,0.0,2,92.22977447509766
863.87,0.5656481795399053,1.7861882638895907,0.0,1.0,0.0,0.0,2,92.22977447509766
863.87,0.5656481795399053,1.7861882638895907,0.0,1.0,0.0,0.0,2,92.22977447509766
863.87,0.5647254997039681,1.7875813073853837,0.0,1.0,0.0,0.0,2,92.22977447509766
863.87,0.5647254997039681,1.7875813073853837,0.0,0.6442785867450344,0.0,0.0,2,92.22977447509766
863.87,0.5647254997039681,1.7875813073853837,0.0,0.6442785867450344,0.0,0.0,2,92.22977447509766
863.87,0.5647254997039681,1.7875813073853837,0.0,0.6442785867450344,0.0,0.0,2,92.22977447509766
863.97,0.5647254997039681,1.7875813073853837,0.0,0.6442785867450344,0.0,0.0,2,92.22977447509766
863.97,0.5637980110967324,1.788958115513801,0.0,0.6442785867450344,0.0,0.0,2,92.22977447509766
863.97,0.5637980110967324,1.788958115513801,0.0,0.6442785867450344,0.0,0.0,2,92.22977447509766
863.97,0.5637980110967324,1.788958115513801,0.0,0.6442785867450344,0.0,0.0,2,92.22977447509766
863.97,0.5628636914914288,1.7903053283363655,0.0,0.6442785867450344,0.0,0.0,2,92.22977447509766
863.97,0.5628636914914288,1.7903053283363655,0.0,0.6442785867450344,0.0,0.0,2,92.22977447509766
863.97,0.5628636914914288,1.7903053283363655,0.0,0.6442785867450344,0.0,0.0,2,92.22977447509766
863.97,0.5628636914914288,1.7903053283363655,0.0,0.4,0.0,0.0,2,92.22977447509766
863.97,0.5628636914914288,1.7903053283363655,0.0,0.4,0.0,0.0,2,92.22977447509766
863.97,0.5619257427482443,1.791629297310804,0.0,0.4,0.0,0.0,2,92.22977447509766
863.97,0.5619257427482443,1.791629297310804,0.0,0.4,0.0,0.0,2,92.22977447509766
863.97,0.5619257427482443,1.791629297310804,0.0,0.4,0.0,0.0,2,92.22977447509766
864.07,0.5616731611748349,1.7919890490554677,0.0,0.4,0.0,0.0,2,92.20465850830078
864.07,0.5616731611748349,1.7919890490554677,0.0,0.4,0.0,0.0,2,92.20465850830078
864.07,0.5616731611748349,1.7919890490554677,0.0,0.4,0.0,0.0,2,92.20465850830078
864.07,0.5616731611748349,1.7919890490554677,0.0,0.4,0.0,0.0,2,92.20465850830078
864.07,0.5616701410157311,1.792007836944665,0.0,0.0,0.0,0.0,2,92.20465850830078
864.07,0.5616701410157311,1.792007836944665,0.0,0.0,0.0,0.0,2,92.20465850830078
864.07,0.5616701410157311,1.792007836944665,0.0,0.0,0.0,0.0,2,92.20465850830078
864.07,0.5616701410157311,1.792007836944665,0.0,0.0,0.0,0.0,2,92.20465850830078
864.07,0.5616685264729249,1.7920096460355368,0.0,0.0,0.0,0.0,2,92.20465850830078
864.07,0.5616685264729249,1.7920096460355368,0.0,0.0,0.0,0.0,3,92.20465850830078
864.1700000000001,0.5616685264729249,1.7920096460355368,0.0,0.0,0.0,0.0,3,92.20465850830078
864.1700000000001,0.5616685264729249,1.7920096460355368,0.0,0.0,0.0,0.0,3,92.20465850830078
864.1700000000001,0.5616670265513549,1.7920105406348714,0.0,0.0,0.0,0.0,3,92.20465850830078
864.1700000000001,0.5616670265513549,1.7920105406348714,0.0,0.0,0.0,0.0,3,92.20465850830078
864.1700000000001,0.5616670265513549,1.7920105406348714,0.0,0.0,0.0,0.0,3,92.20465850830078
864.1700000000001,0.5616670265513549,1.7920105406348714,0.0,0.0,0.0,0.0,3,92.20465850830078
864.1700000000001,0.5616667815160599,1.7920079688220365,0.0,0.0,0.0,0.0,3,92.20465850830078
864.1700000000001,0.5616667815160599,1.7920079688220365,0.0,0.0,0.0,0.0,3,92.20465850830078
864.1700000000001,0.5616667815160599,1.7920079688220365,0.0,0.0,0.0,0.0,3,92.20465850830078
864.1700000000001,0.5616667815160599,1.7920079688220365,0.0,0.0,0.0,0.0,3,92.20465850830078
864.1700000000001,0.5616667815160599,1.7920079688220365,0.0,0.0,0.0,0.0,3,92.20465850830078
864.1700000000001,0.5616667815160599,1.7920079688220365,0.0,0.0,0.0,0.0,3,92.20465850830078
864.1700000000001,0.5616673552870375,1.7920057987716551,0.0,0.0,0.0,0.0,3,92.20465850830078
864.1700000000001,0.5616673552870375,1.7920057987716551,0.0,0.0,0.0,0.0,4,92.20465850830078
864.2700000000001,0.5616673552870375,1.7920057987716551,0.0,0.0,0.0,0.0,4,92.20465850830078
864.2700000000001,0.5616673552870375,1.7920057987716551,-0.05000000074505806,0.0,0.0,0.0,4,92.20465850830078
864.2700000000001,0.5600668014359536,1.7918959910999548,-0.05000000074505806,0.0,0.0,0.0,4,92.20465850830078
864.2700000000001,0.5600668014359536,1.7918959910999548,-0.05000000074505806,0.0,0.0,0.0,4,92.20465850830078
864.2700000000001,0.5600668014359536,1.7918959910999548,-0.05000000074505806,0.0,0.0,0.0,4,92.20465850830078
864.2700000000001,0.5600668014359536,1.7918959910999548,-0.05000000074505806,0.0,0.0,0.0,4,92.20465850830078
864.2700000000001,0.5600668014359536,1.7918959910999548,-0.05000000074505806,0.0,0.0,0.0,4,92.20465850830078
864.2700000000001,0.5580675906191935,1.7929041821356848,-0.05000000074505806,0.0,0.0,0.0,4,92.20465850830078
864.2700000000001,0.5580675906191935,1.7929041821356848,-0.05000000074505806,0.0,0.0,0.0,4,92.20465850830078
864.2700000000001,0.5580675906191935,1.7929041821356848,-0.05000000074505806,0.0,0.0,0.0,4,92.20465850830078
864.2700000000001,0.5580675906191935,1.7929041821356848,-0.05000000074505806,0.0,0.0,0.0,4,92.20465850830078
864.2700000000001,0.5580675906191935,1.7929041821356848,-0.05000000074505806,0.0,0.0,0.0,4,92.20465850830078
864.2700000000001,0.5580675906191935,1.7929041821356848,-0.05000000074505806,0.0,0.0,0.0,4,92.20465850830078
864.2700000000001,0.5560085115060509,1.794456078882289,-0.05000000074505806,0.0,0.0,0.0,4,92.20465850830078
864.37,0.5560085115060509,1.794456078882289,-0.05000000074505806,0.0,0.0,0.0,4,92.20465850830078
864.37,0.5560085115060509,1.794456078882289,-0.05000000074505806,0.0,0.0,0.0,4,92.20465850830078
864.37,0.55395232704598,1.7960065303220907,-0.05000000074505806,0.0,0.0,0.0,4,92.20465850830078
864.37,0.55395232704598,1.7960065303220907,-0.05000000074505806,0.0,0.0,0.0,4,92.20465850830078
864.37,0.55395232704598,1.7960065303220907,-0.05000000074505806,0.0,0.0,0.0,4,92.20465850830078
864.37,0.55395232704598,1.7960065303220907,-0.05000000074505806,0.0,0.0,0.0,4,92.20465850830078
864.37,0.5519007867671174,1.7975552500451495,-0.05000000074505806,0.0,0.0,0.0,4,92.20465850830078
864.37,0.5519007867671174,1.7975552500451495,-0.05000000074505806,0.0,0.0,0.0,4,92.20465850830078
864.37,0.5519007867671174,1.7975552500451495,-0.05000000074505806,0.0,0.0,0.0,4,92.20465850830078
864.37,0.5498518632173791,1.799103672558573,-0.05000000074505806,0.0,0.0,0.0,4,92.20465850830078
864.37,0.5498518632173791,1.799103672558573,-0.05000000074505806,0.0,0.0,0.0,4,92.20465850830078
864.47,0.5498518632173791,1.799103672558573,-0.05000000074505806,0.0,0.0,0.0,4,92.20465850830078
864.47,0.5498518632173791,1.799103672558573,-0.05000000074505806,0.0,0.0,0.0,4,92.20465850830078
864.47,0.5498518632173791,1.799103672558573,-0.05000000074505806,0.0,0.0,0.0,4,92.20465850830078
864.47,0.5498518632173791,1.799103672558573,-0.05000000074505806,0.0,0.0,0.0,4,92.20465850830078
864.47,0.5495683961270967,1.8007782745094785,-0.05000000074505806,0.0,0.0,0.0,4,92.20465850830078
864.47,0.5495683961270967,1.8007782745094785,-0.05000000074505806,0.0,0.0,0.0,4,92.20465850830078
864.47,0.5495683961270967,1.8007782745094785,-0.05000000074505806,0.0,0.0,0.0,4,92.20465850830078
864.47,0.5495683961270967,1.8007782745094785,-0.05000000074505806,0.0,0.0,0.0,4,92.20465850830078
864.47,0.5493926977782582,1.8024598997899832,-0.05000000074505806,0.0,0.0,0.0,4,92.20465850830078
864.47,0.5493926977782582,1.8024598997899832,-0.05000000074505806,0.0,0.0,0.0,4,92.20465850830078
864.47,0.5493926977782582,1.8024598997899832,-0.05000000074505806,0.0,0.0,0.0,4,92.20465850830078
864.47,0.549215245549265,1.8041395237005942,-0.05000000074505806,0.0,0.0,0.0,4,92.20465850830078
864.47,0.549215245549265,1.8041395237005942,-0.05000000074505806,0.0,0.0,0.0,4,92.20465850830078
864.57,0.549215245549265,1.8041395237005942,-0.05000000074505806,0.0,0.0,0.0,4,92.20465850830078
864.57,0.549215245549265,1.8041395237005942,-0.05000000074505806,0.0,0.0,0.0,4,92.18682098388672
864.57,0.549038114840995,1.8058170147230026,-0.05000000074505806,0.0,0.0,0.0,4,92.18682098388672
864.57,0.549038114840995,1.8058170147230026,-0.05000000074505806,0.0,0.0,0.0,4,92.18682098388672
864.57,0.549038114840995,1.8058170147230026,-0.05000000074505806,0.0,0.0,0.0,4,92.18682098388672
864.57,0.549038114840995,1.8058170147230026,-0.05000000074505806,0.0,0.0,0.0,4,92.18682098388672
864.57,0.5488646377434825,1.8074954027090446,-0.05000000074505806,0.0,0.0,0.0,4,92.18682098388672
864.57,0.5488646377434825,1.8074954027090446,-0.05000000074505806,0.0,0.0,0.0,4,92.18682098388672
864.57,0.5488646377434825,1.8074954027090446,-0.05000000074505806,0.0,0.0,0.0,4,92.18682098388672
864.57,0.5486602599806055,1.8093202572281557,-0.05000000074505806,0.0,0.0,0.0,4,92.18682098388672
864.57,0.5486602599806055,1.8093202572281557,-0.05000000074505806,0.0,0.0,0.0,4,92.18682098388672
864.6700000000001,0.5486602599806055,1.8093202572281557,-0.05000000074505806,0.0,0.0,0.0,4,92.18682098388672
864.6700000000001,0.5486602599806055,1.8093202572281557,-0.05000000074505806,0.0,0.0,0.0,4,92.18682098388672
864.6700000000001,0.5486602599806055,1.8093202572281557,-0.05000000074505806,0.0,0.0,0.0,4,92.18682098388672
864.6700000000001,0.5479685049209945,1.8134678438178695,-0.05000000074505806,0.0,0.0,0.0,4,92.18682098388672
864.6700000000001,0.5479685049209945,1.8134678438178695,-0.05000000074505806,0.0,0.0,0.0,4,92.18682098388672
864.6700000000001,0.5472813296297684,1.8175801111467134,-0.05000000074505806,0.0,0.0,0.0,4,92.18682098388672
864.6700000000001,0.5472813296297684,1.8175801111467134,-0.05000000074505806,0.0,0.0,0.0,4,92.18682098388672
864.6700000000001,0.5472813296297684,1.8175801111467134,-0.05000000074505806,0.0,0.0,0.0,4,92.18682098388672
864.6700000000001,0.5472813296297684,1.8175801111467134,-0.05000000074505806,0.0,0.0,0.0,4,92.18682098388672
864.6700000000001,0.5472813296297684,1.8175801111467134,-0.05000000074505806,0.0,0.0,0.0,4,92.18682098388672
864.6700000000001,0.5465984714873486,1.8216563801551307,-0.05000000074505806,0.0,0.0,0.0,4,92.18682098388672
864.7700000000001,0.5465984714873486,1.8216563801551307,-0.05000000074505806,0.0,0.0,0.0,4,92.18682098388672
864.7700000000001,0.5465984714873486,1.8216563801551307,-0.05000000074505806,0.0,0.0,0.0,4,92.18682098388672
864.7700000000001,0.5465984714873486,1.8216563801551307,-0.05000000074505806,0.0,0.0,0.0,4,92.18682098388672
864.7700000000001,0.5459203530447806,1.8256962492061701,-0.05000000074505806,0.0,0.0,0.0,4,92.18682098388672
864.7700000000001,0.5459203530447806,1.8256962492061701,-0.05000000074505806,0.0,0.0,0.0,4,92.18682098388672
864.7700000000001,0.5459203530447806,1.8256962492061701,-0.05000000074505806,0.0,0.0,0.0,4,92.18682098388672
864.7700000000001,0.5459203530447806,1.8256962492061701,-0.05000000074505806,0.0,0.0,0.0,4,92.18682098388672
864.7700000000001,0.5452476320426438,1.8296997258432008,-0.05000000074505806,0.0,0.0,0.0,4,92.18682098388672
864.7700000000001,0.5452476320426438,1.8296997258432008,-0.05000000074505806,0.0,0.0,0.0,4,92.18682098388672
864.7700000000001,0.5452476320426438,1.8296997258432008,-0.05000000074505806,0.0,0.0,0.0,4,92.18682098388672
864.7700000000001,0.5452476320426438,1.8296997258432008,-0.05000000074505806,0.0,0.0,0.0,4,92.18682098388672
864.7700000000001,0.5446900101196754,1.8332028699185174,-0.05000000074505806,0.0,0.0,0.0,4,92.18682098388672
864.7700000000001,0.5446900101196754,1.8332028699185174,-0.05000000074505806,0.0,0.0,0.0,4,92.18682098388672
864.87,0.5446900101196754,1.8332028699185174,-0.05000000074505806,0.0,0.0,0.0,4,92.18682098388672
864.87,0.5446900101196754,1.8332028699185174,-0.05000000074505806,0.0,0.0,0.0,4,92.18682098388672
864.87,0.544558367348814,1.834902323891234,-0.05000000074505806,0.0,0.0,0.0,4,92.18682098388672
864.87,0.544558367348814,1.834902323891234,-0.05000000074505806,0.0,0.0,0.0,4,92.18682098388672
864.87,0.544558367348814,1.834902323891234,-0.05000000074505806,0.0,0.0,0.0,4,92.18682098388672
864.87,0.544558367348814,1.834902323891234,-0.05000000074505806,0.0,0.0,0.0,4,92.18682098388672
864.87,0.544558367348814,1.834902323891234,-0.05000000074505806,0.0,0.0,0.0,4,92.18682098388672
864.87,0.5444264798395925,1.836604450006373,-0.05000000074505806,0.0,0.0,0.0,4,92.18682098388672
864.87,0.5444264798395925,1.836604450006373,-0.05000000074505806,0.0,0.0,0.0,4,92.18682098388672
864.87,0.5444264798395925,1.836604450006373,-0.05000000074505806,0.0,0.0,0.0,4,92.18682098388672
864.87,0.5444264798395925,1.836604450006373,-0.05000000074505806,0.0,0.0,0.0,4,92.18682098388672
864.87,0.5442940689508093,1.8383090512609883,-0.05000000074505806,0.0,0.0,0.0,4,92.18682098388672
864.97,0.5442940689508093,1.8383090512609883,-0.05000000074505806,0.0,0.0,0.0,4,92.18682098388672
864.97,0.5442940689508093,1.8383090512609883,-0.05000000074505806,0.0,0.0,0.0,4,92.18682098388672
864.97,0.5442940689508093,1.8383090512609883,-0.05000000074505806,0.0,0.0,0.0,4,92.18682098388672
864.97,0.5441593552515982,1.8400132292020757,-0.05000000074505806,0.0,0.0,0.0,4,92.18682098388672
864.97,0.5441593552515982,1.8400132292020757,-0.05000000074505806,0.0,0.0,0.0,4,92.18682098388672
864.97,0.5440261102908013,1.8417189045481424,-0.05000000074505806,0.0,0.0,0.0,4,92.18682098388672
864.97,0.5440261102908013,1.8417189045481424,-0.05000000074505806,0.0,0.0,0.0,4,92.18682098388672
864.97,0.5440261102908013,1.8417189045481424,-0.05000000074505806,0.0,0.0,0.0,4,92.18682098388672
864.97,0.5440261102908013,1.8417189045481424,-0.05000000074505806,0.0,0.0,0.0,4,92.18682098388672
864.97,0.5440261102908013,1.8417189045481424,-0.05000000074505806,0.0,0.0,0.0,4,92.18682098388672
865.07,0.5438935178497984,1.84342371237267,-0.05000000074505806,0.0,0.0,0.0,4,92.18682098388672
865.07,0.5438935178497984,1.84342371237267,-0.05000000074505806,0.0,0.0,0.0,4,92.14717864990234
865.07,0.5438935178497984,1.84342371237267,-0.05000000074505806,0.0,0.0,0.0,4,92.14717864990234
865.07,0.5437613601893143,1.8451274836040614,-0.05000000074505806,0.0,0.0,0.0,4,92.14717864990234
865.07,0.5437613601893143,1.8451274836040614,-0.05000000074505806,0.0,0.0,0.0,4,92.14717864990234
865.07,0.5437613601893143,1.8451274836040614,-0.05000000074505806,0.0,0.0,0.0,4,92.14717864990234
865.07,0.5436293457599654,1.846830236522325,-0.05000000074505806,0.0,0.0,0.0,4,92.14717864990234
865.07,0.5436293457599654,1.846830236522325,-0.05000000074505806,0.0,0.0,0.0,4,92.14717864990234
865.07,0.5436293457599654,1.846830236522325,-0.05000000074505806,0.0,0.0,0.0,4,92.14717864990234
865.07,0.5436293457599654,1.846830236522325,-0.05000000074505806,0.0,0.0,0.0,4,92.14717864990234
865.07,0.5436293457599654,1.846830236522325,-0.05000000074505806,0.0,0.0,0.0,4,92.14717864990234
865.07,0.5434972997093152,1.8485319479644688,-0.05000000074505806,0.0,0.0,0.0,4,92.14717864990234
865.1700000000001,0.5434972997093152,1.8485319479644688,-0.05000000074505806,0.0,0.0,0.0,4,92.14717864990234
865.1700000000001,0.5434972997093152,1.8485319479644688,-0.05000000074505806,0.0,0.0,0.0,4,92.14717864990234
865.1700000000001,0.5434972997093152,1.8485319479644688,-0.05000000074505806,0.0,0.0,0.0,4,92.14717864990234
865.1700000000001,0.5433651744618222,1.8502325545647254,-0.05000000074505806,0.0,0.0,0.0,4,92.14717864990234
865.1700000000001,0.5433651744618222,1.8502325545647254,-0.05000000074505806,0.0,0.0,0.0,4,92.14717864990234
865.1700000000001,0.5433651744618222,1.8502325545647254,-0.05000000074505806,0.0,0.0,0.0,4,92.14717864990234
865.1700000000001,0.5433651744618222,1.8502325545647254,-0.05000000074505806,0.0,0.0,0.0,4,92.14717864990234
865.1700000000001,0.5432330551525508,1.8519320169983715,-0.05000000074505806,0.0,0.0,0.0,4,92.14717864990234
865.1700000000001,0.5432330551525508,1.8519320169983715,-0.05000000074505806,0.0,0.0,0.0,4,92.14717864990234
865.1700000000001,0.5432330551525508,1.8519320169983715,-0.05000000074505806,0.0,0.0,0.0,4,92.14717864990234
865.1700000000001,0.5431010852640221,1.8536303491956105,-0.05000000074505806,0.0,0.0,0.0,4,92.14717864990234
865.2700000000001,0.5431010852640221,1.8536303491956105,-0.05000000074505806,0.0,0.0,0.0,4,92.14717864990234
865.2700000000001,0.5431010852640221,1.8536303491956105,-0.05000000074505806,0.0,0.0,0.0,4,92.14717864990234
865.2700000000001,0.5431010852640221,1.8536303491956105,-0.05000000074505806,0.0,0.0,0.0,4,92.14717864990234
865.2700000000001,0.5429693110442327,1.855327618213815,-0.05000000074505806,0.0,0.0,0.0,4,92.14717864990234
865.2700000000001,0.5429693110442327,1.855327618213815,-0.05000000074505806,0.0,0.0,0.0,4,92.14717864990234
865.2700000000001,0.5429693110442327,1.855327618213815,-0.05000000074505806,0.0,0.0,0.0,4,92.14717864990234
865.2700000000001,0.5428376823699086,1.8570238732452862,-0.05000000074505806,0.0,0.0,0.0,4,92.14717864990234
865.2700000000001,0.5428376823699086,1.8570238732452862,-0.05000000074505806,0.0,0.0,0.0,4,92.14717864990234
865.2700000000001,0.5428376823699086,1.8570238732452862,-0.05000000074505806,0.0,0.0,0.0,4,92.14717864990234
865.2700000000001,0.5428376823699086,1.8570238732452862,-0.05000000074505806,0.0,0.0,0.0,4,92.14717864990234
865.2700000000001,0.5428376823699086,1.8570238732452862,-0.05000000074505806,0.0,0.0,0.0,4,92.14717864990234
865.2700000000001,0.5428376823699086,1.8570238732452862,-0.05000000074505806,0.0,0.0,0.0,4,92.14717864990234
865.37,0.5427061102176574,1.8587190864389331,-0.05000000074505806,0.0,0.0,0.0,4,92.14717864990234
865.37,0.5427061102176574,1.8587190864389331,-0.05000000074505806,0.0,0.0,0.0,4,92.14717864990234
865.37,0.5427061102176574,1.8587190864389331,-0.05000000074505806,0.0,0.0,0.0,4,92.14717864990234
865.37,0.5425745786155076,1.860413273162012,-0.05000000074505806,0.0,0.0,0.0,4,92.14717864990234
865.37,0.5425745786155076,1.860413273162012,-0.05000000074505806,0.0,0.0,0.0,4,92.14717864990234
865.37,0.5425745786155076,1.860413273162012,-0.05000000074505806,0.0,0.0,0.0,4,92.14717864990234
865.37,0.542443093150869,1.8621064102261027,-0.05000000074505806,0.0,0.0,0.0,4,92.14717864990234
865.37,0.542443093150869,1.8621064102261027,-0.05000000074505806,0.0,0.0,0.0,4,92.14717864990234
865.37,0.542443093150869,1.8621064102261027,-0.05000000074505806,0.0,0.0,0.0,4,92.14717864990234
865.47,0.542443093150869,1.8621064102261027,-0.05000000074505806,0.0,0.0,0.0,4,92.14717864990234
865.47,0.5423117013379545,1.8637984915210064,-0.05000000074505806,0.0,0.0,0.0,4,92.14717864990234
865.47,0.5423117013379545,1.8637984915210064,-0.05000000074505806,0.0,0.0,0.0,4,92.14717864990234
865.47,0.5423117013379545,1.8637984915210064,-0.05000000074505806,0.0,0.0,0.0,4,92.14717864990234
865.47,0.5423117013379545,1.8637984915210064,-0.05000000074505806,0.0,0.0,0.0,4,92.14717864990234
865.47,0.5421804540598036,1.8654895405283562,-0.05000000074505806,0.0,0.0,0.0,4,92.14717864990234
865.47,0.5421804540598036,1.8654895405283562,-0.05000000074505806,0.0,0.0,0.0,4,92.14717864990234
865.47,0.5421804540598036,1.8654895405283562,-0.05000000074505806,0.0,0.0,0.0,4,92.14717864990234
865.47,0.5420493523039502,1.867179576332333,-0.05000000074505806,0.0,0.0,0.0,4,92.14717864990234
865.47,0.5420493523039502,1.867179576332333,-0.05000000074505806,0.0,0.0,0.0,4,92.14717864990234
865.47,0.5420493523039502,1.867179576332333,-0.05000000074505806,0.0,0.0,0.0,4,92.14717864990234
865.57,0.5420493523039502,1.867179576332333,-0.05000000074505806,0.0,0.0,0.0,4,92.14717864990234
865.57,0.5419183708385744,1.8688686165194002,-0.05000000074505806,0.0,0.0,0.0,4,92.14717864990234
865.57,0.5419183708385744,1.8688686165194002,-0.05000000074505806,0.0,0.0,0.0,4,92.12335205078125
865.57,0.5419183708385744,1.8688686165194002,-0.05000000074505806,0.0,0.0,0.0,4,92.12335205078125
865.57,0.5419183708385744,1.8688686165194002,-0.05000000074505806,0.0,0.0,0.0,4,92.12335205078125
865.57,0.5417874780709382,1.8705566649325251,-0.05000000074505806,0.0,0.0,0.0,4,92.12335205078125
865.57,0.5417874780709382,1.8705566649325251,-0.05000000074505806,0.0,0.0,0.0,4,92.12335205078125
865.57,0.5417874780709382,1.8705566649325251,-0.05000000074505806,0.0,0.0,0.0,4,92.12335205078125
865.57,0.5417874780709382,1.8705566649325251,-0.05000000074505806,0.0,0.0,0.0,4,92.12335205078125
865.57,0.5416566623781774,1.8722437182118439,-0.05000000074505806,0.0,0.0,0.0,4,92.12335205078125
865.57,0.5416566623781774,1.8722437182118439,-0.05000000074505806,0.0,0.0,0.0,4,92.12335205078125
865.57,0.5416566623781774,1.8722437182118439,-0.05000000074505806,0.0,0.0,0.0,4,92.12335205078125
865.6700000000001,0.5416566623781774,1.8722437182118439,-0.05000000074505806,0.0,0.0,0.0,4,92.12335205078125
865.6700000000001,0.5416566623781774,1.8722437182118439,-0.05000000074505806,0.0,0.0,0.0,4,92.12335205078125
865.6700000000001,0.5415259364333948,1.873929775734979,-0.05000000074505806,0.0,0.0,0.0,4,92.12335205078125
865.6700000000001,0.5415259364333948,1.873929775734979,-0.05000000074505806,0.0,0.0,0.0,4,92.12335205078125
865.6700000000001,0.5415259364333948,1.873929775734979,-0.05000000074505806,0.0,0.0,0.0,4,92.12335205078125
865.6700000000001,0.5415259364333948,1.873929775734979,-0.05000000074505806,0.0,0.0,0.0,4,92.12335205078125
865.6700000000001,0.5413953563265892,1.8756148764926697,-0.05000000074505806,0.0,0.0,0.0,4,92.12335205078125
865.6700000000001,0.5413953563265892,1.8756148764926697,-0.05000000074505806,0.0,0.0,0.0,4,92.12335205078125
865.6700000000001,0.5413953563265892,1.8756148764926697,-0.05000000074505806,0.0,0.0,0.0,4,92.12335205078125
865.6700000000001,0.5412651578565105,1.8772998752532022,-0.05000000074505806,0.0,0.0,0.0,4,92.12335205078125
865.6700000000001,0.5412651578565105,1.8772998752532022,-0.05000000074505806,0.0,0.0,0.0,4,92.12335205078125
865.6700000000001,0.5412651578565105,1.8772998752532022,-0.05000000074505806,0.0,0.0,0.0,4,92.12335205078125
865.7700000000001,0.5412651578565105,1.8772998752532022,-0.05000000074505806,0.0,0.0,0.0,4,92.12335205078125
865.7700000000001,0.5411347742981291,1.8789859325720177,-0.05000000074505806,0.0,0.0,0.0,4,92.12335205078125
865.7700000000001,0.5411347742981291,1.8789859325720177,-0.05000000074505806,0.0,0.0,0.0,4,92.12335205078125
865.7700000000001,0.5411347742981291,1.8789859325720177,-0.05000000074505806,0.0,0.0,0.0,4,92.12335205078125
865.7700000000001,0.5411347742981291,1.8789859325720177,-0.05000000074505806,0.0,0.0,0.0,4,92.12335205078125
865.7700000000001,0.5411347742981291,1.8789859325720177,-0.05000000074505806,0.0,0.0,0.0,4,92.12335205078125
865.7700000000001,0.5410040793579328,1.8806741277751586,-0.05000000074505806,0.0,0.0,0.0,4,92.12335205078125
865.7700000000001,0.5410040793579328,1.8806741277751586,-0.05000000074505806,0.0,0.0,0.0,4,92.12335205078125
865.7700000000001,0.5410040793579328,1.8806741277751586,-0.05000000074505806,0.0,0.0,0.0,4,92.12335205078125
865.7700000000001,0.5408732130361564,1.8823648011289342,-0.05000000074505806,0.0,0.0,0.0,4,92.12335205078125
865.7700000000001,0.5408732130361564,1.8823648011289342,-0.05000000074505806,0.0,0.0,0.0,4,92.12335205078125
865.7700000000001,0.5408732130361564,1.8823648011289342,-0.05000000074505806,0.0,0.0,0.0,4,92.12335205078125
865.7700000000001,0.5408732130361564,1.8823648011289342,-0.05000000074505806,0.0,0.0,0.0,4,92.12335205078125
865.87,0.5408732130361564,1.8823648011289342,-0.05000000074505806,0.0,0.0,0.0,4,92.12335205078125
865.87,0.5407421920623776,1.884057879044093,-0.05000000074505806,0.0,0.0,0.0,4,92.12335205078125
865.87,0.5407421920623776,1.884057879044093,-0.05000000074505806,0.0,0.0,0.0,4,92.12335205078125
865.87,0.5407421920623776,1.884057879044093,-0.05000000074505806,0.0,0.0,0.0,4,92.12335205078125
865.87,0.5407421920623776,1.884057879044093,-0.05000000074505806,0.0,0.0,0.0,4,92.12335205078125
865.87,0.5406110161787498,1.8857533539061622,-0.05000000074505806,0.0,0.0,0.0,4,92.12335205078125
865.87,0.5406110161787498,1.8857533539061622,-0.05000000074505806,0.0,0.0,0.0,4,92.12335205078125
865.87,0.5406110161787498,1.8857533539061622,-0.05000000074505806,0.0,0.0,0.0,4,92.12335205078125
865.87,0.5404796910180226,1.8874512237486194,-0.05000000074505806,0.0,0.0,0.0,4,92.12335205078125
865.87,0.5404796910180226,1.8874512237486194,-0.05000000074505806,0.0,0.0,0.0,4,92.12335205078125
865.87,0.5404796910180226,1.8874512237486194,-0.05000000074505806,0.0,0.0,0.0,4,92.12335205078125
865.97,0.5404796910180226,1.8874512237486194,-0.05000000074505806,0.0,0.0,0.0,4,92.12335205078125
865.97,0.5404796910180226,1.8874512237486194,-0.05000000074505806,0.0,0.0,0.0,4,92.12335205078125
865.97,0.5403482215168589,1.8891514904572728,-0.05000000074505806,0.0,0.0,0.0,4,92.12335205078125
865.97,0.5403482215168589,1.8891514904572728,-0.05000000074505806,0.0,0.0,0.0,4,92.12335205078125
865.97,0.5403482215168589,1.8891514904572728,-0.05000000074505806,0.0,0.0,0.0,4,92.12335205078125
865.97,0.5402165028520153,1.8908537818483564,-0.05000000074505806,0.0,0.0,0.0,4,92.12335205078125
865.97,0.5402165028520153,1.8908537818483564,-0.05000000074505806,0.0,0.0,0.0,4,92.12335205078125
865.97,0.5402165028520153,1.8908537818483564,-0.05000000074505806,0.0,0.0,0.0,4,92.12335205078125
865.97,0.5400845237879333,1.8925567628892053,-0.05000000074505806,0.0,0.0,0.0,4,92.12335205078125
865.97,0.5400845237879333,1.8925567628892053,-0.05000000074505806,0.0,0.0,0.0,4,92.12335205078125
866.07,0.5400845237879333,1.8925567628892053,-0.05000000074505806,0.0,0.0,0.0,4,92.12335205078125
866.07,0.5400845237879333,1.8925567628892053,-0.05000000074505806,0.0,0.0,0.0,4,92.097900390625
866.07,0.5400845237879333,1.8925567628892053,-0.05000000074505806,0.0,0.0,0.0,4,92.097900390625
866.07,0.5399528174819793,1.894259724213531,-0.05000000074505806,0.0,0.0,0.0,4,92.097900390625
866.07,0.5399528174819793,1.894259724213531,-0.05000000074505806,0.0,0.0,0.0,4,92.097900390625
866.07,0.5399528174819793,1.894259724213531,-0.05000000074505806,0.0,0.0,0.0,4,92.097900390625
866.07,0.5399528174819793,1.894259724213531,-0.05000000074505806,0.0,0.0,0.0,4,92.097900390625
866.07,0.5398212797172625,1.8959615199050537,-0.05000000074505806,0.0,0.0,0.0,4,92.097900390625
866.07,0.5398212797172625,1.8959615199050537,-0.05000000074505806,0.0,0.0,0.0,4,92.097900390625
866.07,0.53968989202978,1.8976622833689982,-0.05000000074505806,0.0,0.0,0.0,4,92.097900390625
866.07,0.53968989202978,1.8976622833689982,-0.05000000074505806,0.0,0.0,0.0,4,92.097900390625
866.07,0.53968989202978,1.8976622833689982,-0.05000000074505806,0.0,0.0,0.0,4,92.097900390625
866.1700000000001,0.53968989202978,1.8976622833689982,-0.05000000074505806,0.0,0.0,0.0,4,92.097900390625
866.1700000000001,0.53968989202978,1.8976622833689982,-0.05000000074505806,0.0,0.0,0.0,4,92.097900390625
866.1700000000001,0.5395586078535224,1.899361993592967,-0.05000000074505806,0.0,0.0,0.0,4,92.097900390625
866.1700000000001,0.5395586078535224,1.899361993592967,-0.05000000074505806,0.0,0.0,0.0,4,92.097900390625
866.1700000000001,0.5395586078535224,1.899361993592967,-0.05000000074505806,0.0,0.0,0.0,4,92.097900390625
866.1700000000001,0.5395586078535224,1.899361993592967,-0.05000000074505806,0.0,0.0,0.0,4,92.097900390625
866.1700000000001,0.5394274305319618,1.901060661941042,-0.05000000074505806,0.0,0.0,0.0,4,92.097900390625
866.1700000000001,0.5394274305319618,1.901060661941042,-0.05000000074505806,0.0,0.0,0.0,4,92.097900390625
866.1700000000001,0.5394274305319618,1.901060661941042,-0.05000000074505806,0.0,0.0,0.0,4,92.097900390625
866.1700000000001,0.5394274305319618,1.901060661941042,-0.05000000074505806,0.0,0.0,0.0,4,92.097900390625
866.1700000000001,0.5392963550889008,1.9027583002524284,-0.05000000074505806,0.0,0.0,0.0,4,92.097900390625
866.2700000000001,0.5392963550889008,1.9027583002524284,-0.05000000074505806,0.0,0.0,0.0,4,92.097900390625
866.2700000000001,0.5392963550889008,1.9027583002524284,-0.05000000074505806,0.0,0.0,0.0,4,92.097900390625
866.2700000000001,0.5391653719590038,1.9044549167374714,-0.05000000074505806,0.0,0.0,0.0,4,92.097900390625
866.2700000000001,0.5391653719590038,1.9044549167374714,-0.05000000074505806,0.0,0.0,0.0,4,92.097900390625
866.2700000000001,0.5391653719590038,1.9044549167374714,-0.05000000074505806,0.0,0.0,0.0,4,92.097900390625
866.2700000000001,0.5391653719590038,1.9044549167374714,-0.05000000074505806,0.0,0.0,0.0,4,92.097900390625
866.2700000000001,0.5391653719590038,1.9044549167374714,-0.05000000074505806,0.0,0.0,0.0,4,92.097900390625
866.2700000000001,0.5391653719590038,1.9044549167374714,-0.05000000074505806,0.0,0.0,0.0,4,92.097900390625
866.2700000000001,0.5391653719590038,1.9044549167374714,-0.05000000074505806,0.0,0.0,0.0,4,92.097900390625
866.2700000000001,0.5391653719590038,1.9044549167374714,-0.05000000074505806,0.0,0.0,0.0,4,92.097900390625
866.2700000000001,0.5390344510334242,1.9061504921580583,-0.05000000074505806,0.0,0.0,0.0,4,92.097900390625
866.2700000000001,0.5390344510334242,1.9061504921580583,-0.05000000074505806,0.0,0.0,0.0,4,92.097900390625
866.2700000000001,0.5390344510334242,1.9061504921580583,-0.05000000074505806,0.0,0.0,0.0,4,92.097900390625
866.2700000000001,0.5390344510334242,1.9061504921580583,-0.05000000074505806,0.0,0.0,0.0,4,92.097900390625
866.2700000000001,0.5389036106352597,1.9078450405666108,-0.05000000074505806,0.0,0.0,0.0,4,92.097900390625
866.2700000000001,0.5389036106352597,1.9078450405666108,-0.05000000074505806,0.0,0.0,0.0,4,92.097900390625
866.37,0.5389036106352597,1.9078450405666108,-0.05000000074505806,0.0,0.0,0.0,4,92.097900390625
866.37,0.5387728650574777,1.9095385713879678,-0.05000000074505806,0.0,0.0,0.0,4,92.097900390625
866.37,0.5387728650574777,1.9095385713879678,-0.05000000074505806,0.0,0.0,0.0,4,92.097900390625
866.37,0.5387728650574777,1.9095385713879678,-0.05000000074505806,0.0,0.0,0.0,4,92.097900390625
866.37,0.5387728650574777,1.9095385713879678,-0.05000000074505806,0.0,0.0,0.0,4,92.097900390625
866.37,0.5387728650574777,1.9095385713879678,-0.05000000074505806,0.0,0.0,0.0,4,92.097900390625
866.37,0.5387728650574777,1.9095385713879678,-0.05000000074505806,0.0,0.0,0.0,4,92.097900390625
866.37,0.538642215054113,1.91123108454083,-0.05000000074505806,0.0,0.0,0.0,4,92.097900390625
866.37,0.538642215054113,1.91123108454083,-0.05000000074505806,0.0,0.0,0.0,4,92.097900390625
866.37,0.538642215054113,1.91123108454083,-0.05000000074505806,0.0,0.0,0.0,4,92.097900390625
866.37,0.538642215054113,1.91123108454083,-0.05000000074505806,0.0,0.0,0.0,4,92.097900390625
866.37,0.5385116681874426,1.9129225931872653,-0.05000000074505806,0.0,0.0,0.0,4,92.097900390625
866.37,0.5385116681874426,1.9129225931872653,-0.05000000074505806,0.0,0.0,0.0,4,92.097900390625
866.47,0.5385116681874426,1.9129225931872653,-0.05000000074505806,0.0,0.0,0.0,4,92.097900390625
866.47,0.5385116681874426,1.9129225931872653,-0.05000000074505806,0.0,0.0,0.0,4,92.097900390625
866.47,0.5385116681874426,1.9129225931872653,-0.05000000074505806,0.0,0.0,0.0,4,92.097900390625
866.47,0.5383812139309538,1.9146130982065805,-0.05000000074505806,0.0,0.0,0.0,4,92.097900390625
866.47,0.5383812139309538,1.9146130982065805,-0.05000000074505806,0.0,0.0,0.0,4,92.097900390625
866.47,0.5383812139309538,1.9146130982065805,-0.05000000074505806,0.0,0.0,0.0,4,92.097900390625
866.47,0.5382508482325022,1.9163026054232575,-0.05000000074505806,0.0,0.0,0.0,4,92.097900390625
866.47,0.5382508482325022,1.9163026054232575,-0.05000000074505806,0.0,0.0,0.0,4,92.097900390625
866.47,0.5382508482325022,1.9163026054232575,-0.05000000074505806,0.0,0.0,0.0,4,92.097900390625
866.47,0.5382508482325022,1.9163026054232575,-0.05000000074505806,0.0,0.0,0.0,4,92.097900390625
866.47,0.5382508482325022,1.9163026054232575,-0.05000000074505806,0.0,0.0,0.0,4,92.097900390625
866.47,0.5381205694539755,1.917991120469331,-0.05000000074505806,0.0,0.0,0.0,4,92.097900390625
866.57,0.5381205694539755,1.917991120469331,-0.05000000074505806,0.0,0.0,0.0,4,92.0723876953125
866.57,0.5381205694539755,1.917991120469331,-0.05000000074505806,0.0,0.0,0.0,4,92.0723876953125
866.57,0.5381205694539755,1.917991120469331,-0.05000000074505806,0.0,0.0,0.0,4,92.0723876953125
866.57,0.5379904304328673,1.9196787606959054,-0.05000000074505806,0.0,0.0,0.0,4,92.0723876953125
866.57,0.5379904304328673,1.9196787606959054,-0.05000000074505806,0.0,0.0,0.0,4,92.0723876953125
866.57,0.5379904304328673,1.9196787606959054,-0.05000000074505806,0.0,0.0,0.0,4,92.0723876953125
866.57,0.5379904304328673,1.9196787606959054,-0.05000000074505806,0.0,0.0,0.0,4,92.0723876953125
866.57,0.5378602840374699,1.9213666144781343,-0.05000000074505806,0.0,0.0,0.0,4,92.0723876953125
866.57,0.5378602840374699,1.9213666144781343,-0.05000000074505806,0.0,0.0,0.0,4,92.0723876953125
866.57,0.5378602840374699,1.9213666144781343,-0.05000000074505806,0.0,0.0,0.0,4,92.0723876953125
866.57,0.5378602840374699,1.9213666144781343,-0.05000000074505806,0.0,0.0,0.0,4,92.0723876953125
866.57,0.5377300631429787,1.9230555936443172,-0.05000000074505806,0.0,0.0,0.0,4,92.0723876953125
866.6700000000001,0.5377300631429787,1.9230555936443172,-0.05000000074505806,0.0,0.0,0.0,4,92.0723876953125
866.6700000000001,0.537599759484351,1.9247464547238111,-0.05000000074505806,0.0,0.0,0.0,4,92.0723876953125
866.6700000000001,0.537599759484351,1.9247464547238111,-0.05000000074505806,0.0,0.0,0.0,4,92.0723876953125
866.6700000000001,0.537599759484351,1.9247464547238111,-0.05000000074505806,0.0,0.0,0.0,4,92.0723876953125
866.6700000000001,0.537599759484351,1.9247464547238111,-0.05000000074505806,0.0,0.0,0.0,4,92.0723876953125
866.6700000000001,0.537599759484351,1.9247464547238111,-0.05000000074505806,0.0,0.0,0.0,4,92.0723876953125
866.6700000000001,0.537599759484351,1.9247464547238111,-0.05000000074505806,0.0,0.0,0.0,4,92.0723876953125
866.6700000000001,0.5374692157707822,1.926439544063453,-0.05000000074505806,0.0,0.0,0.0,4,92.0723876953125
866.6700000000001,0.5374692157707822,1.926439544063453,-0.05000000074505806,0.0,0.0,0.0,4,92.0723876953125
866.6700000000001,0.5374692157707822,1.926439544063453,-0.05000000074505806,0.0,0.0,0.0,4,92.0723876953125
866.6700000000001,0.5373384801033462,1.9281350782450402,-0.05000000074505806,0.0,0.0,0.0,4,92.0723876953125
866.6700000000001,0.5373384801033462,1.9281350782450402,-0.05000000074505806,0.0,0.0,0.0,4,92.0723876953125
866.6700000000001,0.5373384801033462,1.9281350782450402,-0.05000000074505806,0.0,0.0,0.0,4,92.0723876953125
866.7700000000001,0.5373384801033462,1.9281350782450402,-0.05000000074505806,0.0,0.0,0.0,4,92.0723876953125
866.7700000000001,0.5373384801033462,1.9281350782450402,-0.05000000074505806,0.0,0.0,0.0,4,92.0723876953125
866.7700000000001,0.5372074815811486,1.9298328094918447,-0.05000000074505806,0.0,0.0,0.0,4,92.0723876953125
866.7700000000001,0.5372074815811486,1.9298328094918447,-0.05000000074505806,0.0,0.0,0.0,4,92.0723876953125
866.7700000000001,0.5372074815811486,1.9298328094918447,-0.05000000074505806,0.0,0.0,0.0,4,92.0723876953125
866.7700000000001,0.5372074815811486,1.9298328094918447,-0.05000000074505806,0.0,0.0,0.0,4,92.0723876953125
866.7700000000001,0.5370764102560139,1.9315322428139126,-0.05000000074505806,0.0,0.0,0.0,4,92.0723876953125
866.7700000000001,0.5370764102560139,1.9315322428139126,-0.05000000074505806,0.0,0.0,0.0,4,92.0723876953125
866.7700000000001,0.5370764102560139,1.9315322428139126,-0.05000000074505806,0.0,0.0,0.0,4,92.0723876953125
866.7700000000001,0.5370764102560139,1.9315322428139126,-0.05000000074505806,0.0,0.0,0.0,4,92.0723876953125
866.7700000000001,0.5369453349070265,1.9332326704543907,-0.05000000074505806,0.0,0.0,0.0,4,92.0723876953125
866.87,0.5369453349070265,1.9332326704543907,-0.05000000074505806,0.0,0.0,0.0,4,92.0723876953125
866.87,0.5369453349070265,1.9332326704543907,-0.05000000074505806,0.0,0.0,0.0,4,92.0723876953125
866.87,0.5369453349070265,1.9332326704543907,-0.05000000074505806,0.0,0.0,0.0,4,92.0723876953125
866.87,0.5368141099848084,1.9349332615780492,-0.05000000074505806,0.0,0.0,0.0,4,92.0723876953125
866.87,0.5368141099848084,1.9349332615780492,-0.05000000074505806,0.0,0.0,0.0,4,92.0723876953125
866.87,0.5366830794967761,1.9366334771513969,-0.05000000074505806,0.0,0.0,0.0,4,92.0723876953125
866.87,0.5366830794967761,1.9366334771513969,-0.05000000074505806,0.0,0.0,0.0,4,92.0723876953125
866.87,0.5366830794967761,1.9366334771513969,-0.05000000074505806,0.0,0.0,0.0,4,92.0723876953125
866.87,0.5366830794967761,1.9366334771513969,-0.05000000074505806,0.0,0.0,0.0,4,92.0723876953125
866.97,0.5365520938280455,1.938332567702658,-0.05000000074505806,0.0,0.0,0.0,4,92.0723876953125
866.97,0.5365520938280455,1.938332567702658,-0.05000000074505806,0.0,0.0,0.0,4,92.0723876953125
866.97,0.5365520938280455,1.938332567702658,-0.05000000074505806,0.0,0.0,0.0,4,92.0723876953125
866.97,0.5365520938280455,1.938332567702658,-0.05000000074505806,0.0,0.0,0.0,4,92.0723876953125
866.97,0.5364212462981826,1.9400306305261632,-0.05000000074505806,0.0,0.0,0.0,4,92.0723876953125
866.97,0.5364212462981826,1.9400306305261632,-0.05000000074505806,0.0,0.0,0.0,4,92.0723876953125
866.97,0.5364212462981826,1.9400306305261632,-0.05000000074505806,0.0,0.0,0.0,4,92.0723876953125
866.97,0.5362904845203316,1.9417276715876903,-0.05000000074505806,0.0,0.0,0.0,4,92.0723876953125
866.97,0.5362904845203316,1.9417276715876903,-0.05000000074505806,0.0,0.0,0.0,4,92.0723876953125
866.97,0.5362904845203316,1.9417276715876903,-0.05000000074505806,0.0,0.0,0.0,4,92.0723876953125
866.97,0.5362904845203316,1.9417276715876903,-0.05000000074505806,0.0,0.0,0.0,4,92.0723876953125
866.97,0.5362904845203316,1.9417276715876903,-0.05000000074505806,0.0,0.0,0.0,4,92.0723876953125
866.97,0.5362904845203316,1.9417276715876903,-0.05000000074505806,0.0,0.0,0.0,4,92.0723876953125
867.07,0.5361598002354975,1.943423688091029,-0.05000000074505806,0.0,0.0,0.0,4,92.0723876953125
867.07,0.5361598002354975,1.943423688091029,-0.05000000074505806,0.0,0.0,0.0,4,92.048583984375
867.07,0.5361598002354975,1.943423688091029,-0.05000000074505806,0.0,0.0,0.0,4,92.048583984375
867.07,0.5360291735762273,1.9451186647480652,-0.05000000074505806,0.0,0.0,0.0,4,92.048583984375
867.07,0.5360291735762273,1.9451186647480652,-0.05000000074505806,0.0,0.0,0.0,4,92.048583984375
867.07,0.5360291735762273,1.9451186647480652,-0.05000000074505806,0.0,0.0,0.0,4,92.048583984375
867.07,0.5360291735762273,1.9451186647480652,-0.05000000074505806,0.0,0.0,0.0,4,92.048583984375
867.07,0.5360291735762273,1.9451186647480652,-0.05000000074505806,0.0,0.0,0.0,4,92.048583984375
867.07,0.5360291735762273,1.9451186647480652,-0.05000000074505806,0.0,0.0,0.0,4,92.048583984375
867.07,0.5358986365001671,1.9468126331430173,-0.05000000074505806,0.0,0.0,0.0,4,92.048583984375
867.07,0.5358986365001671,1.9468126331430173,-0.05000000074505806,0.0,0.0,0.0,4,92.048583984375
867.07,0.5358986365001671,1.9468126331430173,-0.05000000074505806,0.0,0.0,0.0,4,92.048583984375
867.1700000000001,0.5357681768301293,1.9485055829083848,-0.05000000074505806,0.0,0.0,0.0,4,92.048583984375
867.1700000000001,0.5357681768301293,1.9485055829083848,-0.05000000074505806,0.0,0.0,0.0,4,92.048583984375
867.1700000000001,0.5357681768301293,1.9485055829083848,-0.05000000074505806,0.0,0.0,0.0,4,92.048583984375
867.1700000000001,0.5357681768301293,1.9485055829083848,-0.05000000074505806,0.0,0.0,0.0,4,92.048583984375
867.1700000000001,0.5356378124063057,1.9501975324530132,-0.05000000074505806,0.0,0.0,0.0,4,92.048583984375
867.1700000000001,0.5356378124063057,1.9501975324530132,-0.05000000074505806,0.0,0.0,0.0,4,92.048583984375
867.1700000000001,0.5356378124063057,1.9501975324530132,-0.05000000074505806,0.0,0.0,0.0,4,92.048583984375
867.1700000000001,0.5356378124063057,1.9501975324530132,-0.05000000074505806,0.0,0.0,0.0,4,92.048583984375
867.1700000000001,0.5355075296999388,1.951888474505614,-0.05000000074505806,0.0,0.0,0.0,4,92.048583984375
867.1700000000001,0.5355075296999388,1.951888474505614,-0.05000000074505806,0.0,0.0,0.0,4,92.048583984375
867.2700000000001,0.5355075296999388,1.951888474505614,-0.05000000074505806,0.0,0.0,0.0,4,92.048583984375
867.2700000000001,0.5353773367455605,1.953578551113962,-0.05000000074505806,0.0,0.0,0.0,4,92.048583984375
867.2700000000001,0.5353773367455605,1.953578551113962,-0.05000000074505806,0.0,0.0,0.0,4,92.048583984375
867.2700000000001,0.5353773367455605,1.953578551113962,-0.05000000074505806,0.0,0.0,0.0,4,92.048583984375
867.2700000000001,0.5353773367455605,1.953578551113962,-0.05000000074505806,0.0,0.0,0.0,4,92.048583984375
867.2700000000001,0.5352471678460874,1.9552686415925853,-0.05000000074505806,0.0,0.0,0.0,4,92.048583984375
867.2700000000001,0.5352471678460874,1.9552686415925853,-0.05000000074505806,0.0,0.0,0.0,4,92.048583984375
867.2700000000001,0.5352471678460874,1.9552686415925853,-0.05000000074505806,0.0,0.0,0.0,4,92.048583984375
867.2700000000001,0.5352471678460874,1.9552686415925853,-0.05000000074505806,0.0,0.0,0.0,4,92.048583984375
867.2700000000001,0.5352471678460874,1.9552686415925853,-0.05000000074505806,0.0,0.0,0.0,4,92.048583984375
867.2700000000001,0.5351169820452084,1.9569592709021022,-0.05000000074505806,0.0,0.0,0.0,4,92.048583984375
867.2700000000001,0.5351169820452084,1.9569592709021022,-0.05000000074505806,0.0,0.0,0.0,4,92.048583984375
867.2700000000001,0.5351169820452084,1.9569592709021022,-0.05000000074505806,0.0,0.0,0.0,4,92.048583984375
867.37,0.5351169820452084,1.9569592709021022,-0.05000000074505806,0.0,0.0,0.0,4,92.048583984375
867.37,0.534986659783148,1.9586510579501797,-0.05000000074505806,0.0,0.0,0.0,4,92.048583984375
867.37,0.534986659783148,1.9586510579501797,-0.05000000074505806,0.0,0.0,0.0,4,92.048583984375
867.37,0.534986659783148,1.9586510579501797,-0.05000000074505806,0.0,0.0,0.0,4,92.048583984375
867.37,0.534986659783148,1.9586510579501797,-0.05000000074505806,0.0,0.0,0.0,4,92.048583984375
867.37,0.5348562279855265,1.960344253926065,-0.05000000074505806,0.0,0.0,0.0,4,92.048583984375
867.37,0.5348562279855265,1.960344253926065,-0.05000000074505806,0.0,0.0,0.0,4,92.048583984375
867.37,0.5348562279855265,1.960344253926065,-0.05000000074505806,0.0,0.0,0.0,4,92.048583984375
867.37,0.5348562279855265,1.960344253926065,-0.05000000074505806,0.0,0.0,0.0,4,92.048583984375
867.37,0.5347257113649981,1.9620390084435495,-0.05000000074505806,0.0,0.0,0.0,4,92.048583984375
867.37,0.5347257113649981,1.9620390084435495,-0.05000000074505806,0.0,0.0,0.0,4,92.048583984375
867.47,0.5347257113649981,1.9620390084435495,-0.05000000074505806,0.0,0.0,0.0,4,92.048583984375
867.47,0.5345950194827359,1.96373530733033,-0.05000000074505806,0.0,0.0,0.0,4,92.048583984375
867.47,0.5345950194827359,1.96373530733033,-0.05000000074505806,0.0,0.0,0.0,4,92.048583984375
867.47,0.5345950194827359,1.96373530733033,-0.05000000074505806,0.0,0.0,0.0,4,92.048583984375
867.47,0.5345950194827359,1.96373530733033,-0.05000000074505806,0.0,0.0,0.0,4,92.048583984375
867.47,0.5344642081308983,1.9654328619247157,-0.05000000074505806,0.0,0.0,0.0,4,92.048583984375
867.47,0.5344642081308983,1.9654328619247157,-0.05000000074505806,0.0,0.0,0.0,4,92.048583984375
867.47,0.5344642081308983,1.9654328619247157,-0.05000000074505806,0.0,0.0,0.0,4,92.048583984375
867.47,0.5344642081308983,1.9654328619247157,-0.05000000074505806,0.0,0.0,0.0,4,92.048583984375
867.47,0.5343333976796142,1.9671313133928623,-0.05000000074505806,0.0,0.0,0.0,4,92.048583984375
867.47,0.5343333976796142,1.9671313133928623,-0.05000000074505806,0.0,0.0,0.0,4,92.048583984375
867.57,0.5343333976796142,1.9671313133928623,-0.05000000074505806,0.0,0.0,0.0,4,92.02310180664062
